Step,Time,Mean_Male_Trait_1,Mean_Male_Trait_2,Mean_Male_Trait_3,Mean_Female_Trait_1,Mean_Female_Trait_2,Mean_Female_Trait_3,Var_Male_Trait_1,Var_Male_Trait_2,Var_Male_Trait_3,Var_Female_Trait_1,Var_Female_Trait_2,Var_Female_Trait_3,Mean_Female_Pref_1,Mean_Female_Pref_2,Mean_Female_Pref_3,Trait_Pref_Gap_1,Trait_Pref_Gap_2,Trait_Pref_Gap_3,Male_Count,Female_Count,Mean_Male_Energy,Mean_Female_Energy,Avg_Age,Population_Count,Total_Food
0,0.0,0.52404,0.56728,0.52908,0.48888000000000004,0.44744,0.40328,0.0789613184,0.07500604159999999,0.06617815360000001,0.09127018560000001,0.0796716864,0.0753916416,0.45643999999999996,0.3815199999999999,0.51984,0.0676,0.1857600000000001,0.009240000000000026,25,25,0.85,0.85,50.8,50,50
1,1.0,0.5159999999999999,0.5698846153846154,0.5229230769230769,0.48888000000000004,0.44744,0.40328,0.07754038461538462,0.07229079437869822,0.0645805325443787,0.09127018560000001,0.0796716864,0.0753916416,0.45643999999999996,0.3815199999999999,0.51984,0.059559999999999946,0.18836461538461552,0.003083076923076966,26,25,0.8633180110205475,0.91,52.13725490196079,51,57
2,2.0,0.5172962962962963,0.5575555555555556,0.5327037037037038,0.48888000000000004,0.44744,0.40328,0.07471220850480112,0.0735655061728395,0.06467583813443073,0.09127018560000001,0.0796716864,0.0753916416,0.45643999999999996,0.3815199999999999,0.51984,0.0608562962962963,0.17603555555555567,0.012863703703703822,27,25,0.8372797757407116,0.9299999999999998,53.07692307692308,52,68
3,3.0,0.5156,0.5462000000000001,0.5176333333333334,0.48888000000000004,0.44744,0.40328,0.06986090666666668,0.06779596,0.060717165555555556,0.09127018560000001,0.0796716864,0.0753916416,0.45643999999999996,0.3815199999999999,0.51984,0.05915999999999999,0.16468000000000022,0.002206666666666579,30,25,0.8375683104305183,0.87,52.74545454545454,55,79
4,4.0,0.5156,0.5462000000000001,0.5176333333333334,0.4815555555555556,0.4651111111111112,0.4156666666666667,0.06986090666666668,0.06779596,0.060717165555555556,0.08518002469135803,0.07777483950617284,0.07172718518518519,0.4584074074074074,0.39303703703703696,0.5405555555555556,0.05719259259259257,0.15316296296296317,0.022922222222222177,30,27,0.8213352503511172,0.9425925925925925,53.91228070175438,57,85
5,5.0,0.5149032258064516,0.5485483870967742,0.5193225806451613,0.47509677419354845,0.46687096774193554,0.424,0.06762189386056192,0.06577444120707594,0.058844154006243495,0.07879273257023932,0.07746049947970864,0.06581161290322582,0.4818064516129032,0.4006129032258064,0.5478064516129032,0.03309677419354845,0.14793548387096783,0.028483870967741853,31,31,0.7920343776823062,0.880967741935484,54.17741935483871,62,95
6,6.0,0.5225142857142857,0.5211714285714285,0.5286285714285714,0.47252941176470586,0.46935294117647053,0.42123529411764704,0.061402649795918356,0.06790499918367347,0.05508194775510205,0.07260407266435986,0.07499216955017302,0.06325365051903115,0.4914117647058823,0.3983529411764706,0.5255294117647058,0.031102521008403383,0.12281848739495793,0.003099159663865647,35,34,0.7621873946906708,0.8158823529411765,54.10144927536232,69,104
7,7.0,0.5162307692307692,0.5147692307692309,0.5237435897435897,0.47072972972972965,0.4626756756756756,0.4219459459459459,0.05614063905325443,0.06352392110453647,0.052248857330703495,0.06783106208911613,0.07237638130021912,0.06404269978086195,0.4697837837837837,0.40951351351351356,0.5252432432432432,0.046446985446985445,0.10525571725571731,0.0014996534996535305,39,37,0.7345277580567495,0.7597297297297297,55.5,76,113
8,8.0,0.5162307692307692,0.5147692307692309,0.5237435897435897,0.46817073170731716,0.44999999999999996,0.42026829268292676,0.05614063905325443,0.06352392110453647,0.052248857330703495,0.06411643426531825,0.07044243902439024,0.0642550743604997,0.44897560975609757,0.3995853658536586,0.5139024390243903,0.06725515947467159,0.11518386491557225,0.009841150719199443,39,41,0.7441019467226667,0.7260975609756097,57.225,80,121
9,9.0,0.507609756097561,0.505780487804878,0.5104634146341464,0.4629761904761905,0.4317380952380953,0.4337857142857142,0.05603087209994051,0.06437246400951814,0.05373483402736466,0.062160928004535154,0.06458262188208616,0.05954073979591837,0.45347619047619053,0.40149999999999997,0.5048333333333334,0.05413356562137045,0.10428048780487809,0.005630081300812995,41,42,0.7790033579819681,0.7257142857142858,57.493975903614455,83,123
10,10.0,0.4993720930232558,0.51,0.5078837209302325,0.47006976744186046,0.42427906976744184,0.4396279069767441,0.05568251270957274,0.06183548837209304,0.05225773066522445,0.06232118117901569,0.06769745700378584,0.05965307084910762,0.45369767441860465,0.40025581395348836,0.513093023255814,0.04567441860465116,0.10974418604651165,0.005209302325581477,43,43,0.7787456872123445,0.7602325581395348,57.7906976744186,86,124
11,11.0,0.506906976744186,0.5100465116279068,0.4947906976744187,0.46736363636363637,0.43215909090909094,0.44563636363636355,0.054248782044348305,0.0618114862087615,0.05175593293672256,0.06121968595041321,0.0688289519628099,0.05984968595041322,0.4499318181818182,0.40759090909090906,0.5241590909090909,0.056975158562367845,0.10245560253699776,0.029368393234672163,43,44,0.7613339803680186,0.7881818181818182,58.2183908045977,87,130
12,12.0,0.4984680851063829,0.5180425531914892,0.510531914893617,0.4619782608695652,0.43593478260869567,0.4550869565217391,0.05416041919420553,0.06060706201901312,0.05292250430058851,0.05939410822306238,0.06906658270321359,0.05938499243856333,0.4362608695652174,0.4085652173913043,0.5351956521739131,0.062207215541165484,0.10947733580018487,0.024663737280296028,47,46,0.7995782011420838,0.7802173913043479,58.73118279569893,93,130
13,13.0,0.4995918367346939,0.5216938775510203,0.5096734693877552,0.4636530612244898,0.4485102040816327,0.4582448979591836,0.052196976259891704,0.05888384506455642,0.053570832153269465,0.056464757184506456,0.06319804581424407,0.05516912369845897,0.4361428571428571,0.40120408163265303,0.5425510204081633,0.06344897959183676,0.12048979591836723,0.032877551020408124,49,49,0.7770923687519059,0.7816326530612244,58.61224489795919,98,132
14,14.0,0.499625,0.5143571428571428,0.4885535714285715,0.4650000000000001,0.44480769230769235,0.4587692307692307,0.05181302008928572,0.05583722959183673,0.055429568558673474,0.054945692307692306,0.06277011686390531,0.05395179289940829,0.44819230769230767,0.4067884615384615,0.5339615384615384,0.05143269230769232,0.10756868131868136,0.0454079670329669,56,52,0.7620177093069211,0.7378846153846154,60.27777777777778,108,135
15,15.0,0.4932711864406779,0.5259491525423728,0.490271186440678,0.46498275862068966,0.43329310344827593,0.4579655172413793,0.052347553576558466,0.05561764148233266,0.053646672220626246,0.05210170659928657,0.059881034780023774,0.05321430915576694,0.4488965517241379,0.3949137931034482,0.5267758620689655,0.04437463471654002,0.13103535943892464,0.03650467562828752,59,58,0.7918323317813123,0.7487931034482758,60.58119658119658,117,129
16,16.0,0.4972698412698412,0.5133015873015874,0.48253968253968255,0.467327868852459,0.438655737704918,0.46455737704918026,0.05101207004283194,0.056530718568909046,0.05477716906021667,0.049993269551195915,0.062360192958882024,0.05209706638000537,0.4447377049180328,0.41086885245901644,0.525655737704918,0.05253213635180842,0.10243273484257093,0.04311605516523548,63,61,0.7721068898678876,0.7134426229508196,61.42741935483871,124,134
17,17.0,0.4954202898550724,0.5126231884057971,0.47802898550724643,0.467984375,0.441875,0.458625,0.04985633060281454,0.05455191598403697,0.052130984667086745,0.04937798413085938,0.060520734375,0.052054484375,0.46221875,0.4085625,0.51659375,0.033201539855072404,0.10406068840579713,0.038564764492753534,69,64,0.7387359301640489,0.7007812499999999,61.99248120300752,133,138
18,18.0,0.4944929577464788,0.511830985915493,0.48467605633802824,0.46828169014084514,0.44364788732394367,0.466549295774648,0.05004385558420948,0.05368343622297163,0.053313599285855995,0.0473589347351716,0.060597439396945035,0.05214182503471533,0.45204225352112676,0.40611267605633805,0.5257746478873239,0.04245070422535202,0.10571830985915498,0.04109859154929563,71,71,0.7342033881820359,0.7045070422535211,61.45070422535211,142,135
19,19.0,0.48905333333333334,0.5044399999999999,0.4701333333333333,0.47410666666666673,0.4433866666666667,0.46528,0.04953474382222222,0.05525381973333333,0.05439160888888889,0.046346495288888886,0.05988445048888889,0.051500361599999996,0.4566933333333333,0.41246666666666665,0.52564,0.032360000000000055,0.09197333333333324,0.055506666666666704,75,75,0.734714355593604,0.7003999999999999,62.16,150,133
20,20.0,0.48819512195121945,0.5047682926829268,0.4726463414634147,0.47074324324324324,0.4428783783783784,0.4620135135135135,0.047501181439619275,0.05206983655562165,0.052871984681737066,0.045705542184075965,0.05659864737034332,0.05332731062819576,0.44524324324324327,0.41124324324324324,0.5319594594594594,0.04295187870797618,0.09352504943968354,0.05931311799604472,82,74,0.7438918652481858,0.732162162162162,61.38461538461539,156,125
21,21.0,0.4876162790697674,0.5071511627906977,0.4762441860465117,0.4630909090909091,0.440935064935065,0.45688311688311695,0.04714560857220118,0.05067584924283396,0.05095767293131423,0.04545527744982291,0.05514013864058019,0.05267742789677855,0.4344675324675325,0.4068181818181818,0.5348181818181817,0.0531487466022349,0.10033298097251592,0.05857399577167005,86,77,0.7526697061131636,0.7045454545454545,61.7239263803681,163,126
22,22.0,0.48795555555555553,0.503,0.4736,0.4647349397590361,0.42716867469879527,0.44721686746987954,0.0461732424691358,0.05033197777777778,0.04967446222222222,0.04281123094788794,0.05635642938017129,0.05049477224560892,0.44609638554216874,0.4051084337349397,0.5297349397590363,0.04185917001338679,0.09789156626506029,0.05613493975903627,90,83,0.7364278599469268,0.6904819277108433,61.98843930635838,173,126
23,23.0,0.4922947368421052,0.48975789473684206,0.4668526315789474,0.46706896551724136,0.4193793103448276,0.4547701149425288,0.04645563944598338,0.05431310980609419,0.04881069407202216,0.04067502972651605,0.05651526991676574,0.05251865979653851,0.44580459770114944,0.3935632183908046,0.537712643678161,0.04649013914095573,0.09619467634603746,0.07086001209921355,95,87,0.7371603261719983,0.6667816091954021,62.57142857142857,182,124
24,24.0,0.498061224489796,0.4881530612244897,0.47478571428571426,0.4651458333333333,0.42409375,0.46216666666666667,0.04587777176176594,0.054055701062057475,0.049413535714285715,0.040866728732638885,0.05932837662760417,0.05230422222222222,0.44683333333333336,0.3940729166666667,0.54859375,0.051227891156462646,0.09408014455782299,0.07380803571428574,98,96,0.7157637305215448,0.6801041666666666,62.45360824742268,194,115
25,25.0,0.4969029126213593,0.4808058252427185,0.4700679611650485,0.4719509803921568,0.41839215686274506,0.46930392156862744,0.04569550513714769,0.054364797247619945,0.05106590800263928,0.03974447798923491,0.0608501599384852,0.050872289984621295,0.46006862745098037,0.39466666666666667,0.5532843137254901,0.036834285170378955,0.08613915857605181,0.08321635256044163,103,102,0.7104856682212382,0.6712745098039211,61.65853658536585,205,108
26,26.0,0.4933796296296296,0.4869166666666667,0.48021296296296295,0.4666448598130842,0.4161401869158878,0.4665607476635514,0.04624719847393689,0.0551559837962963,0.05013748242455418,0.03993035985675605,0.059736569132675346,0.050000489300375574,0.45829906542056076,0.39085046728971967,0.5464859813084112,0.035080564209068854,0.09606619937694705,0.06627301834544824,108,107,0.7018948382161435,0.674579439252336,61.646511627906975,215,101
27,27.0,0.49588990825688073,0.4845688073394495,0.4844036697247706,0.4633035714285714,0.40983035714285715,0.46637500000000004,0.04536806127430351,0.05597525443986196,0.050180497601212015,0.0390522649872449,0.05886692657844388,0.05040743080357143,0.44801785714285713,0.3806339285714286,0.5432142857142858,0.047872051114023595,0.10393487876802093,0.05881061598951515,109,112,0.68218251703828,0.6722321428571425,62.2579185520362,221,101
28,28.0,0.49250442477876105,0.47908849557522126,0.4838407079646017,0.46457377049180326,0.4014344262295082,0.4640327868852459,0.044360816352102754,0.05436365588534732,0.050858629493304094,0.03826973636119323,0.058587950618113414,0.048238408761085726,0.4471311475409836,0.3680901639344263,0.5439836065573772,0.045373277237777454,0.11099833164079498,0.060142898592775496,113,122,0.6984726122410593,0.6438524590163931,62.18723404255319,235,93
29,29.0,0.494656,0.474112,0.487328,0.4713111111111112,0.39484444444444444,0.45983703703703704,0.043052561664000004,0.051845715456,0.048586604416000004,0.037811962469135804,0.055721894320987654,0.046477128998628256,0.4522592592592592,0.3583851851851852,0.5396296296296297,0.04239674074074079,0.11572681481481478,0.0523016296296297,125,135,0.6744316317154733,0.5863703703703703,62.12307692307692,260,93
30,30.0,0.4967575757575758,0.46770454545454543,0.48093181818181824,0.4754236111111112,0.3891666666666666,0.46430555555555547,0.04359142607897153,0.05229337482782369,0.04803497262396694,0.0368775497202932,0.054019194444444446,0.04580701774691358,0.44981249999999995,0.34782638888888884,0.5392430555555556,0.04694507575757584,0.11987815656565659,0.05831123737373739,132,144,0.6454315761928002,0.5736805555555554,62.007246376811594,276,89
31,31.0,0.4996666666666666,0.4602971014492753,0.4777101449275363,0.47245512820512825,0.3878525641025641,0.46780128205128196,0.04251228019323671,0.053462034919134635,0.04686477105650073,0.03659208131985536,0.05414792057034845,0.04522022333168967,0.4539871794871795,0.3429102564102564,0.5472115384615385,0.04567948717948711,0.11738684503901892,0.0695013935340022,138,156,0.6381747543533448,0.5668589743589743,62.39115646258504,294,78
32,32.0,0.4997862068965517,0.45720689655172414,0.47663448275862064,0.47814465408805035,0.3893584905660377,0.47338364779874215,0.04155845774078479,0.05288296409036861,0.04637099053507729,0.036710199200980974,0.05324611676753293,0.04537709180807722,0.4524842767295597,0.3433396226415094,0.5574716981132076,0.04730193016699197,0.11386727391021473,0.08083721535458699,145,159,0.6286750555906392,0.5442767295597484,62.25,304,72
33,33.0,0.4969032258064517,0.4552903225806451,0.4673096774193548,0.47816265060240953,0.3902349397590361,0.47946385542168674,0.03998629386056192,0.049601599583766906,0.0443182137773153,0.03507991932791407,0.05407498697198432,0.04498680291043693,0.45065662650602406,0.34470481927710844,0.5634578313253013,0.04624659930042763,0.11058550330353667,0.09614815390594644,155,166,0.611029771432717,0.5396987951807227,62.31152647975078,321,62
34,34.0,0.49553164556962015,0.4524683544303798,0.46613924050632904,0.4791520467836257,0.395280701754386,0.4791461988304093,0.039767021150456654,0.0493724008972921,0.04407284137157507,0.03457583653089839,0.05446759372114497,0.045875048801340586,0.4488713450292397,0.3496023391812865,0.5615438596491228,0.04666030054038045,0.10286601524909328,0.09540461914279375,158,171,0.5875927170147311,0.5474853801169589,62.5531914893617,329,55
35,35.0,0.4943253012048192,0.4500301204819278,0.46440963855421696,0.4841751412429379,0.3917175141242938,0.47949152542372886,0.03834207490201771,0.04965896897227464,0.04539095267818261,0.035003850681477225,0.05473202189664528,0.04524148156659963,0.45470056497175143,0.3461694915254237,0.5576384180790961,0.03962473623306778,0.10386062895650411,0.09322877952487912,166,177,0.579194089938835,0.5525423728813557,62.606413994169095,343,42
36,36.0,0.48976363636363635,0.4528666666666666,0.46478181818181813,0.48410326086956523,0.39156521739130434,0.4801195652173913,0.036885041101928376,0.0494759701010101,0.045954546336088156,0.0347023534676276,0.05564756096408318,0.04463448570415878,0.4602989130434782,0.3459402173913043,0.554125,0.029464723320158148,0.10692644927536227,0.08934318181818185,165,184,0.5757376570916952,0.554782608695652,62.97994269340974,349,32
37,37.0,0.48704678362573095,0.4532690058479532,0.472187134502924,0.48440526315789467,0.39243157894736846,0.4818,0.03572422003351459,0.04766609137854382,0.04605704100406963,0.03393875681440443,0.05737078216066482,0.04384324421052632,0.4619157894736843,0.34560526315789475,0.5573368421052632,0.02513099415204667,0.10766374269005846,0.08514970760233925,171,190,0.5539152919825198,0.5464210526315788,63.65373961218837,361,24
38,38.0,0.48483431952662714,0.4563550295857989,0.46953254437869824,0.48860103626943,0.3948652849740933,0.4821865284974094,0.03519358201743636,0.04565014614334232,0.045401728230804246,0.03217518279685361,0.058265028483986146,0.04299716727965852,0.4584352331606218,0.3435492227979275,0.5563056994818653,0.026399086366005353,0.11280580678787139,0.08677315510316702,169,193,0.5658663086509359,0.5273056994818651,63.43370165745856,362,21
39,39.0,0.48289017341040463,0.4601387283236995,0.47061271676300576,0.4915989847715736,0.3913705583756345,0.48259390862944174,0.0338245948745364,0.04490521774867186,0.04528509278626081,0.032257925481202814,0.05900368502151563,0.042264708186245455,0.4623959390862945,0.34134010152284266,0.5563502538071066,0.020494234324110128,0.11879862680085684,0.08573753704410081,173,197,0.5650408341934613,0.5137563451776649,64.05135135135136,370,16
40,40.0,0.47536046511627905,0.45439534883720933,0.4658779069767442,0.49792500000000006,0.39045500000000005,0.48385000000000006,0.03219452122769065,0.046234553001622505,0.043831758349107616,0.032130309375,0.059098727974999994,0.0425788675,0.47167500000000007,0.34212000000000004,0.557575,0.0036854651162789853,0.1122753488372093,0.09169709302325585,172,200,0.5643803670642513,0.4999999999999998,63.723118279569896,372,18
41,41.0,0.47049438202247196,0.4584438202247191,0.4729662921348315,0.4984179104477612,0.38842288557213933,0.48492039800995024,0.03029495783360687,0.04585788729327105,0.044821414594116905,0.031499974604589,0.05918986594391228,0.042253157842627655,0.475363184079602,0.34739303482587064,0.5513432835820895,0.004868802057130028,0.11105078539884844,0.07837699144725802,178,201,0.545215395974183,0.4762686567164177,63.696569920844325,379,19
42,42.0,0.4746610169491525,0.4510790960451978,0.46811864406779663,0.4984558823529412,0.3916764705882353,0.4854705882352941,0.030701580005745476,0.0452025813144371,0.042732262759743365,0.031249630406574396,0.059573934544406,0.042163602076124566,0.4757892156862744,0.35085294117647065,0.5491911764705882,0.0011281987371218882,0.10022615486872716,0.08107253240279161,177,204,0.5427714091517799,0.46009803921568615,64.31496062992126,381,21
43,43.0,0.47425568181818184,0.4521590909090909,0.47427272727272723,0.5006666666666667,0.3892380952380952,0.4836428571428572,0.030080576672262396,0.04632321332644628,0.04215056198347107,0.0308374126984127,0.05885481950113379,0.04223966768707483,0.4764571428571429,0.34891428571428573,0.5489952380952381,0.0022014610389610723,0.10324480519480517,0.07472251082251086,176,210,0.5366718022652893,0.4494285714285713,65.0880829015544,386,21
44,44.0,0.47626589595375723,0.45356069364161844,0.4715202312138728,0.4979814814814815,0.39061574074074074,0.48050000000000004,0.029658842594139465,0.0461210324434495,0.040558110862374284,0.031086768175582993,0.05738863475222908,0.04254462962962963,0.47724074074074074,0.34691666666666665,0.5455925925925925,0.0009748447869835086,0.10664402697495179,0.0740723613787197,173,216,0.5277088274218823,0.4335185185185183,65.59383033419023,389,21
45,45.0,0.4740867052023121,0.4512601156069363,0.47478612716763,0.5008584474885844,0.3926347031963471,0.47973515981735165,0.029357639881051823,0.046651649102876794,0.04073412188846937,0.030710587268822587,0.056488469297971265,0.0420173545172119,0.48483105022831047,0.34869406392694063,0.548068493150685,0.010744345025998359,0.10256605167999566,0.07328236598305493,173,219,0.5181897889531932,0.42963470319634683,65.96173469387755,392,20
46,46.0,0.46895454545454546,0.45569886363636364,0.4766704545454546,0.5012237442922375,0.39500456621004565,0.4833515981735159,0.02765865702479339,0.04535390363507231,0.04030576639979339,0.030463360897395802,0.05619906390609038,0.04123339692666959,0.4849771689497717,0.34776255707762554,0.5517762557077626,0.016022623495226263,0.1079363065587381,0.07510580116230797,176,219,0.5170078310707652,0.4179452054794519,64.96455696202531,395,18
47,47.0,0.4730166666666667,0.44710000000000005,0.4751944444444444,0.49716894977168946,0.39292694063926936,0.4859132420091324,0.027548738611111113,0.04564990111111111,0.039005067746913584,0.029603720314422134,0.05620967502762662,0.04016853585204646,0.4900365296803652,0.3537397260273973,0.5552694063926941,0.01701986301369851,0.09336027397260277,0.08007496194824965,180,219,0.5016328789430509,0.40863013698630113,64.96491228070175,399,19
48,48.0,0.4748932584269662,0.43437078651685385,0.46707865168539336,0.49768396226415096,0.40322169811320757,0.4920566037735849,0.027608803212978157,0.04552364903421284,0.037277094937507894,0.029416206723923106,0.05677854990655037,0.03895369490922037,0.49307075471698114,0.36734905660377354,0.5603962264150943,0.018177496290014916,0.06702172991308031,0.09331757472970098,178,212,0.5138049418949946,0.4033018867924526,64.92564102564103,390,19
49,49.0,0.4749558011049724,0.4308287292817679,0.4688232044198894,0.5017061611374408,0.40299526066350716,0.4920995260663507,0.02755032953817038,0.046578164036506824,0.03578011238973169,0.028426416028391095,0.05549754974057186,0.03839641189550999,0.49022748815165884,0.3692985781990521,0.5612938388625592,0.015271687046686466,0.06153015108271581,0.09247063444266984,181,211,0.5007662095024088,0.40483412322274864,64.96683673469387,392,19
50,50.0,0.4785932203389831,0.4261864406779661,0.4684406779661016,0.5021961722488039,0.40173684210526317,0.4943684210526316,0.02698873848510964,0.046918095183376425,0.035229704108014945,0.028492138549941624,0.05561152404935785,0.037539036514731804,0.4958181818181818,0.3673732057416268,0.5543349282296651,0.01722496147919872,0.05881323493633933,0.08589425026356351,177,209,0.49492973422859593,0.41875598086124377,65.65284974093264,386,16
51,51.0,0.48078612716763,0.4203352601156069,0.46815606936416176,0.506975845410628,0.4047246376811594,0.494768115942029,0.02712854963413412,0.047645367369441013,0.035586732867787095,0.028954670914140352,0.055787059441293856,0.03706335685780298,0.49520289855072464,0.37116908212560384,0.5522125603864735,0.014416771383094662,0.04916617799000306,0.08405649102231172,173,207,0.4798049526728377,0.424734299516908,65.59210526315789,380,18
52,52.0,0.482829411764706,0.4234941176470588,0.4717235294117647,0.5056780487804877,0.4030829268292683,0.4959609756097561,0.027087365017301034,0.04782414408304497,0.03514104709342561,0.029113720737656158,0.05560047604997025,0.03641374481856038,0.49339999999999995,0.367980487804878,0.5571317073170732,0.010570588235293943,0.05551362984218078,0.08540817790530847,170,205,0.48625126882416064,0.4130731707317071,65.99466666666666,375,18
53,53.0,0.4802831325301205,0.4263614457831325,0.47065060240963863,0.5061961722488038,0.4085167464114832,0.49749760765550244,0.026584106582958338,0.048196459718391635,0.03462895021048047,0.028841181612142577,0.05421613488702181,0.03559887200384606,0.49625358851674645,0.3695502392344498,0.5573014354066985,0.015970455986625942,0.05681120654868271,0.08665083299705989,166,209,0.47972088737248825,0.4073684210526313,66.44,375,19
54,54.0,0.47845624999999997,0.4253625,0.47024375,0.5052761904761905,0.41404285714285716,0.4943238095238095,0.0270946480859375,0.047162168593750005,0.0342166593359375,0.029004618956916094,0.05270092673469388,0.03598877133786848,0.5002714285714286,0.37983333333333336,0.5527238095238095,0.021815178571428617,0.04552916666666662,0.08248005952380949,160,210,0.4803786893552499,0.4075714285714283,66.86486486486487,370,19
55,55.0,0.4745095541401275,0.4297006369426752,0.46411464968152855,0.5067843137254902,0.41498529411764695,0.49424999999999997,0.027520249908718406,0.047504757515517866,0.03415215246054607,0.02966000249903883,0.050819514489619376,0.03614520710784313,0.4948235294117648,0.3805931372549019,0.552828431372549,0.020313975271637252,0.04910749968777328,0.08871378169102045,157,204,0.47953554325566844,0.4148529411764703,66.71191135734072,361,18
56,56.0,0.475828025477707,0.4222101910828026,0.46124203821656046,0.5006813725490197,0.4155245098039215,0.4942009803921569,0.027741569150878335,0.04664670104263865,0.03336171211813867,0.03009963867262591,0.05042275920319108,0.03614322921472511,0.4889901960784313,0.38490196078431377,0.5557156862745098,0.013162170600724332,0.03730823029848884,0.09447364805794939,157,204,0.47097800296149434,0.40828431372549,67.09418282548476,361,18
57,57.0,0.47762580645161296,0.4240258064516129,0.46524516129032256,0.5023106796116504,0.41783009708737867,0.4973689320388349,0.02624465997918834,0.04717067030176899,0.03319618505723205,0.02880556367235366,0.04883694686115563,0.03500860175322839,0.49145631067961165,0.3822864077669903,0.5604029126213592,0.013830504227998697,0.04173939868462262,0.09515775133103666,155,206,0.47076936309973827,0.3984951456310677,66.87534626038781,361,19
58,58.0,0.47478523489932883,0.43200671140939595,0.4683221476510067,0.49623762376237623,0.42440099009900994,0.4992821782178217,0.026396329714877702,0.04813085230395027,0.034103842529615784,0.028423359376531714,0.04742745801882169,0.032299450078423685,0.4924257425742574,0.387539603960396,0.5607673267326733,0.017640507674928585,0.044467107448999954,0.09244517908166655,149,202,0.47386993433137814,0.40965346534653435,67.3076923076923,351,17
59,59.0,0.4724066666666667,0.43371999999999994,0.4629733333333333,0.4979904306220095,0.4293301435406699,0.4988947368421053,0.026836987955555554,0.048080148266666664,0.03453275928888889,0.028138698473020307,0.04660616373251527,0.031914802316796775,0.49527272727272725,0.39288995215311007,0.5610622009569378,0.022866060606060556,0.04083004784688987,0.09808886762360453,150,209,0.4600595483070444,0.3970334928229662,67.56824512534818,359,18
60,60.0,0.4745646258503401,0.4371836734693878,0.46214285714285713,0.5028300970873786,0.4276941747572815,0.49967961165048547,0.026623347864315795,0.04547059891711786,0.034725986394557824,0.02817920899707795,0.04655472685927042,0.03182564492412103,0.4956844660194174,0.3883932038834951,0.5658495145631068,0.02111984016907731,0.048790469585892726,0.1037066574202497,147,206,0.46535563531213714,0.3983009708737862,67.66005665722379,353,19
61,61.0,0.4795034013605442,0.4267006802721088,0.4643537414965987,0.5039154228855721,0.42714427860696513,0.5013432835820896,0.027083678559859315,0.0446723185709658,0.033230351057429774,0.02861139085666196,0.046006620974728345,0.031631210514591224,0.5048457711442786,0.3870597014925373,0.5629800995024876,0.025342369783734442,0.039640978779571456,0.09862635800588893,147,201,0.4915494221483007,0.3886069651741291,67.22988505747126,348,16
62,62.0,0.4750071942446044,0.4245467625899281,0.46234532374100723,0.503695,0.42818999999999996,0.5070650000000001,0.02533462584752342,0.043098665079447235,0.031503405931370014,0.028521081974999998,0.0468425039,0.030128930775000003,0.5097499999999999,0.390725,0.56446,0.03474280575539551,0.033821762589928084,0.10211467625899273,139,200,0.5069064690297419,0.38769999999999966,66.7551622418879,339,17
63,63.0,0.4753049645390071,0.4246879432624113,0.4566312056737589,0.5013366834170854,0.42686432160804016,0.5114974874371859,0.02277368713847392,0.0413505267340677,0.02784592072833358,0.02872140925734198,0.04698868008383626,0.029290008787656873,0.5071859296482412,0.38602010050251256,0.5669195979899497,0.03188096510923405,0.03866784275989876,0.11028839231619081,141,199,0.500771053794189,0.3813567839195977,66.8970588235294,340,18
64,64.0,0.4716071428571429,0.4313285714285715,0.45729999999999993,0.5048952879581152,0.4335130890052356,0.5138795811518325,0.022287895663265302,0.041638092040816324,0.02792901,0.02796393667936734,0.047113097996217206,0.029613351991447604,0.5147539267015706,0.3916387434554974,0.5687277486910994,0.043146783844427716,0.03968982797307413,0.1114277486910995,140,191,0.5021195152263321,0.3927225130890049,68.13595166163142,331,18
65,65.0,0.46675362318840574,0.4360434782608696,0.45845652173913043,0.506217877094972,0.4357709497206705,0.5176033519553073,0.022115721907162357,0.04241612854442344,0.028405335066162572,0.027905310071470926,0.045101137480103616,0.029557155519490654,0.5139106145251398,0.3857877094972067,0.5660279329608938,0.04715699133673401,0.05025576876366289,0.10757141122176339,138,179,0.5072790051703298,0.40798882681564214,68.58675078864353,317,19
66,66.0,0.4626642335766424,0.4383649635036496,0.45197080291970804,0.5058342857142857,0.4377428571428571,0.5168571428571428,0.022415040545580477,0.04077963322499867,0.026954860461399114,0.02685577253877551,0.04447148244897958,0.028513059591836733,0.5124000000000001,0.3931885714285714,0.5666799999999999,0.0497357664233577,0.04517639207507823,0.11470919708029181,137,175,0.5042728873800927,0.4117142857142855,68.38782051282051,312,22
67,67.0,0.4633649635036497,0.432963503649635,0.4572408759124088,0.5052267441860465,0.43908720930232553,0.5188313953488373,0.022598961692151955,0.039330721295753636,0.025655000372955403,0.02669972184288805,0.04575884704570038,0.028558233200378584,0.5166279069767442,0.3959418604651163,0.5732848837209303,0.053262943473094515,0.03702164318451867,0.11604400780852153,137,172,0.5006071748900545,0.40174418604651135,68.2135922330097,309,25
68,68.0,0.4586764705882353,0.4384338235294118,0.4555514705882353,0.5063837209302325,0.4378604651162791,0.5158488372093023,0.021443910034602078,0.037598995620674744,0.026106762056660897,0.026722771362898863,0.04506386425094645,0.028152593428880476,0.517110465116279,0.39009302325581396,0.5685,0.05843399452804371,0.04834080027359783,0.1129485294117647,136,172,0.49924462867303465,0.4115116279069765,67.93506493506493,308,24
69,69.0,0.4602481751824818,0.44355474452554744,0.45632116788321164,0.5006524390243903,0.43355487804878046,0.5136768292682926,0.020820609941925514,0.036982889338803344,0.026614247216154296,0.026375336518441404,0.04376069820791195,0.028779523609458655,0.512030487804878,0.38896341463414635,0.5678109756097561,0.05178231262239624,0.054591329891401086,0.11148980772654449,137,164,0.49860105911380526,0.4393902439024387,66.93355481727575,301,18
70,70.0,0.4587985074626866,0.4460970149253731,0.45900746268656717,0.5018353658536586,0.4298658536585365,0.5085426829268294,0.02034107134105591,0.03711584879705948,0.02690547009356204,0.026564405822427126,0.04291338444378347,0.02863835793426532,0.5146280487804878,0.3836341463414634,0.5667682926829269,0.05582954131780127,0.0624628685839097,0.10776082999635977,134,164,0.49582537270934673,0.44012195121951186,66.70134228187919,298,19
71,71.0,0.4597835820895522,0.44575373134328367,0.46162686567164174,0.5024556962025317,0.42724683544303793,0.5111392405063291,0.02064167704388505,0.036677349799509915,0.028402024949877484,0.02677474170805961,0.04332373021150456,0.028484816055119367,0.5137721518987342,0.3842088607594937,0.571246835443038,0.05398856980918193,0.06154487058378999,0.10961996977139626,134,158,0.4799428622231119,0.46784810126582244,66.54794520547945,292,19
72,72.0,0.4620378787878787,0.4477651515151515,0.45719696969696966,0.49580392156862746,0.42540522875816994,0.5068366013071894,0.020080506140955003,0.033974316058310375,0.028239264233241503,0.02535448442906574,0.043694254090307146,0.02732510401982144,0.5117450980392156,0.38359477124183006,0.5691960784313724,0.04970721925133692,0.06417038027332145,0.11199910873440277,132,153,0.501909537723364,0.4645098039215683,66.02105263157895,285,17
73,73.0,0.4566484375,0.4511406250000001,0.46171093750000003,0.49518120805369126,0.4203221476510066,0.5065503355704698,0.020003556091308595,0.031572792724609375,0.027876189880371095,0.024904403405252018,0.04345760091887752,0.0275936568623035,0.5139530201342283,0.37720134228187924,0.5631409395973154,0.057304582634228274,0.07393928271812084,0.10143000209731534,128,149,0.5053630714647209,0.4715436241610735,66.09025270758123,277,19
74,74.0,0.45460769230769227,0.45455384615384614,0.46276923076923077,0.49649006622516556,0.4145298013245033,0.5027417218543048,0.019718715325443784,0.03012049325443787,0.02777486982248521,0.024998581027147936,0.04348643454234463,0.0268243505109425,0.5173178807947021,0.3679271523178808,0.562701986754967,0.06271018848700982,0.08662669383596533,0.0999327559857362,130,151,0.48647127895366427,0.47496688741721815,66.12455516014235,281,21
75,75.0,0.4545703125,0.455390625,0.4612890625,0.498472972972973,0.4117972972972973,0.5011013513513515,0.01932719818115234,0.02902980053710938,0.02925383050537109,0.02544045197224251,0.04370640485756026,0.025908145133308982,0.5236689189189189,0.3596351351351352,0.5635540540540541,0.06909860641891885,0.09575548986486482,0.10226499155405411,128,148,0.467575901593163,0.4920945945945943,66.2427536231884,276,25
76,76.0,0.45509322033898303,0.4481101694915254,0.46333898305084753,0.5017417218543047,0.4164172185430463,0.505635761589404,0.019445864191324328,0.028625233625395003,0.030179410514220052,0.0254641385904127,0.043900031226700574,0.026012655409850444,0.5233112582781457,0.3658079470198676,0.5651456953642385,0.0682180379391627,0.0823022224716578,0.101806712313391,118,151,0.4743065168754476,0.5156291390728474,65.2081784386617,269,23
77,77.0,0.4492631578947369,0.4554473684210526,0.4658684210526316,0.5012534246575342,0.41516438356164387,0.5071095890410959,0.019462193905817174,0.027372457756232687,0.03205857040627885,0.024832065912929253,0.044483863389003564,0.026590878401200977,0.5190205479452055,0.36506164383561646,0.5712945205479453,0.06975739005046855,0.09038572458543614,0.10542609949531367,114,146,0.4859726775086442,0.5408904109589037,65.8,260,24
78,78.0,0.4475438596491228,0.45499999999999996,0.464280701754386,0.4984966887417218,0.4210662251655629,0.5007019867549668,0.018932984918436438,0.027386175438596488,0.03261632471529701,0.023670726810227624,0.04417729362747248,0.02765032840664883,0.523384105960265,0.3767483443708609,0.5675695364238411,0.07584024631114217,0.07825165562913905,0.1032888346694551,114,151,0.4841728955029905,0.5431788079470196,66.21509433962264,265,22
79,79.0,0.4522184873949579,0.4512016806722689,0.46104201680672274,0.49600666666666665,0.422,0.5019333333333332,0.01982845646493892,0.027549925711461056,0.033120897394251815,0.02459308662222222,0.04401185333333334,0.026909195555555557,0.51982,0.37457999999999997,0.56184,0.06760151260504205,0.07662168067226893,0.10079798319327726,119,150,0.46476321465448683,0.5525999999999995,66.18587360594796,269,23
80,80.0,0.4528823529411764,0.44535294117647056,0.4624285714285714,0.49529411764705883,0.41762745098039217,0.5015032679738561,0.01999828868017795,0.02859169055857638,0.03319846338535414,0.024411174932718185,0.04256663898500576,0.02593830227690204,0.515797385620915,0.3640915032679739,0.5632745098039217,0.06291503267973864,0.08126143790849666,0.10084593837535027,119,153,0.4594957193204175,0.5542483660130714,66.1029411764706,272,23
81,81.0,0.46147899159663874,0.4482605042016806,0.46810084033613447,0.4942451612903226,0.41844516129032266,0.5031870967741936,0.02056436720570581,0.027502007767813006,0.03233027554551232,0.02426384957336108,0.04264555021852238,0.025914164994797085,0.5168258064516129,0.3661483870967742,0.5645548387096774,0.05534681485497417,0.0821121171049064,0.0964539983735429,119,155,0.4739805641925268,0.5526451612903222,66.78102189781022,274,19
82,82.0,0.4604789915966387,0.45479831932773107,0.4793865546218487,0.4924556962025316,0.41860759493670885,0.5063481012658227,0.020456484852764637,0.02562362319045265,0.03242855645787727,0.02446462778400897,0.04321911184105111,0.026140961103989748,0.5179367088607595,0.36545569620253165,0.5659113924050634,0.0574577172641208,0.08934262312519942,0.08652483778321468,119,158,0.4707275271323699,0.5472784810126579,66.2057761732852,277,19
83,83.0,0.4583865546218487,0.45952100840336124,0.48693277310924366,0.49198795180722893,0.41335542168674694,0.5058855421686748,0.021106052256196592,0.025790115104865473,0.03229868455617541,0.024053626360865145,0.04176385560313543,0.025893149550007263,0.5177650602409638,0.3642831325301204,0.5707349397590362,0.05937850561911512,0.09523787587324084,0.08380216664979256,119,166,0.4550288106469699,0.5401807228915659,66.5578947368421,285,20
84,84.0,0.4571176470588235,0.454563025210084,0.48794957983193277,0.4929404761904762,0.4070238095238095,0.5033035714285715,0.021745347503707366,0.026485086363957352,0.03318488821410917,0.023979425028344672,0.040167106575963715,0.024561187606292514,0.5191369047619048,0.35226785714285713,0.5667857142857142,0.062019257703081254,0.10229516806722688,0.07883613445378146,119,168,0.4730774892318042,0.5373214285714282,65.98606271777004,287,17
85,85.0,0.457,0.44587499999999997,0.48323333333333335,0.4923236994219654,0.4016878612716762,0.5012658959537571,0.02175925,0.027173876041666666,0.03149752888888888,0.02419632296434896,0.03884804129773797,0.024515755888937153,0.5189190751445086,0.34301734104046244,0.5692138728323699,0.06191907514450862,0.10285765895953752,0.08598053949903656,120,173,0.4674451277397968,0.5258959537572251,66.93515358361775,293,19
86,86.0,0.4650983606557377,0.4446229508196721,0.49459836065573765,0.4908901734104045,0.4064046242774566,0.5007052023121388,0.020191236226820748,0.0282913496371943,0.03176301081698468,0.024123080423669348,0.03944322356243109,0.024573479568311667,0.5229595375722543,0.35292485549132946,0.5756994219653179,0.057861176916516655,0.09169809532834267,0.08110106130958022,122,173,0.457066855886501,0.5217341040462425,65.77966101694915,295,21
87,87.0,0.46528346456692915,0.4427795275590551,0.4961653543307086,0.49300000000000005,0.3991611111111111,0.4989388888888889,0.02032492752185505,0.029103148242296484,0.03155569706739412,0.024056899999999996,0.03828316848765432,0.02385629070987654,0.5188055555555555,0.34069444444444447,0.5778611111111112,0.05352209098862637,0.10208508311461062,0.08169575678040258,127,180,0.4442772616253905,0.499833333333333,65.54397394136808,307,19
88,88.0,0.4699285714285714,0.44019841269841264,0.49978571428571433,0.49267032967032964,0.4002527472527473,0.49709890109890115,0.0206637171201814,0.029222349521289995,0.030771628684807255,0.023947220987803403,0.037324342712232825,0.02367861659219901,0.5205879120879121,0.3422802197802198,0.5759560439560438,0.05065934065934069,0.09791819291819287,0.0761703296703295,126,182,0.427619822018381,0.49719780219780185,66.03896103896103,308,22
89,89.0,0.4773279999999999,0.42297599999999996,0.495616,0.49869312169312163,0.3956296296296296,0.4941111111111111,0.019470668415999995,0.029505031424000003,0.027483836544,0.02412814921194815,0.036825079757005684,0.022978860670193998,0.5294603174603175,0.3345185185185185,0.5715502645502646,0.0521323174603176,0.08845748148148147,0.07593426455026459,125,189,0.4395996284053153,0.48497354497354467,66.08917197452229,314,21
90,90.0,0.47848387096774186,0.4201370967741936,0.4957741935483871,0.49978835978835967,0.3964074074074074,0.49427513227513226,0.01905137877211238,0.028897908623829342,0.02712149739854318,0.024074537219002826,0.03663980756417794,0.02262719414350102,0.5291957671957672,0.33449206349206345,0.5723439153439154,0.050711896228025355,0.08564503328213013,0.07656972179552829,124,189,0.42721651329783217,0.49851851851851814,66.40255591054313,313,19
91,91.0,0.4759327731092437,0.41336134453781515,0.49772268907563033,0.5028229166666667,0.395359375,0.4909791666666667,0.018646566909116587,0.02772165934609138,0.025488502930583995,0.024954218641493053,0.035723751057942704,0.02221385373263889,0.5315208333333333,0.3354791666666667,0.5678333333333333,0.05558806022408963,0.07788217787114843,0.07011064425770297,119,192,0.44468349044452254,0.48453124999999964,65.95498392282958,311,18
92,92.0,0.4791229508196721,0.4105655737704918,0.4942950819672131,0.5029896907216495,0.39638659793814435,0.4918556701030928,0.01914332094866971,0.025623278486965873,0.024820306369255574,0.02476193803804867,0.03535639177914762,0.022160535869911787,0.5215103092783505,0.3422938144329897,0.5690721649484536,0.042387358458678415,0.06827175933750212,0.07477708298124047,122,194,0.4406144201627571,0.4721649484536079,65.75949367088607,316,18
93,93.0,0.4774239999999999,0.41204799999999997,0.49252,0.5028775510204082,0.392454081632653,0.49169387755102045,0.019592532224,0.027113309696000006,0.025172457599999993,0.02430957684298209,0.03440008462619742,0.021736140982923785,0.5121377551020408,0.337219387755102,0.5725153061224489,0.034713755102040944,0.07482861224489795,0.07999530612244893,125,196,0.4469313435385621,0.4624489795918364,66.41433021806854,321,19
94,94.0,0.4778125,0.41296875,0.490953125,0.4989162303664922,0.3908900523560209,0.4932251308900524,0.018621089843749997,0.027065655273437503,0.023998622802734376,0.02388538565280557,0.03438687272826951,0.021040938844878156,0.49897382198952883,0.3377434554973822,0.5731780104712042,0.02116132198952886,0.07522529450261778,0.08222488547120421,128,191,0.44174598266474474,0.4673821989528792,67.0,319,17
95,95.0,0.4796434108527131,0.409968992248062,0.4921782945736434,0.4956524064171123,0.39182887700534763,0.4934438502673797,0.018147950363559883,0.026363626945496068,0.024396751156781443,0.024137734793674398,0.03447671938002231,0.021240995510309134,0.4984705882352941,0.33843850267379677,0.5731657754010695,0.018827177382580995,0.07153048957426522,0.08098748082742607,129,187,0.4332248058204018,0.4633689839572188,67.00632911392405,316,19
96,96.0,0.474976,0.41486399999999996,0.494872,0.4941755319148936,0.3911914893617021,0.495281914893617,0.017651207424,0.025200373504000003,0.022553199616,0.02545841067790856,0.0341764846084201,0.021426234353779987,0.49931914893617013,0.33087765957446813,0.5694468085106383,0.024343148936170123,0.08398634042553182,0.07457480851063836,125,188,0.44742124755110607,0.461914893617021,66.70287539936102,313,19
97,97.0,0.47772357723577236,0.4080243902439024,0.4888455284552845,0.4974782608695652,0.39058152173913036,0.4906195652173913,0.01761561464736599,0.024432804283164786,0.02094149646374513,0.025298162570888464,0.033157841180293,0.02177634439981096,0.5061467391304347,0.33495652173913043,0.5684945652173913,0.028423161894662374,0.07306786850477198,0.07964903676210677,123,184,0.4521058909570587,0.4590217391304344,66.96091205211727,307,20
98,98.0,0.4766747967479674,0.404739837398374,0.4865691056910569,0.49641397849462365,0.3968978494623656,0.4920913978494623,0.01780891863308877,0.023862761583713407,0.020911676118712405,0.025551070557289855,0.033975543328708516,0.022437545409873975,0.5155376344086021,0.3414354838709677,0.5703333333333332,0.0388628376606347,0.06330435352740627,0.08376422764227637,123,186,0.45158714278044865,0.4639784946236556,67.19741100323624,309,17
99,99.0,0.4813529411764706,0.40489075630252097,0.48864705882352955,0.4941748633879781,0.3978142076502732,0.4924754098360655,0.017447287197231834,0.02355601327589859,0.018246648541769647,0.025155127892740898,0.03492468679267819,0.021561539012810174,0.5176284153005465,0.3475846994535519,0.572655737704918,0.03627547412407589,0.057306056848969056,0.08400867888138841,119,183,0.4564639890485995,0.45786885245901604,66.50662251655629,302,20
100,100.0,0.4830252100840336,0.4032521008403361,0.48827731092436966,0.4950164835164835,0.401467032967033,0.49304945054945054,0.01726468003672057,0.02335497846197303,0.018777830661676438,0.024311642585436534,0.03413252363844946,0.02077339865354426,0.5130549450549451,0.36101098901098905,0.5798681318681319,0.030029734970911492,0.04224111182934703,0.09159082094376225,119,182,0.4705604146065464,0.44648351648351614,67.00332225913621,301,20
101,101.0,0.48433333333333334,0.40453333333333336,0.4875083333333334,0.49723497267759564,0.3988196721311475,0.49356830601092894,0.017178338888888887,0.023738082222222224,0.01911938326388889,0.023916857356146792,0.03381400573322584,0.020851545880736958,0.5145573770491804,0.3590218579234972,0.5808306010928962,0.030224043715847027,0.04551147540983613,0.09332226775956282,120,183,0.45539236764036795,0.4509836065573767,67.44554455445545,303,19
102,102.0,0.4846198347107437,0.3982892561983471,0.48980991735537194,0.4975714285714285,0.39859999999999995,0.49510857142857145,0.01714843398674954,0.024269213851512875,0.019295542380984902,0.024435113469387756,0.034154274285714284,0.021129971069387753,0.5180971428571428,0.35996000000000006,0.5749314285714285,0.0334773081463991,0.03832925619834704,0.0851215112160566,121,175,0.4255982333635496,0.4797142857142853,68.33108108108108,296,19
103,103.0,0.482,0.40337704918032785,0.4908688524590164,0.49768862275449094,0.404317365269461,0.49546706586826345,0.017307065573770482,0.024281890620800866,0.019399097554420854,0.024821663523252893,0.033085534009824655,0.021054572268636378,0.5136407185628742,0.3634431137724551,0.5703413173652695,0.031640718562874204,0.03993393540787277,0.07947246490625309,122,167,0.4180896886669564,0.48904191616766435,67.98269896193771,289,21
104,104.0,0.47539024390243906,0.4073008130081301,0.4922276422764227,0.4951445783132529,0.4065481927710843,0.49890963855421677,0.01689820543327384,0.0252974786172252,0.018222875008262276,0.024773015241689646,0.03205564526781826,0.02089132316011032,0.5042409638554217,0.36069277108433734,0.5760180722891566,0.028850719952982662,0.04660804192379275,0.0837904300127339,123,166,0.4492211070169699,0.459638554216867,68.06228373702422,289,22
105,105.0,0.4746885245901639,0.41842622950819675,0.4955327868852458,0.4939819277108433,0.4128192771084337,0.5022349397590361,0.016713460360118247,0.027125605213652242,0.0186822817119054,0.024680945456524897,0.032545328785019596,0.02110356528523733,0.5007469879518072,0.36524096385542165,0.5835963855421686,0.026058463361643247,0.05318526565277509,0.08806359865692281,122,166,0.45112909928508876,0.46457831325301174,68.42361111111111,288,23
106,106.0,0.47382399999999997,0.4168319999999999,0.495944,0.4896341463414633,0.41733536585365855,0.5079451219512195,0.016275825023999997,0.026782299776000003,0.018092084864,0.024980792980368833,0.033557710700475904,0.021963381134741226,0.4930853658536585,0.3700731707317073,0.5902378048780488,0.019261365853658508,0.04675882926829261,0.09429380487804878,125,164,0.45151678427907194,0.46658536585365823,68.49480968858131,289,22
107,107.0,0.4742520325203252,0.40643902439024393,0.4898536585365854,0.48251219512195126,0.4181585365853659,0.5117256097560976,0.016576383634080243,0.025613026769779893,0.016793133055720798,0.024437591314693637,0.03411976754907793,0.022098308856335513,0.4895182926829267,0.3814085365853659,0.5908719512195122,0.015266260162601464,0.025030487804878043,0.10101829268292678,123,164,0.45092567690885954,0.48182926829268263,69.09407665505226,287,21
108,108.0,0.47104999999999997,0.4125083333333333,0.48885000000000006,0.4819938650306748,0.4172453987730062,0.5165153374233129,0.016379680833333334,0.023875016597222225,0.016734627499999998,0.0245330613120554,0.03430294591441153,0.021406360194211296,0.49253987730061344,0.3856871165644172,0.5897423312883435,0.02148987730061347,0.026821216768916134,0.10089233128834346,120,163,0.46807119486591603,0.48546012269938615,69.15547703180212,283,20
109,109.0,0.46980000000000005,0.41167499999999996,0.49165833333333336,0.4801614906832299,0.41632919254658385,0.51927950310559,0.016510376666666667,0.02490583604166667,0.016064091597222222,0.02239454534933066,0.03438714007947224,0.021802797654411486,0.4870310559006212,0.38498757763975155,0.5932670807453416,0.01723105590062113,0.026687422360248403,0.10160874741200826,120,161,0.4746125461850391,0.4777639751552792,69.13167259786476,281,19
110,110.0,0.46852845528455284,0.4158130081300814,0.4924715447154472,0.47610691823899365,0.41583647798742146,0.5154591194968553,0.016976655694361825,0.024881273977130018,0.015930037808182963,0.020972913096792053,0.0332779984177841,0.021548726316205843,0.4831132075471698,0.39072327044025157,0.5946540880503145,0.014584752262616962,0.025089737689829805,0.10218254333486732,123,159,0.4555986804893004,0.46893081761006256,68.47872340425532,282,22
111,111.0,0.46698387096774197,0.4161209677419355,0.4914193548387098,0.47291558441558446,0.42124675324675326,0.5121753246753247,0.017151322320499478,0.02446279988293444,0.015497614464099897,0.020323856510372742,0.03349078326867937,0.02048443030021926,0.4908051948051948,0.40239610389610386,0.5963311688311689,0.023821323837452835,0.013724863845831659,0.10491181399245908,124,154,0.45464390132525184,0.48110389610389576,69.03956834532374,278,22
112,112.0,0.46880645161290324,0.4124274193548387,0.48252419354838716,0.47520805369127506,0.4193758389261745,0.5153959731543624,0.016608656087408948,0.02368572860301769,0.01357705586628512,0.019927533894869603,0.03388035538939687,0.019855903607945587,0.4900671140939597,0.401248322147651,0.6026778523489933,0.021260662481056458,0.011179097207187683,0.12015365880060613,124,149,0.44908742867063506,0.4889261744966439,68.28571428571429,273,23
113,113.0,0.466031746031746,0.41465079365079355,0.48034126984126985,0.47412413793103453,0.41807586206896546,0.5122275862068966,0.016555776769967247,0.023616259007306628,0.01264836766187957,0.02002071562425684,0.03503033217598098,0.019932382687277053,0.4917172413793103,0.3993448275862069,0.6083310344827586,0.025685495347564258,0.015305966064586674,0.12798976464148876,126,145,0.44459222969944734,0.48806896551724105,68.12546125461255,271,24
114,114.0,0.45960975609756094,0.4153333333333334,0.48249593495934956,0.475551724137931,0.4135655172413793,0.5150413793103449,0.016732888360103112,0.022347506775067753,0.011747583316808776,0.01964579215219976,0.034821018121284186,0.019679708632580263,0.49660689655172413,0.3901448275862069,0.6068827586206896,0.03699714045416319,0.0251885057471265,0.12438682366134007,123,145,0.43834324549423515,0.4872413793103445,68.53731343283582,268,27
115,115.0,0.45571544715447154,0.4153008130081301,0.48220325203252035,0.46904794520547943,0.41234931506849315,0.5158630136986302,0.016185845858946394,0.021259120893647964,0.011780942428448677,0.019311990851942205,0.03591335058172265,0.019847364796397073,0.48416438356164376,0.38836986301369864,0.604568493150685,0.02844893640717222,0.026930949994431463,0.1223652411181646,123,146,0.4316769469169095,0.4880821917808216,68.56133828996282,269,30
116,116.0,0.453311475409836,0.41494262295081963,0.48402459016393445,0.4658071428571428,0.41122857142857144,0.5200357142857144,0.016447001343724805,0.021684939330825045,0.011194614149422199,0.019393169948979595,0.0358876906122449,0.019466848724489796,0.47340714285714286,0.38337142857142853,0.6021571428571428,0.020095667447306842,0.0315711943793911,0.11813255269320838,122,140,0.436970001050464,0.5122857142857139,68.58015267175573,262,28
117,117.0,0.4535378151260504,0.4135966386554621,0.48798319327731093,0.46500735294117646,0.4170220588235294,0.5231176470588236,0.0159555426876633,0.021985467551726576,0.010791613162912222,0.019047669063581317,0.03546897745458478,0.01966304498269896,0.47584558823529416,0.38777205882352944,0.5957426470588234,0.022307773109243756,0.025824579831932648,0.10775945378151247,119,136,0.461014843344646,0.5314705882352937,67.93725490196078,255,22
118,118.0,0.44611403508771924,0.41756140350877197,0.48838596491228065,0.4705298507462687,0.4099402985074627,0.5258805970149253,0.015869943136349648,0.022024018159433674,0.011255658048630346,0.01726993567609713,0.036730459122298956,0.019540761862330138,0.4935522388059701,0.3705597014925373,0.5858955223880598,0.04743820371825086,0.04700170201623466,0.09750955747577911,114,134,0.47635639160237364,0.5376865671641787,66.68548387096774,248,21
119,119.0,0.4428090909090909,0.4174636363636363,0.48519090909090906,0.4700300751879699,0.4099548872180451,0.5273308270676691,0.016021427190082645,0.021685521404958674,0.011059118099173555,0.01696765323082141,0.03619366713776923,0.018820913109842276,0.4910751879699247,0.36678947368421055,0.5970526315789473,0.048266097060833846,0.05067416267942576,0.11186172248803822,110,133,0.4672107472401636,0.5560150375939846,66.63786008230453,243,24
120,120.0,0.4426880733944954,0.420348623853211,0.48508256880733946,0.4691259259259259,0.4068666666666667,0.5241925925925925,0.014725774261425807,0.021282447268748426,0.010624919787896644,0.01700372488340192,0.03545820444444445,0.018652081426611795,0.49748148148148147,0.3617925925925926,0.5921037037037037,0.05479340808698607,0.05855603126061837,0.10702113489636422,109,135,0.4849801365754574,0.547333333333333,66.81967213114754,244,24
121,121.0,0.4419266055045871,0.4195045871559632,0.4833669724770643,0.46648872180451123,0.4028947368421053,0.5260676691729324,0.013753389108660887,0.02064069034593048,0.010696250652301995,0.017420279947990277,0.035242184408389395,0.017738995420883034,0.498375939849624,0.3584887218045113,0.5898045112781957,0.05644933434503685,0.061015865351451926,0.10643753880113138,109,133,0.5236627263226057,0.541428571428571,66.46694214876032,242,19
122,122.0,0.4444722222222222,0.4146666666666667,0.4848148148148148,0.46705263157894733,0.39620300751879695,0.5179097744360902,0.013794082561728394,0.02088483333333334,0.010900391632373115,0.01676725286901464,0.03439049262253377,0.017181570806716038,0.5114887218045112,0.3577368421052632,0.5839699248120301,0.067016499582289,0.0569298245614035,0.09915510999721533,108,133,0.508844270515777,0.5348872180451124,65.01659751037344,241,22
123,123.0,0.4390467289719626,0.4117476635514018,0.4810841121495327,0.46397744360902254,0.39182706766917286,0.5165413533834585,0.013290792208926544,0.020683497073980255,0.011136002270940694,0.01725313482955509,0.033101330996664596,0.017576127989145793,0.5177142857142858,0.3462105263157895,0.5795413533834587,0.07866755674232317,0.06553713723561227,0.09845724123392596,107,133,0.5131796905634434,0.5213533834586465,64.42083333333333,240,26
124,124.0,0.44010619469026546,0.41446902654867257,0.48150442477876104,0.4597769784172662,0.39437410071942447,0.5146618705035972,0.013057546244811653,0.020229364084893103,0.01110056856449213,0.017448993426841263,0.03215535645152942,0.017808425236788984,0.518748201438849,0.34638848920863313,0.5779280575539568,0.07864200674858357,0.06808053734003944,0.09642363277519578,113,139,0.5108745479117102,0.5189928057553954,64.70238095238095,252,22
125,125.0,0.4422743362831858,0.4130442477876106,0.4860176991150443,0.46221739130434786,0.39297826086956517,0.5122391304347825,0.01245543801394001,0.020903741404965148,0.011359557208865221,0.017546445494643983,0.03235980387523629,0.01748918194706994,0.517891304347826,0.3430942028985507,0.5838188405797102,0.07561696806464024,0.06995004488905993,0.09780114146466595,113,138,0.5205818523822342,0.518333333333333,64.7410358565737,251,20
126,126.0,0.44474561403508767,0.41329824561403516,0.48674561403508776,0.46318620689655177,0.39515172413793104,0.5098,0.012068066866728223,0.021697209295167746,0.011340435287780854,0.016505861878715812,0.03233025284185494,0.017011387586206895,0.5228896551724137,0.35664137931034484,0.5899310344827585,0.07814404113732604,0.05665686630369032,0.10318542044767076,114,145,0.49849827105944894,0.5143448275862066,65.44401544401545,259,22
127,127.0,0.44275000000000003,0.41222321428571435,0.48688392857142854,0.4590071942446043,0.4014676258992806,0.5077913669064749,0.01128799107142857,0.021639316246811226,0.010986959741709183,0.016457345271983854,0.031820277728896014,0.01713288452978624,0.5240719424460432,0.36406474820143886,0.5881510791366907,0.08132194244604313,0.048158466084275486,0.1012671505652622,112,139,0.4977725056883253,0.5179856115107909,65.76494023904382,251,23
128,128.0,0.44374074074074066,0.4140185185185185,0.4868703703703703,0.46043795620437955,0.4001021897810219,0.5058102189781022,0.011283155006858713,0.0204349255829904,0.011262353566529491,0.01634081549363312,0.031073770579146464,0.016834912888273216,0.5266350364963504,0.36454744525547444,0.5871824817518247,0.08289429575560969,0.04947107326304406,0.10031211138145446,108,137,0.5031045511259739,0.5303649635036493,66.07755102040817,245,23
129,129.0,0.44255454545454537,0.4139636363636363,0.49092727272727277,0.46275352112676055,0.3989718309859155,0.4998450704225353,0.010875574297520663,0.021036944132231405,0.010781940165289251,0.01653008713548899,0.029728647093830583,0.016799666137671095,0.5344577464788732,0.35333098591549295,0.5862605633802817,0.09190320102432786,0.060632650448143366,0.09533329065300888,110,142,0.4843841606315948,0.5264084507042252,66.09126984126983,252,24
130,130.0,0.4498318584070796,0.413787610619469,0.4849026548672566,0.4636438356164383,0.398945205479452,0.4979178082191781,0.011367485002741014,0.020499990288981133,0.011302247161093274,0.016351818352411333,0.029401435353724904,0.016969363107524862,0.5367945205479451,0.3527534246575343,0.5821575342465753,0.08696266214086545,0.06103418596193472,0.09725487937931876,113,146,0.4864247782843188,0.5055479452054791,66.75675675675676,259,28
131,131.0,0.4503628318584071,0.4138761061946903,0.4867079646017699,0.4653287671232877,0.39850684931506847,0.49710273972602737,0.011169947999060226,0.02064025013705067,0.010616082856919102,0.01605364533683618,0.02862277050103209,0.01738957163632952,0.5352054794520549,0.34556164383561644,0.5723013698630138,0.08484264759364779,0.06831446235907385,0.08559340526124393,113,146,0.5147796045595414,0.4944520547945203,66.08880308880309,259,23
132,132.0,0.4555677966101695,0.41056779661016946,0.4857542372881356,0.46259459459459457,0.39896621621621625,0.49688513513513516,0.011511330149382364,0.02025294031887389,0.010410931126113184,0.015899903214024836,0.028233978588385684,0.017092871941197952,0.531277027027027,0.34624324324324324,0.5717162162162163,0.07570923041685745,0.06432455336692622,0.08596197892808066,118,148,0.5090030173161806,0.4846621621621619,66.68796992481202,266,25
133,133.0,0.4573445378151261,0.40715126050420164,0.49113445378151255,0.4655503355704698,0.4028456375838926,0.49993288590604035,0.012284595579408237,0.02114550653202458,0.010410351670079797,0.015222583036800142,0.027510372145398854,0.017091472005765506,0.5293624161073825,0.3443020134228188,0.5772617449664429,0.07201787829225648,0.06284924708138284,0.08612729118493034,119,149,0.534141335321875,0.4877852348993286,66.9776119402985,268,18
134,134.0,0.4596134453781513,0.40606722689075625,0.48897478991596627,0.46627516778523487,0.4058590604026846,0.5022483221476509,0.011675833768801637,0.02114236522844432,0.01086883129722477,0.015284628980676547,0.027383449934687627,0.01699517994684924,0.5346778523489933,0.35052348993288585,0.5724093959731543,0.07506440697084205,0.055543736957870404,0.08343460605718805,119,149,0.5238502611574088,0.489664429530201,67.2276119402985,268,19
135,135.0,0.4628548387096774,0.40670161290322576,0.4872258064516129,0.467359477124183,0.4049934640522876,0.5003725490196078,0.012130801508844952,0.02028414483610822,0.01107878772112383,0.01595590345593575,0.02708582348669315,0.016975580161476357,0.5315228758169935,0.350764705882353,0.5705947712418301,0.06866803710731612,0.055936907020872784,0.08336896479021721,124,153,0.5087024853710753,0.48849673202614347,67.84115523465704,277,17
136,136.0,0.4636280991735537,0.406404958677686,0.48555371900826455,0.46839473684210525,0.4074276315789474,0.49794736842105264,0.012284547640188513,0.019698521958882595,0.011491619015094596,0.016489304709141273,0.026844271078601108,0.017413957756232685,0.5273289473684211,0.3593881578947368,0.569092105263158,0.06370084819486738,0.047016800782949175,0.08353838625489346,121,152,0.5042425540834735,0.4880921052631576,66.96703296703296,273,21
137,137.0,0.4694508196721311,0.4043688524590164,0.4877131147540984,0.47084516129032256,0.40250967741935484,0.49683225806451614,0.012488788564901909,0.020194822964256922,0.011278270155872079,0.016924569573361085,0.026590946680541107,0.017437855733610823,0.5242645161290322,0.35067741935483865,0.5657935483870968,0.05481369645690115,0.05369143310417773,0.07808043363299844,122,155,0.5062964580441366,0.5001290322580643,65.985559566787,277,17
138,138.0,0.47124,0.40258399999999994,0.48944000000000004,0.473119496855346,0.3988490566037736,0.4956415094339622,0.0133907104,0.019962450944000003,0.011310102399999997,0.018036482575847473,0.026465662750682326,0.017400380918476326,0.5251949685534592,0.3470754716981132,0.5655534591194968,0.05395496855345916,0.05550852830188674,0.0761134591194968,125,159,0.4863348999203552,0.4894339622641507,65.89084507042253,284,18
139,139.0,0.47318032786885245,0.39810655737704925,0.4845901639344262,0.4721225806451613,0.39984516129032255,0.499916129032258,0.01380186912120398,0.019652291924213923,0.010807684493415749,0.01764196561914672,0.025926492154006244,0.017652889739854318,0.5147806451612903,0.35096129032258067,0.574,0.04160031729243785,0.04714526705446859,0.08940983606557373,122,155,0.4949367993732211,0.47561290322580624,65.69314079422382,277,19
140,140.0,0.47636885245901633,0.3925327868852459,0.4790737704918033,0.4747207792207792,0.39779870129870126,0.4978181818181818,0.014096724603601184,0.018518298105348024,0.011145806033324376,0.018047071386405805,0.025739888050261426,0.018015434474616294,0.508025974025974,0.3516753246753247,0.5756168831168832,0.03165712156695771,0.0408574622099212,0.09654311262507992,122,154,0.5040806373613533,0.47512987012986985,66.05797101449275,276,19
141,141.0,0.47471900826446284,0.39066942148760325,0.47525619834710736,0.478174193548387,0.3998064516129033,0.4936709677419354,0.014133606994057784,0.01967008906495458,0.011135959155795369,0.01772831159209157,0.025605278668054107,0.017501059479708637,0.5170709677419354,0.35883225806451613,0.572883870967742,0.042351959477472556,0.03183716342308712,0.0976276726206346,121,155,0.48443432235856276,0.4709677419354835,65.57608695652173,276,23
142,142.0,0.4685289256198347,0.38714049586776855,0.48065289256198346,0.4814090909090909,0.3967402597402598,0.49176623376623374,0.014015224369920089,0.019892484393142545,0.011673879516426474,0.017424137839433296,0.025238620846685784,0.017286049249451846,0.519551948051948,0.3614415584415585,0.5703896103896104,0.05102302243211332,0.025698937426210045,0.08973671782762699,121,154,0.4938438050034407,0.4774675324675321,65.98181818181818,275,22
143,143.0,0.4711282051282052,0.38594017094017097,0.47802564102564105,0.47997484276729563,0.3982452830188679,0.4893459119496855,0.01472667587113741,0.019378757104244287,0.011636178829717294,0.017154842134409237,0.0247757700249199,0.01782012562794193,0.5229811320754718,0.36315723270440253,0.573559748427673,0.05185292694726662,0.022782938235768435,0.09553410740203194,117,159,0.47399736227064315,0.49031446540880474,66.20289855072464,276,23
144,144.0,0.4736134453781513,0.3869327731092437,0.4831344537815126,0.48063291139240505,0.39746835443037976,0.48582278481012664,0.013904926205776432,0.019049726572982133,0.012001494527222652,0.017481105752283285,0.0234517679858997,0.01793408251882711,0.5253924050632911,0.3676139240506329,0.5660126582278481,0.05177895968513979,0.019318849058610754,0.08287820444633548,119,158,0.4971642850076239,0.4709493670886073,65.73646209386281,277,24
145,145.0,0.46884745762711855,0.38646610169491524,0.4782966101694916,0.4818860759493671,0.4005253164556962,0.48609493670886084,0.014524739442688884,0.017371757325481185,0.011519412022407355,0.01773302499599423,0.023389224042621372,0.018343516303477,0.5250506329113924,0.374120253164557,0.5642531645569621,0.056203175284273876,0.01234584853035825,0.08595655438747046,118,158,0.5212400338048847,0.43272151898734146,66.27898550724638,276,28
146,146.0,0.4700689655172413,0.3873448275862069,0.4765172413793104,0.48049689440993787,0.4006149068322981,0.4841925465838509,0.014841805588585019,0.017794432818073722,0.011878025564803803,0.017708361791597547,0.023753180895798774,0.018703621310906214,0.5223726708074534,0.3761614906832298,0.5653043478260871,0.05230370529021211,0.011183336902977126,0.08878710644677668,116,161,0.5409385812345385,0.4344099378881985,66.45126353790614,277,23
147,147.0,0.4724144144144143,0.384981981981982,0.47475675675675677,0.48092073170731703,0.3986951219512195,0.48540853658536587,0.014656134566999433,0.017869945621296974,0.01207367957146336,0.017827170545806067,0.023490626561570496,0.01930807090273647,0.5201097560975609,0.37726219512195125,0.5621158536585367,0.04769534168314665,0.007719786860030775,0.0873590969017799,111,164,0.5367342835389903,0.46524390243902414,67.33454545454545,275,19
148,148.0,0.46863333333333335,0.38409166666666666,0.47281666666666666,0.4773374233128834,0.4013680981595092,0.48936809815950916,0.014368682222222226,0.017476366597222223,0.011824749722222222,0.01764994136023185,0.023499594565094657,0.01960975407429711,0.5166748466257669,0.3824233128834356,0.5727730061349694,0.04804151329243356,0.0016683537832310469,0.09995633946830274,120,163,0.5430240776951135,0.44730061349693234,66.93992932862191,283,20
149,149.0,0.473611570247934,0.3863471074380166,0.47061983471074387,0.4733456790123457,0.4034999999999999,0.49401234567901237,0.014316816064476472,0.017773664640393417,0.011304103408237141,0.017629152110958696,0.023512324074074074,0.01966251836610273,0.5100370370370371,0.3856358024691358,0.5868086419753087,0.03642546678910308,0.0007113049688807771,0.11618880726456482,121,162,0.5352000990723873,0.4554320987654318,67.90459363957598,283,21
150,150.0,0.47062499999999996,0.3869921875,0.4731953125,0.470719512195122,0.40507317073170734,0.4934939024390244,0.014753500000000001,0.017927367126464845,0.011514750915527344,0.017303628643664484,0.023219201963117192,0.019364737767697798,0.5053536585365853,0.38488414634146345,0.5836646341463415,0.034728658536585355,0.002108041158536522,0.11046932164634149,128,164,0.5297721641610833,0.4274390243902436,67.79109589041096,292,24
151,151.0,0.4708095238095238,0.3821190476190476,0.4738650793650794,0.4710368098159509,0.40307975460122697,0.49146012269938655,0.013883217687074829,0.01720867630385487,0.011525751637692113,0.01768956919718469,0.02344122676803794,0.019314407919003348,0.50620245398773,0.38631901840490795,0.5785644171779142,0.03539293017820622,0.004199970785860374,0.1046993378128348,126,163,0.5039287826993166,0.44325153374233095,67.21799307958477,289,21
152,152.0,0.4676153846153846,0.38636923076923074,0.47342307692307695,0.47339634146341464,0.4032134146341464,0.4874146341463415,0.013332698224852071,0.01709634059171598,0.011649505621301775,0.017539434376859012,0.023051241039559786,0.01933448661511005,0.513310975609756,0.38772560975609754,0.5778292682926829,0.04569559099437143,0.001356378986866802,0.10440619136960594,130,164,0.5172785579888776,0.42975609756097527,67.2687074829932,294,20
153,153.0,0.4638294573643411,0.3928294573643411,0.47787596899224805,0.471583850931677,0.40434782608695646,0.4888509316770187,0.012770389519860585,0.017175273240790823,0.012344356709332371,0.017042752285791444,0.023160388333783418,0.019367344238262415,0.5132732919254659,0.3866832298136646,0.5800807453416149,0.04944383456112478,0.0061462275506765085,0.10220477634936687,129,161,0.5262530744504733,0.4297515527950308,67.8,290,20
154,154.0,0.46664341085271316,0.39258139534883724,0.47727131782945736,0.47126874999999996,0.40608125,0.49041250000000003,0.013010182921699419,0.017299716243014244,0.012545856619193557,0.016770709023437504,0.0229068746484375,0.01922009234375,0.51345,0.3861562500000001,0.5844375,0.0468065891472868,0.006425145348837147,0.10716618217054269,129,160,0.5297129690113093,0.4262499999999997,67.87543252595155,289,20
155,155.0,0.46032061068702296,0.3994045801526718,0.48354961832061066,0.4717236842105263,0.4082236842105263,0.49219736842105266,0.012426675834741566,0.017910500437037468,0.012603071965503176,0.017287094702216066,0.022714002596952908,0.019559447887811634,0.5124407894736841,0.3911842105263158,0.5955855263157894,0.05212017878666114,0.008220369626355972,0.11203590799517876,131,152,0.5299196797959788,0.4211842105263155,68.76678445229682,283,22
156,156.0,0.45755303030303035,0.39836363636363636,0.48623484848484844,0.46780952380952384,0.4097755102040816,0.4927755102040817,0.01270685324839302,0.017643382920110195,0.013089558482552801,0.017147324263038555,0.022874228515896156,0.020137072053311122,0.5099387755102041,0.3913197278911565,0.6001428571428572,0.052385745207173706,0.007043908472479876,0.11390800865800876,132,147,0.5099961578093316,0.43925170068027175,68.6415770609319,279,23
157,157.0,0.4557099236641222,0.3996870229007634,0.48690839694656496,0.46679452054794524,0.41141780821917806,0.49235616438356167,0.012930297535108678,0.017806795175106343,0.013194907639414952,0.01711332764120848,0.022634421326702944,0.02024914711953462,0.5077397260273973,0.3931986301369863,0.5998904109589042,0.052029802363275035,0.006488392763777107,0.1129820140123392,131,146,0.5138601160296855,0.44958904109589004,69.50180505415162,277,21
158,158.0,0.4552164179104477,0.401089552238806,0.487820895522388,0.4686597222222223,0.40900694444444446,0.48952777777777773,0.012582721820004457,0.017826409890844285,0.013266564936511474,0.016694182822145062,0.021602729118441355,0.020154040895061728,0.5125625,0.38559027777777777,0.5983402777777778,0.05734608208955233,0.015499274461028223,0.11051938225538976,134,144,0.508591201306954,0.44152777777777746,69.16546762589928,278,22
159,159.0,0.4546592592592593,0.4020222222222222,0.48748888888888886,0.46974285714285724,0.4078785714285714,0.4900785714285715,0.012638935747599452,0.017265206913580248,0.013185464691358024,0.016700805306122446,0.021124106683673465,0.020256229540816323,0.51725,0.3839714285714286,0.5955142857142857,0.06259074074074067,0.01805079365079365,0.1080253968253968,135,140,0.5011772684211478,0.4516428571428568,69.17090909090909,275,21
160,160.0,0.4554744525547445,0.39978102189781023,0.4864963503649635,0.47126428571428575,0.4107142857142857,0.48798571428571436,0.012732015770685706,0.01751641920187543,0.013385315680110824,0.01675245158163265,0.021032332653061227,0.02046691408163265,0.5241142857142858,0.3892714285714286,0.589392857142857,0.06863983315954125,0.010509593326381628,0.10289650677789353,137,140,0.4921539887690759,0.4624999999999997,69.48014440433214,277,19
161,161.0,0.4565263157894737,0.4012481203007519,0.48539097744360893,0.4733868613138685,0.4112773722627737,0.48624817518248176,0.012267452314998022,0.016081810616767486,0.01342354638475889,0.01681893792956471,0.021384390217912514,0.020757953007618946,0.5277372262773723,0.39181021897810214,0.5863649635036496,0.07121091048789857,0.009437901322649767,0.10097398606004071,133,137,0.5129153379699187,0.46693430656934276,68.85925925925926,270,20
162,162.0,0.4555,0.4037424242424243,0.48716666666666664,0.47050746268656707,0.4086492537313433,0.4924104477611941,0.01215056818181818,0.016008160927456383,0.013605426767676768,0.016468294720427715,0.02164516802183114,0.020030495711739812,0.5225820895522387,0.38,0.5878432835820896,0.06708208955223871,0.023742424242424287,0.10067661691542296,132,134,0.5009958624415614,0.4807462686567161,68.7781954887218,266,23
163,163.0,0.4551278195488722,0.40370676691729324,0.48090977443609023,0.46984328358208954,0.4054999999999999,0.4929776119402985,0.012059931030583981,0.016572673412855447,0.013842698626264908,0.016092430663844953,0.021956712686567164,0.01972982785698374,0.5196865671641792,0.3692462686567164,0.5835223880597016,0.06455874761530694,0.034460498260576844,0.10261261362361135,133,134,0.4883159276007866,0.4764179104477609,68.6367041198502,267,27
164,164.0,0.4526814814814815,0.40171851851851853,0.4799481481481482,0.46987878787878795,0.40890909090909083,0.49490151515151515,0.011600439286694101,0.017213105953360768,0.013908908422496572,0.016037045913682275,0.021636673553719003,0.01991822514921947,0.5203712121212122,0.3776515151515151,0.5831818181818184,0.06768973063973066,0.024067003367003403,0.10323367003367018,135,132,0.49216054726924696,0.49651515151515113,68.31460674157303,267,23
165,165.0,0.4527246376811594,0.39706521739130435,0.4772753623188405,0.47162121212121216,0.40408333333333335,0.48911363636363636,0.012036112581390465,0.01793093052930057,0.013997474900231044,0.01606390197428834,0.022270773358585863,0.020105782541322312,0.5252424242424243,0.3775984848484848,0.5795530303030303,0.0725177865612649,0.019466732542819554,0.1022776679841898,138,132,0.4789931579302361,0.5013636363636361,68.2925925925926,270,24
166,166.0,0.45187769784172654,0.394294964028777,0.47858273381294963,0.46830534351145037,0.406824427480916,0.4920152671755726,0.012058323171678483,0.018638596449459137,0.013807005745044251,0.015450349513431619,0.022054266884214205,0.020049847095157624,0.5172900763358779,0.37316030534351147,0.5841297709923664,0.06541237849415132,0.02113465868526554,0.10554703717941677,139,131,0.4673707929663057,0.5110687022900761,68.74814814814815,270,25
167,167.0,0.4543503649635036,0.3942189781021898,0.4768467153284672,0.4676153846153846,0.4053,0.48915384615384616,0.012135337098406949,0.01840589365443018,0.014241618839575896,0.015180298224852071,0.022096948461538462,0.019472330177514794,0.5155846153846153,0.36733846153846156,0.5849846153846154,0.06123425042111169,0.02688051656372825,0.10813790005614826,137,130,0.48616988084199647,0.5116923076923073,69.04494382022472,267,22
168,168.0,0.45183453237410065,0.39238129496402874,0.4804028776978417,0.46513076923076924,0.4030692307692308,0.4912076923076923,0.011676512188810101,0.01797773231199213,0.014303031934164899,0.015472652130177515,0.021257095207100594,0.019427303017751477,0.5102846153846153,0.3693384615384615,0.5821076923076923,0.058450083010514686,0.023042833425567233,0.10170481460985065,139,130,0.4851316401024743,0.5038461538461534,68.56877323420075,269,21
169,169.0,0.45243065693430656,0.3942554744525547,0.47903649635036494,0.46588188976377953,0.39999999999999997,0.4908503937007873,0.012066945921466248,0.01755419020725665,0.014374852682614951,0.015941820695641394,0.021490173228346458,0.019827355570711143,0.511472440944882,0.35670866141732294,0.5792834645669291,0.059041784010575415,0.037546813035231774,0.1002469682165642,137,127,0.4804568466273819,0.5366141732283459,68.5719696969697,264,18
170,170.0,0.44985401459854013,0.39230656934306574,0.4807153284671533,0.46437007874015757,0.3993543307086615,0.49281102362204715,0.011511818104320955,0.017928650540785337,0.01416036421759284,0.01568333548267097,0.02272394531589063,0.019317255626511255,0.5132047244094489,0.3603228346456694,0.5853149606299212,0.06335070981090873,0.03198373469739635,0.10459963216276785,137,127,0.48219108772986,0.5351968503937002,68.87121212121212,264,17
171,171.0,0.4467887323943662,0.38872535211267606,0.481612676056338,0.46555223880597013,0.39861940298507464,0.4902462686567164,0.010866166633604443,0.01805743865304503,0.014096265473120413,0.015501068166629538,0.02243804171307641,0.019009454277121852,0.5149701492537313,0.35963432835820897,0.5875597014925372,0.06818141685936513,0.029091023754467094,0.10594702543619922,142,134,0.49930669583772863,0.4979104477611938,68.3695652173913,276,15
172,172.0,0.4449347826086957,0.387463768115942,0.47942028985507246,0.4665227272727273,0.39581818181818185,0.48822727272727273,0.009922234877126653,0.017243422600294055,0.013594881327452216,0.015458673725895317,0.02223726997245179,0.018670963498622586,0.5097651515151516,0.35446212121212123,0.5861515151515152,0.06483036890645588,0.03300164690382079,0.10673122529644274,138,132,0.5028174407168249,0.4765151515151511,68.4,270,22
173,173.0,0.44497037037037035,0.384962962962963,0.47951111111111117,0.4674545454545455,0.3971515151515151,0.48416666666666663,0.00948887319615912,0.016634702331961588,0.013000012839506171,0.01521158126721763,0.02120555280073462,0.018471654040404042,0.5174696969696969,0.35456060606060613,0.5704015151515152,0.07249932659932656,0.030402356902356875,0.090890404040404,135,132,0.49817852709554133,0.46681818181818147,68.48314606741573,267,24
174,174.0,0.44790839694656487,0.384763358778626,0.4785801526717557,0.46658208955223884,0.4000149253731343,0.48409701492537316,0.00943148779208671,0.016623478352077385,0.013063953499213335,0.014531885052350188,0.02138870126977055,0.018488266707507237,0.5201865671641792,0.3565373134328358,0.5571268656716418,0.07227817021761435,0.028226045345790207,0.07854671299988614,131,134,0.49882502269413,0.4737313432835818,68.7622641509434,265,25
175,175.0,0.4516910569105691,0.38175609756097556,0.47656097560975613,0.4682611940298508,0.3988283582089552,0.4808582089552239,0.009175790733029281,0.016233420186396987,0.01333770969660916,0.014378730285141457,0.020989127255513478,0.017758644074404098,0.5202164179104477,0.3611716417910448,0.5535970149253732,0.0685253609998786,0.020584455769930787,0.07703603931561703,123,134,0.5082128132057689,0.49104477611940267,68.60311284046692,257,25
176,176.0,0.45072357723577233,0.38632520325203246,0.47739837398373985,0.47015384615384614,0.3982307692307692,0.47977692307692305,0.009141663427853792,0.01585231700707251,0.013444597395730055,0.014618330177514793,0.021031439053254438,0.018201834852071008,0.5209538461538461,0.36344615384615386,0.5576076923076924,0.07023026891807377,0.022879049405878593,0.0802093183239525,123,130,0.5186807349209202,0.5006153846153842,69.04347826086956,253,25
177,177.0,0.4512741935483871,0.389016129032258,0.4768225806451613,0.4683410852713178,0.3951240310077519,0.4772480620155039,0.009493231269510929,0.015523661030176899,0.013390016909469305,0.014679092963163273,0.020791829577549426,0.01819651210864732,0.5244728682170543,0.358922480620155,0.5554186046511628,0.0731986746686672,0.03009364841210299,0.07859602400600146,124,129,0.5071356059919782,0.5055038759689918,69.12648221343873,253,29
178,178.0,0.4538467741935484,0.38785483870967735,0.4734354838709678,0.46441860465116275,0.39530232558139533,0.48196899224806206,0.00932787168314256,0.01547960796045786,0.013122052289281998,0.014670258878673155,0.02063142022714981,0.017647022294333275,0.5132403100775194,0.3505581395348837,0.5685813953488372,0.05939353588397095,0.03729669917479367,0.09514591147786944,124,129,0.491862385119408,0.5197674418604648,69.12252964426878,253,29
179,179.0,0.4563790322580645,0.38517741935483873,0.47773387096774184,0.4667209302325581,0.3927984496124032,0.4765813953488372,0.009585574076482832,0.015509920135275756,0.013097292078563996,0.013374511267351721,0.0204553392224025,0.01662019686316928,0.5147131782945736,0.35052713178294576,0.5703100775193799,0.05833414603650916,0.03465028757189298,0.09257620655163806,124,129,0.48877956199705813,0.5126356589147283,68.88932806324111,253,30
180,180.0,0.4559599999999999,0.38797600000000004,0.479192,0.4617022900763359,0.3930152671755725,0.4770152671755726,0.009416646400000001,0.014955895423999997,0.012752971136000001,0.013403583124526542,0.01971065625546297,0.016462595186760676,0.5085419847328244,0.34569465648854963,0.5765343511450381,0.052581984732824494,0.04228134351145041,0.09734235114503814,125,131,0.5211664000029524,0.506335877862595,69.96875,256,24
181,181.0,0.4562583333333334,0.3871333333333333,0.4803416666666667,0.4606,0.39096153846153847,0.47846923076923076,0.008927308263888888,0.015330382222222223,0.012987441597222224,0.012740224615384618,0.019561944674556214,0.01576235674556213,0.5107153846153846,0.3342615384615384,0.583623076923077,0.054457051282051194,0.052871794871794886,0.1032814102564103,120,130,0.5057838996346208,0.5349230769230766,70.416,250,25
182,182.0,0.45504,0.38359999999999994,0.48057599999999995,0.4612878787878788,0.39446969696969697,0.4777272727272727,0.008869542399999998,0.015217136,0.012624772224,0.012716795913682279,0.01918897635445363,0.01582292561983471,0.5112272727272728,0.3387045454545455,0.5820909090909092,0.05618727272727275,0.04489545454545446,0.10151490909090927,125,132,0.5171427376527351,0.5139393939393937,70.23735408560312,257,23
183,183.0,0.4542992125984252,0.38211811023622055,0.47785826771653545,0.4611037037037037,0.38962222222222226,0.4767333333333334,0.008888949841899682,0.01468413565627131,0.012914105896211794,0.012999144801097392,0.01840019061728395,0.014962802962962962,0.509962962962963,0.3262444444444445,0.5899851851851853,0.055663750364537745,0.05587366579177605,0.11212691746864983,127,135,0.5146958128565366,0.5119259259259256,70.04580152671755,262,22
184,184.0,0.45401562500000003,0.3800859375,0.4758671875,0.4603358208955224,0.3897388059701493,0.47833582089552246,0.009115984130859376,0.014689984802246092,0.012834130798339845,0.01310628274671419,0.01763216312096235,0.015130357373579859,0.5059402985074626,0.32386567164179103,0.5914402985074628,0.05192467350746255,0.056220265858208995,0.11557311100746281,128,134,0.49625205998003497,0.52410447761194,70.19465648854961,262,24
185,185.0,0.4558346456692913,0.3762834645669292,0.4742913385826772,0.45915671641791045,0.3941716417910448,0.47864179104477617,0.00927638998077996,0.014875557443114888,0.013036710397420798,0.012946027678770324,0.017649649643573177,0.01580822989529962,0.5178432835820895,0.3380597014925373,0.5881119402985074,0.062008637912798203,0.0382237630743919,0.11382060171583025,127,134,0.5059691119764348,0.5221641791044774,70.1264367816092,261,22
186,186.0,0.45523622047244083,0.3751496062992126,0.4775748031496063,0.45860000000000006,0.3935571428571428,0.4809785714285715,0.00970586545973092,0.014493418562837127,0.013170338892677788,0.012788525714285712,0.01709237530612245,0.015809663826530613,0.5172857142857142,0.34177857142857143,0.5887571428571429,0.062049493813273404,0.03337103487064119,0.11118233970753655,127,140,0.5009301287106901,0.5079285714285712,69.812734082397,267,25
187,187.0,0.45455555555555555,0.3723809523809523,0.4727857142857143,0.4592993197278911,0.3949659863945578,0.48481632653061224,0.009720278659611994,0.014570394557823128,0.013100295351473923,0.012673094081169884,0.01633940700633995,0.015363020685825348,0.5181768707482993,0.3452993197278912,0.5899863945578232,0.06362131519274378,0.027081632653061127,0.11720068027210889,126,147,0.49277540897631306,0.519863945578231,69.22344322344323,273,18
188,188.0,0.45799999999999996,0.37162698412698414,0.4701746031746032,0.4632229729729729,0.39208783783783785,0.4860135135135136,0.01010784126984127,0.014305741811539431,0.013503064751826653,0.012799578661431702,0.015468904446676406,0.014912202520087655,0.5245472972972973,0.33383108108108106,0.5922094594594595,0.06654729729729736,0.03779590304590308,0.12203485628485627,126,148,0.48476883610949323,0.5124999999999996,68.33576642335767,274,20
189,189.0,0.458832,0.3723040000000001,0.46791200000000005,0.4644256756756758,0.3922364864864865,0.4859256756756757,0.010070923776000001,0.014208963584000001,0.013631088256,0.0127912309623813,0.015561923803871438,0.014873636367786708,0.5295135135135135,0.3309256756756757,0.5953581081081081,0.07068151351351348,0.04137832432432437,0.12744610810810802,125,148,0.4824346337495689,0.5026351351351348,68.28571428571429,273,24
190,190.0,0.4586910569105691,0.3701626016260163,0.4702520325203252,0.4639324324324324,0.3902837837837838,0.48187162162162156,0.010067351708639037,0.014898575186727476,0.013832887699120895,0.012037373813002192,0.01544083838568298,0.014275949735208179,0.5344797297297298,0.3292702702702703,0.5906891891891892,0.07578867281916069,0.04089233135574599,0.12043715666886401,123,148,0.48179267215393384,0.5068243243243241,67.11808118081181,271,24
191,191.0,0.4560081300813008,0.37378048780487805,0.47256910569105687,0.4659523809523809,0.3922380952380952,0.4864421768707483,0.010130658470487143,0.01564691929407099,0.013689611078062,0.011839473922902495,0.015551324263038546,0.01397164801702994,0.5421428571428571,0.33876190476190476,0.5904489795918367,0.08613472706155634,0.035018583042973284,0.11787987390077986,123,147,0.47586093032482174,0.5238095238095234,66.93333333333334,270,21
192,192.0,0.4560327868852459,0.3776967213114754,0.4758442622950819,0.465658064516129,0.38709032258064513,0.4823096774193549,0.010279326793872615,0.015572506382692823,0.014340180663800054,0.012254637918834545,0.015806417648283035,0.013507633132154005,0.5417354838709677,0.3302709677419355,0.5874387096774194,0.0857026969857218,0.04742575356953993,0.11159444738233748,122,155,0.46924628510919525,0.5207741935483868,66.74007220216606,277,21
193,193.0,0.4506220472440945,0.3756377952755906,0.4763464566929134,0.4620062893081761,0.38405031446540877,0.4810440251572327,0.01027558943517887,0.015409034162068323,0.013765801227602455,0.012653817570507497,0.016006576084806774,0.01361580309323207,0.5378553459119495,0.33170440251572325,0.5840188679245284,0.08723329866785501,0.04393339275986735,0.10767241123161497,127,159,0.4685556353662924,0.5067924528301884,66.91608391608392,286,19
194,194.0,0.45195275590551176,0.3744488188976378,0.4726062992125985,0.4573496932515337,0.3817361963190184,0.48470552147239265,0.010760800917601837,0.015472152892305784,0.013322222952445905,0.013483466671685049,0.016113899732771275,0.013044232300801687,0.530042944785276,0.33210429447852763,0.583957055214724,0.07809018887976427,0.042344524419110185,0.11135075600212546,127,163,0.4578538707748546,0.4887116564417175,66.55172413793103,290,20
195,195.0,0.4460081300813008,0.38085365853658537,0.4751463414634146,0.45436363636363636,0.38065454545454547,0.482551515151515,0.010970967413576576,0.015050954193932185,0.01315472655165576,0.014457213223140496,0.016098092782369147,0.012926004921946743,0.5271212121212121,0.33195757575757573,0.5787696969696969,0.0811130820399113,0.04889608277900964,0.10362335550628232,123,165,0.4714949150364071,0.48157575757575727,66.68055555555556,288,22
196,196.0,0.4475555555555556,0.3850873015873016,0.47384126984126984,0.4517757575757576,0.38523030303030303,0.4844909090909091,0.011868024691358026,0.014716397140337616,0.012728562106324013,0.013693883048668502,0.015979449990817265,0.012879025674931129,0.5203212121212121,0.34355757575757573,0.5857636363636364,0.07276565656565648,0.04152972582972586,0.11192236652236653,126,165,0.470908232687434,0.4756363636363634,67.0446735395189,291,22
197,197.0,0.44505785123966946,0.38716528925619836,0.4735289256198347,0.4535714285714285,0.38691666666666674,0.48373809523809524,0.01238170739703572,0.014968154497643603,0.0125702326343829,0.013718471088435375,0.01582190972222222,0.013655098072562358,0.5247559523809524,0.34642261904761906,0.5792738095238095,0.07969810114128295,0.0407426702085793,0.1057448839039748,121,168,0.4797141862262584,0.47029761904761874,66.92387543252595,289,20
198,198.0,0.4474333333333333,0.38641666666666663,0.4727,0.4548941176470588,0.3877705882352941,0.48063529411764705,0.011832228888888888,0.01506382638888889,0.012671176666666666,0.01322451820069204,0.01593528266435986,0.01364583169550173,0.5324058823529411,0.35360588235294116,0.5694764705882354,0.08497254901960777,0.03281078431372547,0.09677647058823535,120,170,0.4768524658016287,0.4737058823529409,66.41379310344827,290,20
199,199.0,0.4447,0.3810666666666666,0.4721,0.4545706214689266,0.38512429378531077,0.47757627118644064,0.012130093333333333,0.01458752888888889,0.012263373333333332,0.012924787385489486,0.015948097545405215,0.013250006894570523,0.536774011299435,0.3518531073446327,0.5683785310734463,0.09207401129943504,0.0292135593220339,0.09627853107344625,120,177,0.4629213719480941,0.47141242937853073,66.11447811447812,297,21
200,200.0,0.44202479338842976,0.3774049586776859,0.47219008264462814,0.45653714285714286,0.3820457142857144,0.4763828571428571,0.012282272112560617,0.014776869066320608,0.012315360562803086,0.012482751477551022,0.015587175053061227,0.01315976770612245,0.5363542857142857,0.3444628571428572,0.5665828571428573,0.09432949232585591,0.03294210153482874,0.09439277449822914,121,175,0.45693584572974605,0.47291428571428534,66.51689189189189,296,21
201,201.0,0.4396218487394957,0.378873949579832,0.47712605042016804,0.45698245614035093,0.38395321637426905,0.4760058479532163,0.011970756161288044,0.015061774027257963,0.01163567318692183,0.01315921021852878,0.015851190793748502,0.01333247365001197,0.5381637426900585,0.3576725146198831,0.5545789473684211,0.09854189395056279,0.021201434959948917,0.07745289694825302,119,171,0.45376586431288285,0.48210526315789437,66.88620689655173,290,19
202,202.0,0.44167226890756306,0.3744033613445379,0.474,0.4581657142857143,0.3824857142857143,0.4746171428571428,0.013731363180566343,0.015622660829037497,0.010763159663865545,0.013049669681632655,0.01574950693877551,0.013301379134693876,0.5402057142857143,0.3527942857142857,0.5521542857142858,0.09853344537815123,0.02160907563025216,0.07815428571428584,119,175,0.46560585581519276,0.4738285714285712,67.45918367346938,294,18
203,203.0,0.44075438596491223,0.3735263157894737,0.4758859649122807,0.4580235294117647,0.3826176470588236,0.47549411764705873,0.013969378270236995,0.015628530009233612,0.01021624138196368,0.012903681799307959,0.015841059688581318,0.012921873494809688,0.5385764705882352,0.35871764705882353,0.5531941176470588,0.09782208462332298,0.014808668730650176,0.07730815273477815,114,170,0.48351814604901194,0.46476470588235275,67.49295774647888,284,21
204,204.0,0.43934453781512606,0.37099159663865544,0.47781512605042004,0.45512138728323703,0.3829537572254334,0.4756473988439306,0.013820780453357811,0.015891117576442345,0.009649596073723607,0.013286962143740186,0.015439049884727187,0.012461904574158841,0.543306358381503,0.3640751445086705,0.5453757225433525,0.10396182056637693,0.006916452129984929,0.0675605964929325,119,173,0.49054241849698493,0.4432369942196529,66.55479452054794,292,24
205,205.0,0.4405166666666666,0.37285,0.47733333333333333,0.4548392857142858,0.3834404761904762,0.47458928571428566,0.013646783055555556,0.016245660833333335,0.009491755555555556,0.013457122980442179,0.015966555980725626,0.012716563456632654,0.5450297619047619,0.3635952380952381,0.5448392857142857,0.10451309523809532,0.009254761904761932,0.06750595238095242,120,168,0.4792363819600471,0.4549404761904759,66.53472222222223,288,24
206,206.0,0.44233064516129034,0.37481451612903227,0.47256451612903233,0.45527647058823534,0.37981764705882354,0.4726294117647059,0.013585269706035382,0.015992441402185226,0.009185181321540064,0.013700541211072665,0.01634341968858132,0.0128116685467128,0.5400941176470588,0.3542235294117647,0.5429411764705883,0.0977634724857685,0.020590986717267556,0.07037666034155593,124,170,0.4898644765923284,0.4486470588235291,66.08163265306122,294,21
207,207.0,0.4422032520325203,0.37582113821138213,0.4749674796747968,0.45944571428571424,0.37755999999999995,0.4706971428571429,0.013510324542269811,0.01603455337431423,0.008803673739176418,0.013693767053061225,0.016309263542857146,0.012851433991836735,0.5447142857142856,0.3532285714285714,0.5410742857142857,0.10251103368176528,0.02259256678281074,0.06610680603948893,123,175,0.48642554509296165,0.4414285714285713,66.69127516778524,298,23
208,208.0,0.4425166666666667,0.375925,0.47429166666666667,0.4584137931034483,0.3805402298850575,0.47066666666666657,0.013575683055555555,0.016203469375,0.008213323263888888,0.01389470233848593,0.01602867366891267,0.012743980842911876,0.5375747126436782,0.35597126436781606,0.5377988505747127,0.09505804597701145,0.019953735632183944,0.063507183908046,120,174,0.4848715806096978,0.45793103448275835,66.95578231292517,294,19
209,209.0,0.44565853658536586,0.37566666666666665,0.4722195121951219,0.4571676300578035,0.3808034682080924,0.47009826589595366,0.013870761451516955,0.01637830352303523,0.008362659131469365,0.013930717564903605,0.016193579872364597,0.012746250459420629,0.5396300578034683,0.3596473988439306,0.5356127167630058,0.09397152121810243,0.01601926782273605,0.06339320456788389,123,173,0.4761912108244559,0.4430635838150287,66.94594594594595,296,18
210,210.0,0.4469243697478992,0.37223529411764705,0.47540336134453776,0.4565029239766081,0.3838947368421053,0.47307017543859653,0.013950322011157404,0.01640572614928324,0.007983786879457668,0.01396688157039773,0.015684912896275778,0.012743269929208984,0.5376432748538011,0.3585906432748538,0.5422456140350878,0.09071890510590197,0.01364465084279326,0.06684225269055,119,171,0.4624673209688091,0.4466081871345026,67.51724137931035,290,23
211,211.0,0.4492314049586777,0.3704380165289256,0.475595041322314,0.4561781609195402,0.38788505747126434,0.47553448275862065,0.0137517811624889,0.016392279215900557,0.007971282289461102,0.0138100544655833,0.015381883339939225,0.012213858006341654,0.5363333333333333,0.3603735632183908,0.5478045977011494,0.08710192837465563,0.010064453310534793,0.07220955637883542,121,174,0.4524441787194246,0.4487356321839078,67.49491525423728,295,24
212,212.0,0.4491382113821138,0.3669186991869919,0.47555284552845534,0.460878612716763,0.38624855491329485,0.4727803468208092,0.01304595650736995,0.01612638363408024,0.008198653711415163,0.012533794513682382,0.014889423769588024,0.01209573209930168,0.5498381502890173,0.3548381502890174,0.5487803468208093,0.10069993890690349,0.012080548897974497,0.073227501292354,123,173,0.455224784866316,0.4501156069364159,67.20945945945945,296,24
213,213.0,0.4495508474576271,0.3645762711864407,0.47674576271186453,0.46242528735632193,0.38935057471264367,0.47443678160919533,0.012572959278942829,0.016028922148807814,0.008248765871875898,0.011419485797331222,0.014751388591623728,0.01224542991148104,0.5518390804597701,0.36047126436781607,0.548316091954023,0.10228823300214307,0.004105006818624635,0.07157032924215845,118,174,0.4636000258442102,0.46425287356321815,67.77397260273973,292,21
214,214.0,0.4521379310344828,0.3688275862068966,0.4759655172413794,0.4650862068965517,0.3868390804597701,0.47358045977011487,0.012447049940546963,0.015377659928656364,0.008143257431629013,0.011214044292508918,0.014882721231338356,0.012468772261857577,0.559655172413793,0.35874137931034483,0.5471896551724139,0.10751724137931024,0.010086206896551764,0.07122413793103449,116,174,0.4745689305513936,0.46367816091953995,68.3896551724138,290,21
215,215.0,0.4531724137931034,0.3674224137931035,0.4724655172413793,0.4643542857142857,0.3838342857142857,0.4740228571428572,0.012376280618311536,0.015307709497621879,0.007866369500594531,0.01141524591020408,0.014540229681632653,0.012003828048979592,0.5502742857142857,0.3557828571428571,0.5493028571428572,0.0971018719211823,0.011639556650246352,0.0768373399014779,116,175,0.4634288541358785,0.4707999999999998,68.93127147766323,291,22
216,216.0,0.452301724137931,0.3725,0.4744310344827586,0.46352513966480446,0.38103910614525144,0.4739050279329609,0.012497003790130797,0.01448516379310345,0.007808503864447089,0.011286752161293344,0.01409638394556974,0.011596655784775756,0.5493798882681564,0.35258100558659217,0.5533128491620112,0.09707816413022541,0.01991899441340783,0.0788818146792526,116,179,0.45977258198072296,0.46139664804469244,68.52881355932203,295,26
217,217.0,0.45034782608695656,0.3715130434782609,0.4737478260869566,0.4639942857142858,0.3825657142857143,0.47408571428571433,0.012682696408317578,0.01452351939508507,0.007545666843100188,0.01168627996734694,0.014171948538775509,0.012286981224489795,0.5506342857142856,0.35582285714285716,0.5507428571428571,0.10028645962732907,0.015690186335403755,0.0769950310559005,115,175,0.45649851720574636,0.4913714285714283,68.6,290,21
218,218.0,0.4507522123893805,0.36828318584070796,0.4730353982300885,0.46246927374301683,0.38105586592178764,0.4744916201117319,0.012612522672096485,0.014302220690735376,0.008278812906257342,0.01169236078774071,0.014587605817546267,0.012083735963297025,0.5531061452513967,0.35162011173184354,0.5463631284916202,0.10235393286201616,0.016663074108864417,0.07332773026153167,113,179,0.44816583638989677,0.4838547486033517,68.01369863013699,292,23
219,219.0,0.45017857142857143,0.3693571428571429,0.4737589285714286,0.46138888888888896,0.3816833333333334,0.4746444444444445,0.012484414540816327,0.014419229591836735,0.008336682955994898,0.011457426543209878,0.014592038611111111,0.012021429135802468,0.5538222222222222,0.3553111111111111,0.5469611111111111,0.10364365079365079,0.014046031746031806,0.07320218253968253,112,180,0.4280489900372106,0.4977777777777775,68.26712328767124,292,21
220,220.0,0.44561111111111107,0.37332407407407414,0.4730925925925926,0.459672131147541,0.38296721311475396,0.4740601092896174,0.01277329320987654,0.014951515346364882,0.008570306241426613,0.011228832392725971,0.01449253444414584,0.011843608408731226,0.5537759562841529,0.3624918032786885,0.5423387978142076,0.10816484517304181,0.010832270795385623,0.06924620522161495,108,183,0.41217771295063155,0.5044262295081965,67.52920962199313,291,23
221,221.0,0.44635238095238094,0.3744190476190476,0.4688285714285715,0.45848022598870064,0.3827175141242938,0.47258192090395484,0.013187180589569162,0.014719938684807258,0.008516027755102042,0.011432577292604298,0.01443500494749274,0.0120065257748412,0.5563163841807909,0.3608587570621469,0.5422033898305084,0.10996400322840993,0.013560290556900723,0.07337481840193694,105,177,0.43548981067446024,0.5103954802259884,67.74113475177305,282,22
222,222.0,0.4479904761904762,0.37739999999999996,0.4666571428571429,0.4595747126436782,0.3791321839080459,0.47296551724137936,0.013699323718820863,0.014683878095238096,0.00866439673469388,0.011131704188135817,0.01488085034350641,0.012042757431629011,0.5546954022988505,0.3584655172413793,0.5434425287356321,0.10670492610837429,0.01893448275862064,0.07678538587848927,105,174,0.43277109540073144,0.5254597701149423,68.3010752688172,279,21
223,223.0,0.4468828828828828,0.37833333333333335,0.4695315315315315,0.46055113636363637,0.37433522727272733,0.4690113636363636,0.013262103400697993,0.014310168168168167,0.008634068825582339,0.011455588294163222,0.015165472849948347,0.011643022598140497,0.5587556818181819,0.3591306818181818,0.5336647727272728,0.11187279893529911,0.019202651515151548,0.06413324119574126,111,176,0.4326559603444789,0.5124431818181815,67.98257839721255,287,23
224,224.0,0.44627102803738317,0.36919626168224295,0.46307476635514017,0.46216292134831455,0.3743483146067415,0.4688483146067416,0.01374391719800856,0.012931634378548345,0.009116592540833262,0.011309406040903927,0.014949844969069561,0.011561117440979672,0.5656741573033708,0.35850000000000004,0.5340393258426966,0.11940312926598762,0.010696261682242914,0.07096455948755648,107,178,0.46578845815845116,0.5081460674157301,68.60350877192982,285,23
225,225.0,0.43742156862745096,0.3714313725490195,0.4674803921568626,0.4614245810055866,0.37434078212290506,0.4662569832402235,0.012994498750480584,0.013072500192233756,0.008815680988081507,0.01127256833432165,0.014790302861958116,0.011416995412128211,0.5646145251396648,0.35443575418994416,0.5330726256983241,0.12719295651221385,0.016995618359075315,0.06559223354146154,102,179,0.47861650971616226,0.5079329608938545,68.55516014234875,281,24
226,226.0,0.43779047619047623,0.37001904761904764,0.4683428571428571,0.46209836065573767,0.3722677595628415,0.4634371584699453,0.012895860861678004,0.012505961541950114,0.008875158639455783,0.010944667920809819,0.014575802621756397,0.010950836214876527,0.567311475409836,0.34904918032786886,0.5314863387978143,0.12952099921935972,0.02096986729117878,0.06314348165495715,105,183,0.47548406278803657,0.505245901639344,67.59027777777777,288,22
227,227.0,0.4395454545454546,0.37111818181818185,0.472409090909091,0.4615668449197861,0.370422459893048,0.46284491978609626,0.013413902479338847,0.012386431487603307,0.008610223553719008,0.010979122537104294,0.01443331350624839,0.010792933169378592,0.568475935828877,0.34521390374331556,0.5340374331550802,0.12893048128342244,0.025904278074866283,0.06162834224598923,110,187,0.4934764946758201,0.49101604278074834,68.18181818181819,297,19
228,228.0,0.44418749999999996,0.37041071428571426,0.4704821428571429,0.46190909090909094,0.36544385026737963,0.4634224598930481,0.013077223772321428,0.012023313456632654,0.00869055325255102,0.010630467671366068,0.014487209414052446,0.010514522062398123,0.5726737967914439,0.3512513368983957,0.5297860962566845,0.12848629679144397,0.019159377387318544,0.05930395339954159,112,187,0.47019710316491864,0.4888770053475932,67.21404682274247,299,21
229,229.0,0.4416153846153846,0.3731367521367521,0.47467521367521365,0.461828729281768,0.36529834254143645,0.46048618784530393,0.012800544378698224,0.012463126597998394,0.00877921075315947,0.009804517627667046,0.014220032538689295,0.010216481853423276,0.5760828729281768,0.35338121546961326,0.5223977900552487,0.13446748831279226,0.019755536667138862,0.04772257638003502,117,181,0.49520008047235586,0.4636464088397787,66.55369127516778,298,20
230,230.0,0.4396949152542374,0.37161016949152537,0.4705593220338983,0.4619281767955802,0.36334806629834265,0.46215469613259674,0.012539144211433496,0.013019983625395004,0.008116127836828498,0.00996251970330576,0.014243652330514943,0.010149887671316502,0.5715911602209944,0.3485524861878453,0.5234806629834254,0.13189624496675706,0.023057683303680077,0.05292134094952716,118,181,0.4955045095064517,0.46342541436464063,67.11036789297658,299,20
231,231.0,0.44005932203389836,0.3703813559322034,0.47555932203389834,0.4599085714285715,0.36122857142857145,0.4626457142857143,0.012677343938523412,0.01316210033036484,0.007602856650387817,0.009754677355102041,0.014367456326530612,0.009527485910204083,0.5746628571428571,0.3413942857142857,0.5301485714285715,0.13460353510895878,0.028987070217917688,0.05458924939467319,118,175,0.4950174419245078,0.4692571428571425,66.9419795221843,293,22
232,232.0,0.4427844827586207,0.3739827586206897,0.47556896551724137,0.4587954545454545,0.35955681818181817,0.4620000000000001,0.011428203552318666,0.012624689357907256,0.00802460731272295,0.00953509452479339,0.014503701317148761,0.008794863636363635,0.5753693181818181,0.3387556818181818,0.535875,0.13258483542319743,0.03522707680250792,0.06030603448275862,116,176,0.4911203092832032,0.4647159090909087,66.92123287671232,292,24
233,233.0,0.440675,0.37137500000000007,0.47600000000000003,0.46036571428571427,0.35865142857142857,0.4577828571428571,0.011039886041666665,0.012934867708333334,0.007819383333333334,0.009562574824489797,0.014690889926530613,0.008241747134693875,0.5841828571428571,0.33528,0.5367542857142857,0.14350785714285713,0.036095000000000044,0.060754285714285705,120,175,0.5022532055615571,0.46777142857142834,66.77627118644068,295,21
234,234.0,0.4407372881355932,0.3738728813559322,0.4794491525423728,0.46027683615819204,0.3566949152542373,0.45816949152542374,0.011218973355357655,0.01217512790864694,0.007237060973858086,0.009586347090555078,0.014590505793354396,0.008101214210475917,0.5838700564971752,0.32461016949152544,0.5385875706214689,0.14313276836158195,0.04926271186440678,0.05913841807909609,118,177,0.49078552432725575,0.4774011299435025,66.49152542372882,295,20
235,235.0,0.4402857142857142,0.3741428571428571,0.47835294117647054,0.4631243243243243,0.3565135135135135,0.45566486486486485,0.011158876350540217,0.01211906362545018,0.007298144340088975,0.009716757516435354,0.014066163330898466,0.0087533903871439,0.5857783783783784,0.31789729729729727,0.5406162162162161,0.1454926640926642,0.056245559845559845,0.0622632750397456,119,185,0.4510921301100987,0.472324324324324,66.50657894736842,304,25
236,236.0,0.4401864406779661,0.37300847457627123,0.47817796610169483,0.46427659574468083,0.35748936170212775,0.457590425531915,0.010594372019534615,0.012555974504452743,0.007398163243320885,0.009872072430964237,0.013705611588954277,0.008767529057265732,0.5796063829787234,0.317936170212766,0.546031914893617,0.13941994230075727,0.05507230436350524,0.06785394879192219,118,188,0.4608497498040021,0.4805851063829784,66.4673202614379,306,22
237,237.0,0.4428595041322314,0.37337190082644633,0.4785206611570249,0.46566666666666673,0.3574098360655738,0.45940437158469943,0.010350484393142545,0.01229372119390752,0.007363456184686839,0.010157806921675774,0.013139170832213564,0.008720295500014928,0.578983606557377,0.31709289617486336,0.5487540983606557,0.1361241024251456,0.056279004651582976,0.07023343720363079,121,183,0.44976418610660807,0.48338797814207624,65.85526315789474,304,21
238,238.0,0.4438524590163935,0.37221311475409835,0.47793442622950827,0.46725824175824177,0.3581043956043956,0.46129670329670325,0.01092771593657619,0.012094364418167159,0.00807214324106423,0.010149202541963531,0.012912829760898444,0.008791560318802075,0.5808461538461538,0.3259230769230769,0.5458736263736264,0.13699369482976032,0.046290037831021424,0.06793920014411808,122,182,0.4536024175000122,0.4874175824175821,66.58881578947368,304,22
239,239.0,0.44563934426229507,0.37144262295081965,0.4777131147540984,0.4675245901639345,0.358551912568306,0.4600437158469945,0.010721345337274927,0.012043246707874227,0.008078483270626175,0.01013846797455881,0.012890607960822954,0.00865600901788647,0.5785792349726776,0.3223661202185792,0.5466284153005464,0.13293989071038254,0.04907650273224046,0.06891530054644801,122,183,0.4360385405712775,0.4948633879781418,67.22295081967214,305,18
240,240.0,0.442496,0.372824,0.47785600000000006,0.4653555555555555,0.35795000000000005,0.45857777777777786,0.009841737984,0.011872081024,0.007828763264,0.010133029135802468,0.012270614166666666,0.008712310617283949,0.5740166666666666,0.32611666666666667,0.5434444444444444,0.13152066666666662,0.04670733333333332,0.06558844444444434,125,180,0.43464329686606706,0.4829444444444442,66.84590163934426,305,21
241,241.0,0.4412016129032258,0.37067741935483883,0.476233870967742,0.4633867403314917,0.35988397790055254,0.46328176795580117,0.009227919029656605,0.011507444328824144,0.007832469497918835,0.01006023717224749,0.011683616373126584,0.008809671988034553,0.5651933701657459,0.3333480662983425,0.5482044198895029,0.1239917572625201,0.03732935305649632,0.07197054892176086,124,181,0.43561301580994716,0.48751381215469586,66.1672131147541,305,18
242,242.0,0.441155737704918,0.37763114754098365,0.4738934426229508,0.46326519337016575,0.3613149171270718,0.4613756906077348,0.009034508532652512,0.010718216406879871,0.007859521432410642,0.009975421385183604,0.011537132871401972,0.009615483165959525,0.5619723756906078,0.33843093922651935,0.5439668508287293,0.12081663798568976,0.0392002083144643,0.07007340820577851,122,181,0.4502944437568095,0.48475138121546935,65.66006600660066,303,18
243,243.0,0.43978333333333336,0.3771583333333333,0.46970833333333334,0.46572316384180784,0.3600734463276836,0.4602937853107345,0.009246686388888889,0.010628233263888889,0.008604323263888889,0.009692753870216094,0.011415616074563503,0.010075653803185546,0.568316384180791,0.33114124293785313,0.54654802259887,0.12853305084745764,0.04601709039548019,0.07683968926553669,120,177,0.4624039025738218,0.4846327683615816,66.24915824915826,297,21
244,244.0,0.4394705882352941,0.3729327731092438,0.4713277310924369,0.4647443181818181,0.3587897727272727,0.46276704545454544,0.009222282748393476,0.009855205564578771,0.008711665701574747,0.00972580394498967,0.011223018304493801,0.009813417323088843,0.56575,0.32841477272727276,0.5503295454545455,0.12627941176470586,0.04451800038197101,0.07900181436210857,119,176,0.45897095586433206,0.4802840909090906,66.13559322033899,295,25
245,245.0,0.43923275862068967,0.37012931034482754,0.4698362068965517,0.4641761363636363,0.35926136363636363,0.4626079545454546,0.008873626857907253,0.009790785002972653,0.009106430068370986,0.009546281475981404,0.011253795325413223,0.009803045163997935,0.5663977272727272,0.3274034090909091,0.5481363636363636,0.12716496865203752,0.04272590125391845,0.07830015673981194,116,176,0.48356796241320754,0.49170454545454517,66.8013698630137,292,19
246,246.0,0.4378547008547009,0.36776068376068377,0.4706410256410256,0.46308938547486034,0.35810055865921786,0.4606927374301676,0.008612431879611368,0.010184164949959822,0.009078606180144642,0.009526360725320681,0.011352727318123654,0.009842548047813739,0.5660391061452514,0.3224413407821229,0.5492122905027934,0.12818440529055053,0.045319342978560884,0.0785712648617678,117,179,0.4715404775788502,0.49882681564245773,67.46621621621621,296,18
247,247.0,0.43459999999999993,0.3656608695652175,0.47089565217391305,0.46243999999999996,0.3568571428571429,0.4594057142857142,0.007652900869565217,0.010247041512287332,0.00902510215500945,0.009730897828571427,0.011716431020408162,0.010260881110204081,0.5690171428571429,0.31648,0.5541200000000002,0.13441714285714296,0.0491808695652175,0.08322434782608712,115,175,0.4820082982072497,0.49834285714285687,67.17931034482758,290,18
248,248.0,0.4373529411764706,0.3638403361344538,0.4668823529411764,0.4607803468208092,0.35800578034682085,0.4580809248554913,0.007512867029164607,0.009846655179718946,0.008613650024715768,0.009885778342076247,0.01187635256774366,0.010713080156370075,0.5684739884393064,0.3245202312138728,0.5508901734104047,0.1311210472628358,0.03932010492058102,0.08400782046922828,119,173,0.47635228466037294,0.4908092485549129,67.62671232876713,292,22
249,249.0,0.4350420168067227,0.36500000000000005,0.4672941176470587,0.461316384180791,0.35905084745762716,0.45494915254237284,0.008058578066520727,0.009821714285714286,0.008146123578843301,0.009868792556417377,0.011333042612276169,0.010599053911711195,0.5716271186440678,0.31745197740112996,0.5517175141242938,0.13658510183734507,0.04754802259887009,0.08442339647723512,119,177,0.4589390174565298,0.49881355932203353,67.51689189189189,296,23
250,250.0,0.43381147540983606,0.3689098360655738,0.4670409836065573,0.46187428571428574,0.35933714285714285,0.45625142857142853,0.008245841507659233,0.009685278755710831,0.007781186844934157,0.00955092133877551,0.011221697763265304,0.010795171069387755,0.5735657142857142,0.3166171428571429,0.5533542857142857,0.13975423887587818,0.05229269320843094,0.08631330210772836,122,175,0.47592364158913114,0.4856571428571425,67.91245791245791,297,23
251,251.0,0.43381147540983606,0.3689098360655738,0.4670409836065573,0.46208000000000005,0.35982857142857144,0.4556171428571428,0.008245841507659233,0.009685278755710831,0.007781186844934157,0.009351570742857144,0.010827582040816327,0.010300819134693879,0.57504,0.31102857142857143,0.5562171428571429,0.14122852459016394,0.05788126463700238,0.08917615925058553,122,175,0.46879879842478017,0.49514285714285683,68.58585858585859,297,20
252,252.0,0.43077499999999996,0.37159166666666665,0.4669916666666667,0.4622045454545454,0.36043749999999997,0.4570965909090908,0.008262991041666666,0.009616541597222222,0.008711424930555553,0.009312117252066116,0.010990109730113636,0.010528416806559917,0.5692499999999999,0.3079375,0.5615227272727273,0.13847499999999996,0.06365416666666668,0.09453106060606065,120,176,0.46681389615763114,0.4968181818181815,69.20945945945945,296,21
253,253.0,0.4278103448275861,0.36826724137931033,0.47418103448275856,0.4601436781609195,0.36009195402298855,0.4576321839080459,0.008009895065398337,0.01005690271997622,0.008312768950653983,0.009569858666930902,0.011138175452503632,0.010409565860747788,0.5718965517241379,0.31157471264367814,0.5582816091954023,0.14408620689655177,0.056692528735632186,0.0841005747126437,116,174,0.460900491551675,0.49402298850574683,68.18620689655172,290,22
254,254.0,0.4233247863247863,0.3717094017094017,0.4759059829059829,0.45980813953488375,0.3556860465116279,0.4546337209302326,0.007825227847176566,0.009862359997077947,0.008005452699247571,0.009761294584910764,0.011266843293672255,0.010343394909410492,0.5762790697674419,0.3045697674418605,0.5503255813953488,0.1529542834426556,0.06713963426754121,0.07441959848936591,117,172,0.4578311789400374,0.5143023255813951,67.95501730103807,289,18
255,255.0,0.424976,0.37088799999999994,0.476376,0.45777906976744187,0.35839534883720936,0.4561802325581395,0.008115863424,0.009517779455999999,0.007765738623999998,0.00975339305029746,0.0111540530016225,0.01009599658599243,0.57575,0.3138139534883721,0.548674418604651,0.15077399999999996,0.05707404651162784,0.07229841860465103,125,172,0.45296183786253225,0.5098837209302323,67.73737373737374,297,16
256,256.0,0.4223100775193799,0.37042635658914724,0.4767209302325581,0.4567380952380952,0.3593690476190476,0.4550892857142857,0.00816492710774593,0.009534957754942612,0.0075517205696773015,0.009663955215419502,0.011136661422902493,0.010250426551870747,0.5740357142857142,0.31857142857142856,0.5471309523809524,0.15172563676633433,0.05185492801771868,0.07041002214839431,129,168,0.4505730163337845,0.49892857142857105,67.71380471380472,297,17
257,257.0,0.42114285714285715,0.37224060150375937,0.4768496240601503,0.45430722891566266,0.3583915662650602,0.45648192771084334,0.007876904403866809,0.009457851885352479,0.007372744304369947,0.009514646574248803,0.011227864748149224,0.01040941834809116,0.5749578313253012,0.31638554216867465,0.545566265060241,0.15381497418244405,0.05585505933508472,0.06871664100009067,133,166,0.4632577902811054,0.47710843373493944,66.89632107023411,299,17
258,258.0,0.421578947368421,0.37184210526315786,0.47909022556390973,0.45455621301775145,0.3580059171597633,0.4585621301775148,0.007665792639493471,0.009588268302334784,0.00695648809994912,0.009703122579741607,0.011381260320016807,0.01039386744161619,0.579715976331361,0.3188520710059172,0.5536627218934912,0.15813702896293996,0.05299003425724064,0.07457249632958146,133,169,0.4567210638092337,0.4744378698224849,66.6456953642384,302,17
259,259.0,0.42151162790697677,0.3695271317829457,0.47830232558139535,0.45344311377245516,0.35961676646706586,0.4589461077844312,0.007733428159365423,0.009518404302626047,0.007048784568235082,0.009773109039406218,0.011151230377568218,0.01032439829323389,0.5794790419161676,0.319311377245509,0.5573413173652694,0.15796741400919084,0.05021575453743671,0.07903899178387402,129,167,0.43687726536723476,0.4925748502994008,67.23648648648648,296,18
260,260.0,0.42124800000000007,0.374128,0.47835999999999995,0.44899999999999995,0.3563636363636363,0.4665636363636364,0.007736442496,0.009029967616,0.006650086400000001,0.009374727272727272,0.011404255647382922,0.009032439889807162,0.5722363636363635,0.3185878787878788,0.5647999999999999,0.15098836363636348,0.05554012121212121,0.0864399999999999,125,165,0.43714949859716595,0.493333333333333,67.5896551724138,290,23
261,261.0,0.421656,0.37187200000000004,0.48059199999999985,0.44898181818181815,0.3537939393939393,0.46913939393939386,0.007708657663999999,0.009214335616,0.006547601536,0.009148648154269974,0.011685496932966024,0.008617598751147842,0.5741333333333334,0.3180969696969697,0.5615393939393939,0.1524773333333334,0.053775030303030324,0.08094739393939404,125,165,0.4541838491796878,0.5029090909090906,68.00689655172414,290,17
262,262.0,0.42223387096774206,0.3695967741935484,0.47966129032258065,0.44757317073170744,0.3521768292682927,0.4701951219512195,0.007817372723725286,0.009274047086368364,0.006713546566077003,0.008847061719214754,0.011429487024092801,0.008448827781082687,0.5729573170731708,0.314530487804878,0.5638536585365854,0.1507234461054287,0.055066286388670393,0.08419236821400478,124,164,0.4578381644884745,0.49304878048780454,68.52083333333333,288,21
263,263.0,0.42150400000000005,0.36884799999999995,0.47756,0.4494814814814815,0.35071604938271606,0.4690617283950617,0.007913721984,0.009388144896000001,0.006469302399999999,0.008901323731138548,0.011881511964639536,0.008466144337753393,0.5760740740740741,0.3137345679012346,0.5648148148148148,0.15457007407407403,0.05511343209876535,0.08725481481481479,125,162,0.4863125385570276,0.48074074074074047,68.13240418118467,287,20
264,264.0,0.4251735537190082,0.37354545454545446,0.47746280991735535,0.4486060606060607,0.35186060606060604,0.47223030303030306,0.007602226077453726,0.008613057851239671,0.006562727955740727,0.00876572966023875,0.011976544205693298,0.007999062112029385,0.572860606060606,0.3211272727272727,0.5635636363636364,0.14768705234159774,0.05241818181818175,0.08610082644628103,121,165,0.5091903362139276,0.4707878787878785,68.39160839160839,286,21
265,265.0,0.42619008264462804,0.3697933884297521,0.47765289256198346,0.4465481927710844,0.35591566265060237,0.4758433734939759,0.0071762531247865574,0.00868594904719623,0.006465780342872754,0.009044235629264043,0.012016812164319931,0.007839879082595442,0.5692771084337349,0.33107831325301207,0.5586445783132531,0.14308702578910687,0.038715075176740055,0.08099168575126964,121,166,0.500815862020925,0.4804216867469877,68.97560975609755,287,21
266,266.0,0.427015748031496,0.3666692913385826,0.47859055118110233,0.44887425149700594,0.3570778443113772,0.47671257485029933,0.007115732035464071,0.008871433938867877,0.006288289044578089,0.008811535085517588,0.011834694539065582,0.007969510201154576,0.5712814371257485,0.3329640718562874,0.561377245508982,0.14426568909425252,0.03370521948229521,0.08278669432787972,127,167,0.49458329136772644,0.4773652694610775,68.88775510204081,294,19
267,267.0,0.4306412213740458,0.3678167938931298,0.4794809160305344,0.44835582822085884,0.35811042944785276,0.481441717791411,0.006971512499271605,0.00897756948895752,0.006165547345725773,0.008803333508976626,0.011712993940306372,0.007622945989687229,0.5662822085889571,0.34178527607361964,0.5609509202453988,0.13564098721491125,0.026031517819510186,0.08147000421486444,131,163,0.4908227594590169,0.4857668711656439,69.50340136054422,294,16
268,268.0,0.42616793893129773,0.36751908396946564,0.48379389312977095,0.4478937500000001,0.35738125,0.48043125,0.0064588420255229885,0.009299455742672338,0.0056138582833168225,0.008951207460937501,0.0120213233984375,0.0073904952734375005,0.57131875,0.34315625,0.55323125,0.14515081106870226,0.024362833969465647,0.069437356870229,131,160,0.5049770671553647,0.4577499999999997,69.24742268041237,291,21
269,269.0,0.425015625,0.3680703125,0.4818828125,0.4493855421686746,0.35628915662650595,0.4822228915662651,0.0067347028808593746,0.009023737243652345,0.005478040954589843,0.009386815212657862,0.011907169400493542,0.007016823813325591,0.572289156626506,0.3359638554216867,0.5538192771084337,0.14727353162650603,0.03210645707831328,0.07193646460843373,128,166,0.4907999539713713,0.4501204819277106,69.9047619047619,294,22
270,270.0,0.4267293233082706,0.3709699248120301,0.4847293233082706,0.44716363636363643,0.3623090909090909,0.48290909090909095,0.007048302673978178,0.00924951789247555,0.005287024478489457,0.00895030655647383,0.011461716584022036,0.007005912947658403,0.5687878787878787,0.34806666666666664,0.5510181818181817,0.1420585554796081,0.02290325814536348,0.06628885850991112,133,165,0.49720193065087265,0.44696969696969663,68.98993288590604,298,20
271,271.0,0.42754477611940295,0.37385820895522387,0.4832164179104478,0.44757317073170744,0.3632865853658537,0.4839939024390244,0.006858471875696146,0.008426226163956338,0.004713856148362663,0.008791098304580608,0.011976997137120759,0.006808603621356336,0.5642439024390244,0.353859756097561,0.5483719512195122,0.1366991263196215,0.019998452857662885,0.06515553330906443,134,164,0.48797486732230955,0.45365853658536553,68.60402684563758,298,21
272,272.0,0.42657462686567166,0.375544776119403,0.48607462686567154,0.4483416149068323,0.3690869565217391,0.4896521739130435,0.006570871296502562,0.008086576353308087,0.004555666072621965,0.008458398827205742,0.012615222252227923,0.006533444234404537,0.5610062111801243,0.3593478260869565,0.5582173913043478,0.13443158431445262,0.016196950032446533,0.07214276443867623,134,161,0.48247147190223005,0.44614906832298107,68.0406779661017,295,25
273,273.0,0.42724626865671633,0.3779402985074627,0.48490298507462687,0.45046875000000003,0.370175,0.48801875,0.00647061845622633,0.007732474047672089,0.0045334756627311195,0.0083408490234375,0.013207231875,0.0065787933984375,0.5631250000000001,0.3626875,0.555175,0.13587873134328377,0.015252798507462695,0.0702720149253731,134,160,0.49499872082562574,0.44824999999999965,67.62244897959184,294,22
274,274.0,0.429,0.3794701492537313,0.48508955223880607,0.4496219512195122,0.36854268292682923,0.48698780487804877,0.006510014925373133,0.00812063716863444,0.004417454666963688,0.008102966835217135,0.013207735983045806,0.006590536436644855,0.5648353658536586,0.36302439024390243,0.5502926829268292,0.13583536585365857,0.016445759009828864,0.06520313068802314,134,164,0.4817367691437732,0.4429268292682924,67.87248322147651,298,25
275,275.0,0.43002962962962965,0.3797777777777778,0.4852666666666666,0.4504512195121951,0.3653475609756097,0.48593292682926836,0.006691199122085049,0.007975106172839507,0.004203099259259259,0.008106003718024985,0.013026714567221891,0.006511099159726353,0.5688963414634147,0.364890243902439,0.5456463414634146,0.13886671183378507,0.01488753387533881,0.060379674796747995,135,164,0.48428971034278523,0.44817073170731675,67.84949832775919,299,18
276,276.0,0.4323777777777778,0.37882962962962957,0.4850962962962963,0.45186956521739136,0.36283229813664597,0.4855031055900621,0.006562946172839505,0.008038408010973936,0.00407539072702332,0.008011790440183636,0.01317943150341422,0.006477864897187608,0.5710621118012422,0.3594409937888199,0.5414285714285715,0.13868433402346442,0.019388635840809687,0.05633227513227518,135,161,0.4720846639275757,0.4606832298136643,68.33445945945945,296,17
277,277.0,0.4349785714285715,0.37544285714285713,0.4845,0.4541012658227849,0.3642974683544304,0.4858227848101267,0.006628078112244897,0.007746718163265306,0.004039435714285715,0.007932255568017946,0.012948981132831276,0.006308082518827111,0.5726582278481012,0.35519620253164563,0.5386962025316455,0.13767965641952967,0.0202466546112115,0.05419620253164553,140,158,0.46715904954472337,0.4554430379746832,68.56375838926175,298,20
278,278.0,0.43819148936170216,0.3728156028368794,0.48616312056737593,0.4544480519480519,0.36770779220779215,0.4833636363636363,0.006566438509129319,0.007902448267189778,0.003941356370403903,0.00797067587282847,0.013038128900320458,0.006320387249114522,0.5775324675324676,0.3532142857142857,0.5349415584415584,0.1393409781707654,0.01960131712259372,0.04877843787418251,141,154,0.46415001279338586,0.45227272727272694,68.52542372881356,295,22
279,279.0,0.4379784172661871,0.3760719424460432,0.4880719424460432,0.45547096774193546,0.36403870967741936,0.48214193548387096,0.0065342513327467525,0.007503462450183738,0.003878901299104602,0.00793276528616025,0.012887611404786682,0.006094405660770031,0.5801677419354839,0.35398709677419354,0.5350193548387097,0.14218932466929685,0.02208484567184965,0.04694741239266648,139,155,0.468434733861051,0.44451612903225773,68.68707482993197,294,23
280,280.0,0.4378156028368794,0.3767446808510638,0.48892198581560287,0.4548064516129032,0.3668903225806452,0.48129032258064514,0.006480944721090488,0.007812885166742115,0.0038781428499572454,0.007717691571279917,0.012655891196670134,0.006334051196670136,0.576883870967742,0.35557419354838715,0.5256258064516127,0.13906826813086254,0.02117048730267662,0.036703820636009854,141,155,0.46756606582284826,0.4439999999999997,68.61824324324324,296,22
281,281.0,0.43798601398601394,0.37877622377622383,0.4884195804195804,0.45556129032258064,0.37150967741935487,0.48257419354838715,0.006717454349845958,0.008146201672453422,0.004133054721502274,0.00781402688865765,0.012302624099895942,0.006261418688865764,0.5786516129032259,0.36277419354838714,0.5190645161290324,0.14066559891721192,0.016002030227836694,0.03064493570945198,143,155,0.4670043532367056,0.43909677419354814,68.81208053691275,298,20
282,282.0,0.44239999999999996,0.3798965517241379,0.4863448275862069,0.45565333333333324,0.37105333333333335,0.48299999999999993,0.007403053793103448,0.007635389298454221,0.004277729369797859,0.007867199822222224,0.012454917155555554,0.0061160933333333336,0.5803133333333333,0.35823333333333335,0.5227733333333333,0.1379133333333334,0.02166321839080454,0.036428505747126416,145,150,0.475323688046081,0.44139999999999957,68.71186440677967,295,20
283,283.0,0.44426388888888885,0.381,0.4862986111111111,0.456722972972973,0.3715945945945946,0.4819527027027027,0.007541860918209876,0.007515736111111111,0.004340792775848766,0.00788729487764792,0.012503619430241048,0.006116207222425127,0.5843513513513514,0.3588040540540541,0.5244864864864864,0.14008746246246256,0.022195945945945927,0.038187875375375324,144,148,0.46763503935224193,0.442905405405405,69.16095890410959,292,22
284,284.0,0.4459929078014185,0.3854255319148936,0.4891631205673758,0.4548581081081081,0.3695337837837838,0.4806554054054055,0.007915921935516324,0.007446854383582315,0.004420845732106032,0.007849310947772099,0.012310208318115412,0.005815158281592403,0.5886351351351351,0.34610135135135134,0.5259662162162162,0.14264222733371662,0.039324180563542255,0.03680309564884038,141,148,0.47884781267821197,0.4538513513513511,69.34256055363322,289,19
285,285.0,0.4483956834532374,0.38471942446043167,0.4889424460431655,0.45448322147651,0.36826845637583894,0.48041610738255036,0.007883347031727135,0.0070256407018270284,0.004518399565239894,0.007729122201702627,0.0122148809513085,0.005837222827800549,0.5872885906040268,0.3391275167785235,0.5293758389261746,0.13889290715078945,0.045591907681908184,0.04043339288300907,139,149,0.4717870742753851,0.46067114093959705,69.43055555555556,288,21
286,286.0,0.4482877697841726,0.38784892086330935,0.4903597122302158,0.4537567567567568,0.3692094594594595,0.48160810810810806,0.00790315459862326,0.00745251674343978,0.004757626002794886,0.0075594408327246156,0.01235800342403214,0.005655643718042367,0.5959121621621623,0.3357702702702703,0.5328648648648648,0.14762439237798963,0.052078650593039066,0.042505152634649046,139,148,0.4653403812521387,0.461824324324324,69.59233449477352,287,20
287,287.0,0.448625,0.38780882352941176,0.49046323529411767,0.4474718309859155,0.3679507042253521,0.48240845070422533,0.007966160845588235,0.007571257569204152,0.004916836883650519,0.006734305544534814,0.011808384893870266,0.00560641063281095,0.5822605633802818,0.32800000000000007,0.5365070422535211,0.13363556338028176,0.05980882352941169,0.04604380695940341,136,142,0.4610102140886814,0.46992957746478836,68.6978417266187,278,24
288,288.0,0.4450071942446043,0.3859064748201439,0.4887410071942446,0.4475107913669064,0.3653453237410072,0.48297841726618707,0.0077630431137104714,0.008052372548004763,0.0048741775270431135,0.006349329020237049,0.011762700895398789,0.005688021116919414,0.5756618705035971,0.31966906474820145,0.5358129496402877,0.1306546762589928,0.06623741007194245,0.04707194244604307,139,139,0.46114923884630515,0.4795683453237406,68.36690647482014,278,23
289,289.0,0.44176296296296297,0.3887777777777778,0.48922222222222234,0.4484265734265733,0.36263636363636365,0.48192307692307695,0.007677099368998627,0.008660958024691358,0.004718380246913581,0.006393433419727128,0.01112232930705658,0.005587553523399677,0.5809510489510489,0.3073496503496503,0.5358741258741259,0.1391880859880859,0.0814281274281275,0.046651903651903526,135,143,0.4584350796377013,0.47804195804195776,68.59712230215827,278,25
290,290.0,0.44054887218045113,0.3894285714285714,0.48933082706766917,0.448453237410072,0.3574748201438849,0.4818273381294964,0.007881345355870881,0.00866180880773362,0.00472092814743626,0.0065281327053465146,0.010416076704104342,0.005263452202266964,0.5815539568345324,0.28676978417266186,0.539251798561151,0.14100508465408124,0.10265878725590954,0.04992097149348185,133,139,0.4700877383383292,0.47870503597122266,68.51470588235294,272,23
291,291.0,0.4415118110236221,0.38823622047244094,0.4906771653543307,0.44832608695652176,0.362231884057971,0.48150724637681164,0.007223367970735942,0.00905462136524273,0.004514943021886045,0.007027886420919975,0.01077336651963873,0.004770423860533501,0.5956304347826087,0.28495652173913044,0.5383405797101449,0.1541186237589866,0.1032796987333105,0.047663414355814226,127,138,0.47170326304394955,0.5090579710144923,68.8,265,20
292,292.0,0.4447459016393443,0.3862295081967213,0.4933606557377048,0.4469259259259259,0.3648222222222222,0.48379259259259266,0.007342501007793605,0.009332422735823704,0.004416968288094598,0.00704282414266118,0.01039893135802469,0.00508351253772291,0.5921555555555554,0.2846518518518518,0.5469185185185186,0.14740965391621114,0.10157765634486948,0.05355786278081376,122,135,0.45194817370290125,0.5299259259259256,68.47470817120623,257,21
293,293.0,0.44595833333333335,0.3837166666666666,0.49264166666666664,0.4465797101449275,0.36307971014492746,0.48407246376811597,0.007337373263888889,0.008784053055555555,0.004591529930555555,0.007079214660785549,0.010307421182524678,0.005191197647553035,0.5932971014492754,0.27897826086956523,0.5517391304347826,0.14733876811594204,0.10473840579710136,0.059097463768115976,120,138,0.4673278207362758,0.5402898550724634,67.99612403100775,258,16
294,294.0,0.44741525423728823,0.38237288135593217,0.4899152542372881,0.4462101449275362,0.36271014492753617,0.48378260869565215,0.007162361462223496,0.008337742315426602,0.0045260267164607855,0.007135310911573199,0.0104030609115732,0.005150575929426591,0.5895434782608696,0.28035507246376806,0.5509347826086957,0.14212822402358138,0.10201780889216411,0.06101952837140756,118,138,0.4732700267869793,0.5327536231884055,68.40625,256,19
295,295.0,0.44608771929824564,0.37835964912280695,0.49057894736842106,0.44584782608695656,0.3611376811594203,0.48481884057971014,0.007007465989535241,0.00841607240689443,0.004608647276084949,0.007245926118462509,0.010512857855492544,0.00495814834068473,0.5775072463768116,0.28419565217391307,0.5534492753623189,0.13141952707856597,0.09416399694889388,0.06287032799389786,114,138,0.4474856701958066,0.5446376811594199,68.03174603174604,252,22
296,296.0,0.44550862068965513,0.3773448275862068,0.4896465517241379,0.4456811594202899,0.35794202898550725,0.4863840579710146,0.006670922339476814,0.00840386385255648,0.004841245763971462,0.007253144717496325,0.011088040117622348,0.005043135108170552,0.5753623188405798,0.284,0.558463768115942,0.12985369815092462,0.09334482758620682,0.0688172163918041,116,138,0.4612154592284536,0.5305797101449272,67.91338582677166,254,19
297,297.0,0.4430619469026549,0.3757079646017699,0.4913451327433629,0.44329411764705884,0.35491911764705886,0.49168382352941176,0.006431243950191871,0.008400790821520872,0.004937447255070874,0.007578281141868513,0.011407383163927335,0.005338127973615918,0.57625,0.28843382352941177,0.5651617647058824,0.13318805309734516,0.08727414107235815,0.07381663196251953,113,136,0.48215842842675555,0.517647058823529,66.95582329317268,249,21
298,298.0,0.440566371681416,0.3783097345132744,0.49381415929203537,0.44476595744680847,0.36241843971631205,0.49485815602836875,0.006804652674445923,0.008298603179575535,0.004964469888010024,0.007410306926210956,0.012052030581962678,0.005007256476032392,0.5918297872340426,0.30503546099290785,0.5634751773049645,0.15126341555262657,0.07327427352036653,0.06966101801292918,113,141,0.47366659650236603,0.49567375886524795,66.68110236220473,254,27
299,299.0,0.44254385964912285,0.3831315789473685,0.4960263157894737,0.44710416666666664,0.3593402777777778,0.49475694444444446,0.006797791935980302,0.008087728301015697,0.005050499307479224,0.0074016905381944454,0.01180094671103395,0.004934072868441358,0.5997430555555555,0.29922916666666666,0.5694236111111111,0.15719919590643266,0.08390241228070183,0.07339729532163736,114,144,0.5017771093681233,0.4993055555555552,66.39147286821705,258,19
300,300.0,0.44285840707964597,0.38463716814159293,0.4988318584070796,0.4452727272727273,0.36052447552447553,0.4940419580419581,0.006899714464719242,0.008175363928263764,0.005058741639909155,0.007411345200254292,0.011546878771578072,0.004963103134627611,0.5953216783216784,0.2967202797202797,0.5688391608391609,0.1524632712420324,0.08791688842131323,0.07000730243208125,113,143,0.50666194852021,0.4989510489510485,66.9453125,256,20
301,301.0,0.4446106194690265,0.38398230088495583,0.4999646017699115,0.44489795918367353,0.36400680272108843,0.49172108843537427,0.006597405904925992,0.008413592607095309,0.005092653614221944,0.007430894349576565,0.012095897912906658,0.004985099079087417,0.5854761904761905,0.29896598639455785,0.5675306122448979,0.14086557100716396,0.08501631449039798,0.0675660104749864,113,147,0.49432013092299004,0.49789115646258464,67.18846153846154,260,23
302,302.0,0.442578947368421,0.38307894736842113,0.5013859649122808,0.4469527027027027,0.36283783783783785,0.49149999999999994,0.006426699907663897,0.00815230078485688,0.00511041243459526,0.007244612627830535,0.012520865595325054,0.005107155405405406,0.5910135135135135,0.2955202702702702,0.5673648648648648,0.14843456614509248,0.0875586770981509,0.06597889995258399,114,148,0.4929630608207084,0.5094594594594591,66.72519083969466,262,20
303,303.0,0.4456206896551724,0.38250862068965524,0.5022413793103448,0.4465723684210526,0.3649802631578948,0.48930921052631576,0.006632356123662307,0.0081827326843044,0.005193062425683709,0.0073651263417590035,0.01244772987361496,0.005185753073060941,0.5908026315789473,0.2984671052631579,0.5666842105263158,0.14518194192377493,0.08404151542649735,0.06444283121597094,116,152,0.48254773038911314,0.49723684210526287,67.07462686567165,268,23
304,304.0,0.4470608695652174,0.38253913043478266,0.5015565217391305,0.4471656050955414,0.3650636942675159,0.4895923566878981,0.006337831077504727,0.008591987599243857,0.005124542457466919,0.007241157288328128,0.012523511866607164,0.005282012170879143,0.5863312101910828,0.2959617834394904,0.572732484076433,0.1392703406258654,0.08657734699529224,0.0711759623373025,115,157,0.4923878669704427,0.49777070063694234,67.47426470588235,272,21
305,305.0,0.4465775862068965,0.3823534482758621,0.4993189655172414,0.4451592356687898,0.3650636942675159,0.4884140127388535,0.006229054325208086,0.009035021626040429,0.005192268950653983,0.007331942796868029,0.01292864562456895,0.005190701204917036,0.5754458598726114,0.29814012738853496,0.5700318471337579,0.1288682736657149,0.08421332088732714,0.07071288161651645,116,157,0.48202933265614506,0.4936942675159233,67.06959706959707,273,22
306,306.0,0.4500940170940171,0.38234188034188044,0.5011965811965812,0.4450516129032258,0.3620967741935484,0.4881612903225807,0.0064535210753159464,0.009354515596464314,0.00524542289429469,0.007445184432882415,0.01352692611862643,0.005222135275754423,0.5773096774193549,0.29107096774193547,0.5747032258064516,0.12721566032533782,0.09127091259994496,0.07350664460987044,117,155,0.4878867751175621,0.5023870967741932,66.77573529411765,272,20
307,307.0,0.44911864406779656,0.38326271186440675,0.5002966101694915,0.44523489932885907,0.3643087248322147,0.48885234899328855,0.0062158672795173805,0.009254329287561045,0.005396428971559897,0.007441830728345571,0.01373140804468267,0.005388582226025855,0.5781275167785235,0.2906577181208054,0.5738926174496644,0.12900887271072692,0.09260499374360137,0.0735960072801729,118,149,0.48463476680280765,0.5189932885906037,66.40449438202248,267,20
308,308.0,0.4483333333333333,0.38419298245614036,0.498640350877193,0.4432156862745098,0.36265359477124187,0.48909803921568634,0.006024432748538012,0.009407173284087413,0.005113142582333027,0.007406875048058439,0.012935978042633176,0.005320062283737025,0.5735359477124183,0.2912418300653595,0.5717254901960783,0.12520261437908503,0.09295115239078089,0.07308513931888533,114,153,0.49160496271095705,0.5241176470588231,65.80898876404494,267,19
309,309.0,0.448,0.3835267857142857,0.5012142857142857,0.4410653594771242,0.3600849673202614,0.48849673202614385,0.005682678571428572,0.009596820711096939,0.0049318290816326524,0.007489812721602805,0.013049031996240761,0.005380772865137341,0.5713202614379085,0.2891111111111111,0.5749215686274509,0.12332026143790847,0.09441567460317463,0.0737072829131652,112,153,0.4947484833929215,0.5284313725490192,66.05283018867925,265,22
310,310.0,0.44681250000000006,0.3838303571428571,0.5018660714285714,0.44052564102564107,0.3589615384615385,0.48925641025641026,0.005955295200892857,0.009358748007015307,0.004760330277423469,0.007773198060486523,0.013027575443786982,0.005332921433267588,0.5725128205128206,0.28489102564102564,0.5773846153846153,0.12570032051282054,0.09893933150183148,0.07551854395604385,112,156,0.4879867551803595,0.5270512820512818,65.6268656716418,268,23
311,311.0,0.44508928571428574,0.3793482142857143,0.5044107142857143,0.43961392405063293,0.3594177215189873,0.48768354430379746,0.006133224170918368,0.009668566246811226,0.004618259885204082,0.00817669271751322,0.012848382470757893,0.005269254286172089,0.5602088607594937,0.28787974683544304,0.5714620253164556,0.11511957504520798,0.09146846745027126,0.06705131103074136,112,158,0.49316236795615737,0.5277215189873414,65.54444444444445,270,23
312,312.0,0.4462212389380531,0.37799115044247783,0.5031946902654867,0.4412422360248447,0.359527950310559,0.486416149068323,0.006103322734748219,0.01007365478894197,0.004222493069151852,0.008409699085683424,0.012738087728096911,0.0052862802361020025,0.5674409937888198,0.28866459627329194,0.5699875776397516,0.12121975485076675,0.08932655416918589,0.06679288737426492,113,161,0.5099373942849678,0.5163354037267077,65.4087591240876,274,24
313,313.0,0.4483153153153153,0.3773153153153154,0.5051351351351351,0.4411490683229814,0.35867701863354035,0.4846583850931677,0.006053044720396072,0.010192756432107788,0.003954351107864621,0.008587232437020177,0.012981075807260522,0.005402386404845493,0.5647018633540373,0.28367701863354033,0.5710869565217391,0.11638654803872195,0.09363829668177509,0.06595182138660405,111,161,0.5084870967626799,0.5301242236024841,65.59926470588235,272,24
314,314.0,0.44874311926605515,0.37310091743119267,0.5048623853211008,0.4417672955974842,0.3595849056603773,0.48343396226415086,0.006355603737059171,0.010160824678057406,0.00406817372275061,0.008650719433566711,0.01262365159606028,0.005298635576124363,0.5686540880503145,0.2795220125786163,0.5677358490566038,0.11991096878425933,0.09357890485257636,0.06287346373550295,109,159,0.5136769560749592,0.5338993710691821,65.19029850746269,268,26
315,315.0,0.4484017857142857,0.37243750000000003,0.5066607142857142,0.44275471698113206,0.3600314465408805,0.4799685534591195,0.007077972496811225,0.010415228236607144,0.004214795599489797,0.00890907820102053,0.012804646809857207,0.005138986432498715,0.5622327044025156,0.2749308176100629,0.5678616352201257,0.11383091868822992,0.09750668238993715,0.06120092093441143,112,159,0.521266245779582,0.5240880503144651,65.26568265682657,271,25
316,316.0,0.4459579831932774,0.37278151260504205,0.5057899159663866,0.44257317073170727,0.35785365853658535,0.47967073170731706,0.0073775360497140025,0.010944355624602786,0.004402602923522349,0.00894412269482451,0.012491210291493159,0.005014659875074361,0.5575548780487805,0.26907926829268297,0.569079268292683,0.11159689485550306,0.10370224431235908,0.0632893523262964,119,164,0.525938815524871,0.522073170731707,65.36749116607774,283,18
317,317.0,0.4423032786885246,0.3724180327868853,0.5049016393442622,0.4430409356725146,0.3620760233918129,0.48393567251461994,0.007093670317119054,0.011149407215802204,0.004233711636656813,0.008724027564036797,0.012391672583016997,0.005063533873670532,0.5616900584795322,0.27987719298245617,0.5699356725146199,0.11938677979100765,0.09254083980442912,0.06503403317035761,122,171,0.5284103224497744,0.5014619883040933,64.5221843003413,293,18
318,318.0,0.44483739837398384,0.37097560975609756,0.5007723577235773,0.4453257142857142,0.36110857142857145,0.4852228571428572,0.0070237133981095904,0.010920739242514375,0.0041788099676118694,0.008791476767346939,0.012243708212244898,0.005150790334693877,0.5740342857142857,0.27685714285714286,0.5730057142857143,0.12919688734030188,0.0941184668989547,0.07223335656213703,123,175,0.5245610686340787,0.4872571428571426,64.31543624161074,298,20
319,319.0,0.44423770491803277,0.3735983606557377,0.5009098360655737,0.44625714285714285,0.3582285714285715,0.4878114285714286,0.007070492676699812,0.010531961636656813,0.004077901706530503,0.008984819591836736,0.011944130612244896,0.005310930155102042,0.5668285714285713,0.2789028571428571,0.5671828571428572,0.12259086651053858,0.09469550351288059,0.0662730210772835,122,175,0.5093923332627848,0.48839999999999967,63.81481481481482,297,21
320,320.0,0.4452622950819672,0.3724098360655739,0.4971885245901639,0.4445303867403315,0.3566077348066298,0.4883867403314917,0.00703361972588014,0.010838897608169846,0.0037981201961838217,0.008710668966148775,0.011724614083819175,0.005358071426391136,0.5669392265193371,0.27248066298342544,0.5699337016574586,0.12167693143736996,0.09992917308214844,0.07274517706729472,122,181,0.5018942443062724,0.4859116022099445,63.8943894389439,303,20
321,321.0,0.4449444444444444,0.3704444444444445,0.4960714285714286,0.44596739130434787,0.35570108695652175,0.49070108695652176,0.007179719135802469,0.011063754850088182,0.003749986961451247,0.008577151110586012,0.011511829129253309,0.005441133477079396,0.5729021739130434,0.27467934782608694,0.5660489130434783,0.127957729468599,0.09576509661835758,0.06997748447204966,126,184,0.4865130427118928,0.4768478260869562,63.94838709677419,310,20
322,322.0,0.4441746031746031,0.3703015873015873,0.49196031746031743,0.4438956043956043,0.3539945054945055,0.4906923076923076,0.0066243822121441155,0.011452258251448726,0.0038596412824389013,0.008642917672986356,0.012029708761019199,0.005669608622147085,0.5691428571428572,0.27801648351648356,0.562478021978022,0.12496825396825406,0.09228510378510374,0.07051770451770456,126,182,0.4796577181358539,0.46626373626373596,63.50974025974026,308,24
323,323.0,0.4462598425196851,0.3709291338582677,0.49038582677165354,0.44438586956521736,0.3565326086956522,0.49236956521739134,0.006689452166904335,0.011411892615785232,0.004095969247938497,0.008993965235113423,0.01189894458884688,0.005433482986767486,0.5760163043478261,0.27474456521739127,0.5587173913043478,0.12975646182814105,0.09618456864087643,0.06833156453269429,127,184,0.49235523465746067,0.4565217391304345,63.556270096463024,311,23
324,324.0,0.445875,0.36746875,0.48973437499999994,0.44332608695652176,0.3589728260869565,0.49367934782608697,0.006756296875,0.0116847490234375,0.004354335693359374,0.00888976323251418,0.012038396000708884,0.0054347069647920606,0.5784402173913044,0.27717391304347827,0.5553695652173913,0.13256521739130434,0.09029483695652174,0.06563519021739139,128,184,0.48046779299490927,0.4549999999999997,62.75,312,21
325,325.0,0.4465390625,0.3674140625000001,0.48939843749999995,0.44288481675392677,0.35620942408376965,0.49292670157068064,0.007156514099121094,0.011803305114746095,0.0042868646850585945,0.009044688303500453,0.012685715303856803,0.005687523423151777,0.57482722513089,0.2757434554973822,0.5533507853403141,0.12828816263089005,0.09167060700261787,0.06395234784031417,128,191,0.47338270373061775,0.4514659685863872,62.19435736677116,319,21
326,326.0,0.4469172932330827,0.3661203007518797,0.4890300751879699,0.4417061855670103,0.35537113402061854,0.49270103092783507,0.00785503827237266,0.011829008084120076,0.004514465260896602,0.008890259033903709,0.012769573599744923,0.005649518864916568,0.5694123711340207,0.2718762886597938,0.5563814432989691,0.12249507790093794,0.09424401209208588,0.06735136811099918,133,194,0.4654113087673278,0.4449484536082471,62.09480122324159,327,21
327,327.0,0.4450888888888889,0.3643851851851852,0.48980740740740747,0.4435427135678392,0.3537989949748744,0.4926030150753769,0.007776777283950616,0.011764281262002742,0.0046370443895747595,0.008727564758465695,0.01274142693366329,0.005428450443170627,0.5714522613065326,0.27187437185929647,0.5457638190954773,0.12636337241764367,0.09251081332588873,0.05595641168806986,135,199,0.4632097550631075,0.4342211055276379,62.212574850299404,334,22
328,328.0,0.4454710144927536,0.36542753623188406,0.4888985507246377,0.4411464646464647,0.3549242424242423,0.49453535353535355,0.008188452058391093,0.011851911415668978,0.004427236084856123,0.008961882588511376,0.01292995890725436,0.005420885113763902,0.5614444444444444,0.27789393939393936,0.5470555555555556,0.1159734299516908,0.0875335968379447,0.0581570048309179,138,198,0.46695792270093145,0.4286868686868684,62.410714285714285,336,21
329,329.0,0.443158273381295,0.36564028776978413,0.4888273381294964,0.44317708333333333,0.3542552083333333,0.49425,0.008757658402774184,0.01158486341286683,0.004429020547590704,0.00875720822482639,0.013146731743706596,0.0054985520833333345,0.5639166666666666,0.27277604166666664,0.5540989583333333,0.12075839328537163,0.0928642461031175,0.06527162020383692,139,192,0.46495172169706517,0.42708333333333304,62.42598187311178,331,20
330,330.0,0.4414191176470588,0.3621911764705882,0.48795588235294113,0.44352631578947366,0.35316315789473685,0.4956684210526316,0.008690964046280277,0.011752184039792387,0.004414615700692041,0.008593807202216067,0.013075283905817173,0.005458958476454294,0.5654263157894737,0.26795263157894733,0.5589210526315789,0.12400719814241484,0.09423854489164085,0.07096517027863775,136,190,0.4584172128025998,0.4346315789473682,62.74539877300614,326,18
331,331.0,0.4388507462686567,0.36229104477611945,0.48832089552238805,0.4429895833333333,0.35355729166666666,0.4959895833333334,0.00896984339496547,0.01193219141234128,0.004436397026063711,0.008594864474826389,0.013099850884331595,0.0054383644748263885,0.5665052083333334,0.26693229166666665,0.562828125,0.12765446206467668,0.0953587531094528,0.07450722947761196,134,192,0.452726011925333,0.42984374999999964,62.81901840490798,326,18
332,332.0,0.43846616541353384,0.3599097744360902,0.48879699248120306,0.4441693121693122,0.35360846560846565,0.4951957671957672,0.009002970659732035,0.011866864039798745,0.004609515178924755,0.00875936815878615,0.013102428711402254,0.005423861146104532,0.5681375661375662,0.2675449735449736,0.5631957671957672,0.12967140072403233,0.0923648008911166,0.07439877471456419,133,189,0.4380726546005749,0.4326984126984124,63.046583850931675,322,22
333,333.0,0.4380225563909775,0.3630225563909774,0.48798496240601497,0.44343157894736845,0.355621052631579,0.4962684210526316,0.008696413025043813,0.011998653626547572,0.004624841879133926,0.008797919002770084,0.013256024819944595,0.005288227950138505,0.564778947368421,0.2706157894736842,0.5650368421052632,0.12675639097744357,0.09240676691729321,0.0770518796992482,133,190,0.4417144135312746,0.43384210526315764,63.356037151702786,323,21
334,334.0,0.43732592592592595,0.36045185185185186,0.49097777777777785,0.44432085561497325,0.3550374331550803,0.4986470588235294,0.008665730809327846,0.01206415879286694,0.004482821728395062,0.00872463501958878,0.012744838170951412,0.005440944951242531,0.5620909090909091,0.27162032085561494,0.5669144385026739,0.12476498316498313,0.08883153099623692,0.07593666072489602,135,187,0.4530689252188924,0.43540106951871627,63.440993788819874,322,17
335,335.0,0.43935338345864666,0.3569323308270676,0.49240601503759407,0.4457016574585635,0.35503867403314915,0.500038674033149,0.008428875120131156,0.011545566849454464,0.004559459211939623,0.008975855743109185,0.012841595189402031,0.005776711211501482,0.5567624309392265,0.27007182320441986,0.5691049723756906,0.11740904748057984,0.08686050762264774,0.07669895733809651,133,181,0.4414080382671332,0.4500552486187842,64.28980891719745,314,20
336,336.0,0.4379846153846154,0.3561153846153846,0.49066923076923075,0.4448100558659218,0.3567988826815643,0.4971117318435754,0.008425999763313608,0.011594948224852072,0.004294282899408284,0.009186131518991293,0.01297938971942199,0.0058585796947660815,0.5482793296089385,0.27864245810055865,0.5634357541899442,0.11029471422432313,0.07747292651482596,0.07276652342071344,130,179,0.44390806153897305,0.4555307262569829,64.80582524271844,309,19
337,337.0,0.43413492063492065,0.3538015873015873,0.4940079365079366,0.4437062146892655,0.3599435028248587,0.49645197740113,0.008514132590073066,0.011924159045099518,0.004600817397329302,0.008596083181716622,0.012715454435187845,0.005755253343547513,0.5449322033898305,0.27912429378531073,0.569045197740113,0.11079728275490985,0.07467729351627655,0.07503726123217636,126,177,0.44604745444751687,0.44858757062146865,64.3993399339934,303,22
338,338.0,0.4315245901639345,0.3523606557377049,0.4984426229508197,0.44442690058479534,0.363187134502924,0.4979122807017544,0.008265036280569737,0.01243791910776673,0.004749722117710293,0.00869199904244041,0.012526678430970214,0.005849261311172669,0.5421052631578946,0.28221637426900587,0.5693508771929824,0.11058067299396013,0.07014428146869905,0.07090825424216268,122,171,0.44941062912705093,0.46491228070175405,64.91467576791808,293,25
339,339.0,0.42882258064516127,0.35194354838709674,0.5002903225806451,0.44314201183431945,0.365491124260355,0.49556804733727816,0.00843603303850156,0.011916988748699273,0.0047147544224765865,0.008824772732047199,0.012660214418262665,0.005761854837015511,0.5396686390532544,0.28639053254437874,0.5656153846153846,0.11084605840809308,0.065553015842718,0.06532506203473953,124,169,0.4668728254364796,0.4596449704142008,64.81569965870307,293,25
340,340.0,0.4320081300813008,0.35276422764227644,0.4993902439024391,0.4422662721893491,0.362112426035503,0.49801775147929,0.008617276356666006,0.011943155793509153,0.004825766408883599,0.008698739750008753,0.012687827597072933,0.0055325144777843924,0.5368461538461538,0.2807810650887574,0.5717337278106508,0.10483802376485296,0.07198316255351905,0.07234348390821171,123,169,0.46087202101646074,0.45656804733727774,64.93493150684931,292,24
341,341.0,0.4331129032258065,0.35330645161290325,0.5011209677419355,0.44281097560975596,0.3585853658536586,0.49593292682926826,0.008923809833506765,0.011840454474505725,0.004921864399063476,0.00845477524538965,0.012987681737061276,0.005614391842653183,0.533640243902439,0.2742439024390244,0.5735670731707317,0.10052734067663255,0.07906254917387884,0.07244610542879626,124,164,0.46160494730637464,0.46707317073170695,65.61805555555556,288,21
342,342.0,0.43316101694915254,0.3517796610169492,0.49974576271186444,0.44243373493975896,0.35797590361445786,0.49459036144578317,0.009123507971847172,0.011123358230393567,0.004882342143062339,0.008373727536652635,0.013081409057918422,0.0055364587022789956,0.5321265060240964,0.28354819277108434,0.5730301204819277,0.09896548907494385,0.06823146824586485,0.07328435777006326,118,166,0.46997375340944414,0.47650602409638515,66.17605633802818,284,22
343,343.0,0.4336525423728815,0.3483050847457627,0.4994152542372882,0.44444654088050317,0.3618553459119497,0.4962012578616353,0.009147294527434648,0.01131061878770468,0.004734480106291295,0.008290284877971598,0.012546563980855187,0.005327242514141055,0.5402138364779875,0.29247169811320756,0.5810125786163522,0.10656129410510601,0.05583338663255516,0.08159732437906403,118,159,0.46779744582300403,0.494150943396226,65.73285198555956,277,22
344,344.0,0.43681512605042017,0.3542184873949581,0.500857142857143,0.4451217948717948,0.3583846153846154,0.4971025641025641,0.009022570863639574,0.011316271590989335,0.0046176518607442965,0.008279696704470743,0.012133864891518738,0.005305476660092045,0.5419294871794872,0.2876666666666666,0.5872115384615384,0.10511436112906702,0.06655182072829147,0.0863543956043954,119,156,0.4786242189108814,0.49538461538461503,66.41090909090909,275,23
345,345.0,0.4373103448275862,0.3461206896551724,0.5029310344827586,0.44446540880503144,0.3561069182389937,0.49846540880503143,0.008993972651605233,0.010966606123662308,0.004317891795481569,0.008213934338040426,0.01276630932320715,0.00536241232546181,0.5353018867924528,0.2856981132075472,0.59462893081761,0.09799154196486665,0.06042257644762522,0.09169789633485148,116,159,0.5015711958069047,0.4879874213836475,66.39272727272727,275,20
346,346.0,0.4408559322033899,0.3504576271186441,0.5032542372881356,0.44463291139240513,0.3555,0.49800632911392406,0.009230597888537776,0.0110345193909796,0.004254460787130134,0.007849029802916201,0.012832098101265827,0.005455867048549911,0.5309873417721519,0.28514556962025317,0.5990632911392405,0.09013140956876198,0.06531205749839092,0.09580905385110494,118,158,0.49794555921847916,0.4822784810126578,66.68478260869566,276,22
347,347.0,0.44043333333333334,0.34922499999999995,0.502525,0.44445679012345685,0.3548518518518518,0.4994876543209876,0.009144662222222221,0.010861757708333333,0.004301966041666666,0.0076097789971041,0.012611657064471881,0.005435570835238531,0.5369012345679013,0.2767345679012345,0.6014320987654321,0.09646790123456794,0.07249043209876543,0.09890709876543213,120,162,0.5043607488868186,0.4632098765432095,66.64539007092199,282,22
348,348.0,0.4430245901639345,0.35046721311475415,0.5024754098360655,0.44426993865030673,0.3562208588957055,0.4969693251533742,0.009250548575651706,0.010730822695511958,0.004463921526471379,0.0072705038202416335,0.012782098460611992,0.0055666677707102265,0.5375950920245399,0.287558282208589,0.5956257668711655,0.09457050186060545,0.06290893090616517,0.0931503570351,122,163,0.48389850004207674,0.47846625766871137,66.79649122807018,285,21
349,349.0,0.44315447154471543,0.3483008130081301,0.5037398373983739,0.44542261904761904,0.3565178571428571,0.4968333333333333,0.009696358252363011,0.010541169674135768,0.004469265648754048,0.007168755916950114,0.012326499681122448,0.005606686507936508,0.5458928571428571,0.294922619047619,0.5919761904761904,0.10273838559814163,0.05337819396051108,0.08823635307781652,123,168,0.48071193157370035,0.47738095238095196,66.5085910652921,291,19
350,350.0,0.4444146341463414,0.34640650406504064,0.5049512195121951,0.44635294117647056,0.35363529411764705,0.4980823529411764,0.00980886059884989,0.010400420120298766,0.004418599246480269,0.0069894636678200705,0.012255643460207612,0.005660663806228374,0.5494823529411765,0.2883764705882353,0.5946470588235294,0.10506771879483512,0.058030033476805354,0.08969583931133429,123,170,0.4603868625476184,0.4795294117647054,66.24573378839591,293,20
351,351.0,0.446064,0.35011199999999987,0.507096,0.4476428571428572,0.35444642857142855,0.4980297619047619,0.008934331904,0.010803683456000001,0.004554966784,0.006948062925170069,0.01225552093962585,0.005716814590419501,0.5455119047619048,0.2916964285714285,0.5971904761904762,0.09944790476190479,0.058415571428571345,0.09009447619047617,125,168,0.45845652053622116,0.4813095238095236,66.86006825938567,293,22
352,352.0,0.44795901639344265,0.35114754098360657,0.5078852459016393,0.44848823529411763,0.3545705882352942,0.4963176470588235,0.009103268812147274,0.010359338887395863,0.004644560601988713,0.006945943979238754,0.012253339134948096,0.0054900402768166085,0.5467470588235295,0.2934705882352941,0.5979823529411764,0.09878804243008682,0.05767695274831247,0.0900971070395371,122,170,0.4359827568177167,0.5027058823529408,66.43493150684931,292,21
353,353.0,0.4504033613445378,0.35427731092436976,0.5097142857142857,0.45076878612716764,0.35248554913294805,0.4949768786127168,0.008995047383659346,0.010444250829743667,0.004540136854741897,0.006858420528584316,0.012604712218918108,0.005257259581008387,0.5564104046242774,0.28963005780346823,0.6034797687861273,0.10600704327973959,0.06464725312090153,0.09376548307184163,119,173,0.4473523215877341,0.49404624277456616,66.16095890410959,292,22
354,354.0,0.4524615384615384,0.353931623931624,0.5087094017094017,0.4522356321839081,0.3537873563218391,0.495471264367816,0.009298282708744249,0.010841516692234642,0.00446983008254803,0.007121789305060114,0.012255673173470736,0.005042329634033558,0.5643103448275862,0.28489080459770116,0.6082988505747127,0.11184880636604783,0.06904081933392281,0.09958944886531096,117,174,0.43913607629999335,0.5072413793103444,66.39862542955326,291,22
355,355.0,0.45499122807017545,0.35683333333333334,0.5096491228070175,0.45388372093023255,0.3534244186046512,0.4974476744186047,0.009557166589719912,0.010262051169590643,0.004514982148353339,0.00740749810708491,0.01233841870605733,0.005286944936452137,0.5616627906976744,0.28690116279069766,0.6091395348837211,0.106671562627499,0.06993217054263567,0.09949041207670362,114,172,0.47656155334783856,0.4986046511627903,66.9895104895105,286,22
356,356.0,0.4567758620689655,0.35941379310344834,0.5115948275862069,0.45416959064327495,0.3553216374269006,0.49490058479532156,0.009215880796670631,0.010200966706302024,0.004767620318073722,0.007585754864744709,0.012700136315447488,0.005130393625389008,0.5657719298245614,0.29354970760233917,0.601953216374269,0.1089960677555959,0.06586408550110917,0.09035838878806213,116,171,0.49286794137645196,0.4856725146198827,67.27177700348432,287,21
357,357.0,0.45799186991869917,0.3641951219512195,0.5099105691056911,0.4537976878612717,0.35571676300578026,0.4945722543352601,0.0089032275761782,0.010735213959944477,0.004904829400489127,0.007526878144943032,0.012660029603394702,0.0051686956463630595,0.5610173410404624,0.29490173410404624,0.6032890173410405,0.10302547112176325,0.06929338784717326,0.09337844823534935,123,173,0.4935886100732227,0.468959537572254,67.01351351351352,296,21
358,358.0,0.4556016260162602,0.36531707317073175,0.5107560975609756,0.4539306358381503,0.3567341040462428,0.49584971098265895,0.009002581135567454,0.01058265556216538,0.004908720999405116,0.00753828420595409,0.012395767449630795,0.0052461623843095325,0.5611676300578035,0.3013988439306359,0.6020115606936416,0.10556600404154326,0.06391822924009588,0.09125546313266597,123,173,0.4902221852893514,0.46849710982658915,66.67229729729729,296,19
359,359.0,0.4559508196721311,0.36298360655737705,0.5117622950819671,0.45577710843373487,0.3567831325301205,0.4978614457831326,0.009057669712442894,0.0103351144853534,0.004542410709486697,0.007582185259108723,0.011824856582958343,0.005188300079837422,0.5714216867469879,0.30034939759036144,0.5996927710843373,0.11547086707485682,0.0626342089670156,0.08793047600237014,122,166,0.4897873095990314,0.46120481927710805,66.12847222222223,288,23
360,360.0,0.45615833333333333,0.36777499999999996,0.5123333333333334,0.45580000000000004,0.3551515151515152,0.4978606060606061,0.009005633263888889,0.010377624375000002,0.004569522222222222,0.007633941818181817,0.011624819467401286,0.005153913902662994,0.5668303030303031,0.2903878787878788,0.6022909090909092,0.1106719696969698,0.07738712121212116,0.08995757575757579,120,165,0.48463627524155845,0.47690909090909056,66.18947368421053,285,22
361,361.0,0.45969166666666667,0.36771666666666664,0.51205,0.45652147239263813,0.3538527607361963,0.49512269938650316,0.008624296597222223,0.010329503055555557,0.004409130833333334,0.008028310888629606,0.011558370958636004,0.005207481877375889,0.5612331288343558,0.2856993865030675,0.6039631901840491,0.10154146216768917,0.08201728016359916,0.09191319018404909,120,163,0.4807036156784044,0.49466257668711616,66.97526501766785,283,21
362,362.0,0.45716379310344835,0.37009482758620693,0.5070689655172413,0.457364705882353,0.35343529411764707,0.49454705882352945,0.008643378344233055,0.010172861697384067,0.004301115933412604,0.008176761107266435,0.01134344581314879,0.005151894844290657,0.5654823529411765,0.28347647058823533,0.6012941176470589,0.1083185598377282,0.0866183569979716,0.09422515212981752,116,170,0.48459125676345394,0.4881176470588232,66.38461538461539,286,21
363,363.0,0.4524117647058824,0.3689159663865546,0.5088991596638656,0.4580689655172414,0.3540747126436782,0.4939770114942529,0.008309805239742956,0.010034093778687945,0.004423015041310642,0.00871324811732065,0.010552793268595588,0.005079838551988374,0.5755689655172413,0.28536206896551725,0.6033908045977012,0.12315720081135895,0.08355389742103736,0.09449164493383566,119,174,0.48784763850747953,0.4750574712643675,64.90443686006826,293,23
364,364.0,0.4521764705882353,0.37368067226890755,0.5108487394957985,0.4599106145251396,0.35422905027932966,0.4953966480446927,0.008236851211072664,0.009095208954169905,0.0043580275404279355,0.008669578602415656,0.010513841390718143,0.0048102504915576915,0.591854748603352,0.2834469273743017,0.5969162011173185,0.13967827801511667,0.09023374489460584,0.08606746162152001,119,179,0.4849307046501555,0.4702234636871506,64.83557046979865,298,23
365,365.0,0.4526967213114754,0.3751229508196721,0.5098606557377049,0.46251123595505617,0.3534044943820225,0.4958820224719101,0.007878063759742005,0.009524091440472992,0.004241185501209353,0.008813733019820729,0.010613375710137611,0.0046913175419770236,0.6031404494382022,0.2812865168539326,0.5959157303370787,0.1504437281267268,0.09383643396573954,0.08605507459937378,122,178,0.4918963714369144,0.4624719101123592,64.91333333333333,300,25
366,366.0,0.4503064516129032,0.3732258064516129,0.5085403225806452,0.4618388888888889,0.35315,0.4976777777777777,0.00779940608740895,0.00939898126951093,0.003928796761186265,0.008750724043209875,0.010565805277777778,0.004619096172839506,0.6069666666666667,0.28005555555555556,0.6006555555555555,0.15666021505376343,0.09317025089605735,0.09211523297491031,124,180,0.5030917856899424,0.45299999999999974,64.97039473684211,304,26
367,367.0,0.44666929133858263,0.3682204724409449,0.508740157480315,0.46114772727272724,0.3553295454545455,0.4965852272727273,0.007238788269576541,0.009662250604501208,0.003961893111786224,0.008862898631198346,0.010305720945247935,0.004452651827221075,0.5997840909090908,0.27526704545454544,0.5954886363636362,0.15311479957050816,0.09295342698639947,0.08674847888332127,127,176,0.4905370403716023,0.4681818181818178,64.70297029702971,303,26
368,368.0,0.4427384615384615,0.36394615384615386,0.5071307692307693,0.4593370786516854,0.35692134831460676,0.495870786516854,0.007282593136094674,0.008935127869822484,0.004170529053254437,0.008624380760005051,0.010154375836384295,0.004332168697134201,0.5977977528089887,0.2756741573033708,0.5942977528089888,0.1550592912705272,0.08827199654278306,0.0871669835782195,130,178,0.49393766207850986,0.45359550561797723,64.51623376623377,308,25
369,369.0,0.4420243902439024,0.36336585365853646,0.5071788617886179,0.4589265536723164,0.356683615819209,0.4968305084745762,0.0070848042831647825,0.008603223874677771,0.004093333862119109,0.008783661272303617,0.010214091991445625,0.004468683137029589,0.6079548022598871,0.2703615819209039,0.5918870056497175,0.16593041201598469,0.09300427173763254,0.0847081438610996,123,177,0.510018306594648,0.4674576271186438,63.89333333333333,300,23
370,370.0,0.4436290322580645,0.36263709677419353,0.5093629032258066,0.4572857142857143,0.3548,0.49875428571428576,0.007313717221644121,0.008378586043184182,0.004179263462539023,0.008890912653061224,0.00991696,0.004576482481632653,0.6051485714285715,0.26537142857142854,0.5947257142857143,0.161519539170507,0.097265668202765,0.08536281105990773,124,175,0.5024046674274564,0.4789714285714282,64.77257525083613,299,22
371,371.0,0.44441860465116284,0.36451937984496124,0.5105503875968992,0.4545260115606937,0.3526994219653179,0.5023005780346821,0.007453220118983235,0.00840007908178595,0.004279193197524187,0.008832862040161716,0.009564383641284374,0.0047820021383942,0.5996300578034683,0.25215606936416185,0.5969364161849711,0.1552114531523055,0.1123633104807994,0.08638602858807187,129,173,0.5072950750916565,0.4738728323699418,65.4205298013245,302,23
372,372.0,0.44403703703703706,0.36142962962962955,0.5095703703703703,0.4538285714285714,0.3508685714285714,0.5022285714285715,0.007187502331961593,0.00839688208504801,0.004238645048010974,0.008791250612244898,0.009469302726530614,0.0047250220408163275,0.5913085714285715,0.24654857142857142,0.6016114285714287,0.14727153439153445,0.11488105820105812,0.09204105820105835,135,175,0.5205646434435132,0.4495999999999996,65.66129032258064,310,22
373,373.0,0.4370820895522388,0.3662686567164179,0.5080074626865673,0.45449717514124294,0.35029378531073446,0.502542372881356,0.006870433559812877,0.00862153976386723,0.004212022332368011,0.008629605924223563,0.009445563407705321,0.004705039164990903,0.5903276836158192,0.2447514124293785,0.6033446327683616,0.1532455940635804,0.12151724428703939,0.09533717008179432,134,177,0.5319014965015977,0.4424293785310731,65.79742765273312,311,19
374,374.0,0.43845255474452555,0.36367153284671533,0.5067153284671534,0.4538268156424582,0.34757541899441347,0.5038603351955306,0.007134218551867442,0.00880781181735841,0.004221035750439554,0.008589048219468806,0.009527473362254613,0.004847438594301053,0.5817988826815642,0.2449608938547486,0.6081564245810057,0.14334632793703866,0.11871063899196674,0.10144109611385232,137,179,0.5187780606548715,0.43681564245810023,65.4620253164557,316,20
375,375.0,0.43296124031007754,0.36268992248062015,0.5043333333333333,0.4522528089887641,0.3447134831460675,0.5038370786516854,0.007302548885283337,0.009545671293792439,0.004452532299741602,0.008786166424693851,0.00891542914404747,0.004780293681353364,0.5793932584269663,0.23611797752808986,0.6056460674157303,0.14643201811688877,0.1265719449525303,0.10131273408239705,129,178,0.5098884044459729,0.43842696629213446,65.0944625407166,307,21
376,376.0,0.43301481481481485,0.36200000000000004,0.5038962962962963,0.4523651685393259,0.3430112359550562,0.5029887640449437,0.007050429410150892,0.009129437037037036,0.004377011467764059,0.00899873743845474,0.008839134705213988,0.004750348188360055,0.5798820224719101,0.22953932584269662,0.6052415730337078,0.14686720765709527,0.13246067415730342,0.10134527673741156,135,178,0.5031176321136137,0.43292134831460644,65.29073482428115,313,22
377,377.0,0.43225757575757573,0.3591060606060605,0.5080984848484847,0.45280681818181817,0.3430511363636363,0.5029090909090909,0.0072393427456382,0.009047685720844812,0.004253482724977043,0.009236099044421488,0.008914037157799587,0.004591639462809918,0.5819261363636363,0.23027272727272727,0.6046420454545455,0.1496685606060606,0.12883333333333322,0.09654356060606073,132,176,0.5031360336892181,0.43068181818181783,65.83441558441558,308,23
378,378.0,0.4394306569343066,0.35900729927007297,0.507021897810219,0.45332183908045987,0.34292528735632183,0.5041034482758621,0.00786755906015238,0.00954291235547978,0.004188853535084448,0.009315034350640771,0.008931103613423174,0.00458875941339675,0.5790057471264367,0.2306551724137931,0.6047528735632184,0.1395750901921301,0.12835212685627986,0.09773097575299938,137,174,0.5089740444093325,0.4189655172413789,65.16077170418006,311,22
379,379.0,0.4408321167883211,0.3614379562043795,0.5095693430656933,0.45344444444444443,0.34049122807017546,0.5068421052631579,0.007952694442964462,0.00950640673450903,0.004258799936064787,0.00930949837556855,0.008603010156971378,0.00434660080024623,0.5752748538011695,0.2229766081871345,0.6030292397660818,0.13444273701284837,0.13846134801724502,0.09345989670038846,137,171,0.49181553866715383,0.43690058479532135,65.1038961038961,308,18
380,380.0,0.43721527777777774,0.36264583333333333,0.5107638888888889,0.45345121951219514,0.3410548780487805,0.5063719512195122,0.008664349488811729,0.00912585373263889,0.004342916473765432,0.009530113474122547,0.00877853967132659,0.004512355554729328,0.5670121951219512,0.22428658536585366,0.6030975609756097,0.12979691734417348,0.13835924796747967,0.09233367208672083,144,164,0.49008436820053114,0.4268292682926826,65.72402597402598,308,21
381,381.0,0.4371489361702127,0.36195744680851066,0.5127659574468085,0.4505875,0.34091875,0.5081875,0.00830970122227252,0.008717218047381922,0.0042007324581258484,0.00920619234375,0.0089232871484375,0.004461227343750001,0.5547375000000001,0.22560000000000002,0.6092187499999999,0.11758856382978738,0.13635744680851064,0.09645279255319139,141,160,0.4867265852304197,0.4543749999999996,66.98338870431894,301,19
382,382.0,0.437057142857143,0.36221428571428566,0.5118142857142857,0.4496987179487179,0.34031410256410255,0.5100833333333333,0.008172639591836737,0.008681511224489798,0.004180508367346939,0.009028659229125574,0.008813100057527942,0.004643063568376069,0.545826923076923,0.2220128205128205,0.6137564102564103,0.10876978021978007,0.14020146520146515,0.10194212454212459,140,156,0.4872213840987531,0.44858974358974324,67.35135135135135,296,22
383,383.0,0.4394428571428571,0.36356428571428573,0.5107928571428572,0.44586754966887415,0.3420662251655629,0.5096754966887418,0.008114789591836735,0.008761503010204083,0.004388892806122449,0.008889677821148195,0.00859955852813473,0.004695199333362572,0.5302582781456953,0.22664900662251652,0.6113112582781457,0.09081542100283818,0.1369152790917692,0.10051840113528854,140,151,0.4795100241445895,0.4749006622516552,67.45704467353951,291,21
384,384.0,0.44246969696969696,0.3621287878787879,0.5104545454545454,0.4456143790849673,0.3452875816993464,0.5084183006535948,0.00800141574839302,0.008905748565197429,0.004567990358126722,0.008894302276902048,0.008378113375197572,0.0048999688154128754,0.5352810457516339,0.225718954248366,0.6068888888888889,0.09281134878193698,0.1364098336304219,0.09643434343434354,132,153,0.48309070334041615,0.49052287581699316,66.98947368421052,285,20
385,385.0,0.4456737588652481,0.36034751773049645,0.5106170212765957,0.447,0.34731578947368424,0.507782894736842,0.007789482219204265,0.00883929057894472,0.004669016447864795,0.009117868421052631,0.008294334487534626,0.004855288391620499,0.533875,0.22796710526315786,0.6085592105263158,0.08820124113475186,0.1323804124673386,0.09794218924972009,141,152,0.4790830562688919,0.4774999999999996,66.94880546075085,293,21
386,386.0,0.4478785714285714,0.36052142857142855,0.5089642857142856,0.4471032258064516,0.34527096774193544,0.5069806451612903,0.008263020969387755,0.008869178112244898,0.004764963010204081,0.00900384740894901,0.008483410447450572,0.0050525609157128,0.5235870967741936,0.23023870967741933,0.6044967741935484,0.07570852534562217,0.13028271889400922,0.09553248847926277,140,155,0.46363932192540747,0.4809677419354835,67.31864406779661,295,21
387,387.0,0.44898000000000005,0.36,0.5091933333333334,0.4489607843137255,0.3461960784313725,0.5077124183006536,0.0081083796,0.009435666666666665,0.004949115955555555,0.008715240292195309,0.008636144559784698,0.00501359049938058,0.5191437908496732,0.23322222222222222,0.6036013071895425,0.07016379084967317,0.12677777777777777,0.09440797385620914,150,153,0.4692393387264686,0.4531372549019604,66.91419141914191,303,25
388,388.0,0.44866447368421053,0.3582039473684211,0.5101973684210526,0.4487302631578947,0.3464934210526316,0.5067039473684211,0.008002420316828256,0.009312280773891965,0.0050389873614958445,0.008929657505193906,0.008268197325138504,0.004908445247576178,0.5247236842105264,0.23455263157894737,0.6015855263157895,0.07605921052631587,0.12365131578947372,0.09138815789473698,152,152,0.44896684397798425,0.46157894736842064,67.25657894736842,304,26
389,389.0,0.4494503311258278,0.35602649006622517,0.5107483443708609,0.4482147651006712,0.34373825503355704,0.506275167785235,0.007440366738300954,0.008795297311521424,0.00488885057672909,0.008779336426287105,0.008506756992928247,0.004699743074636278,0.5181140939597316,0.22822147651006713,0.5992281879194631,0.06866376283390385,0.12780501355615803,0.08847984354860217,151,149,0.46680180558217427,0.4568456375838922,66.48,300,23
390,390.0,0.45014193548387094,0.35379354838709676,0.5107935483870968,0.4469602649006623,0.34039735099337753,0.5049337748344371,0.007333670176899064,0.008612034797086367,0.0050069122164412075,0.008862024911188105,0.008659126880399982,0.004631863163896321,0.515635761589404,0.22566887417218542,0.5946423841059603,0.06549382610553312,0.12812467421491133,0.08384883571886348,155,151,0.45323191582365213,0.45834437086092683,66.34640522875817,306,21
391,391.0,0.45005228758169935,0.35230718954248363,0.511450980392157,0.44830666666666674,0.3392466666666667,0.5043133333333333,0.007349984194113377,0.008439650732624204,0.005194482891195696,0.008827105955555557,0.008801159155555556,0.004680641822222223,0.5106533333333333,0.22533333333333336,0.5934666666666667,0.06060104575163394,0.12697385620915028,0.08201568627450972,153,150,0.45471785506497375,0.4434666666666663,66.18811881188118,303,25
392,392.0,0.4495405405405406,0.3551283783783784,0.5083783783783783,0.445734693877551,0.33888435374149656,0.5017755102040816,0.007418937545653761,0.008590422708181153,0.0051497757487216946,0.008866262945994725,0.008534660095330649,0.0047419836179369715,0.5127142857142857,0.22291156462585035,0.5886190476190475,0.06317374517374508,0.13221681375252806,0.0802406692406692,148,147,0.457556160819831,0.4592517006802719,64.84406779661018,295,24
393,393.0,0.45086666666666675,0.3549733333333333,0.5069199999999999,0.4472000000000001,0.3399466666666667,0.49948,0.0073608755555555575,0.00853655928888889,0.0050136336,0.009322373333333333,0.009381450488888887,0.004612182933333334,0.5167533333333334,0.22279333333333337,0.5800066666666667,0.06588666666666665,0.13217999999999994,0.07308666666666674,150,150,0.44662832557731247,0.4586666666666664,65.35333333333334,300,24
394,394.0,0.4492435897435897,0.35587179487179493,0.506724358974359,0.4455066666666666,0.34158666666666665,0.49966,0.007352171433267587,0.008146945101906639,0.005195391970742933,0.009408103288888888,0.009302442488888889,0.0046402910666666665,0.5125,0.22290666666666667,0.5840666666666666,0.06325641025641027,0.13296512820512826,0.07734230769230765,156,150,0.4729818417836444,0.4262666666666663,66.58496732026144,306,22
395,395.0,0.44965806451612905,0.3562516129032258,0.5067032258064517,0.44202614379084976,0.3426666666666667,0.49994771241830066,0.0066882895317377745,0.00791903991675338,0.004845060312174818,0.009017175787090435,0.009247058823529412,0.004621226024178735,0.5045359477124183,0.22522222222222224,0.5859934640522877,0.05487788319628922,0.13102939068100358,0.07929023824583603,155,153,0.4696625872451972,0.43928104575163357,66.74675324675324,308,19
396,396.0,0.44711258278145705,0.3536622516556292,0.5069735099337748,0.44053333333333333,0.34157333333333334,0.5000466666666668,0.00665262970922328,0.007456806455857201,0.004999853602912154,0.009281502222222222,0.008850697955555556,0.004682297822222223,0.5040399999999999,0.22268000000000002,0.5880733333333332,0.056927417218542886,0.13098225165562918,0.08109982339955846,151,150,0.47934897315183544,0.44053333333333294,66.32558139534883,301,21
397,397.0,0.448921568627451,0.35261437908496734,0.5054575163398694,0.43885810810810816,0.34063513513513516,0.4995,0.006954281430219147,0.007414537571019692,0.00500389525396215,0.009038473109934258,0.008637772279035793,0.004913371621621622,0.5011689189189189,0.2186689189189189,0.5871418918918918,0.05224735029146793,0.13394546016604844,0.08168437555202246,153,148,0.46490783653648504,0.4427027027027024,66.70764119601328,301,18
398,398.0,0.4479735099337749,0.35233112582781456,0.5071655629139072,0.4389115646258503,0.34014285714285714,0.4991972789115647,0.006957986053243278,0.007185466514626551,0.004977263979650016,0.009089618029524736,0.008677687074829932,0.005004471285112685,0.5032721088435373,0.22004761904761905,0.5879251700680272,0.055298598909762464,0.13228350678019551,0.08075960715412,151,147,0.47514402687172497,0.4238775510204078,67.19798657718121,298,21
399,399.0,0.44788590604026834,0.35417449664429534,0.5036644295302013,0.44410135135135137,0.34070270270270264,0.4979932432432433,0.007038799063105266,0.00730873465159227,0.005018867258231611,0.009525455944119795,0.00862191161431702,0.005145074278670563,0.5116283783783784,0.22296621621621623,0.580304054054054,0.06374247233811003,0.1312082804280791,0.07663962452385276,149,148,0.4524471173430978,0.44027027027026994,67.84848484848484,297,25
400,400.0,0.44910489510489504,0.35421678321678324,0.5011538461538461,0.44338666666666665,0.33994,0.4966400000000001,0.0070025694165973896,0.007413498459582377,0.005161724583109199,0.009534023822222223,0.008622883066666668,0.005083603733333333,0.5069333333333332,0.22137333333333337,0.5778933333333334,0.057828438228438195,0.13284344988344987,0.07673948717948731,143,150,0.45868399810401733,0.44853333333333295,68.4334470989761,293,23
401,401.0,0.45227941176470593,0.3537279411764706,0.49936029411764704,0.44364625850340134,0.338156462585034,0.4951972789115646,0.007162127811418686,0.007564315689878894,0.004933421658737024,0.009808133370354945,0.008700281641908463,0.004888947475588876,0.4972108843537415,0.22041496598639457,0.5780136054421768,0.04493147258903557,0.13331297519007604,0.0786533113245298,136,147,0.472274738765381,0.4422448979591833,68.49116607773851,283,23
402,402.0,0.45119852941176475,0.35066911764705877,0.5023455882352942,0.4417430555555556,0.3365138888888889,0.4949652777777778,0.007288453233131488,0.0075221625756920416,0.004925255568771627,0.00992335759066358,0.00881643036265432,0.004798436294367284,0.48631944444444447,0.2221111111111111,0.5815763888888889,0.03512091503267972,0.12855800653594768,0.07923080065359467,136,144,0.46989961371012356,0.439583333333333,67.54285714285714,280,24
403,403.0,0.45182733812949644,0.3532661870503597,0.5046618705035971,0.4411448275862069,0.33295862068965515,0.4946206896551724,0.007126502561979194,0.007351835619274364,0.005418367682832151,0.010047916956004757,0.008845818977407847,0.005024745778834721,0.47692413793103444,0.22646896551724133,0.5814137931034482,0.025096799801538006,0.1267972215331184,0.07675192259985109,139,145,0.45952528883431265,0.44048275862068936,68.23591549295774,284,25
404,404.0,0.4497642857142857,0.3569357142857143,0.5053999999999998,0.4416827586206896,0.332848275862069,0.49560689655172413,0.007168265867346939,0.007230360153061225,0.005634397142857142,0.010151251082045183,0.008796211462544591,0.005100928228299643,0.47957241379310345,0.23022758620689657,0.5789310344827586,0.02980812807881772,0.12670812807881773,0.07353103448275877,140,145,0.45420992839682556,0.44448275862068937,67.9298245614035,285,26
405,405.0,0.44787142857142853,0.3576428571428572,0.5075642857142857,0.4401805555555555,0.33369444444444446,0.4971041666666667,0.0072222691836734704,0.00678364387755102,0.005779260153061225,0.00992206462191358,0.008765559413580247,0.005022815538194444,0.4729791666666666,0.23043055555555558,0.582861111111111,0.025107738095238086,0.12721230158730162,0.07529682539682536,140,144,0.4574302396599126,0.4627777777777774,68.23591549295774,284,21
406,406.0,0.4482481751824817,0.3556496350364964,0.5073284671532847,0.4365797101449275,0.3355942028985507,0.49795652173913035,0.007081442058713837,0.0072557750546113275,0.005793972401300016,0.009559011762234827,0.00878695127074144,0.005072838689350977,0.46258695652173915,0.23686956521739133,0.5873260869565218,0.014338781339257423,0.11878006981910505,0.07999761980323705,137,138,0.46006780789169227,0.4617391304347823,68.26545454545455,275,23
407,407.0,0.44922962962962965,0.3570592592592593,0.5078444444444444,0.4365851851851852,0.33779999999999993,0.49733333333333335,0.006597969492455418,0.007135048340192044,0.0058226498765432105,0.009677116817558302,0.008709463703703704,0.0051161481481481474,0.460637037037037,0.24193333333333328,0.5954666666666666,0.011407407407407366,0.11512592592592602,0.08762222222222216,135,135,0.469692530895511,0.4729629629629625,69.12592592592593,270,22
408,408.0,0.4479083969465649,0.3564198473282443,0.5047251908396947,0.4370909090909091,0.3415,0.49782575757575753,0.006580922906590526,0.007165800827457608,0.005683313792902512,0.009736203856749311,0.008411431818181818,0.005223946912304866,0.4642348484848485,0.2484090909090909,0.5988181818181818,0.01632645153828355,0.10801075641915336,0.09409299097848711,131,132,0.4638597103114889,0.4906060606060602,69.1977186311787,263,25
409,409.0,0.4472424242424243,0.35974242424242425,0.5038560606060606,0.43764233576642336,0.34402919708029195,0.49840145985401463,0.00674907759412305,0.007089509412304866,0.005630759584481176,0.00933148521498215,0.00860967797964729,0.005283758538014813,0.47988321167883213,0.25774452554744526,0.5914598540145986,0.03264078743640786,0.101997898694979,0.08760379340853797,132,137,0.48722091716827015,0.49145985401459824,68.73977695167287,269,17
410,410.0,0.44615671641791044,0.359223880597015,0.5045970149253731,0.43633076923076924,0.3436846153846154,0.49944615384615393,0.007254759022053911,0.006698606593896191,0.005823285364223658,0.009847867514792897,0.008042354378698224,0.005259277869822485,0.46701538461538467,0.24917692307692307,0.5980615384615384,0.02085866819747423,0.11004695752009191,0.0934645235361653,134,130,0.510192131669198,0.470307692307692,69.14772727272727,264,22
411,411.0,0.4483007518796992,0.36124812030075193,0.5030225563909774,0.43233600000000005,0.3422800000000001,0.49804800000000005,0.007677112555825654,0.00686868279721861,0.005608458137825767,0.009784351103999998,0.007566489599999999,0.005439773696,0.46027999999999997,0.2518,0.601536,0.011979248120300767,0.1094481203007519,0.09851344360902259,133,125,0.5154158988896583,0.5106399999999996,69.14728682170542,258,16
412,412.0,0.44937593984962404,0.3621278195488722,0.5042706766917294,0.43533333333333335,0.34104878048780485,0.49673170731707317,0.007632339872236985,0.007032998699756911,0.005631580869466901,0.009470531165311652,0.007809152092008724,0.005402310132857426,0.46759349593495936,0.24413008130081298,0.5955934959349592,0.018217556085335318,0.1179977382480592,0.09132281924322982,133,123,0.5050309335308444,0.5088617886178858,68.9765625,256,19
413,413.0,0.45055639097744365,0.36434586466165414,0.5023007518796994,0.43713934426229517,0.34218032786885244,0.49822131147540977,0.007345013737350898,0.007254647294929052,0.005512375713720392,0.009696693697930662,0.008044951088417091,0.005134451021230852,0.47502459016393445,0.24247540983606558,0.602795081967213,0.02446819918649079,0.12187045482558856,0.10049433008751363,133,122,0.5030915598838909,0.5191803278688522,68.55686274509804,255,17
414,414.0,0.4495757575757576,0.36271969696969697,0.501098484848485,0.43723387096774197,0.3447741935483871,0.4965,0.00767128971533517,0.007377368399908172,0.005513103937098255,0.009546179175338187,0.00827935223725286,0.005182249999999999,0.4704758064516129,0.24694354838709678,0.5976370967741934,0.020900048875855337,0.11577614858260019,0.09653861192570845,132,124,0.4974467781299866,0.5158064516129028,68.63671875,256,21
415,415.0,0.4477307692307692,0.36363076923076926,0.49976923076923074,0.43611199999999994,0.34588,0.49747199999999997,0.007937981360946748,0.007522940591715976,0.005343577514792899,0.009129155456,0.008807689599999998,0.004852105215999998,0.47704,0.24903999999999996,0.599552,0.02930923076923081,0.1145907692307693,0.09978276923076923,130,125,0.5060869024986816,0.5290399999999995,68.49803921568628,255,17
416,416.0,0.4469694656488549,0.36293893129770993,0.49936641221374045,0.4372213740458015,0.34590839694656494,0.4981068702290077,0.007981846395897677,0.0076088970339723795,0.005383163452013287,0.00909988229124177,0.0085841595478119,0.004740110716158732,0.47925190839694654,0.2452213740458015,0.5968091603053434,0.03228244274809161,0.11771755725190844,0.09744274809160292,131,131,0.4863079516661181,0.5284732824427478,68.55343511450381,262,18
417,417.0,0.4482611940298507,0.35891791044776117,0.4979850746268657,0.43741860465116283,0.3445813953488372,0.4995813953488372,0.006941909389619071,0.008098314156827803,0.005552880374248162,0.00923295655309176,0.008427127095727419,0.004677824770146026,0.4793720930232558,0.24197674418604648,0.6003100775193798,0.03111089899340508,0.11694116626171469,0.10232500289251412,134,129,0.4982184571039963,0.5123255813953486,68.86692015209125,263,20
418,418.0,0.44591111111111104,0.3595851851851852,0.49424444444444443,0.438511811023622,0.3486929133858268,0.4976377952755906,0.0069993995061728405,0.00853296866941015,0.005120643950617285,0.00940357269514539,0.00854496868993738,0.0044262782565565135,0.4737007874015748,0.24315748031496062,0.5931102362204727,0.02778967629046375,0.11642770487022455,0.09886579177602822,135,127,0.5150355831771225,0.509842519685039,68.59541984732824,262,19
419,419.0,0.4442246376811594,0.35905072463768123,0.4948333333333334,0.4388484848484848,0.3492045454545455,0.4970681818181819,0.007001710407477421,0.008460787282083595,0.005071225845410628,0.008863719467401285,0.008491056646005508,0.004372321108815427,0.47125,0.24968181818181817,0.5883636363636365,0.027025362318840618,0.10936890645586306,0.09353030303030313,138,132,0.5014310576409761,0.4892424242424239,68.71851851851852,270,24
420,420.0,0.44354676258992803,0.35965467625899283,0.4929856115107913,0.4409333333333333,0.35068888888888894,0.4975407407407408,0.006819902489519178,0.00876445629108224,0.005656028569949797,0.009050802962962963,0.00854734024691358,0.004342233525377229,0.4792444444444444,0.24341481481481483,0.5870222222222221,0.03569768185451638,0.116239861444178,0.09403661071143082,139,135,0.4997659039914137,0.4877777777777774,68.4963503649635,274,23
421,421.0,0.44428985507246377,0.3590797101449275,0.49502898550724633,0.43903759398496245,0.35303007518796997,0.4989323308270677,0.006929872505776098,0.008787580602814536,0.005650332493173704,0.008831870767143422,0.008470735937588332,0.0043728300073492005,0.4783383458646617,0.24632330827067667,0.5877593984962406,0.034048490792197905,0.11275640187425084,0.09273041298899426,138,133,0.4870913360700354,0.5059398496240598,68.1070110701107,271,24
422,422.0,0.4413868613138686,0.35962773722627733,0.4927226277372263,0.43993984962406013,0.3509172932330827,0.5000300751879699,0.007406602163141353,0.00856322638393095,0.005332565400394267,0.008768191870654078,0.008477354061846343,0.004250014133077053,0.4799624060150376,0.24307518796992475,0.5895639097744362,0.03857554470116897,0.11655254925635258,0.09684128203720987,137,133,0.4974351496767035,0.49571428571428533,67.88888888888889,270,22
423,423.0,0.44710370370370367,0.35873333333333335,0.4944222222222222,0.44096240601503756,0.35307518796992476,0.5013007518796992,0.007688137393689988,0.008738506666666666,0.005467562469135803,0.008820216631805078,0.00852596427158121,0.004308691503194076,0.47993233082706765,0.237203007518797,0.5952706766917294,0.032828627123363985,0.12153032581453635,0.10084845446950719,135,133,0.5095041841487336,0.5090977443609019,68.33208955223881,268,18
424,424.0,0.4456818181818182,0.3591893939393939,0.4950984848484848,0.4369202898550725,0.35517391304347823,0.5002753623188405,0.0075072623966942155,0.008848471705693296,0.005502482724977043,0.008986073356437722,0.00848634656584751,0.004292895190086116,0.4717246376811594,0.23667391304347826,0.596376811594203,0.02604281949934123,0.12251548089591566,0.10127832674571818,132,138,0.5011217536940562,0.500724637681159,68.94074074074074,270,22
425,425.0,0.4439545454545455,0.35611363636363635,0.4953181818181819,0.43546043165467624,0.35365467625899283,0.5000503597122301,0.007336816115702482,0.008715737086776861,0.005750489669421488,0.008834377930748925,0.008354585787485118,0.00428030681641737,0.4694748201438848,0.22738129496402879,0.6005539568345324,0.025520274689339317,0.12873234139960757,0.10523577501635051,132,139,0.4763749221360289,0.5026618705035969,68.39114391143912,271,24
426,426.0,0.44351127819548875,0.35865413533834584,0.49501503759398496,0.4361748251748252,0.35493706293706295,0.500034965034965,0.0071928513765617055,0.008754211204703488,0.005920345638532422,0.008904018387207198,0.00823916387109394,0.004409614162061714,0.46144055944055945,0.229986013986014,0.6033076923076923,0.017929281245070705,0.12866812135233183,0.10829265471370736,133,143,0.46292559272740347,0.5188111888111884,68.64855072463769,276,20
427,427.0,0.44502272727272724,0.35712121212121206,0.49696212121212124,0.43628671328671326,0.3568461538461538,0.4993986013986014,0.007104567665289258,0.008396091368227733,0.005992248565197429,0.00937551919409262,0.00877393437331899,0.004403736221820137,0.4524755244755245,0.2328251748251748,0.6002937062937063,0.00745279720279729,0.12429603729603725,0.10333158508158502,132,143,0.4628913492751993,0.5258041958041954,69.19272727272727,275,21
428,428.0,0.44553787878787876,0.35530303030303023,0.49684090909090906,0.4358287671232877,0.3570273972602739,0.49939041095890413,0.00708814250459137,0.008423877869605143,0.005610709538567494,0.00930907341902796,0.008922259523362732,0.004333361277913305,0.4557328767123288,0.2348013698630137,0.6010479452054796,0.010194997924450055,0.12050166044001653,0.1042070361145705,132,146,0.45057733022284635,0.5261643835616435,69.15467625899281,278,20
429,429.0,0.4468721804511278,0.35673684210526313,0.49618045112781956,0.438758389261745,0.3576979865771812,0.5020738255033557,0.006503855842614055,0.007899487138899881,0.0054923283396461076,0.009200062429620286,0.009120371875140757,0.004473867033016531,0.45515436241610746,0.24059731543624163,0.6053825503355704,0.008282181964979651,0.1161395266690215,0.10920209920775087,133,149,0.46989370878364145,0.508926174496644,70.04964539007092,282,19
430,430.0,0.4475390070921985,0.3584468085106383,0.49601418439716316,0.43954,0.35912666666666665,0.5042133333333334,0.006888957698304914,0.008195693979176098,0.005957021075398622,0.009043261733333334,0.009049323955555556,0.0045409678222222225,0.45559333333333335,0.2440666666666667,0.60504,0.008054326241134835,0.1143801418439716,0.10902581560283686,141,150,0.4657834062737536,0.4994666666666664,70.13745704467354,291,19
431,431.0,0.4480915492957746,0.3575563380281691,0.49506338028169017,0.4392348993288591,0.35911409395973154,0.5054161073825503,0.006843731055346164,0.00811742992461813,0.0059440875322356685,0.008869683077338859,0.008936154767803253,0.004426578532498536,0.44388590604026845,0.23724832214765107,0.6118590604026846,0.004205643255506153,0.12030801588051804,0.1167956801209944,142,149,0.45463571995167523,0.4940268456375836,69.57731958762886,291,20
432,432.0,0.44878723404255316,0.35617730496453903,0.4926666666666667,0.44054729729729725,0.35712837837837835,0.5077905405405405,0.007043358985966502,0.008085578492027564,0.0063457966903073286,0.008783247762965669,0.008711017302775749,0.004238908829437545,0.43900675675675666,0.2293310810810811,0.6183513513513514,0.009780477285796507,0.12684622388345793,0.12568468468468474,141,148,0.47392881931221076,0.4878378378378376,69.36678200692042,289,17
433,433.0,0.44795555555555555,0.3583481481481482,0.4922074074074075,0.4426530612244898,0.3586666666666667,0.5074421768707483,0.007219879506172842,0.0080181380521262,0.006423260685871056,0.008681287796751355,0.008796684807256235,0.0046451037993428665,0.4425646258503402,0.23529931972789114,0.6124489795918368,0.005390929705215375,0.12304882842025705,0.12024157218442927,135,147,0.4665398430947455,0.4957142857142854,68.98226950354609,282,18
434,434.0,0.4499090909090909,0.35546969696969694,0.4931136363636363,0.44428082191780827,0.35836986301369866,0.5079931506849316,0.006917764462809918,0.008480809687786962,0.006388176480716254,0.008554434837680617,0.00878343854381685,0.004735308172264966,0.45377397260273966,0.23242465753424657,0.6146506849315068,0.0038648816936487362,0.12304503943545037,0.12153704856787045,132,146,0.4741169521725731,0.5041095890410957,68.81654676258992,278,18
435,435.0,0.44787969924812027,0.35551879699248123,0.494015037593985,0.4438581081081081,0.3612027027027027,0.5084121621621622,0.006848587031488496,0.008610219571485105,0.0064127666911640005,0.008405351488312637,0.008693283235938641,0.004701796338568298,0.45493243243243253,0.23203378378378378,0.6196891891891891,0.007052733184312265,0.12348501320869745,0.12567415159520412,133,148,0.47289097017980625,0.47756756756756735,68.12811387900356,281,21
436,436.0,0.4494814814814815,0.3541333333333334,0.4937333333333333,0.44531081081081086,0.3621824324324324,0.5062837837837838,0.006953864471879287,0.00816973037037037,0.006437114074074075,0.008612052045288534,0.008736486988677867,0.004826257304601899,0.45504729729729737,0.24013513513513518,0.6197702702702703,0.005565815815815889,0.11399819819819823,0.12603693693693702,135,148,0.4856083061972855,0.45635135135135113,67.86219081272085,283,23
437,437.0,0.44993893129770995,0.3546793893129771,0.4927709923664122,0.4470067567567567,0.3618851351351351,0.5055472972972973,0.007147126041605967,0.008253484995046908,0.006479901753977041,0.008736628332724615,0.008831169238495251,0.0050990991143170196,0.45568243243243245,0.23586486486486488,0.6160067567567568,0.005743501134722495,0.11881452444811222,0.12323576439034456,131,148,0.48551951207391925,0.4755405405405403,68.72043010752688,279,22
438,438.0,0.4479302325581395,0.3538759689922481,0.489984496124031,0.44274,0.35946666666666666,0.5029733333333333,0.00712294862087615,0.008278852833363382,0.006438666426296497,0.008596299066666667,0.00884386222222222,0.005222492622222222,0.4507733333333334,0.24320000000000003,0.6080533333333333,0.0028431007751938964,0.11067596899224807,0.11806883720930234,129,150,0.5021455813168355,0.47493333333333304,67.31899641577061,279,21
439,439.0,0.4489685039370078,0.35369291338582687,0.48747244094488196,0.44231543624161074,0.3591409395973154,0.5028456375838927,0.006958093496186993,0.008529756091512183,0.006336863413726827,0.00866794747984325,0.00872437610918427,0.0051383587225800635,0.45732214765100665,0.24049664429530204,0.6075100671140939,0.008353643713998826,0.11319626909052483,0.12003762616921199,127,149,0.49537083297217055,0.4787248322147648,67.2572463768116,276,20
440,440.0,0.44968253968253963,0.3519126984126983,0.4875317460317461,0.44793548387096777,0.3601354838709677,0.5013225806451612,0.007075788107835726,0.008495603489543967,0.006154883912824389,0.00861492486992716,0.008744607450572319,0.004992179812695109,0.4637290322580645,0.24129032258064514,0.6058193548387096,0.014046492575524872,0.11062237583205314,0.11828760880696354,126,155,0.4939216199303452,0.4764516129032256,67.84697508896797,281,18
441,441.0,0.4506946564885496,0.3485954198473282,0.48503816793893134,0.4470263157894737,0.363125,0.5009539473684211,0.007154944933278947,0.008576408833984034,0.005966586329467981,0.008569196675900276,0.008813477796052632,0.005147149194944599,0.4588815789473684,0.2427894736842105,0.6067697368421053,0.008186922458818802,0.10580594616311773,0.12173156890317399,131,152,0.48599546287520556,0.4749342105263155,66.82685512367492,283,18
442,442.0,0.45082170542635663,0.34865891472868216,0.48627131782945743,0.4458571428571429,0.36142857142857143,0.4995129870129871,0.00725603797848687,0.008104922420527612,0.005907484526170302,0.008698447124304268,0.008767621521335808,0.005299236844324507,0.45529220779220775,0.2439285714285714,0.6023246753246754,0.0044705023658511145,0.10473034330011075,0.11605335749521795,129,154,0.47221716183212026,0.471233766233766,67.24381625441696,283,23
443,443.0,0.451832,0.34975199999999995,0.488032,0.4478481012658229,0.3620759493670886,0.5006582278481013,0.007683771776,0.008113242496000001,0.006379934976,0.008839432622977088,0.008809373978529081,0.0054798578753404905,0.45589873417721527,0.24658227848101266,0.6002848101265823,0.004066734177215259,0.10316972151898729,0.11225281012658228,125,158,0.4793045741656302,0.46246835443037954,67.80212014134275,283,24
444,444.0,0.44948818897637793,0.35153543307086615,0.48874015748031496,0.44449689440993784,0.3609503105590062,0.4983416149068323,0.007182029388058777,0.008245398350796702,0.006131263190526381,0.00842113197793295,0.008938308089965664,0.005750945411056673,0.451583850931677,0.2502049689440994,0.5930993788819876,0.0020956619552990885,0.10133046412676677,0.10435922140167264,127,161,0.4721796085160205,0.45850931677018614,67.38194444444444,288,25
445,445.0,0.4494330708661417,0.34746456692913386,0.48845669291338595,0.4445935483870968,0.36009677419354835,0.49757419354838706,0.007056623473246947,0.007994894413788829,0.005579318990637981,0.008344305764828305,0.008563545473465141,0.005785934817898023,0.45418709677419355,0.2545741935483871,0.5883096774193548,0.004754025908051851,0.09289037338074674,0.09985298450596886,127,155,0.4797182717374027,0.4633548387096772,67.94326241134752,282,25
446,446.0,0.44727692307692307,0.3441153846153846,0.4889076923076924,0.4432697368421053,0.3598684210526316,0.4966447368421053,0.007638569467455622,0.007504271301775149,0.005577483786982249,0.008497815399930749,0.008677627423822715,0.00575717641966759,0.4495394736842105,0.2545,0.5895,0.002262550607287417,0.0896153846153846,0.10059230769230765,130,152,0.48653066857543775,0.442565789473684,68.30141843971631,282,26
447,447.0,0.4472651515151515,0.3437575757575758,0.49048484848484847,0.4435947712418301,0.36105228758169927,0.49693464052287584,0.007679437270431589,0.007780789715335172,0.005327189164370983,0.008495116835405185,0.008828062625485925,0.005792309453628946,0.45373856209150326,0.25833333333333336,0.5886274509803922,0.006473410576351757,0.08542424242424246,0.09814260249554368,132,153,0.4959523204881278,0.4389542483660129,68.50175438596492,285,25
448,448.0,0.4474846153846154,0.34324615384615387,0.4933307692307692,0.4444709677419355,0.3625870967741935,0.4963870967741935,0.007756280532544379,0.007306739408284023,0.005124882899408284,0.008565771737773153,0.009114319833506763,0.0057547791883454736,0.45474193548387104,0.25630322580645165,0.5908064516129032,0.007257320099255615,0.08694292803970222,0.09747568238213405,130,155,0.5049516359781028,0.4363870967741933,68.50877192982456,285,22
449,449.0,0.44314179104477613,0.3473358208955224,0.49233582089552247,0.4450596026490067,0.3620331125827815,0.49635761589403976,0.007521166462463802,0.0076380140899977725,0.005112655881042549,0.008543526248848736,0.009051144598921099,0.0058397131704749795,0.45676158940397354,0.24871523178807944,0.5933708609271523,0.01361979835919741,0.09862058910744295,0.10103504003162983,134,151,0.5215674997811733,0.4287417218543043,68.11228070175439,285,20
450,450.0,0.4433565891472868,0.3439767441860465,0.49389147286821705,0.4439664429530202,0.36223489932885905,0.49599328859060404,0.0075594077279009676,0.006914053722733009,0.005092003725737636,0.008581079410837349,0.009213347506869059,0.005880624116030809,0.4541812080536913,0.24927516778523487,0.5922818791946308,0.01082461890640446,0.09470157640081164,0.09839040632641377,129,149,0.5267430007745196,0.428187919463087,68.64028776978417,278,26
451,451.0,0.44613385826771645,0.3463464566929134,0.48929133858267715,0.44132000000000005,0.36219999999999997,0.49472,0.007609974207948415,0.007088210676421353,0.005199135594271188,0.0086805376,0.009163946666666667,0.006081788266666667,0.45302000000000003,0.24369999999999994,0.5923666666666666,0.006886141732283579,0.10264645669291347,0.10307532808398945,127,150,0.5294874186440912,0.4440666666666664,68.64981949458483,277,24
452,452.0,0.4448188976377952,0.3476614173228346,0.4882362204724409,0.44203401360544214,0.3655646258503401,0.49231972789115636,0.007654982949965901,0.007046838117676235,0.0052614245148490295,0.0087388491832107,0.009731402286084502,0.006426802535980379,0.44670748299319724,0.24506122448979592,0.591843537414966,0.0018885853554020393,0.1026001928330387,0.10360731694252506,127,147,0.5203926610191569,0.4576870748299317,68.26642335766424,274,24
453,453.0,0.44457364341085265,0.3517286821705426,0.4888372093023256,0.44466666666666665,0.3655918367346939,0.4938095238095238,0.007454663181299201,0.007480058169581153,0.0053200122588786735,0.00862875283446712,0.009679860613633207,0.006556439909297052,0.45972789115646256,0.2504965986394558,0.5832789115646257,0.015154247745609917,0.10123208353108681,0.09444170226230014,129,147,0.5066685394602934,0.48653061224489763,68.84782608695652,276,20
454,454.0,0.4440387596899225,0.35182945736434107,0.4865503875968992,0.443156862745098,0.36276470588235293,0.49378431372549014,0.007703742683732948,0.007474901147767562,0.005218216453338141,0.008418615916955016,0.009806179930795848,0.006415541714725107,0.4505555555555556,0.24300000000000002,0.5858235294117647,0.006516795865633085,0.10882945736434105,0.09927314181486552,129,153,0.49022440886825075,0.48954248366013037,68.64893617021276,282,22
455,455.0,0.44079687500000003,0.3541328125,0.4876796875,0.4392272727272727,0.36003246753246754,0.49289610389610394,0.007916380615234375,0.007573427673339845,0.005322920837402344,0.008321487308146401,0.009686940504300892,0.006065132062742453,0.4503896103896104,0.2373116883116883,0.5781428571428571,0.009592735389610363,0.1168211241883117,0.09046316964285706,128,154,0.4991836675256137,0.4949999999999998,68.71631205673759,282,17
456,456.0,0.43742748091603056,0.35332061068702286,0.48824427480916033,0.442775641025641,0.36257051282051284,0.4928910256410256,0.007627863061593148,0.007394981178253016,0.005569894528290892,0.00870430222715319,0.00942941169460881,0.0061442637656147275,0.4527051282051283,0.24271153846153845,0.5815961538461538,0.015277647289097751,0.11060907222548441,0.09335187903699349,131,156,0.49762669437831164,0.4892948717948715,69.01742160278745,287,17
457,457.0,0.4356544117647059,0.355,0.48730147058823525,0.44384516129032253,0.36353548387096773,0.4931806451612904,0.007672240862889273,0.006940867647058822,0.005616151762543253,0.008713008283038502,0.00953218422476587,0.006390173818938605,0.44366451612903224,0.24452903225806452,0.5786451612903226,0.008010104364326365,0.11047096774193546,0.09134369070208737,136,155,0.4940967435762218,0.47445161290322546,68.90378006872852,291,19
458,458.0,0.43546376811594206,0.35505797101449277,0.48578260869565215,0.4471854304635762,0.36252317880794704,0.49417880794701974,0.007589205208989707,0.006859590842260028,0.005648981726528041,0.008714362966536555,0.00958907065479584,0.006631948160168415,0.45268874172185436,0.25613245033112586,0.572543046357616,0.017224973605912297,0.09892552068336691,0.08676043766196384,138,151,0.4862195857758545,0.48688741721854273,68.56401384083046,289,19
459,459.0,0.4345107913669065,0.3552302158273381,0.4854964028776979,0.44856209150326803,0.3641699346405229,0.4942941176470588,0.007460364991460071,0.006916062108586513,0.005497228404326897,0.00875248143876287,0.009653435174505532,0.006496900422914264,0.46069281045751637,0.26295424836601305,0.564045751633987,0.026182019090609854,0.09227596746132505,0.07854934875628905,139,153,0.48451124635061765,0.4651633986928102,69.28082191780823,292,25
460,460.0,0.4359366197183099,0.3543521126760563,0.4863028169014085,0.4501307189542484,0.3647385620915033,0.4940457516339869,0.007409524151953978,0.006889636580043641,0.005467816752628446,0.00899236199752232,0.009606075441069674,0.006456331240121321,0.46733986928104576,0.2608496732026144,0.559607843137255,0.03140324956273588,0.09350243947344195,0.0733050262358465,142,153,0.4742130835034032,0.4801960784313722,69.13220338983051,295,21
461,461.0,0.43797887323943663,0.35560563380281685,0.48646478873239446,0.45205732484076444,0.36403821656050955,0.4922738853503185,0.007214767159293791,0.007245492362626462,0.0052634036897440985,0.009940143210677918,0.009255157775163291,0.006409383585540997,0.48050955414012736,0.2568726114649682,0.5578917197452229,0.04253068090069073,0.09873302233784864,0.07142693101282843,142,157,0.4820409610027757,0.46012738853503155,68.80602006688963,299,17
462,462.0,0.44248920863309354,0.3527769784172662,0.48560431654676256,0.4519733333333334,0.3657866666666667,0.49138,0.0075205808187982,0.007691640908855649,0.005278397391439366,0.010548719288888892,0.009217581155555555,0.006620248933333333,0.48618000000000006,0.25893999999999995,0.55642,0.04369079136690651,0.09383697841726624,0.07081568345323747,139,150,0.5003059139957708,0.4532666666666664,68.92733564013841,289,19
463,463.0,0.4422198581560283,0.35177304964539013,0.484886524822695,0.4511812080536913,0.3619865771812081,0.49360402684563764,0.007559972938986973,0.00768912579850108,0.005467206981540163,0.010317128237466782,0.008757046799693705,0.006870333138146929,0.4813154362416108,0.25761744966442957,0.5604093959731544,0.03909557808558245,0.09415559998096057,0.07552287115045941,141,149,0.4897057829836038,0.44684563758389223,68.3103448275862,290,22
464,464.0,0.4424714285714286,0.34754285714285715,0.4843214285714286,0.4533866666666667,0.36124,0.49345333333333335,0.007402249183673469,0.007486205306122448,0.005312646683673469,0.010009317155555556,0.009040169066666666,0.00742815448888889,0.48145999999999994,0.2556,0.5548266666666666,0.03898857142857132,0.09194285714285716,0.07050523809523795,140,150,0.49249152067248303,0.449133333333333,67.6,290,20
465,465.0,0.4427122302158274,0.34949640287769784,0.4838920863309352,0.45481756756756747,0.3590675675675675,0.4956554054054055,0.007450780497903835,0.007683113296413229,0.005317635836654417,0.010110811313002194,0.008768063002191379,0.00808487449780862,0.4816148648648648,0.25279054054054056,0.559581081081081,0.038902634649037426,0.09670586233715728,0.07568899475014573,139,148,0.48008878149310374,0.44777027027026994,67.64808362369338,287,24
466,466.0,0.4429191176470589,0.35173529411764703,0.48250000000000004,0.45105517241379306,0.354,0.4969517241379311,0.007670427281574394,0.007678959342560554,0.0053514852941176465,0.009900934887039239,0.008505393103448276,0.008630390772889419,0.4734551724137932,0.24879310344827582,0.5588275862068965,0.030536054766734322,0.10294219066937121,0.0763275862068965,136,145,0.48497899226542485,0.4613793103448272,66.82918149466192,281,19
467,467.0,0.44221875,0.35071093750000004,0.480484375,0.4508356164383562,0.35165068493150686,0.4965958904109589,0.0075967958984375,0.008419518005371093,0.004946062255859375,0.009877781197222744,0.008505720444736348,0.008559186010508538,0.4740068493150685,0.25345890410958904,0.5551301369863014,0.031788099315068485,0.097252033390411,0.0746457619863014,128,146,0.49219777031114215,0.4582876712328764,66.83211678832117,274,22
468,468.0,0.44048031496062984,0.34723622047244096,0.47763779527559047,0.4488707482993196,0.3494829931972789,0.4926122448979592,0.007198611817223635,0.008421408766817535,0.005278845185690371,0.00974472479059651,0.008706671479476142,0.008555393863667916,0.47721088435374154,0.2551700680272109,0.5532517006802721,0.0367305693931117,0.09206615244523009,0.0756139054046816,127,147,0.5171892798668295,0.44054421768707447,67.07299270072993,274,22
469,469.0,0.43896875,0.3492109375,0.4754921875,0.44571333333333335,0.3501666666666667,0.4909933333333332,0.007294749023437499,0.008386932067871092,0.0051816561889648435,0.009337097822222223,0.00905103222222222,0.008587459955555555,0.47174,0.25838666666666665,0.5548066666666666,0.032771249999999974,0.09082427083333333,0.07931447916666656,128,150,0.49990472203387465,0.4417999999999997,67.02158273381295,278,21
470,470.0,0.43904799999999994,0.345016,0.47689600000000015,0.44713907284768223,0.3469536423841059,0.49362913907284756,0.007370925696000001,0.008334079744,0.0052436771840000005,0.00924760317529933,0.008538997850971447,0.008287888952238937,0.47168874172185427,0.25712582781456955,0.561185430463576,0.03264074172185433,0.08789017218543044,0.0842894304635759,125,151,0.49987114757166556,0.455894039735099,67.45289855072464,276,21
471,471.0,0.4393565891472868,0.34365891472868215,0.4787674418604651,0.4458766233766233,0.34927272727272723,0.49137662337662336,0.007343872844180037,0.008202007691845441,0.0052331242112853785,0.0091085886743127,0.009180574970484062,0.008258026986001013,0.45842207792207795,0.26112337662337665,0.5632272727272728,0.01906548877479114,0.0825355381053055,0.0844598308668077,129,154,0.5068029732321349,0.4429220779220776,67.42402826855124,283,20
472,472.0,0.4371968503937008,0.3432204724409449,0.4772834645669291,0.4479354838709677,0.35309032258064516,0.48901290322580643,0.0073598116436232874,0.00845248682497365,0.005141699175398351,0.009184331321540064,0.009596946680541103,0.008490786930280958,0.4670387096774194,0.27539354838709684,0.5625096774193548,0.029841859283718575,0.06782692405384805,0.08522621285242565,127,155,0.511567718737066,0.4501935483870964,67.43971631205673,282,21
473,473.0,0.4371307692307692,0.3435923076923077,0.47519230769230775,0.4517261146496815,0.355828025477707,0.48826114649681535,0.007202190591715976,0.008307795325443788,0.005257709171597633,0.009144988681082397,0.009616944947056675,0.008785696133717394,0.46811464968152866,0.28604458598726107,0.5607006369426751,0.03098388045075945,0.05754772170504663,0.08550832925036739,130,157,0.5167173658235026,0.4491719745222927,66.86411149825784,287,18
474,474.0,0.4406746031746032,0.34565873015873005,0.47607936507936505,0.4513311688311688,0.35328571428571426,0.48679220779220783,0.007034346497858404,0.008267685122197027,0.0054856444948349695,0.008845000716815652,0.009742957328385898,0.00883091786135942,0.4743116883116883,0.29066883116883113,0.5511558441558442,0.033637085137085077,0.05498989898989892,0.07507647907647913,126,154,0.5096047974076257,0.45720779220779184,66.07857142857142,280,19
475,475.0,0.43738636363636363,0.34004545454545454,0.4767878787878788,0.4497516339869281,0.35373202614379085,0.4858692810457516,0.007099085571625345,0.008128043388429752,0.006072091368227731,0.009064173608441198,0.009519085052757484,0.008860531932162845,0.4660849673202615,0.2880980392156862,0.5576601307189543,0.028698603683897872,0.05194741532976832,0.08087225193107545,132,153,0.5104082446578212,0.44300653594771217,65.19298245614036,285,21
476,476.0,0.43562307692307695,0.3368153846153846,0.4768076923076923,0.44913636363636367,0.34935064935064936,0.4887077922077922,0.007001004082840238,0.007787104378698223,0.0061760476331360935,0.008683871015348288,0.009019643278799122,0.008334414614606173,0.4788246753246754,0.2742987012987012,0.5586753246753247,0.04320159840159843,0.06251668331668342,0.08186763236763234,130,154,0.49429925815739084,0.4569480519480516,65.87676056338029,284,21
477,477.0,0.43385384615384615,0.33698461538461544,0.4753307692307692,0.4458152866242038,0.34731210191082806,0.48864968152866234,0.0067456017159763315,0.007810568994082841,0.006456282899408284,0.008858991358675808,0.008827730617874965,0.008291501480790294,0.48085350318471337,0.2677643312101911,0.557312101910828,0.046999657030867226,0.06922028417442433,0.0819813326800588,130,157,0.49634127215198065,0.4644585987261144,65.97560975609755,287,17
478,478.0,0.4324736842105263,0.3399924812030075,0.4750075187969925,0.4448481012658228,0.34772151898734177,0.487753164556962,0.0066834072022160665,0.00819975182316694,0.007378142800610548,0.008875989585002403,0.008906618650857234,0.008291932743150137,0.4753924050632911,0.27149367088607596,0.556120253164557,0.042918720852764825,0.06849881031693156,0.08111273436756455,133,158,0.5100547465874266,0.44841772151898696,65.85910652920963,291,18
479,479.0,0.4308307692307692,0.3386384615384615,0.47869230769230775,0.44611111111111107,0.3454771241830066,0.4879477124183007,0.006274263668639053,0.00836630775147929,0.00739898224852071,0.008342948438634711,0.008574876927677388,0.008374271775812722,0.47755555555555557,0.2756013071895425,0.5586274509803921,0.04672478632478638,0.06303715434891899,0.07993514328808438,130,153,0.5000736753264905,0.45633986928104536,65.78091872791519,283,21
480,480.0,0.43180468749999995,0.34116406250000003,0.47871874999999997,0.44656666666666656,0.34953333333333336,0.48840666666666666,0.006176375915527344,0.008726090270996092,0.0074233740234375,0.007598952222222225,0.008188995555555554,0.008073027955555555,0.4761466666666667,0.28076666666666666,0.5644066666666667,0.04434197916666677,0.06039739583333337,0.08568791666666675,128,150,0.4947253459170398,0.46646666666666636,65.84892086330935,278,21
481,481.0,0.4315078124999999,0.34135156250000004,0.4790234375,0.4456778523489933,0.35004026845637587,0.48788590604026844,0.0060363593139648435,0.008694290466308593,0.007451038513183593,0.007897037160488268,0.008206172875095716,0.008039564163776406,0.4698859060402685,0.2803221476510067,0.5630671140939597,0.038378093540268554,0.061029414848993324,0.08404367659395973,128,149,0.5096257722689351,0.4715436241610735,66.014440433213,277,16
482,482.0,0.42974809160305344,0.34307633587786257,0.47812213740458015,0.4429930555555555,0.35150694444444447,0.48577777777777775,0.0060804632597168005,0.009245154478177262,0.007628015616805547,0.00827246522955247,0.00830324995177469,0.00743021450617284,0.4705763888888889,0.28597222222222224,0.5614513888888889,0.04082829728583548,0.05710411365564033,0.08332925148430875,131,144,0.49160310277999636,0.47298611111111083,66.09818181818181,275,19
483,483.0,0.4273278688524591,0.34062295081967214,0.47779508196721315,0.4387260273972603,0.35178767123287674,0.4833630136986301,0.0064414170921795215,0.009125644719161516,0.008048753090567051,0.00828896603490336,0.008151715190467255,0.00681276548132858,0.4646095890410959,0.29130136986301364,0.5557534246575342,0.03728172018863679,0.049321580956658506,0.07795834269032104,122,146,0.4949023656161091,0.48047945205479414,65.82462686567165,268,21
484,484.0,0.427856,0.34124,0.47884,0.4375633802816901,0.35076056338028166,0.4844577464788732,0.006624427264,0.009241638400000002,0.008131126399999999,0.00832766851815116,0.008100773656020632,0.006983656665344178,0.4645352112676057,0.2916549295774648,0.5553309859154929,0.036679211267605705,0.04958507042253518,0.07649098591549292,125,142,0.5015893990923659,0.47795774647887285,65.55430711610487,267,22
485,485.0,0.428,0.34232000000000007,0.478616,0.43937681159420283,0.35334782608695653,0.4843623188405797,0.006930304,0.0090690816,0.007920252544,0.008442321781138417,0.0082725456836799,0.007217941188825877,0.4698260869565217,0.3001231884057971,0.5488333333333333,0.041826086956521735,0.042196811594202965,0.0702173333333333,125,138,0.5036564353212214,0.4984782608695649,65.12167300380229,263,19
486,486.0,0.42860629921259835,0.34515748031496074,0.48021259842519687,0.4386074074074074,0.35349629629629625,0.4871037037037037,0.0068937505115010235,0.00953177047554095,0.008148025668051336,0.008430831056241428,0.008260975912208505,0.00722264109739369,0.4652,0.30212592592592585,0.5471555555555554,0.03659370078740165,0.04303155438903489,0.06694295713035853,127,135,0.5030101486725771,0.5020740740740737,65.3854961832061,262,23
487,487.0,0.42871538461538466,0.346,0.4816538461538461,0.4374776119402985,0.35490298507462686,0.4849402985074627,0.0065921882248520716,0.009465738461538462,0.008067103254437871,0.008743115170416574,0.007986669692581867,0.007965862107373581,0.46594776119402986,0.3064179104477612,0.5425223880597015,0.0372323765786452,0.0395820895522388,0.060868541905855444,130,134,0.5096142316315457,0.5041791044776116,65.31818181818181,264,21
488,488.0,0.42656818181818185,0.34869696969696967,0.47925,0.4360888888888889,0.35345185185185185,0.4854222222222223,0.006614002926997246,0.0095554536271809,0.008864945075757575,0.008321088395061729,0.00816747731138546,0.00793528098765432,0.46247407407407404,0.31255555555555553,0.5382518518518519,0.03590589225589219,0.03614141414141414,0.05900185185185186,132,135,0.514838133603231,0.49977777777777743,65.91760299625469,267,19
489,489.0,0.42902255639097747,0.35064661654135343,0.48001503759398495,0.43609352517985617,0.3567338129496403,0.4863453237410072,0.007149014528803212,0.00955849918028153,0.008867007292667761,0.008122890533616275,0.008670900367475805,0.007683866363024689,0.454273381294964,0.32168345323741004,0.5255323741007193,0.025250824903986502,0.028963163303943384,0.04551733650673434,133,139,0.5009227379199402,0.49892086330935215,65.59191176470588,272,20
490,490.0,0.42816279069767443,0.3573720930232558,0.4773953488372093,0.4363805970149254,0.357044776119403,0.4889179104477611,0.0070491130340724715,0.009578295655309176,0.008848006489994592,0.008196116339942081,0.008277356204054356,0.007787567888171085,0.4525447761194029,0.31903731343283587,0.5240447761194028,0.02438198542172848,0.03833477959041992,0.04664942728219351,129,134,0.49901183392613985,0.5179104477611937,65.5551330798479,263,20
491,491.0,0.4312248062015504,0.356062015503876,0.4792635658914729,0.4353643410852714,0.35800000000000004,0.49068992248062016,0.007345879694729884,0.009752554293612162,0.008796039060152635,0.008075068805961181,0.008381426356589148,0.007597888348056006,0.4552248062015504,0.32351162790697674,0.5263255813953488,0.02400000000000002,0.032550387596899266,0.0470620155038759,129,129,0.486867531919158,0.5324031007751935,65.63565891472868,258,23
492,492.0,0.4348702290076336,0.3597175572519084,0.47327480916030534,0.4364769230769231,0.35811538461538467,0.4900923076923077,0.007706219800710914,0.009010446943651301,0.00934851989977274,0.008172634082840238,0.00831867130177515,0.007585514556213017,0.45941538461538467,0.3222153846153846,0.5267538461538461,0.024545155607751057,0.03750217263652378,0.053479036993540785,131,130,0.513492754227381,0.5188461538461535,65.77394636015326,261,18
493,493.0,0.4363181818181818,0.3625151515151515,0.47148484848484845,0.43615037593984957,0.3577593984962406,0.48865413533834573,0.007506262396694215,0.008952446740128557,0.00927706795224977,0.0078399924246707,0.00843660376505173,0.00795252699417717,0.46917293233082713,0.3252631578947368,0.521593984962406,0.0328547505126453,0.0372519936204147,0.0501091364775576,132,133,0.5077636763193232,0.5054135338345862,65.79245283018868,265,19
494,494.0,0.4372992125984252,0.3601574803149606,0.4734330708661417,0.4367591240875912,0.3598029197080292,0.48672262773722635,0.007411107322214644,0.008478857089714182,0.009570607725215449,0.007651686504342265,0.008366975757898663,0.008116404816452661,0.4734160583941606,0.32530656934306573,0.5236496350364963,0.03611684579573543,0.034850910971894855,0.05021656417035458,127,137,0.5114738744434669,0.5024817518248171,65.23484848484848,264,20
495,495.0,0.437664,0.361064,0.4728,0.4374511278195489,0.36069172932330823,0.4858345864661654,0.007613999104,0.008517675903999999,0.009778064,0.0074942024987280234,0.008573160608287635,0.008230393690994403,0.4631278195488722,0.3327669172932331,0.522436090225564,0.025463819548872224,0.028297082706766896,0.049636090225564033,125,133,0.5133629865709557,0.5090225563909772,65.13953488372093,258,24
496,496.0,0.4382500000000001,0.3589032258064517,0.47257258064516133,0.4360692307692307,0.3587076923076923,0.48493846153846154,0.00782802620967742,0.00874220031217482,0.009523438280437046,0.007541710591715977,0.008456883786982249,0.008170811597633137,0.4623846153846154,0.3312538461538462,0.5206846153846153,0.02413461538461531,0.0276493796526055,0.04811203473945397,124,130,0.5196594792495176,0.5208461538461535,65.25984251968504,254,22
497,497.0,0.43699186991869926,0.35999186991869914,0.47360975609756095,0.43598473282442746,0.36102290076335875,0.4825343511450382,0.007988268226584704,0.008811731641218849,0.00918264445766409,0.007503984499737777,0.007957182681661908,0.008017836606258377,0.45859541984732827,0.32696946564885493,0.5143358778625954,0.021603549928629007,0.03302240426984421,0.04072612176503443,123,131,0.5117147174032001,0.5210687022900761,65.41338582677166,254,26
498,498.0,0.4363700787401575,0.35911023622047245,0.4709685039370079,0.437,0.3633129770992366,0.4812977099236641,0.00781656382912766,0.00908260202120404,0.009117715543431083,0.007822351145038169,0.00825239822854146,0.008132086941320435,0.46122137404580155,0.32834351145038165,0.5123053435114503,0.02485129530564406,0.030766724770090792,0.0413368395744424,127,131,0.5213157291191126,0.5271755725190836,65.22093023255815,258,22
499,499.0,0.4384769230769231,0.36272307692307687,0.4739230769230769,0.4380220588235294,0.36158823529411765,0.4795294117647059,0.008057741775147929,0.00831060023668639,0.009147871005917158,0.007842095101643598,0.008390183391003461,0.008152175605536332,0.46486029411764695,0.3321323529411765,0.5045955882352942,0.026383371040723858,0.03059072398190038,0.030672511312217265,130,136,0.5358888490460695,0.5040441176470585,64.72932330827068,266,21
500,500.0,0.4381865671641791,0.3603880597014925,0.4741417910447761,0.43643884892086326,0.36236690647482017,0.48089928057553954,0.007886509968812655,0.008291192693250167,0.009139599298284696,0.008190677915221779,0.008293829408415714,0.008135198488691061,0.46342446043165464,0.3321654676258993,0.4994676258992805,0.025237893267475553,0.02822259207559319,0.025325834854504403,134,139,0.5198690878929669,0.5028776978417263,64.41758241758242,273,20
501,501.0,0.43805185185185186,0.3619703703703704,0.4756222222222222,0.4345217391304348,0.36370289855072463,0.48100724637681164,0.007984641755829905,0.008042280603566529,0.008777820246913582,0.008597829237555135,0.008387121875656375,0.008036659367779878,0.47053623188405796,0.33341304347826084,0.49696376811594206,0.032484380032206106,0.028557326892109547,0.021341545893719838,135,138,0.5073498453457287,0.5029710144927533,64.34432234432235,273,22
502,502.0,0.4364701492537313,0.3611343283582089,0.4746567164179104,0.4380215827338129,0.36418705035971216,0.48155395683453245,0.008250025228335933,0.008269698373802628,0.008794285141456895,0.008290711764401429,0.008504339112882358,0.008200088815278712,0.47633812949640286,0.33782014388489207,0.4985539568345323,0.039867980242671575,0.023314184473316846,0.02389724041662189,134,139,0.5055005537797874,0.4994244604316544,64.16483516483517,273,24
503,503.0,0.4382045454545454,0.3648409090909091,0.4713939393939394,0.4373259259259259,0.3683333333333333,0.4806888888888889,0.007967829373278237,0.008325209538567495,0.008311693296602389,0.008400101179698218,0.008296385185185185,0.00842368098765432,0.4795703703703703,0.3463407407407407,0.4996592592592593,0.04136582491582491,0.018500168350168378,0.028265319865319882,132,135,0.5145370739820575,0.48562962962962924,63.36704119850187,267,25
504,504.0,0.4407424242424242,0.36841666666666667,0.46990909090909094,0.4364444444444444,0.36763703703703704,0.4815259259259259,0.00808073668503214,0.008826333964646466,0.008528037190082646,0.008376972839506171,0.008306912702331963,0.008765449327846364,0.4765555555555556,0.3411333333333333,0.49374074074074076,0.03581313131313141,0.02728333333333338,0.023831649831649815,132,135,0.503612303221156,0.4900740740740737,63.235955056179776,267,28
505,505.0,0.4433970588235294,0.3684705882352941,0.4714779411764707,0.43681884057971015,0.36701449275362313,0.48692753623188406,0.008229283520761245,0.00863032266435986,0.008452955395761245,0.008191626601554296,0.008382115731989076,0.008308357067842888,0.4857536231884058,0.34052173913043476,0.5042173913043477,0.04235656436487639,0.02794884910485934,0.032739450127877046,136,138,0.4919025812892208,0.5013768115942027,64.14233576642336,274,23
506,506.0,0.44313138686131387,0.3655620437956205,0.47270072992700723,0.4372357142857142,0.3653214285714285,0.4831142857142858,0.008282376898076616,0.008416888486333847,0.008456384889978156,0.00831026586734694,0.00828320382653061,0.008423944081632653,0.48491428571428574,0.3340571428571429,0.5069285714285714,0.04178289885297187,0.03150490093847763,0.03422784150156416,137,140,0.4915377769673043,0.4780714285714283,64.4187725631769,277,27
507,507.0,0.4449565217391305,0.3638913043478261,0.4727826086956522,0.4381197183098592,0.36738732394366197,0.48076760563380283,0.008242331442974165,0.008508372243226214,0.008533010712035287,0.008051725104146003,0.008113955613965483,0.008013291063281094,0.48821830985915493,0.33178169014084513,0.5080281690140845,0.04326178812002446,0.03210961420698094,0.035245560318432345,138,142,0.48745193835255085,0.4859859154929575,64.26428571428572,280,25
508,508.0,0.44405185185185186,0.3648814814814815,0.47298518518518523,0.4372553191489362,0.3693971631205674,0.4796099290780142,0.008396878792866942,0.008600756323731137,0.008892947928669412,0.008065665308586085,0.008283998289824453,0.007911940043257383,0.4902765957446808,0.33762411347517735,0.5031914893617021,0.046224743892828934,0.027257368006304128,0.030206304176516874,135,141,0.49106695602023626,0.4906382978723401,64.77173913043478,276,23
509,509.0,0.44495555555555555,0.36611851851851845,0.4751259259259259,0.43635,0.3702285714285714,0.4787857142857143,0.008674575802469133,0.009039911879286692,0.00864713229080933,0.008157670357142858,0.00832421918367347,0.00777752551020408,0.4868142857142857,0.3385642857142857,0.5018,0.04185873015873015,0.027554232804232748,0.026674074074074128,135,140,0.49874187341934206,0.501785714285714,65.41818181818182,275,21
510,510.0,0.444735294117647,0.36272058823529413,0.4748308823529412,0.4377013888888889,0.3724097222222222,0.48006250000000006,0.008607576989619378,0.008525201340830449,0.008266831693339098,0.008042112220293211,0.009226991849922839,0.007803225260416667,0.48372916666666677,0.34810416666666666,0.4963402777777778,0.03899387254901976,0.014616421568627469,0.021509395424836597,136,144,0.5016398223577604,0.47673611111111075,65.01428571428572,280,25
511,511.0,0.44038970588235293,0.3641176470588235,0.47750735294117647,0.4393129251700681,0.37107482993197277,0.48218367346938773,0.008625752541089965,0.009010192041522492,0.008066058769463667,0.00808703132953862,0.009295470590957472,0.007622217964736917,0.4803333333333333,0.34321768707483,0.495,0.039943627450980346,0.020899959983993466,0.01749264705882353,136,147,0.4956781082151745,0.4986394557823126,65.4416961130742,283,18
512,512.0,0.4416619718309859,0.3608802816901408,0.476338028169014,0.44022147651006704,0.37089261744966445,0.486510067114094,0.00861374489188653,0.009374936371751635,0.00811067446935132,0.008040991216611866,0.009474082428719428,0.0076404378181162995,0.4784697986577181,0.3427785234899329,0.5034832214765101,0.036807826826732226,0.01810175820020793,0.02714519330749615,142,149,0.49591392307538484,0.4832214765100668,64.72852233676976,291,18
513,513.0,0.4435479452054795,0.3583972602739726,0.4777123287671233,0.4419733333333333,0.3719133333333334,0.48810666666666674,0.008646727153312068,0.009479992869206231,0.008239876149371364,0.007964092622222222,0.009202532488888889,0.007905868622222222,0.4806466666666666,0.34184000000000003,0.5032066666666666,0.03709872146118709,0.016557260273972585,0.025494337899543307,146,150,0.4840588109967599,0.47059999999999963,64.5608108108108,296,22
514,514.0,0.4448263888888889,0.3588958333333333,0.4809791666666666,0.44022147651006704,0.3724026845637584,0.4878926174496644,0.008617379581404322,0.009465815538194443,0.007788631510416665,0.008161541552182332,0.008943810999504528,0.00801804216026305,0.475738255033557,0.34459060402684566,0.5006442953020134,0.030911866144668065,0.014305229306487643,0.01966512863534675,144,149,0.4816279258918277,0.47879194630872446,64.20136518771331,293,21
515,515.0,0.44491156462585024,0.35920408163265305,0.48246938775510206,0.43927210884353746,0.3710952380952381,0.4871904761904761,0.008223862927483918,0.009547645425517146,0.007622956545883659,0.008194252487389515,0.00928801814058957,0.007779378684807256,0.4793197278911565,0.3415102040816327,0.4980680272108844,0.03440816326530627,0.017693877551020365,0.015598639455782326,147,147,0.4820335718822229,0.47333333333333305,64.56462585034014,294,23
516,516.0,0.4496466666666666,0.36275333333333337,0.48573333333333335,0.4421812080536913,0.36936912751677853,0.4878053691275167,0.00834598848888889,0.00944845248888889,0.008432675555555557,0.008067906760956714,0.009394125489842798,0.007842076212783206,0.48408053691275177,0.3479395973154363,0.49716107382550334,0.034433870246085185,0.014813736017897094,0.011427740492169991,150,149,0.48079468090338273,0.478926174496644,65.1571906354515,299,19
517,517.0,0.4492094594594595,0.3605608108108108,0.48658108108108106,0.44219178082191785,0.37097260273972604,0.48877397260273964,0.008437976397005114,0.009833827383126369,0.008492405588020452,0.008071922124225936,0.010006300619253146,0.007697476308875961,0.48368493150684927,0.344541095890411,0.5009041095890411,0.034475472047389766,0.01601971492039983,0.014323028507960023,148,146,0.4905475708248583,0.4723972602739722,64.68027210884354,294,17
518,518.0,0.45262937062937064,0.36117482517482513,0.48794405594405593,0.44322448979591833,0.37014285714285716,0.4902721088435374,0.008580373123380117,0.009906535869724682,0.008899577289843023,0.008085779536304318,0.009786231292517007,0.007687082419362302,0.4859931972789116,0.3422244897959184,0.5052789115646259,0.03336382664954096,0.018950335378906724,0.017334855620569967,143,147,0.4982710771749013,0.4609523809523806,65.3344827586207,290,20
519,519.0,0.4495594405594405,0.36053846153846153,0.4877202797202797,0.44334246575342473,0.3687397260273973,0.48977397260273975,0.00872391080248423,0.010147982786444324,0.008805781896425254,0.008032362169262527,0.009195356914993433,0.00787366808969788,0.4822808219178083,0.33560273972602744,0.5133561643835616,0.032721381358367774,0.024935721812434086,0.02563588466328187,143,146,0.5053485414331556,0.45267123287671196,66.01384083044982,289,18
520,520.0,0.4497,0.36008571428571434,0.49435,0.4411399999999999,0.36834000000000006,0.48895333333333335,0.008694395714285715,0.009518149795918368,0.009106956071428573,0.008053893733333333,0.009253051066666667,0.007755657822222223,0.4798466666666667,0.3405533333333333,0.5065866666666666,0.03014666666666671,0.019532380952381023,0.012236666666666618,140,150,0.49217615394930203,0.4337999999999997,66.53103448275863,290,26
521,521.0,0.44894366197183094,0.3597535211267606,0.49045070422535214,0.438317880794702,0.3668344370860927,0.4882913907284768,0.008813278516167427,0.00936727023408054,0.00906759968260266,0.008011753256436119,0.009306244112100346,0.007563411780185079,0.47690728476821187,0.3401059602649007,0.5054635761589404,0.027963622796380927,0.019647560861859925,0.015012871933588301,142,151,0.5002873553195587,0.4226490066225162,66.63139931740615,293,24
522,522.0,0.4484857142857144,0.3592071428571429,0.49337142857142857,0.438474025974026,0.36655844155844153,0.48882467532467533,0.008853778367346937,0.009239521377551019,0.008386247755102041,0.007846301273401923,0.009213311519649181,0.007310806923595884,0.473012987012987,0.34083766233766233,0.511487012987013,0.02452727272727262,0.018369480519480563,0.018115584415584474,140,154,0.5129859105726439,0.41357142857142826,66.06122448979592,294,22
523,523.0,0.44708088235294113,0.3582058823529412,0.4948970588235294,0.4370268456375839,0.3680738255033557,0.4885637583892617,0.00924964786980969,0.008981648788927335,0.008473342344290659,0.007927274447096977,0.009315813341741364,0.007191172109364442,0.46795973154362414,0.33333557046979867,0.5143758389261744,0.020878849190683002,0.024870311883142537,0.019478780102645032,136,149,0.5276272857865407,0.4144966442953017,65.71228070175438,285,22
524,524.0,0.44615942028985506,0.35968115942028983,0.49425362318840577,0.43800662251655637,0.36939735099337745,0.4942715231788079,0.009282612266330604,0.008828463558076035,0.008870812486872506,0.007958178764089295,0.009296001052585415,0.006922528924169992,0.4658410596026489,0.33270198675496687,0.5225231788079471,0.01968163931279382,0.02697917266532296,0.02826955561954131,138,151,0.5131398260182747,0.42092715231788047,66.32525951557093,289,23
525,525.0,0.44631159420289856,0.36330434782608695,0.4961376811594202,0.4407852348993289,0.3685906040268456,0.49540268456375836,0.009396228996009242,0.00857134215500945,0.00864003176853602,0.008179994144407912,0.009341167965406964,0.006972710328363586,0.4716912751677852,0.33316107382550336,0.5255100671140941,0.02537968096488663,0.030143274000583586,0.029372385954673896,138,149,0.5071516116780201,0.42134228187919426,67.29965156794425,287,28
526,526.0,0.4464963503649635,0.3650583941605839,0.4958175182481752,0.44312582781456955,0.3662317880794702,0.49648344370860925,0.009459023709307901,0.008540419947786242,0.008650003196760615,0.008470149730274988,0.00919326415508092,0.006966209990789878,0.4768145695364238,0.332682119205298,0.5286357615894041,0.030318219171460326,0.03237627495528589,0.03281824334122885,137,151,0.49116532710329086,0.4394701986754963,67.5,288,26
527,527.0,0.4416029411764706,0.3661029411764706,0.49872794117647057,0.44309210526315784,0.36560526315789477,0.49996052631578947,0.008964327638408305,0.008003930579584775,0.008860550983996539,0.008933794148199448,0.009086252077562328,0.007136208968144044,0.4739868421052631,0.3279013157894737,0.5425526315789473,0.03238390092879251,0.038201625386996896,0.04382469040247672,136,152,0.4932475014822819,0.4503289473684207,66.86805555555556,288,21
528,528.0,0.4403115942028986,0.3672463768115943,0.5001376811594204,0.439530612244898,0.36610884353741496,0.4985034013605442,0.009004663778617939,0.007993069733249317,0.008850220174333122,0.008981065389421075,0.008931607200703412,0.007376141144893333,0.47238095238095235,0.3285170068027211,0.5489251700680272,0.03206935817805373,0.038729370008873165,0.048787488908606846,138,147,0.4898265086685622,0.4432653061224486,66.83157894736843,285,20
529,529.0,0.44125735294117646,0.3669705882352941,0.5012205882352941,0.43668531468531474,0.36717482517482525,0.4987972027972028,0.008951073475346022,0.00810741089965398,0.008747127811418684,0.009397949924201674,0.009054451953640767,0.007257742090077755,0.4667482517482518,0.3360419580419581,0.549951048951049,0.025490898807075335,0.030928630193336026,0.04873046071575482,136,143,0.4850404719412101,0.4528671328671325,66.46594982078852,279,22
530,530.0,0.4397153284671533,0.3677372262773722,0.5006642335766422,0.4393561643835617,0.36768493150684933,0.5017054794520548,0.00869829122489211,0.008012106132452448,0.008832514998135222,0.009297366297616814,0.009020585663351474,0.007865755723400262,0.46029452054794523,0.3402602739726028,0.5583424657534246,0.020579192080791953,0.02747695230476943,0.05767823217678236,137,146,0.4920780707313058,0.44842465753424615,66.45936395759718,283,19
531,531.0,0.44094656488549616,0.3674427480916031,0.5022900763358779,0.43817985611510796,0.36617266187050357,0.5000647482014389,0.00880354676300915,0.007940399393974711,0.008680496008391119,0.009427974846022463,0.008989711195072718,0.007778290771699189,0.46177697841726617,0.3426906474820144,0.5604028776978417,0.02083041353177001,0.024752100609588712,0.05811280136196384,131,139,0.5266068888429472,0.4495683453237406,66.71111111111111,270,18
532,532.0,0.4388931297709924,0.37026717557251904,0.5022824427480915,0.4362571428571428,0.3627357142857143,0.5020071428571429,0.008555835906998425,0.007855325563778336,0.0088878362566284,0.009124719591836736,0.00881729443877551,0.008269621377551021,0.4510285714285714,0.3351142857142857,0.5714285714285714,0.012135441657579016,0.03515288985823334,0.06914612868047987,131,140,0.5302835386947481,0.440285714285714,66.97047970479704,271,19
533,533.0,0.4342,0.3691153846153846,0.5009692307692308,0.4387042253521126,0.363169014084507,0.5022816901408451,0.00819359076923077,0.007909948224852073,0.008617260591715975,0.009253912517357667,0.008727802420154734,0.008347441777425113,0.4538239436619717,0.3357253521126761,0.5658802816901408,0.019623943661971732,0.0333900325027085,0.06491105092090999,130,142,0.544081858278548,0.41676056338028133,66.83088235294117,272,19
534,534.0,0.4362992125984252,0.3724173228346457,0.49889763779527563,0.43594366197183104,0.3624859154929577,0.5046619718309859,0.007973469526939055,0.007811817967635935,0.008856312356624714,0.009133813727435035,0.008799785012894268,0.00827187165244991,0.4486971830985915,0.33373239436619717,0.5639084507042255,0.012397970500166333,0.03868492846844851,0.06501081290894983,127,142,0.5561844683256902,0.4166197183098588,67.61338289962825,269,19
535,535.0,0.4358992248062015,0.37139534883720926,0.4977054263565892,0.4371428571428571,0.3620857142857143,0.50985,0.007865036355988222,0.007771138272940328,0.008829277567453879,0.008895993877551023,0.008377964081632652,0.008523784642857144,0.4483285714285715,0.34225714285714287,0.5775142857142858,0.012429346622369997,0.02913820598006639,0.07980885935769655,129,140,0.5482971752842528,0.40614285714285686,67.13011152416357,269,22
536,536.0,0.4361846153846154,0.3707384615384616,0.49532307692307687,0.4342708333333334,0.3620138888888889,0.5123819444444444,0.007804273609467456,0.007709916213017752,0.009193895621301774,0.009149072482638888,0.008336124807098767,0.008849333285108025,0.4433125,0.340875,0.5827291666666667,0.007127884615384605,0.02986346153846159,0.08740608974358988,130,144,0.5359498837161468,0.42486111111111075,68.57299270072993,274,19
537,537.0,0.43593181818181825,0.37085606060606063,0.49718181818181817,0.4341118881118881,0.36034965034965033,0.51493006993007,0.007906002926997247,0.007673002008723601,0.009341209366391184,0.008872518949581888,0.008439360262115506,0.009455659445449653,0.4372797202797203,0.3444335664335665,0.5852867132867132,0.0013479020979020317,0.02642249417249415,0.08810489510489505,132,143,0.5302616432837063,0.4141958041958038,68.28363636363636,275,22
538,538.0,0.435296875,0.37132031249999997,0.49875,0.43334507042253523,0.36142957746478876,0.5158380281690141,0.0076126149902343765,0.007240327087402344,0.0094294375,0.008982718954572507,0.00854334363221583,0.009775332920055543,0.4355774647887324,0.3382605633802817,0.583225352112676,0.00028058978873235496,0.03305974911971826,0.08447535211267598,128,142,0.5385150752252603,0.41774647887323907,68.02222222222223,270,24
539,539.0,0.4368015873015873,0.36828571428571427,0.4977460317460317,0.43368055555555557,0.3624236111111111,0.5148541666666667,0.007578571743512219,0.006811696145124717,0.00919072915091963,0.009059870177469136,0.008260549720293211,0.010058180121527777,0.43275694444444446,0.33440277777777777,0.5824583333333333,0.004044642857142844,0.0338829365079365,0.08471230158730159,126,144,0.5363539710423202,0.42541666666666633,68.17037037037036,270,26
540,540.0,0.436,0.3688730158730159,0.4983492063492064,0.4316595744680851,0.36197872340425535,0.5159361702127659,0.007513412698412699,0.006617206097253716,0.009113719324766942,0.009124352195563604,0.008245453448015694,0.010328967556963936,0.4270921985815603,0.32892198581560284,0.5835460992907802,0.00890780141843972,0.03995103005741307,0.08519689294157379,126,141,0.5482687514829493,0.42390070921985784,68.04119850187266,267,25
541,541.0,0.43686507936507946,0.3714603174603175,0.502968253968254,0.43583916083916086,0.3622867132867133,0.5132587412587412,0.007469116717057193,0.00700316906021668,0.00845825296044344,0.008929743361533573,0.008346218494791923,0.010498527458555432,0.4262447552447552,0.32735664335664333,0.5766853146853147,0.010620324120324265,0.04410367410367416,0.07371706071706075,126,143,0.5248211363838254,0.46412587412587386,67.97026022304833,269,20
542,542.0,0.436608,0.373616,0.4955840000000001,0.43546153846153846,0.3638181818181818,0.5094755244755245,0.007475854336,0.007183180544,0.008293794944,0.008779353415814956,0.008253113795295614,0.010542738911438213,0.42474825174825176,0.33154545454545453,0.5674685314685315,0.011859748251748237,0.04207054545454547,0.07188453146853141,125,143,0.5243193838002604,0.4705594405594403,67.53358208955224,268,20
543,543.0,0.43728,0.37342400000000003,0.494832,0.43637857142857145,0.3635357142857143,0.5088928571428571,0.0075303296,0.007278100223999999,0.008309051776,0.008660220969387757,0.008340005867346938,0.010626238520408162,0.4220285714285715,0.3328285714285715,0.5685285714285714,0.015251428571428527,0.04059542857142856,0.07369657142857139,125,140,0.5259571985100854,0.467428571428571,67.94716981132075,265,22
544,544.0,0.43761788617886177,0.3705934959349593,0.4922032520325203,0.4376258992805756,0.3646115107913669,0.5121654676258993,0.007498122281710623,0.006825444510542667,0.007838600965034042,0.008570694581025827,0.008421345479012474,0.010840080534133845,0.4173884892086331,0.33041007194244604,0.5720287769784173,0.020229396970228686,0.04018342399251329,0.07982552494589695,123,139,0.5425945304335743,0.4715827338129493,68.13358778625954,262,18
545,545.0,0.43522400000000006,0.36811999999999995,0.49484000000000006,0.4391056338028169,0.3628521126760563,0.5113380281690142,0.0074992618239999986,0.006624281600000001,0.0076791583999999986,0.008703474756992662,0.008347478129339418,0.010577871652449913,0.4195070422535211,0.3307746478873239,0.5725352112676058,0.015716957746478966,0.037345352112676033,0.0776952112676057,125,142,0.5429067438298875,0.4625352112676053,68.64794007490637,267,18
546,546.0,0.4377661290322581,0.36800000000000005,0.4953387096774194,0.43869014084507046,0.3618098591549295,0.5096338028169015,0.007838888852757542,0.006609758064516129,0.007532159469302809,0.008841636381670306,0.008203393423923825,0.010519626463003374,0.4177183098591549,0.33924647887323944,0.561,0.020047819173103165,0.028753521126760606,0.06566129032258067,124,142,0.5347598504283898,0.46183098591549265,69.01503759398496,266,22
547,547.0,0.4389024390243902,0.3695772357723578,0.4948048780487805,0.43764539007092196,0.3618085106382979,0.5083829787234042,0.007827941701368232,0.006472097693172053,0.007571035098155859,0.00823391680498969,0.008347700920476837,0.010596931341481814,0.40680851063829787,0.3455744680851064,0.5561560283687944,0.03209392838609232,0.024002767687251403,0.061351150320013925,123,141,0.5272684778493197,0.47028368794326203,68.92424242424242,264,20
548,548.0,0.43793442622950823,0.3708688524590164,0.4928032786885246,0.43883333333333324,0.365463768115942,0.5059710144927535,0.0075838481590970175,0.006782146734748722,0.007562977694168235,0.0078048780193236715,0.008490625498844781,0.01013850640621718,0.41726811594202895,0.3511739130434783,0.5460869565217392,0.020666310287479284,0.019694939415538126,0.05328367783321464,122,138,0.5207892473305358,0.47768115942028955,68.94615384615385,260,20
549,549.0,0.44342741935483865,0.3752177419354839,0.49137096774193556,0.4365785714285714,0.36505,0.5043357142857143,0.007489615699791883,0.007048121943288242,0.007401943028095733,0.007940329540816327,0.008441704642857142,0.010293265867346938,0.41564999999999996,0.35001428571428567,0.5421428571428571,0.027777419354838684,0.02520345622119824,0.05077188940092159,124,140,0.5227353784021543,0.4718571428571426,68.6969696969697,264,21
550,550.0,0.43879032258064515,0.37441935483870964,0.4866693548387097,0.436572463768116,0.3691086956521739,0.5027246376811595,0.007312520551508845,0.00694050156087409,0.007890140673777314,0.007800563589582021,0.008325951953371142,0.009964431421970175,0.42177536231884055,0.3471159420289855,0.5407246376811594,0.0170149602618046,0.027303412809724148,0.0540552828424497,124,138,0.5404252397420747,0.4736231884057968,68.72900763358778,262,19
551,551.0,0.44169354838709673,0.3778709677419355,0.484483870967742,0.4364420289855072,0.36896376811594206,0.5019565217391304,0.007190631893860561,0.0068203059313215394,0.007935523933402706,0.007777043740810755,0.008344701585801303,0.00990821550094518,0.4193695652173913,0.34978260869565214,0.5444855072463769,0.022323983169705408,0.028088359046283373,0.06000163627863492,124,138,0.5473957992489641,0.47115942028985475,68.33206106870229,262,18
552,552.0,0.444984251968504,0.3765905511811023,0.48618897637795283,0.43546666666666667,0.3699851851851852,0.501525925925926,0.007187779279558559,0.0066985567611135225,0.0078049091698183404,0.007727597037037037,0.008361199780521262,0.009895138216735253,0.4183333333333334,0.3456888888888889,0.5433333333333333,0.026650918635170606,0.030901662292213417,0.057144356955380504,127,135,0.5623484952709303,0.4551851851851848,68.41603053435115,262,20
553,553.0,0.4464296875,0.37771875,0.48747656249999993,0.4332406015037594,0.37066917293233087,0.4985639097744361,0.0068882450561523435,0.0067973271484375,0.007668733825683593,0.008073475945502853,0.00793119882412799,0.009526456441856521,0.41636090225563915,0.34118796992481204,0.5381954887218046,0.03006878524436085,0.03653078007518795,0.05071892622180463,128,133,0.5606551474732465,0.4660902255639094,68.86973180076629,261,21
554,554.0,0.448552,0.379648,0.48888,0.4368947368421053,0.37215789473684213,0.49692481203007527,0.007416119296000002,0.006517268095999999,0.007394041600000001,0.007870334784329245,0.00780613296398892,0.009311257504663915,0.4212180451127819,0.34360150375939846,0.5329172932330826,0.027333954887218126,0.03604649624060152,0.044037293233082586,125,133,0.5651499524977779,0.48285714285714265,68.51162790697674,258,20
555,555.0,0.4487890625,0.38087499999999996,0.4911875,0.43663909774436094,0.3723007518796993,0.4918646616541354,0.007306557067871092,0.00654,0.007562308593749999,0.007867719373622026,0.007548676465600092,0.00875583130759229,0.4311654135338346,0.35354135338345866,0.5223684210526315,0.017623648966165417,0.027333646616541307,0.031180921052631483,128,133,0.5467496949661669,0.4884210526315786,68.42145593869732,261,23
556,556.0,0.44880147058823533,0.3809338235294118,0.48724264705882353,0.4375481481481482,0.3728592592592592,0.4915407407407408,0.0073066444096020755,0.006891752973615916,0.007534933769463668,0.007903892126200275,0.007648298710562414,0.00859094463648834,0.4283037037037037,0.3624888888888889,0.522874074074074,0.020497766884531643,0.01844493464052288,0.035631427015250516,136,135,0.5473414384438641,0.4719999999999997,68.4760147601476,271,22
557,557.0,0.44952554744525547,0.3798832116788321,0.48375182481751827,0.44126119402985076,0.37377611940298505,0.48803731343283574,0.007280059566306143,0.006824730886035484,0.007487661036816027,0.007562222822454889,0.007774651370015594,0.008258274727110715,0.4332985074626866,0.3727686567164179,0.5196044776119404,0.01622703998256886,0.007114554962414199,0.035852652794422124,137,134,0.5230598646483268,0.5023134328358206,69.17712177121771,271,21
558,558.0,0.4503260869565217,0.3795434782608696,0.4820724637681159,0.4413550724637681,0.37611594202898546,0.4886376811594204,0.007235625551354756,0.006648537964713296,0.0074696759084226,0.00757580870615417,0.007884827137156061,0.008076216551144717,0.4378913043478261,0.3771376811594203,0.5213840579710145,0.012434782608695627,0.0024057971014492807,0.03931159420289859,138,138,0.4981500189304783,0.5136956521739128,69.64855072463769,276,20
559,559.0,0.4495704225352113,0.38064788732394367,0.4836408450704226,0.4409130434782609,0.3784420289855073,0.49010869565217396,0.006921935181511604,0.0066498337631422325,0.007502737204919658,0.007536615626969124,0.007618565479941189,0.007527488185255197,0.4405942028985507,0.37767391304347825,0.533144927536232,0.008976219636660565,0.002973974280465419,0.049504082465809396,142,138,0.4954653289994068,0.5206521739130431,69.61428571428571,280,19
560,560.0,0.45131914893617026,0.3806808510638298,0.48140425531914893,0.44099295774647895,0.37690845070422535,0.4924436619718309,0.006862557718424626,0.006746075448921081,0.007730354308133394,0.0076491055842094835,0.007563195844078556,0.007789951051378693,0.4366760563380282,0.3737535211267606,0.5409859154929579,0.01464309259814206,0.006927329937069238,0.059581660173809003,141,142,0.48155706174652635,0.5402112676056334,70.39575971731449,283,17
561,561.0,0.4499800000000001,0.3831466666666667,0.4808666666666666,0.44225352112676064,0.3792042253521127,0.49151408450704215,0.007303366266666666,0.006919938488888887,0.007536848888888889,0.007760949811545328,0.007585782235667526,0.0077396441678238455,0.43408450704225354,0.3774225352112676,0.5440915492957747,0.01589549295774656,0.005724131455399073,0.06322488262910814,150,142,0.4799373622692833,0.5037323943661968,69.81506849315069,292,17
562,562.0,0.4523082191780822,0.38686986301369863,0.4757397260273972,0.445986013986014,0.383041958041958,0.4920279720279721,0.007573939247513604,0.0068478392287483585,0.00759117883280165,0.007744237566629176,0.007919872365396841,0.007528222993789427,0.4363636363636363,0.3823706293706294,0.5474125874125875,0.01594458281444594,0.004499233643069256,0.07167286138519025,146,143,0.47991359848689813,0.48692307692307657,69.23529411764706,289,19
563,563.0,0.45396551724137935,0.38378620689655174,0.4762620689655172,0.4474859154929577,0.384943661971831,0.4911478873239437,0.007846364328180736,0.00683477498216409,0.007839517526753863,0.007928432900218212,0.008303306685181512,0.007598140101170402,0.4476971830985916,0.3916901408450705,0.5382183098591549,0.006268334142787768,0.007903933948518738,0.06195624089363766,145,142,0.47002975296017435,0.4859154929577463,69.13240418118467,287,22
564,564.0,0.4578794326241135,0.38216312056737595,0.47486524822695025,0.44602068965517244,0.3841034482758621,0.49301379310344823,0.007977425179819928,0.006598008852673407,0.007397010210753985,0.007643482330558859,0.008585127229488704,0.008094689464922712,0.4439034482758621,0.3911586206896552,0.5485379310344828,0.013975984348251425,0.008995500122279232,0.07367268280753253,141,145,0.47796170851589825,0.49165517241379275,68.96503496503496,286,21
565,565.0,0.45855147058823525,0.38231617647058824,0.47605882352941176,0.442795918367347,0.3853673469387755,0.4956190476190477,0.00810280617430796,0.006497422091262976,0.007557834775086505,0.007816720255449118,0.007996599750104123,0.008246902494331064,0.4429659863945579,0.3884761904761904,0.5531564625850339,0.015585484193677335,0.006160014005602177,0.07709763905562217,136,147,0.48624317721060256,0.483333333333333,67.46643109540636,283,21
566,566.0,0.45887313432835825,0.38154477611940296,0.48391791044776117,0.4440743243243244,0.3849256756756757,0.49524999999999997,0.008000036143907329,0.006259471875696146,0.008649194753842727,0.007703122854273192,0.007721703935354273,0.008282984797297298,0.43908783783783784,0.3881486486486486,0.5575405405405406,0.01978529649052041,0.006603872529245658,0.07362263009277942,134,148,0.4956671910410645,0.4914864864864862,67.2872340425532,282,18
567,567.0,0.458406015037594,0.3815714285714286,0.48718045112781944,0.4446933333333334,0.38692,0.49577333333333323,0.007841278760811804,0.006478365198711064,0.009522463677991973,0.007825879288888888,0.007552700266666669,0.008023441955555554,0.4355666666666667,0.39076666666666665,0.5609933333333333,0.02283934837092727,0.009195238095238034,0.07381288220551391,133,150,0.4946470867818019,0.4791999999999997,67.46289752650176,283,20
568,568.0,0.45930075187969926,0.3826315789473684,0.4886015037593985,0.4436266666666667,0.38705999999999996,0.49635333333333337,0.007901488495675279,0.0062565785516422645,0.00942472089999435,0.007663047288888889,0.0074917764000000005,0.008400388488888886,0.4295466666666668,0.38988,0.5672066666666667,0.029754085213032466,0.007248421052631626,0.07860516290726827,133,150,0.4855167910745089,0.47799999999999976,67.31448763250883,283,19
569,569.0,0.4576390977443609,0.38422556390977447,0.48972180451127817,0.4434864864864865,0.3886013513513513,0.49659459459459465,0.007914456215727287,0.006102475436712081,0.009739824862909151,0.008020803871439006,0.007311455944119796,0.008385808619430241,0.4362905405405405,0.398472972972973,0.5691959459459458,0.021348557203820395,0.014247409063198546,0.07947414143466763,133,148,0.49401156131898855,0.47594594594594564,67.31316725978648,281,19
570,570.0,0.4563333333333333,0.38414393939393937,0.4897272727272728,0.4399805194805195,0.38921428571428573,0.4928896103896104,0.007488601010101011,0.006017395948117539,0.01029163774104683,0.007724278841288582,0.0071904930426716146,0.008122903398549501,0.43767532467532466,0.4048896103896104,0.5579155844155844,0.01865800865800865,0.02074567099567104,0.06818831168831163,132,154,0.4952010902168969,0.4603896103896101,66.81118881118881,286,20
571,571.0,0.4543082706766917,0.3821203007518797,0.489218045112782,0.4396625,0.39175,0.4907375,0.0074434613601673345,0.006193940414947143,0.009846456215727287,0.00773604859375,0.007618825000000001,0.008638006093750001,0.4427562500000001,0.41075625000000004,0.55245625,0.011552020676691643,0.02863594924812035,0.06323820488721799,133,160,0.5061902861553734,0.44012499999999977,67.02730375426621,293,20
572,572.0,0.45166923076923077,0.3816846153846154,0.4865076923076923,0.4393437499999999,0.39313125000000004,0.4874625,0.0069404828994082835,0.00625133899408284,0.009513465325443785,0.007666725585937501,0.0078178390234375,0.009003386093750001,0.44180625000000007,0.41296875,0.5444374999999999,0.0098629807692307,0.031284134615384596,0.0579298076923076,130,160,0.5011895518036832,0.4506249999999997,67.11724137931034,290,22
573,573.0,0.45218320610687024,0.38451145038167933,0.48153435114503806,0.4372439024390244,0.3932560975609756,0.4874268292682926,0.0069950962065147716,0.006432768952858226,0.01020192820931181,0.007764172218917313,0.007766531975014873,0.009024598304580607,0.43515853658536585,0.4136158536585366,0.5421158536585364,0.017024669521504388,0.02910440327685726,0.060581502513498364,131,164,0.4968521642981102,0.448292682926829,67.30169491525423,295,22
574,574.0,0.4540740740740741,0.38884444444444444,0.47884444444444446,0.43687037037037035,0.39280246913580247,0.48669753086419754,0.007073475994513031,0.007044635061728394,0.009959894320987652,0.007649730109739369,0.007788220240816949,0.00903348258649596,0.4366358024691357,0.40688888888888897,0.5369506172839507,0.017438271604938382,0.01804444444444453,0.0581061728395062,135,162,0.49364215181398924,0.4470370370370368,67.29629629629629,297,21
575,575.0,0.4516402877697841,0.3909280575539568,0.4784244604316547,0.4384223602484472,0.39246583850931677,0.4880683229813665,0.006447956938046685,0.007212138709176544,0.01013260400600383,0.007952293661509973,0.007773466224296902,0.009138920797808727,0.4420993788819876,0.40263975155279497,0.5381366459627328,0.009540908887796518,0.011711693998838146,0.0597121855310781,139,161,0.49696948000040997,0.4363354037267078,67.33,300,19
576,576.0,0.4517194244604317,0.3895395683453238,0.48303597122302155,0.43990625000000005,0.39154999999999995,0.4860875,0.006719410485999688,0.007228636923554681,0.01073345913772579,0.008297822460937498,0.00772091,0.00915729234375,0.44058125,0.4021125,0.5330999999999999,0.011138174460431693,0.012572931654676212,0.05006402877697835,139,160,0.4799461563739481,0.44362499999999966,67.21739130434783,299,22
577,577.0,0.45071538461538463,0.3893384615384616,0.4822461538461539,0.4401012658227848,0.3933037974683545,0.4845506329113924,0.006135849763313609,0.007347408520710059,0.010577985562130177,0.008479204935106555,0.007734641884313411,0.009100323385675372,0.44636075949367093,0.40454430379746836,0.5233670886075948,0.0043546251217136955,0.015205842259006785,0.041120934761440964,130,158,0.4854764232979842,0.4663291139240503,67.99305555555556,288,21
578,578.0,0.4527751937984496,0.3872635658914728,0.4836976744186047,0.43991925465838516,0.3932981366459627,0.4821180124223603,0.005863972717985698,0.007468767742323178,0.01031711014963043,0.00860826056093515,0.007782035338142817,0.009104302843254504,0.44996273291925465,0.4101801242236025,0.515695652173913,0.0028124608791949557,0.02291655833212969,0.03199797775530833,129,161,0.48262847670634373,0.4616770186335401,67.76551724137931,290,22
579,579.0,0.453218045112782,0.38457142857142856,0.482421052631579,0.44050609756097564,0.3932865853658537,0.48095731707317063,0.005423899824749845,0.0074856133190118156,0.010024965571824298,0.008519323133551457,0.00765219225907198,0.009275284763533611,0.4493109756097562,0.4097378048780488,0.5157134146341463,0.0039070695030258284,0.02516637630662022,0.033292362002567355,133,164,0.48081991937125457,0.4471951219512193,67.22558922558923,297,22
580,580.0,0.4539111111111111,0.38737777777777777,0.4812222222222223,0.442367469879518,0.39509638554216875,0.47775301204819276,0.005396555061728394,0.007289316543209877,0.009980972839506174,0.008597352917694876,0.007508556974887502,0.009354764298156482,0.45518674698795175,0.41317469879518065,0.5099939759036144,0.0012756358768406528,0.025796921017402885,0.02877175368139212,135,166,0.47268021899961077,0.4355421686746985,67.14950166112956,301,24
581,581.0,0.45695454545454545,0.39032575757575755,0.4820151515151515,0.44262264150943403,0.3937358490566038,0.47693081761006284,0.0052525282369146,0.007225598427456382,0.009509045224977043,0.00828198338673312,0.00712528871484514,0.009440894584866103,0.44962264150943393,0.41107547169811326,0.5151006289308175,0.0073319039451115176,0.02074971412235571,0.03308547741566603,132,159,0.47770781820853464,0.43943396226415055,66.90034364261169,291,24
582,582.0,0.4548571428571428,0.3936466165413534,0.4828947368421052,0.4429620253164557,0.39492405063291147,0.47433544303797465,0.005465250268528464,0.00758307060885296,0.009609026513652552,0.008360327671847462,0.007069171446883512,0.00893095709822144,0.45133544303797474,0.40422151898734177,0.510246835443038,0.003521699819168056,0.010574902445988354,0.02735209860093274,133,158,0.4854487333152196,0.4335443037974681,66.72508591065292,291,21
583,583.0,0.4543823529411765,0.3926029411764706,0.48126470588235293,0.4486052631578947,0.3949736842105263,0.47299342105263165,0.005652971453287197,0.007406283520761245,0.009793738754325258,0.008652462603878116,0.007243644044321329,0.008805203904085871,0.4572171052631579,0.410875,0.5039868421052631,0.002834752321981382,0.01827205882352939,0.022722136222910194,136,152,0.4753228020037498,0.44289473684210495,67.01388888888889,288,22
584,584.0,0.4570220588235294,0.3910294117647059,0.48134558823529405,0.4519363057324841,0.3958662420382166,0.47416560509554134,0.005576492160467129,0.007609557958477507,0.009631461451124567,0.008013486388900159,0.00722638338269301,0.00870713181062112,0.4614713375796178,0.4106751592356688,0.5098025477707007,0.0044492787560883595,0.01964574747096287,0.028456959535406612,136,157,0.48445994635965495,0.4399363057324839,67.35836177474403,293,18
585,585.0,0.456304347826087,0.38971014492753625,0.48095652173913034,0.4529556962025316,0.397120253164557,0.47365822784810124,0.005625689981096408,0.007855263810123924,0.008757201008191556,0.008118130948565935,0.0075762450328473,0.008776857875340488,0.464006329113924,0.4153101265822785,0.5161898734177215,0.007701981287837001,0.025599981654742254,0.03523335167859115,138,158,0.4740095616891491,0.43303797468354405,67.67905405405405,296,20
586,586.0,0.45781203007518795,0.3888345864661654,0.4846691729323308,0.454448717948718,0.39513461538461536,0.47217307692307686,0.005817039855277291,0.007390303465430492,0.008783950703827237,0.00818959352399737,0.007580424186390535,0.009020373890532543,0.466301282051282,0.4177820512820513,0.5085192307692308,0.00848925197609407,0.028947464815885893,0.023850057836899974,133,156,0.4718995258041703,0.44807692307692276,67.31141868512111,289,21
587,587.0,0.456968992248062,0.388984496124031,0.48707751937984495,0.4556114649681529,0.39515286624203816,0.47073248407643314,0.005539766480379784,0.007488604410792621,0.009330800192296136,0.008255269422694634,0.007664690007708224,0.008819113148606434,0.46814012738853505,0.4160764331210191,0.5087133757961783,0.011171135140473076,0.027091936996988086,0.02163585641633331,129,157,0.4766114198405183,0.4471974522292991,67.81818181818181,286,23
588,588.0,0.4593203125,0.38865625000000004,0.4875546875,0.45692156862745104,0.39505228758169936,0.46879084967320256,0.005495795837402343,0.0073151005859375,0.009410997009277344,0.008409026528258362,0.00782407569738135,0.008237786321500278,0.46603267973856205,0.4168627450980392,0.5050392156862745,0.006712367238562056,0.028206495098039186,0.01748452818627455,128,153,0.4870625300176137,0.4535294117647056,67.69750889679716,281,22
589,589.0,0.4601317829457364,0.38944186046511625,0.48671317829457367,0.45758503401360545,0.39112244897959186,0.46979591836734697,0.005513571780542035,0.00730320786010456,0.009384561144162008,0.008208256374658706,0.007251005414410662,0.007430121615993336,0.46145578231292517,0.4214761904761905,0.5037074829931973,0.001323999367188744,0.03203433001107425,0.016994304698623675,129,147,0.48198395557263446,0.4485034013605439,67.45652173913044,276,23
590,590.0,0.4621119402985075,0.38828358208955227,0.48519402985074633,0.45509027777777766,0.3940208333333333,0.4716597222222223,0.00604838299175763,0.007222979282691022,0.009566693695700602,0.008299665461033952,0.00713083984375,0.0072765717110339495,0.45589583333333333,0.43538888888888894,0.5052916666666667,0.006216106965174162,0.047105306799336666,0.02009763681592036,134,144,0.4684305242134079,0.46083333333333304,67.84532374100719,278,20
591,591.0,0.4613458646616541,0.38787969924812027,0.48481954887218043,0.4565874125874126,0.39482517482517476,0.47246853146853157,0.006075323986658375,0.0071548727457742085,0.009707621572728815,0.008396592009389213,0.007192759645948459,0.007213367890850407,0.46316083916083917,0.4443006993006993,0.5034475524475525,0.0018149744991850514,0.05642100005257905,0.018628003575372032,133,143,0.4648452073510551,0.46510489510489483,68.6304347826087,276,21
592,592.0,0.4627851851851852,0.38511111111111107,0.4874666666666667,0.45934027777777775,0.39261111111111113,0.4705763888888889,0.0064080057064471885,0.007228928395061728,0.009898708148148147,0.008967293933256173,0.007062987654320989,0.007040980275848766,0.46481249999999996,0.44585416666666666,0.49959722222222225,0.0020273148148147735,0.06074305555555559,0.012130555555555533,135,144,0.4637941283258916,0.44944444444444404,68.33333333333333,279,22
593,593.0,0.46322058823529416,0.38385294117647056,0.48677941176470585,0.45713380281690147,0.39288028169014083,0.4702464788732395,0.006898671929065743,0.006816934256055363,0.0096054660467128,0.008722721533425909,0.0071458096111882575,0.007129932205911525,0.45873239436619717,0.44849295774647885,0.49953521126760564,0.00448819386909699,0.06464001657000829,0.01275579950289979,136,142,0.47534418883205876,0.44619718309859113,68.74820143884892,278,22
594,594.0,0.4626842105263158,0.382187969924812,0.48671428571428577,0.4562464788732394,0.39066901408450705,0.4714577464788733,0.0070271183221210926,0.006772618802645711,0.008862865735767991,0.008316087135488991,0.007296559462408251,0.007085783425907557,0.4544859154929578,0.4429154929577464,0.5041549295774647,0.008198295033358005,0.06072752303293438,0.017440643863178895,133,142,0.473599989347972,0.4609859154929575,69.64727272727272,275,23
595,595.0,0.4633484848484849,0.38053787878787876,0.48947727272727276,0.45474468085106384,0.3897163120567376,0.4736950354609929,0.007145030073461892,0.006778112201561065,0.008855188877410467,0.008208601478798852,0.007270770584980634,0.00702605593280016,0.44914184397163126,0.44939716312056727,0.5016524822695035,0.014206640876853638,0.06885928433268851,0.01217520954223078,132,141,0.4653930025491684,0.4827659574468083,69.54212454212454,273,21
596,596.0,0.4626511627906977,0.3813410852713178,0.4946976744186047,0.45136619718309856,0.389887323943662,0.47641549295774654,0.007323886064539391,0.006859806141457845,0.00811681557598702,0.00851899266018647,0.0070238323745288635,0.0070110034219400905,0.44196478873239436,0.44660563380281687,0.5111478873239437,0.020686374058303314,0.06526454853149904,0.01645021290533899,129,142,0.4467370460126044,0.5083098591549292,69.98523985239852,271,19
597,597.0,0.4626356589147287,0.3796589147286822,0.49813178294573646,0.45216058394160585,0.389985401459854,0.4776715328467154,0.007179859503635598,0.006504224746109007,0.00835042449372033,0.007877536256593319,0.00724452533432788,0.006930439554584688,0.4414598540145986,0.4491313868613139,0.5123941605839417,0.021175804900130102,0.06947247213263169,0.01426237763820526,129,137,0.43667299165619583,0.522700729927007,71.0827067669173,266,22
598,598.0,0.45888888888888885,0.3803253968253969,0.4976666666666667,0.452014598540146,0.39213868613138686,0.48414598540145987,0.007200273368606702,0.006559489355001259,0.008381031746031747,0.008121824604400875,0.007210615802653311,0.006657730513080078,0.4474671532846715,0.4432481751824818,0.5287664233576642,0.011421735604217331,0.06292277835708487,0.031099756690997515,126,137,0.45242874204065586,0.5219708029197078,70.78326996197718,263,23
599,599.0,0.4602100840336135,0.38075630252100834,0.4956806722689076,0.4510214285714286,0.39341428571428566,0.4855642857142857,0.006934317209236636,0.006851310359437892,0.007910200550808558,0.008127449540816328,0.007274814081632654,0.006528245867346938,0.44534999999999997,0.44810714285714287,0.5325857142857142,0.014860084033613552,0.06735084033613453,0.03690504201680661,119,140,0.45064124695293495,0.5227142857142855,70.13899613899613,259,23
600,600.0,0.45803333333333335,0.38373333333333337,0.49015,0.45187234042553187,0.39236170212765953,0.4865602836879433,0.007128048888888888,0.007233762222222223,0.007992860833333334,0.008075161007997586,0.007319237965897088,0.006559551330415975,0.4453262411347518,0.45704255319148934,0.5302482269503546,0.012707092198581571,0.07330921985815597,0.04009822695035459,120,141,0.4558923031868767,0.5326950354609926,70.09578544061303,261,20
601,601.0,0.45761666666666667,0.37898333333333334,0.48861666666666664,0.45132167832167835,0.3924825174825175,0.48624475524475524,0.007127503055555556,0.006765549722222222,0.00795928638888889,0.007775015404176244,0.007141592351704241,0.006588660374590443,0.4457552447552447,0.4678181818181818,0.5340209790209789,0.011861421911421977,0.08883484848484846,0.04540431235431225,120,143,0.4547525159932834,0.5269230769230767,69.97338403041825,263,19
602,602.0,0.45692,0.37906400000000007,0.483128,0.4535633802816901,0.39114788732394373,0.4873521126760562,0.0072048576000000005,0.006861195903999999,0.007765503616,0.007660527673080739,0.007374562636381671,0.006505425312438008,0.44371126760563384,0.4710985915492958,0.5340422535211267,0.013208732394366152,0.09203459154929572,0.05091425352112666,125,142,0.4519027498782696,0.5119718309859153,69.08988764044943,267,24
603,603.0,0.45565853658536587,0.3802926829268292,0.48091869918699187,0.4531398601398601,0.38762237762237767,0.4845664335664334,0.007170907792980369,0.006908727344834424,0.00765745680481195,0.007775253166414005,0.007490374883857403,0.006119630201965866,0.4483916083916084,0.4692307692307692,0.5233986013986013,0.00726692819375746,0.08893808630393996,0.04247990221160941,123,143,0.4412726106881173,0.5167132867132864,68.57894736842105,266,23
604,604.0,0.45804838709677415,0.3811693548387097,0.4800887096774193,0.45370714285714286,0.39016428571428574,0.4851857142857143,0.00745380411030177,0.0068919793834547344,0.007296903420915712,0.008017535663265305,0.007672537295918367,0.0059409369387755095,0.44735714285714284,0.4777214285714286,0.5196285714285713,0.010691244239631303,0.0965520737327189,0.03953986175115204,124,140,0.4402490676157026,0.5221428571428569,67.25757575757575,264,22
605,605.0,0.4555867768595041,0.3817190082644628,0.4830330578512397,0.45281021897810214,0.39073722627737223,0.48597080291970796,0.007065432552421283,0.006905970630421419,0.0073259989071784715,0.008033628216740371,0.007341668176248068,0.005858670680377217,0.4393795620437956,0.48306569343065686,0.5188540145985401,0.016207214815708526,0.10134668516619405,0.0358209567473004,121,137,0.4380778450697727,0.5437226277372259,67.58527131782945,258,22
606,606.0,0.457251968503937,0.38325984251968503,0.4823543307086614,0.4546788321167883,0.3899781021897811,0.4863576642335766,0.00705571603943208,0.007127089962179925,0.006900260276520554,0.008256977143161596,0.0073520944109968555,0.005880813682135436,0.4420583941605839,0.4754525547445255,0.515087591240876,0.015193574343353111,0.09219271222484049,0.03273326053221459,127,137,0.44634588766642597,0.5371532846715326,68.06060606060606,264,20
607,607.0,0.4563359375,0.38167968750000003,0.47803125,0.45616788321167884,0.39105109489051093,0.4863576642335766,0.006756957458496094,0.007151123962402344,0.006569655273437499,0.008273088603548405,0.007405931695881507,0.006087645798923757,0.44079562043795617,0.4754160583941606,0.5162116788321168,0.01554031706204384,0.09373637089416059,0.03818042883211681,128,137,0.43827167420310165,0.540656934306569,69.07169811320755,265,23
608,608.0,0.4527983870967741,0.3810887096774193,0.4779274193548387,0.4577625899280575,0.3920863309352518,0.4877625899280575,0.006077515803850156,0.007313209872528616,0.006393535054630592,0.008224382485378602,0.007733676000207031,0.006183562341493711,0.442726618705036,0.4698489208633093,0.5258561151079136,0.010071768391738123,0.08876021118589,0.04792869575307496,124,139,0.44544030125990636,0.5485611510791364,69.57414448669202,263,23
609,609.0,0.4509338842975207,0.3797272727272727,0.4777851239669421,0.458556338028169,0.39632394366197177,0.4868450704225352,0.006204111331193225,0.007232661157024793,0.006694300935728434,0.008236472178139257,0.008319331680222178,0.005992018250347153,0.4352676056338028,0.48254929577464795,0.5260422535211268,0.015666278663717892,0.10282202304737526,0.04825712955418465,121,142,0.4678508537078477,0.5252112676056335,68.66539923954373,263,23
610,610.0,0.44882352941176473,0.3827899159663866,0.47966386554621854,0.45569444444444446,0.3977361111111111,0.48419444444444437,0.005863674740484429,0.007576821410917306,0.006558408022032341,0.007610212191358024,0.008544166473765432,0.006207017746913578,0.42994444444444446,0.4802013888888889,0.518375,0.01887908496732027,0.0974114729225023,0.03871113445378149,119,144,0.4725742876236159,0.5376388888888886,69.04562737642586,263,20
611,611.0,0.4492719298245614,0.3841929824561403,0.4808596491228071,0.45983098591549293,0.3973380281690141,0.4861197183098591,0.005792127808556479,0.00760020837180671,0.0066673838104032,0.007499929180718111,0.008623843483435827,0.006108992709779805,0.43132394366197174,0.4806760563380282,0.5148732394366199,0.017947986162589635,0.09648307388188787,0.03401359031381279,114,142,0.48324330446851516,0.5312676056338024,69.1171875,256,21
612,612.0,0.4521504424778761,0.3847345132743363,0.478920353982301,0.4603561643835616,0.39682876712328763,0.48539726027397256,0.006102605685644922,0.007517717127417965,0.0065511352494322175,0.007110160818164759,0.00864352547382248,0.005988294239069243,0.42584931506849316,0.48439726027397256,0.5170684931506849,0.02630112740938295,0.09966274699963629,0.03814813916838394,113,146,0.4826635674047004,0.5261643835616435,69.46332046332046,259,23
613,613.0,0.4523478260869566,0.3831391304347826,0.47847826086956524,0.4644466666666667,0.39743333333333336,0.4866000000000001,0.006212765973534972,0.007582537164461248,0.006632406049149338,0.006858807155555556,0.008776472222222222,0.006406759999999998,0.4230333333333333,0.47597999999999996,0.5281,0.0293144927536233,0.09284086956521737,0.04962173913043477,115,150,0.4696681594380414,0.5133333333333331,68.11698113207547,265,22
614,614.0,0.4503274336283187,0.38647787610619466,0.4779115044247788,0.4626249999999999,0.39575000000000005,0.4877828947368421,0.006116096327042056,0.008139594643276685,0.007011567389772103,0.006982115953947368,0.008713305921052631,0.006525669970567866,0.4150065789473684,0.47820394736842103,0.5308289473684211,0.03532085468095025,0.09172607126222637,0.05291744294364231,113,152,0.4815591288292354,0.5153947368421049,67.76981132075471,265,22
615,615.0,0.4520545454545455,0.3829181818181817,0.4799818181818182,0.46191558441558445,0.3946038961038961,0.4857922077922079,0.006398069752066118,0.007840366033057851,0.006732890578512397,0.006991518848035081,0.008691382062742451,0.006493177601619159,0.41020129870129873,0.47685064935064936,0.5308701298701298,0.04185324675324675,0.09393246753246765,0.05088831168831165,110,154,0.48905496948566973,0.5259740259740256,67.51515151515152,264,19
616,616.0,0.4518782608695653,0.38426956521739136,0.48253043478260876,0.4630576923076924,0.3946474358974359,0.4860833333333332,0.006297776483931947,0.008057866465028355,0.00652814472589792,0.006883964620315581,0.008560612878040762,0.006394550747863248,0.4197820512820513,0.48342307692307696,0.5340192307692307,0.03209620958751397,0.09915351170568559,0.05148879598662198,115,156,0.48732038647750625,0.5016666666666664,66.28044280442805,271,21
617,617.0,0.45188135593220335,0.3833559322033898,0.480728813559322,0.46195394736842105,0.39518421052631575,0.48478289473684216,0.0060203249066360254,0.00817466992243608,0.006942807813846596,0.007045557089681439,0.008719018698060943,0.006482525233725761,0.41980263157894737,0.491453947368421,0.5313092105263159,0.03207872435325598,0.1080980151650312,0.050580396966993846,118,152,0.48398075142041663,0.4980263157894733,65.85555555555555,270,24
618,618.0,0.4500161290322582,0.385258064516129,0.4795483870967741,0.46342105263157896,0.39479605263157896,0.48415131578947374,0.006260935223725287,0.008084046305931325,0.007298667013527575,0.00683878324099723,0.008591412352839334,0.006505220524584487,0.4157236842105263,0.48866447368421045,0.5382236842105264,0.03429244482173188,0.10340640916808147,0.058675297113752245,124,152,0.481275387237485,0.498552631578947,66.69202898550725,276,22
619,619.0,0.4480743801652892,0.387198347107438,0.4801570247933884,0.4651741935483871,0.39294193548387096,0.4854903225806452,0.006457374632880268,0.00815614247660679,0.007379388566354756,0.006912014817898023,0.008724364370447449,0.006460675712799165,0.41323225806451613,0.47391612903225805,0.5431806451612903,0.03484212210077309,0.08671778192482005,0.06302362036790188,121,155,0.47941401973691466,0.4961935483870964,66.23913043478261,276,23
620,620.0,0.442184,0.385088,0.47631199999999996,0.46745751633986926,0.3936143790849673,0.4832418300653594,0.006084630143999999,0.008512720256000002,0.006842966655999998,0.00734840505788372,0.008349857832457602,0.006113019949592038,0.4178823529411765,0.47047058823529414,0.5406928104575164,0.02430164705882354,0.08538258823529415,0.06438081045751642,125,153,0.4890881177216377,0.4948366013071892,65.90287769784173,278,22
621,621.0,0.4423951612903226,0.3840967741935485,0.47603225806451616,0.4677434210526316,0.39550657894736846,0.4827236842105263,0.006408480944328826,0.008490119667013529,0.006810047346514048,0.007365611798822716,0.00825271048303324,0.0062207131232686974,0.4173684210526316,0.4725197368421053,0.5378881578947368,0.02502674023769097,0.08842296264855681,0.061855899830220606,124,152,0.489524831237037,0.5057894736842101,66.1340579710145,276,21
622,622.0,0.44329365079365085,0.38580952380952377,0.47943650793650794,0.46701898734177216,0.3948037974683545,0.4851012658227849,0.006744143927941547,0.008632487528344671,0.00650586501637692,0.00760752495593655,0.007967372896971638,0.006106179618650857,0.4236582278481012,0.46669620253164557,0.541898734177215,0.019635422945549652,0.0808866787221218,0.062462226240707075,126,158,0.519010842550034,0.47493670886075917,66.8274647887324,284,21
623,623.0,0.4443307692307692,0.38358461538461536,0.47853846153846147,0.46581132075471704,0.39329559748427684,0.4857610062893082,0.006994498284023668,0.00848751976331361,0.006522340828402367,0.007543461255488311,0.008045063565523517,0.006140584391440211,0.42529559748427676,0.46232075471698114,0.5448867924528301,0.01903517174649244,0.07873613933236578,0.06634833091436865,130,159,0.5143365817262417,0.4654716981132072,66.87889273356402,289,21
624,624.0,0.44243410852713183,0.3856511627906976,0.4802945736434108,0.46868152866242035,0.391936305732484,0.4860700636942674,0.0070294394567634155,0.008549622498647918,0.006469603148849226,0.00795257373524281,0.008205639255142198,0.005974421842671102,0.43319745222929934,0.454171974522293,0.5508726114649681,0.00923665629783249,0.06852081173159541,0.0705780378215573,129,157,0.5194385568432754,0.4532484076433117,66.96503496503496,286,24
625,625.0,0.4431590909090909,0.3875909090909091,0.481590909090909,0.4699113924050632,0.3911835443037974,0.4837784810126582,0.007304406508264463,0.008568302341597797,0.006452408402203858,0.007955042781605512,0.008106314412754365,0.006099868650857234,0.435246835443038,0.44586708860759494,0.5492848101265824,0.007912255466052898,0.058276179516685844,0.06769390103567335,132,158,0.5132899309681387,0.4609493670886073,66.75172413793103,290,21
626,626.0,0.44442424242424244,0.3883560606060606,0.4799469696969697,0.46811976047904186,0.3885329341317366,0.4791556886227544,0.007280016988062442,0.008607471705693297,0.0064907017332415055,0.008370165298146222,0.007618715981211231,0.006270179353867116,0.4390359281437126,0.4365988023952096,0.5377305389221557,0.005388314280529827,0.048242741789149,0.057783569225186016,132,167,0.4915728395556525,0.46431137724550875,66.77257525083613,299,22
627,627.0,0.4449477611940298,0.3867089552238806,0.4791119402985074,0.4667361963190184,0.3878957055214724,0.4782392638036809,0.007143885330808645,0.008296907830251726,0.0063798456783247925,0.00854365433399827,0.00746863329444089,0.0064886605442432905,0.43827607361963183,0.4342024539877301,0.5401411042944786,0.006671687574397955,0.047493498763849507,0.06102916399597119,134,163,0.4869704655867971,0.4666257668711653,65.9057239057239,297,26
628,628.0,0.4440923076923077,0.3857230769230769,0.4776461538461538,0.46543452380952377,0.388827380952381,0.4763869047619049,0.007283037633136095,0.007703215621301776,0.0062764286390532545,0.008551055236678005,0.007454976155045352,0.006539439590419501,0.44088095238095243,0.43683333333333335,0.5419345238095238,0.003211355311355246,0.05111025641025646,0.06428836996337,130,168,0.4709980320024038,0.4723214285714282,65.53355704697987,298,24
629,629.0,0.44125000000000003,0.38774999999999993,0.4722822580645161,0.46705917159763316,0.38817751479289936,0.4744082840236687,0.007576526209677419,0.007605558467741936,0.005888396136836628,0.008412836735408425,0.007646441861279368,0.006729306676937082,0.4410118343195267,0.4329526627218935,0.5402958579881657,0.00023816568047335673,0.04520266272189355,0.06801359992364958,124,169,0.4979217923203526,0.46307692307692283,65.52901023890784,293,24
630,630.0,0.4399612403100775,0.38651937984496126,0.47134108527131785,0.4689595375722543,0.38879190751445086,0.4729421965317919,0.007252161288384112,0.008092001562406106,0.006029232498046992,0.008456813391693676,0.007604234154164856,0.006871649837949814,0.4518439306358382,0.4401098265895954,0.5373005780346821,0.011882690325760725,0.053590446744634146,0.06595949276336427,129,173,0.4841589981431204,0.46080924855491306,65.06291390728477,302,22
631,631.0,0.4393863636363636,0.3845075757575757,0.47346969696969693,0.46854802259887,0.3898079096045197,0.470316384180791,0.0073570704201101934,0.007865128730486686,0.0061743551423324135,0.008415355038462767,0.007782561971336462,0.0069807699575473205,0.45477401129943507,0.4430677966101695,0.5328361581920905,0.015387647663071491,0.05856022085259377,0.059366461222393585,132,177,0.4985149879032575,0.44723163841807884,65.22330097087378,309,19
632,632.0,0.4364469696969697,0.38575757575757574,0.47301515151515156,0.46939226519337013,0.3914585635359116,0.47168508287292815,0.007079247187786961,0.007872623048668504,0.006151363406795224,0.00834863618326669,0.00801379524434541,0.007143806904551143,0.45549723756906074,0.45002209944751387,0.5379613259668508,0.01905026787209102,0.06426452368993812,0.0649461744516992,132,181,0.4855294002022506,0.4528176795580108,66.19808306709265,313,17
633,633.0,0.4387573529411764,0.3866397058823529,0.47408823529411764,0.4713867403314917,0.3952044198895027,0.472182320441989,0.007325874945934257,0.007912745188148789,0.007018139273356401,0.008156237172247489,0.008324262079912092,0.007163121455389029,0.45978453038674033,0.449232044198895,0.5369723756906077,0.021027177445563927,0.0625923383165421,0.0628841403964901,136,181,0.48170172729799826,0.4428729281767953,66.21451104100946,317,19
634,634.0,0.43856934306569334,0.3854817518248175,0.47681751824817514,0.4682114285714286,0.3947371428571429,0.4717257142857143,0.007380872928765519,0.007556016090361768,0.007335331663913902,0.008362452440816327,0.008069142334693878,0.0074464733387755114,0.4505028571428571,0.45498857142857135,0.5272914285714285,0.011933514077163754,0.06950681960375388,0.05047391032325338,137,175,0.4799715473213949,0.46148571428571405,66.23397435897436,312,18
635,635.0,0.4374507042253521,0.3855845070422535,0.47644366197183097,0.4697790055248619,0.3971160220994475,0.473243093922652,0.007341036302320967,0.007824538633207699,0.007268894713350526,0.0083359401117182,0.008189329080308906,0.007649521015842007,0.4550220994475137,0.46197790055248616,0.5251491712707181,0.017571395222161612,0.07639339351023267,0.04870550929888717,142,181,0.47717733826888326,0.4412154696132594,66.59752321981424,323,19
636,636.0,0.43911971830985913,0.38321830985915495,0.47670422535211265,0.46840983606557374,0.3991967213114754,0.47536612021857916,0.007322189892878399,0.007766269242213847,0.007193025193414005,0.008121597061721761,0.008526999552091734,0.008034483442324344,0.4547049180327869,0.4612841530054645,0.5339398907103825,0.015585199722927767,0.07806584314630954,0.05723566535826985,142,183,0.47537286698909953,0.42360655737704894,66.59384615384616,325,19
637,637.0,0.44048226950354613,0.38860283687943264,0.48150354609929075,0.4692119565217391,0.40118478260869567,0.4749021739130435,0.006980689401941553,0.008062310346562044,0.0075612854484180874,0.008196449639650284,0.008128433246691873,0.008350403473534971,0.46385326086956524,0.46089673913043483,0.5297445652173913,0.02337099136601911,0.07229390225100218,0.04824101911810058,141,184,0.4700142883569485,0.42124999999999974,66.74461538461539,325,23
638,638.0,0.43990714285714294,0.3887785714285714,0.48376428571428576,0.4663351351351351,0.3997513513513513,0.4756756756756757,0.006431055663265307,0.008559443826530613,0.007921380153061224,0.007984860657414172,0.00814135439006574,0.008514402921840759,0.45759999999999995,0.45860000000000006,0.530945945945946,0.01769285714285701,0.06982142857142865,0.04718166023166026,140,185,0.47252278920204743,0.4210810810810808,66.41846153846154,325,21
639,639.0,0.44039999999999996,0.3921777777777778,0.4831703703703703,0.46474468085106374,0.4004202127659575,0.47819148936170214,0.006463751111111112,0.008951746172839507,0.008205282085048012,0.008342317790855591,0.008153967038252604,0.008434878225441375,0.4608031914893617,0.4594202127659575,0.5294627659574468,0.02040319148936176,0.06724243498817972,0.046292395587076485,135,188,0.4753810149164992,0.43313829787234015,66.30959752321981,323,18
640,640.0,0.4398394160583941,0.39173722627737223,0.4858102189781023,0.46612432432432427,0.40028648648648646,0.4819837837837838,0.006400835526666312,0.009572325110554638,0.008665204859076136,0.008192627786705625,0.008301058466033602,0.008730675412710005,0.462654054054054,0.4565027027027027,0.5363243243243243,0.022814637995659914,0.06476547642533048,0.05051410534622203,137,185,0.46950324737184473,0.41751351351351323,65.5807453416149,322,21
641,641.0,0.43928888888888884,0.3930888888888889,0.4833777777777778,0.4660899470899471,0.40265608465608466,0.4812380952380953,0.006149094320987655,0.009421873580246915,0.00851239802469136,0.008506970745499847,0.008309294420648919,0.008681779289493574,0.46776719576719583,0.4592804232804233,0.532084656084656,0.02847830687830699,0.06619153439153441,0.048706878306878254,135,189,0.47632756960276185,0.4150264550264548,65.10802469135803,324,19
642,642.0,0.4367591240875912,0.3949343065693431,0.4806496350364964,0.4645684210526316,0.4050052631578947,0.48503157894736837,0.006326825190473654,0.009525827801161488,0.008205337098406948,0.008350150581717451,0.008288878919667592,0.008871599002770082,0.46566315789473683,0.46519473684210527,0.5392,0.028904033807145624,0.07026043027276219,0.05855036496350363,137,190,0.470387759898677,0.40521052631578924,64.33639143730886,327,20
643,643.0,0.4364671532846715,0.39633576642335766,0.48007299270073,0.46240624999999996,0.4066614583333334,0.48463020833333337,0.006245781767808621,0.009395055144120625,0.008504009270605788,0.008097876627604167,0.008342296847873265,0.00860376429578993,0.46155729166666665,0.4649010416666666,0.5345729166666667,0.025090138381995142,0.06856527524330897,0.054499923965936725,137,192,0.4612280483187423,0.3981770833333331,64.22188449848025,329,21
644,644.0,0.43513970588235296,0.3948529411764706,0.48175,0.4613351063829787,0.4086648936170212,0.4854946808510638,0.006292105482266436,0.009322154844290657,0.008187805147058823,0.008029616427116342,0.00861914834200996,0.009082292524898143,0.4602659574468084,0.46241489361702126,0.5368510638297872,0.02512625156445547,0.06756195244055069,0.05510106382978719,136,188,0.461498130098515,0.40462765957446784,64.29012345679013,324,18
645,645.0,0.4351240875912408,0.39432116788321164,0.4857372262773723,0.4595631578947369,0.4118473684210525,0.48714210526315793,0.006239670733656561,0.009232188821993713,0.008900748468218872,0.008311435484764543,0.00868006617728532,0.009009479806094182,0.4608789473684211,0.4620526315789473,0.5384894736842106,0.025754859777180283,0.06773146369573568,0.052752247406838315,137,190,0.4327120297399082,0.41868421052631555,64.87155963302752,327,18
646,646.0,0.43709629629629626,0.3954444444444445,0.48884444444444447,0.46073262032085566,0.41438502673796795,0.4888342245989305,0.005810961097393691,0.009475698765432099,0.009061968395061728,0.008047639738053705,0.008602953358689127,0.008868309416912119,0.4606791443850267,0.4692245989304813,0.5435240641711231,0.023582848088730457,0.07378015448603681,0.05467961972667862,135,187,0.42986597391416514,0.4119786096256681,65.61801242236025,322,22
647,647.0,0.435030534351145,0.39518320610687024,0.49117557251908395,0.46128176795580106,0.41422099447513805,0.49109392265193375,0.005890258609638133,0.010045157275217062,0.008935656197191305,0.007861484142730687,0.008387498122767928,0.008753411068038215,0.4598508287292818,0.474939226519337,0.5450386740331492,0.024820294378136765,0.07975602041246677,0.05386310151406526,131,181,0.43675788307311025,0.4154696132596683,64.74358974358974,312,23
648,648.0,0.4335,0.39527419354838705,0.4912016129032257,0.45987931034482754,0.4166091954022989,0.4946781609195402,0.005748540322580644,0.00944237643080125,0.00880848354578564,0.007641910721363456,0.008309456467168717,0.00920545963799709,0.45161494252873574,0.4715,0.5460977011494252,0.018114942528735745,0.07622580645161292,0.054896088246199515,124,174,0.4363769048754288,0.4344252873563215,65.06711409395973,298,23
649,649.0,0.43466666666666676,0.39308547008547,0.4889401709401709,0.45816949152542374,0.41554237288135604,0.49481355932203386,0.005943196581196582,0.00934859098546278,0.008865782745269927,0.007662276357368572,0.008345999616968306,0.00951508953365891,0.4505762711864407,0.4796779661016949,0.5430056497175141,0.015909604519773968,0.08659249601622487,0.05406547877734319,117,177,0.4520484983483479,0.44576271186440647,64.98639455782313,294,19
650,650.0,0.43333613445378144,0.3937647058823529,0.496781512605042,0.45791525423728807,0.4128248587570621,0.4981694915254237,0.005866559282536545,0.008847238754325259,0.010082439658216227,0.007615501292731974,0.00836215576622299,0.009360118165278175,0.45050847457627125,0.4719774011299435,0.5458813559322034,0.017172340122489804,0.07821269524759061,0.04909984332716144,119,177,0.45522921833793206,0.4273446327683613,64.1858108108108,296,22
651,651.0,0.43532773109243694,0.39794957983193285,0.500563025210084,0.4573687150837989,0.41106145251396653,0.4967821229050279,0.005802858978885673,0.008435073088058754,0.010637909893369109,0.0076385567866171485,0.008116236447052215,0.009300684373146904,0.4600726256983241,0.4706648044692737,0.5467597765363129,0.024744894605887136,0.07271522463734087,0.04619675132622891,119,179,0.4704970511421706,0.4287150837988824,65.01342281879195,298,20
652,652.0,0.4342649572649572,0.3990256410256409,0.49752991452991446,0.45800561797752815,0.4106348314606742,0.495685393258427,0.00579157937029732,0.008031683103221566,0.009542710643582438,0.007752342665067543,0.008085748674409797,0.00952294596641838,0.46592134831460674,0.4637865168539326,0.5490393258426965,0.03165639104964957,0.06476087582829165,0.05150941131278208,117,178,0.48790348815315565,0.4212921348314604,65.25762711864407,295,21
653,653.0,0.4314274193548387,0.3983629032258064,0.496524193548387,0.46014689265536723,0.4096271186440678,0.4923898305084745,0.005892599570759626,0.007887166688345474,0.009228346188865765,0.007612351303903731,0.008037691467968976,0.00920510791918031,0.47679661016949154,0.4588305084745763,0.5386440677966102,0.04536919081465285,0.06046760524876987,0.04211987424822322,124,177,0.4963665242726221,0.41661016949152513,65.34551495016612,301,18
654,654.0,0.4294274193548388,0.4011612903225806,0.49618548387096767,0.4622146892655367,0.40667796610169493,0.49124293785310735,0.005748583441727369,0.007970603017689907,0.009221796240894902,0.007888157298349772,0.008091393469309587,0.009099731941651503,0.47981355932203396,0.4553446327683615,0.5412259887005649,0.050386139967195154,0.054183342445780935,0.04504050482959726,124,177,0.48236475078345076,0.4224858757062144,65.421926910299,301,21
655,655.0,0.42702439024390243,0.40373170731707314,0.49321951219512195,0.46318750000000003,0.40667613636363636,0.4898522727272727,0.005788739242514377,0.00825832639302003,0.009085374578623833,0.008134561434659092,0.008190378066890498,0.009365148631198346,0.48098863636363637,0.45552272727272725,0.5346306818181819,0.05396424611973394,0.051791019955654105,0.04141116962305991,123,176,0.4653388516998931,0.4231249999999997,65.93645484949833,299,27
656,656.0,0.4282857142857144,0.40452380952380956,0.4927063492063491,0.46356069364161856,0.40939306358381505,0.48850289017341036,0.005894600907029479,0.008267566893424033,0.008954064562862182,0.00853105556483678,0.00830585706171272,0.00959105924020181,0.49467630057803474,0.4508265895953757,0.5332543352601156,0.06639058629232036,0.04630278007156613,0.04054798605376647,126,173,0.4609256575472445,0.4430057803468206,66.32441471571906,299,20
657,657.0,0.42679199999999995,0.40447999999999995,0.491528,0.4661715976331361,0.40874556213017754,0.4870591715976331,0.005857556736,0.0085137696,0.009205145216000002,0.008466426175554077,0.008233290290956199,0.009714540877420259,0.5097692307692308,0.44040828402366866,0.5343550295857988,0.0829772307692308,0.03592828402366871,0.042827029585798815,125,169,0.46056555772000746,0.4532544378698222,66.68027210884354,294,21
658,658.0,0.42819512195121956,0.40181300813008125,0.4896910569105691,0.4693448275862069,0.40744252873563225,0.4837413793103448,0.005660986317668055,0.008377794302333269,0.009021140326525217,0.008624869599682916,0.00794787888096182,0.009924548057867619,0.5230459770114942,0.43620114942528737,0.5281091954022988,0.09485085506027469,0.03438814129520612,0.03841813849172976,123,174,0.4479871562600208,0.45764367816091933,66.14478114478115,297,19
659,659.0,0.4267016129032258,0.4015645161290322,0.4897258064516129,0.46845664739884396,0.40643930635838155,0.48407514450867056,0.005695483545785641,0.008320971644120708,0.009242521592091572,0.008110109392228273,0.00797683591165759,0.010175930769487787,0.5209710982658959,0.43320231213872823,0.5326936416184972,0.09426948536267016,0.03163779600969602,0.042967835166884294,124,173,0.43016064680916527,0.45398843930635807,66.12121212121212,297,23
660,660.0,0.425624,0.4004959999999999,0.48459199999999997,0.46881502890173415,0.40508092485549135,0.47993641618497107,0.005594570624000001,0.008502537984,0.009426161536,0.008123156537137894,0.007986571485849844,0.010250221390624476,0.5188323699421966,0.4351387283236994,0.5214739884393064,0.09320836994219661,0.03464272832369947,0.0368819884393064,125,173,0.435546173476603,0.44393063583815,65.64093959731544,298,24
661,661.0,0.4259024390243902,0.4022032520325202,0.4853658536585365,0.470327485380117,0.4031988304093567,0.48101169590643283,0.005742088042831649,0.008420422103245425,0.009532589728336309,0.00815790444923224,0.007590100817345508,0.010275894600047878,0.5218070175438596,0.43018713450292406,0.5235380116959064,0.09590457851946943,0.027983882470403842,0.0381721580373699,123,171,0.4344810058277328,0.4534502923976606,65.98979591836735,294,23
662,662.0,0.4266050420168067,0.4045714285714286,0.48448739495798315,0.4681453488372092,0.4043546511627907,0.4774244186046512,0.005885465856931008,0.008720060024009603,0.00947367841254149,0.008550391664413197,0.007814566083017846,0.01056019777582477,0.5173779069767441,0.4303953488372094,0.514110465116279,0.09077286495993742,0.025823920265780842,0.02962307015829585,119,172,0.4545845959431069,0.44773255813953466,65.82817869415807,291,19
663,663.0,0.42974166666666663,0.40804166666666664,0.48456666666666665,0.4679537572254335,0.4059942196531792,0.4755144508670521,0.005744541597222223,0.008251723263888889,0.009866312222222222,0.008492310000334125,0.00787227164288817,0.010796330716027931,0.5150173410404624,0.43343352601156077,0.5114624277456647,0.08527567437379574,0.02539185934489413,0.026895761078998104,120,173,0.46416466256984273,0.44092485549132926,66.24914675767918,293,19
664,664.0,0.4298782608695652,0.4107304347826086,0.48160000000000003,0.46690173410404623,0.40580346820809254,0.477878612716763,0.005819202570888469,0.008395292551984878,0.008917231304347824,0.00845089785826456,0.00740267813826055,0.010916071970329781,0.5106531791907516,0.4359768786127168,0.5052312138728324,0.08077491832118638,0.025246443830108156,0.0236312138728324,115,173,0.46220371397528526,0.4423121387283234,65.97569444444444,288,20
665,665.0,0.4298695652173913,0.4138956521739131,0.48294782608695647,0.4670057471264369,0.40563218390804595,0.4764252873563219,0.006162426465028356,0.008119989111531192,0.008746501625708884,0.008388545943982032,0.007420519883736293,0.010871750165147312,0.5135,0.4371149425287356,0.4972988505747126,0.08363043478260868,0.023219290354822508,0.014351024487756159,115,174,0.4502217494225967,0.4424712643678158,66.30795847750865,289,23
666,666.0,0.43337168141592924,0.41173451327433624,0.48277876106194695,0.46799999999999997,0.4045397727272728,0.4734715909090909,0.006365083091863107,0.00809672597697549,0.00878328733651813,0.008703363636363636,0.007446873418130166,0.010200010556559917,0.5215454545454545,0.4332272727272727,0.4940454545454545,0.08817377312952529,0.02149275945293644,0.011266693483507562,113,176,0.4316799371057446,0.45255681818181787,67.02076124567473,289,25
667,667.0,0.4404684684684686,0.4129099099099099,0.47825225225225215,0.46702298850574714,0.40358045977011503,0.4711666666666667,0.00714669945621297,0.007751667559451344,0.008901594026458891,0.008732332804861938,0.007405071112432292,0.009556954980842913,0.5176724137931036,0.42406321839080463,0.4947931034482758,0.07720394532463498,0.011153308480894741,0.016540851196023665,111,174,0.43757778948707193,0.4662643678160917,66.76842105263158,285,21
668,668.0,0.4415045871559634,0.41488073394495406,0.4798715596330275,0.46770520231213863,0.4043815028901734,0.4691329479768786,0.007330048144095615,0.007536692197626463,0.008736735796650115,0.008802196331317451,0.007485958501787564,0.009136647064719837,0.5117514450867051,0.4289479768786127,0.49532947976878616,0.0702468579307417,0.01406724293365863,0.01545792013575864,109,173,0.44409211030154466,0.480809248554913,66.73404255319149,282,17
669,669.0,0.44163888888888897,0.4164907407407408,0.4748333333333333,0.46638011695906434,0.4054795321637426,0.4726432748538012,0.007693304783950618,0.007405120284636489,0.00840325,0.00891292568653603,0.007596191101535516,0.009905761636058958,0.5041578947368421,0.4282046783625731,0.5029707602339182,0.06251900584795317,0.011713937621832315,0.028137426900584905,108,171,0.4535693202690716,0.48830409356725113,66.93906810035843,279,17
670,670.0,0.44179439252336455,0.4162710280373831,0.4750467289719626,0.4665941176470588,0.406735294117647,0.47087647058823534,0.00752691099659359,0.006940440562494543,0.009061932395842433,0.008833641141868513,0.007661724048442905,0.010032802387543253,0.5053529411764706,0.43197647058823535,0.49919411764705884,0.063558548653106,0.015705442550852267,0.02414738867509625,107,170,0.4552025250150062,0.4869999999999996,66.54512635379061,277,19
671,671.0,0.44377678571428575,0.41666964285714286,0.4771607142857142,0.4655868263473053,0.40777245508982024,0.4683952095808383,0.007346405532525512,0.006995256935586736,0.009692634885204082,0.008563452042023738,0.007755181756247983,0.009964562372261466,0.505874251497006,0.4331077844311378,0.49611976047904194,0.062097465782720296,0.016438141573994924,0.018959046193327722,112,167,0.45553273502098407,0.48089820359281404,66.43010752688173,279,17
672,672.0,0.4438434782608696,0.4184347826086957,0.47480869565217393,0.4663999999999999,0.40733333333333327,0.4703636363636364,0.007439140718336485,0.00684355009451796,0.009779632967863893,0.00836233696969697,0.007853046464646464,0.00971886170798898,0.5079454545454546,0.43004848484848485,0.4991030303030303,0.06410197628458497,0.011613702239789137,0.024294334650856397,115,165,0.4408590374959057,0.4883030303030299,66.63928571428572,280,19
673,673.0,0.44823893805309734,0.4185575221238938,0.47977876106194695,0.46791124260355027,0.40573964497041415,0.46934911242603544,0.007571969457279349,0.006634335186780485,0.010051039548907511,0.008419276145793214,0.007696594937152061,0.009405517173768425,0.5095147928994083,0.4258757396449704,0.506094674556213,0.06127585484631093,0.0073182175210765865,0.026315913494266097,113,169,0.4327600870943675,0.49177514792899385,66.46099290780141,282,17
674,674.0,0.4465603448275862,0.4212241379310344,0.48075,0.4653493975903615,0.40442168674698786,0.4745,0.007413487737812129,0.006849260107015458,0.00987879094827586,0.008297275511685295,0.0077886053128175346,0.009655948795180723,0.5014638554216867,0.42306024096385547,0.5184337349397591,0.05490351059410048,0.001836103032821057,0.03768373493975907,116,166,0.4266969853006625,0.4743373493975901,65.58865248226951,282,23
675,675.0,0.4526782608695652,0.418295652173913,0.4803739130434782,0.4654242424242424,0.40604242424242426,0.4755272727272727,0.0074825312665406435,0.007138329981096409,0.010447590623818526,0.007868013957759412,0.0077537982001836545,0.009652637134986227,0.4949878787878788,0.4315272727272727,0.513139393939394,0.04230961791831361,0.013231620553359691,0.0327654808959158,115,165,0.4458799161669321,0.483333333333333,66.35714285714286,280,19
676,676.0,0.454640350877193,0.4134385964912281,0.47724561403508764,0.46492024539877297,0.4061288343558283,0.47652147239263803,0.007470142582333026,0.0071410532471529705,0.010062536164973837,0.007662122473559412,0.0077244312544694944,0.009881586962249238,0.48552760736196315,0.4250122699386503,0.5162638036809817,0.030887256484770143,0.011573673447422217,0.03901818964589404,114,163,0.4461103999723154,0.47687116564417154,66.5884476534296,277,23
677,677.0,0.4531379310344828,0.4136034482758621,0.47498275862068967,0.46525925925925915,0.4065617283950617,0.47680246913580243,0.007540067181926279,0.007462566884661119,0.0099971031510107,0.007813611796982168,0.00766822149824722,0.00954796098155769,0.4811543209876543,0.4270555555555555,0.5155987654320988,0.028016389953171517,0.013452107279693426,0.040616006811409144,116,162,0.441295109843477,0.48345679012345655,66.36690647482014,278,22
678,678.0,0.44810526315789473,0.4156929824561404,0.47325438596491226,0.4644444444444445,0.4078271604938272,0.47751851851851856,0.007306708217913204,0.007490914512157588,0.00999334756848261,0.008056777777777779,0.007650439262307576,0.00986876817558299,0.48068518518518516,0.423037037037037,0.5224382716049382,0.03257992202729043,0.007344054580896597,0.049183885640025904,114,162,0.46201630850832703,0.4745679012345676,66.90579710144928,276,24
679,679.0,0.44690677966101694,0.41700000000000004,0.4746355932203389,0.46241249999999995,0.4074625,0.477125,0.00756727097098535,0.007718423728813561,0.010694214665326055,0.00804571734375,0.00769629859375,0.010060209375,0.48282499999999995,0.4247187500000001,0.5229625,0.03591822033898301,0.007718750000000052,0.048326906779661116,118,160,0.4872062844896667,0.4546249999999997,66.91007194244604,278,23
680,680.0,0.4496280991735537,0.4157190082644628,0.4783636363636364,0.463754716981132,0.40677987421383643,0.47695597484276736,0.007772464995560413,0.007694516084966874,0.011013438016528926,0.0078809021003916,0.00766063707922946,0.009558205608955341,0.4894968553459119,0.42430817610062893,0.5216100628930818,0.039868756172358244,0.008589167836166145,0.04324642652944538,121,159,0.49902622367975596,0.4596855345911947,67.35357142857143,280,17
681,681.0,0.4483032786885246,0.41404098360655744,0.47759836065573774,0.4643396226415095,0.41072327044025153,0.4756792452830189,0.008027735890889547,0.007944137664606289,0.011430781308787958,0.00793769597721609,0.007902665559115542,0.01018258265100273,0.4863081761006289,0.42629559748427676,0.5205660377358491,0.03800489741210428,0.012254613877719311,0.042967677080111344,122,159,0.4974014309036461,0.45628930817610025,67.61209964412811,281,19
682,682.0,0.4474666666666666,0.41335000000000005,0.47679166666666667,0.4623478260869565,0.4107018633540372,0.47408695652173916,0.008144932222222224,0.008430944166666668,0.010798398263888889,0.0082197423710505,0.007884047760503067,0.010220762624898733,0.4797515527950311,0.4286211180124223,0.5187826086956522,0.0322848861283645,0.015271118012422258,0.04199094202898551,120,161,0.501640012450779,0.4548447204968942,67.55871886120997,281,20
683,683.0,0.444475,0.4124166666666667,0.47816666666666663,0.45889570552147246,0.41186503067484664,0.4733865030674847,0.007965699375,0.008289009722222221,0.010766805555555556,0.008355835748428622,0.007838411231134029,0.01040099785464263,0.46587116564417175,0.4303803680981595,0.5154233128834357,0.02139616564417174,0.017963701431492785,0.03725664621676905,120,163,0.48426241001109344,0.4668098159509199,66.57243816254417,283,20
684,684.0,0.4398934426229508,0.41150000000000003,0.47977868852459016,0.4623780487804879,0.40917682926829263,0.47437195121951226,0.00831722635044343,0.00837869262295082,0.010702877250739049,0.007772076591314693,0.007960852877751338,0.010778160432778109,0.47041463414634144,0.4181036585365854,0.5156951219512194,0.03052119152339061,0.006603658536585344,0.0359164334266292,122,164,0.47058572068163435,0.48195121951219483,66.4965034965035,286,19
685,685.0,0.439544,0.41084800000000005,0.47807199999999994,0.46535329341317366,0.4079221556886227,0.4744311377245509,0.008347912064,0.009063088896000002,0.010824370816000002,0.007609857219692353,0.007770886155832049,0.010797490766969054,0.48113173652694613,0.4110359281437126,0.5092395209580839,0.04158773652694614,0.00018792814371254574,0.03116752095808395,125,167,0.4637857373390347,0.47371257485029916,66.55479452054794,292,22
686,686.0,0.43715079365079373,0.4102380952380953,0.47520634920634924,0.4625502958579882,0.40872189349112426,0.47253254437869824,0.008173620118417739,0.008935308390022675,0.010497862181909802,0.007707892440740871,0.007512709639018242,0.011149254858023176,0.48466272189349113,0.40470414201183436,0.5099467455621302,0.0475119282426974,0.005533953226260935,0.03474039635578091,126,169,0.45339261729415753,0.46633136094674527,66.90508474576271,295,26
687,687.0,0.4359760000000001,0.4066560000000001,0.4727760000000001,0.46312426035502957,0.408,0.4710828402366864,0.008192199424,0.008773841663999998,0.010587885823999998,0.007847860299009139,0.007556579881656804,0.010345626273589863,0.4861124260355029,0.39918343195266276,0.5050355029585799,0.050136426035502835,0.0074725680473373135,0.03225950295857982,125,169,0.443053945360248,0.47390532544378666,67.25170068027211,294,30
688,688.0,0.4341048387096774,0.40156451612903227,0.4710564516129032,0.4619585798816568,0.4123786982248521,0.4733076923076923,0.00807035191207076,0.008533907127991677,0.010128230684183144,0.007926264556563145,0.008032412800672245,0.010464331360946745,0.4862011834319527,0.40136686390532544,0.5103431952662721,0.052096344722275256,0.00019765222370682345,0.03928674365336893,124,169,0.4766002177917357,0.4623076923076919,67.5221843003413,293,28
689,689.0,0.4350078125,0.40334375,0.47339062499999995,0.46260465116279076,0.4115813953488372,0.47355813953488374,0.008159523376464844,0.0087093974609375,0.009981488037109375,0.007827692536506222,0.007804638723634397,0.010485734991887508,0.49966860465116286,0.40518023255813956,0.5063023255813953,0.06466079215116288,0.0018364825581395627,0.032911700581395364,128,172,0.481711699726475,0.4473255813953485,67.13333333333334,300,25
690,690.0,0.4386307692307692,0.4024153846153847,0.47329230769230773,0.4642254335260116,0.4092369942196532,0.4730982658959538,0.008143402130177514,0.008528627455621302,0.009762437633136093,0.007666486751979687,0.00804200741755488,0.010331163754218317,0.5085722543352601,0.40173410404624277,0.5093063583815028,0.06994148510449089,0.0006812805691419066,0.03601405068919511,130,173,0.4853458848059371,0.43878612716762977,66.66666666666667,303,22
691,691.0,0.4358712121212121,0.4001818181818182,0.4722045454545455,0.4642456140350877,0.406514619883041,0.4732631578947369,0.007620566747015611,0.008717633608815426,0.009585193009641871,0.00741496891351185,0.008284705926609896,0.010321702677747,0.5179064327485381,0.39738596491228073,0.5071403508771929,0.08203522062732599,0.0027958532695374627,0.034935805422647404,132,171,0.5006966029305429,0.42707602339181255,66.45544554455445,303,20
692,692.0,0.43301481481481474,0.39928888888888886,0.47039259259259264,0.46479532163742693,0.4057076023391813,0.4726666666666666,0.007253066447187928,0.008870783209876545,0.009653275500685872,0.007393238808522281,0.008192394035771692,0.010064561403508773,0.5203508771929825,0.3951578947368421,0.49928070175438594,0.08733606237816771,0.004130994152046763,0.028888109161793296,135,171,0.48543227852366067,0.43011695906432723,66.90196078431373,306,22
693,693.0,0.43490151515151515,0.39718181818181814,0.47384848484848485,0.4630350877192982,0.40455555555555556,0.4719356725146198,0.007337740300734619,0.008446724517906337,0.009741446740128556,0.007391180055401662,0.008279580246913582,0.009804375978933688,0.5175087719298246,0.39221637426900585,0.4977134502923977,0.08260725677830943,0.004965443912812284,0.023864965443912867,132,171,0.49576982877515197,0.4329239766081869,66.53795379537954,303,21
694,694.0,0.4344370370370371,0.3958444444444445,0.4749037037037038,0.4631627906976744,0.4041046511627907,0.4718313953488372,0.007256053443072704,0.008464990617283952,0.0095212722085048,0.008078322336398054,0.008230593699296917,0.009775605293401839,0.5251220930232559,0.3914593023255814,0.5002383720930232,0.09068505598621873,0.004385142118863095,0.02533466838931947,135,172,0.474760347116774,0.44668604651162763,65.82410423452768,307,18
695,695.0,0.4359259259259259,0.39300000000000007,0.47623703703703707,0.4617719298245614,0.40192397660818713,0.47076023391812866,0.007561238957475996,0.00781725925925926,0.00936286233196159,0.007963064943059404,0.008196222290619335,0.009690053623337094,0.52746783625731,0.3939181286549708,0.4972982456140351,0.09154191033138409,0.0009181286549707068,0.021061208576998003,135,171,0.4612042846232914,0.4487719298245611,65.94117647058823,306,19
696,696.0,0.4349847328244274,0.39564885496183205,0.4739389312977099,0.46144318181818184,0.4017045454545455,0.4711988636363637,0.007225786026455335,0.007730853796398813,0.009123156575957112,0.00782275813533058,0.008483105888429753,0.009521182044163223,0.5260056818181819,0.39303409090909097,0.5040170454545454,0.09102094899375446,0.002614764052741081,0.030078114156835478,131,176,0.47725750339056605,0.43971590909090885,66.1270358306189,307,19
697,697.0,0.43708888888888886,0.39434074074074077,0.47719259259259256,0.4619213483146068,0.40140449438202247,0.47085393258426966,0.007079755061728396,0.007838728340192044,0.008925059204389574,0.007707892690316881,0.00855434200227244,0.009428596641838151,0.5261460674157303,0.3914943820224719,0.5047696629213483,0.08905717852684147,0.002846358718268882,0.027577070328755726,135,178,0.48290718138047,0.4237640449438199,66.8594249201278,313,20
698,698.0,0.4353129770992366,0.3938244274809161,0.47491603053435116,0.46082485875706214,0.39919209039548026,0.467864406779661,0.006965176854495658,0.00803240428879436,0.008373008216304411,0.007662517348143891,0.00836818908998053,0.009438953365891026,0.5226723163841808,0.3907909604519774,0.4977853107344633,0.08735933928494416,0.0030334670289386967,0.02286928020011214,131,177,0.4827131875290392,0.4312994350282483,67.03571428571429,308,20
699,699.0,0.43557894736842107,0.39361654135338353,0.47591729323308274,0.46039204545454543,0.39845454545454545,0.46910795454545456,0.006950349030470915,0.007937078523376108,0.008161038272372662,0.007646170163997934,0.00840297520661157,0.009347948573088844,0.5227215909090909,0.3919318181818182,0.5004318181818181,0.0871426435406698,0.0016847231715653166,0.024514524948735406,133,176,0.4797791002296254,0.42812499999999964,67.72491909385113,309,21
700,700.0,0.43701503759398497,0.39360902255639096,0.4807293233082707,0.46181249999999996,0.3988465909090909,0.47337499999999993,0.007060631352818136,0.007853155407315283,0.007686588388263893,0.007395811434659091,0.008250970783832644,0.009459370738636364,0.5329204545454546,0.3886761363636364,0.5076250000000001,0.09590541695146959,0.00493288619275456,0.02689567669172943,133,176,0.4685469252125584,0.43869318181818145,68.35598705501619,309,20
701,701.0,0.43753030303030305,0.3924848484848485,0.4808939393939395,0.4655141242937853,0.39896045197740115,0.4741186440677967,0.007069915748393022,0.007383522497704316,0.0078445645087236,0.007066633981295285,0.008305495611095151,0.009517584793641674,0.5460734463276836,0.3791864406779662,0.520774011299435,0.10854314329738057,0.013298407806882295,0.03988007190549553,132,177,0.4665201310408942,0.43943502824858727,68.12621359223301,309,19
702,702.0,0.4341439393939394,0.39397727272727273,0.48253030303030303,0.46343859649122804,0.40015789473684216,0.47407602339181293,0.007045668675390267,0.0072996737258953165,0.007530112718089991,0.00732832810095414,0.008231910741766699,0.009197415273075476,0.5471111111111112,0.38293567251461985,0.5261345029239766,0.1129671717171718,0.01104160021265288,0.043604199893673534,132,171,0.45229955338250327,0.4401169590643272,67.37293729372938,303,24
703,703.0,0.4365968992248062,0.39586046511627904,0.4780697674418604,0.46187116564417174,0.4005460122699386,0.4763926380368098,0.007356023556276667,0.007243344871101497,0.007704654047232739,0.0075391429109112115,0.008373708005570402,0.009389993074635854,0.5527914110429449,0.3771411042944786,0.5351656441717791,0.11619451181813872,0.018719360821800424,0.057095876729918726,129,163,0.46758503340070706,0.44969325153374207,66.4417808219178,292,21
704,704.0,0.4374769230769231,0.39576153846153844,0.47678461538461536,0.4647204968944099,0.39977018633540373,0.4774968944099379,0.007397249467455623,0.0073492123668639055,0.007921799763313609,0.007367170325218934,0.008385208055244783,0.008852535704641024,0.5590434782608695,0.3777888198757764,0.5295962732919255,0.12156655518394643,0.01797271858576205,0.05281165790731013,130,161,0.46108955585636924,0.45291925465838484,66.6426116838488,291,22
705,705.0,0.4399527559055117,0.3953307086614173,0.4790236220472441,0.4649245283018868,0.4007169811320755,0.47886792452830196,0.007365934775869552,0.007368819765639531,0.008039566371132742,0.007293943989557376,0.00862419034057197,0.00890574985166726,0.5630125786163522,0.3802389937106918,0.5361006289308174,0.12305982271084054,0.015091714950725477,0.05707700688357337,127,159,0.4767909134751813,0.46251572327043994,66.12937062937063,286,19
706,706.0,0.4423,0.39663076923076923,0.4814384615384615,0.46718987341772156,0.39974683544303796,0.48000000000000004,0.0075504407692307705,0.00721738674556213,0.008640046213017751,0.007780850024034611,0.008606809325428616,0.009066367088607594,0.5709367088607595,0.3767594936708861,0.5375886075949367,0.1286367088607595,0.019871275559883106,0.05615014605647517,130,158,0.4845589264328185,0.4519620253164553,66.39236111111111,288,19
707,707.0,0.4446136363636363,0.39688636363636365,0.48138636363636367,0.46783018867924525,0.4001698113207547,0.48126415094339625,0.007871494662534435,0.006886797692837466,0.008766888601928376,0.008179361101222261,0.00866259380562478,0.00895322582176338,0.5679874213836478,0.3777610062893082,0.5449245283018868,0.12337378502001145,0.01912535734705545,0.06353816466552309,132,159,0.4558305375216213,0.46792452830188647,66.39862542955326,291,18
708,708.0,0.4420944881889764,0.39755905511811024,0.4768740157480315,0.46755279503105596,0.4040683229813664,0.4834844720496895,0.008204668237336475,0.0067939472998946,0.008924283340566679,0.008212657150572896,0.008326374213957793,0.00923632429304425,0.5641366459627328,0.3913416149068323,0.5484596273291925,0.12204215777375643,0.006217440211277958,0.071585611581161,127,161,0.4582696242841772,0.4731677018633537,66.18055555555556,288,19
709,709.0,0.44221705426356595,0.3992635658914729,0.4767906976744186,0.466920731707317,0.40374390243902436,0.48692682926829267,0.008339146685896281,0.00696996154077279,0.00907104921579232,0.008128146155562167,0.0083893002676978,0.009349933670434265,0.5518536585365854,0.39814634146341465,0.5462865853658537,0.10963660427301947,0.0011172244280582277,0.06949588769143511,129,164,0.4580571444675831,0.4577439024390242,65.52901023890784,293,19
710,710.0,0.4420390625,0.40249218750000004,0.4769921875,0.46803105590062116,0.40277018633540373,0.4874534161490683,0.008472990661621094,0.007070796813964844,0.009303507751464844,0.008267036302611781,0.008538599359592608,0.009352235407584585,0.5576024844720497,0.3998136645962733,0.5490062111801243,0.11556342197204972,0.002678522903726721,0.07201402368012427,128,161,0.44238834231560253,0.4628571428571426,65.98961937716263,289,24
711,711.0,0.4479621212121212,0.4033484848484849,0.47739393939393937,0.46810624999999995,0.404025,0.48829374999999997,0.009008006140955005,0.006954302800734618,0.00930122359963269,0.0083365824609375,0.008506136875,0.009339069960937498,0.5596875000000001,0.40634375,0.5488062499999999,0.11172537878787892,0.002995265151515103,0.07141231060606057,132,160,0.4357356103723517,0.4689374999999997,66.2568493150685,292,24
712,712.0,0.4489312977099237,0.4051450381679389,0.47628244274809156,0.46591975308641975,0.4065123456790123,0.48909259259259263,0.008776888409766332,0.00753212400209778,0.009053088165025347,0.008277468869074836,0.008677558489559518,0.009247997599451302,0.5532962962962963,0.41014814814814815,0.5473703703703704,0.1043649985863726,0.005003109980209253,0.07108792762227883,131,162,0.4563193292806263,0.4751234567901232,67.39590443686006,293,19
713,713.0,0.44763157894736844,0.408,0.47453383458646614,0.46746951219512206,0.40355487804878043,0.48993292682926826,0.00882605223585279,0.006957503759398495,0.00887161727627339,0.008114590533908386,0.008452015281082689,0.00903547720850684,0.5584451219512194,0.41107926829268293,0.5515609756097563,0.11081354300385099,0.0030792682926829573,0.07702714102329011,133,164,0.47948660742813604,0.45859756097560944,66.60942760942761,297,20
714,714.0,0.44529850746268657,0.4082238805970149,0.4743358208955224,0.46774074074074073,0.4060432098765432,0.49028395061728386,0.009337567609712633,0.007424800623746937,0.008916058866117176,0.008582006858710562,0.008335300602042373,0.009202240359701264,0.5570987654320988,0.41260493827160494,0.5496543209876542,0.11180025796941223,0.0043810576745900165,0.07531850009213181,134,162,0.4923373640060261,0.44858024691358,64.85810810810811,296,21
715,715.0,0.45017777777777773,0.40745925925925924,0.47582222222222226,0.4637349397590362,0.40784337349397587,0.49071686746987947,0.009558916543209875,0.007428722414266117,0.008859123950617285,0.008986411670779505,0.008352915227173756,0.009039190920307735,0.549012048192771,0.41730722891566263,0.5481686746987953,0.09883427041499332,0.009847969656403388,0.07234645247657301,135,166,0.48285436806494075,0.45295180722891537,64.83388704318936,301,18
716,716.0,0.4466739130434783,0.4092971014492754,0.4769855072463768,0.464065868263473,0.4084491017964071,0.4923712574850299,0.009595553087586643,0.007482716078554924,0.00918962297836589,0.009340217218258095,0.00838384022374413,0.009004245401412744,0.5510838323353294,0.4170718562874251,0.5528922155688623,0.10440991929185112,0.007774754838149711,0.07590670832248547,138,167,0.4871287487018539,0.43329341317365244,64.50491803278689,305,19
717,717.0,0.4464892086330935,0.40907913669064744,0.476115107913669,0.4662958579881657,0.4093550295857988,0.49204733727810657,0.00990468153822266,0.007352921794938149,0.009046145023549506,0.009528717201778648,0.00829344791849025,0.00900067231539512,0.5590710059171597,0.4204497041420119,0.5511715976331361,0.11258179728406625,0.011370567451364444,0.07505648971946705,139,169,0.4637571906543338,0.4380473372781062,64.00974025974025,308,19
718,718.0,0.4456567164179105,0.40896268656716417,0.479134328358209,0.46415789473684216,0.40936842105263166,0.49153801169590644,0.009793568723546446,0.007249826965916686,0.008898235687235466,0.009672659279778395,0.008205390581717452,0.009104798262713314,0.5496432748538012,0.4264093567251462,0.5498245614035089,0.10398655843589066,0.017446670157982014,0.07069023304529987,134,171,0.45880142245075767,0.4557309941520465,64.47213114754098,305,17
719,719.0,0.4426259541984733,0.41211450381679393,0.4801603053435114,0.4615269461077844,0.41070658682634725,0.4910958083832336,0.00987140970805897,0.0074059792552881535,0.0094821651418915,0.009647925920613861,0.00814766839972749,0.008981032736921368,0.5391197604790419,0.42986826347305385,0.5579760479041915,0.09649380628056858,0.017753759656259915,0.07781574256068013,131,167,0.46092777198305546,0.46065868263473025,64.05704697986577,298,18
720,720.0,0.44353076923076923,0.4106307692307692,0.4818153846153846,0.4605276073619632,0.4093374233128835,0.492079754601227,0.01011821828402367,0.007608894437869823,0.00914031976331361,0.009716212428017613,0.008214984305017124,0.009021484436749596,0.5388282208588956,0.42705521472392627,0.5581042944785276,0.09529745162812636,0.01642444549315708,0.07628890986314302,130,163,0.4477623654606783,0.4565030674846622,64.54266211604096,293,22
721,721.0,0.43967938931297706,0.41123664122137404,0.4785343511450381,0.4612919254658385,0.4093788819875776,0.49169565217391303,0.010471591865275914,0.007795798962764407,0.00876991294213624,0.009722455152193202,0.008250198063346323,0.008760596813394543,0.5320931677018633,0.43348447204968943,0.5575465838509318,0.09241377838888626,0.022247830828315385,0.07901223270589369,131,161,0.4576520533410669,0.45819875776397484,64.54794520547945,292,18
722,722.0,0.4372461538461539,0.4100769230769231,0.4752153846153846,0.4635,0.410886075949367,0.49051898734177213,0.01035169325443787,0.007960624852071005,0.008725599763313609,0.009992351265822784,0.008433721198525878,0.008700363563531486,0.5277215189873418,0.4348227848101266,0.555367088607595,0.09047536514118787,0.024745861733203478,0.08015170399221039,130,158,0.45706937227609096,0.458544303797468,64.69791666666667,288,19
723,723.0,0.4365555555555555,0.40922222222222226,0.4744365079365079,0.46344303797468367,0.4117658227848101,0.4910063291139241,0.010190199294532626,0.0076503156966490305,0.008530738032249937,0.009983461945201088,0.008229761616728089,0.008638550592853709,0.5259873417721519,0.44057594936708855,0.5527151898734177,0.08943178621659642,0.031353727144866284,0.07827868193690984,126,158,0.4696619098093308,0.44943037974683514,65.03521126760563,284,22
724,724.0,0.43661068702290073,0.41036641221374043,0.4732748091603054,0.46482389937106927,0.4112641509433962,0.49285534591194974,0.01008913851174174,0.0076167665054484,0.008089649670765107,0.00970127716466912,0.008140798148807403,0.008414111150666509,0.5276603773584906,0.4392389937106918,0.5583333333333332,0.09104969033558985,0.028872581496951377,0.08505852417302784,131,159,0.47859164726317777,0.44289308176100595,65.27931034482759,290,20
725,725.0,0.4392992125984252,0.40906299212598424,0.4765354330708661,0.4653246753246754,0.41203246753246753,0.496051948051948,0.009886823857647714,0.007725539339078677,0.008019981027962055,0.009613349131388093,0.008007576867937257,0.008722776522179121,0.5231753246753246,0.4376558441558442,0.5649805194805195,0.08387611207689938,0.02859285202985995,0.08844508640965343,127,154,0.47001594954621234,0.46162337662337627,65.88967971530249,281,21
726,726.0,0.43703149606299213,0.4082992125984252,0.47612598425196845,0.46695424836601307,0.40931372549019607,0.4958562091503268,0.009510943889887779,0.007775831731663466,0.008048787277574555,0.009736553462343542,0.008112123798539025,0.008560162330727497,0.5325098039215685,0.4382287581699347,0.557045751633987,0.09547830785857642,0.029929545571509453,0.0809197673820185,127,153,0.46084975939842976,0.47941176470588204,66.54642857142858,280,20
727,727.0,0.4406475409836064,0.4057540983606558,0.47391803278688527,0.4669600000000001,0.41032,0.4928333333333333,0.009956277411986026,0.008028332975006719,0.007687517871539908,0.009772225066666666,0.007829164266666666,0.008754458888888888,0.5446,0.4423933333333333,0.5596933333333333,0.10395245901639355,0.036639234972677515,0.085775300546448,122,150,0.4677455711935426,0.4773333333333331,66.33088235294117,272,21
728,728.0,0.43795689655172404,0.40081034482758626,0.4709137931034483,0.46554901960784323,0.41082352941176464,0.4906797385620915,0.00978443779726516,0.007655532996432818,0.007109096016646849,0.00958160707420223,0.007732877354863514,0.008928165406467596,0.5415490196078432,0.4453986928104575,0.5553660130718955,0.10359212305611915,0.04458834798287126,0.0844522199684472,116,153,0.4844188700096941,0.4739215686274507,66.4907063197026,269,22
729,729.0,0.44012389380530975,0.39931858407079646,0.4689380530973451,0.4656298701298701,0.40761688311688316,0.4907727272727273,0.00987187845563474,0.007382659566136736,0.007219544835147623,0.009556687679203915,0.007883457117557767,0.008954539256198348,0.5376753246753246,0.4401168831168831,0.5603571428571428,0.09755143087001489,0.04079829904608662,0.09141908975979768,113,154,0.49738090727936607,0.4884415584415582,66.90262172284645,267,18
730,730.0,0.44126086956521743,0.39880869565217386,0.47164347826086955,0.4649078947368421,0.4055855263157895,0.4886710526315789,0.009840992816635159,0.007327389489603026,0.007232420718336484,0.009483030990304708,0.007926742685249307,0.009219404951523546,0.5348355263157893,0.43859868421052634,0.5591842105263158,0.09357465675057192,0.039789988558352474,0.08754073226544629,115,152,0.5172566527876481,0.48578947368421027,67.04119850187266,267,17
731,731.0,0.4374576271186441,0.40202542372881356,0.47248305084745756,0.46315686274509804,0.4062222222222222,0.4887450980392156,0.010527841424877908,0.007777685794311979,0.0071715208991669065,0.009528419838523646,0.008080447349310096,0.009157209534794309,0.5284967320261438,0.44228104575163385,0.5602222222222222,0.09103910490749967,0.04025562202282029,0.08773917137476461,118,153,0.5267971173517437,0.46398692810457487,67.10332103321034,271,21
732,732.0,0.4351083333333333,0.4027833333333334,0.4754333333333333,0.4625065789473684,0.40476973684210527,0.48670394736842104,0.010459779930555555,0.008030136388888888,0.007023712222222223,0.009382578904085875,0.0083738877683518,0.00951597156336565,0.523203947368421,0.44901315789473684,0.5635921052631578,0.0880956140350877,0.046229824561403454,0.08815877192982452,120,152,0.5254332575236204,0.47105263157894706,67.42279411764706,272,21
733,733.0,0.43424166666666664,0.40241666666666664,0.4746666666666666,0.46331372549019606,0.405718954248366,0.48441176470588243,0.01037708326388889,0.008116626388888888,0.00694013888888889,0.009028633602460591,0.00831616284335085,0.009697196462898884,0.5228758169934641,0.45267973856209154,0.5620653594771242,0.08863415032679745,0.05026307189542489,0.08739869281045759,120,153,0.5151074558203973,0.48254901960784286,67.39194139194139,273,21
734,734.0,0.4351833333333333,0.40497500000000003,0.4711,0.46311486486486486,0.40467567567567564,0.4838851351351352,0.01052774972222222,0.008404241041666668,0.006842506666666667,0.008877020589846605,0.00853031373265157,0.009588331400657414,0.5198783783783784,0.4567094594594595,0.5632972972972973,0.08469504504504505,0.05173445945945948,0.09219729729729725,120,148,0.5274869343084522,0.4940540540540537,67.2089552238806,268,21
735,735.0,0.4371293103448276,0.40898275862068967,0.473094827586207,0.4616734693877551,0.40425850340136055,0.48433333333333334,0.010372060865041615,0.00860248246135553,0.006945758249108205,0.008637376370956545,0.008673878754222777,0.009698167800453515,0.5229251700680272,0.45836734693877546,0.5622789115646258,0.08579585972319959,0.04938458831808579,0.08918408397841882,116,147,0.5272149077942256,0.5153061224489792,68.28136882129277,263,21
736,736.0,0.43836206896551727,0.4100689655172415,0.4772672413793103,0.4635241379310345,0.40373103448275866,0.48424827586206903,0.010228317181926277,0.008254305588585018,0.007045006168252081,0.008729518382877529,0.00871290007134364,0.009421000428061833,0.5303999999999999,0.45979999999999993,0.5544482758620689,0.0920379310344826,0.04973103448275845,0.07718103448275859,116,145,0.5269035844646557,0.5174482758620685,68.04597701149426,261,22
737,737.0,0.43462068965517237,0.41275,0.4769224137931035,0.46946808510638305,0.40368085106382984,0.48429078014184396,0.009972959571938169,0.00825361853448276,0.007099054325208086,0.00859590855590765,0.008925224385091295,0.010059979276696345,0.5405460992907801,0.46036879432624117,0.5406808510638297,0.10592540963560776,0.047618794326241165,0.06375843727072616,116,141,0.5183366181459685,0.5328368794326237,68.55642023346303,257,23
738,738.0,0.43525210084033616,0.4117731092436975,0.47323529411764714,0.4701760563380283,0.4030633802816901,0.48575352112676057,0.009848608714073864,0.008060175411341007,0.007185356401384083,0.008481821116841898,0.009037650912517358,0.010081608262249553,0.5436267605633803,0.45800704225352107,0.5402394366197183,0.10837465972304416,0.04623393300982359,0.06700414250207115,119,142,0.5130577224607663,0.5214788732394363,67.49425287356321,261,24
739,739.0,0.43697540983606564,0.41405737704918033,0.4721311475409836,0.47066666666666673,0.4022638888888889,0.4869027777777778,0.009732499395323837,0.008033185232464391,0.007421474603601182,0.008493708333333334,0.00928893036265432,0.009758101658950616,0.5438263888888889,0.46095138888888887,0.5382152777777778,0.10685097905282326,0.04689401183970854,0.06608413023679416,122,144,0.5215584648749573,0.49951388888888854,67.2406015037594,266,22
740,740.0,0.4357190082644628,0.41531404958677687,0.4721735537190082,0.4723741496598639,0.4029387755102041,0.48709523809523814,0.009295326002322246,0.008787818728228945,0.007613961614643809,0.008375322597066038,0.009538656115507428,0.010041950113378682,0.547578231292517,0.4592040816326531,0.5379455782312925,0.11185922302805423,0.043890032045876215,0.06577202451228431,121,147,0.5413467506697285,0.49074829931972763,66.79850746268657,268,20
741,741.0,0.4368264462809917,0.41338016528925625,0.4726611570247934,0.47174666666666665,0.40302000000000004,0.48382666666666674,0.0091848707055529,0.008761227375179292,0.007706951301140633,0.008308109155555557,0.009540966266666668,0.009827569955555554,0.5435266666666666,0.4624866666666666,0.5319133333333332,0.1067002203856749,0.04910650137741035,0.05925217630853985,121,150,0.5359385729207959,0.48593333333333305,66.39483394833948,271,19
742,742.0,0.4391129032258065,0.4140241935483871,0.4718225806451613,0.47045098039215694,0.4039411764705882,0.48315686274509806,0.009073293704474508,0.008607604253381895,0.007778904006243497,0.008248064590542099,0.009419467128027681,0.00975694271434064,0.5429934640522875,0.4594444444444444,0.5369346405228759,0.10388056082648106,0.04542025089605728,0.06511205987771457,124,153,0.5313171144644753,0.4790849673202611,66.91335740072202,277,20
743,743.0,0.4393203125,0.4174921875,0.47401562500000005,0.4722387096774194,0.405716129032258,0.4833677419354839,0.009017873962402344,0.008654343688964845,0.007841671630859375,0.008552813985431843,0.00933975167533819,0.009640116378772113,0.5423483870967742,0.4596387096774194,0.5334967741935485,0.10302807459677427,0.04214652217741938,0.05948114919354841,128,155,0.5264040342770053,0.47032258064516097,67.13074204946996,283,19
744,744.0,0.4428976377952756,0.4159763779527558,0.4733700787401575,0.4722967741935483,0.4085483870967742,0.4825612903225806,0.009034328104656207,0.008415251410502823,0.007976658317316636,0.008742879667013528,0.009752325078043704,0.009698852695109263,0.5399354838709677,0.4611032258064515,0.5312967741935484,0.0970378460756921,0.045126847853695695,0.05792669545339085,127,155,0.5112318494211295,0.4807741935483868,67.49290780141844,282,19
745,745.0,0.4422619047619047,0.41653174603174603,0.4694761904761905,0.4725973154362416,0.4134697986577181,0.484006711409396,0.009339701247165533,0.008385661690602167,0.008249297052154195,0.009204213684068286,0.010054356470429262,0.010214154317373091,0.5204429530201343,0.46330872483221475,0.5347046979865773,0.07818104825822964,0.046776978800468716,0.06522850751038678,126,149,0.5192663076896717,0.48523489932885877,67.58909090909091,275,19
746,746.0,0.43911904761904763,0.4164682539682539,0.47190476190476194,0.47423178807947025,0.4122980132450331,0.4853443708609272,0.00900553344671202,0.008845201373141851,0.008647054421768706,0.009297515810710056,0.009995282049032939,0.010205391342484979,0.5241390728476822,0.457225165562914,0.5372450331125828,0.08502002522863461,0.040756911594660106,0.06534027120782082,126,151,0.5322839590726477,0.47271523178807906,68.33935018050542,277,21
747,747.0,0.4410866141732283,0.41536220472440943,0.47352755905511823,0.47156666666666675,0.4123866666666667,0.48125999999999997,0.00842074052948106,0.008698057784115573,0.008127572075144151,0.009523392222222222,0.010000170488888889,0.0097735124,0.5238333333333333,0.46609333333333336,0.5222733333333333,0.08274671916010495,0.050731128608923926,0.048745774278215026,127,150,0.531904067336948,0.46526666666666633,67.73285198555956,277,21
748,748.0,0.44272307692307694,0.4152230769230769,0.4731923076923077,0.4721558441558441,0.41693506493506494,0.48463636363636364,0.0084272925443787,0.008727019467455622,0.008374755325443788,0.009325793894417272,0.010082424354865914,0.00956969893742621,0.5248896103896104,0.46944805194805195,0.5196493506493506,0.08216653346653341,0.05422497502497503,0.04645704295704289,130,154,0.5264919931367968,0.4564285714285711,67.25704225352112,284,19
749,749.0,0.4409411764705883,0.4178235294117647,0.4762867647058824,0.4718653846153846,0.4198525641025642,0.4863205128205128,0.007890599480968858,0.00871557179930796,0.008913498648356402,0.009190808801775148,0.009896292365220249,0.009523012656147273,0.5220448717948718,0.47212179487179484,0.5248910256410257,0.08110369532428352,0.05429826546003014,0.04860426093514336,136,156,0.5183544724587787,0.4432692307692304,67.67808219178082,292,20
750,750.0,0.4423007518796993,0.4136766917293233,0.4771578947368421,0.4703012820512822,0.42044230769230767,0.4847371794871795,0.00774097721747979,0.008252970659732038,0.009290493866244559,0.009278133588099933,0.009510208210059172,0.009441552720249836,0.5264038461538461,0.4653653846153847,0.5267435897435897,0.08410309427414675,0.05168869288606137,0.04958569500674759,133,156,0.5183951447672918,0.46044871794871767,67.77162629757785,289,19
751,751.0,0.4431203007518797,0.4137218045112782,0.47858646616541356,0.47118181818181815,0.4207857142857142,0.4837727272727273,0.007548150941262932,0.008224230877946747,0.00953382147097066,0.009310226682408503,0.009443246289424863,0.009391344451003541,0.5310714285714285,0.46591558441558445,0.5264415584415585,0.08795112781954884,0.05219377990430624,0.04785509227614493,133,154,0.5029770191836715,0.46720779220779196,67.07665505226481,287,20
752,752.0,0.44389473684210534,0.4144586466165414,0.4770375939849625,0.4713506493506493,0.42006493506493503,0.48240259740259744,0.007763447566284132,0.008162143026739782,0.009594727910000567,0.009137721200877046,0.00943735941980098,0.009320863889357395,0.5351948051948051,0.46455844155844156,0.521512987012987,0.09130006835269977,0.050099794941900144,0.0444753930280245,133,154,0.48970279706120934,0.48227272727272696,67.61324041811847,287,20
753,753.0,0.44579699248120297,0.4094962406015038,0.47348120300751884,0.4706322580645162,0.42045806451612905,0.4828967741935483,0.007271485103736786,0.007559332692633843,0.01007190378201142,0.009139600249739855,0.009290415983350677,0.009180105473465141,0.5298451612903227,0.4632516129032258,0.5246193548387097,0.0840481688091197,0.053755372301722004,0.05113815183119086,133,155,0.5072968414482784,0.4754838709677417,67.82986111111111,288,19
754,754.0,0.44748091603053436,0.4082137404580153,0.47212977099236636,0.46655194805194805,0.4190064935064935,0.4837662337662338,0.007446280170153254,0.007723923780665464,0.010097013693840686,0.009040273275425873,0.009316915542249959,0.008935750548153145,0.5218896103896103,0.46474675324675324,0.5226818181818181,0.07440869435907599,0.05653301278873796,0.050552047189451776,131,154,0.5036219649907141,0.46824675324675286,67.28070175438596,285,19
755,755.0,0.4498359375,0.40864062500000004,0.47155468750000007,0.46637106918238996,0.41842138364779874,0.4837924528301887,0.007828137145996094,0.007705667724609375,0.010138622009277344,0.008954472370554961,0.009293778410664134,0.009012743087694317,0.518188679245283,0.47137106918238997,0.519320754716981,0.068352741745283,0.06273044418238993,0.047766067216980956,128,159,0.4924175104288333,0.4488050314465406,67.21254355400697,287,23
756,756.0,0.45008593750000003,0.40865625,0.47409375,0.46368553459119494,0.41547169811320755,0.4848050314465408,0.007832937927246094,0.007749834960937501,0.0095365849609375,0.009097498595783394,0.008763922154978048,0.009009842490407816,0.5147421383647799,0.471867924528302,0.5236666666666667,0.06465620086477986,0.06321167452830201,0.049572916666666744,128,159,0.4829362776114581,0.46767295597484243,67.89547038327527,287,21
757,757.0,0.4501774193548386,0.40922580645161283,0.47469354838709676,0.46046103896103896,0.4165714285714286,0.4857272727272727,0.007014387877211237,0.00790588449531738,0.009421228668054114,0.008564923806712768,0.008716283858998145,0.008869003541912633,0.5140584415584415,0.4716233766233766,0.5310389610389611,0.06388102220360287,0.06239757017176378,0.056345412651864324,124,154,0.47099176868004605,0.4637662337662334,67.0179856115108,278,26
758,758.0,0.4484453125,0.409484375,0.4742734375,0.45977419354838717,0.4167741935483871,0.487458064516129,0.007055887634277344,0.008001234130859375,0.009694198669433593,0.008428819979188346,0.008323697398543184,0.008804854693028096,0.5089935483870968,0.47845806451612904,0.527083870967742,0.060548235887096735,0.06897368951612903,0.052810433467742,128,155,0.4626054041128278,0.4822580645161287,67.26855123674912,283,22
759,759.0,0.4528421052631579,0.40578195488721813,0.4777894736842105,0.4582987012987013,0.4202532467532467,0.48860389610389615,0.007038057776018994,0.0076817043360280415,0.009501549663632765,0.008183521167144544,0.00828491638556249,0.008749317127677516,0.5084285714285715,0.484922077922078,0.5281623376623376,0.05558646616541357,0.07914012303485984,0.05037286397812707,133,154,0.4738090489198538,0.4490909090909087,66.62020905923345,287,27
760,760.0,0.4537611940298507,0.4057910447761194,0.48135074626865676,0.45913461538461536,0.4183141025641026,0.48907692307692313,0.006993510135887725,0.0073842697705502345,0.009518556081532634,0.008114898545364891,0.008336176980604865,0.008634968441814595,0.5101858974358974,0.4859871794871795,0.523474358974359,0.05642470340604666,0.08019613471106013,0.04212361270570225,134,156,0.4760352527998711,0.4711538461538458,66.92068965517241,290,19
761,761.0,0.45418978102189783,0.40718248175182487,0.4812554744525548,0.45481012658227854,0.42089873417721524,0.4890822784810126,0.007384036975864457,0.0074261345836219295,0.008780555170760295,0.007676976606313091,0.008402382150296428,0.008297607154302195,0.5109050632911393,0.4860189873417721,0.5254113924050634,0.05671528226924144,0.07883650558994726,0.044155917952508617,137,158,0.4786373638591254,0.45341772151898696,66.75593220338983,295,21
762,762.0,0.4548888888888889,0.4096296296296296,0.4806148148148148,0.450090909090909,0.4232,0.4884303030303031,0.007297283950617285,0.007456707270233198,0.009064236817558299,0.0075423371900826455,0.008292063030303031,0.008983348172635446,0.49933939393939386,0.4950909090909091,0.5242787878787879,0.04445050505050496,0.08546127946127946,0.04366397306397313,135,165,0.48647239879332016,0.42684848484848453,65.90666666666667,300,22
763,763.0,0.45509923664122137,0.41038167938931297,0.48333587786259535,0.4473473053892215,0.4229940119760478,0.4868982035928144,0.00743421152613484,0.007552816152904843,0.009155581842549967,0.007445807522679191,0.008528185592886085,0.009066139338090286,0.49042514970059886,0.505994011976048,0.5232994011976049,0.03532591305937749,0.09561233258673502,0.03996352333500952,131,167,0.4768787380774563,0.44640718562874215,65.5738255033557,298,22
764,764.0,0.45713953488372094,0.40998449612403104,0.4827131782945736,0.4455119047619047,0.4253571428571429,0.48104166666666665,0.007154042545520101,0.007686542395288745,0.009321413857340304,0.007526214143990929,0.008789158163265306,0.009166480406746032,0.4926488095238095,0.5161190476190476,0.5141488095238096,0.03550927464008857,0.10613455149501655,0.03143563122923598,129,168,0.47496493015274366,0.43404761904761874,64.85521885521885,297,25
765,765.0,0.46056910569105697,0.41092682926829266,0.48762601626016255,0.44603105590062114,0.4278260869565217,0.4808136645962733,0.006966960671557935,0.007991872694824511,0.009542624363804614,0.007369023880251534,0.008703435592762626,0.009258959067937195,0.48843478260869566,0.5204906832298136,0.5158260869565218,0.027865676917638693,0.10956385396152096,0.028200070696359214,123,161,0.46320047638944856,0.44689440993788787,64.07042253521126,284,26
766,766.0,0.4592066115702479,0.4085537190082644,0.48587603305785126,0.44691025641025633,0.4247115384615384,0.47944230769230767,0.007244758964551602,0.008447800833276417,0.009499711904924529,0.0070354919460881,0.00876444884122288,0.008848554363905326,0.4905064102564103,0.520224358974359,0.5118782051282051,0.031299798686162394,0.11167063996609461,0.02600217207035388,121,156,0.4765170631098216,0.44602564102564074,63.70397111913358,277,25
767,767.0,0.46085483870967736,0.40990322580645155,0.48813709677419354,0.4467935483870968,0.42441935483870974,0.4803870967741936,0.0072258660249739865,0.008377200312174817,0.010046295720603539,0.007105389635796046,0.008612553173777316,0.009088921123829344,0.48962580645161285,0.5166709677419355,0.5210064516129033,0.028770967741935494,0.106767741935484,0.03286935483870973,124,155,0.46701232317765917,0.4458709677419352,63.96415770609319,279,28
768,768.0,0.4594016393442623,0.4088360655737705,0.4888196721311475,0.44719375,0.42275,0.48086874999999996,0.007480584587476484,0.008215300994356358,0.010392016662187583,0.007102331210937502,0.00862645,0.009162489023437501,0.48492500000000005,0.5161749999999999,0.5277312500000001,0.025523360655737737,0.10733893442622944,0.038911577868852576,122,160,0.4678985939491962,0.45837499999999964,64.81560283687944,282,25
769,769.0,0.45964406779661016,0.4100847457627118,0.4870084745762711,0.44544025157232714,0.4237798742138365,0.4809874213836478,0.007124246193622522,0.00825589112324045,0.010031923656995118,0.007356498002452435,0.008410347771053362,0.00935610047070923,0.48018238993710693,0.5230880503144654,0.527566037735849,0.02053832214049678,0.11300330455175356,0.04055756315957787,118,159,0.48209318408613,0.46893081761006256,65.52346570397111,277,21
770,770.0,0.458034188034188,0.4144017094017094,0.4852136752136752,0.44476729559748424,0.42393710691823905,0.48172327044025165,0.007193520198699687,0.008160479655197603,0.01004729622324494,0.00748878232664847,0.008686914283453978,0.009329961156599818,0.4748805031446541,0.5224150943396226,0.5330062893081762,0.01684631511046608,0.10801338493791324,0.047792614094500974,117,159,0.47150372850982164,0.4725786163522009,65.81521739130434,276,25
771,771.0,0.46142016806722685,0.4159747899159663,0.4846638655462185,0.44486503067484656,0.4206871165644172,0.4760245398773007,0.007429100769719651,0.008204596003107127,0.009835819786738224,0.00744766276487636,0.009328313146900524,0.009499999397794423,0.47916564417177915,0.5196441717791411,0.5304417177914111,0.017745476104552294,0.10366938186317481,0.04577785224519265,119,163,0.4566761320894219,0.4829447852760734,66.0354609929078,282,22
772,772.0,0.46272033898305076,0.40966949152542376,0.4828050847457628,0.4430184049079754,0.41846012269938654,0.47516564417177914,0.0071613539931054265,0.008214322967538065,0.010015834889399599,0.007110729722609056,0.0092523711091874,0.009563352930106515,0.4764785276073619,0.5188343558282208,0.5261717791411042,0.013758188624311163,0.10916486430279704,0.043366694395341465,118,163,0.44852953459876116,0.47582822085889537,65.8540925266904,281,23
773,773.0,0.46424369747899163,0.41168907563025203,0.48303361344537815,0.4413006134969325,0.41874233128834354,0.47339263803680987,0.0071387053174210855,0.008340466351246382,0.009993763576018645,0.007302345214347548,0.009553405999473071,0.009368729270954872,0.47495092024539876,0.5243680981595092,0.5228834355828222,0.01070722276640712,0.11267902252925721,0.03984982213744409,119,163,0.43689867044335706,0.48785276073619604,66.20212765957447,282,22
774,774.0,0.4614621848739496,0.4130840336134454,0.4853949579831932,0.4460481927710842,0.4194939759036144,0.47228915662650606,0.00671500487253725,0.008252211425746772,0.009995751571216722,0.0070554555087821175,0.009688936710698216,0.009476916388445349,0.4894759036144579,0.5256024096385542,0.5111265060240965,0.028013718740508342,0.11251837602510878,0.025731548040903274,119,166,0.4348314668106336,0.4953614457831323,65.91228070175438,285,20
775,775.0,0.46206837606837603,0.4116923076923077,0.48362393162393164,0.4475443786982249,0.41906508875739645,0.4740532544378698,0.006488935495653444,0.008154948060486522,0.008757362846080793,0.00700257939147789,0.0095592797871223,0.009461008998284373,0.49273372781065083,0.5186863905325444,0.5106923076923077,0.030665351742274805,0.1069940828402367,0.027068376068376032,117,169,0.4621026666871362,0.4803550295857985,66.41608391608392,286,22
776,776.0,0.46473275862068963,0.41346551724137925,0.4852068965517241,0.4486951219512196,0.4181829268292683,0.47424390243902437,0.006680506168252081,0.008362438466111772,0.008430336504161712,0.00703098022010708,0.009792100684116598,0.009657684414039263,0.49617682926829265,0.515060975609756,0.5086280487804877,0.03144407064760302,0.1015954583683768,0.02342115222876362,116,164,0.4563991357773624,0.4943292682926827,66.49285714285715,280,22
777,777.0,0.4649565217391305,0.4123565217391305,0.4824,0.450171974522293,0.4187324840764331,0.4714394904458598,0.006887050283553873,0.00809447289224953,0.008437335652173914,0.007323976794190434,0.009981979390644652,0.00973445016024991,0.4973503184713376,0.5172420382165606,0.505968152866242,0.0323937967322071,0.10488551647743005,0.023568152866241976,115,157,0.46305006011147865,0.5033121019108276,66.86029411764706,272,20
778,778.0,0.4622368421052631,0.41075438596491226,0.48641228070175446,0.44894267515923575,0.4188471337579617,0.4708471337579618,0.00671833864265928,0.00813911511234226,0.008361031779008928,0.0076216336565377895,0.009322409752931153,0.00984195115420504,0.49569426751592355,0.5149745222929937,0.5115031847133759,0.033457425410660435,0.10422013632808141,0.025090904011621395,114,157,0.4637956887014722,0.5233121019108277,66.57564575645756,271,18
779,779.0,0.46499099099099095,0.40782882882882876,0.4861171171171172,0.45211612903225806,0.4162516129032258,0.47140000000000004,0.006609360279198118,0.008096970700430162,0.008208553851148449,0.007439818772112384,0.00897635604578564,0.010128381935483871,0.5002258064516129,0.5096774193548387,0.5047290322580644,0.035234815460621904,0.10184859052600992,0.018611915140947233,111,155,0.45844851546518434,0.5300645161290319,66.32706766917293,266,19
780,780.0,0.4656695652173914,0.4059043478260869,0.4802434782608696,0.4546225165562914,0.41428476821192056,0.4700596026490067,0.0075270386389414,0.007988608241965975,0.008543992892249528,0.007386764791017938,0.008898534801105216,0.009713870619709663,0.5085430463576158,0.5082185430463577,0.5040596026490066,0.042873481140224434,0.1023141952202708,0.023816124388137017,115,151,0.4683578836334541,0.534304635761589,66.57518796992481,266,18
781,781.0,0.46684070796460175,0.40555752212389384,0.47658407079646026,0.4573333333333333,0.41357051282051277,0.4709551282051282,0.00790101887383507,0.008076140496514997,0.00880034912679145,0.007437286324786326,0.008596514258711375,0.009451119781393819,0.5178461538461538,0.5009679487179487,0.507474358974359,0.05100544588155209,0.09541042659405485,0.03089028817789874,113,156,0.4629025203666098,0.5241666666666663,67.635687732342,269,23
782,782.0,0.4746666666666667,0.4038245614035087,0.4752280701754386,0.4575875,0.4123750000000001,0.47487500000000005,0.0077382748538011685,0.007758021852877809,0.009591228685749463,0.00750314234375,0.007919596875,0.009020734375000002,0.518475,0.49276875000000003,0.5097250000000001,0.04380833333333334,0.08894418859649134,0.034496929824561484,114,160,0.447182401586569,0.5319374999999997,68.17153284671532,274,22
783,783.0,0.47401754385964917,0.41040350877192977,0.47583333333333333,0.45918749999999997,0.41373750000000004,0.47551250000000006,0.007900806709756849,0.00754553893505694,0.009599489766081873,0.0074947898437499995,0.00792243109375,0.008974749843750001,0.5215687499999999,0.4950875,0.5088,0.047551206140350744,0.08468399122807024,0.0329666666666667,114,160,0.43797076770169,0.5298749999999997,68.41240875912409,274,23
784,784.0,0.47455855855855855,0.41127027027027024,0.47545945945945944,0.45932098765432106,0.4144876543209876,0.47524074074074074,0.00788779612044477,0.007684845872899929,0.009840392500608716,0.00792124264593812,0.007768916514250877,0.008760009945130315,0.5243765432098765,0.49487037037037046,0.5115679012345679,0.049817984651317926,0.08360010010010022,0.03610844177510841,111,162,0.42786337521895995,0.5543209876543207,68.58241758241758,273,19
785,785.0,0.47842727272727276,0.4078545454545456,0.47258181818181827,0.46,0.41275151515151515,0.4739636363636364,0.007825971983471075,0.007912669752066117,0.00962409785123967,0.008239527272727273,0.007826974618916436,0.008719332011019284,0.5334424242424243,0.4875757575757575,0.5131030303030304,0.05501515151515152,0.07972121212121192,0.040521212121212125,110,165,0.43046919133937456,0.5485454545454543,69.18909090909091,275,20
786,786.0,0.4752777777777779,0.40066666666666667,0.4744907407407407,0.4628475609756098,0.4105487804878048,0.47199390243902445,0.007742608024691357,0.00738264814814815,0.009522490655006861,0.008503690176977989,0.00786584518143962,0.00864945727989292,0.5381768292682927,0.4870426829268293,0.5044146341463414,0.06289905149051478,0.08637601626016261,0.029923893405600643,108,164,0.43075323820647315,0.5601219512195118,68.84926470588235,272,21
787,787.0,0.47446788990825695,0.39867889908256876,0.4722660550458715,0.462725,0.40726874999999996,0.47526875,0.008461037959767697,0.007362603316219175,0.009389626462418988,0.007845411875,0.0077939465234375,0.0085202590234375,0.54198125,0.47450000000000003,0.50670625,0.06751336009174302,0.07582110091743127,0.034440194954128533,109,160,0.450933239524396,0.5429999999999996,67.95539033457248,269,26
788,788.0,0.47207272727272737,0.39927272727272733,0.47279999999999994,0.4630251572327045,0.4073207547169811,0.47322012578616346,0.008794321983471074,0.007461107438016529,0.009482032727272726,0.007722452197302322,0.0076081172421977,0.008793756576084808,0.545937106918239,0.47265408805031456,0.5048616352201257,0.07386437964551168,0.07338136077758722,0.032061635220125784,110,159,0.4462899725530317,0.5560377358490562,69.14126394052045,269,26
789,789.0,0.4667870370370371,0.40025925925925926,0.47283333333333327,0.46507453416149064,0.40727329192546585,0.4751366459627329,0.008594908350480109,0.007339784636488339,0.00913299074074074,0.007431062767640137,0.007603875622082481,0.008685124185023728,0.5519316770186335,0.4708447204968944,0.49991925465838505,0.08514463998159644,0.07058546123763515,0.027085921325051776,108,161,0.4313031987027575,0.5644720496894406,68.21933085501858,269,27
790,790.0,0.4663921568627451,0.39867647058823535,0.47585294117647053,0.46523125,0.4053999999999999,0.47343124999999997,0.008733454056132255,0.006999022779700116,0.009623772491349481,0.0074463527734375005,0.0074172025,0.008595107773437501,0.559525,0.4726875,0.4978937500000001,0.09313284313725495,0.07401102941176463,0.022040808823529545,102,160,0.4424428726216956,0.5599374999999996,67.80916030534351,262,30
791,791.0,0.4665533980582523,0.39314563106796124,0.4770679611650485,0.46556790123456787,0.40545679012345676,0.4744259259259259,0.009045800546705627,0.0061196584032425306,0.009143869167687816,0.00761701082152111,0.007131137021795459,0.008431861796982167,0.5623888888888889,0.4712654320987654,0.5057530864197531,0.09583549083063664,0.07811980103080418,0.028685125254704624,103,162,0.4494292049019828,0.562654320987654,67.73962264150943,265,27
792,792.0,0.46447169811320754,0.39105660377358487,0.4797641509433962,0.4664727272727272,0.4068,0.4749818181818181,0.00858140014239943,0.006122581701673194,0.008542048148807404,0.007873497741046833,0.0071444509090909086,0.008336757245179065,0.5599393939393941,0.47587878787878785,0.5093272727272726,0.09546769582618653,0.08482218410520298,0.029563121783876434,106,165,0.42530075799772743,0.5718787878787875,67.43911439114392,271,24
793,793.0,0.4654339622641509,0.39178301886792455,0.47960377358490575,0.4666626506024097,0.40542168674698786,0.4741686746987951,0.008847924884300461,0.005882207636169455,0.008700673193307229,0.007822524749600811,0.007260460734504282,0.008369790825954421,0.5591265060240964,0.47353012048192766,0.5087710843373493,0.09369254375994551,0.08174710161400311,0.029167310752443554,106,166,0.434309186082589,0.5531927710843371,67.52573529411765,272,28
794,794.0,0.4638878504672897,0.3940373831775701,0.4792616822429906,0.46471597633136097,0.4049408284023669,0.4716331360946745,0.008429034151454278,0.006069325705301775,0.009019109092497162,0.007609587969608908,0.007261357445467597,0.008520090262945977,0.5470355029585799,0.47714792899408287,0.5041360946745562,0.08314765249129025,0.08311054581651278,0.02487441243156563,107,169,0.4478257967851822,0.5408284023668635,67.32971014492753,276,27
795,795.0,0.46616964285714285,0.39139285714285715,0.4762589285714286,0.46166857142857143,0.4046571428571428,0.4706742857142857,0.008628855149872449,0.006400274234693879,0.00960954902742347,0.00760318158367347,0.007279151020408163,0.008732779624489796,0.5332114285714287,0.47705714285714285,0.5019085714285715,0.06704178571428582,0.08566428571428569,0.025649642857142885,112,175,0.4593348475107883,0.5299428571428568,66.86759581881533,287,23
796,796.0,0.46351785714285715,0.3914553571428572,0.4742321428571429,0.46122598870056497,0.406225988700565,0.4737966101694915,0.008803785395408163,0.006706444435586734,0.010606856823979592,0.0073480280251524135,0.007348220115547895,0.009031054677774587,0.5238757062146893,0.48299999999999993,0.5036949152542373,0.060357849071832115,0.09154464285714276,0.029462772397094383,112,177,0.4605391654609386,0.5332203389830505,67.03460207612457,289,22
797,797.0,0.4618125,0.39335714285714285,0.4756517857142857,0.4594971428571429,0.4085257142857142,0.4717942857142858,0.008631652343749999,0.006728176020408163,0.010003887675382654,0.007230592848979592,0.00770010076734694,0.008905934824489797,0.5171657142857142,0.48482857142857144,0.5095657142857143,0.055353214285714214,0.09147142857142859,0.03391392857142861,112,175,0.4683568601208021,0.5318857142857141,66.60627177700349,287,22
798,798.0,0.46168807339449547,0.3923394495412845,0.4754587155963303,0.45938251366120214,0.4064754098360655,0.47273224043715856,0.008441994444912043,0.006771930645568555,0.010250101506607188,0.007144334557615934,0.007685713876198158,0.008721321747439458,0.5239016393442623,0.4830109289617487,0.5081147540983606,0.06221356594976679,0.09067147942046416,0.032656038502030305,109,183,0.47716066793275835,0.5293989071038248,66.75,292,19
799,799.0,0.4614324324324325,0.3905945945945947,0.47540540540540543,0.4590537634408603,0.4055268817204301,0.47472580645161294,0.008882407596785977,0.006772637448259071,0.010132817628439249,0.007264534743901029,0.008045765406405366,0.008657768903919527,0.523741935483871,0.4774032258064516,0.5054301075268818,0.062309503051438564,0.08680863121185689,0.030024702121476343,111,186,0.47073480126641826,0.5284408602150534,66.21212121212122,297,17
800,800.0,0.461353982300885,0.3912300884955752,0.4750265486725664,0.4578900523560209,0.40646073298429325,0.4727853403141362,0.008694175581486413,0.006700796616806328,0.010123831153575064,0.006882349168060086,0.008382185630876346,0.008751833502371097,0.5245130890052356,0.4774921465968586,0.49860732984293193,0.06315910670435065,0.0862620581012834,0.02358078117036555,113,191,0.4608755369635449,0.5132984293193715,65.7532894736842,304,21
801,801.0,0.4601764705882353,0.39105882352941174,0.4726134453781513,0.4565025641025641,0.4060102564102564,0.47262564102564103,0.00861582600098863,0.006652475531389027,0.01005729595367559,0.0067969884549638395,0.008489722971729126,0.008730747034845499,0.5267589743589743,0.4766615384615385,0.4898923076923077,0.06658250377073904,0.08560271493212679,0.017278862314156374,119,195,0.4483524218116863,0.5097948717948716,66.17834394904459,314,19
802,802.0,0.4600909090909091,0.3899338842975206,0.47128925619834705,0.4557474226804124,0.40571134020618554,0.47249484536082476,0.00860180165289256,0.006961830339457688,0.010266602281264943,0.006900126926347114,0.00839559708789457,0.008778208736316292,0.529979381443299,0.4773092783505154,0.4845515463917526,0.06988847235238993,0.08737539405299477,0.013262290193405524,121,194,0.4519753333269408,0.4951546391752574,66.84444444444445,315,23
803,803.0,0.4594032258064516,0.393766129032258,0.47375806451612906,0.4507727272727272,0.4081363636363637,0.4716363636363636,0.008441030957336107,0.006413808207596254,0.00987773178980229,0.007008680670339762,0.008262319788797061,0.00860923140495868,0.5246414141414141,0.47928282828282825,0.4837676767676768,0.06523818833496248,0.08551669925057026,0.010009612251547728,124,198,0.4542559233096415,0.4871717171717169,66.98136645962732,322,22
804,804.0,0.45764,0.39771999999999996,0.474936,0.44776020408163264,0.40973469387755096,0.4700561224489796,0.008713110399999998,0.006596857599999999,0.009621115904000001,0.006838182293835901,0.00828411328613078,0.008902410115576843,0.5200102040816327,0.4796173469387755,0.48853571428571435,0.062370204081632685,0.08189734693877554,0.013599714285714326,125,196,0.45302214274632086,0.4931632653061222,66.5607476635514,321,20
805,805.0,0.454064,0.399464,0.476816,0.44789447236180907,0.4112914572864322,0.47019095477386935,0.008503211903999998,0.006675432703999999,0.009050166143999998,0.006878777808641196,0.008166859776268277,0.00906703891315876,0.5192613065326633,0.4835778894472362,0.4896532663316583,0.06519730653266331,0.08411388944723619,0.01283726633165827,125,199,0.4546599214300421,0.48668341708542684,66.57098765432099,324,21
806,806.0,0.45300799999999997,0.399656,0.475304,0.4484522613065327,0.41196984924623115,0.47001507537688436,0.008527063935999998,0.007100577664,0.009152067584000001,0.006887604504936745,0.007988169945203403,0.009305180677255626,0.5182663316582915,0.49028643216080403,0.49085929648241206,0.06525833165829154,0.09063043216080402,0.015555296482412051,125,199,0.4548034262012437,0.4815577889447234,66.29629629629629,324,21
807,807.0,0.45203100775193794,0.3984961240310078,0.4740077519379845,0.447296875,0.4111354166666667,0.4695833333333333,0.008046107565651103,0.007363738357069887,0.008788798389519861,0.007048156656901043,0.008024939995659723,0.00928276388888889,0.5152552083333334,0.4916822916666667,0.4879114583333333,0.06322420058139544,0.0931861676356589,0.013903706395348825,129,192,0.46593159948631674,0.47786458333333304,65.81308411214954,321,20
808,808.0,0.4512755905511811,0.40191338582677166,0.4746850393700787,0.44604145077720214,0.41122279792746114,0.47110362694300517,0.008063128774257548,0.007018756277512556,0.008505097650195302,0.006919324706703536,0.00805356176004725,0.009242984080109535,0.5095958549222798,0.48909844559585486,0.49329015544041455,0.05832026437109866,0.0871850597690832,0.018605116070335825,127,193,0.47019918098321417,0.4720207253886008,65.925,320,23
809,809.0,0.4539047619047619,0.4043730158730159,0.47449206349206347,0.4466424870466322,0.41165803108808285,0.47301554404145085,0.007715149659863947,0.006882138636936256,0.008577361048122954,0.006913141614539989,0.008123997046900588,0.009169569706569304,0.5089844559585492,0.4858445595854922,0.4997875647668394,0.05507969405378732,0.08147154371247634,0.025295501274775922,126,193,0.4623171026043834,0.48362694300518105,66.10344827586206,319,19
810,810.0,0.4513739837398374,0.4029105691056911,0.47497560975609754,0.4453281250000001,0.413375,0.47638541666666673,0.007286445502015996,0.0068584066362614845,0.00855067420186397,0.006887980875651042,0.008080286458333334,0.009393226453993056,0.501921875,0.4898385416666666,0.505390625,0.05054789126016257,0.08692797256097551,0.030415015243902443,123,192,0.47494377471995974,0.4795312499999997,66.48253968253968,315,18
811,811.0,0.4528828125,0.4036484375,0.47825000000000006,0.4440471204188481,0.4140680628272251,0.4773560209424083,0.007157681579589844,0.006699368591308593,0.00877903125,0.0068992805021792164,0.008174325210383488,0.009159119322386996,0.49616753926701573,0.49193717277486915,0.5101099476439791,0.043284726767015724,0.08828873527486913,0.031859947643979036,128,191,0.4710474261396503,0.4676439790575913,66.58934169278997,319,22
812,812.0,0.45415625,0.404,0.4791171875,0.44328645833333336,0.41403645833333336,0.4779583333333333,0.0071515849609375005,0.0066053593750000006,0.008534462829589844,0.006813329399956598,0.008152733045789931,0.00876881076388889,0.498109375,0.4960625,0.5199375,0.04395312500000004,0.09206249999999999,0.04082031250000007,128,192,0.45994983722448524,0.47463541666666637,67.35,320,23
813,813.0,0.4493937007874016,0.4026771653543308,0.48080314960629916,0.4448315789473684,0.41510526315789475,0.4782842105263158,0.00689228594457189,0.0065588170376340744,0.008020851013702028,0.006963424265927979,0.008184915235457065,0.008766045540166204,0.5039631578947368,0.49480526315789475,0.525257894736842,0.054569457107335184,0.09212809780356396,0.04445474513054287,127,190,0.4717785433028269,0.47415789473684183,67.74132492113564,317,25
814,814.0,0.4527380952380954,0.40550793650793654,0.4800714285714285,0.4459462365591398,0.41387096774193544,0.47758602150537627,0.00710273299319728,0.006642186444948351,0.008214082199546485,0.007487319690137588,0.008085875823794659,0.008969199589547925,0.5053440860215054,0.4925913978494624,0.5266720430107527,0.052605990783409995,0.08708346134152584,0.04660061443932417,126,186,0.4765423892476064,0.4717741935483868,67.8076923076923,312,26
815,815.0,0.45625781249999997,0.40100781250000006,0.4811484375,0.4479526315789473,0.4129736842105263,0.4755736842105263,0.006606628845214844,0.006400601501464844,0.008219829528808596,0.007687129335180056,0.008150825623268698,0.00911283404432133,0.5066789473684211,0.5006,0.5220210526315789,0.05042113486842115,0.09959218749999998,0.040872615131578915,128,190,0.4934006439397437,0.46784210526315767,67.20440251572327,318,22
816,816.0,0.45710852713178296,0.40187596899224803,0.4776434108527131,0.4490456852791879,0.41304568527918784,0.4762284263959391,0.00693611225286942,0.006309953608557179,0.00894816741782345,0.007905871009301967,0.008010967456002474,0.009085942745239507,0.5034923857868021,0.5005177664974619,0.5289543147208122,0.04638385865501915,0.0986417975052139,0.05131090386809911,129,197,0.47507024335724973,0.46649746192893377,67.09815950920246,326,22
817,817.0,0.4585839416058395,0.40116058394160586,0.4765985401459854,0.45136224489795923,0.4152704081632653,0.4777602040816326,0.0071240531727849105,0.006508820928126165,0.009024138100058606,0.008141128982715535,0.007688350348812996,0.009121131273427738,0.509530612244898,0.49526530612244885,0.5374540816326531,0.050946670639058556,0.09410472218084298,0.060855541486667664,137,196,0.4782409548115502,0.4483673469387753,66.26126126126127,333,23
818,818.0,0.4603169014084508,0.40199295774647886,0.47819718309859155,0.45269,0.416935,0.47762,0.007366469996032533,0.006582739387026383,0.008723890696290417,0.008287883900000001,0.007415950775,0.009043215600000001,0.513505,0.50155,0.5379449999999999,0.053188098591549215,0.09955704225352119,0.059747816901408346,142,200,0.46475916894349645,0.4471999999999997,65.70760233918129,342,22
819,819.0,0.4594125874125874,0.40338461538461534,0.4778951048951049,0.4537064676616915,0.41764676616915425,0.4769701492537313,0.007410396205193406,0.0068788520710059186,0.008668555430583402,0.008318993440756416,0.007332377713422936,0.009027372243261306,0.5079651741293533,0.5055223880597015,0.5350398009950249,0.04855258671676588,0.10213777267508617,0.05714469609992001,143,201,0.4588229306995666,0.4542786069651738,65.40697674418605,344,19
820,820.0,0.46121768707482996,0.4058095238095238,0.47492517006802726,0.45637198067632845,0.4169178743961352,0.4758840579710145,0.007315367578323847,0.00722132426303855,0.008815810727011895,0.008299537958878854,0.007273070550071181,0.00919218945599664,0.515256038647343,0.4939082125603864,0.5342850241545894,0.05403835157251308,0.08809868875086263,0.05935985408656219,147,207,0.43225929607451585,0.45231884057970984,65.20338983050847,354,19
821,821.0,0.4620198675496689,0.405907284768212,0.4721721854304636,0.4597281553398059,0.41668932038834955,0.4756650485436893,0.0074598605324327875,0.007166931801236787,0.00884819551774045,0.008263906683004996,0.007140340371382789,0.009183999458007354,0.5191650485436894,0.4882912621359224,0.532247572815534,0.057145180994020495,0.08238397736771041,0.060075387385070456,151,206,0.4096379806843665,0.45009708737864057,65.6218487394958,357,17
822,822.0,0.46163924050632915,0.4049620253164557,0.473626582278481,0.4602926829268293,0.41760487804878055,0.4741073170731708,0.00764581289056241,0.007068352988303156,0.009087752964268546,0.008159767995240928,0.007167907293277812,0.00893653482450922,0.5253073170731708,0.4877073170731708,0.5256439024390244,0.06366807656684165,0.08274529175671508,0.05201732016054339,158,205,0.4108600497704617,0.43692682926829246,65.82644628099173,363,19
823,823.0,0.4631935483870968,0.4070064516129032,0.4694774193548387,0.46035294117647063,0.41797058823529415,0.475593137254902,0.008226504474505722,0.006583903184183142,0.00941786239334027,0.008107444059976932,0.007147342272203,0.008756819756824298,0.5236813725490196,0.4881911764705883,0.5283529411764706,0.060487824161922776,0.08118472485768508,0.05887552182163186,155,204,0.42764504871414893,0.42813725490196053,65.35933147632312,359,19
824,824.0,0.46254605263157894,0.4053815789473684,0.46875657894736844,0.46067326732673264,0.41870297029702974,0.4751287128712871,0.008174247879155126,0.006793920186980609,0.009676973640927978,0.008139913047740416,0.007208446426820901,0.008671854720125478,0.5248465346534654,0.48699504950495043,0.5258118811881188,0.06230048202188648,0.081613470557582,0.057055302240750394,152,202,0.4309553614007301,0.43138613861386105,66.11299435028249,354,19
825,825.0,0.46431756756756754,0.40697297297297297,0.4667094594594595,0.462765306122449,0.41776020408163267,0.4741683673469388,0.007537527529218408,0.007054120891161432,0.00963423315376187,0.008105965326947105,0.007273008824448147,0.008298068591211996,0.5267091836734693,0.48564285714285715,0.5245306122448979,0.06239161610590177,0.07866988416988419,0.05782115278543842,148,196,0.42928549431975555,0.437755102040816,66.22383720930233,344,18
826,826.0,0.4658472222222222,0.4063541666666667,0.466375,0.4658989898989899,0.41744444444444445,0.47114141414141414,0.00766758777006173,0.007152506510416667,0.009317053819444443,0.008180929190898887,0.007559539842873178,0.008448313335373941,0.5231717171717172,0.4845555555555556,0.520520202020202,0.057324494949494986,0.07820138888888889,0.05414520202020201,144,198,0.44086756143042216,0.4090909090909088,65.84795321637426,342,17
827,827.0,0.4635664335664335,0.40664335664335666,0.46651748251748254,0.4661269035532995,0.41822842639593905,0.46895939086294414,0.007629000831336496,0.007126257420900779,0.009066249694361584,0.008170344301579532,0.007454957973665903,0.008213013579324384,0.528984771573604,0.48012182741116755,0.5109441624365482,0.0654183380071705,0.07347847076781089,0.044426679919065626,143,197,0.44374562440921017,0.4092893401015226,66.38823529411765,340,19
828,828.0,0.46453956834532373,0.40646043165467627,0.46930215827338134,0.4659054726368159,0.41720895522388063,0.4699203980099503,0.007719845556648208,0.007111226851612236,0.009035807980953367,0.008021757233731839,0.007170135442192026,0.008265406598846564,0.5318756218905473,0.4824278606965174,0.5086915422885572,0.06733605354522354,0.07596742904184112,0.03938938401517583,139,201,0.44115307557580286,0.3890049751243778,65.70588235294117,340,21
829,829.0,0.4657410071942446,0.4058057553956834,0.4686978417266187,0.4653316831683169,0.4158267326732673,0.469019801980198,0.00782483939754671,0.007127250038817866,0.009036383520521713,0.008006993946671894,0.007048598691304774,0.008124781786099402,0.5359207920792078,0.4802970297029702,0.5061237623762376,0.07017978488496324,0.0744912743072868,0.03742592064961886,139,202,0.42976463286491234,0.40089108910891064,65.56891495601172,341,17
830,830.0,0.4669574468085107,0.40415602836879433,0.4648510638297873,0.46568181818181825,0.4167525252525252,0.4666010101010101,0.008400636487098235,0.00674774870479352,0.009232878527237061,0.007884974517906337,0.007202408453219062,0.00801170444342414,0.5382323232323232,0.4758484848484848,0.4955505050505051,0.07127487642381247,0.07169245647969047,0.03069944122071777,141,198,0.4507666408947204,0.38555555555555526,64.62241887905604,339,20
831,831.0,0.46772857142857144,0.40622857142857144,0.46307142857142863,0.46440099009901,0.41862376237623766,0.46511881188118814,0.008456640612244899,0.006672690612244898,0.00909835204081633,0.007799913464366238,0.007068165375943535,0.008016055190667582,0.5402970297029702,0.48188613861386137,0.4888910891089109,0.07256845827439878,0.07565756718528993,0.025819660537482247,140,202,0.4451532176904628,0.386336633663366,64.5233918128655,342,19
832,832.0,0.46884615384615397,0.40828671328671323,0.4615454545454546,0.46360396039603957,0.4185346534653465,0.46516336633663363,0.008532535771920388,0.006702428285001712,0.009059422759059124,0.007398318400156847,0.007120446818939321,0.007825592123321243,0.5414158415841585,0.4781435643564357,0.48970792079207925,0.07256968773800448,0.06985685106972245,0.028162466246624662,143,202,0.4492864875591121,0.3747524752475245,64.47246376811594,345,18
833,833.0,0.4674184397163121,0.40571631205673764,0.46317021276595755,0.46539500000000006,0.41779000000000005,0.46663000000000004,0.00856386036919672,0.006504302499874252,0.008238325637543384,0.0073898089749999995,0.006831295900000001,0.0077088530999999995,0.544555,0.478735,0.4842,0.07713656028368793,0.07301868794326238,0.021029787234042474,141,200,0.4537484829823474,0.36799999999999966,64.71260997067449,341,19
834,834.0,0.46525185185185186,0.40452592592592596,0.4626148148148148,0.46393846153846147,0.4160923076923077,0.4663333333333333,0.008941136570644718,0.005784012290809327,0.008192710891632374,0.0069128782642998024,0.00687442224852071,0.007729206837606837,0.5478153846153847,0.47977435897435894,0.4699025641025641,0.08256353276353284,0.07524843304843298,0.007287749287749279,135,195,0.43571716966950763,0.3835384615384612,64.66363636363636,330,23
835,835.0,0.46268702290076336,0.40185496183206104,0.4653282442748091,0.4641978609625668,0.4150909090909092,0.4639786096256685,0.008124062350678866,0.0059655438494260245,0.008560174698444147,0.006912105236066231,0.006928456976178901,0.007770780291114988,0.5536737967914438,0.4769251336898396,0.46686631016042784,0.09098677389068044,0.07507017185777853,0.0015380658856187224,131,187,0.4616116256859059,0.395133689839572,64.67924528301887,318,20
836,836.0,0.46206349206349207,0.4014444444444445,0.4675,0.4642732240437158,0.41219125683060115,0.46550819672131155,0.007461757873519779,0.005789389770723105,0.008392392857142859,0.00664348819015199,0.006623586371644422,0.0078583482934695,0.5503825136612022,0.4714153005464481,0.47201092896174873,0.0883190215977101,0.0699708561020036,0.004510928961748706,126,183,0.4560588173941693,0.41065573770491776,64.86731391585761,309,21
837,837.0,0.45891200000000004,0.40128,0.4679999999999999,0.4665730337078651,0.4129550561797753,0.4651067415730337,0.007643744256,0.005730009599999999,0.008127744,0.006775783991920211,0.006733874384547406,0.007922196471405126,0.5553314606741573,0.47516853932584263,0.4712134831460674,0.09641946067415724,0.0738885393258426,0.0032134831460675084,125,178,0.46578985220200964,0.4178651685393255,65.3003300330033,303,18
838,838.0,0.4602520325203252,0.40164227642276423,0.4689918699186992,0.46567630057803466,0.41294219653179204,0.4672601156069365,0.007996383634080244,0.005954083415956111,0.007769650340405844,0.0067265194961408665,0.00634495619633132,0.00757858551906178,0.5499248554913295,0.48052601156069363,0.47319075144508665,0.08967282297100432,0.0788837351379294,0.004198881526387477,123,173,0.4619282906599171,0.43358381502890136,65.72635135135135,296,19
839,839.0,0.4651056910569106,0.39915447154471545,0.4664878048780488,0.4655568862275449,0.41160479041916176,0.4654011976047905,0.00807227338224602,0.0054881631304117915,0.008004883997620463,0.006643755745993044,0.006406837821363262,0.007336719280002869,0.5521137724550899,0.48365868263473055,0.4713473053892216,0.08700808139817928,0.0845042110900151,0.004859500511172787,123,167,0.48759952568479165,0.43011976047904155,64.96551724137932,290,18
840,840.0,0.4648015873015873,0.3983809523809525,0.4701349206349207,0.46867878787878786,0.40993333333333337,0.4657272727272727,0.007935349521289997,0.00541014058956916,0.00799851354245402,0.006915151368227733,0.006574001616161617,0.0075172165289256205,0.5533878787878788,0.48472121212121205,0.4710484848484848,0.08858629148629144,0.08634025974025955,0.0009135642135641442,126,165,0.4768883298515366,0.4438181818181815,65.91065292096219,291,18
841,841.0,0.46741860465116275,0.4005736434108528,0.4742093023255814,0.46569620253164556,0.41015189873417723,0.46898101265822795,0.008763886785649901,0.005132864731686797,0.007412475572381468,0.007060211504566575,0.006744128825508734,0.007683689512898575,0.5382341772151898,0.49271518987341767,0.4775632911392405,0.0708155725640271,0.0921415464625649,0.0033539888136591145,129,158,0.4770001953110757,0.43468354430379713,65.39372822299651,287,17
842,842.0,0.46976422764227654,0.40040650406504064,0.4747723577235773,0.46349367088607596,0.4100063291139241,0.4685759493670887,0.008620033842289642,0.004926631502412585,0.007620696146473658,0.007286199327030925,0.0067586265422208,0.007749218915237943,0.5331898734177215,0.4946898734177215,0.4755253164556962,0.06342564577544496,0.09428336935268089,0.0007529587321188913,123,158,0.45822463045142303,0.4345569620253162,65.69395017793595,281,20
843,843.0,0.4698235294117648,0.4000252100840336,0.4776302521008405,0.4622692307692308,0.41053205128205134,0.47044871794871806,0.008963439446366782,0.004925083398065106,0.007502048160440646,0.007524671104536491,0.006756889998356346,0.007578414036817882,0.5263525641025643,0.49796794871794875,0.47962820512820514,0.05652903469079945,0.09794273863391517,0.001997953027364663,119,156,0.4618253754082322,0.4389743589743587,65.89454545454545,275,22
844,844.0,0.4693114754098361,0.4034754098360656,0.47842622950819674,0.46050326797385627,0.40955555555555556,0.47011764705882353,0.009274542327331365,0.005015118247782855,0.007503424885783391,0.007341870904353026,0.007022965867828613,0.007799894655901577,0.5237320261437909,0.505686274509804,0.47809150326797384,0.0544205507339548,0.10221086467373836,0.00033472624022290454,122,153,0.4823125877677621,0.4466013071895422,66.08363636363636,275,18
845,845.0,0.4676129032258065,0.4014193548387097,0.4800241935483871,0.4598456375838926,0.4096442953020134,0.4711744966442953,0.009054043704474504,0.0051515660770031215,0.007317894575962539,0.007283835232647177,0.007203638574838973,0.007912600423404352,0.5139731543624162,0.50751677852349,0.48421476510067113,0.04636025113660969,0.10609742368478026,0.004190571552284028,124,149,0.4809026747082289,0.4588590604026842,66.89377289377289,273,17
846,846.0,0.46653600000000006,0.40315200000000007,0.47990399999999994,0.46145890410958906,0.4100890410958904,0.471890410958904,0.008697544704000002,0.005145808895999999,0.007293142783999999,0.0072890976261962845,0.007176752345655846,0.008059672921748922,0.5046575342465753,0.508445205479452,0.48928082191780825,0.03812153424657527,0.10529320547945198,0.009376821917808309,125,146,0.46806744983352977,0.4572602739726024,66.87453874538745,271,22
847,847.0,0.4658064516129033,0.40407258064516133,0.48043548387096774,0.4604855072463768,0.409304347826087,0.4721159420289855,0.00870115608740895,0.005081373764308013,0.007316649063475546,0.0073066845725687874,0.007386733459357279,0.008032667716866204,0.5053115942028986,0.5029565217391305,0.48740579710144927,0.03950514258999532,0.0988839410939692,0.0069703132304815285,124,138,0.4589337381357324,0.493333333333333,67.41603053435115,262,19
848,848.0,0.46608264462809923,0.40407438016528924,0.47966115702479334,0.4595373134328358,0.408910447761194,0.4758805970149253,0.008325497302096852,0.005308366368417457,0.007284240557338979,0.007144218756961461,0.0069482904878592116,0.007663926041434618,0.5087014925373134,0.4970223880597015,0.4929328358208955,0.04261884790921422,0.09294800789441227,0.013271678796102138,121,134,0.4680865022168535,0.4989552238805966,66.96078431372548,255,18
849,849.0,0.46791452991453,0.4050512820512821,0.4780170940170941,0.46099248120300745,0.4076691729323308,0.4773533834586466,0.008436898677770473,0.005177399079552924,0.007159333041127914,0.007410293176550398,0.0067228228842783665,0.007887476623890553,0.5146090225563911,0.49291729323308275,0.4909022556390978,0.046694492641861096,0.08786601118180065,0.012885161622003705,117,133,0.4701559038888209,0.5084962406015033,67.112,250,23
850,850.0,0.46896491228070186,0.4038684210526316,0.474078947368421,0.45686666666666664,0.4087555555555556,0.47643703703703694,0.008513226839027393,0.0051876230378578025,0.007474528855032317,0.007890604444444444,0.006836747654320989,0.00782152010973937,0.5149185185185186,0.4951037037037038,0.4846444444444444,0.04595360623781669,0.09123528265107222,0.010565497076023389,114,135,0.4657410675439787,0.5071851851851847,66.95582329317268,249,27
851,851.0,0.46617699115044253,0.40258407079646014,0.47438938053097346,0.45680882352941177,0.4088308823529412,0.47641176470588237,0.008467420001566294,0.005202543817056935,0.007540627143864045,0.007992478157439448,0.0070088611051038075,0.008087418685121106,0.5180073529411765,0.4977132352941176,0.4826544117647059,0.05183036179073397,0.09512916449765746,0.008265031233732456,113,136,0.4654406767868282,0.527647058823529,66.34538152610442,249,23
852,852.0,0.4674695652173913,0.4005217391304348,0.4779304347826087,0.45767407407407407,0.4074518518518518,0.4751407407407407,0.008573588204158789,0.005363936483931947,0.007602847334593572,0.007814412290809328,0.0077596847187928674,0.007931676488340193,0.5238592592592592,0.4922222222222222,0.47702962962962964,0.056389694041867944,0.09170048309178741,0.0009008051529790784,115,135,0.45466203843083464,0.5584444444444442,65.82,250,21
853,853.0,0.46598275862068966,0.40140517241379314,0.4780431034482759,0.45651798561151075,0.4084316546762589,0.4768273381294964,0.008725792806183115,0.0056650513525564805,0.007513265383472057,0.00805055183479116,0.00761618777495989,0.007792229180684231,0.5209568345323742,0.4914820143884892,0.4768992805755396,0.05497407591168452,0.09007684197469606,0.0011438228727362887,116,139,0.4412603323586869,0.5741726618705032,66.49803921568628,255,19
854,854.0,0.4619217391304348,0.4010695652173913,0.4757217391304347,0.45301398601398607,0.4073916083916083,0.4761258741258742,0.008347498223062383,0.005691038638941398,0.007336983440453686,0.008111817986209593,0.0077751893002102794,0.007941802337522617,0.5242447552447553,0.4905454545454545,0.4652447552447552,0.062323016114320506,0.08947588932806322,0.01047698388567947,115,143,0.4324239673376301,0.5779720279720276,66.65116279069767,258,19
855,855.0,0.4587327586206897,0.40208620689655167,0.47464655172413794,0.4505068493150685,0.40732876712328764,0.4753698630136986,0.008707592375148634,0.00581816498216409,0.007314763005350772,0.00823735954212798,0.008097289172452619,0.007840191968474386,0.5236027397260273,0.48339726027397256,0.4633630136986301,0.06486998110533765,0.0813110533774209,0.011283538025507855,116,146,0.42186393874491873,0.5689041095890407,67.37786259541984,262,24
856,856.0,0.45532142857142854,0.3994553571428572,0.47944642857142855,0.45219047619047614,0.4067278911564626,0.4755102040816327,0.007977485969387755,0.005894140864158163,0.007146425701530611,0.00807728344671202,0.008049912351335092,0.0077514471747882835,0.5328911564625851,0.4760544217687075,0.46580952380952384,0.07756972789115657,0.07659906462585031,0.013636904761904711,112,147,0.45363614667616164,0.5705442176870745,67.4054054054054,259,21
857,857.0,0.45680172413793096,0.3974396551724138,0.4801293103448276,0.4500198675496689,0.4074437086092716,0.47515894039735107,0.007875072755648038,0.005857332565398338,0.007249216037455409,0.008061079075479146,0.008241995175650193,0.0077476833472216134,0.533728476821192,0.479066225165563,0.4662384105960266,0.07692675268326099,0.08162656999314921,0.013890899748800978,116,151,0.45314957406864653,0.54205298013245,67.34831460674157,267,25
858,858.0,0.45554098360655737,0.3968606557377049,0.48121311475409834,0.4507631578947368,0.4078355263157895,0.4745855263157895,0.007746428648212846,0.006558218288094597,0.007620118516527815,0.008061259695290859,0.008091953211565098,0.007553203211565097,0.536342105263158,0.47794078947368424,0.4683157894736842,0.08080112165660058,0.08108013373597933,0.012897325280414151,122,152,0.4581183132965611,0.526052631578947,68.13868613138686,274,26
859,859.0,0.4532479338842975,0.39836363636363636,0.47638842975206613,0.4494121621621621,0.4073716216216216,0.4737837837837837,0.007727558363499762,0.006550115702479338,0.00796785738679052,0.008206850392622351,0.008155638924397373,0.007455034331628926,0.5385945945945945,0.46849324324324315,0.4711351351351351,0.08534666071029695,0.07012960687960679,0.005253294616931026,121,148,0.4692278469898405,0.5329729729729725,68.55762081784387,269,24
860,860.0,0.44816666666666666,0.3980416666666667,0.4761583333333333,0.4464055944055944,0.40832167832167837,0.47423776223776226,0.0070364722222222235,0.006518723263888889,0.007877683263888888,0.00834190542324808,0.008070455963616803,0.007635132280307105,0.5365664335664334,0.47429370629370626,0.4724195804195805,0.08839976689976675,0.07625203962703958,0.0037387529137528075,120,143,0.4664076487706819,0.5267832167832165,67.84790874524715,263,25
861,861.0,0.44713043478260867,0.39787826086956524,0.4786608695652175,0.4447323943661972,0.40775352112676055,0.47245774647887323,0.006929556899810964,0.0066781417013232515,0.00798643281663516,0.008145660781590954,0.008108678684784765,0.0075927693414005164,0.5317957746478872,0.4757676056338028,0.46707042253521136,0.08466533986527852,0.07788934476423759,0.011590447030006112,115,142,0.4845706165980328,0.521408450704225,68.23735408560312,257,26
862,862.0,0.4453716814159292,0.3977522123893805,0.47477876106194683,0.4468068965517242,0.40852413793103454,0.47314482758620685,0.006771083091863107,0.00658776161014958,0.007927871407314588,0.008485617883472057,0.008123463210463734,0.007580275576694413,0.5398827586206896,0.47212413793103447,0.4722689655172414,0.09451107720476037,0.07437192554165395,0.0025097955447054288,113,145,0.4845321035709171,0.524965517241379,67.52713178294573,258,24
863,863.0,0.4458571428571428,0.3897857142857143,0.4703214285714286,0.4470529801324503,0.40831788079470205,0.47329801324503307,0.006910533163265307,0.007101471938775509,0.00810764668367347,0.008510103153370465,0.007844296302793739,0.00744822244638393,0.5423377483443709,0.4710000000000001,0.4763708609271523,0.09648060548722809,0.0812142857142858,0.006049432355723694,112,151,0.4760688361005218,0.5300662251655627,66.81749049429658,263,22
864,864.0,0.44652777777777775,0.38839814814814816,0.46651851851851844,0.44850335570469796,0.4085637583892618,0.4748791946308725,0.006986360339506174,0.006946943329903977,0.008126879286694103,0.0084444915994775,0.007701722444934913,0.007620414936264133,0.5513087248322148,0.4661879194630872,0.4762147651006712,0.10478094705443708,0.07778977131493903,0.009696246582152734,108,149,0.4741154704654559,0.5546308724832212,67.04669260700389,257,19
865,865.0,0.44857009345794396,0.38655140186915893,0.4662149532710281,0.44730263157894745,0.40771052631578947,0.4734671052631579,0.006830413311206219,0.006750378198969343,0.008301495851166041,0.008506671572022161,0.0077225477839335185,0.007921933128462604,0.5474210526315789,0.4720592105263157,0.4788026315789473,0.09885095917363496,0.08550780865715679,0.012587678307919237,107,152,0.48104483477811844,0.5596710526315786,67.71428571428571,259,18
866,866.0,0.4452019230769231,0.3915384615384615,0.46487500000000004,0.4471830065359478,0.40488235294117647,0.4726339869281046,0.007130564996301775,0.007300940828402366,0.008541493990384615,0.008577587423640481,0.007949293348712035,0.007922990217437738,0.5489150326797386,0.4712875816993464,0.47846405228758176,0.10371310960281555,0.07974912016088492,0.013589052287581727,104,153,0.4735244837447923,0.5478431372549016,67.80544747081711,257,23
867,867.0,0.44736697247706414,0.3888348623853211,0.46166972477064216,0.44696710526315786,0.4036578947368421,0.4730723684210527,0.007047663496338692,0.0074988167662654644,0.008260349633869202,0.008585558128462602,0.008122856648199445,0.007620935552285318,0.5451842105263157,0.46730263157894736,0.48059868421052643,0.09781723804925158,0.07846776919362625,0.018928959439884263,109,152,0.4805587011405558,0.5474342105263154,68.57854406130268,261,23
868,868.0,0.4488070175438596,0.3877719298245614,0.4617192982456141,0.4484276315789474,0.4029342105263158,0.47453289473684207,0.007077471529701446,0.007344140966451215,0.008149166820560171,0.008515192131232687,0.00801833777700831,0.00794907786530471,0.5469934210526316,0.4635723684210526,0.4825065789473685,0.098186403508772,0.07580043859649122,0.020787280701754396,114,152,0.478850226884461,0.5305921052631576,68.45488721804512,266,25
869,869.0,0.45514782608695653,0.3860782608695652,0.4659652173913043,0.44914102564102565,0.4047884615384616,0.47453846153846146,0.007525482495274103,0.007413202570888468,0.007937146616257088,0.008420364727153188,0.008012820636094672,0.007805633136094676,0.549621794871795,0.46326282051282053,0.48372435897435895,0.09447396878483844,0.07718455964325532,0.01775914158305464,115,156,0.4915503167814696,0.523782051282051,67.56826568265683,271,21
870,870.0,0.45588000000000006,0.388144,0.4651759999999999,0.4504545454545455,0.4056883116883117,0.4708116883116883,0.008019465600000001,0.007527163264000001,0.007682017023999999,0.008764416765053129,0.0075825392140327205,0.007533243759487268,0.5540194805194805,0.47105194805194806,0.46846103896103897,0.0981394805194804,0.08290794805194807,0.003285038961039044,125,154,0.4860034832538263,0.5156493506493502,66.74193548387096,279,20
871,871.0,0.4558943089430894,0.38839024390243904,0.46408130081300814,0.4534105960264901,0.3996887417218543,0.4692847682119205,0.008067411593628131,0.007735506246281976,0.00749945680481195,0.008208506907591773,0.007719578614973027,0.0073889983772641565,0.5624370860927153,0.4534039735099338,0.46572185430463575,0.10654277714962584,0.06501372960749474,0.0016405534916276165,123,151,0.5050197134742824,0.5033112582781454,65.95620437956204,274,18
872,872.0,0.4577741935483871,0.3874032258064516,0.4633467741935483,0.4537947019867549,0.3999072847682119,0.4702119205298014,0.00811844901144641,0.007890014828303852,0.007329678134755463,0.007973130038156221,0.007661686768124205,0.007341438533397659,0.5610463576158939,0.45178145695364236,0.47591390728476823,0.10327216406750683,0.06437823114719077,0.012567133091219929,124,151,0.5054818328786461,0.5070198675496685,66.59272727272727,275,19
873,873.0,0.4561484375,0.38430468749999996,0.46125,0.4546026490066225,0.39994701986754966,0.4695033112582782,0.008174188903808593,0.007640258728027344,0.007423359375000001,0.007936914959870183,0.007197613087145301,0.006869746677777291,0.5647549668874171,0.45159602649006625,0.48300000000000004,0.1086065293874171,0.06729133899006629,0.021750000000000047,128,151,0.5023491423791412,0.4878145695364236,66.73476702508961,279,21
874,874.0,0.45632812500000003,0.3858359375,0.46096875000000004,0.4563548387096774,0.3982709677419355,0.4723483870967742,0.008017579833984375,0.008003105895996095,0.0071459208984375,0.007997493444328825,0.006988907221644121,0.006726110884495318,0.5730967741935484,0.44072903225806465,0.4871096774193549,0.1167686491935484,0.05489309475806464,0.026140927419354865,128,155,0.48740524543999536,0.4952258064516127,67.02120141342756,283,22
875,875.0,0.4548106060606061,0.3856060606060607,0.4610454545454546,0.45845161290322584,0.3979483870967742,0.4705225806451614,0.007972320190541782,0.00779940541781451,0.00705681611570248,0.008161267013527575,0.006979274755463059,0.006453333361082206,0.5842451612903226,0.43853548387096764,0.4771290322580646,0.12943455522971647,0.05292942326490696,0.016083577712609987,132,155,0.4947410519434798,0.478838709677419,66.98257839721255,287,22
876,876.0,0.4562740740740741,0.38474814814814806,0.4580444444444444,0.45684076433121024,0.3995222929936306,0.46887898089171975,0.008104598957475995,0.007854958792866943,0.006547894320987655,0.008161102032536815,0.00705590555397785,0.006439787902146131,0.5789363057324841,0.4452738853503185,0.46983439490445855,0.12266223165841,0.060525737202170415,0.011789950460014131,135,157,0.5019954625337222,0.47477707006369396,67.5513698630137,292,20
877,877.0,0.45704347826086955,0.38518840579710145,0.46071014492753626,0.4557358490566038,0.3985911949685535,0.4681949685534591,0.00851470825456837,0.007986587691661417,0.006489350766645662,0.008174408211700486,0.007108820299829913,0.006395767018709703,0.5779937106918238,0.44655345911949684,0.4672012578616352,0.12095023243095426,0.06136505332239539,0.00649111293409893,138,159,0.4981357307668441,0.4660377358490562,67.77104377104376,297,21
878,878.0,0.4584233576642336,0.3874160583941606,0.4608102189781022,0.4549378881987577,0.3985527950310559,0.4661366459627329,0.008598988651499814,0.007944359742127977,0.006590080771484896,0.008020393657652097,0.007399067088461094,0.006636577601172795,0.5768136645962734,0.4465341614906833,0.46472670807453414,0.11839030693203978,0.05911810309652271,0.003916489096431941,137,161,0.48527752108979044,0.46732919254658356,67.54362416107382,298,23
879,879.0,0.4578188405797101,0.38657971014492754,0.4608913043478261,0.45700602409638563,0.3975542168674699,0.4663975903614458,0.008834032398655744,0.008162417559336277,0.006826459199747952,0.00815035538539701,0.007168343446073451,0.006716420235157498,0.579765060240964,0.44815060240963855,0.4633313253012049,0.12194621966125385,0.06157089226471102,0.0024400209533788075,138,166,0.498143849530467,0.4636746987951805,67.25,304,17
880,880.0,0.45787500000000003,0.3907205882352941,0.46033823529411766,0.4563780487804878,0.3995,0.46606097560975607,0.008951844669117647,0.007816716046712805,0.006590385596885813,0.008048869274241524,0.007200176829268292,0.006746569452706724,0.5845914634146341,0.4507317073170732,0.45557926829268297,0.12671646341463405,0.060011119081779085,0.0047589670014346885,136,164,0.4839217670144446,0.4573780487804874,67.31666666666666,300,21
881,881.0,0.4550283687943263,0.39231914893617026,0.4602198581560283,0.45815243902439023,0.4002987804878049,0.4643780487804877,0.00859714813138172,0.007644316583672853,0.006869448116291937,0.0082067877379536,0.007344416827781084,0.006666442444973229,0.5865548780487805,0.45535975609756096,0.4449146341463415,0.1315265092544542,0.0630406071613907,0.015305224009686758,141,164,0.47403947734862695,0.45810975609756066,68.24918032786886,305,21
882,882.0,0.4571304347826087,0.3946231884057971,0.4568623188405797,0.45801840490797546,0.4031042944785275,0.4625582822085889,0.00865859168241966,0.007283771056500738,0.006852002783028775,0.008204741992547705,0.007481614889532915,0.006504148443674959,0.5797055214723926,0.4626134969325153,0.44144171779141106,0.12257508668978395,0.06799030852671822,0.015420601049168647,138,163,0.48121578061546116,0.4510429447852758,68.19601328903654,301,22
883,883.0,0.4531060606060606,0.39534090909090913,0.459030303030303,0.4604601226993865,0.4041042944785276,0.4652453987730062,0.008057791781450873,0.007089603477961433,0.006726589990817263,0.008167941661334638,0.007469443110391811,0.005818062478828711,0.5846196319018404,0.4579018404907976,0.43568098159509194,0.13151357129577979,0.06256093139988844,0.023349321435211068,132,163,0.4853485536364855,0.4662576687116561,68.32203389830508,295,21
884,884.0,0.4496769230769231,0.3956384615384616,0.4576538461538462,0.4612951807228915,0.4063734939759036,0.46454216867469883,0.007796034082840237,0.00726070775147929,0.006694164792899408,0.008062533350268545,0.007105487008274062,0.005483959065176368,0.58905421686747,0.463289156626506,0.42853614457831324,0.13937729379054686,0.06765069508804439,0.02911770157553295,130,166,0.4729155085082123,0.4758433734939756,69.0608108108108,296,22
885,885.0,0.4498740157480315,0.400976377952756,0.4553307086614173,0.4630310559006211,0.4064037267080745,0.46652795031055905,0.007748834521669044,0.00687717267034534,0.0061891977183954365,0.007899831333667682,0.007117768681763822,0.00581928027468076,0.591,0.4619813664596273,0.43139130434782613,0.14112598425196848,0.061004988506871305,0.02393940431359115,127,161,0.49502793563309977,0.4762732919254655,69.05902777777777,288,19
886,886.0,0.448968,0.40052,0.45433599999999996,0.4650848484848485,0.40589090909090914,0.4628181818181818,0.007634702976,0.0068135135999999995,0.005937471104,0.008030877649219467,0.006899685068870524,0.005441736639118458,0.5852727272727273,0.4635212121212121,0.4282848484848485,0.1363047272727273,0.06300121212121212,0.02605115151515147,125,165,0.4706577086360224,0.48339393939393915,69.02758620689656,290,20
887,887.0,0.45086614173228345,0.3991023622047244,0.45541732283464564,0.4627289156626506,0.4031084337349398,0.4617349397590361,0.007763974207948416,0.006720265112530226,0.005814778597557195,0.008013474706053127,0.0069374219770648865,0.005476893598490347,0.5783192771084338,0.47507831325301203,0.4250481927710843,0.12745313537615033,0.07597595104828764,0.030369130063561345,127,166,0.4620391042801653,0.4825903614457829,69.39931740614334,293,19
888,888.0,0.44892682926829264,0.3992032520325203,0.4547479674796747,0.46245061728395065,0.40235802469135806,0.4622654320987654,0.007899661312710688,0.006858844867473066,0.005883993390177805,0.007878222869989331,0.007013069349184575,0.005314367817405883,0.5729753086419753,0.47655555555555557,0.4317345679012346,0.12404847937368269,0.07735230352303529,0.02301339957844012,123,162,0.4701313286472921,0.5030246913580244,70.01754385964912,285,18
889,889.0,0.447,0.3998083333333334,0.4514333333333333,0.4620186335403727,0.404055900621118,0.46340372670807456,0.008013783333333335,0.006975288263888889,0.005564695555555555,0.007876602137263222,0.006614872651518075,0.0052064891786582305,0.5745527950310558,0.47522360248447204,0.4318633540372671,0.12755279503105582,0.07541526915113866,0.019569979296066187,120,161,0.4494214892133312,0.5006211180124219,69.7829181494662,281,21
890,890.0,0.44422131147540983,0.40032786885245897,0.4544262295081967,0.4627911392405064,0.4051392405063291,0.464373417721519,0.007991451021230852,0.006844777747917228,0.005457129803816179,0.008046393086043902,0.006685448966511777,0.005521993470597661,0.5842658227848101,0.47337341772151903,0.42748101265822785,0.14004451130940027,0.07304554886906006,0.026945216849968867,122,158,0.44886157718000363,0.508417721518987,70.08928571428571,280,21
891,891.0,0.4452834645669291,0.3999133858267716,0.4561811023622047,0.45999367088607607,0.4068797468354431,0.46312025316455696,0.008049982639965283,0.0066296381672763345,0.005349439642879284,0.00784653793462586,0.007030966551834641,0.005508688070821982,0.5705443037974683,0.4812405063291139,0.4194746835443038,0.12526083923053927,0.08132712050234231,0.03670641881790093,127,158,0.4472438119116401,0.5067721518987338,68.50526315789473,285,19
892,892.0,0.4501846153846154,0.39657692307692305,0.45629230769230766,0.4603544303797469,0.4079493670886075,0.4630822784810127,0.00732288899408284,0.0063161056213017755,0.004766422248520711,0.007844507290498319,0.0070570607274475245,0.005513202091011056,0.5684620253164557,0.48136075949367085,0.41985443037974685,0.11827740993184033,0.0847838364167478,0.03643787731256082,130,158,0.44971318694710855,0.4999367088607592,68.80208333333333,288,21
893,893.0,0.4495851851851852,0.39580000000000004,0.45531851851851857,0.459075,0.40744375,0.46283124999999997,0.007282316817558299,0.006033937777777778,0.004790350397805214,0.007663531874999999,0.007028821835937502,0.0053576402734375,0.5614687500000001,0.48397499999999993,0.4233375,0.11188356481481487,0.08817499999999989,0.03198101851851859,135,160,0.4510736908131744,0.4913124999999997,68.38305084745762,295,21
894,894.0,0.4505661764705882,0.39530147058823534,0.455889705882353,0.4598385093167701,0.4073788819875776,0.46401863354037265,0.007426407385380624,0.0061879164684256055,0.004710274599913494,0.007600781374175379,0.006960806758998495,0.005479459280120366,0.5604906832298137,0.48147204968944096,0.42870807453416154,0.10992450675922544,0.08617057910120562,0.02718163134819146,136,161,0.4482362116775526,0.487701863354037,68.14478114478115,297,19
895,895.0,0.4528571428571429,0.3950676691729323,0.4573759398496241,0.4599878787878788,0.40703636363636364,0.4649030303030303,0.007265535982814178,0.006222348804341682,0.004504881225620442,0.007682618034894399,0.006873877465564738,0.0057510936271809,0.5568606060606061,0.4758121212121213,0.4361333333333334,0.10400346320346315,0.08074445203918901,0.02124260651629073,133,165,0.44129418496352435,0.4896969696969694,68.04697986577182,298,19
896,896.0,0.45061363636363644,0.39229545454545456,0.4547727272727273,0.460803680981595,0.40831288343558286,0.4686687116564417,0.007209767389807161,0.0061444505853994495,0.004024615013774105,0.007610439986450375,0.006618730324814634,0.005631644849260416,0.5443435582822086,0.4824907975460124,0.44293251533742334,0.09372992191857216,0.09019534300055781,0.011840211935303935,132,163,0.45549229417268666,0.4894478527607359,67.90169491525424,295,18
897,897.0,0.45488059701492545,0.38879850746268657,0.45420149253731346,0.4573062499999999,0.4138,0.467425,0.0073373588772555134,0.006244131042548452,0.003971429550011139,0.0075039124609375,0.006727747500000001,0.005586769375,0.53568125,0.49274375,0.43844374999999997,0.08080065298507455,0.10394524253731341,0.01575774253731349,134,160,0.47058875559687147,0.4638124999999997,67.04081632653062,294,21
898,898.0,0.4502164179104477,0.3910746268656716,0.45670149253731346,0.4567579617834394,0.41466878980891714,0.4672101910828026,0.007668542715526844,0.006262098908442861,0.004241164624638004,0.007474667532151405,0.006759100490892124,0.00563163097894438,0.5355159235668789,0.4925923566878982,0.43634394904458607,0.08529950565643124,0.10151772982222657,0.020357543492727392,134,157,0.49999541820899523,0.44968152866242,66.73195876288659,291,18
899,899.0,0.4531407407407408,0.3940740740740741,0.45776296296296287,0.4543961038961039,0.41440909090909095,0.4686623376623377,0.007739261673525378,0.006540631550068588,0.004451291961591222,0.007362083361443751,0.00673759238488784,0.0057102626075223465,0.5262402597402597,0.4968831168831169,0.43333116883116884,0.07309951899951889,0.10280904280904285,0.024431794131794027,135,154,0.49186640571429885,0.4429220779220776,66.58131487889273,289,26
900,900.0,0.45399999999999996,0.39580575539568347,0.4579136690647482,0.45287179487179496,0.4119423076923077,0.46836538461538463,0.0075179999999999995,0.006281307592774702,0.004417301899487604,0.007622316896778434,0.006539041543392505,0.005679295981262328,0.5251153846153847,0.49241025641025643,0.43882692307692306,0.07111538461538469,0.09660450101457296,0.019086745987825116,139,156,0.4798118051976108,0.4435256410256406,66.68813559322034,295,26
901,901.0,0.4528125,0.39763888888888893,0.4595069444444445,0.4492547770700637,0.4102547770700637,0.4675350318471337,0.008011957899305554,0.006590494598765432,0.004386597173996914,0.007900495598198708,0.00660257203131973,0.005864732849202807,0.5193248407643312,0.49117834394904464,0.4401019108280255,0.06651234076433116,0.09353945506015571,0.019405033616418987,144,157,0.47691478939007204,0.4431847133757959,66.5813953488372,301,23
902,902.0,0.44901459854014597,0.3991167883211679,0.45958394160583943,0.4517452229299362,0.4092802547770701,0.4678089171974522,0.007790145772284086,0.006757300229101179,0.004173104267675422,0.007874062477179603,0.006684622094202606,0.005914829729400788,0.5228471337579618,0.48943949044585994,0.4401847133757961,0.0738325352178158,0.09032270212469201,0.01939922823004331,137,157,0.47829031293996677,0.4517197452229297,66.92857142857143,294,27
903,903.0,0.4491492537313433,0.3981641791044776,0.45990298507462685,0.45438036809815946,0.4070981595092025,0.465239263803681,0.007799589663622188,0.006875838716863446,0.004029983125417688,0.00842010071888291,0.00698547502728744,0.0055163537957770336,0.5218220858895706,0.4933742331288344,0.4406073619631902,0.07267283215822729,0.09521005402435678,0.01929562311143662,134,163,0.4626193844616549,0.47791411042944754,66.88888888888889,297,21
904,904.0,0.4470153846153846,0.3986769230769231,0.45877692307692314,0.4585121951219513,0.4066951219512195,0.4654329268292683,0.008023845917159763,0.007001111005917161,0.0039566963905325455,0.008507920582986318,0.0070092363176680545,0.005468501598750744,0.5386585365853659,0.4843170731707317,0.4401524390243903,0.0916431519699813,0.0856401500938086,0.018624484052532864,130,164,0.4685016060048732,0.48676829268292654,66.49659863945578,294,20
905,905.0,0.44694656488549617,0.399618320610687,0.4601832061068703,0.4561963190184049,0.40850306748466264,0.46365644171779136,0.007814325388963348,0.00679341157275217,0.003953248878270498,0.008703716060070008,0.007430078211449434,0.005586986262185255,0.528441717791411,0.4789018404907976,0.4448098159509202,0.08149515290591486,0.07928351988011062,0.015373390155950128,131,163,0.4513593338465296,0.48398773006134943,67.14625850340136,294,23
906,906.0,0.4454186046511628,0.39989922480620155,0.46069767441860465,0.4534578313253013,0.4087650602409639,0.4619638554216868,0.00764512709572742,0.006630881317228532,0.004049218676762214,0.008961971113369138,0.007327324321381915,0.005618661344171868,0.5263132530120481,0.4760843373493976,0.44469277108433747,0.08089464836088534,0.07618511254319604,0.016004903334267184,129,166,0.4366845714332224,0.5045783132530117,67.34237288135593,295,20
907,907.0,0.4443692307692308,0.3993461538461539,0.4584615384615384,0.45118562874251494,0.4116706586826348,0.4608023952095809,0.007736925207100592,0.006672995562130178,0.004142279289940829,0.009013564344365163,0.007300855606152963,0.005661020832586324,0.5209640718562873,0.4841497005988023,0.43964670658682636,0.07659484108705655,0.0848035467526484,0.018814831874712057,130,167,0.44165856239616147,0.47766467065868234,66.75757575757575,297,24
908,908.0,0.44167153284671534,0.402029197080292,0.45914598540145984,0.44884023668639045,0.4135443786982249,0.45899408284023663,0.007932483350205126,0.006822218125632693,0.00403151153497789,0.008552252582192499,0.007461253947690909,0.005608562095164735,0.5116449704142011,0.4945621301775147,0.4375088757396449,0.06997343756748575,0.09253293309722271,0.021637109661814924,137,169,0.44246938564044636,0.4592899408284021,66.80718954248366,306,23
909,909.0,0.4405294117647059,0.4041911764705882,0.4589852941176471,0.4479707602339182,0.41384210526315784,0.457187134502924,0.0076146756055363325,0.006638684039792388,0.004296382136678202,0.008481244759071168,0.0075227294552169905,0.005673695974829862,0.502748538011696,0.4992631578947368,0.4396608187134503,0.06221912624699005,0.09507198142414858,0.019324475404196795,136,171,0.4495061643265559,0.4664327485380115,66.72312703583061,307,19
910,910.0,0.4435724637681159,0.406231884057971,0.4583188405797102,0.4483372781065089,0.4127278106508876,0.457112426035503,0.00733947663306028,0.0065986418819575735,0.00446857950010502,0.008716105178390113,0.007555275025384264,0.005636111620741571,0.5049053254437871,0.49555621301775143,0.44139644970414205,0.0613328616756712,0.08932432895978043,0.016922390875568127,138,169,0.43700721234086254,0.4685207100591713,66.24104234527687,307,20
911,911.0,0.4399694656488549,0.4090000000000001,0.45405343511450386,0.4475207100591716,0.41313609467455625,0.457715976331361,0.006987571586737369,0.006529129770992367,0.004311333022551134,0.008291231819614159,0.007723454851020622,0.005860321697419559,0.5011597633136095,0.49218343195266273,0.44189940828402363,0.061190297664754534,0.08318343195266265,0.012154026830480225,131,169,0.4300116584774582,0.48260355029585766,66.05666666666667,300,19
912,912.0,0.43932558139534883,0.41081395348837213,0.4531317829457364,0.44621428571428573,0.41546428571428573,0.458172619047619,0.006753862989003065,0.006528073913827295,0.004767680307673818,0.008361882653061224,0.008048022534013606,0.005666785678854875,0.49883928571428565,0.49385119047619047,0.43686309523809524,0.05951370431893682,0.08303723698781834,0.016268687707641172,129,168,0.4296284770885209,0.484583333333333,65.47138047138047,297,20
913,913.0,0.44104761904761913,0.41383333333333333,0.44984920634920644,0.4448975903614458,0.41573493975903614,0.45671084337349394,0.006505807256235827,0.006380329365079366,0.004765048689846309,0.008489067825518943,0.008117544200899983,0.005246036870373058,0.5014036144578313,0.4925120481927711,0.4333674698795182,0.06035599541021219,0.07867871485943778,0.016481736469688257,126,166,0.440622883858723,0.4810240963855419,65.62671232876713,292,19
914,914.0,0.4438992248062016,0.4136201550387597,0.45153488372093026,0.4415333333333334,0.41639999999999994,0.4559454545454545,0.006302896821104501,0.006841522384472087,0.004601396069947721,0.008567291313131312,0.00816393696969697,0.005182136418732782,0.4992363636363637,0.49136969696969696,0.43455757575757575,0.055337138830162114,0.07774954193093725,0.016977307963354504,129,165,0.45428017258773934,0.4747878787878785,66.13265306122449,294,18
915,915.0,0.44141791044776124,0.4157761194029851,0.45,0.4414242424242425,0.4166787878787879,0.454860606060606,0.006459899977723324,0.007335546892403653,0.004689223880597016,0.008563759412304866,0.008149672580348944,0.005424713902662994,0.498,0.491,0.43715757575757574,0.05658208955223876,0.0752238805970149,0.012842424242424266,134,165,0.4482388282090325,0.4610909090909087,65.63545150501672,299,20
916,916.0,0.4421716417910448,0.41587313432835826,0.44942537313432845,0.4417361963190185,0.4149386503067484,0.45448466257668707,0.006491813822677655,0.007456021218534195,0.004729960848741369,0.008449850653016674,0.007847750837442132,0.005408519703413753,0.4964723926380369,0.48757055214723927,0.43936196319018406,0.054300750846992096,0.071697417818881,0.010063409944144397,134,163,0.45226482375648885,0.4581595092024536,65.84511784511784,297,18
917,917.0,0.443296875,0.41656249999999995,0.4482734375,0.44351219512195117,0.4130731707317073,0.453420731707317,0.006285052490234375,0.00738040234375,0.004833589294433595,0.008761323022010709,0.00782256781677573,0.005313707131171921,0.5022012195121951,0.48222560975609763,0.4390304878048781,0.05890434451219512,0.06566310975609768,0.009242949695121905,128,164,0.461959668586302,0.45713414634146304,66.67123287671232,292,21
918,918.0,0.4466328125,0.41517187499999997,0.447703125,0.4449386503067485,0.4125398773006135,0.45326993865030674,0.0063522323608398434,0.007277704833984376,0.004959693115234376,0.008939137340509617,0.007765683992622981,0.0052690805073582,0.5096748466257669,0.4809263803680981,0.43617177914110433,0.06304203412576692,0.06575450536809813,0.011531345858895647,128,163,0.4701467743872118,0.4650306748466254,66.64948453608247,291,17
919,919.0,0.4465681818181818,0.4150378787878788,0.4452878787878788,0.4459565217391305,0.41372049689441,0.453639751552795,0.0062568059573002745,0.007199945534894399,0.005151962580348944,0.008968650283553876,0.00785353057366614,0.005307286370124609,0.5102670807453416,0.4810683229813664,0.43761490683229815,0.06369889892715974,0.06603044419348764,0.007672971955580643,132,161,0.46766156111314017,0.4499378881987574,66.66211604095564,293,20
920,920.0,0.4467293233082707,0.41666917293233086,0.4452932330827068,0.4445121951219513,0.41645121951219516,0.4538048780487805,0.006158934252925546,0.007412266493300922,0.005224267397817854,0.009046432778108267,0.007562820791195717,0.005232596073765616,0.5023475609756098,0.49006097560975614,0.4348475609756097,0.05561823766733914,0.07339180267742529,0.01044567210709707,133,164,0.4642224593558829,0.45420731707317036,66.50841750841751,297,18
921,921.0,0.44559999999999994,0.4169185185185186,0.4439037037037037,0.4426583850931677,0.41719254658385097,0.45356521739130434,0.005969232592592593,0.007550119286694101,0.005187094430727024,0.008722361560124995,0.007833720689788203,0.005251413448555226,0.49873291925465835,0.4880993788819876,0.4309875776397516,0.053132919254658406,0.07118086036346905,0.012916126063952094,135,161,0.4761866636365854,0.4423602484472046,66.89189189189189,296,19
922,922.0,0.44328888888888884,0.41759259259259257,0.44428148148148144,0.4422830188679246,0.41844654088050304,0.45276729559748435,0.006060679506172839,0.007667011796982168,0.005230691138545953,0.008298404177049959,0.008249957833946442,0.005405788615956648,0.4810000000000001,0.49321383647798744,0.43069811320754714,0.03771111111111125,0.07562124388539487,0.013583368273934304,135,159,0.45615568389857875,0.4620125786163519,66.77551020408163,294,19
923,923.0,0.44197810218978106,0.4208759124087591,0.4456277372262774,0.44187898089171973,0.4201273885350319,0.4519490445859873,0.005873364483989557,0.007560663434386488,0.005216408865682776,0.008761685991318106,0.008107295874071972,0.0056087744736094776,0.48001273885350326,0.49268152866242026,0.43179617834394896,0.0380346366637222,0.07180561625366116,0.013831558882328454,137,157,0.4567984618874299,0.4658598726114646,66.57142857142857,294,20
924,924.0,0.44516923076923076,0.41923076923076924,0.44336923076923074,0.4411764705882353,0.4191372549019608,0.45361437908496727,0.005885032899408283,0.007579239053254439,0.005065540591715978,0.008872955786236062,0.008332236063052672,0.005485818616771327,0.47752941176470587,0.49304575163398695,0.4359411764705882,0.03236018099547511,0.07381498240321771,0.007428054298642517,130,153,0.44263620896289074,0.4810457516339865,66.35689045936395,283,24
925,925.0,0.44403816793893125,0.4172900763358778,0.4426870229007634,0.44144000000000005,0.4188266666666667,0.4529866666666667,0.005957151214964163,0.007816419672513258,0.004847100518617797,0.008965859733333333,0.008432676622222222,0.005392226488888889,0.47675333333333336,0.4905333333333332,0.43901333333333326,0.03271516539440211,0.07324325699745543,0.0036736895674301384,131,150,0.451150533126117,0.48646666666666616,66.81494661921708,281,22
926,926.0,0.4461889763779528,0.41596850393700785,0.4393937007874015,0.4431059602649007,0.4176490066225165,0.452298013245033,0.005750594209188418,0.007751227354454708,0.005002333188666377,0.00928986956712425,0.008443896671198632,0.0053783548967150565,0.4757483443708609,0.4861390728476821,0.4419337748344371,0.029559367992908092,0.07017056891067425,0.002540074047035601,127,151,0.4594959328456439,0.47880794701986723,65.98920863309353,278,22
927,927.0,0.4456129032258065,0.41604032258064516,0.43591935483870964,0.44452980132450337,0.4168675496688741,0.4554900662251655,0.0059271082206035376,0.007908458051508846,0.004854654786680543,0.00919108354896715,0.00811015464234025,0.005326475066883031,0.48284105960264895,0.47581456953642376,0.44664900662251655,0.03722815637684246,0.0597742469557786,0.010729651783806915,124,151,0.4493267454398797,0.5084768211920526,65.72727272727273,275,17
928,928.0,0.44610655737704924,0.41668032786885245,0.4358688524590164,0.4446518987341772,0.41563291139240505,0.4585759493670887,0.005973209957000806,0.007916824039236766,0.00467385165278151,0.008890657306521391,0.008008308283928858,0.005331788535491108,0.4764367088607594,0.47151265822784805,0.4498544303797468,0.030330151483710155,0.054832330358995596,0.013985577920730408,122,158,0.44184279392472636,0.5012025316455694,64.08214285714286,280,20
929,929.0,0.4454516129032258,0.41545967741935486,0.4381370967741935,0.4430754716981132,0.41828301886792446,0.4597987421383647,0.006357812174817896,0.00834476450312175,0.004890263462539023,0.00901317669395989,0.007985536252521658,0.005213607294015269,0.47028301886792445,0.48049685534591197,0.4489056603773585,0.024831405964698627,0.06503717792655711,0.010768563603165027,124,159,0.44856929233296344,0.493081761006289,64.28621908127208,283,21
930,930.0,0.4491417322834646,0.41734645669291337,0.44024409448818885,0.44089375000000003,0.41794375000000006,0.45656875,0.006102168888337776,0.008327785479570958,0.004944830181660364,0.0091350074609375,0.007762653085937499,0.0058149327734375,0.46373125000000004,0.48254375000000005,0.44486875000000003,0.014589517716535438,0.06519729330708668,0.004624655511811182,127,160,0.4509181603966497,0.49493749999999964,64.27526132404181,287,19
931,931.0,0.44862096774193555,0.4170161290322581,0.4387661290322581,0.4431625,0.41646874999999994,0.4573625,0.006212654721644119,0.008775838449531736,0.004870275949531738,0.009047123593750001,0.007774974023437501,0.005779268593749999,0.46268750000000003,0.48004375,0.44894375000000003,0.01406653225806448,0.06302762096774189,0.01017762096774194,124,160,0.4379906668396005,0.4930624999999996,63.84507042253521,284,22
932,932.0,0.45175609756097557,0.4134308943089432,0.4385853658536586,0.4477547169811322,0.4176981132075473,0.4559182389937107,0.005898249454689669,0.008965383435785578,0.00502624271267103,0.009339908389699775,0.007533720185119259,0.005858892686207034,0.46447169811320754,0.48432075471698116,0.44513836477987423,0.012715600552231976,0.07088986040803796,0.006552998926215636,123,159,0.448071621084186,0.49301886792452787,63.02482269503546,282,21
933,933.0,0.4554552845528456,0.40912195121951217,0.4395284552845528,0.4505246913580247,0.4167098765432099,0.4567592592592592,0.005524865886707647,0.00898587943684315,0.005015858946394342,0.009586397538484987,0.007478860272824264,0.005497442043895747,0.47464197530864194,0.4837962962962963,0.44237037037037036,0.01918669075579632,0.07467434507678411,0.002841915085817548,123,162,0.43921118882263,0.49456790123456756,63.719298245614034,285,22
934,934.0,0.45363709677419356,0.40810483870967745,0.4410403225806451,0.44943558282208596,0.41606134969325154,0.45401840490797546,0.005385715075442248,0.008966658363683662,0.0049032161160249745,0.009524896157175656,0.0074144256840679,0.005481613158191879,0.4780184049079755,0.4890736196319018,0.4381104294478528,0.02438130813378192,0.08096878092222437,0.0029298931327923494,124,163,0.45703286557066297,0.4643558282208585,63.33797909407666,287,27
935,935.0,0.45266935483870974,0.41029838709677413,0.44279838709677427,0.4475808383233533,0.4168862275449102,0.45414970059880244,0.005400592286680541,0.009008257739334027,0.005024515803850157,0.009461920111872064,0.007255046936067985,0.005490091362185808,0.4757065868263473,0.4943293413173653,0.43802994011976054,0.023037231987637574,0.08403095422059115,0.0047684469770137294,124,167,0.4595969889588093,0.45251497005987984,63.64604810996563,291,28
936,936.0,0.45401562500000003,0.409578125,0.4425703125,0.448,0.41584210526315785,0.45581286549707595,0.005851718505859375,0.009093540771484374,0.0050623544311523445,0.0093613567251462,0.007152776238842722,0.0054978480216134875,0.47708771929824556,0.48890643274853807,0.4402280701754386,0.023072094298245527,0.07932830774853805,0.0023422423245614277,128,171,0.4524928837019011,0.4518713450292395,63.096989966555185,299,23
937,937.0,0.4554488188976378,0.408763779527559,0.4419448818897638,0.450179190751445,0.4160057803468208,0.4566936416184972,0.005594341868683737,0.00906161349122698,0.004971012710025419,0.009308297370443383,0.007081254301847706,0.005422039092518962,0.47779768786127164,0.48923121387283236,0.44027745664739887,0.02234886896363386,0.08046743434527337,0.001667425242364906,127,173,0.4575683668805955,0.45994219653179164,64.10333333333334,300,19
938,938.0,0.46015126050420174,0.40578151260504197,0.43694117647058833,0.4536315789473684,0.4152105263157895,0.45675438596491225,0.005630212414377515,0.009431128733846479,0.00427168561542264,0.009515799938442598,0.007105803631886735,0.005494419205909511,0.48292982456140343,0.483514619883041,0.4370350877192983,0.02277856405720169,0.07773310727799904,9.39112487099436e-05,119,171,0.4616706515486969,0.4561988304093565,63.44137931034483,290,21
939,939.0,0.46288073394495416,0.4027706422018349,0.4332201834862386,0.45482658959537575,0.412456647398844,0.4539595375722544,0.005707444491204445,0.008934690514266475,0.0042741350054709215,0.009310131778542553,0.006859230779511511,0.005452524374352635,0.4855722543352601,0.4807225433526012,0.43930057803468203,0.02269152039030592,0.07795190115076628,0.006080394548443446,109,173,0.4810956789384388,0.4696531791907512,64.10283687943263,282,20
940,940.0,0.46267567567567575,0.40379279279279273,0.43068468468468474,0.45423121387283244,0.4103121387283237,0.4525491329479769,0.005875840759678598,0.008704272380488598,0.004530918594269946,0.00961179625112767,0.006517983494269772,0.005299461458785793,0.4854682080924856,0.47905202312138734,0.4425491329479768,0.02279253241680984,0.0752592303285946,0.011864448263292082,111,173,0.48091844168467424,0.46710982658959505,63.78521126760563,284,20
941,941.0,0.4587238095238095,0.40228571428571425,0.4309714285714285,0.4547413793103448,0.4096839080459771,0.45317241379310347,0.005851495147392291,0.008860642176870749,0.004688789659863946,0.009700823919936584,0.006324078246796142,0.005226338089575903,0.48637931034482756,0.48067241379310344,0.44389080459770114,0.027655500821018086,0.07838669950738919,0.012919376026272633,105,174,0.4670752206117877,0.49413793103448256,64.03225806451613,279,18
942,942.0,0.45742342342342346,0.401144144144144,0.4299189189189189,0.4555371428571428,0.4104914285714286,0.45528571428571435,0.006121181072964859,0.00911190715039364,0.004760560993425858,0.009797871477551021,0.006173735640816327,0.005144009795918368,0.4901828571428572,0.47578857142857145,0.4490628571428572,0.03275943371943374,0.07464442728442744,0.019143938223938284,111,175,0.4603932092736311,0.48554285714285683,64.2937062937063,286,18
943,943.0,0.46124576271186446,0.3978305084745763,0.43310169491525413,0.4573611111111111,0.41154444444444443,0.45545555555555556,0.006363914176960642,0.008871564492961793,0.0047171760988221805,0.009851797376543209,0.00656187024691358,0.005054148024691359,0.4891777777777777,0.4704,0.45733888888888885,0.02793201506591325,0.07256949152542369,0.02423719397363472,118,180,0.4915315215349783,0.4595555555555552,64.21812080536913,298,15
944,944.0,0.4629836065573771,0.3985409836065574,0.43390983606557376,0.45870652173913046,0.41157065217391303,0.45585869565217385,0.00644306530502553,0.008710445041655471,0.005120032854071487,0.009709229087901701,0.006605114573487713,0.004992501772211721,0.49817391304347824,0.46621195652173913,0.4580108695652174,0.035190306486101164,0.06767097291518176,0.024101033499643654,122,184,0.46559708337111727,0.4664130434782605,64.69607843137256,306,16
945,945.0,0.4609173553719008,0.40134710743801655,0.43165289256198347,0.45439779005524866,0.4110497237569061,0.453817679558011,0.006593431186394372,0.008378904309814904,0.00498738364865788,0.009493996459204544,0.006682091450199934,0.004853662891853118,0.48747513812154697,0.4823922651933701,0.4502983425414364,0.026557782749646153,0.08104515775535354,0.018645449979452944,121,181,0.4567392394061397,0.4641436464088395,64.61258278145695,302,20
946,946.0,0.459872,0.401104,0.430968,0.455909090909091,0.4105568181818182,0.45255113636363636,0.006334063616,0.008190093184,0.005068558976,0.009800344008264463,0.006704337680785125,0.004833054203254133,0.49250000000000005,0.48000568181818176,0.4495965909090909,0.032628000000000046,0.07890168181818175,0.01862859090909086,125,176,0.44610655181332887,0.4674999999999997,65.40863787375416,301,22
947,947.0,0.45831746031746035,0.40181746031746035,0.42873015873015874,0.45653714285714286,0.4099542857142858,0.4518,0.006242835726883345,0.008363657155454776,0.004898958931720836,0.009932820048979595,0.0066975179102040806,0.004994537142857143,0.4857371428571428,0.48088,0.45211428571428575,0.027419682539682466,0.07906253968253962,0.023384126984127007,126,175,0.4471611651363365,0.47285714285714253,65.80730897009967,301,22
948,948.0,0.45862204724409444,0.401023622047244,0.42869291338582677,0.45671186440677963,0.41020338983050847,0.4521525423728814,0.006416865025730052,0.008093991567983138,0.004872685225370451,0.009852046921382746,0.006595506655175715,0.00489624226754764,0.4893728813559322,0.474361581920904,0.4513333333333333,0.030750834111837766,0.07333795987365999,0.02264041994750654,127,177,0.44084296546279184,0.4783615819209037,66.51644736842105,304,21
949,949.0,0.4597142857142857,0.4022222222222222,0.42965079365079356,0.4592897727272728,0.4097897727272727,0.45213068181818183,0.006471204081632654,0.008144585537918872,0.005207052658100278,0.009497558077221075,0.006480688759039257,0.0048917613313533065,0.49409659090909097,0.4768068181818182,0.4455227272727273,0.034382305194805285,0.07458459595959599,0.01587193362193373,126,176,0.4332490723525244,0.47034090909090875,67.06622516556291,302,23
950,950.0,0.4610077519379845,0.40227131782945735,0.4286666666666667,0.45766101694915257,0.4087401129943503,0.4506779661016949,0.0064866433507601694,0.008026616309116039,0.005163524547803618,0.009088822943598583,0.00627337878642791,0.005079800248970603,0.4978305084745762,0.4747683615819209,0.4443785310734463,0.03682275653659173,0.07249704375246352,0.01571186440677963,129,177,0.43263585428106893,0.47644067796610134,67.60130718954248,306,19
951,951.0,0.4598515625,0.4056171875,0.43169531250000004,0.45740555555555557,0.4079555555555556,0.4495277777777778,0.006540907653808594,0.007975033142089845,0.005516305603027344,0.00895479663580247,0.006320820246913581,0.005192582561728396,0.49275555555555556,0.47630555555555554,0.4420166666666666,0.03290399305555558,0.07068836805555556,0.010321354166666574,128,180,0.4250751921668884,0.4794444444444442,67.5551948051948,308,17
952,952.0,0.4603770491803279,0.40731147540983614,0.43218032786885247,0.45965555555555554,0.4084388888888889,0.4518833333333333,0.006471316850309056,0.007935771835528084,0.0054408691212039775,0.008920614691358027,0.006256312932098765,0.005337947500000001,0.48268888888888883,0.4788055555555556,0.44955,0.022311839708560932,0.07149408014571945,0.01736967213114754,122,180,0.4363933327413552,0.4822222222222219,67.60264900662251,302,17
953,953.0,0.45741803278688525,0.40355737704918027,0.43162295081967217,0.4590949720670391,0.4077486033519553,0.45191061452513964,0.006490603937113679,0.008003459822628326,0.0054634971781779085,0.008820555226116538,0.006246333447770045,0.004971723853812303,0.47788268156424585,0.480854748603352,0.4457374301675978,0.020464648777360595,0.07729737155417171,0.014114479347925646,122,179,0.43719126690405175,0.47748603351955277,67.41196013289037,301,17
954,954.0,0.45693965517241375,0.40393103448275863,0.4294568965517241,0.4576348314606742,0.4102359550561798,0.45082022471910116,0.006204487737812129,0.008188236623067776,0.005488489521403092,0.008874422831713169,0.006485371291503599,0.0051497429617472544,0.47782022471910107,0.4780674157303371,0.4457584269662922,0.020880569546687322,0.07413638124757849,0.01630153041456811,116,178,0.4569614613276695,0.48112359550561756,68.35714285714286,294,16
955,955.0,0.4548849557522124,0.40519469026548677,0.4293893805309735,0.4558994413407822,0.410195530726257,0.45126815642458107,0.006195977915263529,0.008243873600125302,0.005591830683687055,0.009002604413095722,0.0066972299241596705,0.005164810773696202,0.471877094972067,0.4808491620111732,0.44945810055865926,0.016992139219854596,0.07565447174568646,0.020068720027685782,113,179,0.44472027306218326,0.48966480446927346,68.31164383561644,292,19
956,956.0,0.45313913043478266,0.4093739130434783,0.4306260869565217,0.45326815642458096,0.41164804469273747,0.45170391061452514,0.006600711077504726,0.008062738449905483,0.005300060189035917,0.008744699041852627,0.006768898473830404,0.005218074342248994,0.46699441340782116,0.48565921787709493,0.45045810055865926,0.013855282973038507,0.07628530483361662,0.019832013602137544,115,179,0.4578182889328035,0.48329608938547447,68.82312925170068,294,20
957,957.0,0.4522,0.41234166666666666,0.4315583333333334,0.4533966480446928,0.4128100558659218,0.4523296089385474,0.006695476666666668,0.007787708263888889,0.005257079930555556,0.008777959988764397,0.006745941574857215,0.005264276832807965,0.4646312849162011,0.49053631284916205,0.44537430167597764,0.012431284916201102,0.07819464618249539,0.013815968342644258,120,179,0.45064868821810433,0.47480446927374276,69.09698996655518,299,22
958,958.0,0.45119166666666666,0.4141333333333333,0.43247500000000005,0.45258522727272726,0.41501136363636365,0.4521363636363636,0.006595754930555556,0.00831664888888889,0.005097232708333334,0.00866682228176653,0.006552386234504132,0.005245470041322315,0.4589715909090909,0.5020625,0.43788068181818185,0.007779924242424241,0.08792916666666667,0.005405681818181796,120,176,0.47125139609052413,0.47909090909090873,69.33783783783784,296,18
959,959.0,0.4507049180327869,0.41628688524590163,0.43115573770491805,0.4547076023391813,0.4141695906432748,0.45219298245614037,0.00655120800859984,0.008083024254232733,0.005396492139209891,0.008920171813549468,0.0065102694846277485,0.005240939365958757,0.46897660818713444,0.49994736842105264,0.42883625730994146,0.018271690154347542,0.08366048317515101,0.002319480394976592,122,171,0.4889410232075742,0.47619883040935646,68.57337883959045,293,18
960,960.0,0.45401538461538465,0.4196538461538462,0.43353076923076916,0.4530552147239263,0.4128282208588957,0.4484171779141104,0.0075533074556213015,0.007523580177514793,0.0051465105917159765,0.008927806767285182,0.006460007301742633,0.005354574428845648,0.4609263803680982,0.5014171779141104,0.42357055214723927,0.0069109957527135335,0.08176333176026424,0.009960217083529899,130,163,0.4925970807219344,0.45196319018404885,67.91126279863481,293,20
961,961.0,0.45390076335877866,0.41690839694656495,0.4331832061068702,0.45140123456790127,0.4127592592592594,0.44736419753086426,0.007206257327661559,0.007237747334071442,0.005307569488957519,0.008649351356500534,0.005981281550068588,0.005513305631763451,0.46449382716049387,0.5076913580246915,0.4184074074074074,0.010593063801715208,0.0907829610781265,0.014775798699462828,131,162,0.5071520240198097,0.44777777777777744,67.79180887372014,293,20
962,962.0,0.4561555555555556,0.41847407407407405,0.4292296296296296,0.45056962025316455,0.41444936708860763,0.44796835443037974,0.007723790617283951,0.007064367846364885,0.005183080603566529,0.00851424515302035,0.005962336043903222,0.005593524315013619,0.46172784810126594,0.5128987341772152,0.41976582278481006,0.0055722925457103445,0.09442466010314116,0.009463806844819567,135,158,0.5081922773101668,0.44670886075949323,67.5665529010239,293,20
963,963.0,0.4570757575757576,0.4199090909090909,0.428810606060606,0.45043670886075954,0.4159430379746835,0.4477721518987342,0.007635857897153352,0.006665461432506888,0.004966456554178145,0.008533461184105114,0.006024281565454254,0.005676226566255408,0.4608734177215191,0.5072215189873417,0.42102531645569613,0.0037976601457614945,0.08731242807825079,0.007785289604909873,132,158,0.5185165578651453,0.45341772151898696,68.68620689655172,290,20
964,964.0,0.45662500000000006,0.41908823529411765,0.42657352941176474,0.4490318471337579,0.4177707006369427,0.4471656050955414,0.007921102022058826,0.0064077128027681665,0.005089685769896193,0.008548362043084911,0.005888431498235223,0.0056166604730415026,0.45963057324840767,0.5088152866242038,0.4180445859872612,0.0030055732484076114,0.08972705133008618,0.008528943424503554,136,157,0.50784982002642,0.45025477707006334,68.96245733788396,293,22
965,965.0,0.45697810218978097,0.41880291970802924,0.4265985401459854,0.4476953642384106,0.41874172185430464,0.4476092715231788,0.008142327987639192,0.006414815173957057,0.005072897224146198,0.008467668786456736,0.006032416736108066,0.0056890857418534285,0.45573509933774836,0.5102317880794702,0.41947682119205304,0.0012430028520326042,0.09142886837144099,0.007121718953932377,137,151,0.5011187207889106,0.44894039735099295,69.23611111111111,288,25
966,966.0,0.45484328358208953,0.4203955223880597,0.42538059701492537,0.44738961038961034,0.41752597402597397,0.4478766233766234,0.008077833648919583,0.006383492815771887,0.0051376536533749165,0.008595913138809242,0.005939197377298027,0.005574004258728285,0.45616883116883117,0.5047012987012988,0.42512987012987014,0.0013255475867416378,0.08430577631323904,0.0002507268850552302,134,154,0.48752133122093033,0.43805194805194775,68.99305555555556,288,30
967,967.0,0.4560148148148148,0.4196666666666667,0.4247925925925926,0.4479490445859873,0.41742038216560506,0.4467006369426752,0.00835728866941015,0.0064917185185185185,0.005089438463648835,0.008579003772972535,0.006032307355267962,0.005615254330804497,0.45157324840764324,0.5025668789808918,0.42661146496815283,0.004441566407171582,0.08290021231422512,0.001818872375560221,135,157,0.5001707402461696,0.45089171974522263,69.15753424657534,292,21
968,968.0,0.45505755395683456,0.41684172661870506,0.4233309352517986,0.44758490566037745,0.417937106918239,0.44550943396226417,0.00822919093214637,0.006784823870400084,0.005018667460276383,0.009020293105494244,0.005915430006724418,0.005582576955025514,0.4515283018867924,0.5019371069182391,0.42570440251572317,0.003529252070042177,0.08509538029953406,0.002373467263924567,139,159,0.48495876307350994,0.45163522012578583,68.24161073825503,298,22
969,969.0,0.4534057971014493,0.41786956521739127,0.42461594202898556,0.44703703703703707,0.41791358024691355,0.4447716049382716,0.007623110691031297,0.006977026465028355,0.005167874238605335,0.009274764060356653,0.00597016537113245,0.005633855243103185,0.457104938271605,0.499179012345679,0.4244753086419753,0.0036991411701556842,0.08130944712828775,0.0001406333870102583,138,162,0.48413463095027304,0.46320987654320955,68.08666666666667,300,19
970,970.0,0.4512428571428571,0.41787142857142856,0.4282214285714286,0.44446625766871173,0.41977914110429454,0.44121472392638034,0.007804712448979592,0.0070870977551020405,0.00529928668367347,0.009156874628326248,0.005859988031164138,0.0056304508261507775,0.45363190184049074,0.5047546012269939,0.41773006134969326,0.0023890446976336244,0.08688317265556533,0.010491367221735326,140,163,0.4685912539068851,0.4577300613496929,67.95049504950495,303,17
971,971.0,0.4515579710144928,0.4168913043478261,0.4255217391304348,0.44796249999999993,0.41678750000000003,0.441775,0.007885855335013655,0.007206517170762445,0.005613785759294267,0.00922198609375,0.00617202984375,0.005562674375000002,0.46406875000000003,0.49806875,0.41483125000000004,0.012510778985507232,0.08117744565217389,0.010690489130434744,138,160,0.4558400508501222,0.4761249999999997,67.61409395973155,298,18
972,972.0,0.4508394160583942,0.41656204379562045,0.42595620437956205,0.4492743902439023,0.4160121951219512,0.44199390243902437,0.008113069103308647,0.007148888486333849,0.005686757206031222,0.009184491783164783,0.005967548631766806,0.0054435182555026785,0.4706219512195121,0.4925914634146341,0.41399390243902445,0.019782535161117887,0.07602941961901366,0.0119623019405376,137,164,0.45277573967652657,0.4792682926829264,68.21594684385381,301,17
973,973.0,0.4520507246376812,0.41532608695652173,0.42444202898550726,0.4506728395061728,0.4158395061728395,0.44178395061728404,0.00840158438353287,0.007159567580340265,0.005823304610375972,0.009002676916628564,0.0058168631306203325,0.005576157026367932,0.4764506172839506,0.4886666666666667,0.4098086419753087,0.024399892646269405,0.07334057971014496,0.014633387010198562,138,162,0.4449289216205197,0.48679012345678985,68.74333333333334,300,17
974,974.0,0.4503597122302158,0.4155323741007194,0.42287050359712225,0.4519050632911392,0.4148987341772152,0.44129113924050645,0.008348719527974743,0.007192090678536308,0.005701105532839916,0.009049921366768148,0.005779154302195161,0.005680168402499601,0.47337341772151903,0.4842468354430379,0.41275316455696204,0.023013705491303216,0.06871446134231851,0.010117339040160211,139,158,0.43924071113593116,0.48582278481012614,68.46464646464646,297,19
975,975.0,0.4527591240875912,0.4181970802919708,0.4196277372262774,0.4547254901960785,0.4154248366013072,0.4429869281045751,0.007903073365656134,0.007052085246949758,0.005852233683201024,0.008680473663975395,0.005670231278568072,0.005721176299713786,0.4770980392156862,0.4840915032679739,0.4188888888888889,0.024338915128094996,0.06589442297600312,0.0007388483373884647,137,153,0.44102872069021537,0.5016339869281042,68.64827586206897,290,18
976,976.0,0.45181159420289857,0.41515217391304343,0.4235434782608696,0.4533552631578947,0.4154276315789474,0.4440789473684211,0.007990819575719387,0.0072322014807813485,0.005977842312539383,0.008907847472299169,0.005708060552285318,0.00572853324099723,0.4743947368421053,0.4755657894736842,0.4264473684210526,0.022583142639206744,0.06041361556064079,0.002903890160182998,138,152,0.4423564974463508,0.5006578947368417,69.45862068965518,290,17
977,977.0,0.44618045112781957,0.4111503759398496,0.42157894736842105,0.45246,0.4145666666666667,0.4413066666666667,0.00709336593363107,0.007327240544971451,0.0061260633161852015,0.0087188084,0.0057280855555555555,0.005564985955555558,0.46646666666666675,0.4827733333333334,0.4257333333333333,0.020286215538847185,0.07162295739348379,0.004154385964912244,133,150,0.4559952496869962,0.4850666666666663,69.30035335689045,283,21
978,978.0,0.448442748091603,0.4118015267175572,0.42110687022900756,0.4545533333333333,0.4175533333333334,0.4413133333333333,0.006907116951226618,0.0073203880892721875,0.006150614532952625,0.008778993822222223,0.005525393822222222,0.005609335155555558,0.4718333333333334,0.47901999999999995,0.42860666666666664,0.023390585241730377,0.06721847328244274,0.007499796437659079,131,150,0.42936342983399384,0.4857333333333331,68.0355871886121,281,20
979,979.0,0.44855468750000005,0.4131796875,0.4224765625,0.4523684210526316,0.42063815789473685,0.4380065789473684,0.006885575134277344,0.006951444274902344,0.006252593200683595,0.009001798476454293,0.005529849333448755,0.0055094275882964,0.46434868421052633,0.48629605263157893,0.4251644736842105,0.01579399671052628,0.07311636513157893,0.002687911184210523,128,152,0.4270991176150677,0.4967105263157891,67.89285714285714,280,21
980,980.0,0.445912,0.414992,0.42514399999999997,0.4548866666666667,0.4183866666666667,0.4364266666666667,0.006729584256,0.007176215936,0.006407339264000001,0.009408660488888889,0.005508397155555555,0.005546791288888891,0.46048,0.48398666666666657,0.4257599999999999,0.014568000000000025,0.06899466666666654,0.0006159999999999499,125,150,0.43858687540619,0.48133333333333306,66.97090909090909,275,22
981,981.0,0.4453852459016393,0.4139672131147541,0.4230573770491804,0.45607894736842103,0.4151447368421052,0.4401118421052631,0.00656012207739855,0.007288310400429992,0.006442431134103736,0.009482585872576178,0.005489400103878117,0.005590020386080333,0.4592236842105263,0.47727631578947366,0.43625,0.01383843830888698,0.06330910267471956,0.013192622950819632,122,152,0.43389193688659394,0.48710526315789443,66.15328467153284,274,23
982,982.0,0.440856,0.40885600000000005,0.42298399999999997,0.4580394736842106,0.41524342105263157,0.43988815789473684,0.0059005552640000025,0.0076327152640000015,0.006047999744000001,0.009401590547091413,0.005759486798822715,0.005582112491343491,0.4627039473684211,0.47278947368421054,0.439453947368421,0.02184794736842105,0.06393347368421048,0.016469947368421056,125,152,0.444430529242262,0.48618421052631544,66.17689530685921,277,20
983,983.0,0.4414047619047619,0.4113333333333334,0.421420634920635,0.45886092715231797,0.415841059602649,0.44141059602649013,0.005915494897959185,0.007678047619047618,0.005877545288485765,0.009495391254769527,0.005873643612122275,0.005587513530108329,0.46476821192052975,0.47099337748344366,0.440635761589404,0.02336345001576784,0.05966004415011028,0.01921512666876901,126,151,0.4422006451059311,0.48245033112582747,65.40794223826715,277,22
984,984.0,0.4406031746031746,0.41143650793650793,0.4252222222222222,0.4602278481012659,0.41682278481012663,0.44217721518987346,0.005574683799445705,0.007614293587805492,0.005585141093474426,0.009397315173850344,0.006166436949206857,0.005499145809966353,0.46744936708860757,0.47035443037974684,0.44555063291139235,0.026846192485432963,0.0589179224432389,0.02032841068917013,126,158,0.4665351142126907,0.462911392405063,65.54225352112677,284,20
985,985.0,0.4429772727272728,0.4120833333333333,0.42672727272727273,0.4610817610062893,0.4143396226415094,0.4430817610062893,0.005742522210743802,0.007757091540404042,0.006052925619834711,0.00953767256042087,0.006268740002373324,0.005385597088722758,0.471314465408805,0.46854716981132083,0.4471069182389936,0.02833719268153223,0.05646383647798753,0.02037964551172089,132,159,0.4722220972252281,0.4468553459119494,65.80756013745705,291,21
986,986.0,0.4429370078740158,0.41206299212598424,0.4267086614173228,0.46272670807453414,0.4135031055900621,0.4433975155279503,0.005634153512307025,0.00782977555955112,0.005533356066712134,0.009106099224566955,0.006399902164268356,0.00513847552177771,0.47982608695652174,0.46603726708074533,0.4473167701863354,0.03688907908250594,0.05397427495476109,0.020608108769012645,127,161,0.4792253211721249,0.4503726708074531,66.34722222222223,288,21
987,987.0,0.446062015503876,0.41468217054263573,0.4247829457364341,0.4614567901234568,0.41346913580246913,0.4437777777777778,0.005843918634697435,0.008200340844901148,0.005215224205276126,0.008568334552659655,0.006279026825179089,0.005142135802469136,0.47030864197530864,0.4745925925925927,0.4454567901234568,0.024246626471432664,0.059910422049956946,0.02067384438702269,129,162,0.4621232380619554,0.46444444444444416,66.87285223367698,291,20
988,988.0,0.44797727272727267,0.4149848484848484,0.42484090909090905,0.4665061728395062,0.41000000000000003,0.44291358024691363,0.0062473403925619835,0.008202924012855831,0.0051808610537190086,0.008291570949550372,0.0060661358024691366,0.005184733272367019,0.48275925925925933,0.47437654320987654,0.44226543209876545,0.034781986531986664,0.059391694725028144,0.017424523007856407,132,162,0.4482127883083457,0.48950617283950587,67.00680272108843,294,16
989,989.0,0.4500992366412213,0.4157099236641221,0.42524427480916027,0.4660248447204969,0.4132422360248447,0.44385714285714295,0.006169509236058505,0.008149381504574326,0.00518859681836723,0.00823537826472744,0.0061311897689132365,0.005067625554569654,0.47871428571428565,0.48152173913043483,0.43892546583850933,0.028615049073064336,0.0658118154663127,0.01368119102934906,131,161,0.4555310094223062,0.48242236024844676,67.47260273972603,292,18
990,990.0,0.45256818181818187,0.4176666666666667,0.4249015151515152,0.46643125,0.4109375,0.44165,0.006601336260330579,0.008625358585858585,0.005431179694674013,0.0085902952734375,0.0061681585937500005,0.004825077500000001,0.48464375000000004,0.48245000000000005,0.43581250000000005,0.03207556818181817,0.06478333333333336,0.01091098484848485,132,160,0.46495289412455865,0.4853749999999997,67.1541095890411,292,16
991,991.0,0.4511641791044776,0.41887313432835827,0.42493283582089547,0.4696086956521739,0.40870807453416147,0.4428509316770186,0.007295674537758967,0.008699468979728226,0.005155077578525285,0.008364064272211723,0.006214368195671464,0.004713766598510861,0.49465217391304345,0.473223602484472,0.4380248447204969,0.043487994808565855,0.05435046815611372,0.013092008899601437,134,161,0.4677775945863676,0.46577639751552763,66.64406779661017,295,20
992,992.0,0.4503700787401575,0.416992125984252,0.42608661417322824,0.4662857142857143,0.4096369047619047,0.44230952380952376,0.007231902411804824,0.008570275528551056,0.005329685411370823,0.008702275510204081,0.006192481257086168,0.004812761337868482,0.48966071428571434,0.47945238095238096,0.43605952380952384,0.03929063554555684,0.06246025496812896,0.009972909636295602,127,168,0.4647593498853902,0.46559523809523773,67.11864406779661,295,22
993,993.0,0.44899224806201554,0.4169147286821705,0.42680620155038757,0.4664698795180723,0.409644578313253,0.4411746987951806,0.007055775133705908,0.008638558620275225,0.005114140736734572,0.008800369574684278,0.006266108615183626,0.004731842974306867,0.49089156626506025,0.4759036144578313,0.43595180722891563,0.04189931820304471,0.058988885775660804,0.009145605678528068,129,166,0.4741422985575388,0.46325301204819236,67.88135593220339,295,20
994,994.0,0.4520305343511451,0.4158396946564885,0.4277022900763359,0.4657654320987655,0.4105740740740741,0.4418456790123457,0.007428930365363325,0.008700882699143406,0.005087934269564712,0.008826278311233044,0.006354429698216735,0.0047892169257735115,0.48470370370370364,0.4846543209876544,0.4279197530864197,0.03267316935255854,0.06881462633116586,0.00021746301008379598,131,162,0.4740049962767919,0.4499999999999997,67.37883959044369,293,21
995,995.0,0.45070542635658917,0.41561240310077524,0.428953488372093,0.4636374999999999,0.40875000000000006,0.43964374999999994,0.007134517877531399,0.008851772249263866,0.005144602487831261,0.008851006093749999,0.0062584375,0.004709166835937502,0.48185,0.48458749999999995,0.42754375000000006,0.031144573643410833,0.06897509689922471,0.0014097383720929613,129,160,0.4675330624223199,0.44137499999999974,67.14532871972318,289,24
996,996.0,0.45158914728682165,0.41760465116279066,0.4270852713178294,0.463037037037037,0.4069320987654321,0.44049382716049384,0.007280691665164353,0.00863817703263025,0.005078357069887628,0.009095517146776408,0.006344544772138395,0.0047405709495503745,0.4823333333333334,0.48551234567901236,0.42939506172839503,0.030744186046511746,0.0679076945162217,0.0023097904105656153,129,162,0.4567979096155838,0.4503703703703701,67.9278350515464,291,24
997,997.0,0.45305185185185187,0.4157777777777778,0.4264666666666666,0.46280625000000003,0.40688124999999997,0.44054374999999996,0.007443071385459535,0.008457624691358023,0.004983641481481482,0.0090072937109375,0.006521767148437501,0.004878698085937501,0.47290625000000003,0.4806437499999999,0.43105625,0.019854398148148156,0.06486597222222212,0.004589583333333369,135,160,0.4592576600528843,0.4319999999999998,66.76610169491525,295,23
998,998.0,0.44914705882352945,0.41519117647058823,0.4288897058823529,0.4586727272727272,0.4076363636363636,0.43966060606060614,0.007614022491349482,0.008822595804498271,0.005152201070501731,0.009310935316804408,0.006399976859504134,0.004982490872359964,0.4644666666666667,0.4826484848484848,0.43052727272727276,0.01531960784313724,0.0674573083778966,0.0016375668449198355,136,165,0.46432601616828606,0.43060606060606044,66.53488372093024,301,19
999,999.0,0.4453484848484849,0.4165454545454545,0.4288863636363636,0.4578231707317073,0.40749390243902434,0.436939024390244,0.008128272497704316,0.009168566115702478,0.005054797692837466,0.009491694341165972,0.006408823133551457,0.004991971891731113,0.4649268292682927,0.4825426829268293,0.43012195121951213,0.019578344419807825,0.06599722838137478,0.001235587583148512,132,164,0.47560721424935065,0.4219512195121949,66.46621621621621,296,22
1000,1000.0,0.4417716535433071,0.4153149606299213,0.43006299212598426,0.45644999999999997,0.40621875,0.43605,0.008143105338210676,0.008837979539959082,0.005289381858763719,0.00959746,0.0063092458984375,0.00504981,0.4631125,0.48012499999999997,0.43223749999999994,0.021340846456692875,0.06481003937007868,0.0021745078740156853,127,160,0.49961891613489673,0.42049999999999976,66.06620209059234,287,22
1001,1001.0,0.4447307692307692,0.4152692307692308,0.4320538461538462,0.45585185185185184,0.40592592592592597,0.4349938271604938,0.008163581360946746,0.008885935207100593,0.005468666331360947,0.009674101508916323,0.00633662414266118,0.005105006134735559,0.4588271604938272,0.4811913580246914,0.43144444444444446,0.014096391263058006,0.0659221272554606,0.0006094017094017135,130,162,0.48597399776197975,0.42024691358024663,65.50342465753425,292,21
1002,1002.0,0.4448384615384615,0.4152692307692308,0.43233076923076924,0.45365432098765435,0.40313580246913583,0.4352530864197531,0.008507904674556213,0.0083432275147929,0.005381959822485208,0.009469979271452522,0.005854623532998019,0.005117361873190064,0.4505555555555556,0.4891913580246913,0.4276481481481481,0.005717094017094082,0.07392212725546055,0.00468262108262113,130,162,0.5012339766070353,0.41148148148148117,64.4486301369863,292,22
1003,1003.0,0.44255813953488377,0.41732558139534887,0.43153488372093024,0.45435625,0.40311250000000004,0.43555625,0.008511719488011538,0.007899987020010817,0.005285287542815938,0.0094471293359375,0.0058823123437500005,0.005179771835937501,0.4483625,0.48495625000000003,0.43241250000000003,0.005804360465116232,0.06763066860465117,0.0008776162790697928,129,160,0.5280582637352303,0.4144999999999997,64.81314878892734,289,19
1004,1004.0,0.4434135338345865,0.4142556390977444,0.43171428571428566,0.452724358974359,0.40225641025641024,0.4374935897435897,0.00846409214766239,0.007975814347899825,0.005551452201933406,0.009371225304076266,0.005814088099934254,0.005211903805062461,0.4331410256410257,0.4891666666666667,0.4397884615384615,0.010272508193560792,0.07491102756892232,0.008074175824175855,133,156,0.5175982249176135,0.4191025641025638,65.14186851211073,289,21
1005,1005.0,0.44213740458015266,0.4141068702290076,0.4330992366412214,0.4522875816993465,0.40404575163398687,0.43686274509803924,0.008144515471126391,0.008046553464250334,0.0052189290833867495,0.009506727754282542,0.005899703789140929,0.005456366782006922,0.43502614379084964,0.48600000000000004,0.44282352941176467,0.00711126078930302,0.07189312977099244,0.009724292770543264,131,153,0.5226894063563854,0.4181045751633984,65.55633802816901,284,25
1006,1006.0,0.44133846153846157,0.4147076923076923,0.43516153846153843,0.45136184210526314,0.40405263157894733,0.436921052631579,0.008254593136094675,0.008073376094674557,0.0050990123668639056,0.009555836175554017,0.005871615650969529,0.005403296398891967,0.43673684210526315,0.48658552631578955,0.4422763157894737,0.004601619433198423,0.07187783400809727,0.007114777327935251,130,152,0.5092204345970538,0.4264473684210523,65.88297872340425,282,27
1007,1007.0,0.44607874015748034,0.41027559055118107,0.43695275590551175,0.44933986928104575,0.4020915032679738,0.4359019607843137,0.008591836319672638,0.007685837435674871,0.00509265918531837,0.009296891024819513,0.005703364176171558,0.005359343329488659,0.429843137254902,0.4818169934640522,0.4470326797385621,0.01623560290257836,0.07154140291287114,0.010079923833050342,127,153,0.5006259800940593,0.4411111111111108,65.18928571428572,280,23
1008,1008.0,0.4467637795275591,0.4098346456692913,0.435984251968504,0.4513355704697986,0.4008926174496645,0.43642953020134223,0.008161030814061629,0.007717728563457127,0.005093306838613677,0.009441028332057113,0.005662605918652313,0.005478768523940363,0.43717449664429525,0.47431543624161077,0.45367785234899327,0.009589282883263828,0.06448079057231948,0.017693600380489283,127,149,0.5035159665084922,0.4465100671140937,63.916666666666664,276,22
1009,1009.0,0.44760483870967743,0.4077903225806451,0.43713709677419355,0.45132432432432434,0.4019594594594595,0.4363175675675675,0.008196755137877213,0.007443504422476588,0.004712827978668056,0.009258313732651572,0.005620633491599708,0.0055015950967859766,0.43295945945945946,0.47865540540540547,0.45570270270270274,0.014645379250217971,0.07086508282476034,0.0185656059285092,124,148,0.49750453410807133,0.462297297297297,64.37132352941177,272,23
1010,1010.0,0.447256,0.406632,0.43668000000000007,0.44977852348993286,0.4024295302013422,0.4403020134228188,0.008151758463999998,0.007267992575999999,0.0046860576000000015,0.009012038196477636,0.005595090671591371,0.005661512814738075,0.4295100671140939,0.47474496644295305,0.4637919463087248,0.01774593288590609,0.06811296644295306,0.02711194630872471,125,149,0.4799335284843458,0.4783221476510064,64.9963503649635,274,23
1011,1011.0,0.45004032258064514,0.40750000000000003,0.4374758064516129,0.45062162162162167,0.4026351351351351,0.44019594594594597,0.007871441922476588,0.007100879032258064,0.004884846188865765,0.009174924397370344,0.0056167587655222805,0.005671738632213295,0.4325067567567567,0.4741351351351351,0.4634864864864865,0.01753356582388843,0.06663513513513508,0.026010680034873612,124,148,0.4947425882934342,0.4806756756756754,65.15073529411765,272,20
1012,1012.0,0.4520714285714286,0.4044444444444444,0.4363571428571429,0.4527999999999999,0.40062068965517245,0.4394068965517241,0.007788463151927438,0.00652858024691358,0.00441846768707483,0.00908936,0.005561987158145066,0.005681482711058265,0.4433862068965517,0.4697448275862069,0.4702413793103448,0.008685221674876897,0.06530038314176251,0.03388423645320193,126,145,0.4984322819729229,0.48310344827586177,65.26568265682657,271,21
1013,1013.0,0.44883969465648854,0.4041145038167939,0.4389312977099237,0.4537692307692308,0.39984615384615385,0.4413146853146853,0.007474562088456384,0.0061870021560515125,0.0043831326845754906,0.009097743948359332,0.005529976331360947,0.00548136251161426,0.4474615384615384,0.463993006993007,0.47348251748251746,0.0013781561949501309,0.05987850317621307,0.03455121977259379,131,143,0.5067310189096458,0.48888111888111846,65.38321167883211,274,17
1014,1014.0,0.44943076923076924,0.40046923076923074,0.43899230769230774,0.4578581560283688,0.39634751773049637,0.4417092198581561,0.007506968284023669,0.006181879822485208,0.004310823017751478,0.009230192646245158,0.005372467883909261,0.005472660127760174,0.4523900709219858,0.4563687943262411,0.4811134751773049,0.0029593016912165537,0.05589956355701037,0.04212116748499717,130,141,0.5004269459000585,0.4797872340425528,65.07380073800738,271,20
1015,1015.0,0.45081967213114754,0.40072131147540985,0.43813114754098365,0.4603884892086331,0.3971942446043165,0.44175539568345323,0.006962508465466273,0.0061046108572964265,0.004109818865896265,0.009352683608508876,0.005276962269033693,0.0055530624708866,0.4686690647482015,0.4563741007194244,0.4794892086330935,0.017849392617053983,0.05565278924401457,0.04135806109210988,122,139,0.5153361762435867,0.48956834532374066,66.33716475095785,261,21
1016,1016.0,0.45322314049586776,0.4007851239669421,0.4376694214876033,0.46486764705882355,0.39727205882352945,0.44272058823529414,0.0072247188033604266,0.006141342258042483,0.004174502288095076,0.00902552660034602,0.005308448042820069,0.005554304282006921,0.48176470588235293,0.4555588235294118,0.47678676470588227,0.028541565386485168,0.05477369956246969,0.03911734321827898,121,136,0.5095096153567963,0.49823529411764667,66.82101167315174,257,22
1017,1017.0,0.450725,0.40036666666666665,0.436975,0.4675474452554745,0.397007299270073,0.44499999999999995,0.007405216041666667,0.005927865555555556,0.004146541041666666,0.008677298843838244,0.0052816860781075186,0.005297518248175183,0.47744525547445255,0.45891970802919707,0.4810802919708028,0.02672025547445256,0.05855304136253042,0.04410529197080282,120,137,0.49664956708039615,0.5191970802919704,67.6887159533074,257,20
1018,1018.0,0.45091596638655457,0.398781512605042,0.4352857142857142,0.46643478260869564,0.39565942028985507,0.445768115942029,0.007613522350116517,0.005336758985947319,0.003946758703481392,0.00874469502205419,0.005148499947490023,0.005314511447174965,0.47658695652173916,0.4594637681159421,0.480768115942029,0.02567099013518459,0.06068225551090006,0.045482401656314786,119,138,0.5080307002959457,0.509565217391304,67.52918287937743,257,24
1019,1019.0,0.45111016949152544,0.40006779661016956,0.4346101694915254,0.46246376811594203,0.39422463768115945,0.44639855072463774,0.007786470913530595,0.005158842861246768,0.00398996667624246,0.009005060281453476,0.005090565479941188,0.005377399128334384,0.4722463768115942,0.4682536231884058,0.471840579710145,0.021136207320068767,0.06818582657823624,0.03723041021861956,118,138,0.49060862803610544,0.5091304347826084,67.5390625,256,27
1020,1020.0,0.4494615384615384,0.39998290598290603,0.432008547008547,0.46483453237410066,0.3957913669064748,0.44590647482014384,0.007845120315581855,0.005096033895828769,0.00384829907224779,0.008691562548522335,0.005344970860721494,0.005602257440091093,0.477589928057554,0.4664172661870503,0.4769640287769784,0.0281283895960156,0.06643436020414428,0.04495548176843139,117,139,0.48531091702253687,0.5308633093525176,67.26171875,256,24
1021,1021.0,0.4502521008403361,0.4001596638655463,0.4363865546218488,0.4649710144927536,0.39758695652173914,0.4442246376811594,0.007578440646846975,0.004820487112492055,0.004043379987289033,0.008708883217811386,0.005361691713925646,0.005585942291535391,0.4822246376811594,0.4688405797101449,0.47295652173913044,0.031972536840823296,0.06868091584459862,0.036569967117281665,119,138,0.5051022116429086,0.5253623188405794,66.70038910505836,257,22
1022,1022.0,0.4474521739130435,0.40056521739130446,0.43468695652173905,0.4659647887323944,0.40005633802816903,0.4406267605633803,0.007402647712665406,0.004761028355387524,0.004039380264650284,0.008731428337631422,0.005709475699266019,0.005892374776829995,0.4873450704225351,0.47556338028169015,0.46421126760563375,0.03989289650949163,0.07499816289038569,0.029524311083894694,115,142,0.5101972174993468,0.5130985915492955,67.01167315175097,257,24
1023,1023.0,0.4463097345132743,0.4018407079646017,0.434283185840708,0.4644195804195805,0.40065734265734265,0.4393776223776224,0.006653718223823323,0.004895709139321794,0.0043631941420628085,0.008574145630593185,0.005704113355176292,0.005749577681060199,0.48700000000000004,0.4752587412587413,0.4634965034965035,0.04069026548672572,0.0734180332941396,0.02921331765579549,113,143,0.5330491981766823,0.5116783216783212,67.0234375,256,22
1024,1024.0,0.44605309734513277,0.4030973451327434,0.4320088495575221,0.4642394366197183,0.40132394366197177,0.4385915492957746,0.006676156472707339,0.004521556895606547,0.004156380452658783,0.008958787740527673,0.00580907815909542,0.005645143027177148,0.48497887323943667,0.46783802816901404,0.46619014084507043,0.038925775894303905,0.06474068303627062,0.03418129128754832,113,142,0.5337731490694455,0.5118309859154926,67.14901960784314,255,24
1025,1025.0,0.4461391304347826,0.40471304347826087,0.4352086956521739,0.46820422535211276,0.40120422535211264,0.44005633802816907,0.0068766936862003775,0.004690308960302457,0.004291069489603025,0.009536528714540766,0.00567712026383654,0.005667194009125174,0.4908873239436619,0.46326760563380287,0.47199295774647887,0.04474819350887932,0.058554562155542,0.036784262094304965,115,142,0.5295518896175297,0.5126760563380278,67.47859922178988,257,25
1026,1026.0,0.44551282051282054,0.4045641025641026,0.4355299145299145,0.4698776978417266,0.40325179856115106,0.44128776978417267,0.006815548980933597,0.0046114253780407625,0.004322385857257652,0.009640898711246829,0.005621742352880286,0.0056414711453858495,0.49084172661870507,0.46781294964028786,0.4666043165467626,0.045328906105884526,0.06324884707618528,0.03107440201684808,117,139,0.5125914657326839,0.5265467625899276,68.0859375,256,28
1027,1027.0,0.44727731092436973,0.4061428571428571,0.43559663865546216,0.4707785714285715,0.40395714285714285,0.44282857142857146,0.006849528140668032,0.004639433373349338,0.004276425534919851,0.01044711525510204,0.005448569591836735,0.0057422706122449,0.4925142857142857,0.46431428571428573,0.4651,0.04523697478991595,0.05817142857142865,0.02950336134453785,119,140,0.5174968042008075,0.5337142857142853,67.84555984555985,259,24
1028,1028.0,0.4448943089430894,0.40684552845528443,0.43314634146341463,0.47203496503496506,0.40378321678321677,0.4418741258741259,0.006906533544847644,0.004981902967810166,0.004480824112631372,0.010611236539684092,0.005432505452589369,0.005687396743117024,0.49288111888111885,0.46177622377622374,0.4658671328671329,0.04798680993802945,0.054930695320939305,0.03272079140371825,123,143,0.5066890991901972,0.5337762237762234,68.00375939849624,266,24
1029,1029.0,0.4450165289256198,0.4118760330578512,0.4322066115702479,0.47221088435374153,0.4042517006802721,0.441374149659864,0.007305421214397924,0.005231083805750974,0.004469618468683833,0.011020111990374382,0.0055622291637743545,0.005716723957610256,0.4892448979591836,0.4558163265306122,0.4702244897959184,0.04422836903356375,0.043940293472761016,0.03801787822567049,121,147,0.498605579440734,0.531224489795918,68.08955223880596,268,25
1030,1030.0,0.4424098360655738,0.4119098360655737,0.4334754098360656,0.47395364238410603,0.40380794701986755,0.44045033112582777,0.007729323837678044,0.0052393115425960765,0.004357134641225478,0.011350097188719791,0.0055440227183018295,0.005754883294592343,0.48567549668874166,0.44720529801324505,0.47696026490066223,0.043265660623167834,0.03529546194767136,0.04348485506459665,122,151,0.506819522973301,0.52205298013245,67.86080586080585,273,21
1031,1031.0,0.4441818181818182,0.4140247933884297,0.43404132231404957,0.47095454545454535,0.40678571428571425,0.44031168831168827,0.007621322314049587,0.005134668806775493,0.004301345399904378,0.010950601829988195,0.005468220315398887,0.005879032720526227,0.48841558441558447,0.44672727272727275,0.4782662337662338,0.04423376623376629,0.03270247933884307,0.04422491145218421,121,154,0.4981088176154752,0.5032467532467528,66.82181818181819,275,24
1032,1032.0,0.44449206349206344,0.41131746031746036,0.43102380952380953,0.46729870129870127,0.4065,0.4425454545454546,0.00804718644494835,0.0049399150919627105,0.004528547052154196,0.01101532636194974,0.005511509740259741,0.006016832349468714,0.483448051948052,0.44559090909090904,0.48295454545454547,0.03895598845598858,0.03427344877344868,0.05193073593073594,126,154,0.526612174452189,0.48116883116883075,66.35357142857143,280,22
1033,1033.0,0.44290476190476197,0.4124682539682539,0.42897619047619046,0.4662866242038216,0.40531210191082806,0.4444968152866242,0.007741848072562359,0.0051877728017132784,0.004473880385487528,0.010888777719177248,0.005479666923607449,0.006000797760558238,0.47871337579617834,0.4467070063694266,0.47976433121019113,0.035808613891416374,0.034238752401172745,0.050788140734000675,126,157,0.5215419661835392,0.4775159235668786,66.81272084805654,283,24
1034,1034.0,0.444172131147541,0.4115081967213115,0.4297622950819671,0.4681210191082803,0.40431210191082806,0.44514012738853503,0.007916814633163129,0.005499381080354744,0.004996476283257189,0.011207367519980527,0.005540686031887704,0.005978044058582499,0.47789171974522293,0.44555414012738853,0.48100000000000004,0.033719588597681927,0.03404594340607703,0.05123770491803292,122,157,0.5312707276654812,0.48503184713375763,66.73476702508961,279,20
1035,1035.0,0.4441904761904761,0.4095873015873016,0.42784126984126986,0.4708695652173913,0.4044782608695653,0.4453850931677018,0.007801090702947845,0.006016147140337615,0.0049809589317208365,0.01139957926005941,0.005386684310018904,0.005934075305736662,0.48558385093167705,0.44566459627329197,0.48315527950310555,0.04139337474120097,0.03607729468599036,0.055314009661835695,126,161,0.5275549436029897,0.47372670807453376,66.63066202090593,287,21
1036,1036.0,0.447125,0.41146875,0.427546875,0.4723975155279503,0.4051987577639751,0.4447329192546583,0.008015390625,0.0059101708984375,0.0049241071777343754,0.011417133906870878,0.005444407700320204,0.005947239226881679,0.47871428571428565,0.4476956521739131,0.4862981366459627,0.03158928571428565,0.03622690217391311,0.05875126164596273,128,161,0.5419972192185334,0.46565217391304314,66.76124567474048,289,20
1037,1037.0,0.4471484375,0.412546875,0.4289765625,0.4759627329192546,0.4045279503105591,0.445968944099379,0.0077998607788085945,0.005911232177734375,0.004832194763183594,0.010940048300605687,0.005437367231202501,0.005953322016897497,0.4835900621118013,0.44641614906832294,0.4904968944099379,0.03644162461180128,0.03386927406832296,0.061520331909937886,128,161,0.5342901958466234,0.4703726708074531,66.65397923875433,289,20
1038,1038.0,0.4478880597014925,0.41283582089552234,0.4301865671641791,0.4747125,0.40656875000000003,0.44572500000000004,0.0077204128425039,0.005881256627311206,0.004774211461349967,0.010964917343750002,0.005311420273437501,0.005910399375000001,0.4791187499999999,0.4456125,0.49736875,0.031230690298507446,0.03277667910447768,0.06718218283582095,134,160,0.5261376121067826,0.4524999999999997,66.56802721088435,294,22
1039,1039.0,0.44598550724637676,0.4117391304347826,0.42928985507246376,0.47301935483870955,0.40650322580645165,0.4442258064516129,0.007994463558076035,0.005871700063011972,0.004881626128964504,0.010779528657648283,0.005378133860561915,0.005800381269510927,0.4756516129032258,0.4411290322580645,0.5050903225806451,0.029666105656849018,0.029389901823281883,0.07580046750818137,138,155,0.508348613605896,0.45503225806451575,66.68600682593856,293,22
1040,1040.0,0.4470289855072464,0.4106014492753623,0.42887681159420293,0.47266666666666673,0.4059607843137255,0.446156862745098,0.007891970174333124,0.005931645505145978,0.00485986163621088,0.01089705882352941,0.005337384083044984,0.0055066420607458675,0.46770588235294114,0.4357973856209151,0.5059999999999999,0.020676896845694737,0.025195936345552783,0.07712318840579696,138,153,0.503200528079369,0.46803921568627416,67.38487972508591,291,19
1041,1041.0,0.44764963503649635,0.4091386861313869,0.42864963503649633,0.4752025316455696,0.40515822784810135,0.4459683544303797,0.007997906441472642,0.005929842080025574,0.004944373594757313,0.010625718474603432,0.00531624711584682,0.005375207859317417,0.4658354430379747,0.4307784810126583,0.5045126582278481,0.018185808001478343,0.021639794881271435,0.07586302319135174,137,158,0.49659635521862655,0.4632911392405061,67.51186440677967,295,18
1042,1042.0,0.4469185185185185,0.4060888888888889,0.42837037037037035,0.4709235668789809,0.4062611464968152,0.4450063694267516,0.007620637805212619,0.0061440069135802475,0.00506889986282579,0.01072511517708629,0.005156817152825673,0.005661700596373079,0.46070700636942685,0.43648407643312104,0.49770700636942666,0.01378848785090836,0.03039518754423215,0.06933663599905632,135,157,0.4827890724558312,0.45891719745222903,66.59246575342466,292,20
1043,1043.0,0.4448666666666667,0.40442222222222224,0.4318962962962963,0.46598089171974527,0.40533757961783445,0.44382165605095547,0.0069476711111111115,0.006132466172839507,0.005239648504801098,0.01041994231003286,0.0052674592884092665,0.0056301720150918905,0.45082802547770695,0.4386433121019109,0.4955286624203822,0.005961358811040263,0.03422108987968864,0.0636323661240859,135,157,0.49216694510258174,0.44273885350318437,66.43835616438356,292,24
1044,1044.0,0.44138805970149253,0.40335820895522384,0.4336716417910448,0.4634076433121019,0.4024140127388535,0.44194267515923563,0.006250282245488973,0.005835767208732458,0.005255519046558254,0.011003693699541562,0.004937057892815125,0.0056918884336078545,0.45498089171974526,0.4275732484076433,0.49859872611464967,0.013592832018252732,0.024215039452419485,0.06492708432360489,134,157,0.4880805778569636,0.4655414012738851,66.4020618556701,291,20
1045,1045.0,0.4411897810218978,0.4058321167883212,0.4336058394160584,0.4627169811320755,0.40130817610062897,0.43891823899371074,0.006158431136448398,0.005622285683840374,0.005204049016996111,0.010925636881452474,0.0047913201218306245,0.005588766900043512,0.44970440251572324,0.4261761006289308,0.4987861635220125,0.008514621493825425,0.020343983840609592,0.06518032410595409,137,159,0.4811393080488899,0.45628930817610036,66.48986486486487,296,21
1046,1046.0,0.44264285714285717,0.4064,0.4320142857142857,0.46139354838709673,0.40125806451612905,0.4379806451612903,0.006485901020408164,0.005659511428571429,0.00552472836734694,0.011268122539021852,0.004731210822060354,0.0056636705931321545,0.4448967741935484,0.4278322580645162,0.5006387096774195,0.002253917050691223,0.021432258064516208,0.06862442396313384,140,155,0.47341696547808026,0.45735483870967714,66.88813559322034,295,21
1047,1047.0,0.4435915492957746,0.4056619718309859,0.4334295774647888,0.4612193548387097,0.40143870967741935,0.437141935483871,0.00681397401309264,0.0056973505256893466,0.0056535830688355495,0.01117262285119667,0.004723897856399584,0.00581332178980229,0.4389677419354838,0.4285096774193549,0.4964967741935484,0.004623807360290777,0.022847705588369016,0.0630671967287596,142,155,0.4831870286366124,0.46187096774193515,67.84175084175084,297,19
1048,1048.0,0.4434642857142857,0.4057428571428572,0.4340928571428571,0.4575483870967741,0.3993483870967742,0.4366129032258064,0.006536834438775509,0.005884262448979592,0.005820041377551021,0.011127667013527576,0.004868007658688866,0.00565777273673257,0.4324709677419355,0.4248516129032258,0.49092903225806456,0.010993317972350203,0.019108755760368634,0.056836175115207443,140,155,0.49321662269489774,0.4598064516129029,67.07118644067796,295,18
1049,1049.0,0.4433241379310345,0.405648275862069,0.43235172413793105,0.45574358974358975,0.39823717948717946,0.4362820512820513,0.006455281141498217,0.006375841807372177,0.005621924565992867,0.011357408612754765,0.004876373233070348,0.00575156147271532,0.4287756410256411,0.41718589743589746,0.4931410256410257,0.014548496905393393,0.011537621573828483,0.06078930150309464,145,156,0.48513277955054557,0.4507692307692305,67.51827242524917,301,21
1050,1050.0,0.44403401360544215,0.40601360544217685,0.43099319727891156,0.45258750000000003,0.39895,0.43665000000000004,0.006410128094775326,0.006305169882919155,0.005582374103382849,0.011069454843750002,0.004856685000000001,0.0057303275,0.42645,0.41541249999999996,0.49790624999999994,0.01758401360544215,0.009398894557823112,0.06691305272108838,147,160,0.483942268758031,0.44412499999999966,67.01628664495114,307,18
1051,1051.0,0.44626973684210525,0.40386184210526316,0.43135526315789474,0.4519753086419753,0.39998765432098765,0.4351728395061728,0.00623422329466759,0.006108711175554016,0.005386992209141274,0.010889851242188692,0.00484120972412742,0.005906957780826094,0.43256790123456784,0.40924074074074074,0.5008395061728395,0.013701835607537405,0.00537889863547758,0.06948424301494471,152,162,0.47782474650156653,0.42851851851851824,66.97770700636943,314,21
1052,1052.0,0.44780769230769235,0.40255128205128204,0.42995512820512816,0.450679012345679,0.3995493827160494,0.4340493827160494,0.0062762450690335295,0.006127990959894807,0.0055162992685733065,0.011007427831123306,0.005003766079865875,0.0058346889193720474,0.4376728395061728,0.40750000000000003,0.49430864197530866,0.010134852801519545,0.004948717948717984,0.0643535137701805,156,162,0.47964413074673284,0.41506172839506145,66.75157232704403,318,18
1053,1053.0,0.4479281045751634,0.4021503267973856,0.42945751633986934,0.4494074074074074,0.3984382716049383,0.43170987654320997,0.0064417399290871025,0.006182912042376864,0.005475999829125551,0.011558957475994513,0.00488296223898796,0.005651082495046488,0.44667283950617287,0.4036604938271605,0.484283950617284,0.001255265068990541,0.0015101670297749115,0.05482643427741468,153,162,0.46951303566956465,0.40407407407407375,66.44761904761904,315,22
1054,1054.0,0.44774509803921575,0.4027516339869281,0.4294575163398692,0.4479358974358975,0.3991153846153846,0.43104487179487183,0.006539876201460976,0.006222591909094793,0.005475411593831433,0.011770649737015122,0.004931640532544379,0.00573036337113741,0.45081410256410254,0.402326923076923,0.48448717948717956,0.003069004524886787,0.0004247109100050661,0.05502966314731034,153,156,0.45206350639868925,0.42820512820512785,66.58899676375404,309,21
1055,1055.0,0.44702,0.4000333333333333,0.42891333333333337,0.4452287581699347,0.40063398692810454,0.4305751633986929,0.006710646266666668,0.006145552222222223,0.0055230791555555565,0.01167041172198727,0.004911787603058653,0.005696427356999445,0.4417712418300654,0.3959738562091503,0.4918888888888889,0.0052487581699345864,0.004059477124182975,0.0629755555555555,150,153,0.44561316799166406,0.4352287581699343,67.1980198019802,303,24
1056,1056.0,0.44904575163398697,0.3996339869281046,0.4259738562091503,0.4450196078431372,0.401640522875817,0.4300196078431372,0.006686658037506942,0.006152035969071724,0.005582208466828998,0.011435444059976931,0.005089903455935752,0.005682568242983469,0.4381176470588236,0.3946470588235294,0.4960065359477124,0.010928104575163355,0.004986928104575183,0.07003267973856209,153,153,0.4550154238339753,0.43222222222222184,66.50653594771242,306,21
1057,1057.0,0.45199342105263157,0.4002894736842106,0.428375,0.4425974025974026,0.4007077922077922,0.43059090909090914,0.006508177588296399,0.006343731994459834,0.00568869490131579,0.011321785967279474,0.0052416873418789,0.005754176800472254,0.4443701298701299,0.4003376623376623,0.4926753246753246,0.007623291182501657,4.8188653451741725e-05,0.0643003246753246,152,154,0.457285571888913,0.4346753246753244,66.59803921568627,306,19
1058,1058.0,0.4513087248322147,0.40422818791946313,0.4293959731543625,0.443423076923077,0.39870512820512816,0.42918589743589747,0.006458052339984686,0.006489625782622404,0.005472413675059682,0.011076000493096646,0.005363105358316898,0.005580920570348456,0.4479871794871795,0.39142948717948717,0.49661538461538457,0.003321545345035204,0.012798700739975966,0.06721941146102206,149,156,0.45531209051329374,0.4242307692307689,65.95409836065573,305,19
1059,1059.0,0.452078431372549,0.40149019607843134,0.43194117647058816,0.4456315789473684,0.39953947368421056,0.42851315789473693,0.00624528796616686,0.006287792387543253,0.005341375624759708,0.011300469529085871,0.005706945810249308,0.005406407721606649,0.45935526315789477,0.38069078947368423,0.5012565789473684,0.007276831785345772,0.020799406604747106,0.06931540247678025,153,152,0.4953134192899646,0.3960526315789471,63.967213114754095,305,15
1060,1060.0,0.453748344370861,0.4022913907284768,0.4335496688741721,0.449421052631579,0.3978092105263158,0.4308355263157894,0.006195499583351607,0.006408060786807595,0.005323704486645322,0.011696704293628811,0.005723062283587259,0.005408347948407203,0.46259210526315786,0.37509868421052633,0.5081052631578947,0.008843760892296881,0.02719270651795047,0.0745555942837226,151,152,0.4953455968831939,0.39368421052631547,64.59075907590758,303,18
1061,1061.0,0.4535364238410596,0.40567549668874164,0.4305165562913908,0.4512857142857143,0.39919480519480516,0.43177272727272725,0.006548526818999168,0.00644027218104469,0.005403375553703784,0.011795840445269016,0.005894338674312701,0.0056434223730814645,0.4747272727272728,0.38067532467532467,0.5053701298701299,0.0211908488862132,0.025000172013416977,0.07485357357873906,151,154,0.49991006693239254,0.3846753246753244,64.38360655737705,305,18
1062,1062.0,0.45341333333333333,0.40665999999999997,0.4292733333333334,0.45283766233766237,0.3971558441558441,0.4327142857142858,0.006845215822222223,0.0062971044000000006,0.00590142528888889,0.011733720399730141,0.0058373393489627255,0.005315424860853433,0.4857532467532468,0.37744155844155847,0.5076233766233766,0.03233991341991349,0.0292184415584415,0.07835004329004325,150,154,0.508280836074082,0.3857142857142854,64.1907894736842,304,18
1063,1063.0,0.45324161073825514,0.4066040268456376,0.4277248322147651,0.45260130718954245,0.398045751633987,0.43360130718954243,0.006824008738345121,0.006275621728750957,0.005866481329669835,0.01222122012901021,0.0057484619590755705,0.005174148233585374,0.4904117647058824,0.37169281045751634,0.5058235294117648,0.03717015396762724,0.03491121638812128,0.07809869719699969,149,153,0.4938851857352243,0.39718954248365984,64.83112582781457,302,19
1064,1064.0,0.45482312925170065,0.4067891156462585,0.4277755102040817,0.45471523178807943,0.397841059602649,0.4318476821192052,0.0066616149752417985,0.006289091582211116,0.005871847563515202,0.011574071224946273,0.0057338555326520765,0.005080592693302926,0.49590728476821194,0.37296026490066225,0.49752317880794705,0.04108415551651129,0.03382885074559627,0.06974766860386533,147,151,0.4996292574592845,0.39013245033112554,64.71476510067114,298,21
1065,1065.0,0.4543972602739725,0.4033356164383562,0.4270342465753425,0.45515231788079474,0.39705298013245033,0.4315298013245033,0.006484979170576094,0.006447318868455619,0.005753416635391256,0.011533917196614183,0.005720500504363844,0.005136739178106225,0.49537748344370863,0.37164238410596023,0.4999006622516557,0.04098022316973615,0.03169323233239596,0.07286641567631319,146,151,0.5162358811487028,0.39145695364238375,65.14141414141415,297,18
1066,1066.0,0.45363888888888887,0.40225,0.42645138888888895,0.4582432432432433,0.39794594594594596,0.43056756756756753,0.006708008487654321,0.006724506944444444,0.005802830970293211,0.010656873265157048,0.0057079565376187,0.005212204894083273,0.48977702702702697,0.3793310810810811,0.5001418918918918,0.0361381381381381,0.022918918918918896,0.0736905030030029,144,148,0.5170565403861607,0.4112162162162159,64.97260273972603,292,17
1067,1067.0,0.4550833333333333,0.4029861111111111,0.42580555555555555,0.4625862068965517,0.39870344827586207,0.4326689655172414,0.006902798611111111,0.006774041473765432,0.005699392746913581,0.010590118430439952,0.00558316033293698,0.0053593938644470865,0.4979103448275862,0.3783241379310345,0.5053862068965518,0.04282701149425294,0.024661973180076624,0.07958065134099623,144,145,0.505298620670878,0.42034482758620656,64.86851211072664,289,20
1068,1068.0,0.45441891891891883,0.40606081081081075,0.42423648648648654,0.4624557823129252,0.39917687074829933,0.4333061224489796,0.007448581263696128,0.006876530085829073,0.005861950830898466,0.010692492942755335,0.005635397288166968,0.005267640982923782,0.49586394557823127,0.3791700680272109,0.5021156462585035,0.041445026659312434,0.02689074278359982,0.07787915977201693,148,147,0.5075685849887944,0.40020408163265275,65.58305084745763,295,23
1069,1069.0,0.4529668874172185,0.40499337748344366,0.42401324503311255,0.4646619718309859,0.39942957746478874,0.43254225352112674,0.007695634665146267,0.006823291346870752,0.005792821016622077,0.010724758976393571,0.005803526730807381,0.0049947552568934735,0.4893239436619719,0.3851760563380282,0.5028028169014084,0.03635705624475338,0.019817321145415456,0.07878957186829583,151,142,0.5125268185947764,0.41591549295774616,66.1160409556314,293,20
1070,1070.0,0.4506168831168831,0.40385064935064935,0.42223376623376624,0.4675616438356165,0.40069863013698626,0.43228767123287676,0.007742522052622703,0.006831763408669252,0.005791867431270029,0.010890410583599174,0.006266525614561831,0.004988218615124789,0.49263698630136993,0.38103424657534246,0.5062260273972603,0.042020103184486846,0.022816402775306888,0.08399226116349406,154,146,0.49573130745888894,0.40945205479452024,66.29666666666667,300,20
1071,1071.0,0.44931446540880504,0.4050440251572328,0.4208805031446541,0.4660902777777778,0.40094444444444444,0.4322222222222222,0.008214014319053838,0.0073291364265654045,0.00571337565760848,0.010672554349922838,0.0062100108024691365,0.005057686728395062,0.48237499999999994,0.37979861111111113,0.5151666666666667,0.0330605345911949,0.025245414046121684,0.09428616352201258,159,144,0.48775044622688546,0.38527777777777744,66.17821782178218,303,25
1072,1072.0,0.44748734177215194,0.40793037974683544,0.4212088607594936,0.46439041095890404,0.40222602739726027,0.4322739726027397,0.008225616928376865,0.007617077431501361,0.005720722199967955,0.010512717442296865,0.006101695486958154,0.0050940893225745925,0.4822465753424658,0.3770821917808219,0.5172671232876712,0.03475923357031385,0.03084818796601352,0.09605826252817762,158,146,0.5134455096684069,0.3805479452054792,66.48355263157895,304,19
1073,1073.0,0.44702469135802475,0.40747530864197534,0.4214629629629629,0.46416438356164386,0.402568493150685,0.43269178082191784,0.008233826550830665,0.007466940748361531,0.00563847085048011,0.010539288046537813,0.006105532979921186,0.005114158425595796,0.4820273972602739,0.3758630136986302,0.5163972602739726,0.03500270590224913,0.031612294943345165,0.09493429731100972,162,146,0.49848644102327366,0.39383561643835585,66.97402597402598,308,16
1074,1074.0,0.44685365853658543,0.4064512195121952,0.42306707317073167,0.4658642857142856,0.40092857142857147,0.4347428571428571,0.008142807852468771,0.007461345181439618,0.005778733306067816,0.010854145867346938,0.005986494897959185,0.005128862448979592,0.4830928571428572,0.37117142857142854,0.51565,0.03623919860627178,0.035279790940766664,0.09258292682926839,164,140,0.4877868645199252,0.398428571428571,67.96710526315789,304,18
1075,1075.0,0.44609259259259254,0.4113271604938271,0.42614197530864195,0.4735034965034965,0.4031258741258741,0.43314685314685314,0.008469898834019204,0.007119788027739674,0.005496936633135194,0.010816809428333903,0.0059553407990610785,0.004849593818768644,0.4951188811188811,0.3634055944055944,0.5164825174825175,0.04902628852628854,0.047921566088232725,0.09034054217387555,162,143,0.47386802751022056,0.41741258741258713,66.97049180327869,305,17
1076,1076.0,0.44923170731707324,0.41251219512195125,0.4258292682926829,0.47270422535211265,0.40483098591549294,0.43097183098591546,0.008690617043426533,0.007101883997620464,0.005622983045806069,0.010873658996230906,0.006102774251140647,0.004810914699464393,0.4882605633802817,0.3695352112676056,0.5119577464788733,0.03902885606320844,0.042976983854345674,0.08612847818619035,164,142,0.4755119675422839,0.4066197183098588,66.43464052287581,306,20
1077,1077.0,0.45171337579617843,0.413656050955414,0.42482165605095545,0.47159440559440563,0.40736363636363637,0.429902097902098,0.008649784088604002,0.00728997087102925,0.00515905099598361,0.010776241087583745,0.006196595041322316,0.004939333072521884,0.48505594405594404,0.3799300699300699,0.502013986013986,0.033342568259765615,0.03372598102534413,0.07719232996303049,157,143,0.4787709179868776,0.41489510489510456,66.66333333333333,300,19
1078,1078.0,0.4521410256410257,0.4138846153846154,0.42544871794871797,0.46934751773049643,0.40697872340425534,0.4262411347517731,0.008790941650230111,0.007425935404339249,0.0052198114727153196,0.010932155827171672,0.006110800965746192,0.004943076605804538,0.4887943262411348,0.3848510638297872,0.4887659574468085,0.03665330060010907,0.02903355155482823,0.06331723949809054,156,141,0.4708064527496947,0.4346808510638295,67.36026936026936,297,18
1079,1079.0,0.45126451612903223,0.4129999999999999,0.42450967741935486,0.4703846153846154,0.4073356643356644,0.4258321678321679,0.009008491321540062,0.007571225806451613,0.0053691273257023935,0.010251523399677246,0.006015132084698519,0.004690824979216588,0.4901538461538462,0.38330769230769235,0.4908041958041958,0.038889330024813984,0.029692307692307573,0.06629451838484096,155,143,0.45812563489042823,0.42986013986013955,68.18456375838926,298,22
1080,1080.0,0.45135947712418295,0.41333986928104577,0.42337908496732024,0.46935000000000004,0.4077285714285715,0.4254,0.009029825024563202,0.007930028279721474,0.005341895510273827,0.009859056071428571,0.0061579120408163275,0.004790711428571429,0.4861642857142857,0.3875785714285714,0.48794999999999994,0.034804808590102765,0.025761297852474385,0.0645709150326797,153,140,0.46229761372861405,0.44571428571428534,68.98293515358361,293,19
1081,1081.0,0.4492066666666666,0.41224666666666665,0.4215066666666667,0.46648201438848924,0.404158273381295,0.4255971223021583,0.008982857288888889,0.007778399155555554,0.005583743288888889,0.009601947518244397,0.00620443538119145,0.005112772941359143,0.48903597122302156,0.3855251798561151,0.4902949640287769,0.03982930455635497,0.02672148681055153,0.06878829736211023,150,139,0.46171215101610774,0.44467625899280544,69.10726643598616,289,23
1082,1082.0,0.44820000000000004,0.41519310344827587,0.42506206896551724,0.46612318840579714,0.40448550724637683,0.4250434782608695,0.009178835862068965,0.007626279952437576,0.006180651319857313,0.009637093520268852,0.006219539645032557,0.005155345935727789,0.4911449275362319,0.38429710144927537,0.49028985507246375,0.04294492753623186,0.0308960019990005,0.06522778610694652,145,138,0.48891180946656737,0.4502898550724634,68.85865724381625,283,17
1083,1083.0,0.4496164383561643,0.4126986301369863,0.42506849315068496,0.4653093525179857,0.4045107913669065,0.42484172661870506,0.008779277537999624,0.007460648902233065,0.005948282979921186,0.00966822804202681,0.006136393768438488,0.005376867035867709,0.4981223021582734,0.382294964028777,0.48674820143884884,0.048505863802109084,0.030403666108209326,0.06167970828816388,146,139,0.47747850783109114,0.44568345323740977,69.29122807017544,285,22
1084,1084.0,0.447530201342282,0.41022147651006713,0.424765100671141,0.4662992700729927,0.40573722627737224,0.4225109489051095,0.009053752443583623,0.007554776451511193,0.005978824016936174,0.009829508977569398,0.005734821460919602,0.005537636741435346,0.5047080291970804,0.3827153284671533,0.4877591240875913,0.05717782785479836,0.027506148042913847,0.06299402341645033,149,137,0.4691210696624953,0.4502919708029194,69.32167832167832,286,21
1085,1085.0,0.44797297297297295,0.4093918918918919,0.4259121621621622,0.46699999999999997,0.4070444444444445,0.4239555555555556,0.009027553323593862,0.007693089663988313,0.005948134176406137,0.009672681481481482,0.005864427654320989,0.00561067950617284,0.504488888888889,0.3846296296296296,0.48977037037037036,0.05651591591591604,0.024762262262262302,0.06385820820820814,148,135,0.46071972696010116,0.46762962962962923,69.42049469964664,283,21
1086,1086.0,0.45072602739726036,0.40691780821917806,0.42630136986301365,0.46795620437956204,0.4083284671532847,0.42390510948905114,0.00861655507599925,0.007488774066428973,0.005666210546068682,0.00966494698705312,0.005862965102029944,0.005714509243966115,0.506058394160584,0.3891240875912409,0.48702189781021904,0.05533236676332359,0.01779372062793716,0.060720527947205394,146,137,0.4610036577040434,0.4803649635036493,69.63604240282686,283,19
1087,1087.0,0.45314583333333336,0.40689583333333335,0.4272152777777778,0.46701481481481477,0.407325925925926,0.42505185185185185,0.00838141623263889,0.0075651627604166665,0.005661932822145062,0.009842533113854595,0.005477775253772291,0.0057502713854595345,0.5029925925925925,0.3849925925925926,0.485688888888889,0.04984675925925919,0.021903240740740737,0.05847361111111121,144,135,0.4595129510426797,0.49237037037036996,69.75627240143369,279,18
1088,1088.0,0.45800684931506846,0.40745890410958907,0.4278561643835616,0.4674772727272728,0.4027651515151515,0.42287121212121215,0.009004609542127978,0.007647262009757928,0.005727493009945582,0.010235082816804408,0.005615528179522499,0.005805021292470156,0.5097575757575757,0.38156060606060604,0.4788409090909091,0.05175072644250728,0.025898298048983026,0.050984744707347485,146,132,0.44721665769760993,0.5089393939393936,69.39568345323741,278,17
1089,1089.0,0.46151408450704223,0.40688028169014073,0.43160563380281686,0.46633834586466166,0.4037593984962406,0.42262406015037596,0.009744418815711168,0.007630246230906567,0.005672027573894069,0.010854750183730002,0.005596964667307366,0.00567563310531969,0.5160225563909775,0.3746466165413534,0.4825338345864661,0.05450847188393526,0.03223366514878734,0.050928200783649236,142,133,0.46495012785825124,0.4946616541353381,69.66545454545455,275,18
1090,1090.0,0.4650413793103448,0.40532413793103444,0.42833103448275867,0.4701203007518797,0.4014661654135338,0.42254135338345866,0.010560825873959572,0.007653846658739596,0.005811959381688467,0.011857233648029849,0.005477812764995196,0.005644413703431511,0.5237669172932331,0.3726015037593985,0.4792406015037594,0.05872553798288832,0.032722634171635956,0.050909567021000746,145,133,0.46183222657329626,0.4859398496240599,69.12589928057554,278,19
1091,1091.0,0.46359712230215827,0.4032589928057554,0.425115107913669,0.4705076923076923,0.4024153846153846,0.4218307692307693,0.01092565063920087,0.007342278246467572,0.005660404016355262,0.012018665325443786,0.005721550532544379,0.005740909822485207,0.5190923076923077,0.3787307692307692,0.47417692307692316,0.05549518539014947,0.024528223574986185,0.04906181516325414,139,130,0.4617752835395905,0.4886153846153843,69.08921933085502,269,22
1092,1092.0,0.4687421875,0.401578125,0.4245234375,0.4666439393939394,0.4027954545454545,0.42061363636363636,0.010828519470214843,0.007141118896484375,0.005274452575683594,0.011482274735996325,0.005663859676308541,0.005822494662534436,0.5135454545454545,0.3835909090909091,0.4698636363636364,0.04480326704545451,0.017987215909090915,0.04534019886363644,128,132,0.48935851412523457,0.48530303030303,68.1923076923077,260,23
1093,1093.0,0.46513846153846156,0.4034615384615385,0.4234076923076923,0.4655833333333333,0.40195454545454545,0.4217121212121212,0.011237565443786983,0.007338710059171599,0.005510349171597633,0.01142777335858586,0.006014740358126722,0.005849008034894397,0.5086287878787878,0.3827121212121212,0.474530303030303,0.04349032634032629,0.020749417249417257,0.051122610722610706,130,132,0.4892255277438212,0.4895454545454543,68.56870229007633,262,24
1094,1094.0,0.46815789473684205,0.4064511278195489,0.4219774436090226,0.46652272727272726,0.39898484848484855,0.4233181818181818,0.011211020182034032,0.007541149867149078,0.005560097235570128,0.011324385847107439,0.006112348255280074,0.00574421694214876,0.5151742424242425,0.3716439393939394,0.48073484848484854,0.04701634768740043,0.03480718842560948,0.058757404875825925,133,132,0.47418305691555745,0.4880303030303027,67.98113207547169,265,29
1095,1095.0,0.4698721804511279,0.40758646616541355,0.4213834586466166,0.4693555555555556,0.39847407407407415,0.4241037037037037,0.011480622759907287,0.00767603199728645,0.005633860478263328,0.011300777283950616,0.006647064142661181,0.00527227072702332,0.5246518518518519,0.36295555555555553,0.48277777777777786,0.05477967140072404,0.04463091060985802,0.06139431913116128,133,135,0.4763891799250395,0.5141481481481479,67.31343283582089,268,23
1096,1096.0,0.4678230769230769,0.4039846153846154,0.42007692307692307,0.4708602941176471,0.3983235294117647,0.42498529411764707,0.011418084082840235,0.008056215147928994,0.005364394082840237,0.01134237018814879,0.006628365916955018,0.005235558607266436,0.5277867647058824,0.36774999999999997,0.48444852941176464,0.059963687782805475,0.03623461538461542,0.06437160633484157,130,136,0.4781047521057356,0.5077941176470585,67.25563909774436,266,23
1097,1097.0,0.4633100775193798,0.4083953488372093,0.4194108527131783,0.46980597014925374,0.398544776119403,0.42497014925373133,0.011377252689141274,0.008310564629529477,0.0053681180217535,0.011830947427043884,0.006603979338382714,0.005511715526843395,0.5247462686567165,0.3615671641791045,0.4878283582089552,0.06143619113733667,0.04682818465810479,0.06841750549577691,129,134,0.46884517805576803,0.49567164179104456,66.15209125475285,263,26
1098,1098.0,0.4612539682539682,0.4110634920634921,0.4197222222222223,0.4701691176470588,0.3988014705882353,0.4259338235294118,0.011875475182665659,0.008365472159234064,0.005406835537918872,0.011560890516868512,0.006794320880190311,0.005499032385380623,0.5156691176470588,0.35961764705882354,0.49244117647058827,0.05441514939309061,0.05144584500466853,0.072718954248366,126,136,0.4720243187982013,0.48514705882352915,66.16412213740458,262,27
1099,1099.0,0.45614399999999994,0.41034400000000004,0.423696,0.4718014184397163,0.40022695035460987,0.4268936170212766,0.011641339264000003,0.008339745664000002,0.006083555584,0.01148129389869725,0.006662856294954983,0.005614095065640561,0.512241134751773,0.3678156028368794,0.4872269503546099,0.05609713475177308,0.042528397163120624,0.06353095035460987,125,141,0.47073979196750043,0.4857446808510636,66.34586466165413,266,26
1100,1100.0,0.4527154471544716,0.4111056910569105,0.4244959349593496,0.4706736111111111,0.39943055555555557,0.42597916666666663,0.01136870764756428,0.008303834357855772,0.006218428845264063,0.011457914303626544,0.006733953510802469,0.005687562065972223,0.5104444444444444,0.3664236111111111,0.49849999999999994,0.05772899728997277,0.044682079945799424,0.07400406504065032,123,144,0.4750594325091118,0.4941666666666664,66.64044943820225,267,24
1101,1101.0,0.45674603174603173,0.41051587301587295,0.41842063492063497,0.47243971631205667,0.3998510638297872,0.42501418439716304,0.010860618039808517,0.008209821176618797,0.005595323066263542,0.011559976862330868,0.00658201327901011,0.00563669483426387,0.5077021276595745,0.3694113475177305,0.4968723404255319,0.05095609591354272,0.04110452549814242,0.07845170550489694,126,141,0.4994103510898843,0.4790780141843968,66.85393258426966,267,22
1102,1102.0,0.4586328125,0.41251562499999994,0.416359375,0.4708472222222222,0.4001805555555556,0.4254791666666667,0.011122013610839844,0.008197546630859375,0.005642542724609375,0.011427143325617284,0.006808397955246914,0.005595666232638889,0.5045069444444444,0.3716875,0.4982013888888889,0.04587413194444445,0.04082812499999994,0.0818420138888889,128,144,0.5026467071133829,0.46180555555555525,67.05147058823529,272,23
1103,1103.0,0.45804687499999996,0.413109375,0.417984375,0.4689724137931035,0.3999793103448276,0.42522068965517246,0.011081029052734375,0.008118581787109374,0.005559421630859375,0.011620854411414982,0.006835468537455411,0.005607496123662306,0.5007655172413792,0.36957241379310346,0.5017586206896552,0.04271864224137922,0.04353696120689654,0.08377424568965514,128,145,0.4953884045234712,0.4657241379310342,67.32967032967034,273,24
1104,1104.0,0.46003875968992247,0.41444961240310074,0.4183875968992249,0.46239310344827583,0.39902068965517246,0.42817241379310345,0.011266657412415119,0.008072169941710231,0.0057785784508142535,0.012042721331747918,0.0068798547443519615,0.005620432342449465,0.49175172413793106,0.3690896551724138,0.5088965517241378,0.031712964448008585,0.04535995723068692,0.09050895482491295,129,145,0.49019289065351435,0.48765517241379286,67.06934306569343,274,19
1105,1105.0,0.4573432835820895,0.41211194029850745,0.4229626865671642,0.46207586206896556,0.3970689655172414,0.4287241379310345,0.011632673201158388,0.007901159111160615,0.006270916518155492,0.012138166658739596,0.007316160760998813,0.0055075101070154574,0.4860068965517242,0.36221379310344826,0.5172206896551723,0.02866361296963471,0.049898147195059195,0.09425800308800814,134,145,0.48100287608913456,0.46172413793103423,65.93548387096774,279,20
1106,1106.0,0.4569323308270677,0.40987218045112783,0.42410526315789476,0.46273287671232877,0.39749999999999996,0.42832876712328766,0.01131301045847702,0.008782893436599016,0.006062876137712704,0.011906332754738225,0.007226702054794522,0.005272576843685494,0.4869383561643837,0.3622260273972603,0.517527397260274,0.030006025337316,0.047646153053867546,0.0934221341023792,133,146,0.47994011435433565,0.4606849315068491,65.54480286738351,279,19
1107,1107.0,0.45690977443609027,0.4050225563909775,0.4265789473684211,0.4612447552447552,0.39716083916083916,0.4269090909090909,0.01152087907739273,0.008998623551359601,0.0058611009101701625,0.011853793241723313,0.007424442662232873,0.005352404322949777,0.48558741258741256,0.3667482517482518,0.5114755244755245,0.028677638151322293,0.03827430464272569,0.08489657710710335,133,143,0.47699379032180717,0.4674825174825171,65.33333333333333,276,19
1108,1108.0,0.4560601503759398,0.4038045112781955,0.42660902255639094,0.4570839160839161,0.3975034965034965,0.4291398601398602,0.011124567810503704,0.00912394674656566,0.005847892249420544,0.01104712582522373,0.007629089148613625,0.005345924495085334,0.4758181818181818,0.3658041958041958,0.5166503496503496,0.01975803144224203,0.03800031547399968,0.09004132709395868,133,143,0.47934927118725684,0.47377622377622347,66.23550724637681,276,18
1109,1109.0,0.4573030303030303,0.4032651515151516,0.4286742424242424,0.45631972789115643,0.3991904761904762,0.4294081632653062,0.011262983930211204,0.009256103937098257,0.005912462063820019,0.010918544032579016,0.007922399092970522,0.005353860613633208,0.46611564625850344,0.3667619047619048,0.5168639455782312,0.008812615955473113,0.03650324675324679,0.08818970315398883,132,147,0.48069091044727663,0.46442176870748275,66.06810035842294,279,18
1110,1110.0,0.4556511627906977,0.402046511627907,0.42894573643410855,0.45540689655172406,0.39720000000000005,0.43333103448275867,0.010946707769965749,0.009167920317288625,0.005872826512829758,0.011033606848989297,0.008029235862068966,0.005323876623067776,0.46353103448275856,0.3601034482758621,0.5233310344827586,0.007879871692060891,0.041943063352044896,0.09438529804865009,129,145,0.4875156817466812,0.4577241379310341,65.42700729927007,274,22
1111,1111.0,0.4539761904761905,0.3997698412698413,0.4320634920634921,0.45561538461538453,0.3954055944055945,0.4335594405594405,0.011520848639455784,0.008981351788863693,0.005839995968757874,0.011281998924152771,0.007659527800870459,0.005446162550735977,0.46626573426573426,0.352034965034965,0.5295174825174825,0.012289543789543778,0.04773487623487627,0.09745399045399045,126,143,0.4858920474526685,0.4516783216783213,64.72490706319702,269,23
1112,1112.0,0.4524341085271318,0.39934883720930237,0.43290697674418605,0.45494326241134747,0.39572340425531916,0.4336382978723403,0.011653765038158766,0.008804134126554897,0.005796673517216515,0.011438876213470148,0.007658866757205373,0.005271989738946732,0.46799999999999997,0.35189361702127664,0.5325460992907801,0.015565891472868187,0.047455220188025726,0.09963912254659407,129,141,0.48745139778172614,0.4528368794326238,64.85555555555555,270,22
1113,1113.0,0.4536412213740458,0.39845038167938934,0.4350763358778626,0.45017142857142856,0.39854999999999996,0.43542142857142857,0.01213458120156168,0.008577178835732183,0.006010604859856652,0.011272242040816328,0.00755001892857143,0.005442615255102041,0.45961428571428575,0.35043571428571435,0.53345,0.005973064340239975,0.04801466739367499,0.09837366412213738,131,140,0.49672294595844435,0.4515714285714283,65.23616236162361,271,21
1114,1114.0,0.45190625,0.397109375,0.43542187499999996,0.4505693430656934,0.3969124087591241,0.4348905109489051,0.0126022568359375,0.008207675537109374,0.006189993896484376,0.011446726943364056,0.007340138313175982,0.0054744040705418506,0.4750364963503648,0.3446496350364963,0.5318905109489052,0.023130246350364814,0.05245973996350367,0.0964686359489052,128,137,0.5040346165584976,0.45744525547445225,65.06792452830189,265,23
1115,1115.0,0.4532824427480916,0.3972824427480916,0.4340381679389313,0.45110638297872335,0.39721985815602845,0.4369290780141844,0.013100462210826874,0.008018141600139852,0.005904784802750424,0.010687371661385243,0.007290299180121725,0.005381668728937175,0.4720425531914893,0.3441631205673759,0.5373687943262412,0.018760110443397704,0.05311932218071569,0.10333062638730989,131,141,0.5003812787873828,0.4534042553191487,65.13602941176471,272,20
1116,1116.0,0.45220769230769237,0.3948615384615385,0.43533076923076924,0.4522482758620689,0.3975241379310345,0.4330689655172414,0.01227087224852071,0.007753842366863905,0.006037405976331361,0.010770779738406658,0.007219352865636147,0.005280353864447087,0.46782068965517243,0.34793103448275864,0.5401724137931034,0.015612997347480062,0.04693050397877985,0.10484164456233419,130,145,0.4955673875008804,0.450965517241379,64.97818181818182,275,20
1117,1117.0,0.4525111111111111,0.3934592592592593,0.43878518518518517,0.4509999999999999,0.39497916666666666,0.431375,0.012163123950617286,0.007446485377229082,0.006202998299039781,0.011066916666666668,0.007369909288194445,0.005060331597222222,0.4700763888888889,0.3412222222222222,0.5418472222222223,0.017565277777777832,0.05223703703703708,0.10306203703703709,135,144,0.5005940016126724,0.4499999999999997,64.5089605734767,279,18
1118,1118.0,0.45181617647058825,0.3923014705882353,0.4380147058823529,0.45260416666666664,0.39450694444444445,0.43492361111111116,0.012633473561851212,0.007307401762543252,0.005944985077854672,0.011245225260416667,0.007267374951774692,0.004668001109182099,0.47147916666666667,0.33538194444444447,0.5419236111111112,0.019662990196078423,0.05691952614379081,0.10390890522875829,136,144,0.4930509102979064,0.4565277777777774,64.73928571428571,280,20
1119,1119.0,0.44738970588235294,0.39353676470588234,0.4398235294117647,0.45096527777777773,0.39440972222222226,0.4354513888888889,0.012432164305795848,0.007425248648356401,0.005889468858131489,0.011084894627700619,0.007241297405478396,0.004578067081404321,0.46677083333333336,0.33715277777777775,0.5437291666666667,0.019381127450980418,0.05638398692810459,0.10390563725490198,136,144,0.48812461176836247,0.45513888888888865,64.55714285714286,280,20
1120,1120.0,0.44654074074074074,0.39453333333333335,0.44034814814814816,0.4487338129496403,0.39550359712230215,0.4366690647482015,0.012696159451303155,0.007634545185185185,0.006090123237311387,0.01089200828114487,0.007028595310801718,0.004632768179700844,0.46978417266187056,0.33913669064748203,0.5383309352517985,0.02324343192112982,0.055396642685851316,0.09798278710365038,135,139,0.4891843425891051,0.4445323741007191,63.441605839416056,274,21
1121,1121.0,0.4487794117647059,0.3936323529411765,0.4395735294117647,0.44954676258992804,0.39636690647482015,0.439021582733813,0.012655333693771628,0.007703526600346021,0.005895347534602077,0.010696737021893277,0.007028448113451685,0.004541042699653228,0.4681223021582734,0.3417913669064748,0.5389136690647481,0.019342890393567458,0.051840986034701664,0.09934013965298344,136,139,0.48357043110744535,0.43949640287769753,64.16363636363636,275,25
1122,1122.0,0.4466159420289855,0.3938405797101449,0.43944202898550727,0.4484718309859154,0.3976901408450704,0.44035211267605634,0.012440540905272,0.0078342354547364,0.005843348088636841,0.010670474558619322,0.00700542511406467,0.004693171791311248,0.4606478873239437,0.34242957746478875,0.5390985915492958,0.014031945294958159,0.05141100224535616,0.09965656256378858,138,142,0.47900331486046605,0.437183098591549,63.832142857142856,280,26
1123,1123.0,0.4466956521739131,0.3924275362318841,0.43763768115942026,0.44929787234042545,0.40108510638297873,0.43880141843971626,0.012004269691241338,0.007855360691031295,0.005735883217811385,0.010697514108948243,0.006818361551229819,0.005057847090186611,0.46404964539007093,0.34396453900709223,0.5351560283687943,0.017353993216157826,0.04846299722479186,0.09751834720937402,138,141,0.474314487306597,0.4597872340425529,64.85663082437276,279,24
1124,1124.0,0.4458920863309353,0.3913093525179856,0.4397410071942446,0.4448478260869565,0.4044782608695652,0.43967391304347825,0.012689132239532113,0.0080033791211635,0.005880666735676207,0.010939331915563958,0.006583684310018905,0.00499100236294896,0.4505144927536232,0.3473768115942029,0.5302463768115943,0.004622406422687908,0.04393254092378268,0.09050536961734967,139,138,0.4702343780092955,0.4617391304347823,64.95306859205776,277,24
1125,1125.0,0.4456546762589928,0.3900935251798561,0.4390503597122303,0.44480985915492965,0.4050774647887324,0.439605633802817,0.012718830391801668,0.00808313513793282,0.00582872408260442,0.010690815959135092,0.006478930618924816,0.005103999404879984,0.4462394366197183,0.34868309859154933,0.5330422535211268,0.0005847603607255225,0.04141042658830679,0.0939918938088965,139,142,0.4796377073366678,0.45225352112676026,65.29181494661921,281,23
1126,1126.0,0.4490217391304348,0.393304347826087,0.4421159420289855,0.4429189189189189,0.4063716216216216,0.43816216216216225,0.012769499527410211,0.00833215374921235,0.006152450325561858,0.010838385317750183,0.0064570713568298035,0.005241946676406136,0.44159459459459455,0.34779054054054054,0.5276283783783784,0.007427144535840258,0.04551380728554644,0.08551243634939287,138,148,0.47641258572518275,0.44391891891891866,65.7027972027972,286,25
1127,1127.0,0.44654609929078015,0.39556737588652485,0.44326950354609934,0.44768027210884354,0.4068843537414966,0.43866666666666665,0.013016531562798651,0.0079193660278658,0.006075147225994669,0.011473129066592624,0.0064141975102966365,0.005136126984126984,0.4499659863945578,0.35216326530612246,0.5238435374149659,0.0034198871037776635,0.04340411058040239,0.08057403386886658,141,147,0.4780212524214174,0.45557823129251673,66.34722222222223,288,21
1128,1128.0,0.4429929078014185,0.39529787234042557,0.44525531914893623,0.45075483870967736,0.4058903225806451,0.4379806451612903,0.013131851013530508,0.007907031839444696,0.006467253961068359,0.011621733444328824,0.006389271841831427,0.005370909302809574,0.45661935483870963,0.3551483870967742,0.5155225806451613,0.013626447037291156,0.04014948524365136,0.07026726149622509,141,155,0.46077540513556614,0.4676774193548384,66.83445945945945,296,17
1129,1129.0,0.44234285714285715,0.39584285714285716,0.4441928571428571,0.45145859872611477,0.40659872611464964,0.43721656050955415,0.013259011020408164,0.007530318163265307,0.006436569948979592,0.011825509432431339,0.006347514138504605,0.005236793865876913,0.45893630573248395,0.3592993630573248,0.5142738853503185,0.016593448589626802,0.03654349408553237,0.07008102820746137,140,157,0.46047266176732476,0.4655414012738852,66.94276094276094,297,18
1130,1130.0,0.44184892086330935,0.39598561151079137,0.4445107913669065,0.4519182389937107,0.4053899371069183,0.4380817610062893,0.013112300916101651,0.007129179649086485,0.006472839811603954,0.01181693042205609,0.006617533483643844,0.005104729164194454,0.4640754716981132,0.3620880503144654,0.5187547169811321,0.02222655083480385,0.033897561196325976,0.07424392561422555,139,159,0.4588449348832948,0.46584905660377335,67.01677852348993,298,19
1131,1131.0,0.43886764705882353,0.3984117647058824,0.44565441176470594,0.4525157232704404,0.4031194968553459,0.43788050314465404,0.01271107071799308,0.006558977508650519,0.006604505568771627,0.01088153277164669,0.006703551758237412,0.0051209605632688586,0.47186163522012575,0.36161635220125793,0.5183836477987422,0.03299398816130222,0.03679541250462448,0.0727292360340363,136,159,0.4442163178441268,0.4839622641509431,66.9864406779661,295,20
1132,1132.0,0.43957664233576643,0.39835766423357666,0.44397080291970803,0.4519748427672956,0.39992452830188685,0.43782389937106914,0.012648112739091055,0.006496740689434706,0.0064621889285524006,0.010632112574660811,0.006736849649934733,0.0051066733910842136,0.4726037735849057,0.35836477987421383,0.5178993710691824,0.03302713124913925,0.039992884359362824,0.07392856814947435,137,159,0.4329430614799562,0.4877358490566035,67.14189189189189,296,19
1133,1133.0,0.4324014598540146,0.3979197080291971,0.4431459854014599,0.45027848101265827,0.39982911392405057,0.43818354430379747,0.012956619851883424,0.006524322020352709,0.006559263359795407,0.010806036372376223,0.006787774595417403,0.005143630868450569,0.46757594936708846,0.36125949367088606,0.5216962025316455,0.03517448951307384,0.036660214358311016,0.07855021713018562,137,158,0.4558366866998139,0.4681012658227845,66.1728813559322,295,21
1134,1134.0,0.43281679389312977,0.3982977099236642,0.44332824427480916,0.4516603773584905,0.4001949685534591,0.4396792452830188,0.013705019870636909,0.006604499155060893,0.006512220499970864,0.010734563901744393,0.006822672679087064,0.004908406550373798,0.4701823899371068,0.35750314465408806,0.5216289308176101,0.037365596043977045,0.040794565269576144,0.07830068654280092,131,159,0.45878976193319204,0.47918238993710655,66.70344827586207,290,20
1135,1135.0,0.42971428571428577,0.3985,0.44438888888888894,0.453624203821656,0.40034394904458603,0.43984713375796175,0.012740299319727892,0.006887107142857143,0.006424650352733686,0.01043125368169094,0.0068840727818572775,0.004901365166943892,0.46921019108280254,0.35628025477707004,0.5219872611464969,0.03949590536851677,0.04221974522292998,0.0775983722576079,126,157,0.47229742491311916,0.4943312101910825,67.75618374558304,283,19
1136,1136.0,0.428483870967742,0.3986451612903225,0.44683870967741934,0.45331818181818184,0.40174025974025973,0.44046753246753245,0.012084507804370445,0.006692116024973984,0.006684119146722165,0.009944346812278631,0.006808114353179288,0.004889080114690504,0.4733961038961038,0.3593896103896104,0.5280779220779221,0.04491223292836183,0.03925555090071209,0.0812392124005028,124,154,0.4566021533041001,0.5022077922077919,67.39208633093526,278,22
1137,1137.0,0.4282734375,0.3992578125,0.44767968750000003,0.4528246753246753,0.3992922077922078,0.4399285714285714,0.011608511169433594,0.006745488220214844,0.006683280212402344,0.010539508222297182,0.006819245783437343,0.004855079313543599,0.4839870129870129,0.3598051948051948,0.5214285714285715,0.05571357548701289,0.03945261769480518,0.07374888392857143,128,154,0.4601517271162555,0.4854545454545452,67.02127659574468,282,22
1138,1138.0,0.42666666666666664,0.3982248062015504,0.4474108527131783,0.4480800000000001,0.39946,0.4397866666666667,0.011808656330749354,0.006730065741241512,0.00658641259539691,0.010717700266666666,0.006846141733333333,0.004753221155555556,0.47508,0.3697066666666667,0.5230866666666667,0.048413333333333364,0.02851813953488369,0.07567581395348838,129,150,0.4721059466610227,0.49093333333333306,67.08602150537635,279,19
1139,1139.0,0.42772656249999996,0.39796875,0.4460546875,0.44577852348993285,0.39874496644295304,0.43931543624161074,0.011702526794433593,0.0067584365234374996,0.006631270446777343,0.010738199270303141,0.006823129588757264,0.004606685734876807,0.47323489932885904,0.3713422818791946,0.5231879194630873,0.045508336828859075,0.02662646812080538,0.0771332319630873,128,149,0.4557522228060616,0.5091946308724828,67.8158844765343,277,21
1140,1140.0,0.4325279999999999,0.396536,0.44599200000000006,0.44722758620689657,0.3949172413793104,0.43828275862068966,0.011292169216,0.0065371287039999995,0.006696823936000001,0.010858024066587396,0.006936365564803805,0.004598616599286564,0.4763310344827586,0.3725310344827586,0.5184344827586207,0.043803034482758685,0.024004965517241406,0.07244248275862064,125,145,0.47080568912660253,0.5065517241379308,67.76296296296296,270,21
1141,1141.0,0.4331269841269841,0.3947936507936508,0.44506349206349216,0.4477241379310344,0.3949034482758621,0.43592413793103446,0.011643206097253715,0.007083893927941548,0.006584408667170572,0.010879592865636147,0.006649645850178359,0.004525835624256837,0.48046896551724144,0.3773034482758621,0.5148896551724137,0.04734198139025736,0.01749020251778871,0.06982616310892154,126,145,0.4634425953698524,0.5077931034482754,68.22140221402213,271,23
1142,1142.0,0.43957480314960623,0.3923307086614173,0.44507086614173236,0.45171428571428573,0.39608163265306123,0.434312925170068,0.012252197160394324,0.007240520553041106,0.006682443796887593,0.010096789115646258,0.006509272247674581,0.004580881669674673,0.4901088435374149,0.3735918367346938,0.5188639455782312,0.050534040387808676,0.018738871926723466,0.07379307943649888,127,147,0.47733374929685846,0.5079591836734692,68.10218978102189,274,21
1143,1143.0,0.44232812499999996,0.3904453125,0.4428125,0.4545526315789474,0.39667763157894737,0.4338289473684211,0.012887111083984375,0.007296012634277343,0.00672151171875,0.010167760387811635,0.006425310552285319,0.004577404951523546,0.4966052631578947,0.37104605263157897,0.5184013157894737,0.054277138157894755,0.019399259868421004,0.07558881578947368,128,152,0.48213727392323735,0.4932894736842103,68.3,280,22
1144,1144.0,0.4448888888888889,0.39112698412698405,0.4414444444444445,0.45612837837837833,0.39561486486486486,0.433581081081081,0.012767241622574957,0.007528507684555303,0.0063074373897707234,0.00997453081628926,0.00641450707633309,0.004626419101533966,0.5009054054054054,0.3725,0.5168851351351352,0.05601651651651651,0.018626984126984047,0.07544069069069076,126,148,0.480500718133196,0.49891891891891854,67.55109489051095,274,22
1145,1145.0,0.4438617886178861,0.38811382113821136,0.44034146341463415,0.4539735099337749,0.3942913907284768,0.43455629139072843,0.012658428052085396,0.007301808182959877,0.006480989093793378,0.009741919828077717,0.006424895223893689,0.004838273321345555,0.5053642384105961,0.36867549668874167,0.5180198675496689,0.06150244979270997,0.01943832444946969,0.07767840413503474,123,151,0.4871852246072364,0.504304635761589,67.84671532846716,274,20
1146,1146.0,0.44166393442622953,0.38945081967213113,0.44008196721311477,0.4550666666666666,0.3943933333333334,0.43179999999999996,0.012234518207471111,0.007341624630475679,0.0061131244289169585,0.009925502222222224,0.006507958622222223,0.00469992,0.5020666666666667,0.37030666666666673,0.5159533333333334,0.06040273224043713,0.019144153005464404,0.07587136612021861,122,150,0.4957138149792058,0.49973333333333303,68.30514705882354,272,21
1147,1147.0,0.44001652892561977,0.3902396694214876,0.43900000000000006,0.45786486486486494,0.39294594594594595,0.43124324324324326,0.011853702206133462,0.007370198756915512,0.005921272727272728,0.010470211468224981,0.0065014700511322136,0.00460168407596786,0.5105675675675675,0.3660135135135135,0.5131621621621621,0.07055103864194773,0.024226155907974056,0.07416216216216209,121,148,0.4958965940178184,0.5064864864864862,68.52416356877323,269,20
1148,1148.0,0.4398319327731093,0.38913445378151273,0.43948739495798317,0.461671052631579,0.39066447368421053,0.4324539473684211,0.012130896123155143,0.007256418896970551,0.005436787656238967,0.011059786530470914,0.006359420316828256,0.004756839984418283,0.5153223684210527,0.3593486842105263,0.5059342105263158,0.07549043564794344,0.029785769570986442,0.06644681556833265,119,152,0.4961360004206314,0.5027631578947366,68.21771217712177,271,20
1149,1149.0,0.4390085470085471,0.38831623931623926,0.4401111111111111,0.46307236842105265,0.393,0.43396710526315785,0.011907854627803345,0.006997925633720507,0.005576320987654321,0.010876711868074792,0.0064630526315789475,0.004843900233725762,0.5203815789473685,0.3591118421052631,0.5017763157894737,0.0813730319388214,0.029204397210976174,0.06166520467836256,117,152,0.47828296632466777,0.5180263157894733,67.5539033457249,269,21
1150,1150.0,0.440396551724138,0.3898965517241379,0.4401551724137931,0.4619736842105263,0.39481578947368423,0.4347565789473684,0.012109946195005949,0.006871437574316289,0.005643958680142688,0.01088601246537396,0.006141716066481995,0.004970697325138504,0.5120986842105263,0.3595921052631579,0.49953289473684204,0.07170213248638829,0.030304446460980017,0.05937772232304894,116,152,0.4855797306364426,0.5239473684210523,67.78358208955224,268,20
1151,1151.0,0.44035398230088496,0.3925840707964601,0.4403008849557522,0.46026875,0.39489375000000004,0.43360000000000004,0.01130532602396429,0.0071281544365259615,0.006054865220455791,0.0104341715234375,0.0059413699609375,0.00517749,0.50419375,0.3575875,0.5014,0.06383976769911504,0.034996570796460125,0.061099115044247754,113,160,0.48391243858126776,0.5192499999999997,66.71428571428571,273,20
1152,1152.0,0.4436896551724138,0.39225862068965517,0.43966379310344833,0.4611144578313253,0.3946566265060241,0.4324759036144578,0.010695300237812129,0.007160295184304399,0.005858171447681332,0.010197727863260269,0.006074333901872551,0.005317020503701552,0.5004518072289157,0.36237349397590357,0.5015843373493977,0.05676215205650187,0.029885126713751597,0.06192054424594934,116,166,0.4818447565700604,0.5096385542168672,66.64539007092199,282,18
1153,1153.0,0.44653719008264464,0.39518181818181825,0.44082644628099177,0.46199999999999997,0.3937727272727273,0.4325227272727272,0.0108377031623523,0.0076022479338842975,0.005781515333652073,0.010430011363636365,0.006137652892561984,0.0054947381198347115,0.4907386363636363,0.3578181818181818,0.5031193181818182,0.04420144628099165,0.03736363636363643,0.06229287190082644,121,176,0.45915597142986675,0.4962499999999997,66.15488215488216,297,18
1154,1154.0,0.44631707317073177,0.39343902439024386,0.4374878048780488,0.4675934065934066,0.3928406593406593,0.43239010989010984,0.010991744993059688,0.007631547094983145,0.005724607574856236,0.0110103511653182,0.006195298786378456,0.005450622539548364,0.5042307692307693,0.3543791208791209,0.5027307692307693,0.05791369606003749,0.039059903511122984,0.06524296435272053,123,182,0.45169233164842,0.48505494505494473,66.37049180327868,305,20
1155,1155.0,0.44711290322580644,0.3929919354838709,0.43622580645161296,0.46618784530386737,0.3951546961325967,0.43307734806629833,0.010812632414151927,0.0077080725156087404,0.005891319979188347,0.011174738194804797,0.006118628002808217,0.0055546680504258115,0.49828729281767953,0.3549005524861878,0.5035745856353592,0.05117438959187309,0.03809138299768311,0.06734877918374621,124,181,0.44741535033811336,0.48414364640883945,66.19672131147541,305,19
1156,1156.0,0.4463223140495867,0.3940413223140496,0.43490909090909086,0.4681381215469613,0.39423756906077345,0.4331878453038674,0.011227358923570796,0.007683808209821733,0.005827239669421488,0.011158980922438264,0.006052612069228656,0.0055610033881749645,0.4987569060773481,0.3497790055248619,0.4999171270718231,0.05243459202776135,0.04426231678918768,0.06500803616273226,121,181,0.4418941327403078,0.47983425414364606,66.8907284768212,302,23
1157,1157.0,0.44568067226890756,0.39348739495798307,0.4309243697478991,0.46743956043956053,0.3933131868131869,0.43265934065934064,0.011004503071816961,0.00739982967304569,0.006209229574182616,0.011180455138268323,0.006128193122811255,0.005751356478686149,0.49247252747252745,0.34650549450549456,0.4961813186813187,0.04679185520361989,0.04698190045248851,0.0652569489334196,119,182,0.437389228829745,0.48516483516483483,67.22923588039868,301,23
1158,1158.0,0.4395126050420169,0.3951596638655463,0.42978151260504194,0.4650112994350283,0.3960282485875707,0.432316384180791,0.011116602782289388,0.007336285431819786,0.006732322011157406,0.011580237160458359,0.005948750614446679,0.0056059563982252866,0.49068361581920905,0.3491864406779661,0.4982429378531073,0.05117101077719216,0.04597322318758018,0.06846142524806537,119,177,0.46600727636401934,0.48887005649717485,67.0641891891892,296,19
1159,1159.0,0.43509243697478994,0.3949747899159664,0.4299495798319327,0.46646961325966857,0.39437016574585637,0.42985082872928176,0.011338268766330066,0.007556932137560906,0.006777073088058753,0.011638215927474741,0.005966575684502916,0.005885861725832544,0.49605524861878453,0.35076243093922654,0.4972707182320442,0.060962811643994586,0.04421235897673986,0.0673211384001115,119,181,0.45613083261436244,0.4766298342541434,67.31333333333333,300,25
1160,1160.0,0.43369230769230765,0.39705128205128204,0.4287521367521367,0.46573184357541897,0.3958268156424581,0.43083240223463687,0.010940896778435238,0.008031570019723867,0.0070234855723573675,0.011804754907774414,0.006062768889859868,0.005894105989201335,0.4925530726256983,0.3551229050279329,0.4987597765363128,0.05886076493339065,0.04192837702334912,0.07000763978417612,117,179,0.47600446301952015,0.48620111731843546,68.05405405405405,296,22
1161,1161.0,0.4335221238938053,0.397858407079646,0.4263451327433629,0.46497752808988757,0.39783146067415737,0.431808988764045,0.011193346855666066,0.007836422429321014,0.007105022476309814,0.011624359045575053,0.006296612043933847,0.00589745789673021,0.492623595505618,0.3556123595505618,0.5012022471910113,0.05910147161181273,0.042246047529084174,0.07485711444764837,113,178,0.4819155796573034,0.493707865168539,68.84536082474227,291,21
1162,1162.0,0.4321696428571428,0.39561607142857147,0.42771428571428577,0.4604204545454546,0.3978409090909091,0.43198295454545454,0.010376944435586736,0.007690165098852042,0.007122221938775511,0.011103539127066115,0.0062390769628099165,0.006089016754907025,0.4858977272727273,0.35585227272727277,0.49934659090909084,0.053728084415584465,0.0397637987012987,0.07163230519480507,112,176,0.4935087669427576,0.49556818181818146,68.33680555555556,288,17
1163,1163.0,0.43013392857142857,0.3973392857142857,0.4279553571428572,0.46003508771929824,0.3976549707602339,0.432970760233918,0.010308348134566327,0.007604081313775511,0.007114346221301021,0.010818197599261312,0.006306167504531309,0.006243069320474676,0.4825263157894737,0.3535263157894737,0.5053625730994152,0.05239238721804512,0.043812969924811984,0.07740721595655803,112,171,0.47120921271194494,0.511286549707602,68.57243816254417,283,20
1164,1164.0,0.4296283185840708,0.39483185840707963,0.42907964601769916,0.4594260355029586,0.40204142011834315,0.43255029585798815,0.010192109640535673,0.00787309562221004,0.007331383037042838,0.010438362872448443,0.006783459822835335,0.00611730072476454,0.47846153846153844,0.35719526627218934,0.5078343195266272,0.04883321987746764,0.03763659213489029,0.07875467350892801,113,169,0.4878768036266212,0.4954437869822481,68.63120567375887,282,21
1165,1165.0,0.42705084745762706,0.394771186440678,0.43212711864406783,0.45921764705882356,0.40170588235294113,0.4324294117647059,0.01049703131284114,0.008677667983338121,0.007208094010341856,0.010018393806228373,0.006843901730103806,0.006482892076124568,0.47637647058823535,0.3539058823529411,0.5043176470588235,0.04932562313060829,0.040865304087736865,0.0721905284147557,118,170,0.4809588563786971,0.5023529411764703,68.34375,288,18
1166,1166.0,0.42757264957264957,0.39602564102564114,0.431042735042735,0.4578070175438596,0.3981988304093567,0.4337251461988304,0.010160774636569508,0.008761016436554896,0.007551630652348601,0.010002471529701447,0.007119106665298725,0.006288012174686227,0.4711754385964912,0.3500350877192982,0.5006959064327485,0.043602789023841626,0.04599055330634294,0.06965317139001354,117,171,0.48088086275503866,0.4963157894736839,69.125,288,19
1167,1167.0,0.427295652173913,0.3932869565217391,0.43387826086956516,0.4565882352941177,0.3981823529411765,0.43255294117647053,0.010325338676748582,0.008802361134215503,0.007267880831758034,0.009858653979238755,0.007117854982698961,0.006327364844290658,0.46167058823529417,0.34728235294117643,0.49831764705882353,0.034374936061381145,0.046004603580562686,0.06443938618925837,115,170,0.47331559825249925,0.509411764705882,69.34736842105264,285,18
1168,1168.0,0.42768376068376074,0.3932136752136753,0.43343589743589744,0.45262721893491126,0.3982899408284024,0.43205917159763313,0.010627412813207684,0.008703877419826138,0.007068809993425379,0.010601890620076328,0.007141720668043836,0.006228043836000141,0.460792899408284,0.35486982248520715,0.4902958579881658,0.03310913872452326,0.03834385272846813,0.05685996055226833,117,169,0.4738361544908659,0.5098816568047334,68.94755244755245,286,18
1169,1169.0,0.42671774193548384,0.39438709677419354,0.43575806451612903,0.45523602484472053,0.3966956521739131,0.4328881987577639,0.01184278323361082,0.008054382414151923,0.007884651144641,0.010608938081092551,0.007093540912773428,0.006041229736507079,0.464944099378882,0.3509813664596273,0.49127950310559,0.03822635744339814,0.04340573031456624,0.05552143858946096,124,161,0.4657827775446246,0.4998136645962729,67.99298245614035,285,20
1170,1170.0,0.42647500000000005,0.39618333333333333,0.4384083333333333,0.45378048780487806,0.39771951219512197,0.43235975609756105,0.011725966041666668,0.007998149722222224,0.007391758263888889,0.010509537180249849,0.0068971164485425365,0.005893644965794169,0.4626402439024391,0.3464817073170732,0.4897682926829268,0.036165243902439026,0.04970162601626016,0.05135995934959353,120,164,0.4685663783728235,0.5001219512195119,68.63380281690141,284,20
1171,1171.0,0.429152,0.396168,0.441808,0.4521801242236025,0.39698136645962734,0.43398136645962737,0.011403264895999998,0.007375531776000001,0.007483067135999999,0.01016937749315227,0.006803608348443346,0.005806912696269434,0.4585652173913044,0.345055900621118,0.49484472049689443,0.029413217391304425,0.051112099378882,0.05303672049689445,125,161,0.47630252027140096,0.4917391304347822,69.65034965034965,286,21
1172,1172.0,0.4291229508196721,0.39674590163934426,0.4405409836065574,0.45209493670886075,0.3966392405063291,0.4344050632911392,0.011514402915882828,0.00745936986025262,0.00769983848427842,0.010221921366768147,0.006954306561448485,0.005791165037654222,0.45134177215189875,0.346,0.49702531645569614,0.022218821332226635,0.05074590163934428,0.05648433284913873,122,158,0.4969120170745952,0.5013924050632907,69.925,280,18
1173,1173.0,0.4302727272727273,0.39536363636363636,0.4446198347107438,0.45160784313725494,0.39427450980392154,0.43190196078431375,0.011615487603305785,0.007170413223140496,0.007842847209890034,0.010097806997308728,0.006901859284890427,0.00567364398308343,0.44998692810457513,0.34922875816993465,0.4943006535947713,0.019714200831847828,0.04613487819370171,0.04968081888402753,121,153,0.5089072159747179,0.49627450980392124,69.62043795620438,274,16
1174,1174.0,0.43093495934959347,0.3968617886178861,0.44679674796747965,0.4499936708860759,0.39544936708860756,0.4312341772151898,0.011511345363209729,0.007203289840703286,0.008048731046334853,0.010304727808043583,0.006890665157827271,0.0056651919964749225,0.4494240506329114,0.3506455696202532,0.4907531645569621,0.018489091283317938,0.04621621899763295,0.04395641658948246,123,158,0.5011462399619007,0.4912658227848098,70.25266903914591,281,16
1175,1175.0,0.4297295081967213,0.39411475409836066,0.4484262295081967,0.45219496855345914,0.3970754716981132,0.4311635220125787,0.01138482027680731,0.006798609782316582,0.0074469658693899505,0.01047638337091096,0.006713717574463035,0.005402325461809265,0.46030817610062896,0.3530314465408805,0.4929811320754718,0.030578667903907675,0.041083307557480186,0.04455490256727507,122,159,0.4915870258766862,0.4868553459119493,70.49110320284697,281,20
1176,1176.0,0.4346694214876033,0.3940247933884298,0.44609917355371903,0.45243124999999995,0.3994375,0.43097499999999994,0.010848700635202515,0.006597693600163924,0.0071209653712178125,0.010348682773437501,0.006705308593750001,0.0053723368750000005,0.45658750000000003,0.35238749999999996,0.4907125,0.021918078512396744,0.04163729338842981,0.044613326446280965,121,160,0.49558420340204795,0.48162499999999964,71.37010676156584,281,21
1177,1177.0,0.4346904761904762,0.39,0.4474285714285714,0.453472049689441,0.40067701863354044,0.43411801242236026,0.010507642290249433,0.006506206349206349,0.006629895691609977,0.01021537965356275,0.006641361521546238,0.005294936383627174,0.451664596273292,0.3478198757763975,0.49616770186335407,0.01697412008281579,0.04218012422360251,0.048739130434782674,126,161,0.49872637778353635,0.47422360248447165,71.13240418118467,287,19
1178,1178.0,0.4384609375,0.389484375,0.44775781249999996,0.4560880503144654,0.40093081761006294,0.4347798742138365,0.010306701599121094,0.006383671630859376,0.006647730407714843,0.010442143190538348,0.006538806534551639,0.005424310035204303,0.4546603773584905,0.34661006289308177,0.49311949685534595,0.01619943985849054,0.04287431210691822,0.04536168435534599,128,159,0.49859943174298593,0.4762893081761002,71.69686411149826,287,19
1179,1179.0,0.4382932330827068,0.390578947368421,0.4513383458646617,0.4565923566878981,0.4011910828025478,0.43515286624203825,0.010263936570750183,0.006330995647012267,0.006859246424331505,0.010371553572153028,0.0064611736784453725,0.0054736326828674605,0.4547006369426752,0.346484076433121,0.4922165605095541,0.016407403859968417,0.04409487093530001,0.040878214644892386,133,157,0.48904641166549767,0.4614649681528658,71.56206896551724,290,22
1180,1180.0,0.43748148148148147,0.38949629629629623,0.4527407407407408,0.4569025974025974,0.40154545454545454,0.4355454545454546,0.010027508916323731,0.006280012949245541,0.006984043895747599,0.010669737265980772,0.006498533648170011,0.005516221959858323,0.45787662337662344,0.3472662337662338,0.49021428571428577,0.020395141895141966,0.04223006253006245,0.03747354497354499,135,154,0.4679544532333426,0.48883116883116845,71.34948096885813,289,18
1181,1181.0,0.44139849624060146,0.38950375939849624,0.4545413533834586,0.4617935483870968,0.40112903225806457,0.4367354838709678,0.009478675787212393,0.0059688966024082765,0.006618955056814968,0.01039907995837669,0.0063574543184183145,0.00541202680541103,0.46269677419354843,0.3427935483870968,0.49116774193548385,0.021298277952946976,0.04671021101139944,0.03662638855202527,133,155,0.4755466868426147,0.4943870967741932,71.88888888888889,288,18
1182,1182.0,0.44036153846153847,0.39039230769230765,0.4563076923076923,0.4601282051282051,0.4005448717948718,0.43825000000000003,0.009695523136094675,0.006038684556213017,0.006463689940828402,0.01033772715318869,0.005950171063445102,0.005252866987179488,0.46905128205128205,0.3426858974358974,0.4863333333333333,0.028689743589743577,0.04770641025641026,0.03002564102564098,130,156,0.4647222859024572,0.49820512820512786,71.4020979020979,286,19
1183,1183.0,0.43984677419354834,0.38658064516129026,0.4602741935483871,0.46013836477987424,0.4020440251572327,0.4385408805031446,0.009642339425078044,0.005894566077003123,0.006440376430801248,0.01020809406273486,0.006044281080653456,0.004978499901111507,0.469056603773585,0.34406289308176097,0.4884213836477988,0.02920982958003665,0.04251775207952929,0.02814719009941169,124,159,0.4706243529147704,0.5072327044025154,70.99646643109541,283,17
1184,1184.0,0.440592,0.38692800000000005,0.46092799999999995,0.46151875000000003,0.4037125,0.43920624999999996,0.009250449536000002,0.006061170815999999,0.006423618816,0.009896449648437501,0.0060716798437499995,0.0049083387109375,0.47526875,0.3455437499999999,0.48934999999999995,0.034676750000000034,0.04138425000000012,0.028422000000000003,125,160,0.4554796675480435,0.5057499999999996,71.06315789473685,285,21
1185,1185.0,0.4402833333333333,0.388775,0.4623083333333334,0.46073333333333333,0.40535757575757575,0.4398121212121212,0.008967653055555556,0.006164857708333334,0.006248063263888889,0.00966012282828283,0.005633914563820019,0.005155837428833793,0.4774909090909091,0.3516666666666666,0.48897575757575756,0.03720757575757577,0.037108333333333354,0.026667424242424187,120,165,0.4809367490986113,0.4965454545454542,70.89824561403509,285,20
1186,1186.0,0.4415241935483871,0.38720967741935486,0.45997580645161285,0.4631616766467066,0.4042634730538922,0.44035928143712577,0.008813217156607699,0.0064432302289282,0.006234926834027054,0.009384183441500231,0.005957391659794184,0.005424230198286062,0.47568862275449103,0.3491317365269461,0.49837125748503,0.03416442920610391,0.038077940892408735,0.03839545103341713,124,167,0.46712425403216246,0.5092814371257481,71.40893470790378,291,17
1187,1187.0,0.442896,0.38765599999999995,0.46058399999999994,0.46308928571428576,0.40619047619047627,0.4411785714285714,0.008757661184,0.006982337663999999,0.006066354943999999,0.009589140837585034,0.005868749433106576,0.0056574562074829925,0.47438095238095235,0.3475833333333333,0.4994761904761905,0.031484952380952336,0.040072666666666645,0.03889219047619058,125,168,0.4745932430501621,0.4899999999999996,71.31399317406144,293,21
1188,1188.0,0.4423937007874014,0.38596062992125985,0.46004724409448816,0.4650848484848485,0.4078424242424243,0.44088484848484844,0.00844017570835142,0.006996510261020522,0.006185856035712071,0.009044235224977042,0.00595153880624426,0.005965689770431589,0.47601818181818184,0.3471757575757576,0.4996787878787879,0.03362448103078042,0.038784872345502264,0.03963154378429973,127,165,0.4762925552013838,0.4956969696969693,71.04109589041096,292,17
1189,1189.0,0.4432704918032787,0.3852704918032787,0.4582704918032786,0.4610963855421687,0.40753012048192777,0.4419759036144578,0.008293935030905671,0.007231230112872885,0.006123312080085998,0.009084207577297141,0.005948309333720423,0.0059606620699666135,0.4669638554216868,0.34758433734939764,0.502512048192771,0.02369336361840807,0.03768615445388107,0.04424155638949234,122,166,0.4596798971082848,0.48819277108433695,70.45486111111111,288,20
1190,1190.0,0.44434710743801653,0.3849173553719008,0.45790082644628105,0.4592559523809524,0.40860714285714284,0.4425416666666667,0.00812424315279011,0.007167811351683629,0.00618726289187897,0.008965999964569163,0.005884893282312926,0.006079986359126983,0.4671845238095238,0.34675,0.502297619047619,0.02283741637150727,0.0381673553719008,0.044396792601338,121,168,0.4481728494579078,0.48797619047619006,70.14878892733564,289,20
1191,1191.0,0.4425126050420168,0.387,0.45834453781512596,0.45736904761904756,0.4087380952380953,0.44316666666666665,0.008453913706659136,0.00769089075630252,0.006070007344114116,0.008995089994331065,0.005911217120181406,0.006075019841269841,0.46181547619047625,0.35305952380952377,0.5050476190476191,0.019302871148459466,0.03394047619047624,0.046703081232493115,119,168,0.4542908890844789,0.4702380952380949,69.38327526132404,287,22
1192,1192.0,0.44230701754385965,0.3886140350877193,0.45599999999999996,0.459277108433735,0.40848192771084335,0.443222891566265,0.008547563634964606,0.007684201908279471,0.005920912280701755,0.008687670198867762,0.005823129191464655,0.006058173210915954,0.4568493975903615,0.3557349397590362,0.5119638554216867,0.014542380046501824,0.032879095328683106,0.05596385542168669,114,166,0.4476979085528206,0.4891566265060237,69.58214285714286,280,21
1193,1193.0,0.43918421052631573,0.38775438596491224,0.4579473684210526,0.45665476190476195,0.40493452380952377,0.44680357142857147,0.00846574676823638,0.007868273007079101,0.006002277931671282,0.008542118905895691,0.005903001665249433,0.006423407844387756,0.4471785714285715,0.35175595238095236,0.5211190476190476,0.007994360902255748,0.03599843358395988,0.06317167919799499,114,168,0.43864928096740063,0.5068452380952377,69.31560283687944,282,19
1194,1194.0,0.4376637931034483,0.38762931034482756,0.45654310344827576,0.4562781065088758,0.40244970414201187,0.4487514792899408,0.008662912826991678,0.007703991899524377,0.005750299866230678,0.008635975911207591,0.0060909220265396875,0.006389926403137146,0.44537278106508876,0.35153254437869824,0.5220650887573965,0.00770898796164049,0.03609676596612932,0.06552198530912079,116,169,0.45409614228499423,0.49467455621301737,68.8280701754386,285,18
1195,1195.0,0.43599999999999994,0.3854695652173913,0.4575217391304348,0.4565337423312884,0.40074846625766875,0.4493128834355829,0.00877881739130435,0.008086266465028356,0.0058835364839319474,0.008682481990289434,0.006112421393353156,0.00647657081561218,0.4516257668711656,0.3544601226993865,0.5233496932515337,0.01562576687116568,0.031009442518004804,0.06582795412109888,115,163,0.4649333266303566,0.5080981595092021,69.32374100719424,278,19
1196,1196.0,0.43428181818181805,0.3816,0.45172727272727276,0.45740490797546024,0.40109815950920247,0.4481901840490798,0.008717438760330579,0.00808764,0.005732452892561984,0.008799664270390304,0.005849781775753698,0.0064961540140765555,0.455239263803681,0.35470552147239265,0.5219815950920246,0.02095744562186297,0.026894478527607346,0.07025432236475182,110,163,0.4944457597171546,0.49006134969325116,69.01831501831502,273,21
1197,1197.0,0.43458035714285714,0.3850892857142857,0.45111607142857146,0.45710000000000006,0.4006125,0.44721875000000005,0.008288975685586735,0.008046474170918366,0.006195406170280611,0.009417865000000001,0.00594676234375,0.0064983333984375,0.4527875,0.3516375,0.519675,0.018207142857142866,0.0334517857142857,0.06855892857142853,112,160,0.5021838917925311,0.5039374999999996,68.26102941176471,272,17
1198,1198.0,0.4397043478260869,0.3800782608695652,0.4491130434782609,0.4563227848101265,0.40058860759493664,0.44568354430379753,0.009957216937618148,0.007545463440453686,0.006604135047258979,0.00962500340490306,0.006049432022111842,0.00657138086845057,0.4509430379746835,0.35783544303797465,0.5227658227848102,0.011238690148596575,0.022242817831590544,0.07365277930654929,115,158,0.5012701135500708,0.48474683544303765,66.6996336996337,273,18
1199,1199.0,0.44023478260869575,0.38239130434782603,0.45023478260869565,0.4569444444444445,0.40066666666666656,0.4457222222222222,0.01016402313799622,0.007447629489603024,0.006585240529300568,0.010102385802469136,0.005978148148148148,0.006489682098765432,0.4550679012345679,0.3594259259259259,0.5196358024691358,0.014833118625872166,0.022965378421900107,0.06940101986044012,115,162,0.48130449586129226,0.48993827160493797,67.07581227436823,277,19
1200,1200.0,0.4408034188034188,0.38846153846153847,0.4505982905982906,0.45897590361445784,0.401644578313253,0.4454578313253012,0.0112728246036964,0.007434710059171599,0.006592394185112134,0.01022419219044854,0.005958120663376397,0.006459453041079982,0.4593915662650602,0.35888554216867463,0.5176024096385542,0.018588147461641447,0.029575996292863838,0.0670041190402636,117,166,0.4882254223016246,0.47138554216867445,66.66077738515901,283,21
1201,1201.0,0.44155652173913046,0.38939130434782604,0.4514,0.4586909090909091,0.3998121212121212,0.4456606060606061,0.011969846805293003,0.007099246880907373,0.006595266086956521,0.010174298402203857,0.005860201065197429,0.006437121175390265,0.45513939393939395,0.35568484848484844,0.5163393939393939,0.013582872200263496,0.0337064558629776,0.06493939393939385,115,165,0.4915687626035041,0.4858181818181814,67.31785714285714,280,20
1202,1202.0,0.4446206896551724,0.3885775862068966,0.4508362068965517,0.45820481927710843,0.401,0.4459759036144579,0.012930321640903686,0.007133588807966706,0.00655756799940547,0.010120861663521557,0.005850036144578313,0.0064019150820148075,0.4541566265060242,0.35444578313253006,0.5168915662650602,0.0095359368508518,0.03413180307436653,0.06605535936850848,116,166,0.4772015163296985,0.4913855421686743,67.71631205673759,282,20
1203,1203.0,0.4452857142857143,0.38764705882352957,0.4492605042016806,0.4564638554216868,0.40078915662650605,0.4435963855421687,0.012719330132052821,0.007170799802273851,0.0063726632299978825,0.009970067970677893,0.005752479641457396,0.006195180468863406,0.4458795180722892,0.35311445783132533,0.5166686746987953,0.0005938037865749202,0.03453260099220423,0.06740817049711467,119,166,0.47064727079217117,0.48945783132530085,67.31228070175439,285,20
1204,1204.0,0.44738211382113824,0.3890975609756098,0.44664227642276433,0.4558253012048192,0.3999698795180723,0.4442469879518073,0.012657488135369157,0.007118933571286933,0.006489888294004892,0.00995789116707795,0.005674149695166207,0.0063280173102046745,0.44356024096385543,0.3511807228915663,0.5121144578313253,0.0038218728572828042,0.0379168380840435,0.06547218140856093,123,166,0.46394445359922953,0.48969879518072257,67.47750865051903,289,19
1205,1205.0,0.4496991869918699,0.3896910569105691,0.44658536585365854,0.45779881656804733,0.3989171597633136,0.44389349112426035,0.012022226584704874,0.007056750082622778,0.006478193932183224,0.01016578201043381,0.005683058226252581,0.006467716466510277,0.44513017751479295,0.3496568047337278,0.5105798816568048,0.004569009477076946,0.04003425217684131,0.06399451580314625,123,169,0.4777079279203755,0.4874556213017749,68.02397260273973,292,17
1206,1206.0,0.44998360655737707,0.3902704918032787,0.4448524590163934,0.45898802395209576,0.39789221556886234,0.4439580838323354,0.01213434399355012,0.00713182027680731,0.006068683149690944,0.010401221413460504,0.005694611137007422,0.006453106027466027,0.4449880239520959,0.3478622754491018,0.5107964071856287,0.004995582605281157,0.04240821635417691,0.06594394816923527,122,167,0.47076287635062886,0.46892215568862244,68.60899653979239,289,22
1207,1207.0,0.4548319327731092,0.3908067226890757,0.447890756302521,0.4626848484848484,0.3995575757575757,0.4443151515151515,0.012880375114751786,0.006701618106065956,0.005902467057411201,0.01075691886134068,0.006030161836547291,0.006466567346189164,0.4496,0.347969696969697,0.5162787878787878,0.0052319327731091825,0.042837025719378696,0.06838803157626677,119,165,0.4680434486691927,0.4904848484848482,68.60915492957747,284,20
1208,1208.0,0.45852941176470585,0.3901344537815126,0.4460672268907561,0.46345121951219515,0.3990548780487804,0.4416219512195122,0.01394912308452793,0.00615520881293694,0.006149491278864485,0.011017772010707912,0.006171625037180249,0.006332808298631768,0.4475426829268292,0.35003048780487805,0.5096768292682926,0.010986728837876658,0.04010396597663457,0.06360960237753649,119,164,0.4726248704637669,0.48146341463414605,67.95406360424029,283,21
1209,1209.0,0.4577559055118109,0.3871732283464567,0.4482755905511811,0.46459880239520956,0.397377245508982,0.4400778443113772,0.01390566482732966,0.006057040858081715,0.006221349246698493,0.011201665387787298,0.006295660081035533,0.0064636406468500125,0.4434910179640718,0.34924550898203593,0.5105568862275448,0.01426488754773908,0.03792771936442074,0.0622812956763637,127,167,0.4845286042396277,0.44928143712574825,67.39455782312925,294,23
1210,1210.0,0.46219379844961245,0.3860387596899225,0.445968992248062,0.46757926829268287,0.39845121951219514,0.44133536585365857,0.014585706628207441,0.00628295198605853,0.006286092061775134,0.011040597375074361,0.006512967132659132,0.006508454602914933,0.4482195121951219,0.34992682926829266,0.5113353658536586,0.013974286254490542,0.036111930421629856,0.06536637360559655,129,164,0.48237171394117045,0.45378048780487773,67.67576791808874,293,22
1211,1211.0,0.4591746031746031,0.3856428571428571,0.4483253968253968,0.4703392857142857,0.39596428571428566,0.43666666666666676,0.01396882665658856,0.006365705782312926,0.0063695687200806235,0.011153009885204082,0.0068194987244897965,0.006340805555555556,0.45874404761904763,0.34348214285714285,0.5035535714285714,0.00043055555555548963,0.042160714285714274,0.055228174603174585,126,168,0.47339024514706657,0.4574999999999996,68.078231292517,294,22
1212,1212.0,0.46130645161290323,0.3867258064516129,0.4516451612903226,0.46815151515151515,0.395769696969697,0.43605454545454536,0.013947341571279916,0.006782779656607701,0.006180890218522373,0.011293995224977043,0.006979098475665747,0.006365942479338843,0.45240606060606053,0.3453333333333333,0.5067696969696969,0.0089003910068427,0.041392473118279594,0.055124535679374254,124,165,0.46322479958851287,0.4739999999999997,67.1522491349481,289,20
1213,1213.0,0.46203252032520326,0.3859674796747967,0.45278048780487795,0.46872560975609745,0.39544512195121956,0.43598780487804883,0.013976568048119507,0.006934340405843084,0.006169764822526272,0.011346723490481854,0.006912405524985128,0.006398755948839977,0.4558841463414635,0.3468963414634147,0.5056890243902439,0.006148373983739741,0.03907113821138203,0.05290853658536593,123,164,0.46605968857376345,0.47414634146341433,66.98954703832753,287,22
1214,1214.0,0.4633095238095237,0.38899206349206344,0.4504761904761905,0.46789349112426026,0.39452071005917166,0.4360650887573964,0.014394816893424036,0.007075198349710255,0.006285185941043085,0.01123770463219075,0.006798663772276882,0.006258569727950702,0.4505680473372781,0.3469940828402367,0.5005147928994083,0.012741476472245605,0.04199798065182675,0.05003860242321778,126,169,0.4542011865865201,0.47094674556212984,67.2271186440678,295,22
1215,1215.0,0.47161475409836073,0.3905409836065574,0.44710655737704924,0.4669107142857143,0.39399999999999996,0.43600595238095236,0.014738990929857568,0.00672728110722924,0.005964013235689331,0.011707355123299321,0.006580642857142857,0.006379601155045352,0.4489464285714285,0.3448154761904762,0.4988869047619048,0.02266832552693221,0.045725507416081224,0.05178034738485554,122,168,0.4918286193696374,0.47499999999999976,67.46896551724137,290,18
1216,1216.0,0.4711935483870968,0.3912258064516129,0.44762903225806455,0.46931707317073174,0.3913780487804879,0.4357439024390244,0.014776704474505725,0.006521578043704476,0.005668910770031215,0.011433606781677574,0.006351966835217133,0.0063641295359904825,0.4515975609756098,0.34242073170731707,0.4938231707317073,0.019595987411486993,0.04880507474429585,0.04619413847364273,124,164,0.4885862623771196,0.472682926829268,67.50694444444444,288,20
1217,1217.0,0.47108196721311474,0.39329508196721313,0.4488688524590164,0.46835403726708075,0.390472049689441,0.437391304347826,0.01505291131416286,0.006291126041386725,0.005529556570814297,0.011376911924694264,0.006384100150457159,0.0065496667566837695,0.44627950310559006,0.3421180124223603,0.49401863354037273,0.02480246410752468,0.05117706954485285,0.04514978108135631,122,161,0.4825128739477119,0.4906211180124221,67.67844522968198,283,20
1218,1218.0,0.47122689075630264,0.39581512605042013,0.4495294117647059,0.4681509433962265,0.38945283018867927,0.4379308176100629,0.015482192218063698,0.006223091872042935,0.005683072664359861,0.011340304260116292,0.006423065385071793,0.006628919742098809,0.446566037735849,0.34094339622641506,0.4992138364779874,0.02466085302045362,0.05487172982400507,0.049684424713281494,119,159,0.4715833335189838,0.49679245283018836,67.37050359712231,278,24
1219,1219.0,0.47016935483870975,0.3991451612903227,0.4485806451612903,0.46801910828025484,0.3894649681528663,0.43886624203821667,0.015389382609261187,0.006321720863683664,0.005830469302809573,0.01149693594060611,0.0065150385816868835,0.0067127145928840915,0.4484394904458599,0.3389490445859872,0.5067070063694268,0.02172986439284985,0.0601961167043355,0.05812636120813647,124,157,0.47027346013822496,0.49178343949044545,67.39145907473309,281,23
1220,1220.0,0.4738067226890756,0.4016722689075631,0.45009243697478996,0.46735256410256415,0.3885064102564102,0.44042948717948716,0.01615403827413318,0.0065035312477932355,0.005795949438598969,0.011443100057527942,0.006699339702498357,0.006988578361275477,0.4403910256410256,0.339724358974359,0.5049615384615385,0.033415697048049975,0.06194790993320409,0.054869101486748506,119,156,0.48210071288733314,0.4915384615384612,67.21818181818182,275,23
1221,1221.0,0.47285039370078746,0.40096850393700784,0.450236220472441,0.4661089743589743,0.38690384615384615,0.4410897435897436,0.015577198090396182,0.006420943889887781,0.005880668609337217,0.01158234068869165,0.006905804857001972,0.006904620151216305,0.44305769230769226,0.3434935897435897,0.5029358974358974,0.0297927013930952,0.05747491419341816,0.0526996769634564,127,156,0.48136567371630234,0.4782051282051278,66.62190812720848,283,20
1222,1222.0,0.4691171875,0.4013671875,0.4486171875,0.4646447368421053,0.3865921052631579,0.44036842105263163,0.013178259704589846,0.006645685485839844,0.0053641112670898446,0.011159321156509697,0.006769583621883656,0.0068018905817174525,0.4449934210526316,0.3491578947368421,0.49888815789473684,0.024123766447368356,0.05220929276315789,0.050270970394736825,128,152,0.4880473316107748,0.47631578947368386,66.84642857142858,280,22
1223,1223.0,0.4708425196850395,0.3975905511811023,0.4466850393700787,0.4659738562091504,0.38741176470588234,0.440673202614379,0.014650841341682682,0.0069925410130820265,0.0053688456816913645,0.010930953564868213,0.00726353633217993,0.006767684053141953,0.4376993464052288,0.3503464052287582,0.5029411764705881,0.0331431732798107,0.04724414595234411,0.05625613710050942,127,153,0.4877770481531311,0.47980392156862717,67.35,280,22
1224,1224.0,0.47003937007874014,0.3973464566929134,0.44616535433070864,0.4634527027027028,0.38813513513513515,0.44369594594594597,0.014739707111414223,0.007211470518941038,0.005792956909913819,0.010636869384587291,0.007535697954711468,0.0067250089024835655,0.4308918918918919,0.3522432432432433,0.5077432432432432,0.03914747818684822,0.04510321344967011,0.06157788891253452,127,148,0.4950881060873115,0.4885135135135132,66.80727272727273,275,20
1225,1225.0,0.4675348837209302,0.3973333333333333,0.4481860465116279,0.46091891891891895,0.3875067567567568,0.4461689189189189,0.01501079141878493,0.007789074935400517,0.005783143681269153,0.010228885317750182,0.007470547251643536,0.00678882957450694,0.4262702702702702,0.35667567567567565,0.5074932432432433,0.041264613450660015,0.040657657657657664,0.059307196731615386,129,148,0.4938967653955008,0.4856756756756754,66.69314079422382,277,19
1226,1226.0,0.46974418604651164,0.39896124031007746,0.4468527131782946,0.45785314685314676,0.38475524475524475,0.44786713286713287,0.015142702001081667,0.007839401598461632,0.005773179856979748,0.010411621790796617,0.0074237093256393945,0.006881345982688639,0.42169930069930067,0.3539160839160839,0.5078321678321678,0.048044885347210964,0.045045156393993535,0.060979454653873166,129,143,0.4830403055567765,0.4975524475524472,66.78308823529412,272,21
1227,1227.0,0.46975,0.39759677419354844,0.44699193548387095,0.4566137931034483,0.38423448275862065,0.44928275862068967,0.01556420362903226,0.007912837408949012,0.005738975741415193,0.00979774049940547,0.007592055362663496,0.006732092461355529,0.4267724137931035,0.3497448275862069,0.5101931034482758,0.04297758620689651,0.047851946607341544,0.06320116796440489,124,145,0.47253314756585935,0.5142758620689651,66.92936802973978,269,22
1228,1228.0,0.46816406250000003,0.395609375,0.4479765625,0.4575,0.38172535211267605,0.4509718309859155,0.015363074645996096,0.0076244411621093746,0.005646038513183594,0.010049982394366198,0.007390889357270382,0.006668618924816504,0.42454225352112673,0.34919718309859155,0.5101267605633802,0.0436218089788733,0.04641219190140844,0.062150198063380235,128,142,0.4784330009084234,0.5029577464788728,66.57037037037037,270,20
1229,1229.0,0.46639534883720923,0.39491472868217053,0.4508449612403101,0.4532928571428571,0.3813071428571429,0.4524071428571429,0.01521789796286281,0.007999101255934138,0.0060877123970915215,0.00949292137755102,0.007196612806122449,0.006757898520408163,0.4074142857142857,0.3593285714285714,0.5153357142857142,0.05898106312292356,0.03558615725359915,0.06449075304540414,129,140,0.4788048486742515,0.5061428571428568,67.40892193308551,269,19
1230,1230.0,0.4658646616541353,0.39442105263157895,0.452609022556391,0.45061538461538453,0.38205594405594406,0.4545244755244755,0.014926357623381764,0.008183386624455877,0.005840869693029566,0.009781523399677246,0.007324668198933933,0.0067371445058438065,0.40559440559440557,0.35863636363636364,0.5165944055944055,0.06027025605972974,0.03578468899521531,0.06398538303801449,133,143,0.4663780631124965,0.5058041958041954,67.96376811594203,276,18
1231,1231.0,0.46421052631578946,0.3963383458646617,0.45203759398496235,0.4540821917808219,0.38215753424657534,0.4557328767123288,0.01642804590423427,0.00819956221380519,0.005884667759624626,0.010242020641771439,0.007502803950084443,0.006653045083505347,0.4111506849315069,0.3591027397260274,0.5094931506849315,0.05305984138428255,0.0372356061386343,0.05745555669996916,133,146,0.4633824989107653,0.500684931506849,68.25806451612904,279,19
1232,1232.0,0.4660601503759399,0.39948872180451134,0.45138345864661655,0.4529097222222222,0.38135416666666666,0.45554166666666673,0.016359906156368363,0.00866017468483238,0.005914386794052802,0.010339165461033951,0.007290020399305557,0.006816401041666667,0.41280555555555554,0.35780555555555554,0.5075486111111112,0.05325459482038436,0.041683166248955794,0.056165152464494605,133,144,0.4614933747419524,0.4972222222222219,68.028880866426,277,19
1233,1233.0,0.4640075187969924,0.40098496240601506,0.4519924812030075,0.45202739726027397,0.3831849315068493,0.45726027397260266,0.01579542099609927,0.008646360676126405,0.005549436033693256,0.010150465002814787,0.007208698677050106,0.006547014449240007,0.4111438356164384,0.3597945205479452,0.5088356164383561,0.05286368318055401,0.04119044185806986,0.05684313523534856,133,146,0.4552065045833912,0.5078082191780819,67.41218637992831,279,17
1234,1234.0,0.4640681818181819,0.39784848484848484,0.4508106060606061,0.45205442176870747,0.3824761904761905,0.45592517006802724,0.015702654442148762,0.008734567952249772,0.005538835342056933,0.01011926234439354,0.007188780045351474,0.0066087222916377435,0.4140884353741497,0.3593877551020408,0.5127142857142857,0.04997974644403219,0.038460729746444045,0.0619036796536796,132,147,0.45992729842841185,0.5027891156462581,67.6989247311828,279,19
1235,1235.0,0.46321897810218976,0.3989197080291971,0.4504671532846715,0.448445945945946,0.3823445945945945,0.45701351351351344,0.016332681975598062,0.00898610304225052,0.005583752570728329,0.009910638970051129,0.007131144768078889,0.006505499817384953,0.4110945945945946,0.3634324324324324,0.5100405405405407,0.052124383507595184,0.03548727559676468,0.05957338725586919,137,148,0.4766489771473634,0.47783783783783756,67.33684210526316,285,20
1236,1236.0,0.46453435114503816,0.3966946564885497,0.44748854961832063,0.4497702702702703,0.3791418918918919,0.45668243243243245,0.016834538896334714,0.009396883864576655,0.005685242235300974,0.011074852629656684,0.007095756893718042,0.006251108610299489,0.4161891891891892,0.3584054054054054,0.5057162162162162,0.04834516195584898,0.03828925108314429,0.05822766659789558,131,148,0.4732564417433141,0.48959459459459426,67.85663082437276,279,20
1237,1237.0,0.46685074626865664,0.3989253731343283,0.44690298507462684,0.4495068493150685,0.3781986301369863,0.4566164383561644,0.01778042548451771,0.00932633771441301,0.006017550289596793,0.01114526365171702,0.00667987150497279,0.006388661099643461,0.4169383561643835,0.36103424657534244,0.5023698630136987,0.04991239010427312,0.037891126558985855,0.055466877939071846,134,146,0.49021154141502293,0.4815068493150681,67.51785714285714,280,20
1238,1238.0,0.4664388489208633,0.3983741007194244,0.4456115107913669,0.4503680555555556,0.3807361111111111,0.4570833333333333,0.017957713886444803,0.009419126235702088,0.006200510946638373,0.011572163146219136,0.006611388695987655,0.005709381944444445,0.4266388888888889,0.35904166666666665,0.5074444444444445,0.03979996003197439,0.03933243405275777,0.06183293365307757,139,144,0.4870434991369143,0.46222222222222187,67.66077738515901,283,22
1239,1239.0,0.4675492957746479,0.39829577464788735,0.4437957746478873,0.4531824324324324,0.38237837837837835,0.45554729729729726,0.018080317992461813,0.009701518151160484,0.0058365568835548505,0.012066135637326515,0.006458613586559532,0.006151396411614317,0.4341959459459459,0.3579189189189189,0.504972972972973,0.03335334982870197,0.04037685572896843,0.06117719832508578,142,148,0.502909842209667,0.4489189189189186,67.97931034482758,290,18
1240,1240.0,0.46878985507246385,0.39688405797101445,0.4402101449275363,0.45158940397350994,0.38150993377483444,0.4555033112582782,0.01836420946229784,0.009818363369040118,0.005445571781138417,0.012138056576465946,0.006524382351651243,0.0060730182009561,0.4339735099337748,0.3518145695364238,0.5073509933774836,0.03481634513868903,0.04506948843459063,0.06714084844994728,138,151,0.491661168709565,0.45847682119205263,67.7923875432526,289,20
1241,1241.0,0.4706928571428572,0.3956142857142857,0.4404571428571429,0.45137419354838704,0.37990967741935483,0.4490645161290322,0.01876154137755102,0.009721779795918366,0.00548430530612245,0.01251192449531738,0.006888353132154007,0.006686653902185223,0.4397161290322581,0.35023225806451613,0.5011483870967742,0.030976728110599094,0.04538202764976956,0.06069124423963135,140,155,0.4765408596974958,0.452322580645161,67.00677966101695,295,19
1242,1242.0,0.4724485294117647,0.3947794117647059,0.4391764705882353,0.4505263157894737,0.3784868421052632,0.4463355263157895,0.018422776762543253,0.009634789576124566,0.005637748269896194,0.013523867728531857,0.007431868247922436,0.006718012422091413,0.4404276315789473,0.34788157894736843,0.5062894736842106,0.03202089783281736,0.04689783281733745,0.06711300309597534,136,152,0.4740129657673473,0.4585526315789471,66.79513888888889,288,19
1243,1243.0,0.4720802919708028,0.395036496350365,0.4389489051094891,0.44762666666666673,0.3752533333333333,0.44461999999999996,0.018864964356119136,0.00973060450743247,0.005608106878363259,0.014269340622222222,0.008390922488888886,0.006959208933333333,0.4314266666666667,0.3446533333333333,0.5055066666666668,0.04065362530413613,0.05038316301703166,0.06655776155717769,137,150,0.46345960364692496,0.45813333333333306,66.83275261324042,287,20
1244,1244.0,0.47277536231884065,0.39504347826086955,0.43978985507246376,0.44914285714285707,0.37496103896103894,0.4443701298701298,0.01832689881327452,0.009515780718336486,0.005441905114471749,0.0142709146567718,0.008247959520998483,0.006738518848035081,0.4391688311688312,0.3444285714285714,0.510448051948052,0.033606531150009444,0.050614906832298134,0.07065819687558822,138,154,0.45213270251084503,0.4499999999999997,66.86301369863014,292,22
1245,1245.0,0.47032592592592587,0.3930740740740741,0.43865925925925925,0.45420886075949374,0.37377215189873414,0.4431392405063291,0.018538560438957477,0.009056927846364882,0.005392491303155007,0.01482016523794264,0.0079382771991668,0.006985157827271271,0.44827215189873415,0.34508227848101264,0.507626582278481,0.02205377402719172,0.04799179559306144,0.06896732301922176,135,158,0.46153252901628244,0.4474683544303795,67.17064846416382,293,21
1246,1246.0,0.47134306569343065,0.38883211678832114,0.43759124087591245,0.45538271604938274,0.37746913580246916,0.44462962962962965,0.018032590335127073,0.009084022910117746,0.005200154083861687,0.014930594269166285,0.00812734781283341,0.007034220850480111,0.4498765432098765,0.3475308641975309,0.5088703703703703,0.02146652248355413,0.04130125259079026,0.07127912949445786,137,162,0.45830851362330505,0.4334567901234565,66.59197324414716,299,25
1247,1247.0,0.46842028985507245,0.38932608695652177,0.44022463768115944,0.457122699386503,0.3762699386503067,0.4452208588957055,0.0170692436462928,0.009081263232514177,0.005374420552404957,0.01536540825774399,0.00821631977116188,0.00706240520907825,0.449883435582822,0.3415153374233129,0.5058220858895707,0.018536854272250436,0.04781074953320885,0.06559744820841124,138,163,0.4701220770048686,0.4382208588957052,66.95681063122923,301,19
1248,1248.0,0.4705514705882353,0.38777205882352944,0.4390514705882353,0.45991875000000004,0.37646250000000003,0.4425375000000001,0.01606971793901384,0.00961392598399654,0.005447004703719723,0.0153819496484375,0.00801902359375,0.00706377359375,0.45539375,0.34048125,0.49955,0.015157720588235335,0.04729080882352943,0.0604985294117647,136,160,0.45944048890649974,0.4539999999999996,67.4054054054054,296,19
1249,1249.0,0.4652608695652173,0.3852753623188406,0.44076086956521743,0.45719620253164556,0.37313924050632913,0.4428860759493672,0.01581201890359168,0.009717895190086116,0.005442022526780089,0.01501291720076911,0.008327145169043423,0.007032062970677776,0.45085443037974693,0.33716455696202535,0.5023987341772153,0.014406439185470354,0.04811080535681522,0.06163786461199783,138,158,0.4622891790608663,0.45050632911392374,67.51351351351352,296,22
1250,1250.0,0.4637407407407407,0.3838370370370371,0.4422222222222221,0.46024050632911395,0.37127848101265826,0.4438481012658227,0.014929629080932788,0.00975975122085048,0.005438543209876543,0.015939942156705657,0.008109530043262297,0.006914926293863164,0.45947468354430376,0.3404493670886077,0.49973417721518987,0.004266057196436912,0.04338766994842941,0.05751195499296774,135,158,0.4360743163689955,0.4593670886075947,67.4061433447099,293,27
1251,1251.0,0.46426277372262775,0.3858175182481752,0.44193430656934307,0.46418867924528306,0.3678867924528302,0.44565408805031453,0.014862704672598433,0.00964118567851244,0.005536557728168789,0.0163910964756141,0.008322955737510384,0.0068642891499545115,0.4611949685534592,0.3385660377358491,0.49580503144654087,0.003067805169168547,0.04725148051232608,0.053870724877197795,137,159,0.4423834232743656,0.4289937106918237,66.17567567567568,296,29
1252,1252.0,0.4657368421052631,0.38421804511278196,0.44309022556390976,0.46536024844720497,0.36621739130434783,0.44775776397515527,0.015276133755441236,0.009408892305952852,0.0053982474984453615,0.01618466525211219,0.008535474480151229,0.007020481694379075,0.45731677018633543,0.33942857142857147,0.4933726708074534,0.008420071918927685,0.04478947368421049,0.05028244524354364,133,161,0.4533592010483984,0.4297515527950308,66.68367346938776,294,26
1253,1253.0,0.4629692307692307,0.3826615384615385,0.4454769230769231,0.4674402515723271,0.36498113207547167,0.4480188679245283,0.014835429822485207,0.009133962366863905,0.004987449467455622,0.01620732819113168,0.008635741782366204,0.007162697757208972,0.45633333333333337,0.3356666666666666,0.4944150943396226,0.00663589743589732,0.046994871794871884,0.048938171262699504,130,159,0.4572070425042885,0.45389937106918216,67.2318339100346,289,20
1254,1254.0,0.4643359375,0.3815546875,0.4431015625,0.466575,0.363525,0.44890624999999995,0.014409551208496095,0.009650137634277344,0.004873372497558594,0.015954356875000002,0.008481174375,0.0071184349609375005,0.45194999999999996,0.332275,0.4883875,0.012385937500000055,0.0492796875,0.045285937499999984,128,160,0.44682750136319993,0.4591249999999997,67.65972222222223,288,22
1255,1255.0,0.4696456692913386,0.37647244094488186,0.44623622047244094,0.46644375,0.36275,0.44925,0.014785331142662287,0.009805083886167774,0.005325786719573439,0.015981509335937498,0.0085335125,0.007260075,0.45649999999999996,0.33280624999999997,0.4915625,0.013145669291338646,0.04366619094488189,0.04532627952755908,127,160,0.4621597872951402,0.4612499999999997,67.48432055749129,287,20
1256,1256.0,0.471584,0.37633599999999995,0.44708,0.46464197530864193,0.3645493827160494,0.4455802469135802,0.015018258944000001,0.009832031104000001,0.0055262816,0.016491205151653712,0.00944127225270538,0.00751176207895138,0.4515,0.34114814814814814,0.4873518518518519,0.02008399999999999,0.035187851851851804,0.04027185185185195,125,162,0.4511271304655558,0.45851851851851827,67.43205574912892,287,19
1257,1257.0,0.4694796747967479,0.37758536585365854,0.447869918699187,0.46510179640718563,0.3666107784431138,0.4463353293413174,0.015404558529975543,0.009645527265516558,0.005605852997554365,0.016862055505754956,0.009580752698196422,0.007516031266807703,0.4504251497005988,0.3463952095808383,0.48693413173652683,0.019054525096149078,0.031190156272820235,0.03906421303733981,123,167,0.443496004440321,0.4601796407185626,67.58620689655173,290,21
1258,1258.0,0.47443442622950815,0.3778360655737705,0.44799180327868854,0.4707125748502994,0.36882035928143714,0.4484491017964071,0.016166524388605216,0.009776727223864553,0.005641368785272776,0.0171138575065438,0.009895883896876905,0.007785528846498621,0.45292215568862276,0.34698203592814375,0.4856646706586827,0.021512270540885392,0.030854029645626724,0.037672867379994146,122,167,0.439940868460346,0.4696407185628739,67.64359861591696,289,19
1259,1259.0,0.4725081967213115,0.3785,0.4457786885245901,0.4739573170731708,0.3696707317073171,0.44967682926829267,0.016220053211502283,0.009790938524590164,0.0056848936441816714,0.01734067500743605,0.009747208655562166,0.00742866995092207,0.4568536585365854,0.3477378048780488,0.4827012195121952,0.01565453818472612,0.03076219512195122,0.03692253098760506,122,164,0.44535554701086066,0.4737804878048778,67.56293706293707,286,22
1260,1260.0,0.4731,0.377,0.4463666666666667,0.4706380368098159,0.3726196319018405,0.45349079754601224,0.01686514,0.009504166666666666,0.005738515555555556,0.015531016221912755,0.009370014829312356,0.007503072001204412,0.44628834355828223,0.3490613496932516,0.4816871165644172,0.02681165644171779,0.027938650306748414,0.03532044989775052,120,163,0.43914972896488147,0.4800613496932512,67.52650176678445,283,19
1261,1261.0,0.4719435483870968,0.3790967741935484,0.4453951612903226,0.4739151515151515,0.3728606060606061,0.4522121212121212,0.015939956490634753,0.009159748699271594,0.005095948686264309,0.014980501891643707,0.00893827753902663,0.007471621671258036,0.45412121212121215,0.351139393939394,0.4799818181818182,0.017822336265884642,0.02795738025415445,0.03458665689149559,124,165,0.45654365271596586,0.4546060606060604,67.06920415224913,289,22
1262,1262.0,0.4727822580645161,0.37864516129032255,0.44658870967741937,0.474472049689441,0.3725217391304348,0.449447204968944,0.015825557427159208,0.009244148283038501,0.005012709872528616,0.01509887033679256,0.009322373751012693,0.007306011187839976,0.4508012422360249,0.35022981366459627,0.4752981366459627,0.021981015828491213,0.028415347625726284,0.02870942696854334,124,161,0.44824090501090785,0.46341614906832274,67.63508771929824,285,21
1263,1263.0,0.47522131147540986,0.37394262295081965,0.44750000000000006,0.47667080745341617,0.37278881987577644,0.44619254658385094,0.01580971331631282,0.009204185232464392,0.005029299180327871,0.014554692874503299,0.009448588943327804,0.007310242428918638,0.4507453416149068,0.3519875776397515,0.4774596273291925,0.024475969860503044,0.021955045311068122,0.02995962732919244,122,161,0.4448194507877314,0.4733540372670804,66.37102473498233,283,19
1264,1264.0,0.4707685950413223,0.3747272727272728,0.44721487603305793,0.4734562500000001,0.373475,0.44239375000000003,0.015279367939348403,0.009548,0.005075920770439179,0.014541535585937501,0.009271449374999999,0.007325413710937501,0.4486875,0.35509375000000004,0.47367500000000007,0.022081095041322274,0.019633522727272756,0.02646012396694214,121,160,0.4392766307962203,0.47724999999999973,66.13167259786476,281,21
1265,1265.0,0.46725423728813553,0.37502542372881353,0.4475932203389831,0.4727452229299363,0.3734777070063694,0.44134394904458596,0.01498647773628268,0.009537041726515368,0.0051356650387819605,0.014723221712848391,0.009399459694105237,0.0075275377500101425,0.44149681528662427,0.3592165605095542,0.4617961783439491,0.025757422001511265,0.01580886321925934,0.014202958004966015,118,157,0.45043093939043355,0.4708917197452227,65.3709090909091,275,24
1266,1266.0,0.4705546218487396,0.3721764705882354,0.4492521008403361,0.4716981132075472,0.37488050314465404,0.4407232704402515,0.014649423487041876,0.009604061295106275,0.0050846759409646225,0.014770034650528063,0.00927789138087892,0.007478992603140698,0.43930188679245286,0.3634654088050314,0.4595911949685535,0.03125273505628673,0.008711061783203966,0.010339094128217374,119,159,0.4854773355907608,0.44786163522012545,64.84172661870504,278,21
1267,1267.0,0.46920833333333334,0.3711666666666667,0.4499333333333333,0.4732283950617285,0.37614197530864196,0.44003086419753085,0.014459831597222222,0.009438472222222223,0.005109962222222223,0.014865657712238986,0.008888899596098156,0.007774239788142053,0.4463333333333334,0.360716049382716,0.4583086419753087,0.022874999999999923,0.010450617283950692,0.008375308641975387,120,162,0.46458452501106584,0.4571604938271602,65.03191489361703,282,22
1268,1268.0,0.4705083333333333,0.36995833333333333,0.45045833333333335,0.47115337423312886,0.37504294478527606,0.4399693251533743,0.013877916597222222,0.009399106597222224,0.005123148263888889,0.014926056230945839,0.008904642327524557,0.00795723218788814,0.4446196319018405,0.3532453987730062,0.4621411042944784,0.0258887014314928,0.01671293456032713,0.011682770961145061,120,163,0.46235309865393137,0.46472392638036786,64.4452296819788,283,22
1269,1269.0,0.46707692307692306,0.3715555555555556,0.450982905982906,0.47173291925465843,0.3744596273291925,0.4398198757763976,0.012814053911900066,0.00908298195631529,0.005190837314632186,0.015082680220670497,0.008807030978743104,0.008060259480729911,0.4479565217391305,0.3526149068322981,0.46000621118012425,0.01912040133779258,0.01894064872325746,0.009023305197218223,117,161,0.4652892775652852,0.47757763975155254,64.97122302158273,278,23
1270,1270.0,0.4663760683760683,0.37153846153846154,0.4518803418803418,0.4711543209876544,0.3761481481481482,0.4371296296296297,0.011876850025567973,0.009569752794214336,0.005334259186207904,0.015350994703551288,0.008398632373113854,0.007732656035665294,0.44609259259259254,0.3551543209876543,0.4579320987654321,0.02028347578347578,0.016384140550807225,0.006051756885090298,117,162,0.46148524637780286,0.49271604938271574,64.89605734767025,279,20
1271,1271.0,0.46725,0.37102586206896554,0.4506724137931033,0.4710186335403727,0.37705590062111805,0.4363726708074534,0.011969877155172415,0.009462663124256839,0.005322582342449466,0.015590043131052042,0.008368326067667142,0.007729600246904056,0.4451863354037266,0.353944099378882,0.45452173913043475,0.022063664596273402,0.017081762690083546,0.003849325337331455,116,161,0.4719127207579946,0.4821739130434779,65.72924187725631,277,24
1272,1272.0,0.46918103448275866,0.372198275862069,0.44921551724137937,0.4716319018404908,0.37755214723926384,0.43563190184049083,0.011802493088585017,0.008882227928061832,0.005350307000594531,0.015739152847303248,0.008564554029131696,0.007485876773683615,0.4382085889570552,0.3596871165644172,0.46064417177914097,0.03097244552570344,0.012511159297651786,0.011428654537761596,116,163,0.47227058501976016,0.4920858895705518,65.68817204301075,279,20
1273,1273.0,0.47490598290598285,0.3662393162393162,0.4468974358974359,0.4734382716049383,0.37770987654320987,0.4357716049382716,0.011207452699247573,0.0089165068303017,0.005291715976331361,0.015685628905654624,0.008568526939490933,0.007360793514708123,0.4406172839506173,0.3649074074074074,0.45631481481481484,0.03428869895536557,0.0013319088319088124,0.009417378917378927,117,162,0.48920992881756453,0.48444444444444423,65.42652329749104,279,19
1274,1274.0,0.4751186440677965,0.3633389830508475,0.44555084745762713,0.47358433734939764,0.37917469879518073,0.4355120481927712,0.010835172364263143,0.008776241022694628,0.005205671143349613,0.01517238746552475,0.008142517673102046,0.00774579202351575,0.4433734939759036,0.3668493975903615,0.4588734939759036,0.03174515009189294,0.0035104145395140063,0.01332264651827647,118,166,0.4877238082395539,0.46469879518072266,65.1443661971831,284,24
1275,1275.0,0.4784873949579831,0.36084873949579827,0.4481596638655463,0.47747305389221556,0.37773652694610776,0.4366347305389222,0.010004048160440648,0.008643220817738861,0.0054139492973660054,0.01536180616013482,0.00820975094123131,0.007987165979418408,0.4446167664670658,0.365437125748503,0.4589161676646707,0.033870628490917265,0.004588386252704746,0.010756503799124406,119,167,0.4770343840761509,0.4886826347305387,65.67832167832168,286,20
1276,1276.0,0.4794918032786885,0.36023770491803275,0.4468360655737706,0.4783414634146342,0.3760304878048781,0.4349451219512194,0.010374463047567856,0.008994771365224401,0.005341907551733405,0.014951846817370612,0.0084057124851279,0.007914137232302203,0.4440243902439024,0.369640243902439,0.46128048780487807,0.03546741303478612,0.009402538984406239,0.014444422231107479,122,164,0.47834453846313074,0.4859756097560973,64.81118881118881,286,18
1277,1277.0,0.47693495934959346,0.36056097560975614,0.4453170731707317,0.4802937500000001,0.3764,0.43379375,0.008606483574591844,0.009364864168153878,0.005436525480864565,0.0146978324609375,0.00850394,0.007936201210937499,0.44494375,0.3698375,0.459175,0.03199120934959343,0.009276524390243845,0.013857926829268286,123,160,0.48246032623097634,0.47224999999999967,64.84452296819788,283,23
1278,1278.0,0.47631967213114756,0.36009836065573775,0.44687704918032795,0.4780943396226415,0.3759622641509434,0.4328427672955974,0.008846955186777748,0.009243744423542059,0.0057084848830959425,0.014433620030853212,0.008740162098018273,0.007852535026304338,0.4444339622641509,0.3710691823899371,0.45568553459119493,0.03188570986699668,0.010970821734199332,0.008808485410866984,122,159,0.4580377815518638,0.48320754716981107,65.33807829181495,281,22
1279,1279.0,0.4726115702479339,0.3628181818181819,0.44788429752066117,0.4772327044025157,0.37677987421383646,0.4331509433962264,0.007645477221501264,0.009206694214876033,0.0065114246294652005,0.014554254024761676,0.008454272299355246,0.007845511807286105,0.4398993710691823,0.36811320754716975,0.45106289308176095,0.032712199178751566,0.005295025728987879,0.003178595561099784,121,159,0.4574054494444253,0.4888679245283016,66.18214285714286,280,23
1280,1280.0,0.471975,0.3660083333333333,0.4482416666666667,0.47955769230769235,0.37607051282051285,0.43253846153846154,0.0074740743750000005,0.009165124930555555,0.006513016597222222,0.014972913338264301,0.008528039899737015,0.00786881262327416,0.4465384615384615,0.36204487179487177,0.4518205128205129,0.025436538461538483,0.003963461538461555,0.0035788461538461824,120,156,0.45749751686464885,0.4835897435897432,67.05434782608695,276,24
1281,1281.0,0.4701666666666666,0.36817543859649127,0.4463684210526315,0.4791823899371069,0.3791949685534592,0.434496855345912,0.007397279239766082,0.00992740781779009,0.006475776546629733,0.014743897551520904,0.00850569154701159,0.007690275147343855,0.4489748427672956,0.3676666666666667,0.45537735849056604,0.02119182389937102,0.0005087719298245696,0.009008937437934517,114,159,0.45717640145858257,0.4949056603773582,66.7985347985348,273,22
1282,1282.0,0.4729137931034483,0.3725603448275862,0.44708620689655176,0.48330061349693254,0.38176073619631906,0.43234355828220866,0.008015268430439952,0.008938660151605235,0.00639059601664685,0.014631437238887426,0.008537286311114455,0.0072858696977680755,0.46249079754601236,0.3679815950920245,0.44825766871165645,0.010422995557435921,0.004578749735561716,0.0011714618151046907,116,163,0.4682228307737841,0.48901840490797516,66.35125448028674,279,21
1283,1283.0,0.47365254237288135,0.3751525423728813,0.4484745762711866,0.4825722891566265,0.38659638554216863,0.4332771084337349,0.008099006391841426,0.009313722493536342,0.006272147658718761,0.015121401400783859,0.009103264806212803,0.007324742488024387,0.46931325301204824,0.37128313253012046,0.451698795180723,0.0043392893608331096,0.0038694098427608514,0.0032242189095363916,118,166,0.46714820483037117,0.4815662650602408,65.40140845070422,284,22
1284,1284.0,0.47785714285714287,0.3743781512605042,0.4482436974789916,0.48081437125748505,0.38916167664670664,0.43503592814371256,0.00839429051620648,0.008657445236918295,0.00622137758632865,0.015073684104844203,0.009658494818745741,0.007204621463659508,0.4730838323353294,0.3727544910179641,0.45335928143712584,0.004773310521813456,0.0016236602425401259,0.005115583958134218,119,167,0.4717489445421947,0.4865269461077841,65.93356643356644,286,19
1285,1285.0,0.4820737704918032,0.37672950819672135,0.4494754098360656,0.479514619883041,0.38676023391812864,0.4329590643274854,0.008517707672668639,0.008442689129266327,0.0063032985756517074,0.015045103587428612,0.009977550699360486,0.007418366745323347,0.46816959064327485,0.36507017543859643,0.44960818713450296,0.013904179848528375,0.011659332758124918,0.00013277729843735875,122,171,0.45704966500987215,0.4729239766081868,65.56313993174061,293,22
1286,1286.0,0.4790731707317073,0.38242276422764226,0.4460162601626016,0.48177844311377244,0.38931137724550896,0.43283832335329353,0.009097807654174103,0.008196992002115142,0.006346113556745323,0.015047178457456345,0.009849076696905589,0.007435440926530173,0.46900000000000003,0.3664191616766467,0.44862275449101807,0.01007317073170727,0.016003602550995588,0.0026064943284164754,123,167,0.480087317188024,0.4672455089820356,65.5,290,18
1287,1287.0,0.480755905511811,0.38014960629921263,0.4443858267716535,0.4812530120481928,0.3880120481927711,0.4315060240963855,0.00968512939425879,0.007804898877797757,0.006641055862111724,0.015333092611409496,0.010339782987371171,0.007443960807083756,0.4719216867469879,0.36675903614457833,0.44992168674698796,0.008834218764823099,0.013390570154634296,0.005535859975334456,127,166,0.49047294842140693,0.4421686746987949,64.97610921501706,293,23
1288,1288.0,0.477896,0.38083999999999996,0.446312,0.484207100591716,0.38662721893491125,0.43107100591715974,0.009926669184000002,0.007989878399999999,0.006443814656000001,0.015399915689226567,0.01074662434788698,0.007618290816147894,0.4770059171597633,0.3592544378698225,0.44522485207100587,0.0008900828402366723,0.021585562130177482,0.0010871479289941144,125,169,0.47250969332318954,0.44633136094674525,66.57482993197279,294,26
1289,1289.0,0.4820629921259843,0.3809527559055118,0.4483385826771654,0.48206285714285707,0.38794857142857136,0.4310057142857144,0.010908767685535371,0.008006958397916793,0.006566113708227417,0.015439236048979588,0.010904003069387755,0.007516005681632653,0.47563999999999995,0.36104,0.4421999999999999,0.00642299212598435,0.01991275590551178,0.006138582677165494,127,175,0.46780503662821277,0.45434285714285694,66.66887417218543,302,21
1290,1290.0,0.47892000000000007,0.3803760000000001,0.448176,0.48362573099415207,0.3867426900584796,0.42935672514619894,0.010697081599999998,0.007792570624,0.006976577024000001,0.015244433022126467,0.011026612154167094,0.007439983858281182,0.4827076023391813,0.35985380116959065,0.4407719298245615,0.0037876023391812397,0.020522198830409455,0.007404070175438537,125,171,0.4818280650944304,0.4567836257309939,66.85472972972973,296,21
1291,1291.0,0.48285271317829453,0.38141085271317826,0.44501550387596894,0.4842732558139535,0.38455232558139535,0.4297209302325582,0.010820668229072771,0.007432784688420168,0.0068017516976143265,0.01520615207544619,0.0111282123783126,0.0074950151433207145,0.4891627906976744,0.357156976744186,0.43999418604651164,0.006310077519379842,0.024253875968992256,0.005021317829457306,129,172,0.48574066023937124,0.44581395348837183,66.66777408637874,301,22
1292,1292.0,0.48299999999999993,0.38618939393939394,0.4411060606060606,0.4842571428571429,0.3852457142857143,0.42802285714285715,0.01160319696969697,0.007735653523875114,0.006602109963269055,0.015017939591836735,0.010960802481632654,0.00703719947755102,0.4867085714285714,0.35829714285714287,0.43551428571428574,0.00370857142857145,0.027892251082251074,0.00559177489177487,132,175,0.4816044995104814,0.4390285714285711,66.96091205211727,307,21
1293,1293.0,0.478969465648855,0.3841297709923664,0.44306106870229006,0.4819595375722543,0.3854335260115607,0.4280693641618497,0.01084659448750073,0.007612158732008625,0.00638817947672047,0.014329507033312174,0.010890603962711751,0.007111648367803803,0.4861445086705202,0.3583121387283237,0.432335260115607,0.007175043021665217,0.02581763226404271,0.010725808586683039,131,173,0.4863343173132263,0.45335260115606907,67.65460526315789,304,16
1294,1294.0,0.48083333333333333,0.3844393939393939,0.43955303030303033,0.48743195266272193,0.38847928994082837,0.42744970414201183,0.012261457070707074,0.007641700872359964,0.005699807793847566,0.014962919925772906,0.010594320577010609,0.0071487326774272615,0.49284023668639054,0.35698816568047337,0.4247751479289941,0.012006903353057208,0.027451228258920546,0.01477788237403621,132,169,0.496290427095553,0.44727810650887545,68.19269102990033,301,18
1295,1295.0,0.47977692307692305,0.38230769230769235,0.43955384615384624,0.4886686390532544,0.3870355029585799,0.42740828402366865,0.012305327159763315,0.007864797633136095,0.005923262485207101,0.014471156472112319,0.010534827141906795,0.006709555197647141,0.49215976331360956,0.358715976331361,0.4273905325443787,0.01238284023668651,0.023591715976331362,0.012163313609467541,130,169,0.4991580091067853,0.44360946745562096,67.4448160535117,299,16
1296,1296.0,0.4835153846153846,0.3811230769230769,0.4402153846153846,0.4896047904191617,0.38671856287425144,0.4266107784431138,0.012681772840236688,0.008296877159763315,0.0057678459171597645,0.014555316863279426,0.01065226211050952,0.006710824554483846,0.4941736526946109,0.3593532934131737,0.42608383233532937,0.010658268079226263,0.021769783509903218,0.014131552280055248,130,167,0.5078367466814355,0.4205389221556882,67.48821548821549,297,20
1297,1297.0,0.47918796992481205,0.3836541353383459,0.4378872180451128,0.4913888888888888,0.38989506172839505,0.4238209876543209,0.01303257368986376,0.007925203685906495,0.005886686528350953,0.015123151234567901,0.010409488987959155,0.006914134621246761,0.5007530864197531,0.3583271604938272,0.4231172839506173,0.021565116494941083,0.025326974844518735,0.014769934094495507,133,162,0.5137602466867378,0.40703703703703675,67.16610169491526,295,21
1298,1298.0,0.4791515151515151,0.3816439393939394,0.4361136363636363,0.49143827160493825,0.38959876543209876,0.42470370370370364,0.013210901285583105,0.008159047463269052,0.00569304011707989,0.015159986930345981,0.010381771109586952,0.006761566529492454,0.5007592592592592,0.35904938271604936,0.42594444444444446,0.02160774410774413,0.022594556677890065,0.010169191919191856,132,162,0.49017711480902076,0.4204938271604935,67.46598639455782,294,23
1299,1299.0,0.48152307692307694,0.3804846153846154,0.43556923076923076,0.4894161490683229,0.3870745341614907,0.425055900621118,0.013378849467455621,0.008296926686390533,0.005864845207100592,0.01550492619883492,0.010442031711739515,0.006592090042822421,0.497888198757764,0.35417391304347823,0.42718633540372664,0.01636512183468708,0.026310702341137193,0.008382895365504128,130,161,0.48539690978096145,0.43708074534161456,66.83848797250859,291,22
1300,1300.0,0.48240458015267174,0.3794732824427481,0.44024427480916034,0.4891790123456789,0.38512345679012344,0.42537654320987645,0.013391217994289379,0.008441088980828624,0.006162215138977914,0.015778381534827007,0.010453095869532083,0.006605148338667886,0.4928950617283951,0.352962962962963,0.42552469135802473,0.010490481575723354,0.026510319479785105,0.01471958345113561,131,162,0.4824962816573944,0.444938271604938,67.03754266211604,293,20
1301,1301.0,0.4820827067669172,0.3761729323308271,0.4386992481203007,0.4880555555555555,0.38339506172839505,0.42631481481481476,0.013195684888914015,0.008328188139521736,0.006165774209960993,0.01565668209876543,0.01030417725956409,0.0064482527434842245,0.48991358024691367,0.3502962962962963,0.42793827160493825,0.007830873479996447,0.02587663603453083,0.010760976515362453,133,162,0.4746739043304507,0.4439506172839503,67.20338983050847,295,22
1302,1302.0,0.47983593750000003,0.3741875,0.4383125,0.4838271604938271,0.38073456790123456,0.4251358024691358,0.012669230895996093,0.00823663671875,0.00594601171875,0.015357636793171772,0.009504614730986129,0.0063565741502819685,0.4756604938271604,0.35059259259259257,0.42761728395061727,0.004175443672839618,0.02359490740740744,0.010695216049382728,128,162,0.47842264553338665,0.4535802469135799,67.52758620689656,290,25
1303,1303.0,0.471928,0.37572800000000006,0.4386879999999999,0.4819938650306748,0.3804601226993865,0.42550306748466266,0.011557586816,0.008566198015999999,0.006176742655999999,0.01433136806052166,0.009634039820843841,0.006375403364823667,0.4708588957055216,0.34746625766871164,0.4285950920245398,0.001069104294478429,0.02826174233128842,0.010092907975460086,125,163,0.47659112200974474,0.4729447852760733,66.94791666666667,288,22
1304,1304.0,0.47333333333333333,0.37102325581395357,0.43896899224806196,0.4806459627329193,0.3790062111801242,0.42543478260869566,0.011815850129198967,0.008826363800252387,0.0063000300462712575,0.013938079626557616,0.009627583812352918,0.006444506616257088,0.46831055900621127,0.3462857142857143,0.43078260869565216,0.005022774327122059,0.02473754152823926,0.008186383552409804,129,161,0.4833964117315798,0.46714285714285675,67.04482758620689,290,22
1305,1305.0,0.4737272727272727,0.3690833333333333,0.4373257575757576,0.47743373493975916,0.3803614457831325,0.4268373493975903,0.011641228650137742,0.009393152146464648,0.006010295397153351,0.013824390187255042,0.009787098272608506,0.006299160291769487,0.4538493975903614,0.3438012048192771,0.431355421686747,0.019877875136911305,0.0252821285140562,0.005970335889010581,132,166,0.47472603935087954,0.4620481927710841,66.66442953020135,298,23
1306,1306.0,0.4732148148148148,0.36796296296296294,0.4382740740740741,0.4757621951219513,0.3801890243902439,0.42899390243902435,0.011685576076817559,0.009477235665294924,0.0057468952537722915,0.01382876661957168,0.00951348256246282,0.0060789816701368226,0.4513414634146342,0.3453353658536586,0.43210365853658533,0.021873351400180596,0.022627597109304343,0.00617041553748876,135,164,0.4710203889882093,0.47329268292682897,66.4314381270903,299,19
1307,1307.0,0.4704890510948906,0.37082481751824814,0.4385401459854014,0.4779634146341463,0.37812804878048784,0.4274390243902439,0.011188979807128777,0.0095741006979594,0.005722934519686717,0.013308145002974421,0.009103026286436645,0.006018441403926234,0.4512439024390244,0.34335365853658534,0.4325487804878048,0.019245148655866184,0.027471158981662802,0.005991365497596601,137,164,0.4655302621426631,0.4742682926829265,65.84053156146179,301,20
1308,1308.0,0.4682773722627737,0.3747591240875912,0.4363138686131387,0.47580864197530864,0.37734567901234567,0.4286975308641976,0.010068798977036605,0.009721759497042997,0.005624711705471788,0.013427130048773052,0.008914374333180916,0.006222408512421887,0.4474135802469135,0.33764197530864193,0.43419135802469133,0.020863792015860194,0.03711714877894928,0.0021225105884473683,137,162,0.46555198796160824,0.4655555555555552,65.82943143812709,299,22
1309,1309.0,0.4655,0.3736060606060606,0.43768181818181817,0.4779210526315789,0.3772894736842105,0.4279671052631579,0.009759886363636365,0.009299572084481175,0.005655565426997244,0.013829546398891966,0.008700337257617728,0.006249926549515235,0.4412434210526316,0.33589473684210525,0.4360921052631579,0.024256578947368435,0.03771132376395536,0.0015897129186602799,132,152,0.4694632184506523,0.48618421052631544,65.86971830985915,284,22
1310,1310.0,0.4665151515151515,0.373469696969697,0.43803030303030305,0.47576315789473683,0.3788355263157895,0.430953947368421,0.00967656795224977,0.009225506657483928,0.005603393021120294,0.013741891274238227,0.008932453211565097,0.006367004458102493,0.4425328947368421,0.33446710526315787,0.4368421052631579,0.023982256778309397,0.039002591706539136,0.0011881977671451271,132,152,0.44031139509884926,0.5042105263157891,65.27112676056338,284,22
1311,1311.0,0.4646814814814815,0.3741259259259259,0.4372444444444444,0.4756092715231788,0.3781523178807947,0.4337218543046357,0.009478424471879287,0.009556954513031552,0.0053989402469135795,0.013767549318012363,0.008937612560852596,0.0063053133634489705,0.4438211920529801,0.33264238410596014,0.4403708609271523,0.020860289428501377,0.041483541819965775,0.0031264164827078944,135,151,0.4550792118053112,0.4913245033112579,65.1118881118881,286,21
1312,1312.0,0.46146323529411765,0.3747058823529412,0.4384191176470588,0.47636601307189536,0.3768104575163399,0.43481045751633984,0.00864723394247405,0.009298060553633218,0.0056593316933391,0.013725526165150156,0.009296624204365842,0.006568611132470418,0.44605882352941184,0.3273071895424836,0.43971241830065366,0.015404411764705805,0.04739869281045761,0.0012933006535948421,136,153,0.4682644341378092,0.47640522875816965,64.88235294117646,289,21
1313,1313.0,0.4618345864661655,0.3741052631578947,0.4401954887218045,0.4760463576158941,0.37762913907284773,0.4335496688741721,0.008851596698513198,0.009443086664028492,0.005834142235287466,0.013979077321170121,0.009174935309854831,0.006649717731678433,0.44537086092715233,0.323364238410596,0.43564238410596023,0.016463725539013152,0.05074102474729869,0.004553104615844239,133,151,0.4773661143600347,0.4791390728476817,65.41197183098592,284,22
1314,1314.0,0.46174814814814813,0.37505185185185186,0.4418814814814815,0.47828859060402684,0.3756241610738255,0.4339127516778523,0.009027892126200275,0.00961708620027435,0.005987156323731138,0.013921010675194806,0.0091116439800009,0.00675491185081753,0.4472281879194631,0.32189261744966446,0.43175838926174503,0.014519960228685014,0.053159234402187394,0.010123092219736451,135,149,0.49726949923447494,0.46436241610738216,64.63732394366197,284,21
1315,1315.0,0.4620373134328358,0.37132089552238806,0.44267164179104473,0.475025974025974,0.3753766233766234,0.433,0.008780916518155492,0.009833247772332368,0.006029011583871687,0.013310778546129194,0.009230806206780231,0.006585025974025974,0.44829870129870136,0.32415584415584414,0.42844155844155846,0.01373861213413441,0.04716505136654392,0.014230083349486278,134,154,0.4985795586896482,0.4716883116883113,64.92708333333333,288,18
1316,1316.0,0.46516428571428564,0.3727357142857142,0.43944285714285714,0.471525641025641,0.3734551282051282,0.43482051282051276,0.008526665867346938,0.009468537295918367,0.005846118163265306,0.012331223701512163,0.009754273627547666,0.006871621630506246,0.44926282051282057,0.32454487179487185,0.427698717948718,0.01590146520146507,0.04819084249084238,0.011744139194139136,140,156,0.48575800786790485,0.4641025641025638,65.19932432432432,296,19
1317,1317.0,0.4631888111888112,0.3709160839160839,0.43669930069930063,0.47378571428571425,0.37158441558441563,0.43585064935064943,0.008625985329355957,0.009578202748300652,0.006256056433077411,0.011996622912801484,0.010273541575307809,0.006868555616461461,0.4542012987012987,0.32221428571428573,0.428525974025974,0.008987512487512506,0.04870179820179815,0.008173326673326653,143,154,0.4666385835068362,0.4710389610389607,65.37373737373737,297,21
1318,1318.0,0.4637928571428571,0.37130714285714284,0.4380642857142857,0.47489102564102564,0.3734166666666667,0.43622435897435907,0.008691035663265307,0.00967291280612245,0.0064493315816326535,0.012160302227153188,0.010106050747863247,0.006896404791255753,0.4566217948717949,0.32624358974358975,0.4260128205128205,0.007171062271062234,0.04506355311355309,0.012051465201465161,140,156,0.4493122874947535,0.4801282051282048,65.03716216216216,296,21
1319,1319.0,0.4652739726027398,0.3671438356164384,0.4381232876712329,0.47653749999999995,0.3756125,0.4366,0.008689294802026647,0.009986424516794897,0.006816656033026834,0.01261542359375,0.01019758734375,0.007069752500000001,0.46441875,0.334925,0.42990625,0.0008552226027397913,0.0322188356164384,0.008217037671232885,146,160,0.4499819337238653,0.45924999999999966,64.97058823529412,306,22
1320,1320.0,0.46510416666666665,0.3674027777777778,0.43994444444444447,0.47784375,0.3753625,0.43470624999999996,0.008444412760416665,0.009905615547839506,0.006694080246913581,0.012803406835937498,0.010289856093749999,0.0071813324609375,0.47440625000000003,0.33578125,0.42904375000000006,0.009302083333333377,0.031621527777777825,0.010900694444444414,144,160,0.4543852312421477,0.4617499999999996,65.71381578947368,304,20
1321,1321.0,0.4598767123287671,0.3653013698630137,0.43894520547945204,0.47830817610062887,0.374188679245283,0.43494339622641504,0.008513368361793956,0.009463237943328956,0.006411544942765997,0.013008238360824332,0.010310920374985167,0.007450531387207785,0.4793270440251572,0.33562893081761,0.42924528301886794,0.0194503316963901,0.029672439045403676,0.009699922460584098,146,159,0.45302619887643103,0.4508805031446537,65.42295081967212,305,23
1322,1322.0,0.46244444444444444,0.36618055555555556,0.437625,0.47655279503105585,0.3716024844720497,0.4352732919254659,0.00873508024691358,0.009426189621913581,0.006593873263888889,0.013217936653678484,0.009854276764013735,0.0073210433239458365,0.4815652173913044,0.3337391304347826,0.42722360248447205,0.019120772946859987,0.03244142512077297,0.010401397515527933,144,161,0.4523222584765975,0.4550931677018631,65.15737704918033,305,22
1323,1323.0,0.46644897959183684,0.3670680272108844,0.4383469387755102,0.4802848101265822,0.37262025316455694,0.4334367088607595,0.008963539913924753,0.008859886528761164,0.00656173677634319,0.013573722680660148,0.009787425412594138,0.007245891563851946,0.4910822784810127,0.3355443037974683,0.4252594936708861,0.02463329888917587,0.03152372341341608,0.013087445104624063,147,158,0.4610895797656937,0.45987341772151863,65.76393442622951,305,20
1324,1324.0,0.4678378378378378,0.36525675675675673,0.4363445945945946,0.48147169811320756,0.3726037735849056,0.4318867924528302,0.00900368991964938,0.008774177319211101,0.006893225849159972,0.013504412721015782,0.009671849293936158,0.007512188441912899,0.485943396226415,0.33158490566037735,0.4235786163522012,0.018105558388577248,0.03367185109637938,0.01276597824239345,148,159,0.46381378453619093,0.4575471698113204,66.185667752443,307,20
1325,1325.0,0.46964429530201335,0.3682617449664429,0.43544966442953026,0.4833398692810457,0.37309150326797386,0.43496078431372553,0.009006913742624207,0.008763454979505429,0.006872864915994774,0.014178904096714939,0.00972231842453757,0.007672168396770472,0.48682352941176465,0.33913725490196084,0.4219803921568628,0.017179234109751307,0.02912449006448209,0.013469272272667476,149,153,0.4565271337787092,0.4690849673202611,66.22185430463576,302,18
1326,1326.0,0.46864000000000006,0.3699733333333333,0.43603333333333333,0.48118421052631577,0.37063815789473686,0.43512500000000004,0.010000577066666665,0.00886759928888889,0.0065742722222222215,0.013422623961218837,0.010161125649238227,0.0075381488486842094,0.4764473684210526,0.340546052631579,0.4227697368421052,0.007807368421052563,0.02942728070175432,0.013263596491228102,150,152,0.46996782592603004,0.4571052631578943,66.16225165562913,302,19
1327,1327.0,0.4691232876712328,0.36894520547945203,0.43554109589041096,0.4832333333333334,0.3706866666666667,0.4365333333333334,0.009841916306999437,0.008651640833176957,0.006608166119346969,0.013800125555555555,0.010269255155555556,0.007873915555555555,0.47434,0.33488666666666667,0.42277333333333333,0.005216712328767192,0.034058538812785366,0.012767762557077622,146,150,0.47069760111346864,0.4566666666666663,66.375,296,19
1328,1328.0,0.46828472222222217,0.36716666666666664,0.43630555555555556,0.4864228187919463,0.36893959731543624,0.43856375838926176,0.010217148099922838,0.008843902777777779,0.006532989969135802,0.013813143371920184,0.010045895680374757,0.007829400297283908,0.4780536912751677,0.32855704697986576,0.42222147651006714,0.009768969052945553,0.03860961968680088,0.014084079045488418,144,149,0.4750438736687117,0.46046979865771775,67.05119453924915,293,20
1329,1329.0,0.4661438356164383,0.36634931506849316,0.4346301369863014,0.4861621621621621,0.3702567567567568,0.43732432432432433,0.01011109574967161,0.008846295787202103,0.006570205667104523,0.013928581811541269,0.010123042184075967,0.007874151570489409,0.4764256756756756,0.3321013513513514,0.4204391891891892,0.010281840059237324,0.03424796371714178,0.014190947797112163,146,148,0.4720546757051007,0.456351351351351,67.3061224489796,294,18
1330,1330.0,0.46113333333333334,0.37058,0.43590666666666666,0.4846824324324325,0.37117567567567566,0.43410135135135136,0.010437702222222223,0.008776416933333335,0.006689684622222221,0.013839743745434622,0.009802590759678598,0.008166199187363037,0.4758986486486486,0.3358918918918919,0.42146621621621616,0.014765315315315275,0.03468810810810813,0.014440450450450504,150,148,0.45882599862196344,0.4466216216216213,66.83892617449665,298,22
1331,1331.0,0.4554533333333333,0.36804000000000003,0.43309333333333333,0.482972602739726,0.3715958904109589,0.4353356164383562,0.010052394488888889,0.008955145066666666,0.007205204622222223,0.014065410208294236,0.009883555873522236,0.00781655174516795,0.4728904109589041,0.3404315068493151,0.4218287671232877,0.017437077625570785,0.02760849315068492,0.011264566210045623,150,146,0.4521466178276004,0.4491780821917805,67.0608108108108,296,22
1332,1332.0,0.4549597315436242,0.37047651006711413,0.433248322147651,0.479751724137931,0.3735586206896552,0.4334413793103448,0.01028060240529706,0.009480356830773388,0.007232374577721725,0.014044172841854934,0.010049694839476814,0.007914122425683711,0.47097241379310345,0.3442344827586207,0.42348965517241377,0.01601268224947927,0.026242027308493454,0.009758666975237251,149,145,0.45444905821264653,0.44613793103448246,67.61224489795919,294,21
1333,1333.0,0.4528648648648649,0.3728108108108108,0.4339256756756757,0.478020979020979,0.37504195804195806,0.4332937062937063,0.010241035792549308,0.009319518261504747,0.007250433665084003,0.014089894664775782,0.01015152271504719,0.007638738911438211,0.4612447552447552,0.34604195804195803,0.4223846153846154,0.008379890379890342,0.02676885276885277,0.011541060291060279,148,143,0.4747606401337514,0.4421678321678318,67.11340206185567,291,17
1334,1334.0,0.45082993197278903,0.37110884353741497,0.4339455782312925,0.47604225352112667,0.37847183098591547,0.4301830985915493,0.010404481280947753,0.009252682030635383,0.007288541255958167,0.014456237651259671,0.00964016469946439,0.007412797460821266,0.4632605633802817,0.3521901408450704,0.4214084507042254,0.012430631407492676,0.01891870269234458,0.012537127527067093,147,142,0.45995541647641075,0.4528169014084504,67.17647058823529,289,18
1335,1335.0,0.4517887323943662,0.3706760563380282,0.4278309859154929,0.4736408450704226,0.3821408450704225,0.42969014084507035,0.010364448323745288,0.00965334576472922,0.0072382812933941675,0.014491047064074591,0.009046430866891489,0.007900946240825234,0.4632323943661972,0.35290845070422533,0.42252112676056336,0.011443661971830998,0.017767605633802863,0.0053098591549295415,142,142,0.4750883261684266,0.44887323943661944,66.34507042253522,284,20
1336,1336.0,0.450158273381295,0.3685755395683453,0.4252446043165467,0.4730719424460431,0.3847050359712231,0.429021582733813,0.010267572071838931,0.009792042854924693,0.007951767506857823,0.014418498421406764,0.009420970550178563,0.008143531908286322,0.456136690647482,0.3541223021582734,0.4292230215827338,0.0059784172661870305,0.014453237410071929,0.003978417266187084,139,139,0.4777295995818122,0.43964028776978387,66.4568345323741,278,27
1337,1337.0,0.4473758865248227,0.3696879432624114,0.424886524822695,0.4698030303030303,0.3870378787878788,0.4290303030303031,0.010733865801519036,0.009642725315627985,0.007835391378703286,0.013309188475665748,0.008855824322773185,0.008427044536271812,0.4566363636363637,0.35981060606060605,0.4383863636363637,0.009260477111540988,0.009877337201805336,0.013499838813668674,141,132,0.47256649767498166,0.46696969696969653,66.01465201465201,273,25
1338,1338.0,0.44694852941176477,0.3688676470588235,0.4248529411764706,0.46628787878787875,0.3881136363636364,0.4306590909090909,0.010882842939013843,0.009683526600346022,0.007812257785467128,0.01342534136822773,0.00912255526859504,0.00823145196280992,0.44770454545454547,0.35737121212121215,0.44068939393939394,0.0007560160427806939,0.011496434937611377,0.015836452762923336,136,132,0.4881506441741883,0.48545454545454514,66.77985074626865,268,22
1339,1339.0,0.4443381294964029,0.37024460431654677,0.4273956834532375,0.46507407407407414,0.38851851851851854,0.43077777777777776,0.010500137467004815,0.0100085588737643,0.007978296672014907,0.013081964883401919,0.00920322743484225,0.008156276543209879,0.44465185185185185,0.35877037037037035,0.44234814814814816,0.0003137223554489643,0.011474233946176415,0.014952464694910683,139,135,0.48855958337474564,0.49148148148148113,67.42335766423358,274,18
1340,1340.0,0.44304225352112675,0.37195774647887325,0.43109859154929575,0.4676222222222222,0.391162962962963,0.43090370370370373,0.010362392580837135,0.010327068637175165,0.007728060702241617,0.013794205432098763,0.009297484554183815,0.008314664801097393,0.4544296296296297,0.36065925925925924,0.44591851851851855,0.011387376108502933,0.011298487219614017,0.014819926969222796,142,135,0.49452238541999605,0.48288888888888853,67.50541516245487,277,18
1341,1341.0,0.4435416666666667,0.3715138888888889,0.43149305555555556,0.4689927007299271,0.38976642335766426,0.4339416058394161,0.010994178819444445,0.010896985918209876,0.007700805507330248,0.013702270019713358,0.009232266609835367,0.008275748414939528,0.4565109489051095,0.3575766423357664,0.4508613138686132,0.012969282238442792,0.013937246553122506,0.019368258313057662,144,137,0.49721180993839487,0.47481751824817486,68.16725978647686,281,19
1342,1342.0,0.4448714285714286,0.36862857142857147,0.42927857142857145,0.4682205882352941,0.390125,0.43633823529411764,0.011368297755102041,0.010197362040816327,0.006919972397959185,0.01371601016435986,0.00922521231617647,0.007949812067474048,0.45521323529411767,0.34755147058823527,0.4520955882352941,0.010341806722689084,0.021077100840336205,0.022817016806722656,140,136,0.5059319134481616,0.47558823529411726,68.59420289855072,276,19
1343,1343.0,0.4435333333333333,0.3654074074074074,0.43019999999999997,0.4683897058823529,0.3891617647058824,0.4376764705882353,0.010655582222222222,0.0101831451303155,0.0067627674074074075,0.013520870188148789,0.009260032655709342,0.007991439446366782,0.46166911764705887,0.351125,0.4556911764705882,0.01813578431372559,0.014282407407407383,0.02549117647058824,135,136,0.4895677334829261,0.5002941176470584,69.02952029520296,271,20
1344,1344.0,0.4422189781021898,0.3647956204379562,0.4294379562043795,0.4654071428571429,0.39215,0.4384142857142857,0.010860725771218499,0.009888425382279289,0.006846976077574724,0.01343011280612245,0.0092352275,0.008357128367346938,0.46267142857142857,0.35329285714285713,0.4550214285714286,0.02045245046923877,0.011502763295099083,0.025583472367049054,137,140,0.47709888998457367,0.49214285714285677,69.66425992779783,277,22
1345,1345.0,0.43824812030075194,0.3650601503759398,0.42739097744360904,0.46167375886524814,0.39083687943262413,0.43760283687943263,0.010547133925038159,0.010077725705240546,0.006848373452428064,0.012227439666012776,0.009342278356219506,0.008117941552235806,0.46748226950354616,0.35546808510638295,0.4490070921985815,0.029234149202794213,0.00959206526955686,0.021616114754972438,133,141,0.47090969916294406,0.5077304964539003,69.82116788321167,274,20
1346,1346.0,0.4366363636363636,0.3665606060606061,0.4259242424242424,0.4620629370629371,0.39037762237762236,0.435972027972028,0.010634398071625344,0.010717397842056935,0.006533342745638201,0.012309933101863171,0.00921209516357768,0.007840083133649567,0.4754475524475525,0.3588811188811189,0.4462727272727273,0.03881118881118889,0.007679487179487188,0.020348484848484893,132,143,0.47153162887616573,0.4943356643356641,68.31272727272727,275,19
1347,1347.0,0.4375797101449275,0.3646231884057971,0.4282971014492754,0.4632808219178083,0.3897602739726027,0.4355684931506849,0.010348547994118884,0.010896959462297838,0.006574353759714347,0.012117612919872397,0.009277784997185214,0.007736190514167762,0.48201369863013693,0.3589520547945205,0.4410342465753424,0.04443398848520941,0.00567113361127658,0.012737145126066995,138,146,0.49513494081389847,0.47150684931506814,67.56338028169014,284,16
1348,1348.0,0.4378421052631579,0.36615789473684207,0.427609022556391,0.4653219178082192,0.3888698630136986,0.436958904109589,0.010578373565492679,0.010995230708349821,0.0065056366103228,0.01216567034152749,0.009062222790392193,0.007367313379620943,0.4843013698630137,0.3568630136986301,0.44222602739726025,0.046459264599855776,0.009294881038211966,0.014617004840869252,133,146,0.4886447054922696,0.4635616438356161,68.22222222222223,279,22
1349,1349.0,0.4389323308270677,0.3649248120300752,0.4286541353383459,0.46526530612244904,0.3855442176870748,0.43468707482993196,0.010307822488552209,0.010886671038498502,0.006656526994177172,0.01182393641538248,0.009252452126428803,0.007296391873756305,0.4901088435374149,0.3609591836734694,0.4393129251700681,0.05117651271034723,0.003965628356605799,0.010658789831722193,133,147,0.5006053296373023,0.4543537414965984,68.45714285714286,280,20
1350,1350.0,0.4382330827067669,0.36253383458646615,0.42825563909774433,0.4660064516129032,0.3825032258064516,0.43428387096774196,0.010310629882978123,0.010886429306348578,0.006640024874215614,0.011520380603537982,0.009313979021852237,0.006976641997918836,0.49095483870967743,0.35830322580645163,0.43894838709677425,0.052721756002910514,0.004230608780014522,0.010692747999029917,133,155,0.46451599167613417,0.46045161290322545,68.27083333333333,288,23
1351,1351.0,0.43743703703703707,0.35929629629629634,0.4284,0.46480891719745226,0.3813821656050956,0.43615923566878984,0.009682601591220853,0.010767704801097393,0.0065587733333333335,0.011682294697553653,0.009436656497220981,0.006542567000689683,0.4910063694267516,0.3577006369426752,0.442375796178344,0.05356933238971451,0.0015956593536211594,0.013975796178343991,135,157,0.47093332401706023,0.46171974522292963,67.46575342465754,292,21
1352,1352.0,0.4353642857142857,0.3606714285714286,0.4288214285714285,0.4640191082802548,0.38155414012738853,0.43645859872611464,0.009893603010204081,0.010406834897959185,0.0064091752551020415,0.011667152501115665,0.009408807578400746,0.006594770578928152,0.48982802547770693,0.3598407643312102,0.44431210191082804,0.054463739763421226,0.0008306642402183817,0.015490673339399519,140,157,0.48216546216937267,0.44541401273885317,67.88552188552188,297,19
1353,1353.0,0.4384202898550725,0.36030434782608695,0.43002173913043473,0.4645419354838709,0.3835290322580645,0.43886451612903227,0.010099287124553668,0.010385458097038437,0.006609818367989919,0.011717474047866805,0.010009423350676378,0.006230491321540062,0.4885225806451613,0.36336129032258063,0.4460129032258065,0.05010229079008882,0.0030569424964936864,0.015991164095371768,138,155,0.4794645371838271,0.44225806451612876,68.00682593856655,293,20
1354,1354.0,0.4400948905109489,0.3607737226277372,0.4287737226277373,0.4654294871794872,0.3864102564102564,0.4380833333333334,0.009668202674623051,0.010315357557674888,0.006342656827747882,0.011936757848454965,0.009909165023011176,0.006389845619658119,0.4913269230769231,0.3659551282051282,0.441474358974359,0.051232032565974195,0.005181405577390996,0.012700636346621719,137,156,0.47458518224105767,0.44564102564102537,68.51194539249147,293,19
1355,1355.0,0.4407357142857143,0.36337142857142857,0.43027857142857145,0.4653397435897435,0.38630769230769235,0.4378717948717949,0.009575580153061225,0.01051431918367347,0.0062221438265306125,0.01191016021531887,0.009825046351084813,0.006483265614727152,0.4920384615384614,0.36810897435897433,0.4448717948717949,0.05130274725274714,0.0047375457875457605,0.014593223443223446,140,156,0.47287791473615826,0.4415384615384612,68.44256756756756,296,18
1356,1356.0,0.4405547445255474,0.36208029197080294,0.4334744525547445,0.46625161290322586,0.38611612903225806,0.43872258064516134,0.009039779849752252,0.010648789173637381,0.006003607011561617,0.01193369798126951,0.009985096191467221,0.006514664973985432,0.49143870967741937,0.3709225806451613,0.44678064516129035,0.05088396515187199,0.008842288674358378,0.013306192606545864,137,155,0.4821087894334536,0.43438709677419324,68.07191780821918,292,21
1357,1357.0,0.4389632352941176,0.36015441176470586,0.435375,0.46289308176100624,0.38949056603773585,0.4363584905660378,0.008715829530709342,0.010826762921712803,0.0057728079044117656,0.012066711838930422,0.010300954313516077,0.006543663937344251,0.48727044025157235,0.3755849056603773,0.4403396226415094,0.04830720495745472,0.015430493895671415,0.004964622641509375,136,159,0.4920003330724627,0.4287421383647796,68.66440677966102,295,20
1358,1358.0,0.4378015267175573,0.3576106870229007,0.43350381679389316,0.45891082802547767,0.39292993630573253,0.4352675159235669,0.00879209801293631,0.011583703397237924,0.006161730901462619,0.012365571666193355,0.010364816747129703,0.0064197883078421026,0.4726114649681528,0.38099999999999995,0.44049044585987257,0.03480993825059553,0.02338931297709923,0.006986629065979411,131,157,0.47584931473614983,0.4468152866242036,67.51041666666667,288,19
1359,1359.0,0.4382727272727273,0.36071969696969697,0.4305378787878788,0.45748750000000005,0.39610625,0.435825,0.008591895316804408,0.011471413854453629,0.0066060970500459145,0.012448949843749998,0.0109796199609375,0.006364131875000001,0.46864375,0.3872,0.439325,0.030371022727272712,0.02648030303030302,0.008787121212121218,132,160,0.46762203128782914,0.44774999999999976,67.90753424657534,292,19
1360,1360.0,0.43851145038167944,0.3570763358778626,0.4301526717557252,0.4556114649681529,0.3976242038216561,0.4344649681528661,0.008606463609346774,0.010634940737719248,0.00640994615698386,0.012505384072376162,0.01105057852245527,0.006374847498884336,0.46936305732484074,0.39291719745222925,0.440656050955414,0.030851606943161303,0.03584086157436667,0.0105033791996888,131,157,0.46665014641853314,0.4526751592356685,67.70486111111111,288,18
1361,1361.0,0.4430708661417323,0.35485039370078747,0.42989763779527557,0.4528896103896104,0.3993311688311688,0.4336623376623377,0.00877868001736003,0.01011042643685287,0.006569225742451485,0.012744903398549503,0.011540169547984482,0.006388808062067803,0.4709415584415585,0.39959740259740256,0.4419025974025974,0.027870692299826194,0.04474700889661509,0.012004959607321841,127,154,0.47104252336902147,0.44571428571428545,67.08540925266904,281,19
1362,1362.0,0.4418,0.3568769230769231,0.42858461538461534,0.45238607594936714,0.39760126582278477,0.43290506329113926,0.009100760000000001,0.010052077159763315,0.00658635053254438,0.012812047147892965,0.011576328352828073,0.006256288455375741,0.4703227848101265,0.3984367088607595,0.4377848101265822,0.02852278481012649,0.0415597857838364,0.009200194741966872,130,158,0.45108797909683906,0.4536708860759491,67.39236111111111,288,19
1363,1363.0,0.44253030303030305,0.3597045454545454,0.4273484848484848,0.4511273885350318,0.39623566878980887,0.4315286624203822,0.009300521808999082,0.01028964755509642,0.006485090679522497,0.012915932816747131,0.011883250192705587,0.0063530517262363586,0.466,0.39789808917197445,0.43583439490445863,0.023469696969696974,0.03819354371742906,0.008485910055973822,132,157,0.4571392084835902,0.4502547770700634,67.2560553633218,289,21
1364,1364.0,0.4412170542635659,0.3606279069767442,0.42489147286821705,0.45004487179487174,0.3958653846153846,0.43260256410256415,0.00922359629829938,0.009936497205696775,0.0065998641908539156,0.013098824909598948,0.012104219058185404,0.006460188198553583,0.4676602564102563,0.4010064102564102,0.4392179487179487,0.026443202146690437,0.04037850327966602,0.014326475849731679,129,156,0.45648896966785574,0.4423076923076921,66.11578947368422,285,22
1365,1365.0,0.4388358208955224,0.3615820895522388,0.423589552238806,0.4480632911392406,0.39409493670886075,0.43365822784810126,0.009546629761639563,0.009627586544887505,0.006797376308754734,0.012963578272712706,0.012475896050312449,0.006418224963948086,0.4626772151898735,0.40012658227848097,0.4395,0.02384139429435106,0.03854449272624216,0.01591044776119399,134,158,0.4620640307847742,0.4241772151898731,66.76712328767124,292,24
1366,1366.0,0.4397619047619048,0.3591984126984128,0.421904761904762,0.44787261146496815,0.3938980891719745,0.43339490445859874,0.009028070294784581,0.010191460632401108,0.006600784580498865,0.012994009249868151,0.012439390888068481,0.006453156152379408,0.46096815286624215,0.4028980891719745,0.4395159235668789,0.021206248104337355,0.04369967647356171,0.017611161662116903,126,157,0.4774623220117355,0.428089171974522,65.7279151943463,283,23
1367,1367.0,0.44249206349206355,0.35914285714285715,0.42356349206349203,0.44901948051948054,0.39549999999999996,0.4341623376623376,0.008980726127488034,0.010074884353741495,0.0060911666036785085,0.01318798013998988,0.012604847402597404,0.00645594117895092,0.4600324675324675,0.39829220779220775,0.4375129870129871,0.017540404040403967,0.0391493506493506,0.013949494949495045,126,154,0.5011395739549156,0.4349350649350647,65.84642857142858,280,20
1368,1368.0,0.4442357723577236,0.3568373983739837,0.4250569105691057,0.4493918918918918,0.39477702702702705,0.43655405405405395,0.008780554167492894,0.009382477625751869,0.006131094322162735,0.013586995069393717,0.012906916499269542,0.006545638970051132,0.4602567567567567,0.3969527027027027,0.43363513513513513,0.0160209843990331,0.040115304328719015,0.008578224566029413,123,148,0.5151857676713502,0.43972972972972946,65.98154981549816,271,22
1369,1369.0,0.44205000000000005,0.35780833333333334,0.4233,0.4528933333333333,0.3947333333333334,0.4378,0.0085233475,0.009473488263888889,0.006019876666666666,0.01299905528888889,0.013435662222222223,0.006800773333333335,0.4574866666666667,0.38937333333333335,0.43172,0.015436666666666654,0.03156500000000001,0.008419999999999983,120,150,0.5288528308350695,0.4574666666666664,66.07777777777778,270,18
1370,1370.0,0.446155737704918,0.3607540983606557,0.42319672131147545,0.45424503311258285,0.394635761589404,0.44031788079470197,0.00905547574576727,0.00930377559795754,0.006025715399086268,0.012523403534932679,0.012990258058857066,0.0067860711372308225,0.4538079470198676,0.3803377483443709,0.4327417218543046,0.007652209314949587,0.0195836499837152,0.00954500054282914,122,151,0.5062231579524606,0.44046357615894016,65.46520146520146,273,24
1371,1371.0,0.44854471544715446,0.3583821138211382,0.4261463414634147,0.4519266666666666,0.3966733333333333,0.43906666666666666,0.008717711415162935,0.009199244232930134,0.005738401348403728,0.011855454622222221,0.01293248662222222,0.00667128888888889,0.4521333333333333,0.38060000000000005,0.43306,0.003588617886178813,0.022217886178861834,0.006913658536585321,123,150,0.5061066100010382,0.44839999999999974,65.97802197802197,273,23
1372,1372.0,0.44709090909090915,0.35547107438016523,0.42676859504132225,0.4529,0.39511999999999997,0.43799999999999994,0.00838393388429752,0.009247984700498599,0.005768277030257495,0.01189661,0.0127266656,0.006601893333333334,0.45542,0.37752,0.43292,0.008329090909090842,0.02204892561983479,0.006151404958677775,121,150,0.49840503593188284,0.46653333333333297,66.93357933579335,271,22
1373,1373.0,0.4487372881355933,0.35249152542372886,0.42795762711864405,0.45193999999999995,0.39677999999999997,0.4377533333333332,0.0084429903045102,0.009521436368859522,0.005824481255386382,0.011647443066666667,0.012732464933333333,0.006576359155555556,0.4516933333333333,0.37853333333333333,0.4349933333333333,0.0029560451977399538,0.026041807909604475,0.007035706214689241,118,150,0.4778132619616807,0.4743999999999997,67.00746268656717,268,25
1374,1374.0,0.44964166666666666,0.3512416666666667,0.4284833333333333,0.4547987012987012,0.3953051948051948,0.4383246753246754,0.008108829930555556,0.010014416597222221,0.0057485830555555565,0.011359888050261426,0.012992484778208805,0.006564946533985495,0.4554090909090909,0.37897402597402596,0.4362012987012986,0.005767424242424213,0.02773235930735929,0.007717965367965263,120,154,0.48459385675027816,0.4633766233766231,66.4014598540146,274,24
1375,1375.0,0.44956034482758617,0.3479137931034483,0.4299224137931034,0.45760784313725494,0.390235294117647,0.44194117647058817,0.007613384289536267,0.009798544292508921,0.0058194163941736035,0.010839820069204153,0.013565068819684738,0.0063076370626682044,0.45735294117647063,0.368797385620915,0.441516339869281,0.007792596348884462,0.020883592517466742,0.011593926076177596,116,153,0.4778735926293828,0.4760130718954245,66.22676579925651,269,26
1376,1376.0,0.4486806722689076,0.3449159663865546,0.43040336134453777,0.4634870129870129,0.3821428571428572,0.44218181818181823,0.007467679542405199,0.010383270249276181,0.005707064190382035,0.010705899181986845,0.01431718738404453,0.006305473435655255,0.47318831168831177,0.3666558441558441,0.4406428571428571,0.024507639419404148,0.02173987776928954,0.010239495798319342,119,154,0.4721587588362736,0.4859740259740256,66.75457875457876,273,25
1377,1377.0,0.4462857142857143,0.34767226890756303,0.4322100840336135,0.4644654088050314,0.3746415094339623,0.4405345911949686,0.007407683073229293,0.0105551278864487,0.005812770990749241,0.010363821130493256,0.014340884063130412,0.006237707922946086,0.48459748427672955,0.36264779874213837,0.43737735849056597,0.038311769991015265,0.01497552983457534,0.005167274456952475,119,159,0.48440917528192295,0.49113207547169785,66.72302158273381,278,19
1378,1378.0,0.4461583333333333,0.34907499999999997,0.43152499999999994,0.46486390532544375,0.3711715976331361,0.4408816568047336,0.0076249332638888894,0.010603319375,0.005687916041666667,0.01017082763208571,0.014223775287980111,0.0063984238647106185,0.4890769230769231,0.3556568047337278,0.4347337278106509,0.04291858974358975,0.006581804733727825,0.0032087278106509576,120,169,0.45884957085184486,0.48846153846153817,66.83737024221453,289,18
1379,1379.0,0.445694214876033,0.35223966942148754,0.4307355371900826,0.4633699421965319,0.3676473988439306,0.43994797687861265,0.00723601393347449,0.010199471484188238,0.005938971381736221,0.009950845801730761,0.015297777406528787,0.006393841224230678,0.49454335260115595,0.3548439306358382,0.4340520231213872,0.04884913772512295,0.002604261214350645,0.003316485931304569,121,173,0.47649905623210986,0.4747398843930634,67.27210884353741,294,19
1380,1380.0,0.4459186991869919,0.3522682926829268,0.4292845528455284,0.46698876404494377,0.36842696629213484,0.44224719101123594,0.007050318593429837,0.010384700376759867,0.0058715043955317615,0.009615022345663426,0.015328918823380886,0.0062012422673904805,0.5054775280898877,0.3493483146067416,0.43487640449438203,0.059558828902895766,0.0029199780761852145,0.0055918516488536185,123,178,0.4719831362199225,0.4711235955056177,67.19933554817275,301,18
1381,1381.0,0.44484677419354846,0.349258064516129,0.4280725806451612,0.46714204545454546,0.3683352272727273,0.44385795454545457,0.007229871683142561,0.010912530176899065,0.005840357635275755,0.009250076413997934,0.015285256940857438,0.006147826413997934,0.504846590909091,0.3446420454545454,0.43765909090909094,0.05999981671554255,0.004616019061583598,0.00958651026392976,124,176,0.450955291516557,0.4665909090909088,67.52666666666667,300,25
1382,1382.0,0.44406451612903225,0.3550161290322581,0.4265483870967742,0.46797058823529414,0.36571764705882354,0.44387058823529413,0.007158576482830386,0.011077773933402703,0.005621150884495318,0.009370240311418684,0.015209237923875431,0.006126359723183391,0.5109529411764706,0.3433235294117647,0.4342705882352941,0.06688842504743836,0.011692599620493405,0.007722201138519902,124,170,0.4737789690683666,0.4624705882352938,66.81972789115646,294,24
1383,1383.0,0.448781512605042,0.3598655462184874,0.4289579831932774,0.4696488095238096,0.36578571428571427,0.44367261904761907,0.00787166654897253,0.009962099569239461,0.005829603276604759,0.009496775474773242,0.01533712074829932,0.00616739877409297,0.5114107142857143,0.3386369047619048,0.43816666666666665,0.06262920168067226,0.021228641456582598,0.009208683473389268,119,168,0.4837395928783432,0.4671428571428568,67.19860627177701,287,26
1384,1384.0,0.44730894308943087,0.36369918699186987,0.4296585365853658,0.4671369047619048,0.3658511904761905,0.44348809523809524,0.007857628131403265,0.009689316015599183,0.0059715419393218325,0.009370796733276645,0.015602959998582765,0.006277618905895692,0.5100416666666666,0.33988690476190475,0.4394940476190476,0.06273272357723575,0.02381228222996512,0.009835511033681799,123,168,0.4927507311041283,0.45904761904761876,66.71134020618557,291,25
1385,1385.0,0.4462096774193548,0.36203225806451605,0.42886290322580645,0.4677485380116959,0.36813450292397665,0.44346198830409356,0.007774294745057231,0.009836934443288241,0.005831537656087409,0.0090863519715468,0.015459426353407886,0.006134634520023255,0.5072690058479532,0.3387836257309942,0.43997660818713447,0.0610593284285984,0.023248632333521868,0.01111370496132802,124,171,0.5083363600090285,0.4416959064327482,67.37288135593221,295,26
1386,1386.0,0.4454838709677419,0.364758064516129,0.42896774193548387,0.46819540229885054,0.36916091954022995,0.4428620689655172,0.00765399167533819,0.00957453824141519,0.005389144120707597,0.008990099748976087,0.015312043070418817,0.006071693618707889,0.5049310344827587,0.3371436781609195,0.43834482758620685,0.05944716351501678,0.02761438635520952,0.009377085650722983,124,174,0.5137526757958643,0.4405747126436778,67.39261744966443,298,23
1387,1387.0,0.44466141732283454,0.36433070866141737,0.42813385826771655,0.4658947368421053,0.36973684210526314,0.4413742690058479,0.007535924731849465,0.009261591419182839,0.00532936003472007,0.009055509387503846,0.01503539858417975,0.0058157663554598,0.5091111111111112,0.3379766081871345,0.4368304093567251,0.06444969378827664,0.026354100474282882,0.008696551089008575,127,171,0.5248050588370076,0.4352631578947366,67.71476510067114,298,22
1388,1388.0,0.4470975609756097,0.3629186991869918,0.43046341463414645,0.4646011560693642,0.3726531791907514,0.4401560693641619,0.007170315685108071,0.009395001520259107,0.005667630775332144,0.009262864044906277,0.01467493173844766,0.005624143272411374,0.5160809248554913,0.3473121387283237,0.43143930635838157,0.06898336387988158,0.015606560458668095,0.0009758917242351228,123,173,0.5069200794074658,0.45497109826589566,67.17567567567568,296,23
1389,1389.0,0.4471428571428571,0.3634047619047619,0.43244444444444446,0.4629039548022599,0.3729491525423729,0.4399717514124294,0.007139154195011338,0.009033669501133785,0.005560024691358025,0.009282188515432985,0.014359584985157525,0.005548072648344984,0.5135649717514125,0.351316384180791,0.4309491525423728,0.06642211460855535,0.012088377723970922,0.0014952919020716493,126,177,0.5114255686729009,0.439604519774011,67.57095709570957,303,24
1390,1390.0,0.4453023255813954,0.3641705426356589,0.4337596899224806,0.4642178770949721,0.37625139664804463,0.4387374301675977,0.007125668289165316,0.009694125953969113,0.005525035274322457,0.00921821509940389,0.014284981492462786,0.00562162379451328,0.5100558659217878,0.35761452513966485,0.43092178770949713,0.06475354034039238,0.006556017495994049,0.0028379022129834675,129,179,0.5279275189350753,0.44061452513966454,67.4448051948052,308,17
1391,1391.0,0.449351145038168,0.36590839694656485,0.43658778625954203,0.46496089385474865,0.37620111731843575,0.44014525139664806,0.007183708758230873,0.009779900005827166,0.004981249927160423,0.009075545956742922,0.014340216535064449,0.005626515214880934,0.5116815642458101,0.3560279329608939,0.43183240223463687,0.06233041920764215,0.00988046398567094,0.004755384024905163,131,179,0.5121694872569515,0.43726256983240197,67.02580645161291,310,16
1392,1392.0,0.44882575757575754,0.3647727272727273,0.4363181818181818,0.4655681818181818,0.37424431818181814,0.44003977272727274,0.007088249942607898,0.009858993801652893,0.005025747245179063,0.00917487035123967,0.014517264172262396,0.005575754099948347,0.5111363636363637,0.35491477272727273,0.43357954545454547,0.06231060606060618,0.009857954545454573,0.0027386363636363598,132,176,0.492177599270584,0.4529545454545451,67.18831168831169,308,18
1393,1393.0,0.44796899224806197,0.36380620155038756,0.4393410852713178,0.4684294117647059,0.3679764705882353,0.4425764705882353,0.006753657953248002,0.009375706628207438,0.005381728622078002,0.008857562664359862,0.012811387681660898,0.005874691211072665,0.5182941176470588,0.3493411764705882,0.43378235294117645,0.07032512539899682,0.014465025079799354,0.005558732330141369,129,170,0.5084109193417388,0.44905882352941145,66.7190635451505,299,18
1394,1394.0,0.4477022900763359,0.3630687022900763,0.4399389312977099,0.46656886227544914,0.36908982035928145,0.44420359281437116,0.007006285414602878,0.009263041081522054,0.005308439018705205,0.008708628491519954,0.011921782351464735,0.006003443579906056,0.51374251497006,0.34438323353293415,0.43262874251497,0.06604022489372408,0.018685468757142165,0.007310188782739868,131,167,0.4938993482164492,0.45443113772455057,67.36241610738254,298,21
1395,1395.0,0.44958333333333333,0.36194696969696966,0.4406515151515151,0.46727160493827163,0.3731666666666667,0.4446851851851852,0.006718136994949496,0.009045504763544536,0.005426439164370983,0.008880913885078494,0.011564003086419755,0.006093783607681756,0.5149074074074075,0.3521913580246913,0.4348518518518518,0.06532407407407415,0.009755611672278341,0.005799663299663305,132,162,0.49314647890702795,0.45728395061728366,67.48639455782313,294,23
1396,1396.0,0.45362307692307696,0.36256923076923075,0.4380538461538462,0.46737106918238985,0.3737421383647799,0.4431069182389938,0.006933265621301776,0.009168399053254438,0.00558960479289941,0.008902095012064395,0.011102530991653814,0.0059054917131442595,0.513308176100629,0.35808805031446544,0.434685534591195,0.05968509917755199,0.00448118045476531,0.0033683115626511606,130,159,0.4963988687136797,0.47163522012578585,67.65051903114187,289,22
1397,1397.0,0.4565789473684211,0.36374436090225565,0.4390902255639098,0.46618518518518515,0.37333950617283956,0.4421481481481481,0.006868183616937079,0.009805844423087795,0.0057194655435581455,0.008861484224965707,0.010897866217040086,0.005932903978052127,0.5117901234567901,0.35876543209876544,0.4344876543209877,0.05521117608836901,0.004978928803490212,0.004602571242922127,133,162,0.4933788207681305,0.4581481481481478,67.84406779661018,295,24
1398,1398.0,0.45488059701492534,0.36594029850746257,0.4409029850746269,0.46460389610389613,0.3721168831168831,0.44403896103896107,0.0070622096235241705,0.009707533749164624,0.006145729394074405,0.008744680764041153,0.010481778546129195,0.005846011469050431,0.5091103896103897,0.3623636363636364,0.439961038961039,0.05422979259546434,0.0035766621438261814,0.0009419461135878882,134,154,0.48756057262781616,0.47597402597402566,67.28819444444444,288,24
1399,1399.0,0.4533777777777778,0.3643555555555556,0.44137777777777776,0.4653225806451613,0.37265161290322585,0.44358709677419356,0.007171005432098766,0.009775414320987654,0.006197301728395063,0.008761573361082207,0.0107642786264308,0.005865687575442248,0.5069612903225806,0.3590967741935484,0.4388516129032258,0.053583512544802814,0.005258781362007192,0.002526164874551984,135,155,0.5013819198465486,0.4807096774193545,67.36896551724138,290,18
1400,1400.0,0.4576618705035972,0.3648561151079137,0.441115107913669,0.4617798742138365,0.37298113207547173,0.4427798742138364,0.0074406986180839485,0.009845187930231354,0.006451742145851665,0.008778699972311222,0.010863200901863058,0.005907404374826946,0.5103270440251572,0.36139622641509433,0.4356540880503145,0.05266517352155997,0.0034598886928193795,0.005461019863354455,139,159,0.49129771685497414,0.4653459119496852,66.90939597315436,298,21
1401,1401.0,0.4563971631205674,0.36562411347517726,0.4390070921985816,0.46237500000000004,0.37316874999999994,0.44449375,0.0067589202756400575,0.009994348071022584,0.006594957396509231,0.008900309374999998,0.011182490273437502,0.0058707624609375,0.5124500000000001,0.36189375,0.4367875,0.05605283687943269,0.003730363475177245,0.002219592198581588,141,160,0.49732315221036233,0.4617499999999996,66.41528239202658,301,18
1402,1402.0,0.45675,0.36654285714285717,0.4383785714285715,0.4585432098765432,0.3745987654320988,0.4442283950617284,0.006775944642857142,0.010115319591836735,0.006780049540816327,0.009169766651425089,0.011065956294772139,0.005738904625819235,0.512962962962963,0.3614876543209877,0.43935802469135804,0.056212962962962965,0.005055202821869498,0.0009794532627865338,140,162,0.47486165049799295,0.46654320987654296,66.1092715231788,302,17
1403,1403.0,0.4563695652173913,0.36734782608695654,0.4333840579710145,0.4555521472392638,0.3750306748466258,0.44450920245398773,0.0068299141461877775,0.010182980466288594,0.00685561336904012,0.0090467748880274,0.011225551206293047,0.005772961571756559,0.5066993865030675,0.3640245398773006,0.44323926380368095,0.050329821285676146,0.00332328620965594,0.00985520583266647,138,163,0.4711848079152705,0.4722085889570549,66.62790697674419,301,16
1404,1404.0,0.4596187050359712,0.3662517985611511,0.4326187050359712,0.45111249999999997,0.3771625,0.44219375000000005,0.006739818642927385,0.010368879043527767,0.006826710729258321,0.00906929984375,0.01132222359375,0.005516831210937501,0.5021875,0.37605000000000005,0.44778124999999996,0.04256879496402882,0.009798201438848964,0.015162544964028746,139,160,0.4702518480515973,0.4479999999999997,65.92307692307692,299,22
1405,1405.0,0.46214492753623193,0.36390579710144927,0.43273188405797103,0.44748717948717964,0.3749358974358975,0.44004487179487173,0.0068452108800672136,0.009134085328712455,0.007133500577609747,0.008018083168967785,0.011112111275476661,0.005393273627547665,0.500275641025641,0.3711602564102564,0.44971794871794873,0.03813071348940911,0.007254459308807137,0.016986064659977707,138,156,0.4734623598264749,0.44730769230769196,65.0952380952381,294,20
1406,1406.0,0.4620735294117647,0.3643014705882353,0.43210294117647063,0.4477467532467533,0.3731688311688312,0.43993506493506496,0.006849038711072664,0.00896523999783737,0.007210665873702423,0.008101111190757295,0.010851010457075393,0.0054661905886321475,0.5012402597402597,0.3688506493506493,0.45381168831168833,0.039166730328494936,0.004549178762414008,0.0217087471352177,136,154,0.45778537250384504,0.46168831168831137,65.82413793103449,290,22
1407,1407.0,0.46308029197080286,0.36725547445255474,0.4307372262773722,0.44689743589743597,0.37474999999999997,0.44132051282051277,0.006759343918162928,0.009262204805796792,0.007338018541211574,0.008512233070348455,0.010679751602564104,0.00545797419460881,0.5003717948717948,0.3690320512820513,0.4532435897435897,0.03729150290099198,0.0017765768294965567,0.022506363466217483,137,156,0.4577562898770438,0.46615384615384586,65.57337883959045,293,22
1408,1408.0,0.46299290780141844,0.37143971631205674,0.4326737588652482,0.44341059602648997,0.37342384105960263,0.4418609271523178,0.007035567325587243,0.00981453005382023,0.0074851134248780276,0.008988453927459322,0.010769012411736329,0.005377430989868866,0.504205298013245,0.3663774834437087,0.45533112582781454,0.041212390211826544,0.00506223286834806,0.022657366962566317,141,151,0.47231864312044564,0.46443708609271483,67.02397260273973,292,20
1409,1409.0,0.46556204379562044,0.3713576642335767,0.4318978102189781,0.4419539473684211,0.3761644736842105,0.4413355263157895,0.006954538121370345,0.009825645798923758,0.007375274228781503,0.008883320247576177,0.01117930847472299,0.005226999264196676,0.5080526315789473,0.37084210526315786,0.45142763157894733,0.04249058778332687,0.0005155589704188279,0.019529821359969224,137,152,0.4661184072030744,0.47723684210526285,67.22837370242215,289,20
1410,1410.0,0.4634888888888889,0.3720814814814815,0.43122962962962963,0.4381346153846154,0.3791923076923077,0.43975641025641027,0.007277257283950617,0.009854222990397806,0.007408191714677643,0.00879262931459566,0.010924411735700197,0.005097915023011177,0.49414102564102574,0.3795,0.454448717948718,0.03065213675213685,0.007418518518518491,0.023219088319088366,135,156,0.4343863342975871,0.48525641025641,66.61512027491409,291,25
1411,1411.0,0.46423664122137404,0.3689923664122137,0.43173282442748095,0.436396103896104,0.3811558441558442,0.43642207792207793,0.007284394382611736,0.010222770934094749,0.007654119456908106,0.008924213231573622,0.010665897790521166,0.005122477694383539,0.4930324675324675,0.38601948051948054,0.45462337662337665,0.028795826311093453,0.017027114107266816,0.022890552195895697,131,154,0.45626356273831464,0.5024025974025971,66.66666666666667,285,19
1412,1412.0,0.46469767441860466,0.371015503875969,0.42965116279069765,0.4403694267515924,0.38337579617834394,0.43761146496815284,0.007140598521723453,0.010294836968932157,0.007763358932756447,0.009363303014321067,0.010436158140289668,0.005197817193395269,0.4981847133757962,0.38998726114649684,0.4572993630573249,0.03348703895719152,0.018971757270527856,0.027648200266627232,129,157,0.4614146721710237,0.5049681528662416,66.72727272727273,286,20
1413,1413.0,0.4645488721804511,0.3710225563909774,0.4292481203007519,0.44271698113207547,0.3857169811320755,0.4368930817610063,0.007114142348352084,0.010417510769404715,0.0073245173836847775,0.009489863296546814,0.010194140026106562,0.0050873785055970885,0.5051194968553459,0.386874213836478,0.4520754716981132,0.04057062467489475,0.0158516574455006,0.022827351397361306,133,159,0.4601533883957548,0.5010062893081759,66.11301369863014,292,19
1414,1414.0,0.46448529411764705,0.36567647058823527,0.4292720588235294,0.44409433962264155,0.3851823899371069,0.43869811320754715,0.007219602724913495,0.010934307093425607,0.007200506866349482,0.009603997389343777,0.010011557928879394,0.005098084964993473,0.504685534591195,0.3905345911949686,0.45722641509433953,0.04020024047354798,0.024858120606733314,0.02795435627081011,136,159,0.4669892687717918,0.4872955974842765,66.2542372881356,295,20
1415,1415.0,0.4638692307692308,0.36356923076923076,0.42962307692307694,0.44418867924528305,0.3864088050314465,0.4403144654088051,0.006795421360946746,0.010728275976331362,0.007049050236686391,0.00953991408567699,0.009998342312408528,0.00491947343855069,0.5067987421383647,0.39460377358490567,0.4575723270440251,0.04292951136913392,0.031034542815674915,0.027949250120948177,130,159,0.4610726461183718,0.5001257861635218,66.3044982698962,289,20
1416,1416.0,0.46654545454545454,0.36066666666666664,0.43169696969696975,0.44391250000000004,0.38591875,0.44102500000000006,0.006479960055096419,0.011302631313131315,0.006903756657483931,0.00949241734375,0.0099740371484375,0.004968999375000001,0.50840625,0.39533125,0.45849375,0.04186079545454541,0.03466458333333339,0.026796780303030232,132,160,0.47161618635902247,0.4855624999999996,66.12671232876713,292,22
1417,1417.0,0.46578102189781023,0.3647153284671533,0.4320948905109489,0.4427701863354037,0.3861801242236025,0.4431055900621118,0.006504010442751344,0.011378670786935904,0.006671458149075604,0.009559009297480808,0.009862073145326184,0.004993609968751206,0.5054844720496894,0.3991801242236025,0.46341614906832296,0.03970345015187915,0.034464795756449174,0.031321258557374054,137,161,0.4823253453104157,0.45962732919254623,66.52684563758389,298,25
1418,1418.0,0.46425000000000005,0.3648455882352941,0.43025735294117645,0.44430625,0.38479375,0.44591875000000003,0.006654996323529412,0.011258336451124567,0.006894147004757787,0.009346274960937501,0.0100746137109375,0.0050979496484375,0.49601249999999997,0.39928125000000003,0.4647,0.031762499999999916,0.034435661764705916,0.03444264705882355,136,160,0.47883008664496635,0.47062499999999974,66.54391891891892,296,20
1419,1419.0,0.46342962962962964,0.3609777777777778,0.430362962962963,0.44449367088607605,0.3821962025316456,0.4484303797468355,0.006455237640603566,0.010873977283950618,0.006998512702331963,0.009194655023233456,0.010225145048870373,0.005263447684665919,0.49398734177215187,0.3948797468354431,0.4673164556962026,0.03055771214252223,0.03390196905766529,0.03695349273323961,135,158,0.47893742261536,0.4687341772151895,66.68259385665529,293,23
1420,1420.0,0.4620601503759398,0.35974436090225564,0.4311503759398497,0.447961038961039,0.3803051948051948,0.4489350649350649,0.006595876081180395,0.011225348182486291,0.007113616484821077,0.008763608871647831,0.010439160102884128,0.0053922165626581215,0.504051948051948,0.39011688311688303,0.4549025974025974,0.04199179767600819,0.030372522214627384,0.023752221462747747,133,154,0.497168882826574,0.4764935064935061,66.55749128919861,287,20
1421,1421.0,0.45934586466165417,0.3596015037593985,0.4315187969924813,0.44952597402597405,0.3780844155844156,0.4473636363636364,0.00673579015207191,0.011146585561648485,0.006359828594041495,0.00865440516950582,0.010432350016866251,0.005365023612750886,0.5090714285714285,0.3878766233766234,0.45802597402597406,0.04972556390977434,0.028275119617224898,0.026507177033492757,133,154,0.4793726376970372,0.4949350649350647,67.1602787456446,287,21
1422,1422.0,0.45856617647058817,0.3579338235294118,0.43280147058823526,0.45178523489932876,0.37367785234899326,0.4486107382550335,0.006723422091262976,0.012332650032439448,0.006329188527249137,0.008621618305481735,0.010517668032971488,0.005444788072609341,0.5229664429530201,0.38237583892617455,0.4510671140939598,0.06440026648243191,0.024442015396762773,0.018265643505724516,136,149,0.4939111169368195,0.4787248322147647,66.93684210526315,285,21
1423,1423.0,0.45712592592592594,0.3598148148148148,0.42839259259259255,0.45394557823129256,0.37341496598639456,0.4501904761904762,0.006715947105624145,0.011836402743484227,0.0062264606858710575,0.008627942616502383,0.010505235966495441,0.0056019773242630385,0.5287414965986394,0.383108843537415,0.45756462585034013,0.07161557067271351,0.02329402872260017,0.029172033257747587,135,147,0.4799489471336644,0.4860544217687072,66.84751773049645,282,22
1424,1424.0,0.45511111111111113,0.36115555555555556,0.42642222222222215,0.4508986486486487,0.37397297297297294,0.4491283783783784,0.006493269135802469,0.01224670913580247,0.006011177283950618,0.008390685673849525,0.010961715485756024,0.005898382167640614,0.517635135135135,0.38868243243243245,0.45610135135135144,0.0625240240240239,0.027526876876876882,0.02967912912912929,135,148,0.4780113549152637,0.48999999999999966,66.59717314487632,283,20
1425,1425.0,0.45294890510948904,0.36552554744525545,0.4231824817518248,0.4476849315068493,0.370972602739726,0.4485068493150685,0.006500924396611435,0.012828234748787894,0.006324017795300762,0.007950037718145994,0.01162580746856821,0.00586722255582661,0.5114520547945206,0.38863698630136984,0.4644383561643835,0.058503149685031564,0.023111438856114386,0.04125587441255868,137,146,0.4793113260075208,0.467671232876712,66.24734982332156,283,22
1426,1426.0,0.4521151079136691,0.3634820143884892,0.4231007194244604,0.4461689189189189,0.37158108108108107,0.4478513513513514,0.006479497541535118,0.012854177734071735,0.006199730862791782,0.007641424169101535,0.011514675858290723,0.0060392346603360125,0.5051148648648649,0.38959459459459456,0.4662837837837838,0.0529997569511958,0.02611258020610535,0.0431830643593234,139,148,0.4636560903302619,0.47824324324324297,67.06968641114983,287,22
1427,1427.0,0.4517703703703703,0.36404444444444445,0.42365185185185184,0.44445270270270265,0.37371621621621626,0.44185810810810816,0.006438769492455419,0.013043657283950617,0.0061257528669410154,0.007559247762965668,0.01122614919649379,0.006126419055880204,0.5026283783783784,0.38934459459459464,0.464277027027027,0.05085800800800805,0.02530015015015019,0.040625175175175166,135,148,0.457665383525232,0.49378378378378346,66.74911660777386,283,20
1428,1428.0,0.4518484848484848,0.36763636363636365,0.4223560606060606,0.4467638888888889,0.3736041666666667,0.44081944444444443,0.006377674012855831,0.01307895867768595,0.0061209414026629945,0.00726906925154321,0.011120753038194445,0.006119050733024691,0.5102986111111112,0.3902777777777778,0.46319444444444435,0.05845012626262641,0.02264141414141413,0.04083838383838373,132,144,0.4572119891945229,0.5009722222222218,66.81521739130434,276,21
1429,1429.0,0.45096240601503756,0.36840601503759396,0.422593984962406,0.4450344827586207,0.3757448275862069,0.44131724137931033,0.006315870767143423,0.013574090790886992,0.006082707332240376,0.006758047086801427,0.01073028661117717,0.005969926944114151,0.5100689655172413,0.3975103448275862,0.46455172413793105,0.05910655950220378,0.029104329789992223,0.04195773917552503,133,145,0.4384342056326131,0.5200689655172409,67.10791366906474,278,20
1430,1430.0,0.4508769230769231,0.3677307692307692,0.4230076923076923,0.4400902777777778,0.3746041666666666,0.4389305555555556,0.00624200023668639,0.013591950591715977,0.006257299940828403,0.006336498794367284,0.010802600260416666,0.0056968701774691355,0.49761805555555555,0.3962222222222222,0.466951388888889,0.04674113247863243,0.028491452991453003,0.04394369658119668,130,144,0.43621039422042374,0.528333333333333,67.62408759124088,274,21
1431,1431.0,0.44996183206106866,0.37183206106870226,0.42246564885496185,0.43780555555555556,0.3747361111111111,0.43656944444444445,0.00622476953557485,0.013309132101858868,0.006015668667327079,0.006138726080246914,0.01076644425154321,0.006072772955246914,0.49489583333333326,0.3964236111111112,0.4715277777777778,0.0449340012722646,0.024591550042408927,0.04906212892281597,131,144,0.4438549188591584,0.5247222222222219,67.33454545454545,275,19
1432,1432.0,0.45020610687022905,0.3713435114503817,0.4232824427480916,0.4371643835616439,0.37844520547945204,0.43405479452054796,0.006242468970339724,0.013470561389196436,0.005973179768078783,0.006242014073935072,0.010607000422218052,0.006129572340026272,0.4960890410958904,0.40366438356164386,0.47120547945205477,0.045882934225661365,0.03232087211126217,0.04792303670396314,131,146,0.4113537367679875,0.5312328767123284,67.18772563176896,277,23
1433,1433.0,0.44654838709677414,0.37754838709677424,0.42405645161290323,0.4314689655172414,0.378,0.43210344827586206,0.005887634755463059,0.013232070239334029,0.0058427468132154015,0.005901518002378122,0.0105056,0.005820189298454221,0.4954758620689655,0.4081586206896552,0.46495862068965504,0.048927474972191354,0.030610233592880953,0.040902169076751815,124,145,0.41861185393878114,0.5133103448275859,66.26765799256506,269,26
1434,1434.0,0.44364516129032255,0.3779032258064515,0.42474193548387096,0.4325170068027211,0.3788979591836734,0.431952380952381,0.005946519250780438,0.013267119667013529,0.00560898178980229,0.005808984404646213,0.01043448618631126,0.005743297052154195,0.5022789115646259,0.4106666666666667,0.45759183673469384,0.05863375027430334,0.032763440860215154,0.03284990125082288,124,147,0.42181144645509155,0.5114965986394556,66.22878228782288,271,24
1435,1435.0,0.4431570247933885,0.37897520661157025,0.42290909090909096,0.4317074829931973,0.3795918367346939,0.4302448979591837,0.005969239806024178,0.013352883682808552,0.00554097520661157,0.005912683141283725,0.0105445136748577,0.0057548651950576155,0.5002653061224489,0.4094489795918367,0.45140136054421764,0.05710828132906043,0.030473772980266434,0.028492269635126688,121,147,0.4187968152890436,0.5159863945578228,66.69776119402985,268,26
1436,1436.0,0.4404126984126983,0.3823333333333333,0.4182857142857143,0.4313537414965986,0.38295918367346937,0.42841496598639456,0.005656496346686823,0.012686380952380952,0.0052661882086167825,0.005949031329538618,0.010299236429265586,0.005680392429080476,0.5077482993197278,0.41774149659863946,0.4434285714285714,0.06733560090702945,0.03540816326530616,0.025142857142857078,126,147,0.44525435818475195,0.4934013605442174,66.7985347985348,273,22
1437,1437.0,0.44345901639344265,0.3827213114754099,0.4165,0.4301549295774648,0.38978873239436623,0.427281690140845,0.00553511717280301,0.0127404469228702,0.005179512295081968,0.006246990081333069,0.01042246240825233,0.0057156530450307485,0.5115492957746478,0.421669014084507,0.4420845070422535,0.06809027938120515,0.038947702609097135,0.025584507042253513,122,142,0.46565205018809974,0.5098591549295771,66.57954545454545,264,19
1438,1438.0,0.44478688524590165,0.38504098360655736,0.41632786885245904,0.43195205479452053,0.3916917808219178,0.4277397260273973,0.005259790647675356,0.012362039303950552,0.005193974469228703,0.006228470303996997,0.0103307885625821,0.005624959654719461,0.5099109589041096,0.42341780821917807,0.4452054794520548,0.06512407365820799,0.03837682461262071,0.02887761059959576,122,146,0.46832355075090204,0.5168493150684929,67.07835820895522,268,16
1439,1439.0,0.44517599999999996,0.383936,0.4161359999999999,0.4312,0.3925066666666667,0.42690666666666666,0.005233361024,0.012292219904000003,0.0052629335040000015,0.006224653333333333,0.010070236622222225,0.005544537955555556,0.5059133333333333,0.42563333333333325,0.44417999999999996,0.060737333333333365,0.04169733333333325,0.02804400000000007,125,150,0.46226634309535425,0.49866666666666637,67.57818181818182,275,19
1440,1440.0,0.4435126050420168,0.3852268907563025,0.4174957983193277,0.43235333333333337,0.3926,0.42680666666666667,0.005555880093213755,0.011491755243273777,0.005297913847892099,0.006286615155555556,0.010028546666666667,0.005546115955555556,0.5055533333333333,0.42599333333333333,0.44547333333333333,0.062040728291316516,0.040766442577030826,0.027977535014005628,119,150,0.4829578932923168,0.5062666666666663,68.04089219330855,269,19
1441,1441.0,0.44336134453781506,0.3835966386554622,0.4205126050420168,0.4352368421052632,0.3927434210526316,0.4271447368421052,0.0054863988418896985,0.010843921333239177,0.005578535555398631,0.006398786011080332,0.009817401272506925,0.0056609132617728534,0.5048026315789474,0.4274276315789473,0.44286184210526314,0.061441287041132386,0.043830992923485135,0.02234923706324632,119,152,0.46675571691777806,0.5069736842105259,68.28413284132841,271,21
1442,1442.0,0.4454347826086957,0.38157391304347826,0.4245565217391305,0.4369150326797386,0.39288888888888884,0.4286470588235294,0.005665289224952742,0.011126870623818527,0.005122855500945181,0.006665973172711351,0.009427837327523603,0.005875038831218762,0.5084509803921569,0.4274901960784314,0.44324836601307194,0.06301619778346118,0.045916283034953154,0.018691844273941438,115,153,0.4594651188368459,0.5090849673202612,68.92164179104478,268,25
1443,1443.0,0.4463247863247864,0.3797521367521367,0.42414529914529914,0.4380128205128205,0.39051923076923073,0.42866666666666675,0.006035279129227847,0.011488870187741987,0.005075748118927607,0.006630833168967785,0.009952134245562131,0.006007132478632478,0.5078141025641026,0.41823717948717953,0.44035897435897436,0.06148931623931625,0.03848504273504283,0.016213675213675227,117,156,0.4590050271941949,0.4949999999999996,68.83150183150182,273,26
1444,1444.0,0.4482260869565217,0.3770695652173913,0.4258347826086956,0.4386562499999999,0.38925,0.42952500000000005,0.005609792362948961,0.011587160378071839,0.005240381398865786,0.006622838085937499,0.0097117125,0.005850824375,0.5065250000000001,0.42141874999999995,0.44159375,0.058298913043478395,0.04434918478260863,0.01575896739130439,115,160,0.4839500993817547,0.5022499999999998,68.94181818181818,275,20
1445,1445.0,0.4476551724137931,0.37613793103448273,0.4281379310344828,0.4394545454545455,0.3857333333333333,0.4294181818181818,0.006073708680142687,0.01189511890606421,0.004922205112960761,0.006520381267217631,0.009769734949494948,0.005497794820936639,0.5082969696969697,0.4165212121212121,0.43625454545454545,0.06064179728317659,0.040383281086729395,0.008116614420062673,116,165,0.4941871377927147,0.4955757575757573,69.33451957295374,281,19
1446,1446.0,0.45031932773109246,0.369983193277311,0.4269747899159665,0.43855214723926383,0.38677300613496934,0.4287423312883436,0.005547410634842172,0.012415966104088695,0.0050481758350399,0.006517523354285071,0.009908801234521434,0.005490142195792089,0.5042208588957054,0.4175644171779142,0.4398098159509203,0.05390153116461299,0.04758122390060321,0.01283502603495379,119,163,0.49880660518786024,0.47564417177914076,69.26241134751773,282,24
1447,1447.0,0.4505555555555556,0.3696153846153847,0.42579487179487185,0.4370370370370371,0.38839506172839505,0.42622839506172844,0.0056032554605887925,0.012571638395792242,0.005087410913872453,0.006402517146776406,0.010066288370675202,0.005605805860387136,0.5031790123456791,0.41428395061728396,0.4345308641975309,0.05262345679012348,0.04466856600189928,0.008735992402659043,117,162,0.5033905863569244,0.471975308641975,69.46594982078852,279,23
1448,1448.0,0.45026229508196725,0.3715983606557377,0.4257459016393443,0.43567080745341613,0.3873291925465838,0.42741614906832304,0.005688078742273581,0.012599846882558453,0.005128238712711637,0.006270282936615099,0.010331636973882181,0.005788168434859767,0.49726708074534165,0.4111366459627329,0.4365527950310559,0.047004785663374404,0.03953828530699521,0.010806893391711592,122,161,0.5059108980883714,0.4550931677018631,68.51236749116607,283,27
1449,1449.0,0.45266923076923077,0.3709769230769231,0.4282230769230769,0.43544099378881995,0.386527950310559,0.4259316770186335,0.005686052130177514,0.013210114852071006,0.005428850236686392,0.006176842791558967,0.010158137417537903,0.0057371816673739435,0.49614906832298145,0.4168819875776397,0.43901863354037257,0.04347983755375068,0.04590506450071663,0.010795556617295698,130,161,0.5026225042368027,0.4456521739130431,68.31615120274914,291,26
1450,1450.0,0.4507222222222222,0.3699761904761905,0.4288730158730159,0.4359386503067485,0.388159509202454,0.42448466257668716,0.005679438712522045,0.013481848639455783,0.005497015621063241,0.006472131205540293,0.010235091121231511,0.005455930746358539,0.4953680981595092,0.41635582822085887,0.43968711656441717,0.04464587593728703,0.046379637744668356,0.010814100691401263,126,163,0.48888789373544833,0.4534355828220856,68.2318339100346,289,25
1451,1451.0,0.4532403100775194,0.37196124031007755,0.42907751937984495,0.43680368098159517,0.38869938650306746,0.4249631901840491,0.0054850352743224555,0.013338455862027523,0.005509916471365905,0.006409851029395161,0.01032196484624939,0.005506379013135609,0.49621472392638044,0.4156564417177913,0.441601226993865,0.042974413848861026,0.04369520140771377,0.012523707614020052,129,163,0.4751392356893148,0.4767484662576684,68.51027397260275,292,21
1452,1452.0,0.45142063492063494,0.3715634920634921,0.4305952380952381,0.4365304878048781,0.38982926829268294,0.4258109756097561,0.005667926240866718,0.013469896762408668,0.005610542517006804,0.006552919802201071,0.010107117192147533,0.005548397196609162,0.49260365853658533,0.4172073170731707,0.4459329268292683,0.04118302361595039,0.04564382500967862,0.015337688734030186,126,164,0.46822204515698573,0.4859756097560973,69.07586206896552,290,22
1453,1453.0,0.44988281249999995,0.37257031250000006,0.429359375,0.43759523809523804,0.3906428571428571,0.4250654761904762,0.005834900329589844,0.013128088806152346,0.005753073974609377,0.006646229024943311,0.010293908163265305,0.005624215950963719,0.5002857142857143,0.4098035714285715,0.44801785714285713,0.05040290178571438,0.03723325892857143,0.018658482142857147,128,168,0.47091447130824615,0.4646428571428568,68.25337837837837,296,27
1454,1454.0,0.44876744186046513,0.37426356589147286,0.42762790697674413,0.4362395209580839,0.38922155688622756,0.42569461077844317,0.005837558319812511,0.01262889177333093,0.00590271425996034,0.006495727060848363,0.010948495822725807,0.005904283982932339,0.4939221556886227,0.40256287425149706,0.44840119760479047,0.045154713828157556,0.0282993083600242,0.020773290628046337,129,167,0.4816301266511586,0.4768263473053889,68.19256756756756,296,22
1455,1455.0,0.44916793893129775,0.3722977099236641,0.42748854961832067,0.43793333333333334,0.3837878787878788,0.42523636363636375,0.005810842025522988,0.01251865182681662,0.006003868189499447,0.006209492525252526,0.011104627731864094,0.005797768374655647,0.49436969696969696,0.4015636363636364,0.44725454545454546,0.04520175803839921,0.02926592643997228,0.019765995836224792,131,165,0.48624375312581974,0.4812727272727269,68.90878378378379,296,19
1456,1456.0,0.45006666666666667,0.372474074074074,0.42875555555555556,0.43698170731707314,0.382030487804878,0.426329268292683,0.005800936296296296,0.012004782661179698,0.006210140246913582,0.006071981372694825,0.010896066143664486,0.005963818411659726,0.49103658536585365,0.400640243902439,0.4529756097560975,0.04096991869918698,0.028166169828365006,0.024220054200541963,135,164,0.4787002052540974,0.4741463414634144,69.10033444816054,299,22
1457,1457.0,0.45231343283582087,0.37790298507462683,0.4282910447761194,0.4376564417177914,0.38255828220858895,0.4274662576687117,0.006357946535976832,0.011454669692581868,0.006190012307863667,0.006156728593473597,0.011047449057171893,0.006068297941209681,0.4916196319018404,0.40073619631901836,0.45099386503067485,0.03930619906601951,0.022833211244391527,0.022702820254555445,134,163,0.5028275550872955,0.4728220858895703,69.02356902356902,297,20
1458,1458.0,0.4547348484848485,0.37327272727272726,0.42957575757575756,0.43879754601226995,0.3837361963190184,0.42504294478527604,0.00551075545224977,0.01133339531680441,0.006102577594123049,0.00640407557680003,0.010822218751176184,0.00616704723550002,0.4971656441717792,0.40026993865030674,0.44905521472392634,0.0424307956869307,0.02699721137757949,0.01947945714816879,132,163,0.5069231967316167,0.47245398773006103,69.27118644067797,295,18
1459,1459.0,0.4536666666666667,0.3736962962962963,0.42891851851851853,0.43738554216867465,0.3824337349397591,0.4276746987951807,0.005802014814814815,0.011444596652949246,0.0059969933607681766,0.006369080272898824,0.0106555347655683,0.006186677311656264,0.49198795180722893,0.40347590361445795,0.45215662650602406,0.03832128514056221,0.02977960731816165,0.02323810798750553,135,166,0.4868484047768615,0.475180722891566,69.47840531561462,301,19
1460,1460.0,0.4523157894736842,0.3741203007518798,0.42709774436090225,0.44006748466257667,0.3828650306748467,0.42677914110429455,0.005379223585278987,0.011599985527729097,0.006712539318220364,0.0066861488200534456,0.010533969513342617,0.005937337724415673,0.4948588957055215,0.4039815950920246,0.4466871165644172,0.04254310623183727,0.029861294340144784,0.01958937220351492,133,163,0.5055475444823915,0.46386503067484636,68.74324324324324,296,19
1461,1461.0,0.45066666666666666,0.3741060606060606,0.4249545454545455,0.44081927710843377,0.38154819277108437,0.4283253012048192,0.005309570707070707,0.011677594811753903,0.007166119146005509,0.00665779866453767,0.011044115147336334,0.005768050805632168,0.4956265060240964,0.40762650602409645,0.4507048192771085,0.044959839357429754,0.03352044541803584,0.025750273822563008,132,166,0.4943852146147852,0.46566265060240936,69.23154362416108,298,22
1462,1462.0,0.4476268656716418,0.37741044776119403,0.42482089552238805,0.43932515337423306,0.3815644171779142,0.430159509202454,0.005221278681220761,0.011500838995321899,0.006971639563377143,0.006620219428657458,0.011206086341224736,0.00571787639730513,0.4916625766871165,0.4053190184049079,0.4443067484662577,0.04403571101547471,0.02790857064371388,0.01948585294386962,134,163,0.49567276030475366,0.4698773006134966,69.32996632996633,297,20
1463,1463.0,0.44544029850746264,0.3764402985074627,0.4254402985074627,0.43902484472049697,0.38198757763975155,0.43175776397515525,0.0050654255402094,0.011381022555134774,0.006895007629761639,0.006594123606342348,0.011146223448169438,0.005625798464565411,0.48680124223602483,0.40160869565217394,0.44778881987577646,0.041360943728562194,0.025168397144711252,0.02234852136831378,134,161,0.49408892071675126,0.4855279503105587,69.96610169491525,295,18
1464,1464.0,0.4428484848484848,0.37483333333333335,0.4254090909090909,0.438478527607362,0.3814355828220859,0.43437423312883433,0.005249719467401285,0.011112820707070708,0.006929332644628099,0.006640752606421016,0.010860393089690994,0.005544761790056081,0.48396319018404904,0.396840490797546,0.4457914110429448,0.04111470533556422,0.022007157464212668,0.020382320133853882,132,163,0.4733319797593413,0.48619631901840454,70.0,295,19
1465,1465.0,0.4447089552238806,0.37691791044776124,0.4259402985074627,0.43774691358024687,0.38167283950617287,0.43406172839506174,0.005401669024281577,0.010848627589663625,0.006775697928269102,0.006339831008992532,0.010919775682060663,0.005725206066148453,0.4857037037037037,0.3983950617283951,0.4415123456790124,0.040994748479823095,0.021477151280633877,0.015572047171549697,134,162,0.4759127095243701,0.48469135802469104,70.32770270270271,296,20
1466,1466.0,0.4422835820895522,0.3766716417910448,0.42414925373134327,0.4368493975903614,0.38527108433734936,0.43233132530120477,0.005633218088661173,0.010825145912229895,0.006438574738249055,0.006287742379155175,0.011027462657860356,0.005741378175352011,0.48429518072289157,0.4027168674698795,0.43756024096385554,0.042011598633339364,0.026045225678834716,0.013410987232512273,134,166,0.4671745569632049,0.4930722891566263,70.41333333333333,300,18
1467,1467.0,0.4395036496350365,0.3783722627737226,0.4251313868613139,0.4369999999999999,0.3852528735632184,0.43241954022988505,0.005793490862592573,0.01022566434013533,0.006432070328733551,0.006321103448275863,0.010917568238869075,0.005684151572202405,0.48671839080459767,0.4008045977011494,0.43808045977011495,0.04721474116956115,0.0224323349274268,0.01294907290880104,137,174,0.4671109895593987,0.4663793103448274,69.94212218649518,311,20
1468,1468.0,0.4384620689655172,0.37505517241379305,0.42853103448275864,0.43729411764705883,0.38502352941176476,0.4321882352941177,0.006120703733650416,0.010038990059453034,0.006433076623067777,0.006365395847750865,0.010801622975778549,0.0059616233910034615,0.48916470588235306,0.39839411764705884,0.43391764705882346,0.05070263691683585,0.023338945233265795,0.00538661257606482,145,170,0.46625172212660865,0.4599411764705879,68.82539682539682,315,19
1469,1469.0,0.4362269503546099,0.37482978723404253,0.42956028368794325,0.4347894736842106,0.38547368421052636,0.43246198830409355,0.006196969770132288,0.01035190010562849,0.006543778280770586,0.006256435210834103,0.010752085564789165,0.005982236859204543,0.483029239766082,0.39280116959064326,0.43046783625730994,0.046802289411472076,0.01797138235660073,0.0009075525693666986,141,171,0.4666056337211408,0.4556725146198828,68.6698717948718,312,20
1470,1470.0,0.435151724137931,0.3756551724137931,0.4299793103448276,0.434680473372781,0.38621301775147926,0.4323786982248521,0.006029618359096314,0.010434584542211654,0.006596889227110583,0.006316998494450476,0.010823067049473058,0.005928128777003608,0.4855562130177515,0.3953727810650887,0.4272366863905326,0.050404488879820464,0.019717608651295626,0.0027426239542950315,145,169,0.46300223312129324,0.45065088757396415,68.4968152866242,314,20
1471,1471.0,0.435351724137931,0.3778827586206897,0.42715172413793107,0.4347636363636364,0.3885454545454545,0.4325515151515152,0.00586388318668252,0.01037615866825208,0.006600101117717004,0.006123877465564739,0.010262090358126722,0.005892586740128559,0.4788666666666667,0.4013393939393939,0.4239939393939394,0.04351494252873572,0.023456635318704178,0.003157784743991643,145,165,0.46315683135090924,0.45193939393939364,68.26451612903226,310,19
1472,1472.0,0.435296551724138,0.3763172413793104,0.42772413793103453,0.4372515337423312,0.38682822085889573,0.4317975460122699,0.005603008608799049,0.010603471771700356,0.006925744589774078,0.0061065809025556105,0.010222375399902143,0.005849830178027025,0.4840674846625767,0.39745398773006135,0.4163374233128834,0.048770932938438705,0.021136746350750968,0.011386714618151106,145,163,0.4656677546036488,0.44865030674846607,67.6461038961039,308,19
1473,1473.0,0.4346620689655173,0.37691034482758623,0.42806206896551724,0.4362499999999999,0.38711585365853657,0.4343780487804878,0.005396375457788347,0.010570150582639715,0.006547175457788347,0.0062424923780487794,0.010549565846222487,0.005703966835217133,0.4835670731707318,0.3966463414634147,0.4232317073170732,0.048905004205214486,0.01973599663582848,0.004830361648444026,145,164,0.4692649732803312,0.4385365853658534,68.0453074433657,309,20
1474,1474.0,0.4349640287769785,0.38038848920863316,0.43085611510791366,0.4378703703703704,0.38677160493827156,0.43613580246913586,0.005464667770819317,0.01011853972361679,0.006477216707209772,0.006382878257887518,0.01084044783569578,0.005747623532998019,0.4873271604938272,0.39508641975308656,0.4180432098765432,0.0523631317168487,0.014697930544453397,0.012812905231370464,139,162,0.45484005500905006,0.45333333333333303,66.8172757475083,301,22
1475,1475.0,0.4378602941176471,0.3790661764705882,0.429610294117647,0.43420370370370376,0.3872037037037037,0.4335864197530863,0.005386737835207613,0.010230988267733564,0.0062551790116782005,0.006466088134430728,0.010963544924554184,0.005600563519280598,0.4770308641975308,0.3905740740740741,0.41752469135802467,0.039170570079883726,0.011507897603485862,0.012085602759622338,136,162,0.4573921232432151,0.4630864197530861,66.58053691275168,298,19
1476,1476.0,0.4360220588235294,0.37832352941176467,0.42811029411764706,0.43674999999999997,0.38615000000000005,0.4340562500000001,0.0055657568663494816,0.01009113062283737,0.006386877541089965,0.0065057625,0.0111453275,0.005681915585937501,0.47494375,0.38643125,0.41608750000000005,0.038921691176470596,0.008107720588235334,0.012022794117647007,136,160,0.45315127254766185,0.4686249999999997,66.16216216216216,296,19
1477,1477.0,0.43767407407407405,0.3778074074074074,0.4244,0.43369135802469133,0.3846481481481482,0.43124691358024686,0.005652604883401921,0.009890066611796982,0.006175825185185185,0.0065454479500076206,0.010995363854595337,0.00548846989788142,0.4722777777777778,0.3817407407407407,0.4126851851851852,0.03460370370370375,0.003933333333333289,0.011714814814814789,135,162,0.44217960635617193,0.4688888888888886,65.6969696969697,297,23
1478,1478.0,0.43668421052631584,0.38013533834586466,0.4263157894736842,0.43083018867924533,0.3848490566037735,0.4298805031446541,0.0058758100514444,0.009493199728644921,0.0058850882469331225,0.0059438139314109415,0.011166643882757803,0.005787903959495274,0.46732075471698103,0.38751572327044026,0.4138301886792453,0.030636544190665194,0.0073803849245756,0.01248560079443889,133,159,0.4566259609677956,0.4788050314465406,65.85958904109589,292,19
1479,1479.0,0.437171875,0.37980468749999996,0.42584374999999997,0.43217901234567907,0.3888024691358025,0.42936419753086413,0.005732095458984376,0.009652454040527345,0.006221131835937499,0.006067529682975156,0.010454516537113245,0.006018577236701723,0.46866666666666673,0.3965740740740741,0.4081913580246914,0.031494791666666744,0.01676938657407412,0.017652391975308546,128,162,0.4571778211061521,0.4711111111111108,65.09655172413792,290,20
1480,1480.0,0.43728571428571433,0.3806666666666667,0.4222857142857144,0.4336871165644172,0.392760736196319,0.42830061349693244,0.005601807256235827,0.009857031746031747,0.0062882834467120185,0.006200840754262487,0.010225948887801572,0.006131731717415033,0.4743865030674846,0.40196319018404914,0.40756441717791414,0.037100788781770255,0.021296523517382426,0.014721297107800235,126,163,0.46924831856322374,0.46631901840490775,65.13494809688581,289,18
1481,1481.0,0.4356859504132231,0.3826280991735537,0.4234297520661157,0.4353374233128835,0.39099386503067485,0.42636196319018405,0.005452909637319856,0.009863572433576943,0.005881187213988116,0.006428186759004855,0.010007907937822275,0.006192783093078401,0.4789938650306748,0.399159509202454,0.4093435582822085,0.043307914617451704,0.016531410028900295,0.014086193783907242,121,163,0.4712358561238032,0.47846625766871137,64.73591549295774,284,19
1482,1482.0,0.4356260162601626,0.38248780487804884,0.42269918699187,0.4343292682926829,0.39226219512195126,0.42487804878048785,0.005444136558926565,0.00971842871306762,0.005828194064379668,0.006483147679952409,0.009991620278108269,0.00619508268887567,0.48314024390243904,0.40611585365853664,0.4114817073170732,0.04751422764227642,0.023628048780487798,0.011217479674796804,123,164,0.44941074401855474,0.482682926829268,64.91637630662021,287,22
1483,1483.0,0.4345327868852459,0.3849426229508196,0.42148360655737704,0.4335029940119761,0.3911616766467066,0.42400000000000004,0.005258117777479174,0.009796988511152916,0.005718216944369794,0.006588166158700563,0.009861560687009215,0.0061414011976047905,0.4776347305389221,0.4059520958083833,0.4160538922155688,0.0431019436536762,0.021009472857563716,0.005429714341808223,122,167,0.43564636736284107,0.4927544910179637,65.42560553633218,289,21
1484,1484.0,0.434198275862069,0.3861120689655172,0.4199741379310345,0.43292215568862275,0.3921676646706586,0.4247005988023953,0.004913969307372176,0.009819858130202141,0.005760938986325803,0.006713952024095521,0.009594127577180969,0.00637612592778515,0.48022754491017966,0.40062874251497005,0.41913173652694613,0.046029269048110666,0.014516673549452852,0.0008424014040883665,116,167,0.46317529662659057,0.49850299401197573,66.39575971731449,283,19
1485,1485.0,0.4322542372881356,0.38824576271186445,0.41979661016949166,0.43268292682926823,0.39279878048780476,0.4258536585365854,0.004925274346452169,0.009910456549842,0.005718314564780237,0.0066615945865556225,0.0093710875594884,0.0063017956573468165,0.4731768292682927,0.4016890243902439,0.42669512195121956,0.040922591980157075,0.013443261678379448,0.006898511781727901,118,164,0.47481717327428935,0.49926829268292655,66.56382978723404,282,21
1486,1486.0,0.43541463414634146,0.3919186991869919,0.42101626016260163,0.43186309523809524,0.39220238095238086,0.42429761904761903,0.0053270394606385095,0.009414399894242845,0.0056736582721924785,0.006466391971371882,0.009234328089569161,0.006183030470521543,0.47172619047619047,0.4006428571428571,0.42552976190476194,0.036311556329849004,0.008724157955865175,0.0045135017421603085,123,168,0.49639343559332155,0.48428571428571404,66.38144329896907,291,18
1487,1487.0,0.4376048387096774,0.3934354838709677,0.42367741935483866,0.43420000000000003,0.3930787878787879,0.4228484848484848,0.00552427126690947,0.008743649063475547,0.005158492715920917,0.006334475151515152,0.009318399853076217,0.006225704315886134,0.470169696969697,0.4000000000000001,0.4269212121212121,0.03256485826001959,0.006564516129032361,0.0032437927663734323,124,165,0.5046932020510605,0.4726666666666664,66.08996539792388,289,22
1488,1488.0,0.4395322580645161,0.3950645161290322,0.423983870967742,0.4341604938271605,0.39454320987654323,0.42419135802469143,0.005341523152965662,0.008636608740894901,0.004982886836628511,0.006625480414570949,0.008999778997104099,0.006332574493217499,0.4715123456790123,0.402604938271605,0.4266728395061729,0.03198008761449617,0.007540422142572778,0.0026889685384309248,124,162,0.5125163132664512,0.4911111111111108,66.08391608391608,286,17
1489,1489.0,0.4394047619047619,0.3954523809523809,0.4213571428571429,0.4365151515151515,0.39511515151515164,0.42320606060606064,0.005540463151927439,0.008212390589569163,0.004847324829931973,0.006934770982552802,0.009161483709825528,0.006233048448117539,0.4680181818181819,0.406260606060606,0.4258,0.02861341991341998,0.0108082251082251,0.004442857142857137,126,165,0.5035961592383108,0.48539393939393904,66.3127147766323,291,20
1490,1490.0,0.44607936507936513,0.4059444444444444,0.42230952380952386,0.43516049382716054,0.39487654320987653,0.4251358024691358,0.00636378735197783,0.007725385802469135,0.0049241978458049885,0.00709906066148453,0.009158885992988875,0.0059804136564548084,0.46381481481481485,0.41377777777777774,0.428820987654321,0.017735449735449715,0.007833333333333359,0.006511463844797116,126,162,0.5046102087555976,0.47790123456790096,65.97916666666667,288,21
1491,1491.0,0.44522137404580153,0.4016641221374046,0.4221145038167939,0.4353333333333334,0.3972484848484849,0.42528484848484854,0.006245805955363906,0.007991261231862945,0.004846101392692733,0.007038852525252526,0.00882491401285583,0.005940652194674013,0.46424848484848485,0.4159818181818182,0.4294666666666666,0.019027110802683322,0.014317696044413575,0.007352162849872723,131,165,0.4973275068824497,0.45157575757575735,66.65878378378379,296,25
1492,1492.0,0.44508333333333333,0.4022727272727273,0.42674242424242426,0.4378711656441717,0.39741104294478524,0.4251533742331288,0.006431349116161618,0.007764077134986225,0.004686615472910927,0.0071641981256351395,0.008874168467010425,0.005965344574504122,0.46959509202454,0.41390184049079753,0.42550920245398766,0.024511758691206642,0.011629113218070253,0.0012332217884366004,132,163,0.5161881700117831,0.44435582822085856,67.27457627118645,295,22
1493,1493.0,0.44362878787878784,0.3990378787878788,0.4269545454545455,0.44047852760736195,0.40182822085889564,0.4245153374233129,0.006376172807621672,0.007530051595500459,0.004808679752066116,0.006981881440776847,0.008324841657570853,0.006067636267830931,0.4818282208588957,0.42280981595092026,0.4252515337423313,0.03819943298010786,0.02377193716304149,0.001703011712214153,132,163,0.514501014522311,0.44926380368098134,67.30169491525423,295,21
1494,1494.0,0.4425378787878788,0.4007045454545455,0.42469696969696974,0.44177300613496934,0.4004601226993865,0.4259079754601227,0.006262869777318642,0.007450102100550964,0.005086802112029385,0.007011880989122662,0.00840399074108924,0.0061665252738153506,0.48777914110429454,0.4270736196319018,0.4277484662576686,0.04524126231641573,0.026369074177356344,0.003051496560698863,132,163,0.5107032324849233,0.44680981595091995,67.46779661016949,295,23
1495,1495.0,0.4440227272727273,0.4010227272727273,0.42494696969696966,0.44358024691358033,0.4051234567901234,0.4254506172839506,0.006254113119834712,0.007638128271349864,0.00513174718778696,0.006914478128334095,0.00875107117817406,0.0062160994131992085,0.495962962962963,0.4325246913580246,0.4296296296296296,0.0519402356902357,0.03150196408529732,0.004682659932659927,132,162,0.49951160860222793,0.46703703703703675,67.79591836734694,294,21
1496,1496.0,0.4439921875,0.40105468749999995,0.42503124999999997,0.4427125,0.40904375000000004,0.42521875,0.006170945251464844,0.007852223571777343,0.0050638896484375,0.006570267343750001,0.0082842543359375,0.006080820898437501,0.5020374999999999,0.43421875000000004,0.4325875,0.05804531249999989,0.03316406250000009,0.007556250000000042,128,160,0.4887564478449138,0.47943749999999963,67.63888888888889,288,23
1497,1497.0,0.4458046875,0.40116406250000003,0.4242890625,0.4432820512820513,0.40801923076923086,0.42476282051282055,0.006149938415527345,0.007861605895996094,0.005026799255371093,0.006590984549638398,0.008426634245562128,0.006169116822813938,0.5047307692307692,0.4320705128205128,0.4363141025641025,0.058926081730769186,0.030906450320512757,0.012025040064102543,128,156,0.4779766974688197,0.5036538461538459,67.63028169014085,284,21
1498,1498.0,0.44532558139534884,0.39942635658914727,0.4210387596899225,0.4442229299363057,0.4077834394904458,0.4241019108280255,0.006472018027762756,0.007964353103779822,0.005025184544198065,0.006587294251288086,0.008429825713010672,0.006142435474055744,0.5071210191082802,0.4296178343949045,0.43270700636942677,0.06179543771293139,0.030191477805757205,0.01166824667950428,129,157,0.4736809269248467,0.5156050955414009,67.17132867132867,286,19
1499,1499.0,0.44406923076923077,0.39979230769230767,0.4162923076923077,0.4453630573248408,0.4065541401273885,0.42242038216560507,0.006092064437869823,0.007955303017751481,0.004862129940828402,0.006569326788104994,0.008291049616617308,0.0063792118138666885,0.5119808917197453,0.4289235668789809,0.4282675159235669,0.06791166095051449,0.029131259186673253,0.011975208231259193,130,157,0.4775082022818985,0.4956050955414009,66.24738675958189,287,23
1500,1500.0,0.44146031746031755,0.3978412698412699,0.4159285714285715,0.44773125,0.4074625,0.42225,0.006101391282438903,0.007970689090450995,0.0049467488662131515,0.006892571523437502,0.00825066109375,0.00644835,0.51865625,0.42654999999999993,0.42374375000000003,0.07719593253968249,0.028708730158730045,0.00781517857142855,126,160,0.4782054974646186,0.5047499999999997,65.94055944055944,286,17
1501,1501.0,0.44300769230769227,0.3977615384615385,0.4163307692307693,0.448975,0.40647500000000003,0.4235312500000001,0.006056438402366864,0.007898089289940829,0.004898390591715976,0.006981836875000001,0.008243824375,0.0062336865234375,0.52479375,0.42398749999999996,0.42515000000000003,0.08178605769230768,0.026225961538461462,0.008819230769230746,130,160,0.48328026757180664,0.4867499999999996,65.96206896551725,290,19
1502,1502.0,0.44243307086614175,0.39611811023622057,0.41591338582677156,0.4498456790123457,0.40897530864197534,0.4233148148148148,0.006008749457498915,0.008099049042098084,0.005056378324756651,0.006912982357872276,0.00812490062490474,0.006281598422496572,0.5236419753086419,0.42486419753086424,0.4239567901234568,0.08120890444250012,0.028746087294643674,0.008043404296685208,127,162,0.4808609057706986,0.481975308641975,65.8719723183391,289,22
1503,1503.0,0.4408540145985401,0.3981532846715329,0.41743795620437957,0.4483734177215189,0.40993670886075956,0.42190506329113936,0.00631536554957643,0.007875764824977358,0.005456625712611221,0.006790803597179941,0.0085109453613203,0.006440668202211185,0.5236075949367088,0.424993670886076,0.4182784810126582,0.08275358033816871,0.0268403862145431,0.0008405248082786199,137,158,0.5090842824257195,0.4417721518987338,64.33898305084746,295,21
1504,1504.0,0.44019852941176474,0.3999779411764706,0.41525,0.44860126582278476,0.40913291139240504,0.4228481012658228,0.0065397620566609,0.007446771572231834,0.0055590257352941186,0.006722923289536933,0.008611317777599742,0.006457407306521391,0.5203101265822784,0.4269556962025316,0.42229746835443044,0.08011159717051364,0.02697775502606098,0.007047468354430431,136,158,0.5142145603007565,0.442784810126582,64.28911564625851,294,20
1505,1505.0,0.4363037037037037,0.39827407407407417,0.41445925925925925,0.4483291925465838,0.4085341614906832,0.4224409937888199,0.006101900356652949,0.007316347105624141,0.00590623352537723,0.006720941321708268,0.008670671193241003,0.006537836580378843,0.5212049689440995,0.4312546583850931,0.41901242236024855,0.08490126524039582,0.03298058431101891,0.004553163100989299,135,161,0.5019949834321035,0.45385093167701823,64.92229729729729,296,19
1506,1506.0,0.436939393939394,0.39615151515151514,0.41795454545454547,0.4505375000000001,0.4100625,0.42266249999999994,0.006039481175390266,0.0074023709825528005,0.005965861570247935,0.006410923593750001,0.00870750859375,0.00651157359375,0.5277437500000001,0.43034999999999995,0.41485000000000005,0.09080435606060605,0.03419848484848481,0.0031045454545454154,132,160,0.5026565675042777,0.4636249999999997,65.51369863013699,292,21
1507,1507.0,0.4365851851851852,0.39567407407407407,0.4169333333333333,0.45018064516129025,0.4096129032258064,0.4214064516129032,0.005973205706447189,0.007312575253772291,0.005898195555555557,0.006063502851196671,0.00874028886576483,0.006445325119667015,0.534658064516129,0.42499354838709674,0.4114,0.09807287933094377,0.029319474313022675,0.0055333333333333345,135,155,0.4833300484611443,0.49516129032258027,65.09655172413792,290,19
1508,1508.0,0.43322556390977446,0.3985338345864662,0.4137368421052632,0.45260389610389606,0.41037012987012983,0.4227142857142857,0.0059782348352083224,0.007496309005596698,0.005900043529877325,0.005998992452352842,0.0086544019649182,0.0065199573283859,0.5362662337662337,0.4280389610389611,0.40695454545454546,0.10304066985645927,0.029505126452494923,0.006782296650717723,133,154,0.4825439264249156,0.4946753246753243,65.38327526132404,287,19
1509,1509.0,0.4323939393939394,0.39571969696969694,0.4138863636363636,0.4503464052287582,0.4086274509803921,0.42335947712418304,0.0058326629935720855,0.006781898702938475,0.00596304011707989,0.006246226408646248,0.008786795847750866,0.006507668161818104,0.527281045751634,0.42763398692810467,0.40999346405228765,0.09488710635769465,0.03191428995840773,0.0038928995840759595,132,153,0.48422166043073483,0.4932679738562088,65.39298245614034,285,23
1510,1510.0,0.43208396946564886,0.39529007633587787,0.4134961832061069,0.4486477987421384,0.4082138364779875,0.4235220125786164,0.005761985315541052,0.007002007458772799,0.00615640265718781,0.006044366520311697,0.008890105217356909,0.006607306119219966,0.5182641509433962,0.42590566037735844,0.4077547169811321,0.08618018147774731,0.03061558404148057,0.005741466224974845,131,159,0.47701867910577517,0.49515723270440226,65.3103448275862,290,21
1511,1511.0,0.43054411764705885,0.39480882352941177,0.4162426470588235,0.44651898734177214,0.41031012658227844,0.42122784810126584,0.005463012759515572,0.006636934039792388,0.006489227887110727,0.005891123057202371,0.00898011268226246,0.006657821502964268,0.5169303797468354,0.4261518987341772,0.40246835443037976,0.08638626209977657,0.031343075204765425,0.013774292628443763,136,158,0.48377462872825516,0.48810126582278446,64.79591836734694,294,18
1512,1512.0,0.4301521739130435,0.3938913043478261,0.4167536231884058,0.4460967741935484,0.41305806451612903,0.4200903225806452,0.00548511452425961,0.006751893982356648,0.006467634950640622,0.005714719667013529,0.00832894501560874,0.006383127325702394,0.5181806451612903,0.4292709677419355,0.40270322580645157,0.08802847124824675,0.03537966339410942,0.014050397381954238,138,155,0.48007877441915897,0.48322580645161256,64.27986348122867,293,17
1513,1513.0,0.42870629370629376,0.3937132867132867,0.41660839160839164,0.44585897435897437,0.40825000000000006,0.4204423076923078,0.005417242407941709,0.006929393319966747,0.006563818670839649,0.005768595496383959,0.008213290064102563,0.0062858235946745555,0.5150448717948718,0.42465384615384605,0.3989935897435898,0.08633857808857803,0.030940559440559345,0.017614801864801855,143,156,0.4642446687116337,0.4821153846153843,64.47157190635451,299,18
1514,1514.0,0.43019999999999997,0.3912551724137931,0.417048275862069,0.44644155844155853,0.4069220779220779,0.4207402597402598,0.005785373793103448,0.0070915693697978606,0.006845356290130797,0.005818090740428402,0.00826204587620172,0.006315192275257211,0.5130194805194805,0.42497402597402595,0.40095454545454545,0.08281948051948057,0.03371885356023285,0.016093730407523543,145,154,0.46594544259480564,0.48032467532467493,65.15384615384616,299,18
1515,1515.0,0.43144444444444446,0.39084722222222223,0.4170138888888889,0.4457324840764331,0.4067770700636942,0.42163057324840764,0.005809413580246914,0.0070528099922839505,0.006910319251543211,0.005895087670899428,0.00838316686275305,0.0063109463264229785,0.509764331210191,0.42573248407643316,0.3989108280254777,0.07831988676574658,0.034885261854210925,0.01810306086341118,144,157,0.4648617221612562,0.4677707006369423,65.26910299003322,301,21
1516,1516.0,0.43735862068965514,0.3943379310344828,0.4136137931034483,0.4448827160493827,0.40647530864197534,0.424641975308642,0.005774436908442332,0.0072124720095124864,0.00707838877526754,0.006093918343240361,0.008347755563176346,0.006327526139308032,0.5059876543209877,0.4286728395061728,0.4043271604938271,0.06862903363133255,0.03433490847169002,0.009286632609621204,145,162,0.46661441963040395,0.469938271604938,65.47882736156352,307,18
1517,1517.0,0.4386433566433566,0.3948391608391609,0.4116083916083916,0.4449012345679013,0.4054814814814814,0.42661728395061727,0.0056494602181035745,0.007350736368526578,0.00699739909042007,0.005953854442920287,0.008576879286694102,0.006550717725956411,0.5017716049382716,0.4262839506172839,0.4086481481481482,0.06312824829491498,0.03144478977812304,0.0029602434602433725,143,162,0.4677387387206576,0.46240740740740705,66.1639344262295,305,18
1518,1518.0,0.43733802816901407,0.3938661971830986,0.41223943661971835,0.4416139240506329,0.40718354430379744,0.42832278481012664,0.005565392779210474,0.007389862378496329,0.007215153937710772,0.005454793983336005,0.008748504286172087,0.006822193278320782,0.49810126582278474,0.429746835443038,0.40099367088607596,0.060763237653770674,0.03588063825993937,0.011245765733642388,142,158,0.4580772098204933,0.46082278481012634,66.42666666666666,300,18
1519,1519.0,0.43751388888888887,0.3950138888888889,0.41456249999999994,0.44137654320987646,0.40658641975308635,0.42904938271604937,0.005408388695987654,0.007450333140432098,0.007197773871527777,0.005356666857186406,0.008772291914342326,0.006720948178631308,0.5003703703703704,0.4305864197530865,0.4022222222222222,0.06285648148148149,0.035572530864197593,0.012340277777777742,144,162,0.44963220973576273,0.45092592592592556,66.93790849673202,306,20
1520,1520.0,0.4389148936170213,0.3944184397163121,0.41669503546099285,0.4401558441558442,0.4077337662337663,0.4291883116883117,0.005367836728534782,0.008135846184799558,0.007338013379608672,0.005393638050261428,0.008897623924776521,0.00689626973351324,0.49850000000000005,0.43404545454545446,0.3939025974025974,0.05958510638297876,0.03962701482914238,0.022792438058395426,141,154,0.4394569957320922,0.45837662337662305,66.9728813559322,295,23
1521,1521.0,0.43917266187050363,0.3958345323741007,0.41612230215827334,0.43994,0.4079733333333333,0.4269333333333333,0.005423754360540345,0.008074109311112264,0.007374538999016615,0.005422563066666666,0.008648679288888888,0.006432515555555556,0.49404000000000003,0.4413066666666667,0.39678,0.0548673381294964,0.04547213429256597,0.019342302158273317,139,150,0.44255802665338956,0.45166666666666627,67.11418685121107,289,24
1522,1522.0,0.43838970588235293,0.3976323529411765,0.41740441176470583,0.4405065789473684,0.40498684210526315,0.42662500000000003,0.0053402231293252595,0.008034423659169551,0.007400887921712804,0.005364223640927979,0.008631434037396121,0.006132852796052632,0.4967631578947369,0.4351776315789473,0.39186842105263153,0.058373452012383975,0.037545278637770796,0.025535990712074297,136,152,0.4478221988118139,0.45453947368421016,67.64583333333333,288,23
1523,1523.0,0.4393941605839416,0.39972992700729926,0.4209270072992701,0.4389346405228758,0.4053137254901961,0.42740522875816994,0.005605362885609249,0.008132941659118759,0.007330593212211626,0.005287485924217182,0.008538803537101116,0.00593039788115682,0.5021895424836602,0.4299477124183007,0.3968627450980392,0.06279538189971862,0.030217785411001452,0.024064262201230868,137,153,0.46035508350951604,0.4352941176470585,67.34482758620689,290,26
1524,1524.0,0.43567647058823533,0.4029191176470588,0.4225441176470588,0.43717763157894735,0.40675,0.4282894736842106,0.005448674740484429,0.0079012066933391,0.007573262759515572,0.005357698710180056,0.00832735855263158,0.00598295567867036,0.5002631578947367,0.4317763157894737,0.3989342105263158,0.06458668730650141,0.028857198142414886,0.023609907120743012,136,152,0.4649742112644496,0.44940789473684173,67.53472222222223,288,18
1525,1525.0,0.4351985294117647,0.40305147058823526,0.4205955882352942,0.4388108108108108,0.40578378378378377,0.42824324324324325,0.005249041468425606,0.007593269409602075,0.007411711451124568,0.00517263988312637,0.007992507304601899,0.006229386778670563,0.4990540540540541,0.43599324324324323,0.39814189189189186,0.06385552464228944,0.03294177265500797,0.02245369634340233,136,148,0.448939344674185,0.4452027027027024,67.46126760563381,284,23
1526,1526.0,0.43604545454545457,0.40438636363636365,0.4241060606060606,0.4361549295774648,0.4050915492957746,0.42956338028169005,0.005485407024793389,0.007893509814049588,0.007526412993572085,0.0052619759968260274,0.00812466063281095,0.006004696687165245,0.49231690140845064,0.43692253521126756,0.4020915492957746,0.056271446862996066,0.032536171574903905,0.022014511310285978,132,142,0.47354843903006993,0.45669014084507,67.1094890510949,274,19
1527,1527.0,0.43691603053435113,0.4033358778625954,0.42242748091603055,0.43542253521126756,0.4062323943661972,0.4252887323943662,0.005726626536915099,0.007830452071557602,0.007331053901287804,0.005052258083713549,0.008349460077365603,0.0060956983237452885,0.5013732394366197,0.4417112676056338,0.39649295774647886,0.06445720890226858,0.03837538974303839,0.025934523169551693,131,142,0.4694779397091636,0.4419014084507039,67.1941391941392,273,23
1528,1528.0,0.4354580152671756,0.4042595419847328,0.4207633587786259,0.43354744525547445,0.40410218978102186,0.4265766423357664,0.005776599382320378,0.008388711263912359,0.007414913466581202,0.0049277368000426236,0.008444777878416538,0.00609351419894507,0.5061532846715328,0.4428029197080292,0.40296350364963507,0.07069526940435716,0.03854337772329641,0.01779985512899085,131,137,0.482298356512988,0.4478832116788318,67.36940298507463,268,22
1529,1529.0,0.4357461538461539,0.4049,0.4207692307692308,0.4331716417910447,0.4028134328358209,0.42826119402985074,0.005931958639053255,0.008392243846153846,0.0072771005917159765,0.005038679494319448,0.008600793550902206,0.006024372076186234,0.5100820895522387,0.4426119402985075,0.4039776119402986,0.07433593570608477,0.037711940298507496,0.01679161882893221,130,134,0.4844413400788916,0.4515671641791041,67.31060606060606,264,24
1530,1530.0,0.4335703125,0.407875,0.42165624999999995,0.4344661654135339,0.4008496240601504,0.4294436090225564,0.0057165575561523435,0.008567218750000001,0.0070566005859375005,0.00516797817852903,0.008921060093843632,0.006100562609531347,0.5107518796992482,0.43669924812030075,0.40348120300751883,0.07718156719924818,0.028824248120300766,0.018175046992481125,128,133,0.49908251269066417,0.4563909774436087,67.88122605363985,261,23
1531,1531.0,0.4308548387096774,0.4063145161290323,0.418991935483871,0.4336484375,0.4027265625,0.43241406250000003,0.005651591831425598,0.008303860757023931,0.006757637031737773,0.005154774841308595,0.008753886169433593,0.006184711364746095,0.5107734375,0.4365234375,0.407515625,0.07991859879032265,0.0302089213709677,0.011476310483870988,124,128,0.4984580946307499,0.4785937499999996,67.66269841269842,252,21
1532,1532.0,0.43264227642276426,0.40847154471544717,0.4195121951219512,0.4332890625,0.40490624999999997,0.43476562500000004,0.005782148456606517,0.008467663824443122,0.006730233591116399,0.005185908630371094,0.0089811630859375,0.0060338981933593765,0.5143671875,0.435,0.4071328125,0.08172491107723573,0.026528455284552832,0.012379382621951207,123,128,0.49580900459056315,0.49468749999999967,68.12749003984064,251,19
1533,1533.0,0.4346752136752136,0.4096068376068376,0.42028205128205126,0.4322424242424242,0.4065151515151515,0.43225757575757573,0.005902321864270582,0.008382665936153116,0.006835946088099936,0.005043441230486685,0.008831977043158863,0.0060099488062442625,0.5210227272727274,0.4375,0.4016136363636363,0.08634751359751375,0.02789316239316242,0.018668414918414977,117,132,0.483251736723335,0.5096969696969695,68.72289156626506,249,19
1534,1534.0,0.43383333333333335,0.4104583333333333,0.419975,0.42813281249999996,0.4085625,0.42774218750000004,0.005754638888888889,0.008648464930555554,0.006233357708333333,0.004756615173339845,0.00909101171875,0.0061066600952148446,0.52496875,0.44116406249999995,0.39296875,0.09113541666666664,0.03070572916666664,0.02700625000000001,120,128,0.49557608926183544,0.5124999999999997,69.53225806451613,248,21
1535,1535.0,0.4348306451612903,0.41737096774193555,0.4189677419354839,0.42958730158730163,0.40876984126984134,0.42434126984126985,0.006353527770551509,0.008964620447450571,0.006464321540062436,0.004731448727639204,0.00916108194759385,0.0059363676618795665,0.5246190476190475,0.43832539682539684,0.3903492063492064,0.08978840245775727,0.02095442908346129,0.028618535586277527,124,126,0.49552400342990083,0.519365079365079,69.792,250,18
1536,1536.0,0.43636290322580634,0.4183951612903225,0.41702419354838716,0.4305887096774193,0.40896774193548396,0.42305645161290323,0.006191666688345474,0.00894485191207076,0.006330313930801249,0.004747774388657648,0.008970369927159208,0.0056583597164412075,0.53125,0.43635483870967745,0.38337096774193546,0.09488709677419366,0.017959677419354947,0.03365322580645169,124,124,0.5037894932183996,0.5174193548387093,70.15725806451613,248,20
1537,1537.0,0.4385555555555555,0.41777777777777775,0.418563492063492,0.4298429752066115,0.4143553719008264,0.42021487603305785,0.006278802469135801,0.008641395061728393,0.006547563429075334,0.004889405095280378,0.00923616296701045,0.005604482753910252,0.5380743801652893,0.44300000000000006,0.3837190082644628,0.09951882460973382,0.025222222222222312,0.03484448379902921,126,121,0.49102864089979936,0.5266942148760326,69.95141700404858,247,23
1538,1538.0,0.4378571428571429,0.41930952380952374,0.4184920634920635,0.42938524590163935,0.4144098360655737,0.4203442622950819,0.006119916099773243,0.008717959750566894,0.006555265810027714,0.00487467945444773,0.009160815640956733,0.005560570008062349,0.5352049180327869,0.4438196721311476,0.38373770491803283,0.09734777517564402,0.024510148321623848,0.0347543585740307,126,122,0.48138426716574173,0.5299999999999995,70.75806451612904,248,26
1539,1539.0,0.4387096774193548,0.41888709677419356,0.4192177419354839,0.42799173553718994,0.4128677685950413,0.4188181818181818,0.006151141519250779,0.00885826144640999,0.006536331620707597,0.004622305716822621,0.00939242879584728,0.005677355371900826,0.5333719008264463,0.43500826446280993,0.37932231404958683,0.09466222340709146,0.016121167688616378,0.03989542788589706,124,121,0.5009741873216114,0.5245454545454541,70.34285714285714,245,24
1540,1540.0,0.43539999999999995,0.416752,0.42188000000000003,0.4286050420168067,0.4150588235294118,0.4195294117647058,0.0062010239999999986,0.008693498496000002,0.006157673600000002,0.004749499470376386,0.009698223430548691,0.005644097874443895,0.5365546218487395,0.4347731092436976,0.3759831932773109,0.10115462184873952,0.018021109243697597,0.04589680672268914,125,119,0.5012621289054776,0.5483193277310919,70.19262295081967,244,22
1541,1541.0,0.432888,0.419432,0.42254400000000003,0.42876666666666663,0.4155166666666667,0.41907500000000003,0.006170339456,0.008076181376,0.006155304064,0.004704928888888889,0.009565399722222223,0.005633186041666668,0.5360999999999999,0.4379583333333333,0.3746083333333334,0.10321199999999991,0.018526333333333256,0.047935666666666654,125,120,0.5050981806081976,0.5413333333333329,69.69795918367348,245,23
1542,1542.0,0.43121599999999993,0.42040799999999995,0.4221120000000001,0.43120833333333325,0.41610833333333336,0.41915,0.006117241343999999,0.007921233536000001,0.006152195456,0.004470031597222223,0.009143396597222223,0.0054403775,0.5462666666666666,0.4413833333333333,0.367975,0.11505066666666663,0.020975333333333346,0.0541370000000001,125,120,0.5030540826710452,0.5388333333333328,70.20816326530613,245,26
1543,1543.0,0.43128225806451614,0.42029032258064514,0.4219758064516129,0.4313983050847457,0.4162966101694915,0.41883050847457626,0.006015573556191466,0.007793157648283039,0.006149475221123831,0.004499544742889974,0.009274276429187017,0.00542597127262281,0.5424915254237289,0.4405677966101695,0.3687203389830509,0.11120926735921277,0.020277474029524345,0.05325546746856202,124,118,0.516843796946795,0.541016949152542,70.20247933884298,242,25
1544,1544.0,0.4314677419354838,0.41950806451612904,0.4239274193548387,0.43213821138211383,0.4138048780487805,0.4202601626016261,0.0059900070239334025,0.007891104773673257,0.0060797608610822056,0.004546379271597594,0.009096400951814397,0.005475867274770309,0.5388699186991869,0.4316666666666667,0.3660894308943089,0.10740217676370306,0.012158602150537656,0.05783798846052979,124,123,0.5039755707648992,0.546585365853658,70.47368421052632,247,25
1545,1545.0,0.4330944881889764,0.4193228346456692,0.4210393700787402,0.43424193548387097,0.41247580645161297,0.42249193548387093,0.006039124930249861,0.007979226486452972,0.00615567561535123,0.004597264047866805,0.00914473328563996,0.005658249934963579,0.5403145161290323,0.42737096774193556,0.36866129032258066,0.10722002794005586,0.008048133096266341,0.052378079756159546,127,124,0.49397125641002493,0.5319354838709672,70.98406374501992,251,29
1546,1546.0,0.433392,0.41772,0.42338400000000004,0.4325076923076923,0.4111615384615384,0.42378461538461537,0.006114814335999999,0.008298713600000002,0.005777884544000001,0.004768603786982249,0.009642643136094677,0.006089245917159765,0.535423076923077,0.4192,0.36716153846153843,0.102031076923077,0.0014800000000000368,0.05622246153846161,125,130,0.4955325843618149,0.5275384615384612,70.70980392156862,255,28
1547,1547.0,0.4329140625,0.41707812499999997,0.4236171875,0.4374341085271318,0.4107906976744186,0.42614728682170544,0.006150547302246094,0.007811462646484376,0.005878126892089843,0.005014075115678144,0.010254212006489995,0.006245195360855718,0.545953488372093,0.4195658914728682,0.36996899224806207,0.11303942587209304,0.002487766472868247,0.053648195251937925,128,129,0.5090369275795177,0.5231782945736431,70.17898832684826,257,23
1548,1548.0,0.43514062499999995,0.41663281249999995,0.4203125,0.4368062015503876,0.4084573643410853,0.4281007751937984,0.006194886474609375,0.007207732360839845,0.00569840234375,0.005131226008052401,0.010164341205456404,0.006509082867616129,0.5461395348837209,0.4171395348837209,0.375,0.11099890988372096,0.0005067223837209589,0.04531249999999998,128,129,0.5267929872133255,0.493255813953488,69.17898832684826,257,28
1549,1549.0,0.43597599999999986,0.416104,0.42165600000000003,0.4376046511627906,0.40455813953488373,0.42778294573643416,0.006244983423999999,0.007337229184,0.005748673664,0.005098611141157383,0.010301564449251847,0.006272821104500932,0.5464418604651162,0.41034108527131785,0.37310852713178294,0.11046586046511636,0.0057629147286821225,0.04854747286821709,125,129,0.5218808948640185,0.5239534883720928,69.49606299212599,254,24
1550,1550.0,0.4373700787401574,0.41466929133858266,0.4218031496062992,0.4400153846153846,0.40424615384615387,0.42787692307692304,0.006210091388182777,0.007308410316820635,0.005751039990079981,0.0052967382248520715,0.01021352402366864,0.006233784852071006,0.5516846153846153,0.41433846153846154,0.3733461538461538,0.11431453664445795,0.00033082980012111296,0.048456995760145394,127,130,0.5141153409778262,0.5407692307692304,69.67704280155642,257,20
1551,1551.0,0.44029770992366407,0.4126259541984733,0.4211984732824427,0.44185384615384615,0.4035769230769231,0.4272076923076923,0.006858270147427306,0.007683745585921567,0.005564754501485927,0.005465278639053254,0.010118721005917162,0.006291887633136095,0.553023076923077,0.4137461538461538,0.37939999999999996,0.11272536699941288,0.0011201996476805087,0.04179847328244274,131,130,0.5056780005720101,0.5378461538461535,68.96551724137932,261,22
1552,1552.0,0.44303007518796994,0.4119097744360903,0.4190827067669173,0.44376923076923075,0.40322307692307696,0.42599230769230767,0.007022420148114647,0.007566713663858896,0.005746045791169653,0.0057943775147929,0.010116065621301776,0.006022007633136096,0.5484153846153846,0.41296923076923076,0.37711538461538463,0.1053853094274147,0.0010594563331404738,0.04196732215153265,133,130,0.5219002998763882,0.5330769230769228,68.88212927756653,263,16
1553,1553.0,0.44145522388059705,0.41136567164179105,0.4173059701492537,0.4466617647058823,0.4061029411764706,0.42533823529411763,0.007164113666740922,0.00756460509022054,0.0055073466807752285,0.006098944420415225,0.010190327638408306,0.006076091479238755,0.5478235294117646,0.41762499999999997,0.3779411764705883,0.10636830553116755,0.006259328358208915,0.03936479367866541,134,136,0.5211966022599565,0.5011764705882349,68.16666666666667,270,21
1554,1554.0,0.44116417910447764,0.40963432835820895,0.41578358208955224,0.4466058394160584,0.4074525547445255,0.4250948905109489,0.007394704388505235,0.0072928588215638215,0.005707811372243262,0.006030034418455964,0.010126598113911237,0.006161545740316479,0.5525255474452555,0.41939416058394163,0.3769270072992701,0.11136136834077787,0.009759832225732679,0.03885657479028215,134,137,0.5226520385802783,0.503576642335766,68.65313653136532,271,22
1555,1555.0,0.43791111111111114,0.40874814814814814,0.41555555555555557,0.4473106060606061,0.4039621212121213,0.4263863636363636,0.0070328809876543195,0.007523329163237311,0.005654513580246913,0.00609209291781451,0.009763627353076215,0.006017191632231406,0.5444772727272728,0.4150378787878788,0.38685606060606065,0.10656616161616161,0.006289730639730651,0.02869949494949492,135,132,0.516026253404799,0.5051515151515147,68.27715355805243,267,22
1556,1556.0,0.4365151515151515,0.4075075757575758,0.4163636363636364,0.44783333333333336,0.40506060606060607,0.42664393939393935,0.006917113406795225,0.007287946912304866,0.005722898071625345,0.006047987373737373,0.010076966023875117,0.005941062614784207,0.5474393939393939,0.41371969696969696,0.38650757575757577,0.11092424242424237,0.006212121212121169,0.029856060606060608,132,132,0.5111380408139947,0.5101515151515148,68.90530303030303,264,26
1557,1557.0,0.43598449612403106,0.40743410852713174,0.41613178294573644,0.4473805970149254,0.40750000000000003,0.4263582089552239,0.006869782705366263,0.007378896821104501,0.005774300462712579,0.006311549175762977,0.009893578358208956,0.00592681198485186,0.5414626865671641,0.4133880597014925,0.38782089552238797,0.10547819044313306,0.005953951174360761,0.028310887423348474,129,134,0.4939174961665365,0.5353731343283579,69.66159695817491,263,25
1558,1558.0,0.4355384615384616,0.40468461538461536,0.41482307692307685,0.44554411764705876,0.41007352941176467,0.4265073529411764,0.00629844852071006,0.007109508224852072,0.006031776390532545,0.006720277465397924,0.009734406358131487,0.006030735240051904,0.5450661764705883,0.4195294117647059,0.3967132352941176,0.10952771493212671,0.014844796380090508,0.018109841628959233,130,136,0.5280338529463386,0.5052941176470584,69.8796992481203,266,21
1559,1559.0,0.4358947368421052,0.4028421052631579,0.4122781954887218,0.45049999999999996,0.4102465753424658,0.4259315068493151,0.006276891175306687,0.007295847249703205,0.005804862456894115,0.007211373287671232,0.009798185775942953,0.006365214486770501,0.5539520547945206,0.4208904109589041,0.4079383561643835,0.11805731795241536,0.018048305695746225,0.0043398393243382904,133,146,0.5096267882469693,0.4909589041095887,69.5663082437276,279,24
1560,1560.0,0.4311481481481481,0.40416296296296295,0.40948888888888885,0.45098000000000005,0.40840000000000004,0.42428,0.0063209262002743485,0.007252966035665295,0.005861509135802469,0.007173699600000001,0.009790960000000001,0.0062561616,0.5544,0.4198,0.4112733333333333,0.12325185185185189,0.01563703703703706,0.0017844444444444774,135,150,0.5162776163901542,0.49346666666666633,69.32631578947368,285,19
1561,1561.0,0.4291555555555555,0.4060148148148148,0.4087037037037037,0.4508104575163399,0.40734640522875815,0.42509803921568623,0.006128501728395063,0.00724257755829904,0.00575206035665295,0.0071581666880259735,0.0099519911145286,0.0061723237216455215,0.5541045751633986,0.4194117647058824,0.4150065359477124,0.1249490196078431,0.0133969498910676,0.006302832244008738,135,153,0.5161146998652603,0.48359477124182976,68.99652777777777,288,19
1562,1562.0,0.4298676470588235,0.4025955882352941,0.4082941176470588,0.4509,0.4093133333333333,0.42297333333333337,0.006212100129757785,0.007544549686418685,0.005763531141868512,0.007288569999999999,0.009934721822222221,0.006113385955555555,0.55788,0.4201666666666667,0.41013333333333335,0.12801235294117652,0.017571078431372567,0.0018392156862745423,136,150,0.519161586534614,0.4758666666666663,68.97552447552448,286,21
1563,1563.0,0.42839416058394164,0.4045839416058394,0.4096934306569343,0.4526622516556292,0.41115894039735107,0.42098675496688737,0.006122822739623848,0.007732067771325057,0.0057458622196174544,0.007172130959168459,0.009820597254506382,0.005945960089469761,0.5637417218543046,0.4248741721854305,0.40618543046357614,0.13534756127036296,0.020290230579591118,0.003508000193358174,137,151,0.5096680521232537,0.4817880794701983,68.93055555555556,288,21
1564,1564.0,0.43200751879699245,0.4045263157894737,0.40529323308270676,0.44953246753246756,0.4128831168831168,0.4195714285714286,0.00632187212391882,0.007827256826276217,0.005687786194810334,0.007344586608196997,0.009242453870804522,0.0054568293135436,0.558987012987013,0.43183766233766224,0.40504545454545454,0.12697949419002058,0.027311346548188564,0.000247778537252219,133,154,0.5288672245458875,0.4740259740259737,69.17421602787456,287,21
1565,1565.0,0.4324925373134329,0.4071567164179104,0.4053805970149254,0.4477077922077922,0.4154675324675325,0.4178246753246753,0.006123682780129206,0.007587147081755403,0.005607623802628648,0.007218752276943837,0.009079716478326868,0.0051581705599595224,0.5549870129870129,0.4368506493506494,0.4053636363636363,0.12249447567358002,0.029693932932738976,1.6960651289088524e-05,134,154,0.5304942809133257,0.4709090909090906,69.44444444444444,288,20
1566,1566.0,0.4342296296296297,0.4087259259259259,0.40381481481481485,0.4482207792207792,0.4142077922077923,0.4178961038961039,0.0064066657887517165,0.007674821179698217,0.005584536076817559,0.0071655356721200885,0.009083112666554224,0.0048642749198853094,0.548103896103896,0.43725974025974024,0.40759740259740257,0.1138742664742663,0.028533814333814356,0.0037825877825877208,135,154,0.5093504159659229,0.48194805194805157,70.09342560553634,289,22
1567,1567.0,0.4394676258992806,0.41028057553956837,0.404431654676259,0.4486078431372549,0.4170392156862745,0.41885620915032684,0.006573069095802496,0.007724878111898972,0.005329813674240465,0.007343271049596308,0.00909164552095348,0.004853338801315734,0.5519934640522876,0.43847712418300655,0.4116143790849673,0.11252583815300693,0.02819654864343818,0.007182724408708263,139,153,0.5312410721011366,0.46176470588235263,69.68835616438356,292,22
1568,1568.0,0.44358450704225355,0.40869014084507044,0.4056549295774648,0.44985526315789476,0.41790789473684214,0.4184013157894737,0.006662327365602065,0.0075486504661773455,0.0053410288137274355,0.0071321895775623275,0.009180215200831024,0.004964450787742383,0.5569473684210526,0.43691447368421055,0.41087500000000005,0.11336286137879908,0.02822433283914011,0.00522007042253525,142,152,0.5332514567389501,0.4388157894736839,69.6734693877551,294,24
1569,1569.0,0.44286111111111115,0.4100625,0.4069861111111111,0.449562091503268,0.4166666666666667,0.4176470588235294,0.006459314043209877,0.007437516927083334,0.005238416473765432,0.007055932419155025,0.009409032679738564,0.0049173394848135345,0.5604248366013073,0.43177777777777776,0.4078104575163398,0.11756372549019611,0.021715277777777764,0.0008243464052287153,144,153,0.5133617320996368,0.43614379084967286,69.43434343434343,297,25
1570,1570.0,0.4448082191780822,0.4087328767123288,0.40888356164383566,0.4495466666666667,0.41994666666666663,0.4195933333333333,0.006300401576280729,0.007693661521861513,0.0052982809626571595,0.006931981155555554,0.009037397155555557,0.004877214622222223,0.5637933333333333,0.4390800000000001,0.40932666666666667,0.11898511415525104,0.030347123287671307,0.00044310502283101405,146,150,0.516085094499528,0.44199999999999967,68.50337837837837,296,22
1571,1571.0,0.44808843537414966,0.4103877551020408,0.4104285714285714,0.44804861111111116,0.41900000000000004,0.42059027777777774,0.005837495580545144,0.007775203387477441,0.005370897959183674,0.006875935136959877,0.009088736111111112,0.004834589072145062,0.5598819444444444,0.4407569444444445,0.41218055555555555,0.11179350907029473,0.030369189342403735,0.0017519841269841296,147,144,0.5120183013984876,0.4473611111111107,68.89690721649484,291,23
1572,1572.0,0.45093150684931504,0.41356849315068495,0.409513698630137,0.44973758865248226,0.41936170212765966,0.42021985815602836,0.00560172133608557,0.007649149418277351,0.0052390717301557515,0.006729626175745687,0.009427011015542478,0.004720256626930235,0.563645390070922,0.43663120567375885,0.4089574468085106,0.11271388322160691,0.023062712523073903,0.0005562518216263856,146,141,0.5166183789609511,0.46304964539007054,69.36585365853658,287,20
1573,1573.0,0.45012142857142856,0.4137142857142857,0.40638571428571435,0.44761971830985914,0.42526760563380284,0.42001408450704225,0.005455378112244899,0.007642375510204084,0.005329851224489797,0.0066691229914699465,0.008983872049196586,0.004733168815711169,0.5671830985915493,0.44323239436619727,0.39665492957746473,0.11706167002012069,0.029518108651911568,0.009730784708249618,140,142,0.5036721725292214,0.473239436619718,69.21985815602837,282,22
1574,1574.0,0.4514748201438849,0.41507913669064744,0.40870503597122304,0.44738775510204076,0.42162585034013605,0.41816326530612247,0.005608493970291393,0.007908662802132394,0.005168423787588634,0.006815747605164513,0.008902683141283724,0.004860571983895601,0.560530612244898,0.43706122448979584,0.3944013605442176,0.10905579210101307,0.021982087799148398,0.014303675427005447,139,147,0.4901601723911266,0.4799319727891153,69.36713286713287,286,19
1575,1575.0,0.45012230215827337,0.4183093525179856,0.4102661870503597,0.44932666666666676,0.4249933333333333,0.41838666666666674,0.005723330365923089,0.008053724444904507,0.005184612597691631,0.00674747328888889,0.008909419955555553,0.0049822771555555565,0.5589666666666666,0.4389733333333334,0.39329333333333333,0.10884436450839324,0.02066398081534776,0.016972853717026393,139,150,0.48753150331286227,0.469333333333333,69.0484429065744,289,21
1576,1576.0,0.4525693430656934,0.4182992700729927,0.4118102189781022,0.45166896551724134,0.4236551724137931,0.4170896551724138,0.005604931322926101,0.008131800948372316,0.005146124567105334,0.006726704209274673,0.008975205231866824,0.004807350582639715,0.5508206896551724,0.4306206896551724,0.39807586206896556,0.09825134658947898,0.012321419582179693,0.013734356909136658,137,145,0.4823543726275871,0.47151724137931,67.80496453900709,282,22
1577,1577.0,0.456406015037594,0.42057142857142865,0.4132406015037594,0.4506043165467626,0.4252517985611511,0.4173525179856115,0.005499023121714059,0.008107132116004296,0.005224678953021652,0.006535749909424978,0.008853526525542155,0.004316918896537447,0.5539712230215827,0.4275755395683453,0.3962014388489209,0.09756520798398877,0.007004110996916668,0.017039162654838513,133,139,0.4851872991798886,0.5097122302158271,67.51838235294117,272,17
1578,1578.0,0.45785156250000003,0.4228203125,0.41228125000000004,0.4493812949640288,0.424136690647482,0.41829496402877697,0.0050587826538085945,0.008406413024902346,0.005098249023437501,0.006740984110553284,0.00889341297034315,0.0043462942911857575,0.5486474820143885,0.4225971223021583,0.38905035971223023,0.09079591951438848,0.00022319019784172722,0.023230890287769812,128,139,0.507925808540626,0.5026618705035969,67.88014981273409,267,18
1579,1579.0,0.45619230769230773,0.4233615384615385,0.4144923076923077,0.4512992700729927,0.4265839416058394,0.41846715328467154,0.005264047633136095,0.0077080000591715995,0.005141357633136096,0.006740793649102243,0.008673425435558635,0.004419183227662636,0.5503430656934306,0.4247007299270073,0.38292700729927004,0.09415075800112288,0.001339191465468792,0.031565300393037676,130,137,0.5135262816657236,0.49890510948905076,68.06367041198502,267,18
1580,1580.0,0.45792307692307693,0.42653076923076927,0.41502307692307694,0.4530666666666667,0.4253407407407408,0.4195703703703703,0.005270563313609468,0.007535141360946746,0.005083237928994084,0.006856462222222222,0.008873469080932783,0.0045024080109739364,0.5531629629629629,0.42545925925925926,0.38408148148148147,0.09523988603988592,0.0010715099715100096,0.03094159544159547,130,135,0.518616547514352,0.497407407407407,67.39622641509433,265,19
1581,1581.0,0.4603893129770993,0.423412213740458,0.41480916030534354,0.4501212121212122,0.4266515151515151,0.4187121212121212,0.0053713675193753285,0.007699158324106987,0.005182261290134609,0.006738833792470157,0.008490575528007343,0.004460553489439853,0.5532424242424242,0.42778787878787883,0.379409090909091,0.09285311126532492,0.004375665047420818,0.035400069396252565,131,132,0.5126097547659779,0.4871212121212118,67.61977186311788,263,20
1582,1582.0,0.4622846153846154,0.41934615384615387,0.4163923076923077,0.45028676470588236,0.42594117647058827,0.4196764705882353,0.005097249763313609,0.00747970325443787,0.0052291922485207115,0.006691866295415225,0.008388481833910034,0.004790821799307959,0.5463161764705883,0.433875,0.38136029411764705,0.08403156108597287,0.014528846153846142,0.035032013574660625,130,136,0.511270289298543,0.4727941176470585,67.82330827067669,266,22
1583,1583.0,0.46200775193798455,0.4207364341085272,0.41244186046511633,0.44938235294117646,0.4271323529411765,0.420360294117647,0.005223325521302807,0.00756535688961,0.005395579953127817,0.006785324394463668,0.008149938365051903,0.0049005834234429075,0.5437500000000001,0.43531617647058823,0.3803235294117647,0.08174224806201552,0.014579742362061054,0.0321183310533516,129,136,0.5062483706372124,0.473676470588235,68.3433962264151,265,24
1584,1584.0,0.46323809523809534,0.4184761904761905,0.4098253968253968,0.44997841726618704,0.42586330935251804,0.42113669064748205,0.005481292517006801,0.007513233560090704,0.00518496951373142,0.006864826872315097,0.008074002898400703,0.004862492107033797,0.5421007194244605,0.43924460431654677,0.3811151079136691,0.07886262418636514,0.02076841384035627,0.02871028891172772,126,139,0.5016807407627208,0.4861151079136688,67.5056603773585,265,23
1585,1585.0,0.46369354838709675,0.4185806451612903,0.4104112903225806,0.4482043795620438,0.4251751824817518,0.42216788321167886,0.005502857700312175,0.007799259625390219,0.004961822775754422,0.007225374287388779,0.008343750332995897,0.004901234588949865,0.5384452554744525,0.4356569343065694,0.38055474452554744,0.07475170708735579,0.01707628914527909,0.029856545797033174,124,137,0.48592341695736807,0.5064963503649632,67.67816091954023,261,24
1586,1586.0,0.46341935483870966,0.42179838709677425,0.41131451612903225,0.4464044117647059,0.42410294117647057,0.4222132352941177,0.005582291883454735,0.008270128707075962,0.005055312369927159,0.007284902627595156,0.00838700410899654,0.004870020707179932,0.5352573529411766,0.4350147058823529,0.38119852941176474,0.07183799810246694,0.013216318785578662,0.030115986717267507,124,136,0.5046388705277747,0.5017647058823526,67.05384615384615,260,22
1587,1587.0,0.4587165354330708,0.42107874015748026,0.41708661417322834,0.44619424460431656,0.4243237410071943,0.42218705035971227,0.006161273978547955,0.008202859941719886,0.005528189348378698,0.007299552197091249,0.007988923968738678,0.004919188033745666,0.5285683453237411,0.435978417266187,0.38135251798561154,0.0698518098906703,0.014899677108706766,0.035734096187616804,127,139,0.5147455986735391,0.4912949640287766,66.59022556390977,266,20
1588,1588.0,0.46050406504065045,0.4197479674796748,0.41511382113821144,0.4477062937062937,0.42335664335664336,0.4199440559440559,0.00636270526802829,0.008360448674730653,0.005681856963447685,0.006999032617731921,0.008397236441879797,0.0050080108562765915,0.5248531468531469,0.4356083916083916,0.38272727272727275,0.06434908181249643,0.0158604241287168,0.03238654841093869,123,143,0.5230773630097734,0.4859440559440557,66.35338345864662,266,22
1589,1589.0,0.459672,0.416448,0.41456,0.4470273972602739,0.42330136986301375,0.4196917808219178,0.006501228416,0.009051047296000002,0.005557382400000001,0.007027012948020267,0.008357635203602927,0.004953569384499907,0.5150890410958904,0.43589041095890413,0.3835479452054794,0.05541704109589035,0.019442410958904144,0.03101205479452057,125,146,0.5147599403296053,0.480684931506849,66.64575645756457,271,24
1590,1590.0,0.4588503937007874,0.41675590551181113,0.4141181102362205,0.44870344827586206,0.4189655172413793,0.4200551724137931,0.006509292578585157,0.008876515221030438,0.005406718333436668,0.0069647327467300835,0.008092667776456598,0.004949086611177171,0.5112827586206896,0.43652413793103445,0.38867586206896554,0.05243236491990222,0.01976823241922332,0.02544224816725499,127,145,0.5115305483607994,0.4891724137931031,66.65073529411765,272,21
1591,1591.0,0.4610076923076923,0.4157461538461538,0.4135846153846154,0.4492777777777778,0.4194444444444445,0.4202638888888889,0.006452807633136094,0.00907574325443787,0.0055768889940828415,0.006893797839506174,0.008193996913580248,0.005004833140432099,0.5120277777777777,0.4377638888888889,0.39431944444444444,0.05102008547008546,0.022017735042735076,0.01926517094017094,130,144,0.4994249492876763,0.4849999999999997,67.37226277372262,274,25
1592,1592.0,0.4623333333333333,0.4165503875968992,0.4108139534883721,0.44763636363636367,0.42383916083916084,0.4226153846153846,0.006814532299741601,0.008817813352562947,0.005679856859563728,0.006561657978385251,0.008244246858037067,0.00475515976331361,0.5042797202797202,0.4404895104895105,0.3941818181818182,0.041946386946386915,0.023939122892611298,0.016632135306553886,129,143,0.5110881828784194,0.47727272727272685,66.7720588235294,272,20
1593,1593.0,0.462592,0.41816799999999993,0.4114320000000001,0.44690070921985814,0.42293617021276597,0.4233049645390071,0.006485793536000001,0.008606779776,0.005671557376000001,0.006705011417936724,0.008281676776822093,0.004720992103012927,0.4996453900709219,0.43955319148936167,0.3904255319148936,0.0370533900709219,0.021385191489361743,0.021006468085106478,125,141,0.5145829311184194,0.4775177304964536,66.55639097744361,266,25
1594,1594.0,0.4597377049180328,0.4169999999999999,0.41304918032786886,0.4465874125874126,0.42100699300699296,0.42158741258741256,0.006209324643912925,0.00842706557377049,0.005731309056705188,0.0066453052961025,0.008347125825223728,0.005130186414983619,0.4981188811188811,0.44234265734265743,0.38849650349650355,0.0383811762008483,0.025342657342657504,0.024552676831365305,122,143,0.49752309433994213,0.4985314685314683,66.64528301886793,265,25
1595,1595.0,0.458504132231405,0.4173471074380165,0.4145702479338843,0.4450551724137931,0.4208206896551724,0.4205241379310345,0.006121274776313094,0.008511846458575233,0.005893104569360017,0.0066150038525564815,0.008284478192627825,0.005208897693222354,0.4838413793103448,0.44162758620689657,0.3868068965517242,0.025337247078939806,0.024280478768880065,0.02776335138216013,121,145,0.5087883168609005,0.5024137931034479,68.01503759398496,266,23
1596,1596.0,0.4599834710743802,0.4175371900826446,0.4151570247933884,0.4432993197278911,0.42210204081632646,0.41983673469387756,0.0062979170821665185,0.00844841390615395,0.0057710579878423604,0.006795502244435189,0.008153656254338471,0.005332667221990838,0.48039455782312923,0.4438299319727891,0.37702721088435376,0.02041108674874903,0.026292741890144466,0.03812981390903464,121,147,0.4890039533888686,0.5125850340136052,67.92910447761194,268,26
1597,1597.0,0.46069672131147543,0.4187868852459017,0.4147131147540984,0.4417748344370861,0.421317880794702,0.4189801324503311,0.006303194907282987,0.008604151303413061,0.005780188188658963,0.00677360492960835,0.00807062742862155,0.00528443006885663,0.4780529801324504,0.44350993377483444,0.37299999999999994,0.017356258820974968,0.024723048528932756,0.041713114754098446,122,151,0.4781505858550087,0.5188741721854302,68.14285714285714,273,24
1598,1598.0,0.46084800000000004,0.41835199999999995,0.414696,0.44139072847682115,0.4230927152317881,0.4203245033112583,0.006671184896,0.008794724096000002,0.005790483584,0.006706158589535546,0.007928613920442085,0.005409159598263235,0.4674569536423841,0.44629139072847684,0.37392715231788076,0.006608953642384063,0.0279393907284769,0.04076884768211925,125,151,0.49887267907800903,0.5072185430463573,67.70652173913044,276,22
1599,1599.0,0.46190400000000004,0.41668,0.41331199999999996,0.44313725490196076,0.42395424836601314,0.41937254901960774,0.006853894784,0.0091587456,0.005910966656,0.006589399461745482,0.00789476261267034,0.005618220684352173,0.48358823529411765,0.4471960784313726,0.3710849673202614,0.021684235294117615,0.030516078431372606,0.04222703267973854,125,153,0.49417973709764995,0.4862091503267971,67.20503597122303,278,26
1600,1600.0,0.46204687499999997,0.41651562499999994,0.41034375,0.4442483660130719,0.4219477124183007,0.4151372549019608,0.006857388427734375,0.009525249755859375,0.0055473037109375,0.006509859882951002,0.007817748899995727,0.005694510572856595,0.49227450980392157,0.44408496732026137,0.36795424836601304,0.0302276348039216,0.027569342320261425,0.04238950163398697,128,153,0.48993557861983106,0.5037908496732023,66.87544483985765,281,21
1601,1601.0,0.46226153846153845,0.4184307692307692,0.40896923076923075,0.4425066666666666,0.42075999999999997,0.4123466666666667,0.007014054674556213,0.009624475976331363,0.005295199053254439,0.0064906232888888886,0.0081074224,0.00568882648888889,0.4946466666666667,0.44148666666666664,0.37062,0.03238512820512823,0.02305589743589742,0.03834923076923075,130,150,0.47602165927226237,0.48933333333333306,65.81071428571428,280,23
1602,1602.0,0.461906976744186,0.4159224806201551,0.4083023255813954,0.444027397260274,0.42276712328767124,0.4115890410958904,0.007052580493960699,0.00940304825431164,0.004994164413196323,0.00615641020829424,0.008199671795834116,0.005756009194970915,0.49793150684931514,0.4406027397260273,0.3672397260273972,0.03602453010512913,0.024680259105872238,0.041062599553998214,129,146,0.46606473442128193,0.5090410958904107,66.20727272727272,275,23
1603,1603.0,0.46660629921259844,0.40948031496062987,0.413220472440945,0.44552,0.42565333333333344,0.40804,0.006592616653233306,0.009641100006200012,0.0052304080848161695,0.0063730896,0.007882333155555556,0.005723731733333334,0.49647999999999987,0.4401533333333333,0.3705333333333333,0.029873700787401425,0.03067301837270342,0.04268713910761168,127,150,0.47850611120361136,0.49773333333333314,66.72202166064982,277,24
1604,1604.0,0.46894399999999997,0.41038399999999997,0.412512,0.4439096774193549,0.4254322580645162,0.4069354838709678,0.006263428864000001,0.009696636544,0.005317321856000001,0.006622095067637877,0.008061793798126951,0.005772137773152967,0.4932064516129032,0.43692903225806456,0.36916129032258066,0.024262451612903246,0.026545032258064594,0.04335070967741933,125,155,0.4844332518541889,0.49425806451612875,66.44642857142857,280,22
1605,1605.0,0.4682539682539683,0.4075952380952381,0.41109523809523807,0.44662091503267976,0.42488888888888887,0.40640522875817,0.00626090375409423,0.010159891723356008,0.005338578231292517,0.006520470673672519,0.008013954974582425,0.00580363971122218,0.5001045751633987,0.4391960784313726,0.3695686274509804,0.03185060690943037,0.03160084033613447,0.04152661064425767,126,153,0.5221905306617212,0.4775816993464048,66.26881720430107,279,19
1606,1606.0,0.46686290322580637,0.4075887096774194,0.41129838709677424,0.4462709677419355,0.4280322580645161,0.4078322580645161,0.006411005398022892,0.01021850019510926,0.005357983545785641,0.006664365286160249,0.007730018314255983,0.005985675088449533,0.5033225806451612,0.4369548387096775,0.3732838709677419,0.03645967741935485,0.029366129032258104,0.03801451612903234,124,155,0.5032113851392742,0.48774193548387074,66.91397849462365,279,19
1607,1607.0,0.46748780487804875,0.4142276422764227,0.41225203252032516,0.44766233766233765,0.4302272727272727,0.4093311688311689,0.0063657295260757495,0.00974040346354683,0.005305164121885122,0.0065652496205093605,0.007710214580873672,0.006198715002529938,0.5053701298701299,0.4379870129870129,0.37637012987012985,0.03788232499208111,0.0237593707105902,0.03588190265019531,123,154,0.5127870743409977,0.472272727272727,65.9927797833935,277,21
1608,1608.0,0.46830000000000005,0.4170384615384616,0.4131,0.44784210526315793,0.4300855263157895,0.4114144736842105,0.006180656153846154,0.01001966775147929,0.00577569,0.006783619806094184,0.00778352557998615,0.006195703211565097,0.5080328947368421,0.43271052631578943,0.375625,0.03973289473684205,0.015672064777327854,0.037475000000000036,130,152,0.5119009245237132,0.47782894736842074,66.15957446808511,282,18
1609,1609.0,0.46731578947368424,0.41622556390977444,0.41337593984962406,0.4450993377483443,0.42945033112582787,0.41258940397350996,0.006353704788286506,0.010006430323930126,0.005893587992537735,0.006758380860488575,0.007890274023069162,0.006251248629446079,0.5076754966887417,0.4339139072847682,0.3769139072847682,0.04035970721505744,0.017688343374993754,0.03646203256485586,133,151,0.4945456317837787,0.46874172185430435,65.46478873239437,284,23
1610,1610.0,0.4648686131386861,0.4166715328467153,0.41246715328467154,0.4460844155844156,0.4260584415584416,0.4102922077922078,0.006572785657200704,0.009921198678672279,0.0057400299429911025,0.007108882484398719,0.007920379701467363,0.006447102926294485,0.5074805194805195,0.43261688311688307,0.37661688311688307,0.04261190634183343,0.015945350270167746,0.03585027016778847,137,154,0.4822346637710893,0.4666883116883114,65.893470790378,291,23
1611,1611.0,0.46175362318840574,0.41894202898550725,0.41473188405797107,0.4450128205128205,0.42740384615384613,0.4090000000000001,0.006778229153539172,0.00980528649443394,0.005746297679059023,0.007031807527942145,0.008052343318540434,0.006227282051282052,0.5106923076923078,0.43643589743589745,0.3807564102564102,0.04893868450390204,0.017493868450390193,0.03397547380156085,138,156,0.47269090350107923,0.46288461538461506,66.38095238095238,294,25
1612,1612.0,0.45813868613138686,0.41580291970802924,0.41761313868613137,0.44343225806451614,0.4285741935483871,0.409341935483871,0.0068033311311204644,0.009887121743300123,0.005538441579199745,0.007035703475546305,0.008212683204994797,0.006070805660770032,0.5084516129032258,0.4348451612903226,0.37794838709677414,0.05031292677183896,0.01904224158229334,0.03966475158935723,137,155,0.4701849624732916,0.4610322580645158,66.03082191780823,292,21
1613,1613.0,0.4613014705882353,0.4128823529411765,0.4160514705882353,0.44386274509803925,0.43047712418300654,0.41187581699346404,0.006423622350778546,0.009798397923875431,0.005564975291955017,0.007157386389850059,0.008291700457089154,0.006228409415182196,0.5157516339869281,0.4380261437908497,0.3812091503267974,0.05445016339869285,0.02514379084967322,0.034842320261437854,136,153,0.46974455881925287,0.45372549019607816,66.29411764705883,289,25
1614,1614.0,0.4616323529411765,0.41165441176470585,0.4161029411764706,0.4439810126582279,0.42977215189873413,0.4142468354430379,0.006975350129757786,0.009793961451124567,0.005172033520761245,0.007132385715430221,0.008528403781445282,0.006393261857074186,0.5059620253164557,0.4347151898734177,0.3781962025316456,0.04432967237527924,0.02306077810871182,0.03790673864482502,136,158,0.4712133362479939,0.4641139240506326,66.59183673469387,294,21
1615,1615.0,0.45959854014598545,0.40898540145985407,0.41404379562043797,0.44603821656050957,0.42985987261146497,0.41324840764331205,0.0068550578080878045,0.00943128445841547,0.00531894698705312,0.006818240577711063,0.008532782912085682,0.0065039191853624905,0.5096942675159235,0.4352229299363058,0.38082802547770694,0.05009572736993806,0.02623752847645172,0.03321577014273103,137,157,0.4755846409179234,0.4644585987261143,66.20748299319727,294,22
1616,1616.0,0.45908823529411763,0.4085955882352941,0.41473529411764704,0.44756329113924054,0.42900000000000005,0.4148860759493671,0.00691258044982699,0.009458417333477506,0.0052297240484429075,0.007099018146130429,0.008590379746835445,0.006368480692196764,0.5128354430379747,0.43676582278481,0.3809113924050633,0.05374720774385705,0.028170234549515893,0.03382390171258376,136,158,0.45606776294667534,0.4685443037974681,65.8843537414966,294,24
1617,1617.0,0.45813669064748197,0.4101510791366907,0.41574100719424467,0.4484240506329114,0.4282911392405063,0.4143481012658228,0.0074555568552352345,0.009006487966461363,0.005055976088194193,0.007199889801313892,0.008751054478448967,0.006361378825508733,0.49700632911392395,0.43141772151898733,0.3818037974683544,0.03886963846644198,0.02126664238229664,0.03393720972589026,139,158,0.4585725187351612,0.4628481012658226,65.73737373737374,297,19
1618,1618.0,0.45624264705882356,0.412014705882353,0.41611764705882354,0.44882911392405067,0.42909493670886073,0.41467721518987344,0.00742709553416955,0.009712823313148789,0.005327721453287197,0.007212698646050312,0.008711465670565613,0.006408092012497998,0.4990379746835442,0.4324177215189874,0.37864556962025314,0.04279532762472066,0.02040301563663438,0.037472077438570395,136,158,0.4629240776672267,0.4646202531645566,65.90816326530613,294,19
1619,1619.0,0.453274074074074,0.41236296296296304,0.4159851851851852,0.4484166666666667,0.432,0.41669871794871793,0.007417517475994513,0.009503357146776404,0.005642636817558299,0.007134499465811967,0.008502025641025642,0.0060113899983563444,0.5036217948717948,0.4318012820512821,0.3758269230769231,0.05034772079772082,0.019438319088319056,0.040158262108262066,135,156,0.4743065307210584,0.45358974358974335,65.80412371134021,291,18
1620,1620.0,0.45213432835820894,0.41214179104477616,0.41502985074626864,0.4503815789473684,0.4296052631578947,0.41661842105263164,0.007600474493205614,0.00924637541768768,0.005695536422365783,0.007044249134349032,0.008330173130193904,0.006164341239612189,0.5056513157894736,0.42792105263157904,0.37917105263157896,0.053516987431264706,0.015779261586802873,0.03585879811468967,134,152,0.4685342778492973,0.46381578947368385,65.89160839160839,286,17
1621,1621.0,0.4526978417266187,0.4096618705035971,0.4169568345323741,0.44984868421052626,0.4288618421052631,0.41880921052631576,0.007453736038507325,0.00964616624398323,0.005689293100771182,0.006738207366689751,0.008505171701869806,0.006153983336218837,0.49906578947368424,0.42889473684210533,0.3767697368421053,0.04636794774706554,0.019232866338508237,0.04018709769026879,139,152,0.46434223122850654,0.4665789473684207,66.01718213058419,291,16
1622,1622.0,0.4492481751824818,0.4104014598540146,0.41630656934306576,0.4516081081081081,0.4288851351351352,0.4209797297297297,0.008299120890830625,0.009871378975971016,0.0056981395918802285,0.006546495069393718,0.00859425031957633,0.006047722562089116,0.4995202702702703,0.432277027027027,0.3777837837837838,0.050272095087788515,0.021875567173012422,0.03852278555928196,137,148,0.4704911474702571,0.4748648648648645,65.93684210526315,285,18
1623,1623.0,0.4503503649635037,0.4075766423357664,0.41603649635036494,0.4520933333333334,0.42991333333333337,0.4167733333333334,0.008362388193297458,0.009973207629602002,0.00569402056582663,0.006580564622222222,0.008087092488888888,0.006556348622222223,0.5083933333333333,0.42900666666666665,0.3775466666666667,0.05804296836982953,0.021430024330900244,0.03848982968369824,137,150,0.4599774275879427,0.4758666666666663,66.20905923344948,287,19
1624,1624.0,0.4523185185185185,0.4074740740740741,0.4137925925925926,0.4572905405405406,0.42949324324324334,0.4150810810810811,0.008423031879286693,0.010002930809327848,0.005679764389574761,0.006790422342951058,0.008114385089481374,0.006603939371804236,0.5211283783783782,0.4338378378378378,0.3757027027027027,0.06880985985985971,0.026363763763763703,0.03808988988988993,135,148,0.4609268745746686,0.48418918918918885,65.32508833922262,283,20
1625,1625.0,0.45241984732824425,0.41081679389312975,0.41504580152671755,0.45692,0.43015333333333333,0.41365999999999997,0.008482640522114096,0.010130821397354465,0.005723539886952974,0.006953006933333333,0.008121009822222223,0.006480371066666667,0.5267133333333333,0.43748,0.3719866666666667,0.074293486005089,0.02666320610687023,0.04305913486005086,131,150,0.46070680167133343,0.48133333333333295,65.35231316725978,281,22
1626,1626.0,0.4503538461538462,0.4064692307692308,0.41585384615384613,0.4566148648648648,0.4306148648648649,0.41429729729729725,0.008338490177514795,0.009982556745562131,0.005681801715976332,0.006723534103360115,0.008168385454711468,0.0065141548575602636,0.5305945945945947,0.43761486486486484,0.3712837837837838,0.08024074844074847,0.031145634095634034,0.044570062370062336,130,148,0.47332692769654333,0.46851351351351317,64.98561151079137,278,24
1627,1627.0,0.45076335877862594,0.4074885496183206,0.41497709923664117,0.4579520547945205,0.4307808219178082,0.4133013698630137,0.008466928733756774,0.009987700250568146,0.005155884971738244,0.0066062648245449425,0.00820221223494089,0.006498429724150873,0.5303835616438357,0.43816438356164383,0.36953424657534245,0.07962020286520977,0.03067583394332324,0.045442852661298716,131,146,0.4821959632279779,0.4753424657534243,65.80505415162455,277,21
1628,1628.0,0.45116793893129764,0.40811450381679387,0.41535877862595416,0.45839726027397254,0.42973287671232874,0.41241095890410956,0.008373177903385582,0.010060910552998077,0.005206535400034963,0.006701157252767874,0.008291565631450554,0.006517488647025708,0.5298630136986302,0.4321712328767124,0.36622602739726023,0.07869507476733256,0.024056729059918514,0.04913275122869393,131,146,0.46965358629045645,0.4808219178082188,66.46209386281589,277,23
1629,1629.0,0.45333834586466165,0.4092406015037594,0.4152706766917293,0.4588732394366197,0.4302605633802816,0.413612676056338,0.008267607326587144,0.009904167674826164,0.005505475606309006,0.0067462515373933754,0.008404953233485418,0.006698096459035905,0.5373732394366199,0.42800704225352115,0.3687464788732394,0.0840348935719582,0.018766440749761748,0.046524197818489876,133,142,0.46014923458116863,0.4843661971830982,66.22909090909091,275,23
1630,1630.0,0.45488281249999996,0.4140625,0.4170234375,0.45911034482758617,0.4300275862068966,0.4117172413793103,0.008427681579589844,0.009631433593749999,0.005477616638183594,0.0067252429964328175,0.008339171652794292,0.006873471771700356,0.5442482758620689,0.42970344827586204,0.3686965517241379,0.08936546336206896,0.015640948275862043,0.04832688577586208,128,145,0.4740898102703518,0.49551724137931,66.62271062271063,273,19
1631,1631.0,0.46094957983193274,0.41275630252100853,0.41631092436974787,0.45926896551724145,0.429551724137931,0.4110344827586207,0.007738669726714215,0.00924936077960596,0.005783525174775791,0.006716500071343638,0.008414399048751487,0.00694010225921522,0.5419103448275862,0.4326137931034483,0.3684965517241379,0.08096076499565341,0.01985749058243974,0.04781437264560995,119,145,0.49670596704649883,0.500068965517241,66.68939393939394,264,19
1632,1632.0,0.46260344827586214,0.4124137931034482,0.41874137931034483,0.45715972222222223,0.4283611111111111,0.40791666666666665,0.007855377229488704,0.00934982877526754,0.005523726218787158,0.006785898099922839,0.008644869598765433,0.006445798611111111,0.5393125,0.43477777777777776,0.36875694444444446,0.07670905172413783,0.02236398467432954,0.04998443486590037,116,144,0.49866478828472965,0.5154166666666663,67.2,260,20
1633,1633.0,0.46144827586206894,0.4125431034482759,0.41825,0.458806896551724,0.42946206896551725,0.40822068965517244,0.008104092152199762,0.009542179176575504,0.005696773706896552,0.006758624780023781,0.008516869250891795,0.0063521581926278235,0.5339655172413794,0.43393103448275866,0.3675103448275862,0.07251724137931048,0.021387931034482777,0.0507396551724138,116,145,0.49616601990482634,0.5167586206896548,67.1455938697318,261,19
1634,1634.0,0.46017647058823524,0.41373109243697476,0.41973949579831926,0.4622916666666666,0.42983333333333335,0.4087708333333333,0.008469758774097875,0.009031154579478853,0.005939772473695361,0.006557984375,0.008666444444444444,0.006411857204861111,0.5297361111111112,0.4330416666666667,0.36592361111111116,0.06955964052287594,0.019310574229691957,0.053815884687208104,119,144,0.49601619351007914,0.5134722222222218,66.1977186311787,263,21
1635,1635.0,0.45803174603174607,0.41403174603174603,0.4187936507936507,0.4628661971830986,0.431725352112676,0.40855633802816904,0.00798625296044344,0.008592395817586295,0.006005608213655832,0.006608468012299147,0.008921227385439398,0.006478936966871653,0.5273732394366197,0.43458450704225354,0.3685774647887324,0.06934149340487367,0.020552761010507514,0.05021618600491834,126,142,0.5067203230657591,0.4992957746478869,65.92910447761194,268,20
1636,1636.0,0.45953125,0.41684375,0.4181953125,0.46297841726618705,0.4303453237410072,0.408726618705036,0.007841217773437499,0.0084096318359375,0.005983500915527344,0.006711474354329486,0.008955362765902385,0.006547162672739507,0.5247482014388489,0.43286330935251804,0.36958273381294965,0.06521695143884892,0.01601955935251803,0.04861257868705038,128,139,0.4881441080194875,0.5176258992805751,66.04119850187266,267,20
1637,1637.0,0.4598425196850394,0.4160629921259843,0.4183622047244095,0.46657142857142864,0.43420408163265306,0.4104557823129252,0.008286179924359849,0.008578830677661355,0.006012750697501396,0.00677556462585034,0.00921654338470082,0.006424928316904995,0.5260884353741497,0.4356802721088435,0.37187755102040815,0.06624591568911031,0.019617279982859226,0.046484653704001344,127,147,0.474653300985798,0.5037414965986391,65.58394160583941,274,20
1638,1638.0,0.4603149606299213,0.41755905511811026,0.4162913385826772,0.4665986842105263,0.43559210526315795,0.410125,0.008749160642321285,0.008282120528241056,0.00610768677537355,0.006718766577216068,0.009255596779778394,0.006341990953947369,0.5246447368421052,0.43737499999999996,0.3708486842105263,0.06432977621218394,0.019815944881889702,0.04544265437215089,127,152,0.4639108661127082,0.49171052631578915,65.53763440860214,279,24
1639,1639.0,0.460953488372093,0.4180852713178294,0.41499224806201557,0.469,0.43637500000000007,0.4074210526315789,0.008687873805660717,0.008174806682290729,0.006169030947659396,0.006377565789473684,0.009313221217105264,0.006167191135734072,0.5294407894736842,0.43665131578947364,0.37285526315789475,0.06848730110159124,0.018566044471644227,0.04213698490412082,129,152,0.4589840014490438,0.5009210526315786,65.85765124555161,281,21
1640,1640.0,0.45856692913385827,0.41503149606299217,0.4154015748031496,0.47205732484076435,0.43671974522292994,0.4078343949044586,0.008531032922065845,0.007626030504061007,0.005845216690433382,0.00639634703233397,0.009256316361718527,0.006231412065398191,0.5281337579617834,0.4333821656050955,0.3748152866242038,0.06956682882792514,0.01835066954210335,0.04058628817894577,127,157,0.44808618302710335,0.5170063694267514,65.42605633802818,284,18
1641,1641.0,0.4628333333333333,0.41296825396825404,0.41457936507936516,0.4719013157894736,0.4381052631578947,0.40739473684210525,0.008916059523809524,0.007848205341395818,0.0060815135424540185,0.005927746840373962,0.009452331024930748,0.006294317867036011,0.5304473684210527,0.4310328947368421,0.377921052631579,0.06761403508771935,0.018064640768588047,0.03665831244778617,126,152,0.443632659044843,0.524473684210526,65.85251798561151,278,22
1642,1642.0,0.46099186991869917,0.4129349593495935,0.4147317073170732,0.4719271523178808,0.4408278145695364,0.4034569536423841,0.008794089364796089,0.007989231542071519,0.006198391433670435,0.006053749660102627,0.009645837901846413,0.006302619007938249,0.5340331125827815,0.4300198675496689,0.3756953642384106,0.07304124266408235,0.01708490820007541,0.039036343078662605,123,151,0.42892928805263714,0.552119205298013,65.78832116788321,274,21
1643,1643.0,0.46027999999999997,0.4109440000000001,0.413184,0.47254838709677416,0.4412129032258064,0.4025161290322581,0.0079490176,0.008004260864,0.006230998143999999,0.006094221852237253,0.009480593381893861,0.006552959417273673,0.5303677419354839,0.4350774193548386,0.3730322580645161,0.0700877419354839,0.024133419354838537,0.040151741935483876,125,155,0.42428605684569987,0.5520645161290318,66.11785714285715,280,19
1644,1644.0,0.46157024793388435,0.4105206611570248,0.41314049586776863,0.47257142857142853,0.44237012987012986,0.40305194805194805,0.007588575643740183,0.008064051226009152,0.006231244723721057,0.006138361781076068,0.009472375990892224,0.006640334963737561,0.5302467532467532,0.4365454545454546,0.3771688311688312,0.06867650531286884,0.026024793388429834,0.03597166469893742,121,154,0.4227884303073909,0.5428571428571426,65.64,275,23
1645,1645.0,0.45975396825396825,0.41265079365079366,0.41221428571428576,0.4713057324840765,0.4425477707006369,0.4019108280254777,0.007275487087427566,0.008009179642227261,0.006361739795918368,0.006135651750578117,0.00916868083897927,0.006479584405046856,0.5359745222929936,0.4424904458598726,0.3811082802547771,0.07622055403902533,0.02983965220907897,0.031106005459508645,126,157,0.4277248975898819,0.5404458598726111,65.40636042402826,283,19
1646,1646.0,0.45754761904761904,0.4122380952380953,0.40977777777777774,0.4725094339622641,0.44244654088050306,0.4035534591194968,0.007475993764172335,0.007859911564625852,0.006539506172839505,0.006142665005339979,0.008946838337091097,0.006610712550927573,0.5373207547169812,0.442685534591195,0.383062893081761,0.07977313566936212,0.03044743935309968,0.02671488469601674,126,159,0.4397896006163729,0.5274842767295594,65.37894736842105,285,20
1647,1647.0,0.45922399999999997,0.41033600000000003,0.41108000000000006,0.47269512195121954,0.4409207317073171,0.4043353658536586,0.007143117824,0.007318447104000001,0.006439945600000001,0.006072809488399763,0.008743853472635336,0.006702698505353956,0.5283841463414635,0.4406951219512195,0.37676219512195125,0.0691601463414635,0.03035912195121948,0.03431780487804881,125,164,0.4447651985614567,0.5169512195121948,65.28719723183391,289,21
1648,1648.0,0.4564,0.40982307692307696,0.40900000000000003,0.4712176470588235,0.43922941176470587,0.40586470588235296,0.006699870769230769,0.007364807159763314,0.0063129846153846154,0.005940487923875432,0.008720141487889275,0.006784740519031141,0.528,0.4418941176470589,0.37920588235294117,0.07160000000000005,0.032071040723981925,0.02979411764705886,130,170,0.4430619275125751,0.49999999999999967,66.01666666666667,300,21
1649,1649.0,0.45607200000000003,0.41306400000000004,0.40898399999999996,0.4716588235294117,0.43987647058823526,0.4062647058823529,0.006713218815999999,0.006517979904,0.0064166397440000005,0.005981542422145329,0.008799802387543253,0.0069860534602076115,0.5281411764705882,0.4427647058823529,0.3794470588235294,0.07206917647058819,0.02970070588235285,0.029536941176470544,125,170,0.4275046906598726,0.5186470588235291,66.40338983050847,295,21
1650,1650.0,0.45714960629921264,0.4124881889763779,0.40811023622047243,0.4735555555555555,0.43835087719298244,0.40728070175438585,0.00696007998015996,0.0064554939549879104,0.006317247690495381,0.0059428784925276154,0.008669385657125269,0.007101710680209294,0.5295204678362573,0.4410701754385965,0.3827309941520468,0.07237086153704464,0.0285819864622186,0.025379242068425623,127,171,0.428502878972902,0.5187134502923972,66.15771812080537,298,19
1651,1651.0,0.457271186440678,0.41193220338983055,0.40720338983050847,0.4737058823529412,0.4366882352941177,0.4062294117647059,0.006692401034185579,0.0061351140476874465,0.006426907785119219,0.005988360553633217,0.008862955743944636,0.007022706193771625,0.5267294117647059,0.4429,0.3839470588235294,0.0694582253240279,0.030967796610169462,0.023256331006979047,118,170,0.4422552913480791,0.5198235294117644,66.22222222222223,288,24
1652,1652.0,0.45647008547008544,0.4131538461538462,0.4059914529914531,0.47351999999999994,0.43690285714285715,0.4058685714285714,0.006691565344437139,0.00615390795529257,0.006631888815837533,0.005907415314285716,0.00855863627755102,0.0069411541551020394,0.5321314285714285,0.44421142857142853,0.3871428571428571,0.07566134310134304,0.03105758241758233,0.018848595848595995,117,175,0.43716105922917636,0.5178285714285711,66.06506849315069,292,24
1653,1653.0,0.45701639344262296,0.4124344262295082,0.4044590163934426,0.47212068965517234,0.43656896551724134,0.4044367816091955,0.006583786616500941,0.0061904916017199675,0.0067180679924751414,0.005867186583432422,0.008489969381688467,0.007031119566653455,0.5282701149425287,0.4440172413793104,0.3845402298850574,0.07125372149990578,0.03158281514980221,0.01991878650838519,122,174,0.45702509582247397,0.5116666666666663,65.5304054054054,296,20
1654,1654.0,0.4574793388429752,0.4137933884297521,0.4056198347107438,0.47315819209039545,0.43627118644067797,0.4027175141242938,0.006095885936752954,0.0064414201215763954,0.006877128201625572,0.005569737687126944,0.008526062051134731,0.00719221398704076,0.5276892655367232,0.44292090395480227,0.3808644067796611,0.07020992669374804,0.029127515525050163,0.024755427931082707,121,177,0.4831753413859421,0.4944632768361579,65.86241610738254,298,19
1655,1655.0,0.46097457627118643,0.41304237288135587,0.40015254237288134,0.47418750000000004,0.4332670454545454,0.4009147727272728,0.006131753590922149,0.006778684645216891,0.007489264866417697,0.00572968643465909,0.008992548004907024,0.007338714327221074,0.5245795454545455,0.4395397727272728,0.37756249999999997,0.06360496918335912,0.026497399845916925,0.02259004237288137,118,176,0.49092147350768517,0.4892613636363633,65.64285714285714,294,22
1656,1656.0,0.46246956521739135,0.41064347826086967,0.3949391304347826,0.4752183908045977,0.43136781609195407,0.40287356321839085,0.006238040378071835,0.006739707674858224,0.007360248468809072,0.006131067247985202,0.009753715286035143,0.007409903553970141,0.5288333333333333,0.44202873563218387,0.3818735632183908,0.06636376811594191,0.0313852573713142,0.013065567216391849,115,174,0.4817505024045011,0.5068390804597698,64.83044982698962,289,20
1657,1657.0,0.4659159663865547,0.4088571428571429,0.39241176470588246,0.4762163742690058,0.4316374269005848,0.4034561403508772,0.006503068568603913,0.006867298919567828,0.006868544735541275,0.006134543825450566,0.009600535207414246,0.007303628193290243,0.5335029239766083,0.44163157894736843,0.3836491228070175,0.06758695759005356,0.03277443609022551,0.008762641898864942,119,171,0.47572476919657547,0.5003508771929821,64.28965517241379,290,22
1658,1658.0,0.4674333333333333,0.40780833333333333,0.3936333333333334,0.4748383233532934,0.4312934131736528,0.4033473053892216,0.006822462222222223,0.006923738263888888,0.006639582222222222,0.006133668471440353,0.00993160851948797,0.0072638674029187125,0.5332035928143714,0.441814371257485,0.38698802395209586,0.06577025948103804,0.03400603792415169,0.00664530938123753,120,167,0.4707986508791428,0.5183233532934128,64.55400696864112,287,20
1659,1659.0,0.46721428571428575,0.40788095238095246,0.3936904761904762,0.4716647058823529,0.42835882352941174,0.40558235294117645,0.006761136621315193,0.00720027947845805,0.00652473752834467,0.006272564048442907,0.009927935951557094,0.007319984394463668,0.5251588235294117,0.4385823529411765,0.3868058823529412,0.05794453781512593,0.030701400560224024,0.00688459383753498,126,170,0.4588127536321854,0.5117058823529408,64.19932432432432,296,18
1660,1660.0,0.465748031496063,0.40444881889763784,0.39718897637795275,0.4670173410404625,0.4270578034682081,0.4060404624277457,0.007198802653605309,0.007352830057660115,0.006627444602889206,0.006445924554779645,0.009981349259915133,0.007383067726953791,0.5193757225433525,0.43695375722543345,0.38647398843930625,0.05362769104728954,0.03250493832779561,0.010714987938646503,127,173,0.44518860453091624,0.5071676300578032,64.25,300,20
1661,1661.0,0.46075409836065573,0.4050245901639344,0.39546721311475413,0.4663389830508475,0.42728248587570616,0.4062768361581921,0.006523693630744425,0.007405089559258263,0.006665511220102123,0.006595885090491238,0.010055004947492738,0.007337058954961857,0.523406779661017,0.4404858757062147,0.38605084745762713,0.06265268130036128,0.03546128554228034,0.009416365657127002,122,177,0.4305465088558174,0.51638418079096,64.77926421404682,299,22
1662,1662.0,0.4635483870967742,0.40370161290322576,0.3965887096774193,0.46594475138121555,0.4254917127071823,0.40689502762430935,0.006802989594172737,0.007565177094172737,0.00663151632414152,0.006764759378529349,0.010163995787674369,0.007237430969750616,0.526232044198895,0.4382486187845304,0.3827513812154696,0.06268365710212082,0.03454700588130466,0.013837328461949738,124,181,0.4257268690047857,0.5114917127071821,64.28524590163934,305,19
1663,1663.0,0.463520325203252,0.40517886178861784,0.40091056910569106,0.46367391304347827,0.42492934782608693,0.40675,0.007161729261682861,0.007457301341793905,0.006459674928944411,0.007010991493383742,0.010045283051748581,0.00716173097826087,0.5209945652173913,0.43761956521739126,0.3797989130434783,0.05747424001413931,0.03244070342877342,0.02111165606221277,123,184,0.43259493674365085,0.5023369565217388,64.66123778501628,307,18
1664,1664.0,0.4603017241379309,0.40281896551724133,0.3983706896551724,0.46423913043478254,0.42359239130434784,0.4051576086956522,0.007388400341854935,0.007328958605826396,0.006891560865041618,0.006964899338374291,0.010181784942107752,0.007025817550803402,0.5201086956521739,0.43729347826086956,0.3754728260869565,0.05980697151424297,0.03447451274362823,0.022897863568215937,116,184,0.44963926760724887,0.4949456521739127,64.44,300,20
1665,1665.0,0.460016806722689,0.4005714285714286,0.39854621848739497,0.46459217877094977,0.4238659217877095,0.4044469273743016,0.007156083751147518,0.007910581032412966,0.007242231057128736,0.007341258262850724,0.010348462469960363,0.006929766736369026,0.5230558659217877,0.4448212290502794,0.3834525139664805,0.06303905919909863,0.0442498004788508,0.015093704520914464,119,179,0.44104684067473693,0.4996648044692734,64.75167785234899,298,20
1666,1666.0,0.45697540983606555,0.40423770491803274,0.3987459016393443,0.46539306358381505,0.42360115606936416,0.406393063583815,0.007489892837946788,0.007718181201289975,0.007259074778285408,0.007293452437435265,0.01030180046109125,0.00661672411373584,0.5225491329479768,0.4471387283236994,0.37967630057803464,0.06557372311191123,0.04290102340566665,0.01906960106130967,122,173,0.44328627226844003,0.5031213872832366,64.94915254237289,295,20
1667,1667.0,0.457704,0.40384800000000004,0.39723200000000003,0.46457471264367817,0.42210344827586205,0.40721264367816085,0.007422928384,0.007592224896,0.007638626176000002,0.007351026027216278,0.009766207689258817,0.006603960529792574,0.5196149425287357,0.44652873563218387,0.38537931034482764,0.061910942528735746,0.04268073563218383,0.011852689655172388,125,174,0.4254808197074028,0.49655172413793075,65.48160535117057,299,20
1668,1668.0,0.45665354330708663,0.40292913385826773,0.39937795275590554,0.46451445086705195,0.4222543352601157,0.40921387283236993,0.008397281542563088,0.007652018600037199,0.00749247132494265,0.007475035918340072,0.009664305255771994,0.006341728824885562,0.5143352601156069,0.4455838150289018,0.38921387283236997,0.0576817168085203,0.04265468117063409,0.010164079923535574,127,173,0.42974074393156164,0.4935838150289014,64.82,300,17
1669,1669.0,0.45929838709677423,0.4036532258064516,0.40023387096774193,0.4633485714285715,0.4233885714285714,0.4091942857142856,0.008337596449011447,0.007989468457336108,0.007469630788241416,0.007606318497959185,0.009575163297959183,0.006555390824489795,0.5141485714285713,0.44932571428571433,0.3941428571428572,0.05485018433179706,0.04567248847926275,0.00609101382488475,124,175,0.47174722006088665,0.47285714285714253,64.50501672240803,299,16
1670,1670.0,0.4599663865546219,0.40484033613445375,0.40218487394957975,0.4624879518072289,0.42247590361445786,0.409710843373494,0.007981040886943012,0.008098066944424828,0.007541327166160582,0.0077394787705037035,0.009552526527797938,0.006583217593264625,0.5119698795180723,0.4506746987951808,0.3902650602409639,0.05200349296345036,0.045834362660727046,0.011919813708615834,119,166,0.4774689273602371,0.4831325301204815,64.65964912280701,285,19
1671,1671.0,0.4603846153846154,0.4059316239316239,0.40048717948717943,0.46278313253012043,0.423578313253012,0.4107048192771084,0.008108527284681132,0.008135738914456863,0.00747445496383958,0.00771107345042822,0.009306834228480188,0.0064884008201480615,0.5100180722891567,0.45710240963855425,0.3910361445783133,0.04963345690454135,0.051170785706930344,0.009451034908866118,117,166,0.46737114883212605,0.48385542168674667,64.5547703180212,283,18
1672,1672.0,0.4564871794871795,0.4046410256410256,0.3996581196581197,0.4644792899408284,0.42274556213017744,0.4098934911242603,0.00861348060486522,0.00858706771860618,0.007760498502447221,0.007731042470501734,0.009229479640068625,0.006481929484261755,0.5124733727810651,0.4587633136094675,0.3894437869822485,0.0559861932938856,0.05412228796844187,0.010214332675871185,117,169,0.460917680814392,0.4798224852071003,63.73426573426573,286,21
1673,1673.0,0.45705882352941185,0.40711764705882353,0.39912605042016813,0.46543373493975915,0.4243373493975903,0.40869879518072283,0.008711836875926844,0.008482608007909048,0.007715908481039475,0.007578498620989985,0.00911081390622732,0.006528114094933953,0.5116385542168675,0.4613373493975903,0.38958433734939757,0.054579730687455696,0.05421970233876677,0.009541713070770563,119,166,0.4874444068210609,0.46915662650602374,64.13684210526316,285,19
1674,1674.0,0.45774166666666666,0.4070916666666667,0.39763333333333334,0.4648192771084338,0.42836144578313257,0.4106746987951807,0.00880365826388889,0.008436783263888888,0.00781899888888889,0.0071911480621280315,0.008436194658150676,0.006568580926114095,0.5106024096385543,0.4669397590361446,0.39363253012048194,0.05286074297188764,0.05984809236947791,0.0040008032128514,120,166,0.4698287508577704,0.479759036144578,64.85314685314685,286,19
1675,1675.0,0.45697540983606555,0.4054672131147541,0.3976393442622951,0.4633727810650888,0.4288934911242603,0.41214201183431953,0.008753810870733673,0.008432281711905402,0.007711705993012632,0.007527890620076329,0.008427799306746963,0.006508737229088617,0.509,0.46968047337278107,0.39789349112426037,0.05202459016393446,0.06421326025802698,0.0002541468619652876,122,169,0.46022744338746413,0.47698224852070964,65.56701030927834,291,20
1676,1676.0,0.4563577235772358,0.40569918699186996,0.3958373983739837,0.4633431952662722,0.43033136094674557,0.4141715976331361,0.008580327318395135,0.008469332275761783,0.007438331284288454,0.007587254998074298,0.007909191975070902,0.00662037883827597,0.5103846153846153,0.47268639053254435,0.40176923076923077,0.05402689180737952,0.06698720354067439,0.005931832395247083,123,169,0.46482644138678386,0.46952662721893457,65.41095890410959,292,18
1677,1677.0,0.45782644628099173,0.40526446280991735,0.3945289256198347,0.4640419161676647,0.43262874251497,0.41307185628742515,0.008277912027866948,0.008635715183389113,0.007288728502151493,0.007419441356807343,0.007921059772670228,0.006673096633081142,0.5151556886227545,0.4764730538922156,0.4020179640718563,0.05732924234176279,0.07120859108229827,0.00748903845202159,121,167,0.44692796386766054,0.4944311377245505,65.46875,288,18
1678,1678.0,0.45744262295081967,0.4061885245901639,0.39492622950819667,0.4673012048192771,0.436012048192771,0.41393975903614455,0.00850470572426767,0.008579710360118247,0.007446969967750606,0.006919921323849615,0.0077240841921904484,0.006630044563797357,0.5253192771084337,0.478421686746988,0.40294578313253016,0.06787665415761407,0.07223316215682407,0.008019553624333486,122,166,0.4401961661634606,0.49710843373493946,65.37152777777777,288,19
1679,1679.0,0.4610000000000001,0.40313223140495863,0.3959173553719008,0.46715432098765436,0.4366975308641975,0.4143765432098765,0.00850119008264463,0.008283123010723311,0.007170951847551397,0.0066210687776253625,0.007680717154397197,0.006584037227556774,0.5290740740740741,0.4770740740740741,0.40504938271604946,0.06807407407407406,0.07394184266911547,0.009132027344148641,121,162,0.44642563983932676,0.49950617283950577,64.65017667844523,283,21
1680,1680.0,0.4577642276422764,0.4063821138211382,0.39539024390243904,0.4663710691823899,0.4376729559748427,0.41205031446540874,0.008436245224403465,0.008277341793905744,0.00707992901050962,0.006726761678731063,0.007124106878683596,0.007037670424429414,0.5226037735849057,0.4814779874213837,0.40448427672955967,0.0648395459426293,0.0750958736002455,0.009094032827120624,123,159,0.4487552141236533,0.49257861635220096,64.34751773049645,282,22
1681,1681.0,0.45643442622950814,0.4108524590163934,0.39532786885245896,0.4694654088050315,0.438748427672956,0.4088993710691824,0.00829206537221177,0.008368306100510616,0.007196482665950014,0.006782814841185078,0.0069954335667101785,0.007144103081365452,0.5296163522012579,0.4827798742138365,0.40092452830188685,0.07318192597174977,0.07192741519744311,0.005596659449427888,122,159,0.4426336435768027,0.5184905660377355,64.90391459074733,281,18
1682,1682.0,0.4578333333333333,0.41300000000000003,0.39920833333333333,0.46805624999999995,0.4384499999999999,0.40818125,0.008645288888888889,0.008197683333333334,0.007022514930555556,0.0068039905859375,0.006973922500000002,0.007211810898437499,0.53434375,0.48768124999999996,0.40194375000000004,0.07651041666666669,0.07468124999999992,0.0027354166666667123,120,160,0.4335141387629598,0.5156874999999996,64.475,280,18
1683,1683.0,0.45704385964912286,0.4128508771929825,0.3950350877192982,0.4682716049382717,0.43839506172839515,0.40754320987654324,0.0081120770236996,0.0082090040781779,0.006428068944290551,0.00678958055174516,0.00695669577808261,0.00730361850327694,0.5357160493827161,0.49154938271604937,0.39864814814814814,0.07867218973359325,0.07869850552306684,0.003613060428849957,114,162,0.4440550626217578,0.5095679012345676,64.39492753623189,276,21
1684,1684.0,0.45971304347826086,0.41314782608695644,0.3931478260869565,0.4677204968944099,0.43886335403726706,0.4059130434782609,0.008369595916824197,0.008481117277882798,0.006432021625708885,0.0067177044867096185,0.007068279464526831,0.0074127005130974885,0.531608695652174,0.4895279503105591,0.3954037267080745,0.07189565217391308,0.07638012422360269,0.0022559006211180233,115,161,0.4296433129587193,0.50111801242236,64.64492753623189,276,24
1685,1685.0,0.45985470085470076,0.4166495726495727,0.39187179487179485,0.4686481481481481,0.4365185185185186,0.4085308641975309,0.008673047264226753,0.008088723354518226,0.006764214332675871,0.0066255120027434835,0.0072886570644718806,0.00745666880048773,0.532567901234568,0.4890246913580247,0.39794444444444455,0.07271320037986723,0.07237511870845198,0.006072649572649691,117,162,0.43694344997817736,0.5000617283950614,64.02867383512545,279,22
1686,1686.0,0.46294166666666664,0.41923333333333335,0.3933,0.4703803680981595,0.4382883435582822,0.41184662576687114,0.00865508826388889,0.008219278888888888,0.006465376666666666,0.006755303172870638,0.00733058556964884,0.007437246414994919,0.5344355828220859,0.49000000000000005,0.4027361963190184,0.07149391615541928,0.0707666666666667,0.00943619631901843,120,163,0.4293512228390347,0.49865030674846594,64.30388692579506,283,23
1687,1687.0,0.46053781512605035,0.42198319327731093,0.3944369747899159,0.47247500000000003,0.43674375000000004,0.4130375,0.008421021679259939,0.008161579549466846,0.006207271237906928,0.006717174375,0.007436878085937501,0.00722101109375,0.53806875,0.4896000000000001,0.40569999999999995,0.07753093487394963,0.06761680672268916,0.011263025210084043,119,160,0.43968398791631086,0.5098124999999997,64.59856630824373,279,20
1688,1688.0,0.46534426229508197,0.42121311475409834,0.39111475409836066,0.4703072289156626,0.4375602409638554,0.41210240963855427,0.008051029024455791,0.007843446385380275,0.005934314700349368,0.006736369465815067,0.007602487334881696,0.006884947343591232,0.5292168674698795,0.4876987951807229,0.40103614457831327,0.06387260517479754,0.06648568042662456,0.009921390479952608,122,166,0.4584450527351315,0.4865662650602407,64.37152777777777,288,19
1689,1689.0,0.46493548387096767,0.42047580645161287,0.38994354838709683,0.469638036809816,0.43898159509202456,0.41331288343558287,0.00781954422476587,0.0074672655437044745,0.006278230684183143,0.007388672663630546,0.007593527268621327,0.007030141367759419,0.5290552147239264,0.4877484662576688,0.4001042944785276,0.06411973085295869,0.06727265980605596,0.01016074609143075,124,163,0.464854413331454,0.4846625766871162,65.01742160278745,287,21
1690,1690.0,0.4680887096774193,0.4213064516129032,0.39221774193548387,0.4703272727272728,0.4385333333333333,0.41576363636363634,0.008106435678980228,0.007164502861602498,0.006286283233610823,0.00763625652892562,0.007709473131313132,0.006899962314049587,0.5307454545454546,0.4829090909090908,0.40615151515151504,0.06265674486803535,0.06160263929618759,0.013933773216031176,124,165,0.47015981962649955,0.48412121212121184,65.37024221453287,289,20
1691,1691.0,0.4733688524590164,0.42432786885245904,0.39595081967213114,0.47088165680473376,0.43631952662721896,0.4162011834319526,0.007405200013437248,0.007034400698736899,0.006030456597688793,0.007477169426840797,0.007759874234095446,0.00690949798676517,0.5327988165680473,0.48046153846153844,0.40762721893491133,0.0594299641090309,0.056133669609079395,0.01167639926278019,122,169,0.4779879091863365,0.47266272189349073,64.91065292096219,291,21
1692,1692.0,0.474892561983471,0.4257685950413223,0.3972727272727273,0.4693550295857988,0.43509467455621303,0.4131183431952663,0.007267319035585001,0.007127301823645927,0.006492446280991736,0.007519447918490248,0.007632239557438467,0.006927713805539021,0.5309112426035503,0.4766153846153846,0.4049408284023669,0.05601868062007925,0.0508467895740623,0.007668101129639615,121,169,0.45957875250344,0.4908875739644967,64.78965517241379,290,22
1693,1693.0,0.4736333333333333,0.4227416666666667,0.3942166666666667,0.4682558139534883,0.4364709302325582,0.4125523255813954,0.007137265555555556,0.007458741597222223,0.006476519722222222,0.007687957815035154,0.007481795666576529,0.007026596099242835,0.5267616279069768,0.4781744186046512,0.40456395348837215,0.053128294573643486,0.055432751937984526,0.010347286821705437,120,172,0.46999031399264884,0.4880232558139532,64.17465753424658,292,20
1694,1694.0,0.4719173553719008,0.42435537190082645,0.39673553719008264,0.4698742857142857,0.4353657142857143,0.4105657142857142,0.007158803087220817,0.007384956355440202,0.006338822621405641,0.007655721338775509,0.0077551576816326535,0.007040439967346938,0.5288628571428571,0.47965714285714284,0.39934285714285717,0.05694550177095625,0.05530177095631639,0.0026073199527745228,121,175,0.4561904294131856,0.4830285714285711,64.70945945945945,296,22
1695,1695.0,0.46717073170731704,0.4238211382113821,0.3985447154471545,0.4722905027932962,0.4368994413407822,0.4108715083798884,0.006850987110846719,0.007427594024720734,0.006254914667195453,0.007726016166786305,0.007687531787397398,0.007314424830685685,0.5295754189944134,0.48131284916201117,0.3982011173184357,0.06240468728709636,0.05749171095062905,0.0003435981287187584,123,179,0.4691471555328065,0.46508379888268125,63.97682119205298,302,20
1696,1696.0,0.46645161290322584,0.42138709677419356,0.40170161290322587,0.47475000000000006,0.43788586956521736,0.40875000000000006,0.0068438928199791894,0.0073625920915712795,0.006577693223204996,0.007758926630434782,0.007723416322069943,0.007327676630434782,0.5344076086956521,0.48203804347826085,0.39675,0.06795599579242623,0.06065094670406729,0.004951612903225877,124,184,0.4524926676234432,0.46619565217391273,64.53246753246754,308,20
1697,1697.0,0.4662195121951219,0.42019512195121944,0.3949349593495935,0.4754432432432432,0.4367351351351352,0.4071081081081081,0.006755992464802698,0.007142774935554234,0.007301410403860137,0.007735652184075968,0.007536454170927685,0.0074745072315558795,0.5371027027027028,0.47857297297297297,0.3928594594594595,0.07088319050758085,0.058377851021753524,0.0020754998901340027,123,185,0.45024985472331414,0.4570270270270267,64.74675324675324,308,21
1698,1698.0,0.4641016949152542,0.41861016949152535,0.3923559322033899,0.47814130434782615,0.43440760869565226,0.40741304347826085,0.006455701522550991,0.007083797184717034,0.007686246193622523,0.00783688220699433,0.0074571110290642725,0.007346275047258978,0.5427065217391305,0.47821739130434787,0.3963315217391305,0.07860482682387626,0.05960722181282252,0.00397558953574062,118,184,0.45619408861624816,0.46315217391304314,64.91721854304636,302,22
1699,1699.0,0.46099999999999997,0.4208888888888888,0.39230769230769236,0.4804010989010989,0.4352252747252747,0.40919230769230774,0.006011487179487181,0.0067426628679962035,0.007665426692965156,0.008051394064726483,0.007547427273276174,0.007353309171597633,0.5446208791208792,0.47633516483516475,0.4021648351648351,0.08362087912087923,0.055446275946275936,0.009857142857142731,117,182,0.45676941990098663,0.4679120879120876,65.34782608695652,299,21
1700,1700.0,0.4622478632478633,0.42188888888888887,0.39267521367521363,0.47873714285714286,0.4364171428571429,0.41064000000000006,0.006687724888596682,0.006845449192782527,0.007665552633501353,0.008038719477551021,0.007550517420408163,0.0074541504,0.5367542857142859,0.47175999999999996,0.4014114285714286,0.07450642246642253,0.04987111111111109,0.008736214896214956,117,175,0.4486099605172965,0.4896571428571425,65.63356164383562,292,20
1701,1701.0,0.45931304347826085,0.42144347826086964,0.392504347826087,0.47738953488372093,0.43488372093023264,0.4127616279069768,0.006810580264650284,0.006655151153119094,0.0077891195463137995,0.008215354076527853,0.007810300432666307,0.007540995504326663,0.5347441860465116,0.4669883720930233,0.40558139534883714,0.07543114256825079,0.045544893832153655,0.01307704752275013,115,172,0.44213621604776726,0.5019767441860461,66.02090592334494,287,22
1702,1702.0,0.45785217391304345,0.42325217391304354,0.3927565217391305,0.4781744186046512,0.43516279069767444,0.41245348837209306,0.006909552060491493,0.006551858147448016,0.007706758109640831,0.008302469578150352,0.007813217685235262,0.007550015278528935,0.5379825581395349,0.4644825581395348,0.4070348837209303,0.08013038422649144,0.04123038422649128,0.01427836198179977,115,172,0.4599071847879444,0.4961627906976741,66.6829268292683,287,22
1703,1703.0,0.45659482758620684,0.42358620689655174,0.38811206896551725,0.4774244186046511,0.43522674418604657,0.4104767441860465,0.0066125858353151,0.006622156361474435,0.00799180640606421,0.008482779171173608,0.00774153579637642,0.007330179691725256,0.536046511627907,0.4597558139534884,0.4046395348837209,0.07945168404170011,0.03616960705693667,0.016527465918203643,116,172,0.4572890234814929,0.5044186046511624,67.35763888888889,288,20
1704,1704.0,0.45921367521367523,0.422931623931624,0.39039316239316235,0.4784418604651163,0.4321918604651164,0.41099418604651167,0.007227826137774857,0.007080696179414129,0.007785982175469356,0.008185921038399133,0.007893329468631692,0.007259819733639806,0.5347906976744187,0.45512790697674416,0.4040755813953489,0.07557702246074344,0.03219628304512018,0.01368241900218653,117,172,0.4617397790118218,0.5123255813953486,67.78546712802768,289,17
1705,1705.0,0.4627008547008547,0.4213247863247864,0.38864957264957256,0.4797529411764706,0.4319,0.41006470588235294,0.007595252392431881,0.0070023047702534895,0.007407919935714808,0.008040221314878894,0.008242078235294117,0.0075542958131487896,0.5368529411764705,0.45341764705882365,0.3985823529411764,0.07415208647561583,0.03209286073403722,0.009932780291603827,117,170,0.46969889869550036,0.5099999999999996,67.31358885017421,287,19
1706,1706.0,0.46461206896551727,0.42005172413793107,0.3914913793103448,0.4820523255813953,0.42915116279069765,0.40883139534883733,0.007183478819857313,0.007124531807372177,0.007049008546373366,0.008199258889940508,0.008292070173066523,0.007934163432936724,0.5460058139534884,0.4568139534883721,0.3972558139534884,0.08139374498797108,0.036762229350441045,0.005764434643143634,116,172,0.4543536106841395,0.5090697674418602,68.22916666666667,288,23
1707,1707.0,0.46876470588235297,0.4185042016806723,0.39084873949579835,0.48252023121387283,0.43004624277456643,0.41245664739884386,0.007283810182896688,0.007117291999152602,0.006493170397570794,0.007405602191854054,0.008059304219987304,0.007720826155234053,0.5566184971098266,0.4595953757225433,0.39920231213872837,0.08785379122747361,0.04109117404187096,0.008353572642930018,119,173,0.45458668664316315,0.5098843930635836,68.17465753424658,292,23
1708,1708.0,0.4711166666666667,0.42068333333333335,0.39154166666666673,0.48175287356321833,0.4314597701149426,0.41302873563218384,0.007117819722222222,0.0076744997222222226,0.006557431597222222,0.007530128583696657,0.00784158171488968,0.00784490147311402,0.5559827586206897,0.46405172413793105,0.4017873563218391,0.084866091954023,0.0433683908045977,0.010245689655172363,120,174,0.4527093046147073,0.5117241379310341,69.1734693877551,294,23
1709,1709.0,0.4685948275862069,0.41904310344827594,0.3904913793103448,0.48364327485380104,0.42811111111111105,0.4102456140350878,0.006940361697384067,0.0078094205558858504,0.006476405098097504,0.007493480934304572,0.007835958414554905,0.007824126808248693,0.561953216374269,0.46666081871345033,0.40257894736842104,0.09335838878806207,0.04761771526517439,0.012087568058076259,116,171,0.44650182320589227,0.5227485380116955,69.24738675958189,287,22
1710,1710.0,0.47128947368421054,0.4186666666666667,0.3933508771929825,0.48779428571428574,0.4254057142857143,0.4104114285714286,0.007020486380424746,0.007884783625730994,0.006267561095721763,0.007888837681632652,0.0074880925387755095,0.008029339297959185,0.5594857142857143,0.4652114285714285,0.4047028571428572,0.08819624060150372,0.04654476190476181,0.011351979949874691,114,175,0.4499679770551768,0.5316571428571426,69.73702422145328,289,17
1711,1711.0,0.46990000000000004,0.41979090909090916,0.3900818181818182,0.4889599999999999,0.42655428571428566,0.40998285714285715,0.007490162727272726,0.007889510826446284,0.006485747851239672,0.00804450697142857,0.007771938481632653,0.007915033991836736,0.5582685714285714,0.4640400000000001,0.4043428571428571,0.08836857142857141,0.04424909090909096,0.014261038961038919,110,175,0.4462979490188004,0.5211428571428569,69.41754385964913,285,21
1712,1712.0,0.47303571428571434,0.42106250000000006,0.39085714285714285,0.49049425287356324,0.42751724137931035,0.40877586206896555,0.007771945153061225,0.007913540736607145,0.006294426020408165,0.008013985599154446,0.0073058474038842644,0.007843035969084424,0.5588850574712644,0.46717241379310354,0.40441379310344827,0.08584934318555004,0.046109913793103474,0.013556650246305424,112,174,0.44067057674901544,0.5185632183908042,68.52797202797203,286,23
1713,1713.0,0.4736814159292035,0.4173362831858407,0.38938938053097344,0.49131791907514455,0.4274508670520232,0.41025433526011557,0.007860464875871252,0.008452524081760513,0.006551706789881745,0.00808533823382004,0.007384386314277123,0.007518605833806677,0.5602023121387283,0.46582080924855485,0.4058670520231214,0.0865208962095248,0.04848452606271414,0.01647767149214796,113,173,0.44632246869918735,0.5239306358381499,68.33566433566433,286,20
1714,1714.0,0.4747105263157895,0.41860526315789476,0.38822807017543864,0.4903529411764706,0.42857647058823534,0.41077058823529405,0.008236942520775625,0.008397765235457063,0.006376316405047708,0.00838880484429066,0.007124150034602075,0.007440188546712803,0.5586235294117647,0.46252941176470597,0.4044411764705882,0.08391300309597521,0.04392414860681121,0.01621310629514955,114,170,0.44884161301232284,0.5142941176470586,67.85211267605634,284,23
1715,1715.0,0.47298181818181834,0.41987272727272734,0.3889727272727273,0.490112426035503,0.427792899408284,0.4097692307692308,0.00811001785123967,0.009253911074380167,0.00577220834710744,0.008230750673996009,0.00711295710934491,0.00749378698224852,0.5630591715976332,0.46571597633136086,0.40462130177514793,0.09007735341581485,0.04584324905863352,0.01564857450242063,110,169,0.4853890300049898,0.5145562130177511,67.21146953405018,279,18
1716,1716.0,0.47591071428571435,0.42306249999999995,0.38770535714285714,0.4903173652694611,0.42768862275449104,0.40795808383233545,0.008126724170918368,0.009200540736607143,0.006113939971301022,0.008209665746351607,0.007135447954390619,0.007400986266986985,0.5640479041916168,0.4687844311377246,0.4046107784431137,0.08813718990590241,0.04572193113772466,0.016905421300256573,112,167,0.5130858926766,0.4980838323353289,66.81003584229391,279,18
1717,1717.0,0.479801724137931,0.4214137931034483,0.38641379310344826,0.4903275862068964,0.42942528735632185,0.4071724137931034,0.008341917583234245,0.00896048394768133,0.006002570154577885,0.0079791972849782,0.0070735432685955875,0.007429062227506935,0.5636954022988505,0.4714885057471264,0.4055862068965517,0.08389367816091953,0.05007471264367813,0.01917241379310347,116,174,0.5033283285714094,0.4787931034482755,66.32068965517242,290,20
1718,1718.0,0.4816465517241379,0.424853448275862,0.38124137931034485,0.49415909090909094,0.42839772727272724,0.4068693181818182,0.008722452660523187,0.008371452660523188,0.006348752080856125,0.0078750201446281,0.007073182722107438,0.007450659058626033,0.5629545454545455,0.471909090909091,0.4053068181818182,0.08130799373040759,0.04705564263322898,0.024065438871473332,116,176,0.5172719493129412,0.46380681818181785,66.6541095890411,292,23
1719,1719.0,0.4826722689075631,0.42383193277310927,0.3829075630252101,0.495718232044199,0.42579005524861885,0.40698342541436466,0.008326993432667186,0.008227047383659347,0.006316268766330061,0.008034180275327372,0.007075226641433412,0.007499662708708525,0.557353591160221,0.46688397790055247,0.4090773480662983,0.07468132225265789,0.043052045127443206,0.02616978504108819,119,181,0.5037804385292242,0.4592265193370163,66.97666666666667,300,24
1720,1720.0,0.48167200000000004,0.42621600000000004,0.3853279999999999,0.4945944444444445,0.42287777777777785,0.4071555555555556,0.008466652415999998,0.008718521344000002,0.006070860415999999,0.008518652191358025,0.007213407283950617,0.007345986913580247,0.5471333333333332,0.46572777777777774,0.4036611111111111,0.0654613333333332,0.0395117777777777,0.01833311111111119,125,180,0.5063627108977101,0.45138888888888856,66.07213114754099,305,24
1721,1721.0,0.47943609022556394,0.42947368421052634,0.38577443609022555,0.49300000000000005,0.42293333333333344,0.40735555555555564,0.008908306065916673,0.008667437277404037,0.006104746113403811,0.008662088888888888,0.007023351111111111,0.007381129135802469,0.5475333333333334,0.4686555555555556,0.40488888888888885,0.06809724310776949,0.03918187134502926,0.019114452798663306,133,180,0.4970454407000632,0.44427777777777744,65.9297124600639,313,22
1722,1722.0,0.48038059701492536,0.43049253731343284,0.3837686567164179,0.4920384615384615,0.42558791208791213,0.4081483516483517,0.009041176041434618,0.008427160392069503,0.005996431554912008,0.008591575443786983,0.006794220293442821,0.007271653815964256,0.5439175824175824,0.47152197802197804,0.40786263736263734,0.06353698540265701,0.041029440708545195,0.024093980646219426,134,182,0.4914511925511072,0.4501648351648349,66.21518987341773,316,19
1723,1723.0,0.4792105263157895,0.42668421052631583,0.3825037593984963,0.49172580645161285,0.4278709677419355,0.4062311827956989,0.009322587257617728,0.008584952908587257,0.006008159760303013,0.00843087643080125,0.006742607006590357,0.0071315003179558325,0.5453655913978496,0.4736774193548387,0.4052365591397849,0.0661550650820601,0.04699320882852287,0.022732799741288612,133,186,0.4957141589577695,0.44370967741935446,66.0,319,20
1724,1724.0,0.4801605839416058,0.4295912408759124,0.3853868613138686,0.49096808510638296,0.43058510638297876,0.4057287234042553,0.008465069103308647,0.009098343864883587,0.006378529170440621,0.008470690470801267,0.007104615097329109,0.007098835983476686,0.5463989361702127,0.47612765957446807,0.4069893617021276,0.06623835222860691,0.04653641869855568,0.021602500388259005,137,188,0.4881579559312095,0.43473404255319115,66.27692307692308,325,22
1725,1725.0,0.47905185185185195,0.4305111111111111,0.3907481481481482,0.4903817204301075,0.4317043010752688,0.40540860215053764,0.008899708422496573,0.009077938765432099,0.006069936570644718,0.008555031708868078,0.007242853422360967,0.007071370678691178,0.5428709677419356,0.4747204301075269,0.40751075268817205,0.0638191158900836,0.04420931899641578,0.016762604540023873,135,186,0.5058556641228338,0.43865591397849424,67.0809968847352,321,18
1726,1726.0,0.4783636363636364,0.4301590909090909,0.38996212121212115,0.4911122994652406,0.43225668449197857,0.4031978609625668,0.009053079889807164,0.008540330750688706,0.005841218262167126,0.008421768137493207,0.007267174754782809,0.007008864594355001,0.5412620320855616,0.4716149732620321,0.4024598930481283,0.06289839572192518,0.04145588235294123,0.012497771836007143,132,187,0.49063982733167977,0.4348663101604275,66.50470219435736,319,20
1727,1727.0,0.47748175182481756,0.43169343065693433,0.3921970802919708,0.4913936170212766,0.42980319148936164,0.400936170212766,0.008982892002770526,0.00845762864297512,0.006286800575416911,0.008213228044363965,0.007541477223856948,0.007376251244907197,0.5389946808510637,0.4667978723404256,0.3926808510638298,0.061512929026246166,0.03510444168349125,0.0004837707718590156,137,188,0.49118278233831325,0.42239361702127626,66.4523076923077,325,19
1728,1728.0,0.47752517985611515,0.4324748201438849,0.38914388489208634,0.4875396825396826,0.4307513227513228,0.40036507936507937,0.00870587526525542,0.008386422027845352,0.006447907354691786,0.00783091509196271,0.007776176254864086,0.007269512219702696,0.538021164021164,0.46619047619047627,0.39116931216931217,0.06049598416504881,0.03371565604659138,0.002025427277225822,139,189,0.480819481123873,0.4222222222222219,66.57317073170732,328,22
1729,1729.0,0.47790780141843975,0.43238297872340425,0.3901063829787234,0.4873548387096774,0.42959139784946243,0.4003548387096775,0.008716565967506666,0.00827962637694281,0.006355839746491627,0.00796654075615678,0.007775499710949243,0.007367992369060006,0.5333279569892472,0.4618602150537634,0.3892849462365591,0.05542015557080743,0.029477236330359147,0.0008214367421642832,141,186,0.4706010396753094,0.42736559139784913,66.85015290519878,327,22
1730,1730.0,0.4778111888111889,0.4352517482517482,0.3894055944055944,0.48505464480874316,0.42823497267759564,0.4001530054644809,0.008595453860824491,0.008591894664775782,0.006524171157513814,0.00788395329809788,0.008022157902594883,0.007405211562005435,0.5304644808743169,0.46013661202185785,0.38791803278688525,0.052653292063127966,0.024884863770109622,0.0014875616187091656,143,183,0.46068579374949997,0.43431693989071,67.1840490797546,326,21
1731,1731.0,0.4731180555555555,0.43502083333333336,0.38877083333333334,0.4856162162162162,0.4280432432432433,0.40129729729729735,0.008607631896219136,0.00830172873263889,0.006919023871527777,0.00789466892622352,0.008139727859751643,0.007380241344046749,0.5294594594594595,0.4605945945945946,0.3906432432432432,0.05634140390390402,0.025573761261261263,0.0018724099099098335,144,185,0.46275930139361576,0.42908108108108073,68.23404255319149,329,20
1732,1732.0,0.47339041095890405,0.43311643835616437,0.39160958904109594,0.4868225806451613,0.42618817204301074,0.4026935483870968,0.008764059908050292,0.008233061784574967,0.007090635250516045,0.00802104916753382,0.008442217279454272,0.007108191033645506,0.5288602150537635,0.4605860215053764,0.38762903225806444,0.05546980409485941,0.02746958314921205,0.003980556783031497,146,186,0.44197372877201696,0.43413978494623623,68.76204819277109,332,20
1733,1733.0,0.4710422535211267,0.43134507042253517,0.39160563380281693,0.48787027027027025,0.4288,0.40184864864864867,0.008521843285062487,0.008288380926403494,0.007148210672485619,0.007848134521548577,0.00816751135135135,0.0069494581738495246,0.5308810810810811,0.4615135135135135,0.3837567567567568,0.0598388275599544,0.030168443090978325,0.007848877046060132,142,185,0.4371679775802649,0.4481081081081078,69.03975535168196,327,18
1734,1734.0,0.4724411764705883,0.4324632352941176,0.39338235294117646,0.48740860215053755,0.4310537634408603,0.40280107526881714,0.008914349480968857,0.008113233942474048,0.007465221453287198,0.00786663949589548,0.007937857324546192,0.007013783009596485,0.5308118279569893,0.4596774193548387,0.38573655913978494,0.058370651486401026,0.02721418406072107,0.0076457938013915205,136,186,0.43909730119022555,0.45661290322580617,69.09316770186335,322,17
1735,1735.0,0.47414074074074075,0.4291185185185185,0.3961851851851852,0.48607262569832405,0.42920111731843574,0.40142458100558653,0.00840674315500686,0.007666237805212622,0.007517187928669412,0.007982592490871071,0.008063322680315847,0.0069589817421428805,0.5308547486033519,0.45816201117318434,0.3806368715083798,0.05671400786261116,0.029043492654665826,0.01554831367680537,135,179,0.44176572684331183,0.46424581005586557,68.98726114649682,314,17
1736,1736.0,0.4735671641791045,0.42526119402985074,0.3981492537313433,0.4870111731843576,0.4303631284916201,0.39908379888268153,0.00838754399643573,0.0075177302851414576,0.007468515036756517,0.007899463562310789,0.007762644674011422,0.00694872482132268,0.5344581005586592,0.45930167597765365,0.37726256983240225,0.06089093637955467,0.0340404819478029,0.02088668389894105,134,179,0.4390360128166386,0.4594413407821226,68.97444089456869,313,17
1737,1737.0,0.47130534351145037,0.4259236641221374,0.39895419847328245,0.48621590909090917,0.4335965909090909,0.39925,0.008763815162286581,0.007241719363673445,0.0073850666045102275,0.0075547602014462804,0.007702945215650827,0.0070108125,0.5349488636363637,0.46392613636363633,0.3785113636363636,0.06364352012491337,0.03800247224149894,0.020442834836918833,131,176,0.43420199973876716,0.4665340909090906,69.63192182410424,307,18
1738,1738.0,0.4700234375,0.42790625,0.397390625,0.48609142857142856,0.43439999999999995,0.39953714285714276,0.008878788513183595,0.0070682255859375,0.0069450505371093756,0.007521980212244898,0.007504582857142856,0.006947780048979591,0.5382399999999998,0.46445714285714296,0.37990285714285715,0.06821656249999986,0.03655089285714297,0.017487767857142844,128,175,0.43488267540792774,0.45611428571428536,70.33333333333333,303,23
1739,1739.0,0.47082812500000004,0.42374218750000003,0.39702343749999996,0.4882988505747126,0.4333448275862068,0.398235632183908,0.008250454833984375,0.007023753845214843,0.006813304138183594,0.007342531377989166,0.007451133967499009,0.0068470996498877,0.5415057471264368,0.4626666666666668,0.37909770114942526,0.0706776221264368,0.03892447916666675,0.017925736350574706,128,174,0.44313688242946386,0.46534482758620654,70.21523178807946,302,19
1740,1740.0,0.4694047619047618,0.42348412698412696,0.3951190476190477,0.48949999999999994,0.4333920454545454,0.3973181818181818,0.008244986961451246,0.006806805303602922,0.006660612811791383,0.007298272727272729,0.007224499709452479,0.006893228305785124,0.5497670454545456,0.46009659090909094,0.37527840909090904,0.08036228354978375,0.03661246392496398,0.019840638528138665,126,176,0.43070599469452653,0.46607954545454516,69.9271523178808,302,24
1741,1741.0,0.4666829268292683,0.4219186991869919,0.3961544715447155,0.4887167630057804,0.4330924855491328,0.3988034682080925,0.008437045806067816,0.0071070340405843075,0.006397756626346751,0.007341509372180827,0.007081135955093722,0.007130712820341474,0.550028901734104,0.4607976878612717,0.37793641618497115,0.0833459749048357,0.0388789886742798,0.018218055359744356,123,173,0.4431522648651876,0.4716763005780344,68.80743243243244,296,22
1742,1742.0,0.46605084745762704,0.42149152542372886,0.3993813559322035,0.4887836257309941,0.428953216374269,0.4000350877192983,0.008171641482332662,0.007126944843435794,0.006572134228669923,0.00730218125235115,0.006723307752812832,0.007189788242536165,0.5508713450292397,0.4551929824561403,0.37854385964912285,0.0848204975716127,0.03370145703241145,0.020837496283080625,118,171,0.44696470675418126,0.49228070175438565,69.0795847750865,289,17
1743,1743.0,0.46333613445378147,0.4229327731092437,0.3977142857142858,0.49015294117647057,0.42788235294117644,0.40025294117647053,0.007984189534637382,0.007225911446931713,0.006369817527010804,0.007219247197231833,0.00666253910034602,0.007068918373702423,0.5523823529411764,0.455264705882353,0.37930588235294116,0.08904621848739497,0.032331932773109306,0.01840840336134464,119,170,0.4592416572236894,0.4868823529411761,69.24567474048443,289,18
1744,1744.0,0.46324369747899163,0.42302521008403365,0.3973781512605042,0.4923411764705883,0.4287294117647058,0.40159411764705877,0.00772828514935386,0.007449520372855023,0.006357697337758633,0.007215318892733563,0.006498362076124567,0.007233794083044982,0.5561764705882353,0.4570823529411765,0.3810117647058824,0.09293277310924364,0.03405714285714284,0.016366386554621803,119,170,0.45463255330802044,0.4605294117647055,68.60899653979239,289,27
1745,1745.0,0.46268376068376077,0.42258119658119664,0.39469230769230773,0.49259411764705874,0.43279411764705894,0.4032058823529411,0.007876729052523925,0.007078380159251954,0.006362982248520711,0.006981111730103805,0.006534116435986159,0.006995351730103807,0.5530411764705883,0.46131764705882355,0.3830705882352941,0.09035741578682749,0.038736450477626916,0.011621719457013624,117,170,0.4482966882347016,0.4867647058823526,68.19163763066202,287,23
1746,1746.0,0.4626495726495726,0.4246410256410256,0.39321367521367523,0.4922176470588235,0.43248235294117643,0.40238235294117647,0.007941919935714806,0.007292674556213017,0.006295398787347504,0.007066170276816609,0.006520379100346021,0.007058024394463668,0.5512470588235295,0.4626588235294118,0.3837,0.08859748617395691,0.03801779788838616,0.009513675213675243,117,170,0.4626660609110339,0.49888235294117617,68.4808362369338,287,17
1747,1747.0,0.46376666666666666,0.421775,0.39109166666666667,0.4918690476190476,0.43188690476190467,0.4017142857142857,0.008146378888888889,0.007377257708333333,0.006168583263888888,0.007761042375283447,0.006678957447562359,0.006961085034013606,0.5502261904761905,0.4621190476190476,0.38891666666666663,0.08645952380952382,0.040344047619047585,0.002175000000000038,120,168,0.4560428721365917,0.48898809523809494,67.32986111111111,288,16
1748,1748.0,0.4645546218487396,0.42110924369747904,0.3913865546218487,0.4904235294117648,0.4330411764705883,0.39944705882352943,0.008309574747546077,0.007559307393545653,0.006246892592331051,0.007481950034602076,0.006397815951557094,0.007199729550173011,0.5552823529411764,0.4683588235294118,0.38741176470588234,0.09072773109243687,0.047249579831932786,0.003974789915966337,119,170,0.44744896427742237,0.48994117647058794,67.62975778546713,289,18
1749,1749.0,0.4651652892561983,0.41476859504132235,0.3897603305785124,0.49128571428571427,0.43056547619047614,0.39559523809523817,0.008402865241445257,0.007125748104637662,0.006286000409808073,0.007604835034013606,0.0063279242842970524,0.007313121882086168,0.5563571428571429,0.46705357142857135,0.3826428571428572,0.09119185360094456,0.052284976387248994,0.007117473435655219,121,168,0.44963059183727455,0.4768452380952378,67.28373702422145,289,21
1750,1750.0,0.4642666666666667,0.4143166666666667,0.38443333333333335,0.4920236686390533,0.42663313609467457,0.39618934911242604,0.008348628888888888,0.007051733055555555,0.0059661788888888895,0.00792170358180736,0.006238894996673786,0.007155751129162145,0.5512130177514794,0.461094674556213,0.3860473372781065,0.08694635108481263,0.04677800788954628,0.0016140039447731236,120,169,0.4598726617972292,0.4766863905325441,66.69896193771626,289,21
1751,1751.0,0.461175,0.4146166666666667,0.38430833333333336,0.4912965116279069,0.42440697674418615,0.39325581395348835,0.008486727708333334,0.007188019722222221,0.006147579930555556,0.008219883011087073,0.006355915765278528,0.0073488764196863185,0.5434825581395348,0.4610639534883721,0.3860988372093024,0.08230755813953483,0.0464472868217054,0.0017905038759690184,120,172,0.45929451297472945,0.4781976744186044,66.61301369863014,292,19
1752,1752.0,0.4614745762711865,0.41461016949152546,0.38422033898305086,0.4933988439306359,0.4233468208092485,0.39158959537572247,0.008462283251939097,0.007178102269462798,0.005717815857512208,0.008026829362825352,0.006434342143071936,0.007345987637408533,0.542150289017341,0.45852601156069367,0.3850115606936417,0.08067571274615448,0.04391584206916821,0.000791221710590817,118,173,0.45191714854467163,0.46063583815028886,66.25773195876289,291,27
1753,1753.0,0.46302459016393444,0.4153032786885246,0.38520491803278695,0.4945172413793103,0.422603448275862,0.3916609195402299,0.008291319067454986,0.006741473595807578,0.0057683104676162335,0.007961433610780815,0.006688170332936979,0.007993626403752147,0.5443390804597701,0.4588908045977012,0.3893275862068965,0.08131449029583565,0.04358752590917658,0.004122668174109556,122,174,0.450968989957943,0.46298850574712613,66.09121621621621,296,23
1754,1754.0,0.46354098360655743,0.4144262295081968,0.3868524590163935,0.4933908045977011,0.42494252873563215,0.39248275862068965,0.008231740123622681,0.006475146197258802,0.00573627331362537,0.007829019685559518,0.00666353692693883,0.008044893380895759,0.5453390804597702,0.4687643678160919,0.3931839080459769,0.08179809685321277,0.05433813830789508,0.006331449029583436,122,174,0.4483777375877316,0.47057471264367795,66.41216216216216,296,21
1755,1755.0,0.4635703125,0.4150078125,0.386890625,0.491860465116279,0.4248837209302325,0.3924593023255813,0.008184838806152343,0.006632851501464844,0.006031909912109375,0.00836917820443483,0.006451765548945376,0.00798123671579232,0.5465174418604651,0.465889534883721,0.393,0.08294712936046511,0.05088172238372096,0.006109375000000028,128,172,0.45470316685692097,0.45976744186046486,66.67666666666666,300,19
1756,1756.0,0.4616356589147287,0.41351162790697676,0.38663565891472873,0.4926331360946745,0.4261597633136095,0.3926094674556213,0.008411890511387536,0.006409955291148369,0.006136216092782885,0.008342161268863134,0.006360820629529779,0.007934249851195686,0.5472958579881656,0.4683727810650888,0.3943550295857987,0.08566019907343692,0.05486115315811202,0.0077193706710699805,129,169,0.4568742033546853,0.4560355029585796,66.67785234899328,298,21
1757,1757.0,0.46279687500000005,0.41333593750000003,0.38805468750000005,0.49241071428571426,0.4265357142857143,0.39265476190476195,0.009041864990234374,0.006197254333496094,0.006198582946777343,0.008342825361394558,0.006375832057823129,0.007971642715419502,0.5469464285714286,0.4699821428571428,0.3988988095238095,0.08414955357142856,0.056646205357142765,0.010844122023809466,128,168,0.4490600855694936,0.4472023809523807,66.81756756756756,296,25
1758,1758.0,0.464259842519685,0.41244094488188976,0.39032283464566925,0.48996932515337427,0.42687116564417166,0.3946319018404908,0.008889593899187798,0.005765474858949719,0.006449730423460847,0.00865875366028078,0.0065194005796228695,0.007810723399450487,0.5406319018404907,0.470760736196319,0.4058957055214724,0.07637205932080571,0.058319791314429215,0.015572870875803169,127,163,0.47243231032441785,0.46122699386503035,66.97586206896551,290,20
1759,1759.0,0.46752100840336125,0.41294957983193276,0.38747058823529407,0.4849518072289156,0.4260602409638554,0.3924939759036145,0.008521442835957911,0.005782720146882284,0.0067411903114186844,0.009187925388300188,0.006422875889098563,0.007971008999854841,0.5312951807228915,0.4651385542168675,0.3991987951807229,0.06377417231953025,0.05218897438493475,0.01172820694542881,119,166,0.49011011857008524,0.47319277108433705,67.47368421052632,285,18
1760,1760.0,0.46821551724137933,0.4125689655172413,0.38681034482758625,0.4851428571428571,0.4277321428571429,0.3918928571428571,0.00975234148335315,0.00596762455410226,0.006670946789536266,0.009092729591836733,0.006241362776360545,0.008029048044217687,0.5275952380952381,0.46617261904761903,0.39429166666666665,0.059379720853858786,0.053603653530377715,0.0074813218390804015,116,168,0.4937577347325172,0.4722023809523807,67.57042253521126,284,21
1761,1761.0,0.46735593220338983,0.4120593220338982,0.3883813559322034,0.486830303030303,0.42889090909090904,0.39263030303030305,0.009807975007181844,0.0058822591927607006,0.007229032533754668,0.008812080293847566,0.006066279008264465,0.008261214839302113,0.5291272727272728,0.46588484848484857,0.39454545454545453,0.061771340523882945,0.053825526450950345,0.006164098613251123,118,165,0.47184614682248693,0.49684848484848454,67.64664310954063,283,18
1762,1762.0,0.46557142857142864,0.41243749999999996,0.3920982142857143,0.48766265060240965,0.4243493975903615,0.3916385542168675,0.010215637755102041,0.005904906808035715,0.007059088568239795,0.009176356074902017,0.005933721294817827,0.008423628393090436,0.5323012048192771,0.4596204819277108,0.397578313253012,0.06672977624784848,0.047182981927710865,0.005480098967297731,112,166,0.4606689461821159,0.5028313253012044,67.78057553956835,278,21
1763,1763.0,0.4678596491228071,0.41332456140350876,0.392122807017544,0.48743786982248527,0.4226331360946746,0.3919408284023669,0.010587296091104953,0.005793499923053247,0.006853791935980302,0.009308068625048143,0.005907179020342425,0.008383842652568188,0.5311834319526627,0.4601124260355029,0.4003905325443787,0.06332378282985562,0.046787864631994136,0.00826772552683469,114,169,0.46461508309176625,0.49952662721893465,67.7773851590106,283,20
1764,1764.0,0.46468965517241384,0.41475862068965513,0.3942931034482759,0.4879257142857143,0.4240914285714286,0.39275999999999994,0.010082541617122472,0.005561424494649228,0.006914948573127229,0.00912125733877551,0.0059616030693877544,0.008312033828571428,0.5322857142857143,0.4600628571428571,0.39940000000000003,0.06759605911330041,0.045304236453201974,0.005106896551724138,116,175,0.44427678533294845,0.49508571428571396,67.96563573883161,291,22
1765,1765.0,0.46601754385964916,0.412859649122807,0.39740350877192976,0.4872774566473988,0.4228497109826589,0.39379190751445087,0.009725034779932288,0.005464032933210218,0.0070867670052323795,0.008981333422433091,0.005818659494136122,0.008527563633933645,0.5320982658959538,0.45339884393063584,0.39554913294797694,0.0660807220363046,0.04053919480782886,0.001854375823952814,114,173,0.439830601013307,0.4954913294797684,67.95121951219512,287,25
1766,1766.0,0.4679561403508772,0.41231578947368425,0.39994736842105266,0.4880295857988166,0.4243846153846154,0.3954556213017751,0.00960225246229609,0.0052401634349030475,0.007026804247460758,0.009225152970834354,0.005874792899408284,0.008180887083785582,0.5306094674556213,0.45237869822485205,0.39791715976331354,0.06265332710474414,0.0400629087511678,0.0020302086577391187,114,169,0.45399054503916914,0.5054437869822482,67.50530035335689,283,21
1767,1767.0,0.4654736842105263,0.4120877192982456,0.4048245614035088,0.4882163742690058,0.42583625730994157,0.39656725146198823,0.009539459833795016,0.005121869498307173,0.007028144659895354,0.009130087685099689,0.005810441024588762,0.00792739167607127,0.5328187134502924,0.44987719298245604,0.39791228070175444,0.0673450292397661,0.03778947368421043,0.00691228070175437,114,171,0.46447028088919334,0.49695906432748516,67.29824561403508,285,22
1768,1768.0,0.46389090909090913,0.4107454545454545,0.4036727272727273,0.4896918604651163,0.4251104651162791,0.39811627906976743,0.0088414426446281,0.00446382611570248,0.007669583801652893,0.009019736445375879,0.005880737797458085,0.008249288804759329,0.534546511627907,0.450453488372093,0.4026569767441861,0.07065560253699787,0.039708033826638456,0.0010157505285411927,110,172,0.4768068504554039,0.4869767441860462,66.19503546099291,282,23
1769,1769.0,0.46581081081081077,0.4108288288288289,0.40403603603603605,0.49015697674418596,0.4263837209302326,0.39955813953488367,0.008760333576820066,0.004701547277006736,0.007461926629332035,0.00904209745132504,0.00577314345592212,0.008341816387236344,0.5368313953488373,0.4526279069767442,0.40445348837209305,0.07102058453802651,0.041799078147915336,0.0004174523360570004,111,172,0.47489961029108047,0.4994186046511625,66.41696113074205,283,22
1770,1770.0,0.4651559633027523,0.41065137614678904,0.40362385321100924,0.4881279069767442,0.42487209302325585,0.39986046511627904,0.008775030721319754,0.004491126167830991,0.007291629155794966,0.009259785965386695,0.005820576663061115,0.008217457274202273,0.5344767441860465,0.45562209302325574,0.41152906976744186,0.06932078088329424,0.0449707168764667,0.007905216556432615,109,172,0.4741148023153191,0.5059302325581393,66.56583629893238,281,21
1771,1771.0,0.46775438596491226,0.41353508771929826,0.4028508771929824,0.4865628742514969,0.426131736526946,0.39962874251497005,0.008794290550938751,0.004393564558325639,0.0071436532009849195,0.00944219814263688,0.005472294022732978,0.007667622646921726,0.5285808383233532,0.4532514970059881,0.4131616766467066,0.060826452358440974,0.03971640928668985,0.010310799453724206,114,167,0.4637653343588797,0.49395209580838284,67.27046263345196,281,29
1772,1772.0,0.4674736842105264,0.4133859649122807,0.4041666666666667,0.4842335329341317,0.4249221556886228,0.40021556886227555,0.008903284395198524,0.004503324715297016,0.007010840643274855,0.009711448456380651,0.00529783226361648,0.007553055326472802,0.5254011976047904,0.45126347305389225,0.42412574850299406,0.05792751339426405,0.03787750814161156,0.019959081836327386,114,167,0.4611585765147373,0.5111976047904189,68.04982206405694,281,25
1773,1773.0,0.4645446428571428,0.414125,0.4090714285714286,0.4864940476190476,0.4245654761904762,0.39975,0.00877417657844388,0.004485448660714286,0.0074417806122449,0.00923354758361678,0.005255674284297052,0.007499568452380953,0.5281011904761905,0.45139285714285715,0.4245238095238096,0.06355654761904772,0.03726785714285713,0.015452380952380995,112,168,0.4732217133495871,0.5170238095238092,67.80714285714286,280,22
1774,1774.0,0.46476991150442476,0.4130442477876107,0.40752212389380527,0.48522891566265064,0.42489759036144586,0.40084337349397586,0.008918247944239956,0.004140024590805858,0.007184001722922703,0.009099212657860357,0.005112465415880389,0.00756705980548701,0.5290481927710844,0.4514518072289156,0.4283072289156627,0.06427828126665963,0.03840755944130492,0.02078510502185743,113,166,0.4775191970120991,0.5006024096385538,68.40501792114695,279,28
1775,1775.0,0.4646666666666667,0.4144385964912281,0.4083947368421052,0.48433136094674556,0.4251479289940828,0.400396449704142,0.008697783625730994,0.004153702369959988,0.0070709582179132036,0.009288328069745456,0.00506072959630265,0.0076546416442001336,0.5269349112426035,0.4482603550295858,0.4323846153846154,0.062268244575936826,0.03382175853835767,0.023989878542510223,114,169,0.4611565558777045,0.5050295857988162,67.56183745583039,283,28
1776,1776.0,0.4667894736842106,0.411719298245614,0.4084298245614036,0.4843786982248521,0.4236627218934911,0.4006390532544379,0.008549253924284395,0.0038392896275777164,0.007329455601723608,0.008959264871678163,0.005183158432827982,0.007713627113896573,0.5285147928994083,0.448284023668639,0.4321656804733728,0.061725319215197694,0.036564725423025024,0.023735855911969195,114,169,0.48790334957723736,0.5032544378698222,67.75265017667844,283,23
1777,1777.0,0.4691696428571429,0.41578571428571426,0.40885714285714286,0.48695783132530124,0.42351204819277105,0.40224096385542163,0.008356140864158163,0.0037729362244897963,0.00740751530612245,0.008378703041079983,0.005307093228335027,0.007455110611119176,0.5280120481927711,0.45222891566265055,0.4423734939759036,0.058842405335628234,0.036443201376936296,0.03351635111876072,112,166,0.48579453964316854,0.4956626506024093,67.14028776978417,278,25
1778,1778.0,0.47054716981132083,0.41621698113207545,0.4115754716981132,0.4890958083832335,0.4217125748502995,0.40328143712574843,0.008491172303310788,0.003344415183339267,0.006809036756852974,0.008153487826741726,0.005297977267022841,0.0074044417512280835,0.526934131736527,0.4476107784431138,0.44194011976047903,0.0563869619252062,0.03139379731103836,0.03036464806236583,106,167,0.48847446560401153,0.5050898203592811,67.34432234432235,273,24
1779,1779.0,0.4688834951456311,0.41909708737864076,0.41287378640776695,0.4882848837209302,0.42112209302325576,0.40474999999999994,0.008169403902347064,0.0030416798944292583,0.0070343627109058365,0.007797168841265549,0.005292479279340183,0.007280571220930232,0.5226744186046511,0.4511744186046512,0.4498546511627907,0.053790923459020035,0.03207733122601042,0.03698086475502377,103,172,0.48796728691428437,0.5077906976744183,66.80727272727273,275,22
1780,1780.0,0.4684901960784314,0.419921568627451,0.41234313725490196,0.48664497041420124,0.4219112426035503,0.40489940828402365,0.009228740099961552,0.003077954632833525,0.007068794021530181,0.007557341409614508,0.005365938867686706,0.007138907041069991,0.5217396449704143,0.4511005917159763,0.45057396449704135,0.053249448891982853,0.03117902308852527,0.03823082724213939,102,169,0.47424451602907314,0.5159171597633132,66.39114391143912,271,23
1781,1781.0,0.46872815533980594,0.417252427184466,0.40887378640776695,0.4851918604651162,0.4218779069767442,0.4051686046511627,0.009011731925723443,0.0030970819115845043,0.00660220737110001,0.007501678305840994,0.00533552579096809,0.007122802967820445,0.5211627906976743,0.4507267441860465,0.4503023255813953,0.05243463535786841,0.033474317001580545,0.041428539173628376,103,172,0.4821302207759205,0.5149999999999997,66.48363636363636,275,22
1782,1782.0,0.4645185185185185,0.4165925925925926,0.4099074074074074,0.4863195266272189,0.42174556213017755,0.4032189349112426,0.00915091632373114,0.0032740192043895747,0.00670321364883402,0.007688146423444558,0.005351751829417738,0.0072099698189839285,0.5222071005917159,0.45547337278106514,0.45048520710059176,0.057688582073197436,0.03888078018847252,0.04057779969318437,108,169,0.4929428582427508,0.5171005917159759,67.4043321299639,277,19
1783,1783.0,0.46497272727272726,0.4161818181818182,0.4064454545454545,0.48700598802395206,0.4228982035928143,0.40298802395209576,0.009489426528925623,0.003207130578512397,0.006799719752066116,0.008183790383305247,0.005372259098569328,0.0071887902757359545,0.5223832335329341,0.4578023952095809,0.4551856287425149,0.057410506260206884,0.04162057702776267,0.04874017419706039,110,167,0.4937062182279711,0.4937125748502992,67.14440433212997,277,25
1784,1784.0,0.46387387387387385,0.4186666666666667,0.4027837837837836,0.4859473684210527,0.42077192982456146,0.4029181286549708,0.009987317425533642,0.003366528528528529,0.006576061358655955,0.00810420190827947,0.0052599655278547245,0.007149326630416198,0.5188128654970761,0.4537134502923977,0.4570292397660819,0.054938991623202205,0.03504678362573099,0.054245455982298296,111,171,0.48603646694615654,0.503801169590643,67.30141843971631,282,20
1785,1785.0,0.4627478260869566,0.41589565217391306,0.4006869565217391,0.48307558139534884,0.41958720930232557,0.403796511627907,0.009716692930056711,0.0033998325897920613,0.006362319395085067,0.008190069868848024,0.005536312161979449,0.006954324871552189,0.5153837209302325,0.4555523255813953,0.46715697674418605,0.052635894843275965,0.039656673407482246,0.06647002022244697,115,172,0.49040012191211546,0.5001162790697672,66.69686411149826,287,20
1786,1786.0,0.46395726495726497,0.41568376068376073,0.40126495726495726,0.4836904761904762,0.4207797619047619,0.4024345238095239,0.009464656293374242,0.0034684726422675137,0.00613426313098108,0.008154404195011337,0.005567826495181406,0.0069687219033446705,0.5171666666666668,0.45955952380952375,0.46431547619047614,0.053209401709401805,0.04387576312576302,0.06305051892551888,117,168,0.4917511647303745,0.5145238095238092,66.83508771929824,285,18
1787,1787.0,0.4624310344827586,0.41503448275862076,0.4032327586206896,0.4820239520958085,0.41947904191616764,0.40165868263473054,0.00960515903686088,0.0035208953626634965,0.0062624027199762195,0.008101544336476746,0.005661051955968302,0.006857015238983112,0.5150838323353294,0.459251497005988,0.45950898203592816,0.05265279785257082,0.04421701424736724,0.05627622341523858,116,167,0.48944333106241844,0.5127544910179637,67.76325088339223,283,23
1788,1788.0,0.46323275862068963,0.4148103448275862,0.4019137931034482,0.4850177514792899,0.41891124260355034,0.39865680473372794,0.00937638547859691,0.003510567479191439,0.00641513049940547,0.007799496726305101,0.005801643009698538,0.006774876299849445,0.5133372781065089,0.45626035502958584,0.45252662721893494,0.05010451948581923,0.04145001020199962,0.05061283411548673,116,169,0.46830815946223625,0.5353254437869819,68.17543859649123,285,21
1789,1789.0,0.46695934959349594,0.41317886178861785,0.401260162601626,0.4846994219653179,0.41997109826589607,0.4011156069364162,0.009379323550796485,0.004018602154802036,0.006463704673144294,0.008098244912960673,0.00576366968492098,0.006875443282435098,0.5145722543352601,0.46104624277456646,0.45310404624277456,0.04761290474176416,0.047867380985948615,0.05184388364114856,123,173,0.4712715040978334,0.5301156069364159,68.27364864864865,296,17
1790,1790.0,0.4638,0.414416,0.40313600000000005,0.48294285714285723,0.4218342857142857,0.4022971428571428,0.00961856,0.004236626943999999,0.006275669504000002,0.007908076734693879,0.005807921110204083,0.006973065991836736,0.5071542857142858,0.4609257142857143,0.4520742857142858,0.04335428571428579,0.04650971428571432,0.04893828571428577,125,175,0.46188215314078407,0.5261142857142853,67.31666666666666,300,17
1791,1791.0,0.46136800000000006,0.415136,0.40220799999999995,0.4801142857142856,0.4205314285714285,0.4042514285714286,0.009357032576000002,0.004310517504000001,0.0063437007359999995,0.008177049795918366,0.005781243297959183,0.007238942497959185,0.5027542857142857,0.4580457142857144,0.45917714285714284,0.04138628571428565,0.042909714285714384,0.056969142857142885,125,175,0.4616909937677147,0.5111428571428568,67.13,300,21
1792,1792.0,0.4596640625,0.41459375000000004,0.400625,0.4767175141242938,0.42032203389830514,0.4053050847457627,0.009571332458496094,0.0045658037109375,0.0063308750000000006,0.008460315681956015,0.005965664655750264,0.0074714662453318,0.5046158192090395,0.46153672316384187,0.4653446327683616,0.0449517567090395,0.04694297316384183,0.06471963276836157,128,177,0.46033460522275577,0.4983615819209036,66.24262295081967,305,21
1793,1793.0,0.460827067669173,0.4165639097744361,0.398390977443609,0.47624999999999995,0.4196136363636364,0.40354545454545454,0.0094698272372661,0.00449651659223246,0.006361380971225056,0.008454573863636362,0.006086623450413223,0.0076591342975206615,0.5076022727272728,0.46437500000000004,0.4599829545454545,0.04677520505809979,0.04781109022556396,0.061591977101845496,133,176,0.4505949374148485,0.49999999999999967,66.52750809061489,309,21
1794,1794.0,0.457985401459854,0.41564233576642334,0.3988394160583941,0.4758820224719101,0.41983146067415733,0.4028876404494382,0.00961310927593372,0.004657572806223027,0.00643309830038894,0.008355733272314102,0.006098196313596768,0.007669684004544881,0.50811797752809,0.46549438202247195,0.4589662921348314,0.05013257606823596,0.04985204625604861,0.0601268760764373,137,178,0.4567881954442616,0.48337078651685356,66.5079365079365,315,19
1795,1795.0,0.45680281690140845,0.4174788732394366,0.39965492957746485,0.4737215909090909,0.4198011363636363,0.40428977272727273,0.009023439992065067,0.004711165046617735,0.0067416767010513795,0.0082821099883781,0.00630592068052686,0.007624796713584711,0.49903409090909095,0.4611931818181818,0.4598181818181818,0.04223127400768251,0.0437143085787452,0.06016325224071695,142,176,0.45056872999027153,0.46488636363636326,65.77358490566037,318,23
1796,1796.0,0.4555808823529412,0.4178529411764706,0.40581617647058826,0.47339999999999993,0.41964444444444443,0.4031222222222222,0.008914096399221454,0.004479404844290657,0.006535547091262976,0.008538495555555555,0.006501373580246914,0.007517651728395062,0.49467777777777777,0.46172222222222215,0.4570333333333333,0.039096895424836575,0.04386928104575155,0.05121715686274503,136,180,0.44279125944049996,0.4904444444444441,65.72784810126582,316,18
1797,1797.0,0.45295588235294115,0.418139705882353,0.4047867647058824,0.4742021857923497,0.418568306010929,0.4017704918032787,0.00850995393598616,0.004668370188148788,0.006466770707179931,0.008465680432380782,0.006272223476365375,0.007380635850577802,0.4972185792349726,0.4601475409836065,0.45620218579234967,0.04426269688203144,0.0420078351012535,0.051415421086467294,136,183,0.4376347472180798,0.48579234972677565,66.21003134796238,319,17
1798,1798.0,0.45078417266187054,0.41746762589928055,0.40379856115107915,0.47014594594594594,0.4182216216216217,0.40410810810810804,0.008562543346617671,0.004622047513068681,0.006369096113037628,0.00841017869978086,0.006136669802775749,0.007365199123447772,0.4942864864864865,0.4576540540540541,0.46113513513513515,0.043502313824615946,0.04018642815477358,0.057336573984056005,139,185,0.4307112794102323,0.47491891891891863,65.5,324,17
1799,1799.0,0.4515248226950355,0.41955319148936165,0.4046808510638298,0.4716935483870969,0.42013978494623666,0.40393010752688174,0.008491724561138777,0.004632871284140636,0.006614032895729592,0.0084113093132154,0.00619442132038386,0.0075860757602034925,0.4960806451612903,0.4575161290322581,0.46282258064516124,0.04455582246625478,0.037962937542896424,0.05814172958133146,141,186,0.4321716573998905,0.45467741935483835,65.22018348623853,327,19
1800,1800.0,0.45433576642335766,0.4190875912408759,0.40215328467153283,0.468899470899471,0.4199259259259259,0.404984126984127,0.00837125952368267,0.004881058021205179,0.00680357504395546,0.008342587777497829,0.006074682343719381,0.007519528848576468,0.49206349206349204,0.45359788359788367,0.4591587301587301,0.03772772564013438,0.034510292357007755,0.05700544548719727,137,189,0.43066015681594805,0.4459259259259256,64.9478527607362,326,23
1801,1801.0,0.45640000000000003,0.4189928571428571,0.40218571428571426,0.4672105263157895,0.42026315789473684,0.4073578947368421,0.00844934,0.004893149948979591,0.006571351224489796,0.007953881994459833,0.006268772853185596,0.0073348613850415505,0.48955789473684214,0.4560894736842106,0.46223684210526317,0.03315789473684211,0.03709661654135349,0.06005112781954891,140,190,0.43368846150299917,0.44384210526315765,65.46666666666667,330,18
1802,1802.0,0.4527122302158274,0.417863309352518,0.4025827338129497,0.4687291666666667,0.42059375000000004,0.4063385416666667,0.007665442368407433,0.0047588805962424305,0.006266775529216915,0.008136520399305555,0.006287064127604166,0.007398796847873264,0.49361458333333336,0.4536822916666667,0.4566041666666667,0.04090235311750595,0.035818982314148706,0.05402143285371702,139,192,0.43658632239002243,0.4443229166666663,65.93353474320242,331,17
1803,1803.0,0.45571830985915507,0.4180704225352114,0.4002816901408451,0.4672539682539683,0.421973544973545,0.4065132275132276,0.007926948819678635,0.004645811942074985,0.0062613572703828614,0.00799590375409423,0.006232046919179194,0.00754385829064136,0.49177248677248675,0.45368253968253974,0.4578306878306878,0.03605417691333168,0.03561211714732837,0.05754899768984273,142,189,0.41883717911096174,0.4382010582010579,65.59214501510574,331,18
1804,1804.0,0.45683571428571434,0.41735,0.40081428571428573,0.46844559585492224,0.42210880829015546,0.4080569948186529,0.00793046586734694,0.004849798928571428,0.006144465510204083,0.008075024242261537,0.0059402834975435595,0.007749473435528472,0.493880829015544,0.4565958549222797,0.4571088082901555,0.03704511472982963,0.03924585492227972,0.056294522575869754,140,193,0.4095388278213095,0.4382383419689116,65.12312312312312,333,17
1805,1805.0,0.4617342657342657,0.4166363636363636,0.40044055944055945,0.46940404040404043,0.4230757575757576,0.4070252525252525,0.008499118196488827,0.0046077418944691665,0.006323575138148566,0.008038412508927662,0.005728676078971534,0.007769590271400878,0.4958686868686869,0.4572676767676768,0.4608030303030304,0.03413442113442122,0.04063131313131324,0.06036247086247093,143,198,0.41700245181319756,0.4205555555555553,64.62463343108504,341,18
1806,1806.0,0.4604071428571428,0.4167214285714285,0.3992285714285714,0.46746113989637306,0.4223937823834198,0.40608290155440413,0.00877281280612245,0.004983172397959184,0.00638531918367347,0.008092455743778357,0.005652228355123627,0.00787881178018202,0.499020725388601,0.45386528497409323,0.4557564766839379,0.03861358253145819,0.03714385640266471,0.056527905255366495,140,193,0.43230893018535677,0.4203108808290153,64.50750750750751,333,17
1807,1807.0,0.4636231884057971,0.4185434782608695,0.4005,0.46629629629629626,0.4202486772486772,0.40688888888888897,0.008999713085486244,0.0051444365154379315,0.006595322463768117,0.00812301273760533,0.005727710646398476,0.007611569664902999,0.5015661375661375,0.4515555555555556,0.45376190476190476,0.03794294916034047,0.03301207729468608,0.05326190476190473,138,189,0.44196144948401966,0.40317460317460296,64.41284403669725,327,19
1808,1808.0,0.4603138686131387,0.4172773722627737,0.402014598540146,0.46698369565217396,0.4195978260869566,0.4053804347826087,0.008915791997442593,0.005313543502584048,0.00662329905695562,0.008295276908081285,0.005630631734404537,0.007545496573724009,0.5051358695652174,0.4560923913043478,0.45163043478260867,0.04482200095207867,0.038815019041574084,0.049615836242462685,137,184,0.4507513433486743,0.4139673913043475,64.38629283489097,321,16
1809,1809.0,0.4597925925925926,0.4153111111111111,0.4020296296296296,0.4673858695652174,0.4178586956521739,0.40464130434782614,0.008987364389574762,0.005328273580246914,0.006594947270233197,0.008468660887287333,0.005532132206994328,0.007512349598298677,0.5055108695652174,0.4578478260869565,0.44443478260869573,0.045718276972624816,0.042536714975845435,0.04240515297906611,135,184,0.4501536659840601,0.4161413043478258,64.86520376175548,319,16
1810,1810.0,0.4572307692307692,0.41396153846153844,0.40209230769230775,0.4691787709497207,0.41802793296089386,0.4033798882681564,0.008343331360946745,0.005025806213017752,0.006289991479289941,0.008588973627539714,0.005425245029805562,0.007683598701663493,0.5018212290502793,0.45381005586592177,0.44344692737430175,0.04459045981951004,0.03984851740438333,0.041354619681994,130,179,0.4347938084427239,0.4280446927374299,65.41423948220064,309,19
1811,1811.0,0.4593040000000001,0.41595200000000004,0.40332000000000007,0.4721573033707866,0.41797191011235957,0.4066011235955056,0.008543347584000001,0.004981181695999999,0.0063746496000000015,0.008829402221941673,0.005553993592980685,0.007762655504355512,0.5077977528089888,0.4542247191011236,0.44336516853932584,0.048493752808988655,0.038272719101123565,0.04004516853932577,125,178,0.4229883024607893,0.42567415730337055,65.17161716171617,303,21
1812,1812.0,0.457491935483871,0.4121290322580645,0.40310483870967734,0.47388068181818177,0.41851704545454543,0.4074659090909091,0.008386959612382935,0.005216515608740896,0.006438884170135275,0.008872207354080579,0.005632533800361571,0.007712407928719008,0.5151988636363636,0.4541534090909092,0.44025,0.057706928152492565,0.042024376832844657,0.03714516129032264,124,176,0.4375535831086788,0.414147727272727,65.29666666666667,300,22
1813,1813.0,0.4587310924369749,0.41328571428571426,0.40117647058823525,0.4725697674418605,0.41977325581395347,0.4068255813953488,0.008191440293764566,0.0052692292917166875,0.006121893227879386,0.00887059396971336,0.005469617191725258,0.007832388182801514,0.5172616279069767,0.4558255813953489,0.4449418604651163,0.05853053547000181,0.042539867109634644,0.043765389876881056,119,172,0.4536472800750123,0.420988372093023,65.5807560137457,291,21
1814,1814.0,0.4600683760683761,0.4133846153846154,0.40104273504273497,0.4735595238095239,0.42053571428571435,0.4074880952380952,0.00786466199137994,0.005344510190664037,0.006165784498502448,0.0087904964569161,0.005177189200680272,0.00785501176303855,0.5257499999999999,0.4576607142857143,0.44958333333333333,0.06568162393162386,0.044276098901098904,0.04854059829059837,117,168,0.43177842059408095,0.44624999999999965,65.72631578947369,285,23
1815,1815.0,0.45815652173913046,0.4150173913043478,0.40275652173913046,0.47467469879518065,0.4208614457831325,0.4080421686746988,0.007548740718336486,0.0055123996975425344,0.005678810283553876,0.008934617070692407,0.005347613332849471,0.007623329547104079,0.531566265060241,0.457289156626506,0.4547710843373494,0.0734097433211105,0.042271765322158206,0.05201456259821896,115,166,0.42558493130271324,0.4637951807228913,66.18861209964413,281,23
1816,1816.0,0.4599561403508772,0.4153157894736842,0.40178947368421053,0.47624390243902437,0.42103048780487806,0.4078109756097561,0.007174989304401355,0.00555409325946445,0.00565574515235457,0.008598074657941702,0.00514181004610351,0.007596189879535992,0.5314268292682927,0.455920731707317,0.4444878048780487,0.07147068891741548,0.04060494223363281,0.042698331193838146,114,164,0.41411115299335055,0.48115853658536556,66.60431654676259,278,23
1817,1817.0,0.45989655172413785,0.41420689655172416,0.3982758620689655,0.4771172839506173,0.4198641975308641,0.405858024691358,0.007149799643281807,0.005477646848989298,0.00566211355529132,0.008493893651882333,0.005015611187319006,0.007353232929431488,0.5287345679012345,0.45290123456790127,0.4471481481481482,0.06883801617709667,0.03869433801617711,0.0488722860791827,116,162,0.419410886156597,0.47623456790123425,66.20503597122303,278,21
1818,1818.0,0.4599122807017544,0.41342982456140354,0.398078947368421,0.47933950617283944,0.41904938271604936,0.40812962962962956,0.007201571252693136,0.005642894198214836,0.0056888797322253,0.008710446463953666,0.004861454351470812,0.00724558196159122,0.5294876543209878,0.4544074074074074,0.45569753086419756,0.06957537361923338,0.04097758284600389,0.05761858349577659,114,162,0.4304018170592587,0.4794444444444442,66.30434782608695,276,22
1819,1819.0,0.4604173913043478,0.4162608695652174,0.3962521739130435,0.4798136645962733,0.4210186335403727,0.4095217391304348,0.007144834480151229,0.005844818903591683,0.0061731624952741015,0.008848723043092473,0.005032018286331546,0.0072720383472859845,0.5285527950310559,0.45897515527950317,0.4548198757763975,0.06813540372670812,0.04271428571428576,0.05856770186335397,115,161,0.44484947839491495,0.48285714285714254,66.41666666666667,276,20
1820,1820.0,0.46313675213675204,0.4129059829059829,0.39544444444444443,0.47999371069182384,0.4210251572327045,0.4106163522012579,0.0070455197603915545,0.0057227689385638105,0.006032417853751187,0.0091138427277402,0.005089219492899807,0.007246236462165265,0.5297861635220125,0.45588050314465406,0.4570880503144655,0.06664941138526043,0.042974520238671154,0.061643605870021045,117,159,0.4526718880781362,0.4856603773584902,66.3840579710145,276,21
1821,1821.0,0.463353448275862,0.4154224137931034,0.3978620689655173,0.4817361963190184,0.4215276073619632,0.4072147239263804,0.006682314729488704,0.00574826122175981,0.006268653388822831,0.008899948812525876,0.005102899544582032,0.007331395611426849,0.5354539877300614,0.45765030674846613,0.4592085889570552,0.07210053945419936,0.04222789295536272,0.061346519991537896,116,163,0.46014981026143237,0.4856441717791407,66.93189964157706,279,21
1822,1822.0,0.4636991150442478,0.41686725663716817,0.3968672566371681,0.479246835443038,0.42418354430379757,0.40729113924050625,0.006977785574438094,0.005632592998668651,0.006930345211058032,0.009001552996314693,0.005204504286172088,0.007263117769588208,0.541873417721519,0.4646645569620253,0.44839873417721526,0.07817430267727116,0.04779730032485713,0.051531477540047166,113,158,0.48620014127933464,0.5147468354430377,67.11808118081181,271,17
1823,1823.0,0.4675084745762712,0.41546610169491527,0.3992881355932203,0.4778875,0.42404375000000005,0.4084,0.0068077075553002004,0.005695164105142201,0.007070510198218903,0.009237612343749998,0.0052021418359375,0.0074020150000000005,0.53614375,0.46842500000000004,0.45068125,0.06863527542372883,0.05295889830508477,0.05139311440677968,118,160,0.47738660759836793,0.49743749999999964,67.42446043165468,278,23
1824,1824.0,0.46599999999999997,0.4146747967479674,0.4003333333333333,0.4769999999999999,0.4240063291139241,0.41086708860759497,0.006994081300813009,0.0055656178200806415,0.007316888888888889,0.009238721518987343,0.005268575909309405,0.007453153220637719,0.5324113924050633,0.46529746835443037,0.45819620253164545,0.06641139240506333,0.05062267160646294,0.05786286919831213,123,158,0.481271982388702,0.49525316455696167,66.80071174377224,281,22
1825,1825.0,0.46603252032520326,0.41499186991869924,0.4029918699186992,0.4777515527950311,0.4264596273291925,0.41060869565217395,0.007500145283891864,0.005397032454226982,0.007440463348535925,0.00899836063423479,0.005247453338991552,0.00744118228463408,0.528776397515528,0.4694534161490684,0.4653726708074534,0.0627438771903247,0.05446154623036914,0.06238080088875425,123,161,0.4757620446487769,0.48049689440993765,67.08802816901408,284,25
1826,1826.0,0.4690806451612903,0.4108870967741936,0.4043709677419354,0.47615243902439025,0.4265243902439024,0.4086463414634147,0.007237364464099896,0.00550251951092612,0.007614104318418314,0.008697860908685306,0.0054322250148721,0.0073319846817370615,0.5241280487804878,0.4662317073170732,0.46693902439024393,0.05504740361919752,0.05534461054287959,0.0625680566483085,124,164,0.48165150870615653,0.4821341463414631,66.22222222222223,288,21
1827,1827.0,0.46872131147540985,0.4047704918032787,0.40595901639344256,0.47594545454545456,0.42523030303030307,0.4092,0.007339201021230852,0.005308209621069606,0.007429104877721044,0.008632100055096419,0.005575680293847566,0.007409529696969697,0.5219272727272729,0.46381818181818185,0.4675212121212122,0.053205961251863054,0.059047690014903176,0.061562195727769664,122,165,0.5020794897123119,0.47575757575757543,67.11498257839722,287,19
1828,1828.0,0.4677903225806451,0.40656451612903227,0.4035161290322581,0.4752317073170732,0.4239024390243903,0.4097865853658537,0.007172101196670135,0.00560763293444329,0.00739157232049948,0.008649568262938728,0.005922636823319453,0.007492484941998812,0.5167195121951219,0.4629268292682926,0.4703963414634147,0.04892918961447679,0.05636231313926032,0.0668802124311566,124,164,0.5002909257117807,0.46469512195121915,67.53472222222223,288,21
1829,1829.0,0.4658473282442748,0.4110534351145038,0.4052900763358779,0.4741575757575758,0.42490303030303034,0.40972727272727283,0.0069506026455334775,0.005416187984383195,0.007185641046559059,0.008690363048668503,0.0057883178696051425,0.007450052892561984,0.5129939393939394,0.463739393939394,0.4703939393939395,0.04714661114966462,0.05268595882489019,0.0651038630580616,131,165,0.5139459536513288,0.4458181818181815,67.42567567567568,296,19
1830,1830.0,0.4668560606060606,0.40849242424242427,0.40587121212121213,0.4750243902439024,0.4259939024390244,0.4083658536585366,0.007056562614784206,0.005078568124426079,0.006891475837924701,0.008782231112433076,0.005699164596966091,0.007370268590124926,0.5102378048780489,0.46454878048780485,0.47078658536585366,0.04338174427198832,0.05605635624538058,0.06491537324464153,132,164,0.5113760075604296,0.44554878048780455,68.25,296,19
1831,1831.0,0.4693333333333333,0.4081060606060606,0.40546969696969704,0.4753231707317073,0.4257073170731707,0.4089085365853659,0.006717843434343435,0.005119140266299357,0.006928309687786961,0.008785413853361096,0.0056621094586555626,0.007390741634443783,0.5115060975609756,0.46571341463414634,0.47062804878048775,0.04217276422764232,0.057607354028085755,0.06515835181079072,132,164,0.4976057530484922,0.44676829268292645,68.64864864864865,296,22
1832,1832.0,0.46614285714285714,0.40524812030075186,0.41053383458646614,0.4752969696969697,0.42566060606060596,0.4092,0.007110227712137486,0.005058066255865227,0.007137602238679406,0.008769154233241505,0.00568544844811754,0.0072294206060606065,0.5151515151515151,0.4673090909090909,0.47262424242424245,0.049008658008658,0.06206097060833904,0.06209040783777631,133,165,0.502281550983054,0.4420606060606057,68.58724832214764,298,22
1833,1833.0,0.46710606060606064,0.40764393939393945,0.4122727272727273,0.4743988095238096,0.42639285714285713,0.4075297619047619,0.007080716023875115,0.0051476686753902665,0.00681101652892562,0.00911169214143991,0.005590726615646259,0.007279903876133788,0.51375,0.4637202380952381,0.46582738095238096,0.046643939393939404,0.056076298701298655,0.053554653679653674,132,168,0.4939986486804155,0.4432738095238092,68.51333333333334,300,20
1834,1834.0,0.4687175572519084,0.40758778625954195,0.41281679389312975,0.4734674556213017,0.4251952662721894,0.4084142011834319,0.00682953091311695,0.005236181224870347,0.006831569488957521,0.009205266692342706,0.0056938021077693355,0.007325982283533491,0.512301775147929,0.4624201183431953,0.4674082840236687,0.04358421789602057,0.054832332083653346,0.05459149013053893,131,169,0.46935202205436916,0.4626035502958577,68.97,300,19
1835,1835.0,0.4682671755725191,0.4077022900763359,0.41036641221374054,0.47479393939393943,0.4240363636363636,0.4100727272727272,0.0068338599149233735,0.005592209078725017,0.006838629100868248,0.009357266629935723,0.005671162314049587,0.0071895219834710745,0.5146121212121212,0.4614303030303031,0.46639393939393936,0.046344945639602064,0.053728012953967175,0.05602752718019882,131,165,0.4716261140168773,0.4684848484848481,69.12162162162163,296,19
1836,1836.0,0.4677089552238806,0.4086044776119403,0.4090820895522388,0.47690797546012265,0.4240306748466257,0.409760736196319,0.007571803352639788,0.005644821173980842,0.00683868729115616,0.008828647973201851,0.005665575746170349,0.007070316985961083,0.5178343558282208,0.4652024539877301,0.46348466257668713,0.050125400604340176,0.05659797637578978,0.05440257302444834,134,163,0.46843248224288764,0.46773006134969297,68.89225589225589,297,19
1837,1837.0,0.4698549618320611,0.4062137404580153,0.40852671755725195,0.4758109756097561,0.4232378048780488,0.41057317073170735,0.007290261406677933,0.006408656605092944,0.006696386690752288,0.008502958172218916,0.005281498326888756,0.007296086109458658,0.520951219512195,0.4589207317073171,0.47102439024390247,0.05109625768013393,0.05270699124930184,0.06249767268665052,131,164,0.4449038218072053,0.48640243902438995,67.87118644067796,295,19
1838,1838.0,0.46951470588235295,0.405139705882353,0.4092426470588235,0.4752484848484848,0.4218545454545454,0.4124060606060606,0.007827690960207613,0.006877061364619377,0.006507404357698962,0.00833399280073462,0.005348124297520661,0.007362374508723601,0.5199151515151516,0.4572727272727273,0.4728545454545455,0.05040044563279861,0.05213302139037429,0.06361189839572201,136,165,0.43726280729533434,0.4852121212121209,68.11627906976744,301,19
1839,1839.0,0.47079136690647483,0.40590647482014386,0.40867625899280574,0.4723229813664596,0.421167701863354,0.4147639751552795,0.007860337767196317,0.007169825785414833,0.006183542673774649,0.008242678291732572,0.005121592994097449,0.007426105782955905,0.517695652173913,0.45144099378881997,0.4656583850931677,0.04690428526743817,0.04553451896867611,0.05698212610036196,139,161,0.4575425368833373,0.4654658385093164,68.24666666666667,300,20
1840,1840.0,0.47045652173913044,0.406695652173913,0.4092753623188406,0.47359493670886077,0.42265822784810125,0.4158227848101265,0.007291465500945181,0.007082892879647133,0.006097054610375971,0.008599544784489665,0.005061351546226567,0.007145398974523314,0.5184050632911392,0.4488481012658228,0.46951265822784805,0.04794854155200878,0.042152449091909794,0.06023729590900745,138,158,0.4570580647957479,0.4699367088607591,68.90202702702703,296,19
1841,1841.0,0.47230935251798556,0.4076115107913669,0.40751798561151076,0.473741935483871,0.420916129032258,0.41774838709677414,0.00781160933699084,0.007092496558149166,0.006129789244863103,0.008075726951092613,0.005122257481789802,0.007205285078043705,0.5196516129032257,0.44978709677419365,0.4746451612903225,0.04734226038524014,0.042175585982826724,0.06712717567881177,139,155,0.45394691015088934,0.4743225806451609,68.5,294,19
1842,1842.0,0.4729925925925926,0.40804444444444443,0.40502222222222223,0.47457615894039745,0.4217615894039735,0.41911258278145697,0.007580155500685871,0.007182323950617284,0.005793651358024692,0.008292045524319109,0.005318737862374457,0.006785914477435201,0.522728476821192,0.4477152317880795,0.4776622516556291,0.04973588422859937,0.03967078734363505,0.07264002943340686,135,151,0.456009500446576,0.4725165562913904,68.77622377622377,286,23
1843,1843.0,0.47083941605839424,0.40602189781021897,0.409948905109489,0.47489189189189196,0.422472972972973,0.41862162162162164,0.007435740636155363,0.006802984921945761,0.00582944994405669,0.008335231555880205,0.0054951681884587295,0.006447046018991966,0.5219662162162162,0.4471486486486486,0.47508108108108105,0.05112680015782195,0.04112675083842965,0.06513217597159204,137,148,0.4677352443634263,0.48554054054054024,68.62456140350878,285,18
1844,1844.0,0.46907246376811595,0.4051521739130434,0.41239130434782606,0.47482857142857154,0.4210571428571428,0.42016428571428566,0.007751313589582022,0.006637114524259609,0.005646296156269691,0.008626570612244899,0.005474325306122449,0.006599237295918367,0.5273500000000001,0.44252142857142857,0.4730071428571429,0.05827753623188414,0.03736925465838514,0.060615838509316844,138,140,0.48026228037857616,0.48499999999999965,68.61510791366906,278,18
1845,1845.0,0.4685500000000001,0.4070428571428571,0.4127142857142857,0.475029197080292,0.4229270072992701,0.42065693430656936,0.008006504642857142,0.006675812448979592,0.00574324693877551,0.008589298417603496,0.005382330438488999,0.006568794714689115,0.5243284671532846,0.4485620437956205,0.47497810218978104,0.05577846715328455,0.041519186652763385,0.06226381647549534,140,137,0.48729102760842335,0.4819708029197076,68.36462093862816,277,18
1846,1846.0,0.46651824817518245,0.40822627737226275,0.4126204379562044,0.4742773722627737,0.42344525547445255,0.42187591240875916,0.008548614630507753,0.0067671385795726995,0.0058274033779103845,0.008507558101124194,0.005212334594277799,0.006564765624167511,0.5208029197080292,0.44896350364963505,0.4756350364963504,0.05428467153284672,0.04073722627737231,0.06301459854014602,137,137,0.4750216294241878,0.4863503649635032,68.30656934306569,274,20
1847,1847.0,0.4658832116788321,0.4086277372262774,0.4106715328467153,0.47480147058823524,0.42266176470588235,0.4222426470588236,0.008748979061217965,0.006713197186850658,0.005719680430497097,0.008340688527249136,0.005278885596885813,0.006518404357698962,0.5189558823529412,0.44367647058823534,0.47295588235294117,0.05307267067410909,0.03504873336195796,0.062284349506225856,137,136,0.4750302536045415,0.48705882352941143,68.42490842490842,273,19
1848,1848.0,0.4657426470588235,0.4106544117647059,0.4102426470588236,0.47309489051094883,0.4216131386861314,0.42305109489051096,0.00874407347534602,0.006755402627595156,0.005608169063581315,0.008139078587031808,0.005781200703287336,0.006483844104640631,0.5092189781021899,0.44215328467153286,0.474029197080292,0.043476331043366345,0.03149887290682696,0.06378655002146844,136,137,0.46571255805602046,0.5082481751824813,68.31501831501832,273,18
1849,1849.0,0.46590441176470593,0.41070588235294114,0.40955147058823527,0.47384172661870505,0.4213525179856115,0.42279136690647484,0.008770012921712804,0.006753634083044983,0.005522320880190312,0.008119154805651882,0.005717321774235289,0.006498898918275451,0.5065035971223021,0.4426906474820144,0.474251798561151,0.04059918535759616,0.03198476512907328,0.06470032797291575,136,139,0.44265994604530023,0.5243884892086328,68.77454545454546,275,19
1850,1850.0,0.46213868613138687,0.4094525547445255,0.4113138686131386,0.47536805555555556,0.41886805555555556,0.4214513888888889,0.008774644999733603,0.006719342639458682,0.005580755501092228,0.008473440923996914,0.005984433979552469,0.006318372636959877,0.5003819444444445,0.43900694444444444,0.476951388888889,0.03824325831305764,0.029554389699918915,0.06563752027575037,137,144,0.4428235853963443,0.5074305555555552,68.80427046263345,281,21
1851,1851.0,0.46390070921985815,0.4126737588652482,0.41065248226950357,0.4758827586206897,0.4194965517241379,0.4236758620689655,0.008485692269000554,0.007088290729842564,0.005937489160505005,0.008006200047562428,0.0062353396432818075,0.006215419072532699,0.49955862068965523,0.44264827586206895,0.4836206896551724,0.03565791146979708,0.029974516996820744,0.07296820738566884,141,145,0.4324862165167918,0.5042758620689651,68.56993006993007,286,24
1852,1852.0,0.4633165467625899,0.4119136690647482,0.41087050359712235,0.4755205479452054,0.4180821917808219,0.4238561643835616,0.008474302675844937,0.007216668805962424,0.005885450856580922,0.0085571947832614,0.0066777466691687,0.0064128902702195525,0.49799315068493155,0.44356164383561647,0.4834383561643835,0.034676603922341676,0.03164797477086828,0.07256785256726117,139,146,0.4359408729317835,0.5034931506849311,68.57543859649122,285,23
1853,1853.0,0.4625255474452555,0.41273722627737225,0.4093357664233576,0.4747635135135134,0.41988513513513515,0.42265540540540536,0.008581519420320741,0.007163040439021792,0.005785171932441793,0.008731369749817385,0.0069024124817384964,0.006222901524835647,0.49771621621621615,0.44550675675675677,0.48091216216216215,0.035190668770960665,0.03276953047938452,0.07157639573880453,137,148,0.4414466528879225,0.5026351351351348,68.59298245614035,285,22
1854,1854.0,0.45935971223021593,0.4129928057553956,0.40668345323741006,0.47055172413793095,0.42010344827586205,0.4237724137931035,0.008578935355312872,0.007090323689250039,0.005573525697427669,0.00906852318668252,0.0067721755053507735,0.0064215964803805,0.49026896551724136,0.4427862068965518,0.4876620689655172,0.03090925328702543,0.029793401141156195,0.08097861572810716,139,145,0.4558006416797275,0.4987586206896548,68.92957746478874,284,19
1855,1855.0,0.45703472222222224,0.4121597222222222,0.40638888888888886,0.4707876712328767,0.41926712328767124,0.4213630136986301,0.008786394627700618,0.007072703655478395,0.00597670987654321,0.009192797382248078,0.00685904508350535,0.006533696988177895,0.49082191780821915,0.4498561643835617,0.48882191780821926,0.03378719558599691,0.037696442161339494,0.08243302891933041,144,146,0.44915098616519267,0.48746575342465714,69.01724137931035,290,23
1856,1856.0,0.45600684931506846,0.41242465753424656,0.4062808219178083,0.47170547945205477,0.419,0.42171232876712333,0.008627047898292363,0.007069915556389568,0.005988380043160068,0.009518399559016701,0.006665328767123288,0.006628451491837118,0.49332876712328777,0.4525958904109589,0.4836712328767122,0.03732191780821931,0.040171232876712315,0.07739041095890392,146,146,0.4442943355831336,0.4821232876712326,68.8527397260274,292,24
1857,1857.0,0.45201388888888894,0.4105625,0.40679166666666666,0.4708904109589041,0.417013698630137,0.42348630136986304,0.008690749807098767,0.006903648871527778,0.0060296232638888895,0.009636070182022893,0.006638780634265341,0.006516208716457122,0.48776712328767124,0.4505410958904109,0.48849315068493154,0.03575323439878231,0.03997859589041092,0.08170148401826488,144,146,0.4445907359622336,0.48554794520547906,68.95862068965518,290,22
1858,1858.0,0.45252482269503547,0.4100780141843972,0.40927659574468084,0.4722676056338027,0.41930281690140847,0.4212183098591549,0.008622391227805443,0.007410908807404052,0.006154058246567074,0.00942032275342194,0.006598591400515771,0.006489325580242016,0.4886478873239437,0.4490633802816901,0.480830985915493,0.03612306462890824,0.03898536609729292,0.07155439017081217,141,142,0.4445644043893056,0.48316901408450663,69.17667844522968,283,22
1859,1859.0,0.4541703703703704,0.40927407407407407,0.40888148148148146,0.4730141843971631,0.4204326241134752,0.41841843971631204,0.00828151912208505,0.00786649525377229,0.006204415582990397,0.009430595543483728,0.006926983049142398,0.006545066042955586,0.49043971631205674,0.4478156028368794,0.47592198581560274,0.03626934594168635,0.03854152876280531,0.06704050433412129,135,141,0.45287928061108335,0.48184397163120524,67.44565217391305,276,23
1860,1860.0,0.4545925925925926,0.40838518518518524,0.40473333333333333,0.4727986111111111,0.41661805555555553,0.4184930555555556,0.0082015451303155,0.0072279405212620045,0.006133884444444446,0.009519633053626544,0.007431444396219136,0.006531291618441359,0.48904861111111114,0.446,0.4778055555555556,0.03445601851851854,0.03761481481481477,0.07307222222222226,135,144,0.4688125550029867,0.47965277777777743,68.17204301075269,279,20
1861,1861.0,0.4543851851851852,0.41105925925925935,0.4094666666666667,0.47068000000000004,0.41554666666666673,0.41906,0.007950370150891633,0.006796826117969823,0.006285582222222224,0.009959257600000002,0.0075457011555555556,0.0065558830666666654,0.4855266666666666,0.44944000000000006,0.48090666666666665,0.03114148148148138,0.038380740740740715,0.07143999999999995,135,150,0.46500344110468333,0.4642666666666664,67.46666666666667,285,19
1862,1862.0,0.45337500000000003,0.4123602941176471,0.40735294117647064,0.4717635135135135,0.4165743243243243,0.41919594594594595,0.008176999080882354,0.006789406952854672,0.006680375432525952,0.010011815695763333,0.007649055286705627,0.006518671064645728,0.4860405405405405,0.44989189189189194,0.476162162162162,0.032665540540540494,0.03753159777424486,0.06880922098569137,136,148,0.46340350538810204,0.45547297297297257,68.27464788732394,284,20
1863,1863.0,0.453375,0.41194852941176474,0.40963970588235293,0.4718684210526316,0.4161513157894737,0.4211973684210526,0.008633087316176472,0.006973960586072664,0.0066490098940311425,0.00988785110803324,0.007615154735110804,0.006412829466759003,0.4873157894736842,0.44675000000000004,0.4767631578947368,0.03394078947368423,0.034801470588235295,0.06712345201238384,136,152,0.4741604408006028,0.444802631578947,69.17361111111111,288,19
1864,1864.0,0.4534848484848485,0.41256818181818183,0.4093939393939394,0.47265789473684205,0.4183486842105263,0.4200723684210526,0.008820431588613408,0.006787215048209366,0.006741132690541782,0.009825225069252078,0.007820621840373961,0.006582540815443213,0.49073684210526314,0.4469868421052632,0.47511184210526325,0.03725199362041465,0.03441866028708135,0.06571790271132383,132,152,0.4819687752364818,0.45059210526315757,69.47183098591549,284,20
1865,1865.0,0.4551742424242424,0.4126818181818182,0.40862121212121216,0.47346666666666676,0.41686,0.4198866666666667,0.008861659033516989,0.006861656336088153,0.006547492883379247,0.009810035555555556,0.0080780004,0.006638367155555556,0.4866,0.44073333333333325,0.4727133333333333,0.03142575757575755,0.02805151515151505,0.06409212121212116,132,150,0.4848429188112604,0.45273333333333304,69.46808510638297,282,19
1866,1866.0,0.4600458015267176,0.41164885496183207,0.41045801526717557,0.47209459459459463,0.4152702702702703,0.4221351351351351,0.008787997902220152,0.00711993776586446,0.006461790222015035,0.009282004565376189,0.00781177830533236,0.007107454711468226,0.48496621621621616,0.43963513513513514,0.4694054054054055,0.02492041468949857,0.02798628017330307,0.058947390138229916,131,148,0.4752156354255969,0.4539864864864862,68.53763440860214,279,21
1867,1867.0,0.4631804511278196,0.41209774436090224,0.40951879699248117,0.47174149659863945,0.4143537414965986,0.4218095238095238,0.008537651647916785,0.00718634382949856,0.006444986488778336,0.00935859984265815,0.007883044934980796,0.007358331065759638,0.4833809523809523,0.4401836734693877,0.4699795918367347,0.02020050125313272,0.028085929108485452,0.06046079484425354,133,147,0.4679428933352656,0.4511564625850338,68.95714285714286,280,24
1868,1868.0,0.45998473282442753,0.4119312977099236,0.4100763358778626,0.4724466666666667,0.4138266666666667,0.4200466666666667,0.008214335644775946,0.007490796806712897,0.006356803333139095,0.009762180488888888,0.008122089955555556,0.007195217822222224,0.4818333333333333,0.44637333333333323,0.46278666666666674,0.021848600508905747,0.03444203562340964,0.05271033078880416,131,150,0.4650459823380443,0.4739333333333331,68.80071174377224,281,22
1869,1869.0,0.46038235294117646,0.4129779411764706,0.4087647058823529,0.4720779220779221,0.4148051948051948,0.42018181818181816,0.007997294982698962,0.007410889219290658,0.006344547577854671,0.009536292629448474,0.008025767245741272,0.0071462786304604484,0.47908441558441556,0.44540259740259747,0.46162337662337666,0.018702062643239092,0.03242465622612689,0.05285867074102374,136,154,0.4785821893530451,0.45357142857142824,68.93448275862069,290,21
1870,1870.0,0.4610075187969924,0.41241353383458645,0.4083157894736842,0.4733806451612903,0.4177096774193549,0.4198774193548388,0.00826942099609927,0.007357896658940586,0.006183674713098536,0.009008042206035382,0.008335677003121749,0.007347810780437045,0.47970967741935494,0.44557419354838707,0.4596645161290323,0.01870215862236252,0.03316065971380061,0.05134872665534812,133,155,0.4720412583296922,0.4559999999999997,68.70833333333333,288,24
1871,1871.0,0.4619850746268657,0.41227611940298503,0.4081865671641791,0.4738947368421053,0.41960526315789476,0.4200197368421053,0.008275044553352639,0.00730043868344843,0.006435405491200713,0.00912219944598338,0.008315225761772854,0.007363519347299168,0.48352631578947375,0.449,0.4611118421052631,0.021541241162608027,0.03672388059701498,0.05292527494108401,134,152,0.46053029220224656,0.4799342105263155,69.0979020979021,286,21
1872,1872.0,0.46317424242424243,0.4101969696969698,0.40920454545454543,0.4724743589743589,0.418897435897436,0.4216410256410256,0.008208552972910926,0.007057370293847566,0.006586359676308539,0.009035185239973703,0.008213758711374097,0.007466178829717292,0.4854294871794872,0.45022435897435886,0.4629166666666667,0.022255244755244763,0.04002738927738908,0.05371212121212127,132,156,0.45996676062716724,0.47134615384615347,69.22222222222223,288,24
1873,1873.0,0.461953488372093,0.40897674418604646,0.4102403100775194,0.4743290322580645,0.4198903225806451,0.4206129032258064,0.00807258698395529,0.006838022714981072,0.00658315930533021,0.008868478834547349,0.008127542809573361,0.007587746930280957,0.4870129032258064,0.4509806451612903,0.46013548387096775,0.025059414853713435,0.04200390097524387,0.04989517379344838,129,155,0.4771159766845467,0.4732903225806449,69.99295774647888,284,21
1874,1874.0,0.4582047244094488,0.4101811023622047,0.41108661417322834,0.47255555555555556,0.4202091503267974,0.41871895424836597,0.007444052576105152,0.006838006572013145,0.006692142104284209,0.00853152795933188,0.008271524883591782,0.007521966764919475,0.4855816993464053,0.44809803921568625,0.45490849673202616,0.02737697493695651,0.037916936853481575,0.04382188255879782,127,153,0.4809643105355857,0.4799999999999997,70.21785714285714,280,19
1875,1875.0,0.45730232558139533,0.4115116279069767,0.41195348837209306,0.47480794701986756,0.42084105960264906,0.41812582781456953,0.007211063638002523,0.0068650405624662,0.006569548224265368,0.008238936625586597,0.008243484671724925,0.007484242445506775,0.4863311258278146,0.44646357615894045,0.4463841059602649,0.029028800246419295,0.03495194825196374,0.03443061758817184,129,151,0.49422246222377764,0.46682119205297984,70.80357142857143,280,20
1876,1876.0,0.4553671875,0.41117187499999996,0.41321875,0.47610967741935484,0.41900000000000004,0.4184064516129033,0.007275622985839844,0.006683548583984377,0.006618624023437501,0.00818950409989594,0.008170516129032258,0.0073709122164412055,0.4896193548387096,0.4456451612903226,0.44454193548387094,0.034252167338709616,0.03447328629032265,0.03132318548387092,128,155,0.4861829334175568,0.4595483870967739,70.92226148409894,283,23
1877,1877.0,0.45220930232558143,0.411968992248062,0.4163333333333333,0.47700000000000004,0.4184551282051282,0.4176794871794871,0.007431095727420227,0.006742138573403042,0.006413043927648579,0.00786997435897436,0.007856876191650227,0.00743124342537804,0.4900192307692309,0.44580128205128194,0.44421153846153844,0.03780992844364944,0.03383228980321995,0.027878205128205158,129,156,0.49132416635123016,0.44999999999999973,69.90877192982457,285,26
1878,1878.0,0.453922480620155,0.4127364341085271,0.41650387596899224,0.4782760736196319,0.4213865030674847,0.41561349693251537,0.007135172285319393,0.006617093323718527,0.00642415696172105,0.008096101697466973,0.007999292333170236,0.007445991719673304,0.49414110429447855,0.44558895705521473,0.437840490797546,0.04021862367432355,0.03285252294668761,0.021336614828553757,129,163,0.46562140279334197,0.44435582822085856,69.48287671232876,292,29
1879,1879.0,0.4563157894736842,0.4134661654135338,0.4150751879699248,0.4810949367088608,0.4265822784810127,0.413746835443038,0.006992757419865453,0.006760865396574143,0.006186716151280456,0.007908364404742829,0.00788472424290979,0.007475062489985579,0.50226582278481,0.44760759493670893,0.4330949367088608,0.04595003331112585,0.034141429523175115,0.01801974873893597,133,158,0.4777391120009803,0.4444303797468351,69.66666666666667,291,25
1880,1880.0,0.45607633587786256,0.4176259541984733,0.414412213740458,0.48133333333333334,0.4273518518518518,0.41351234567901235,0.006855017073597109,0.006910905891265079,0.006389433133267292,0.007979876543209875,0.0077584132373113845,0.007445595526596556,0.5049320987654321,0.4485802469135803,0.431962962962963,0.04885576288756954,0.030954292715106968,0.01755074922250499,131,162,0.49333749874166233,0.4402469135802466,68.89761092150171,293,23
1881,1881.0,0.45391269841269843,0.41900793650793644,0.4165952380952381,0.479575,0.4272499999999999,0.412575,0.006666603489543967,0.0068898650163769235,0.005937336167800454,0.007914519375000002,0.0078808375,0.0076265068749999994,0.5012875,0.4531625,0.42874999999999996,0.04737480158730156,0.03415456349206358,0.01215476190476189,126,160,0.5071004193806405,0.43937499999999974,68.47902097902097,286,24
1882,1882.0,0.4535769230769231,0.41686153846153845,0.4147153846153846,0.4790506329113925,0.4252658227848102,0.41305063291139243,0.006858767159763314,0.006857580828402368,0.005960726686390533,0.008023339208460182,0.007642195161031886,0.007605048069219676,0.5022721518987342,0.45742405063291136,0.4313037974683545,0.0486952288218111,0.04056251217137291,0.016588412852969914,130,158,0.5256054284736824,0.4253164556962021,68.50694444444444,288,24
1883,1883.0,0.4557751937984496,0.41732558139534887,0.4123488372093023,0.4788841463414635,0.4236646341463414,0.4130548780487804,0.006874189772249264,0.006582529655669731,0.006239374436632414,0.008166236577929805,0.007533576554134444,0.007761722598155859,0.5025731707317073,0.4531829268292683,0.4276646341463415,0.04679797693325766,0.03585734543391944,0.015315796937039161,129,164,0.5138303416847984,0.442073170731707,68.74744027303754,293,20
1884,1884.0,0.45646923076923074,0.4177153846153846,0.4104538461538462,0.4799691358024691,0.42375308641975307,0.411820987654321,0.006926895207100591,0.0068933728402366876,0.006125247869822485,0.008283511393080324,0.0075283958238073455,0.007916579065691206,0.5066358024691359,0.44834567901234573,0.418716049382716,0.05016657169990513,0.030630294396961133,0.00826220322886978,130,162,0.5029600975967371,0.46345679012345653,69.28424657534246,292,18
1885,1885.0,0.4570992366412213,0.4169618320610687,0.40941984732824427,0.4811829268292683,0.42334756097560977,0.4080182926829268,0.006917829846745528,0.006810128314200805,0.00682824357554921,0.008226808001189767,0.007344324323319452,0.008146749665377753,0.5066341463414634,0.4483841463414634,0.41590853658536586,0.0495349097002421,0.031422314280394714,0.006488689257121594,131,164,0.49667706758073665,0.46365853658536554,69.60677966101694,295,19
1886,1886.0,0.46102439024390246,0.41936585365853646,0.4038130081300813,0.48251234567901236,0.4241111111111111,0.4095555555555556,0.006674170136823319,0.007078833630775333,0.006989143895829202,0.007623965896966926,0.007286641975308641,0.008117555555555557,0.5104259259259258,0.4497592592592593,0.4216913580246913,0.04940153568202338,0.030393405600722845,0.017878349894610013,123,162,0.507274116054206,0.47333333333333305,68.71578947368421,285,20
1887,1887.0,0.46168548387096775,0.41992741935483874,0.4042096774193548,0.48476219512195123,0.42343902439024383,0.4103963414634146,0.006674102692507805,0.006901486667533819,0.00695389151925078,0.007723291009815587,0.007140453599048184,0.008145190474419988,0.516,0.4503841463414634,0.4284024390243903,0.054314516129032264,0.03045672698662466,0.024192761605035473,124,164,0.4992176929629717,0.47475609756097537,69.36805555555556,288,21
1888,1888.0,0.46266399999999996,0.4234,0.40611200000000003,0.48363924050632906,0.4216708860759493,0.410006329113924,0.006787359104,0.006854720000000002,0.007230435456,0.007746104029802916,0.006573398013138922,0.008098158187790416,0.5178227848101266,0.4476139240506328,0.4345253164556962,0.05515878481012659,0.02421392405063283,0.02841331645569617,125,158,0.4927082514442893,0.46113924050632876,69.08833922261483,283,27
1889,1889.0,0.4636456692913386,0.4190944881889763,0.4092047244094488,0.4858333333333333,0.42270512820512823,0.4111025641025641,0.0068152524025048055,0.006612762725525451,0.007276493520987041,0.00787743376068376,0.006479387409598949,0.008104822813938201,0.5255897435897435,0.4484102564102564,0.43989102564102567,0.06194407429840493,0.02931576822128007,0.030686301231576896,127,156,0.5263765190831333,0.4430769230769228,69.12367491166077,283,21
1890,1890.0,0.4673692307692308,0.4204076923076923,0.4083076923076923,0.4897434210526316,0.4220197368421053,0.40925,0.007087263668639055,0.006612749171597634,0.007351643786982248,0.007143019693559557,0.006502585136772853,0.007632950657894736,0.5306513157894737,0.447375,0.4333486842105263,0.06328208502024285,0.026967307692307707,0.025040991902833987,130,152,0.5243896091279722,0.4299999999999997,68.89716312056737,282,23
1891,1891.0,0.4694772727272727,0.4197272727272727,0.41063636363636363,0.48822000000000004,0.42204,0.4078733333333333,0.006860855544077134,0.0060644256198347105,0.007158064738292011,0.007002718266666665,0.006762451733333333,0.007494337288888889,0.5358,0.44891333333333333,0.4322133333333334,0.06632272727272737,0.029186060606060604,0.02157696969696976,132,150,0.5193701066612642,0.41626666666666634,67.9645390070922,282,23
1892,1892.0,0.47023664122137404,0.4214961832061068,0.40754961832061065,0.4897516778523491,0.41914093959731547,0.4096107382550336,0.006733615756657537,0.006293562962531322,0.007606797156342871,0.006943851087788839,0.006863449934687627,0.007540949146434846,0.5357046979865772,0.44581879194630875,0.4347046979865772,0.06546805676520312,0.024322608740201923,0.02715507966596653,131,149,0.5297583180762778,0.43013422818791913,68.08928571428571,280,19
1893,1893.0,0.47046923076923075,0.42056153846153843,0.4070615384615385,0.4912312925170068,0.41953061224489796,0.4085578231292517,0.0067675567455621295,0.006467723136094675,0.00754342698224852,0.006868640381322596,0.006940344300985701,0.00753695413947892,0.5386938775510205,0.44874829931972793,0.43700000000000006,0.06822464678178974,0.028186760858189497,0.02993846153846158,130,147,0.5231226363635427,0.44598639455782285,69.01805054151625,277,18
1894,1894.0,0.47062790697674417,0.41700775193798445,0.40775968992248063,0.49175172413793106,0.4180068965517242,0.40754482758620697,0.006965396430502974,0.006695263505798931,0.007277391863469744,0.0069375107728894166,0.006905262021403092,0.0075516824732461355,0.5388758620689655,0.444144827586207,0.4341724137931034,0.06824795509222137,0.02713707564822254,0.026412723870622767,129,145,0.5209180143895448,0.4448275862068963,69.3905109489051,274,21
1895,1895.0,0.4697539682539683,0.41892063492063497,0.4060873015873015,0.4923623188405797,0.41689855072463766,0.40692753623188405,0.006972248992189468,0.006115565129755607,0.007226508251448728,0.006935665826507037,0.006752496954421341,0.007727052720016804,0.5425072463768117,0.4423478260869565,0.4413115942028985,0.07275327812284338,0.023427191166321526,0.03522429261559701,126,138,0.49852536938877917,0.4703623188405794,69.68939393939394,264,24
1896,1896.0,0.4686744186046512,0.4186821705426357,0.4037209302325581,0.49386231884057974,0.41484057971014493,0.4108260869565218,0.007169072291328646,0.00630339510846704,0.007010077158824589,0.006975031768536022,0.006698786179374081,0.007630969754253309,0.5471304347826087,0.44065942028985505,0.4468478260869565,0.0784560161779575,0.021977249747219374,0.043126895854398384,129,138,0.48546326509889054,0.4818115942028982,69.4119850187266,267,25
1897,1897.0,0.46984799999999993,0.416832,0.40504,0.49809420289855066,0.41284057971014493,0.4106304347826087,0.007064176896,0.006361067775999999,0.0069209184,0.006820027357697962,0.006711249947490024,0.0072875083490863265,0.5454130434782608,0.437072463768116,0.4413913043478261,0.07556504347826087,0.020240463768116,0.036351304347826074,125,138,0.5010374788143445,0.4929710144927533,69.31939163498099,263,22
1898,1898.0,0.4728031496062993,0.4117244094488189,0.4053385826771653,0.49702189781021905,0.4112992700729927,0.40998540145985407,0.006778866761733524,0.0070993492466984946,0.007051231818463638,0.006949130907347221,0.0066680783206350906,0.007280452341627152,0.5418321167883211,0.43662773722627735,0.44208759124087593,0.06902896718202178,0.02490332777745846,0.036749008563710606,127,137,0.5177559103805282,0.4989781021897807,69.76515151515152,264,20
1899,1899.0,0.4733,0.4151538461538462,0.4037846153846154,0.49868888888888885,0.4109407407407408,0.41153333333333336,0.006677071538461539,0.007320499408284025,0.007420984378698226,0.006947592098765432,0.006824989080932787,0.007044693333333333,0.5421629629629631,0.43801481481481486,0.43705925925925926,0.06886296296296307,0.02286096866096865,0.03327464387464385,130,135,0.5062237015232529,0.5071111111111107,69.77358490566037,265,20
1900,1900.0,0.4747016129032259,0.41550000000000004,0.4044596774193549,0.49961068702290073,0.4050229007633588,0.41036641221374043,0.006555870642559834,0.007577879032258066,0.0075501354708636835,0.0070162835499096785,0.006999121612959619,0.0071568123069751174,0.5414503816793893,0.43485496183206107,0.43276335877862593,0.06674876877616343,0.019354961832061035,0.028303681359271027,124,131,0.494461295044755,0.5174045801526714,68.85098039215686,255,21
1901,1901.0,0.471984251968504,0.41290551181102364,0.4043464566929134,0.5001496062992126,0.40605511811023615,0.40840157480314954,0.006605511563023127,0.007556117056234113,0.007542856345712691,0.006809985491970983,0.006779815859631719,0.00705209858019716,0.5416614173228345,0.43744881889763787,0.43615748031496065,0.06967716535433044,0.02454330708661423,0.03181102362204724,127,127,0.4828043615465332,0.5325196850393696,68.89370078740157,254,19
1902,1902.0,0.47439200000000004,0.4137360000000001,0.40041600000000005,0.5001811023622047,0.40610236220472434,0.4062677165354331,0.006894222336,0.007544642303999999,0.007210242943999999,0.006777896335792672,0.006760910781821565,0.007051471634943269,0.5404881889763777,0.4348503937007875,0.43552755905511814,0.0660961889763777,0.02111439370078738,0.03511155905511809,125,127,0.46614291930942536,0.5452755905511806,68.68253968253968,252,21
1903,1903.0,0.4765193798449613,0.41131782945736434,0.40235658914728684,0.5034251968503938,0.4060393700787401,0.40781889763779533,0.006957908539150292,0.007654263325521303,0.007128415479838951,0.006826244404488807,0.00639512443424887,0.006974305784611568,0.5458897637795275,0.43301574803149606,0.4383307086614174,0.06937038393456618,0.021697918574131725,0.03597411951413054,129,127,0.48713991055610584,0.5416535433070861,68.76171875,256,18
1904,1904.0,0.47635433070866134,0.4113779527559055,0.4006614173228346,0.5032748091603053,0.4048167938931298,0.40929770992366415,0.006979425630851261,0.00760623510447021,0.007116019220038439,0.006857451197482663,0.006301813763766681,0.006915735796282267,0.5426412213740458,0.42848854961832067,0.43709160305343514,0.06628689066538446,0.017110596862415173,0.03643018573060053,127,131,0.5088429388909864,0.515801526717557,68.55426356589147,258,19
1905,1905.0,0.47722222222222216,0.4131190476190476,0.4001190476190475,0.5012121212121212,0.4050454545454545,0.4077121212121212,0.007056839506172841,0.007379200113378684,0.0074006286848072545,0.007007318640955005,0.00623961914600551,0.006833235307621671,0.5381515151515152,0.428969696969697,0.4385757575757576,0.060929292929293,0.015850649350649393,0.03845670995671013,126,132,0.5103780549278948,0.5103030303030299,68.27906976744185,258,21
1906,1906.0,0.47659199999999996,0.41191999999999995,0.39912,0.49704477611940295,0.404910447761194,0.40939552238805965,0.007066641536,0.007304793599999999,0.007420601599999999,0.00699434127868122,0.006071753174426376,0.0070711644575629316,0.5372164179104479,0.42797014925373134,0.437134328358209,0.06062441791044798,0.016050149253731383,0.038014328358209004,125,134,0.49640781693823305,0.515373134328358,68.33590733590734,259,23
1907,1907.0,0.4768661417322835,0.41392913385826774,0.39886614173228346,0.49661481481481473,0.4027185185185185,0.41124444444444447,0.007244383656767314,0.00718653828507657,0.007202178932357864,0.00709562941015089,0.006145550397805214,0.0072168809876543205,0.5348740740740741,0.4277259259259259,0.44078518518518517,0.05800793234179058,0.013796792067658159,0.041919043452901705,127,135,0.5003290296306064,0.5142962962962959,68.6412213740458,262,22
1908,1908.0,0.4812698412698414,0.41196031746031747,0.39592857142857135,0.498463768115942,0.4028840579710145,0.41176811594202894,0.007502689090450996,0.006950450806248425,0.007195732993197278,0.007095379122033187,0.006334174963243016,0.007048467968914093,0.536963768115942,0.4313188405797102,0.44006521739130433,0.05569392684610064,0.019358523119392734,0.04413664596273298,126,138,0.5029946436646973,0.5156521739130432,68.43560606060606,264,20
1909,1909.0,0.4840232558139535,0.41131782945736434,0.39764341085271315,0.4978125,0.4040902777777778,0.4117638888888889,0.007439418063818279,0.007001240069707349,0.00730443098371492,0.007194291232638889,0.006319804349922841,0.006713708140432099,0.5427222222222222,0.4357847222222222,0.44199305555555557,0.058698966408268716,0.02446689276485786,0.04434964470284242,129,144,0.49790295078407193,0.5024999999999997,68.01098901098901,273,20
1910,1910.0,0.48442622950819675,0.4135163934426229,0.3983524590163935,0.49849305555555556,0.4045694444444445,0.40804166666666664,0.00714875275463585,0.006955069403386186,0.007590572493953237,0.007264458285108025,0.006268286844135804,0.0067008038194444446,0.540138888888889,0.43799305555555557,0.44020138888888893,0.0557126593806922,0.024476662112932646,0.041848929872495444,122,144,0.49698221575697327,0.5081944444444441,67.3609022556391,266,21
1911,1911.0,0.4857983193277311,0.4134369747899159,0.4000840336134454,0.4956575342465753,0.4049178082191781,0.4047328767123287,0.007258665207259373,0.006926414095049784,0.007244060165242568,0.007379101895289923,0.006232198723963221,0.007355223165697129,0.5405684931506849,0.440472602739726,0.43311643835616437,0.054770173822953794,0.02703562794981007,0.03303240474271896,119,146,0.4966723235409171,0.5113698630136985,67.41132075471698,265,21
1912,1912.0,0.48173913043478267,0.41115652173913037,0.40424347826086954,0.49358503401360554,0.40657823129251697,0.4043265306122449,0.007413010207939508,0.007111453761814744,0.006371801587901701,0.007552378823638298,0.006322584015919293,0.007615253921976954,0.5446326530612244,0.44418367346938775,0.43150340136054427,0.06289352262644177,0.03302715173025739,0.027259923099674732,115,147,0.49752791437959903,0.5045578231292515,67.68320610687023,262,27
1913,1913.0,0.47931355932203396,0.40882203389830507,0.4057627118644068,0.49139473684210533,0.4078881578947368,0.4017763157894737,0.007702893205975294,0.0071425700229819,0.006439503016374606,0.0078735283933518,0.006434230912396123,0.00743394996537396,0.5452368421052632,0.43838157894736834,0.4215855263157894,0.06592328278322929,0.029559545049063274,0.01582281445138256,118,152,0.48190284337761036,0.5084210526315786,67.32222222222222,270,25
1914,1914.0,0.4776386554621848,0.4103781512605042,0.40073109243697475,0.4897702702702702,0.4093986486486487,0.39970270270270275,0.007788348421721629,0.007289798178094768,0.006421373066873807,0.007797231008035061,0.0062787262143900666,0.007469830533235937,0.5438513513513513,0.4373918918918919,0.42174999999999996,0.0662126958891665,0.027013740631387728,0.021018907563025213,119,148,0.5072311768848538,0.5217567567567564,67.11235955056179,267,18
1915,1915.0,0.47863865546218487,0.41126050420168064,0.3996806722689076,0.4887571428571429,0.41000000000000003,0.3995,0.0077038106065955795,0.00724121785184662,0.006086368618035451,0.007608498163265305,0.00627697142857143,0.007636549999999999,0.5475714285714286,0.44237857142857145,0.4186357142857142,0.06893277310924373,0.03111806722689081,0.018955042016806645,119,140,0.4974624057068077,0.5348571428571426,66.8069498069498,259,22
1916,1916.0,0.47885123966942156,0.4097520661157025,0.39822314049586777,0.4904662162162162,0.41187162162162166,0.4009932432432433,0.007607944812512807,0.0074015087767229015,0.006025644423195137,0.007645289399196494,0.00638078757304602,0.007551925630021914,0.5493986486486487,0.4411756756756757,0.4229932432432433,0.07054740897922718,0.03142360955997325,0.02477010274737551,121,148,0.48457831282639396,0.5228378378378377,67.08921933085502,269,23
1917,1917.0,0.4786101694915254,0.41088135593220343,0.3981440677966101,0.49340764331210185,0.4120127388535032,0.40319745222929937,0.00760625481183568,0.00746744355070382,0.005938106363114046,0.007418088604000162,0.006097197289950912,0.007532349547648991,0.5519808917197452,0.43557324840764333,0.4250254777070064,0.07337072222821978,0.024691892475439903,0.02688140991039628,118,157,0.48144081032525987,0.5237579617834393,65.97454545454545,275,21
1918,1918.0,0.47933606557377056,0.41414754098360657,0.3999262295081967,0.49469811320754714,0.4133836477987422,0.40384276729559737,0.0078307968959957,0.007326765116904058,0.005949199475947327,0.007387154147383412,0.006342475455875954,0.007479805466555909,0.5527421383647798,0.4366037735849056,0.4252452830188679,0.07340607279100925,0.02245623260129903,0.025319053510671208,122,159,0.5047945649247492,0.5052201257861633,66.19217081850533,281,17
1919,1919.0,0.4808225806451613,0.41608870967741934,0.40158870967741933,0.49521874999999993,0.4122,0.4050625,0.00785003303850156,0.007688822775754422,0.0061226292273673264,0.0074030208984374995,0.006399210000000002,0.00741217109375,0.5545687499999999,0.435175,0.42779999999999996,0.07374616935483863,0.019086290322580635,0.026211290322580627,124,160,0.48344651008381956,0.5161249999999997,66.30985915492958,284,18
1920,1920.0,0.4786829268292682,0.4151056910569106,0.40309756097560984,0.4987547169811321,0.40976100628930817,0.4077987421383648,0.007585810033710092,0.007724094520457401,0.006080478286734086,0.007233543609825561,0.0069834020015031055,0.007039619872631619,0.5537547169811321,0.4317924528301887,0.43229559748427665,0.07507179015186388,0.016686761773278103,0.029198036508666814,123,159,0.47847821655326206,0.5188050314465406,65.8581560283688,282,20
1921,1921.0,0.4781328125,0.415453125,0.405109375,0.4973674698795182,0.4116204819277109,0.41359638554216854,0.007461458923339843,0.007632841552734374,0.006243456787109376,0.007265316773116565,0.007233440303382204,0.0069910117941646074,0.5533614457831325,0.43714457831325304,0.4428132530120482,0.0752286332831325,0.021691453313253062,0.03770387801204822,128,166,0.45718662076125677,0.5096385542168672,65.4421768707483,294,22
1922,1922.0,0.4794999999999999,0.4215692307692308,0.40405384615384615,0.4978888888888889,0.412608187134503,0.41435087719298247,0.007533726923076922,0.007836075976331361,0.0063741586390532535,0.007504051981806367,0.007315828938818781,0.007073935364727609,0.5624912280701755,0.4418538011695907,0.44132748538011696,0.08299122807017556,0.020284570400359914,0.037273639226270805,130,171,0.4672906172979847,0.49269005847953184,64.31893687707641,301,20
1923,1923.0,0.4780916030534351,0.42135114503816795,0.40252671755725195,0.4999644970414201,0.4135680473372781,0.41359763313609466,0.007940632830254648,0.008039204941436978,0.006379379057164501,0.007245856727705613,0.007309854837015513,0.007122110290255943,0.5668224852071007,0.441715976331361,0.4351005917159763,0.08873088215366554,0.020364831293193053,0.03257387415872437,131,169,0.46372221095890903,0.4818343195266269,64.72,300,23
1924,1924.0,0.4789242424242425,0.4224924242424243,0.40212878787878786,0.5015941176470587,0.41482352941176476,0.41364705882352937,0.007293297291092745,0.008006143882001836,0.0062243849288337915,0.007217252906574394,0.007402486505190313,0.007303451903114186,0.569635294117647,0.4490176470588235,0.43605294117647053,0.09071105169340454,0.02652522281639924,0.03392415329768267,132,170,0.46449941500952974,0.47435294117647026,64.65894039735099,302,24
1925,1925.0,0.477780303030303,0.4242954545454546,0.40140909090909094,0.5011511627906977,0.41724418604651164,0.4122906976744185,0.007273959308999082,0.008141147555096418,0.006278362947658402,0.007166709707950244,0.007957754326663062,0.007168380611141157,0.5653023255813954,0.45448837209302323,0.42909883720930236,0.08752202255109237,0.030192917547568643,0.027689746300211426,132,172,0.4604839948549896,0.47424418604651136,64.52960526315789,304,24
1926,1926.0,0.4764961832061068,0.42822137404580146,0.4004961832061069,0.5007670454545454,0.4186477272727273,0.41271022727272727,0.007140723267874831,0.008814966260707418,0.006523883573218344,0.006833235504907025,0.00804439863119835,0.00710476262267562,0.5604772727272728,0.45575568181818177,0.42619318181818183,0.08398108952116595,0.027534307772380306,0.025696998612074917,131,176,0.4606759271233645,0.47392045454545423,64.68729641693811,307,21
1927,1927.0,0.4750300751879699,0.4263984962406015,0.40133834586466166,0.5014972375690607,0.4194861878453039,0.4132983425414364,0.007033984057889084,0.008940269772174795,0.0065086599581660924,0.006733819053142455,0.008195155886572448,0.0071093806049876375,0.5606298342541436,0.4567127071823204,0.4248232044198895,0.08559975906617368,0.030314210941718878,0.02348485855522786,133,181,0.45470797190789625,0.4728176795580108,64.6656050955414,314,20
1928,1928.0,0.4766492537313433,0.42268656716417913,0.4030597014925373,0.5023085106382978,0.4213351063829787,0.41347340425531914,0.007288496380040098,0.009023827132991756,0.006455742704388506,0.007153564395654143,0.008317403661158896,0.007161110994794024,0.5559627659574468,0.4522765957446808,0.41979787234042554,0.07931351222610344,0.029590028580501693,0.016738170847888256,134,188,0.44776479206190284,0.4632978723404252,65.04658385093168,322,20
1929,1929.0,0.48038636363636367,0.4248484848484848,0.40190909090909094,0.5036510416666666,0.4226979166666667,0.4145729166666667,0.007122070420110193,0.009010916437098254,0.006608870523415978,0.0071210813530815965,0.008504960828993055,0.007236692599826389,0.5552447916666666,0.449546875,0.42391666666666666,0.07485842803030296,0.024698390151515204,0.022007575757575726,132,192,0.4602332159409751,0.4581249999999997,65.41666666666667,324,19
1930,1930.0,0.48262204724409447,0.4246614173228347,0.40266141732283467,0.5051813471502591,0.42401036269430054,0.4135751295336787,0.006915762663525328,0.008888885361770722,0.0058815782751565505,0.007037381620983113,0.008357015436656018,0.007488316894413273,0.5484248704663213,0.45106217616580313,0.4194507772020726,0.0658028232222268,0.02640075884296844,0.01678935987923791,127,193,0.47577058960088214,0.4475129533678754,65.28125,320,22
1931,1931.0,0.48269999999999996,0.4210692307692308,0.4025769230769231,0.5080052083333334,0.42383333333333334,0.41156250000000005,0.006796148461538461,0.008716218284023667,0.005885905621301775,0.006899942681206597,0.008282378472222221,0.007829694010416666,0.5509010416666666,0.45343229166666665,0.41644791666666664,0.06820104166666668,0.03236306089743585,0.01387099358974353,130,192,0.4700390329529441,0.44015624999999975,65.54347826086956,322,23
1932,1932.0,0.4845859375,0.4256953124999999,0.3983671875,0.5078497409326425,0.42225388601036273,0.41007772020725386,0.0066844301147460945,0.009180383728027344,0.006073013610839844,0.0068648427071867696,0.008193360412360065,0.0077471493999838915,0.5481295336787564,0.45081865284974093,0.41460103626943007,0.06354359617875638,0.025123340349741008,0.01623384876943007,128,193,0.4702290978417605,0.43658031088082877,64.71339563862928,321,22
1933,1933.0,0.4833636363636364,0.4248030303030303,0.40129545454545457,0.5085714285714286,0.4225408163265307,0.4100765306122449,0.006588973829201103,0.008881749081726354,0.006105980888429753,0.00690365306122449,0.008088023844231572,0.007889652306330696,0.5443724489795918,0.44872959183673466,0.4095714285714285,0.06100881261595542,0.02392656153370437,0.008275974025973909,132,196,0.4719601990736278,0.4290306122448977,64.57621951219512,328,18
1934,1934.0,0.4868062015503876,0.4233643410852714,0.39713953488372095,0.5092763819095477,0.42174874371859294,0.4089497487437186,0.006214667868517517,0.008889750976503815,0.006421732468000722,0.0067942401959546475,0.007904369031085073,0.007957153253705714,0.5448743718592963,0.448678391959799,0.4028341708542713,0.058068170308908706,0.025314050874527594,0.005694635970550366,129,199,0.4964351228364442,0.41537688442211035,64.70426829268293,328,18
1935,1935.0,0.48568181818181816,0.42298484848484846,0.39849242424242426,0.5100304568527919,0.41958883248730966,0.4074060913705584,0.006304050275482094,0.00875340886134068,0.006741371154729111,0.006800933082532402,0.008465856321987169,0.007884921384215001,0.5421370558375634,0.44928934010152294,0.39425888324873104,0.05645523765574528,0.026304491616674475,0.004233540993693219,132,197,0.48444170273879633,0.4150253807106597,65.7112462006079,329,21
1936,1936.0,0.4876029411764705,0.4253970588235294,0.39769852941176476,0.5099326424870466,0.4172642487046632,0.4072176165803109,0.006378180579584774,0.008698415873702422,0.006517710586072666,0.00686921307954576,0.008607458670031412,0.007936418964267498,0.5413160621761658,0.4447357512953368,0.39366321243523317,0.053713120999695274,0.019338692471807417,0.004035316976531589,136,193,0.47591606839580836,0.4075647668393779,66.14893617021276,329,24
1937,1937.0,0.486978102189781,0.42576642335766424,0.39483211678832114,0.5083141361256545,0.41846596858638746,0.40663874345549744,0.006479933827055251,0.008565536682828069,0.006253716340774682,0.006969744250431732,0.008378070831391684,0.007923351169101723,0.5397277486910994,0.4471151832460733,0.38978010471204194,0.052749646501318415,0.021348759888409063,0.0050520120762792,137,191,0.46312106660024754,0.41947643979057564,67.14939024390245,328,21
1938,1938.0,0.48600746268656714,0.42486567164179107,0.3942238805970149,0.5062617801047122,0.4177225130890052,0.405413612565445,0.00631647009356204,0.008674056582757854,0.006145158832702162,0.007040496916202955,0.008334849702584909,0.007891457196897014,0.5366596858638744,0.44816230366492144,0.39258115183246073,0.05065222317730722,0.02329663202313037,0.00164272876455418,134,191,0.45999664769927856,0.43068062827225095,66.61538461538461,325,18
1939,1939.0,0.48461194029850757,0.4251940298507463,0.39680597014925373,0.5076507936507937,0.41749735449735453,0.40583597883597883,0.0063372822454889725,0.00850438026286478,0.006058977277790154,0.007009825144872764,0.008172969569720894,0.00793227468435934,0.5352698412698415,0.44489417989417995,0.39548677248677255,0.05065790097133388,0.019700150043433673,0.0013191976624811752,134,189,0.4414302121143751,0.4388359788359785,67.29721362229103,323,21
1940,1940.0,0.48016030534351145,0.42258778625954196,0.3987175572519084,0.5064086021505376,0.41813978494623655,0.406005376344086,0.005867096439601422,0.008791387331740574,0.005758691218460463,0.007019198635680426,0.00815837830963117,0.00779279029367557,0.5297043010752689,0.43959139784946244,0.3972043010752689,0.04954399573175744,0.017003611589920475,0.0015132561766394992,131,186,0.44633786558359745,0.4419892473118276,67.73817034700315,317,24
1941,1941.0,0.4809924812030074,0.4246466165413534,0.3992631578947369,0.5053936170212765,0.41875531914893616,0.4059095744680851,0.005797315732941376,0.008687025496071005,0.005776629996042739,0.006847653576278858,0.008149865663196016,0.007622816291308284,0.5287340425531915,0.43358510638297876,0.39849999999999997,0.047741561350184036,0.008938489841625374,0.00076315789473691,133,188,0.4481601243512154,0.44361702127659547,67.57320872274143,321,20
1942,1942.0,0.47986259541984727,0.4232137404580152,0.3984274809160306,0.5033715846994535,0.4152568306010929,0.40348633879781415,0.005867233028378301,0.008783984849367753,0.005490931763883223,0.006792703454865777,0.00817983021290573,0.0075369929827704615,0.5236010928961748,0.4261967213114755,0.40626775956284156,0.043738497476327576,0.0029829808534603264,0.007840278646810972,131,183,0.45105782659863897,0.4343715846994533,67.62420382165605,314,23
1943,1943.0,0.4764846153846154,0.4212153846153846,0.39730769230769236,0.5024777777777778,0.4141944444444445,0.40452222222222217,0.005860480532544378,0.00887613822485207,0.00532358224852071,0.006797060617283952,0.008052712191358027,0.007547005061728395,0.5267555555555555,0.4232444444444444,0.4048833333333334,0.05027094017094014,0.0020290598290598205,0.007575641025641011,130,180,0.4545981525869743,0.4383333333333331,67.7483870967742,310,22
1944,1944.0,0.4767109375,0.419421875,0.400265625,0.5017777777777778,0.41257894736842105,0.40008187134502915,0.005675018005371094,0.008410290771484375,0.005216945068359376,0.006958324886289799,0.008116898738073253,0.007345724291234909,0.531859649122807,0.41822222222222216,0.4057251461988304,0.055148711622807045,0.0011996527777778376,0.005459521198830364,128,171,0.464430370277615,0.43608187134502885,67.20066889632108,299,24
1945,1945.0,0.47490551181102364,0.41931496062992124,0.40064566929133866,0.5019281437125748,0.41382035928143707,0.4008203592814372,0.005748668237336473,0.008532625209250416,0.005103976811953624,0.007091252321703896,0.008088327010649363,0.007331907848972713,0.5318682634730539,0.42532335329341314,0.4030419161676646,0.0569627516620303,0.006008392663491902,0.002396246876325947,127,167,0.4770979028115577,0.4440119760479039,67.86054421768708,294,21
1946,1946.0,0.47335200000000005,0.41695200000000004,0.39828800000000003,0.5008802395209581,0.4130479041916167,0.39968862275449096,0.005737092096,0.007988205695999997,0.005083517056000001,0.006969817992757001,0.007867782136326152,0.007315208433432536,0.5313652694610779,0.42398203592814376,0.3982754491017964,0.05801326946107782,0.007030035928143719,1.2550898203622651e-05,125,167,0.4664706109903333,0.4517964071856285,68.11301369863014,292,23
1947,1947.0,0.47508064516129034,0.41584677419354843,0.3960000000000001,0.4992134146341464,0.4124939024390244,0.39889024390243905,0.005877783818938606,0.007843791037981268,0.005036822580645163,0.007016058112730517,0.007526871914039263,0.0070007928316478275,0.5317682926829269,0.42619512195121945,0.40717073170731705,0.056687647521636575,0.010348347757671017,0.011170731707316972,124,164,0.47785177100095644,0.4696341463414631,68.36458333333333,288,20
1948,1948.0,0.47491056910569107,0.41719512195121955,0.3968536585365854,0.4987891566265061,0.41163253012048184,0.39967469879518075,0.005879544847643598,0.008085100138806265,0.0048771655760460044,0.0066262868703730595,0.007661148098417767,0.006697725504427347,0.5317168674698796,0.42384337349397583,0.407921686746988,0.05680629836418849,0.006648251542756278,0.011068028210402592,123,166,0.4646261017854134,0.48421686746987924,68.48442906574394,289,19
1949,1949.0,0.47360629921259845,0.415496062992126,0.39703937007874013,0.49650303030303033,0.4111939393939393,0.40154545454545454,0.005829482794965591,0.008122234236468474,0.00506474648149296,0.006354128778696052,0.007850047235996327,0.005978150964187327,0.5255151515151515,0.4227030303030302,0.4078969696969697,0.051908852302553044,0.0072069673109042,0.010857599618229574,127,165,0.4502390256100926,0.4862424242424239,69.1541095890411,292,19
1950,1950.0,0.4763779527559056,0.41877165354330703,0.40136220472440953,0.49563414634146336,0.41141463414634133,0.4033780487804878,0.005498865025730051,0.008127152582305166,0.005185097154194308,0.006492707614515169,0.007828998810232005,0.00597054000594884,0.5205670731707317,0.4219878048780487,0.41639634146341464,0.04418912041482609,0.0032161513347416792,0.01503413673900511,127,164,0.4629207647951828,0.4782926829268289,68.74570446735395,291,21
1951,1951.0,0.47744444444444445,0.41922222222222216,0.402968253968254,0.4942173913043478,0.4102360248447205,0.40480124223602487,0.0056081516754850095,0.008160156966490301,0.005408348198538675,0.006708331623008372,0.007825323174260252,0.006065910805910266,0.5196894409937888,0.420888198757764,0.4277888198757764,0.04224499654934433,0.0016659765355418465,0.024820565907522407,126,161,0.45496166837634766,0.48627329192546553,69.25087108013938,287,21
1952,1952.0,0.4747868852459016,0.42259836065573764,0.40081967213114755,0.4919999999999999,0.41,0.40603144654088047,0.005758348024724536,0.008315174751410909,0.005213590432679387,0.006757987421383648,0.00792656603773585,0.006066055614888651,0.5182893081761006,0.42355974842767297,0.4288993710691824,0.043502422930199014,0.0009613877719353292,0.02807969893803486,122,159,0.46008409938045386,0.4925157232704399,69.61921708185054,281,22
1953,1953.0,0.4737983870967742,0.4214677419354838,0.40012903225806457,0.4906415094339623,0.4100628930817609,0.40549056603773587,0.005553289997398543,0.008163394120707598,0.005295547866805411,0.006781274000237334,0.007944926862070332,0.006088815948736205,0.5180251572327043,0.4298805031446541,0.42790566037735855,0.04422677013593007,0.008412761209170283,0.02777662811929399,124,159,0.45623689660231315,0.4863522012578614,69.52296819787986,283,22
1954,1954.0,0.47409756097560973,0.42389430894308944,0.3979268292682927,0.488198717948718,0.4090641025641026,0.40725,0.005350331945270672,0.008139362813140327,0.005405417410271664,0.006350723331689678,0.007788739480604865,0.006061828525641025,0.5158333333333334,0.42752564102564106,0.4332692307692308,0.04173577235772363,0.0036313320825516193,0.03534240150093809,123,156,0.45300245227543084,0.4817307692307689,68.61648745519713,279,19
1955,1955.0,0.47616528925619833,0.42152066115702486,0.39639669421487606,0.4894679487179487,0.4087307692307692,0.40789102564102564,0.0053218404480568264,0.007843059490471963,0.0054462062700635205,0.006539531023997371,0.007908978796844181,0.006163020175871137,0.5215705128205129,0.4309807692307693,0.4300705128205128,0.04540522356431459,0.009460108073744422,0.03367381860563673,121,156,0.452040787021304,0.4874999999999997,68.0072202166065,277,20
1956,1956.0,0.47875423728813554,0.4187881355932203,0.3988389830508475,0.49274050632911387,0.40821518987341765,0.40986075949367096,0.005526083668486067,0.008133607655846021,0.005027965598965813,0.00640404025797148,0.008008206857875339,0.006157980612081397,0.5241582278481013,0.4274113924050633,0.44160759493670887,0.045403990559965746,0.008623256811843005,0.042768611885861396,118,158,0.48070287340738066,0.4800632911392402,67.65942028985508,276,19
1957,1957.0,0.47962068965517235,0.41715517241379313,0.39837931034482754,0.4946942675159236,0.4079554140127389,0.4109235668789809,0.005801425089179546,0.00808502764565993,0.005580476813317479,0.006558645381151366,0.00793907444521076,0.006150236196194572,0.5277834394904459,0.43088535031847136,0.4439554140127389,0.04816274983527358,0.013730177904678231,0.04557610366791137,116,157,0.4824246285540682,0.47363057324840735,66.83150183150182,273,21
1958,1958.0,0.4766086956521739,0.4196695652173913,0.4013043478260869,0.49561875000000005,0.40545,0.41144375,0.005838446880907372,0.007825508204158789,0.006086229111531191,0.006585623398437501,0.008043860000000002,0.0063774843359375,0.53066875,0.4405374999999999,0.45038750000000005,0.054060054347826125,0.02086793478260862,0.049083152173913125,115,160,0.4837685784254488,0.47518749999999965,66.58545454545454,275,20
1959,1959.0,0.47618965517241374,0.4162758620689655,0.40109482758620685,0.4965126582278482,0.4068037974683544,0.4095886075949367,0.0058336709274673,0.007696182520808562,0.006411741007728894,0.006624351105592053,0.007886031124819741,0.006348609237301715,0.5338544303797468,0.4437531645569621,0.44820886075949373,0.05766477520733304,0.027477302487996624,0.047114033173286884,116,158,0.47723317713805785,0.4837341772151896,66.77007299270073,274,22
1960,1960.0,0.4774358974358974,0.4135384615384615,0.40103418803418794,0.49781645569620253,0.4083291139240507,0.40770886075949364,0.006013545036160421,0.0075406587771203164,0.006339212506391994,0.0067178334000961406,0.008115765101746516,0.006353750680980611,0.5349620253164556,0.43778481012658227,0.437253164556962,0.05752612788055822,0.024246348588120747,0.03621897652277406,117,158,0.4482519683766873,0.507658227848101,67.6509090909091,275,23
1961,1961.0,0.4783304347826087,0.412895652173913,0.39974782608695647,0.49977160493827155,0.40718518518518515,0.4052962962962963,0.006121542986767487,0.007840023894139887,0.0059130755387523624,0.0066120774653254085,0.007974879286694103,0.006467146776406037,0.5391851851851851,0.43680864197530866,0.43890740740740747,0.060854750402576374,0.023912989801395668,0.039159581320451,115,162,0.43963145671430054,0.5236419753086416,67.79783393501805,277,20
1962,1962.0,0.47940517241379316,0.4132931034482759,0.39726724137931035,0.4987515527950311,0.40631055900621116,0.40599378881987586,0.00605703411117717,0.007792948573127231,0.005663385478596907,0.006656410323675785,0.008113245168010494,0.006413881948998882,0.5358198757763974,0.4383788819875777,0.4443540372670807,0.05641470336260429,0.025085778539301773,0.04708679588777037,116,161,0.4369754903707438,0.5134161490683226,68.30324909747293,277,24
1963,1963.0,0.47650892857142857,0.41187500000000005,0.4002678571428571,0.49881012658227836,0.40540506329113923,0.4064177215189873,0.006380749920280613,0.007634430803571428,0.005870731823979591,0.0067378373658067625,0.008102063771831439,0.006509002723922449,0.5381139240506329,0.4368544303797468,0.44627215189873426,0.06160499547920428,0.02497943037974676,0.04600429475587714,112,158,0.46919247351142795,0.5158860759493668,67.91851851851852,270,21
1964,1964.0,0.4806517857142857,0.40937499999999993,0.397625,0.49883333333333335,0.40648765432098766,0.4077098765432099,0.006536334103954082,0.007548502232142857,0.005920984375,0.006622385802469137,0.008094681946349642,0.006632761507392166,0.5362654320987654,0.4404135802469136,0.45253703703703707,0.05561364638447974,0.031038580246913694,0.054912037037037065,112,162,0.4622478191552833,0.5099382716049379,68.16423357664233,274,23
1965,1965.0,0.4811666666666667,0.40879824561403505,0.3972631578947368,0.4979374999999999,0.405375,0.40763125,0.0064159459064327485,0.0067672312249923055,0.006133825484764542,0.006427558593750002,0.008159896875,0.0065590077734375,0.5394,0.44101875,0.445575,0.058233333333333304,0.032220504385964965,0.04831184210526318,114,160,0.47267507548034465,0.5033124999999996,68.04379562043796,274,25
1966,1966.0,0.48254782608695657,0.4104782608695652,0.4002000000000001,0.49709554140127393,0.4070891719745223,0.4098471337579618,0.006573047712665407,0.006530040831758035,0.00585600347826087,0.0065731946934966924,0.008224616252180615,0.006902651791147714,0.5335541401273886,0.44091719745222924,0.4488407643312101,0.05100631404043199,0.030438936582664056,0.04864076433121001,115,157,0.474556747631924,0.5138853503184709,67.86397058823529,272,22
1967,1967.0,0.4813859649122807,0.4105263157894737,0.402561403508772,0.4975925925925926,0.40828395061728395,0.4113456790123457,0.006511868574946137,0.006218389658356418,0.00628228131732841,0.006741513031550069,0.007988376162170402,0.007126929888736471,0.5362839506172841,0.43675925925925924,0.4384814814814814,0.05489798570500337,0.026232943469785552,0.03592007797270941,114,162,0.48136153693115186,0.514259259259259,68.15579710144928,276,19
1968,1968.0,0.48528448275862063,0.4082413793103448,0.40188793103448284,0.4962662721893491,0.40991124260355033,0.41124260355029585,0.006840841483353152,0.006049286563614744,0.005879306406064211,0.006836905430482127,0.007872293897272505,0.006935438184937502,0.5458402366863905,0.43973964497041423,0.4386745562130177,0.06055575392776985,0.03149826566006941,0.03678662517853487,116,169,0.47212770102197343,0.508402366863905,67.91578947368421,285,19
1969,1969.0,0.48529824561403506,0.40860526315789475,0.3987631578947369,0.4979644970414201,0.40859763313609465,0.40922485207100595,0.006993332102185288,0.006018554709141274,0.005949900046168052,0.007045312349007388,0.0076804653198417425,0.006646268968173383,0.5515207100591717,0.4395502958579882,0.43346153846153845,0.06622246444513663,0.030945032700093467,0.03469838056680158,114,169,0.4566321501631776,0.5099408284023665,67.97526501766785,283,23
1970,1970.0,0.48745132743362835,0.40830973451327435,0.40146902654867256,0.4960299401197604,0.40785029940119755,0.4110838323353293,0.007295805153105178,0.005740904064531288,0.0060215233769285,0.007071825450894618,0.007705732080748684,0.006710867223636559,0.5484850299401197,0.43391616766467067,0.4336047904191616,0.06103370250649137,0.025606433151396324,0.032135763870489054,113,167,0.4635009854742608,0.5198203592814368,67.08928571428571,280,19
1971,1971.0,0.4892363636363636,0.40809090909090917,0.40232727272727276,0.4961807228915662,0.4073072289156626,0.4119457831325301,0.007198362314049588,0.005393937190082645,0.006315711074380164,0.006849642038031644,0.0075804176585861525,0.006787930795471042,0.5449397590361446,0.4333253012048192,0.4344819277108433,0.055703395399780975,0.025234392113910042,0.03215465498357056,110,166,0.4542029543001719,0.5337349397590359,67.18840579710145,276,21
1972,1972.0,0.48532142857142857,0.40775000000000006,0.40149107142857143,0.4967687861271676,0.41001734104046245,0.4108959537572255,0.00701464668367347,0.005323651785714286,0.006363089205994898,0.006745044806040964,0.007425762705068664,0.006836833105015203,0.5457283236994219,0.43548554913294796,0.42875722543352607,0.060406895127993354,0.0277355491329479,0.027266154004954635,112,173,0.4613552258244259,0.5192485549132945,67.68070175438596,285,21
1973,1973.0,0.4889067796610169,0.4080847457627118,0.40346610169491526,0.49554857142857145,0.40953714285714293,0.41239428571428577,0.006900593004883653,0.005088145360528584,0.006446791223786268,0.0066214933551020415,0.007197837191836736,0.006900227395918367,0.5443028571428571,0.42902285714285704,0.4253828571428572,0.05539607748184017,0.02093811138014523,0.021916755447941916,118,175,0.45121362940728205,0.5013142857142855,67.86006825938567,293,23
1974,1974.0,0.4917094017094017,0.40946153846153843,0.4039230769230769,0.49491812865497076,0.41253216374269003,0.41091812865497074,0.0071324283731463226,0.005258692965154504,0.006392224852071006,0.006458390957901576,0.0071049039362538905,0.007167010840942512,0.5459415204678362,0.4321286549707602,0.412766081871345,0.05423211875843448,0.022667116509221763,0.008843004948268118,117,171,0.48151534304637045,0.5084795321637424,67.86111111111111,288,20
1975,1975.0,0.49275833333333335,0.4061,0.40556666666666674,0.49503592814371256,0.4120718562874251,0.40852694610778456,0.006964249930555557,0.00568219,0.006588962222222222,0.006433866972641544,0.007104413998350604,0.007327051669116856,0.5480359281437125,0.4313413173652694,0.40599999999999997,0.05527759481037914,0.02524131736526941,0.0004333333333332301,120,167,0.4833458636712616,0.5105988023952092,68.48432055749129,287,21
1976,1976.0,0.49024369747899166,0.4046218487394958,0.4005966386554622,0.49541566265060244,0.41346987951807224,0.40803614457831333,0.006876486830026129,0.00558028557305275,0.0069275347786173285,0.006388797104078966,0.00704981535781681,0.007261516765858614,0.5505421686746989,0.4322951807228915,0.40093975903614465,0.06029847119570719,0.02767333198339572,0.0003431203806824601,119,166,0.5095040269852411,0.5002409638554213,68.9017543859649,285,22
1977,1977.0,0.48838135593220344,0.40572881355932205,0.40072033898305087,0.4924529411764706,0.4123882352941177,0.4078117647058824,0.006713117279517381,0.00594884171215168,0.00655970992530882,0.006526777197231835,0.0070646845674740485,0.007175505743944637,0.5438941176470588,0.4215529411764706,0.39998235294117646,0.05551276171485531,0.01582412761714852,0.0007379860418744166,118,170,0.4961621957059379,0.49788235294117617,68.54166666666667,288,25
1978,1978.0,0.48759649122807014,0.4074736842105263,0.40121929824561403,0.49065269461077843,0.41115568862275453,0.4096467065868263,0.007009942443828871,0.005979635272391505,0.006778153662665434,0.00648119674423608,0.00651833504248987,0.007186515902327082,0.5429700598802395,0.41394011976047906,0.39964670658682633,0.05537356865216936,0.006466435549952743,0.0015725916587877031,114,167,0.5071274089367519,0.5147904191616763,69.12455516014235,281,22
1979,1979.0,0.48644999999999994,0.4096833333333334,0.4019000000000001,0.4880462427745665,0.40607514450867055,0.4119017341040462,0.006909314166666667,0.005995266388888889,0.00667634,0.006404448728657823,0.005957052156771024,0.00690526780046109,0.5386358381502889,0.40278612716763,0.4028034682080925,0.05218583815028899,0.0068972061657033845,0.000903468208092395,120,173,0.50193764789012,0.5059537572254332,69.02389078498294,293,19
1980,1980.0,0.4862109375,0.4054765625,0.4011796875,0.488971098265896,0.407699421965318,0.41218497109826585,0.006816307067871094,0.006573108825683593,0.006544928649902344,0.00656981997393832,0.005726776704868188,0.006811977346386449,0.5341445086705201,0.39892485549132944,0.40746242774566466,0.047933571170520106,0.006551707008670582,0.006282740245664664,128,173,0.5036179464388032,0.48190751445086677,68.99003322259136,301,20
1981,1981.0,0.4860151515151516,0.40354545454545454,0.4029090909090909,0.4893863636363637,0.4062045454545454,0.4098636363636363,0.006803757346189165,0.006453838842975207,0.006815082644628099,0.006663509814049586,0.0057132422520661166,0.007323424586776859,0.5353579545454545,0.39885227272727275,0.4059488636363637,0.04934280303030292,0.004693181818181791,0.0030397727272727937,132,176,0.5094870636769327,0.458863636363636,69.16233766233766,308,20
1982,1982.0,0.48515037593984967,0.4046917293233083,0.4013909774436091,0.492448275862069,0.40230459770114946,0.4075287356321839,0.0070039924246707,0.006369762112047036,0.0068357719486686645,0.006758741577487118,0.0056635796340335585,0.007209720438631258,0.5392471264367816,0.3928735632183909,0.40161494252873564,0.05409675049693197,0.011818166104917427,0.0002239650851265651,133,174,0.5070494889213171,0.4654022988505743,68.42019543973942,307,18
1983,1983.0,0.4856315789473684,0.4037593984962406,0.403203007518797,0.49251136363636355,0.40303977272727276,0.4073238636363636,0.007007796596755046,0.00621125038159308,0.0065216054044886645,0.006686829416322315,0.005658617736311984,0.00715817352143595,0.538403409090909,0.39582386363636357,0.40426704545454545,0.05277183014354059,0.007935534859877025,0.0010640379357484409,133,176,0.5117315762195647,0.44431818181818145,68.74757281553399,309,24
1984,1984.0,0.4876616541353383,0.4042631578947368,0.4029548872180451,0.49149438202247187,0.40493258426966294,0.4082808988764045,0.007055336649895416,0.006253141274238228,0.007309667137769235,0.006544688170685519,0.005841781971973236,0.007258325590203258,0.5360505617977528,0.3987808988764045,0.4092584269662921,0.04838890766241449,0.005482259018332325,0.006303539748246989,133,178,0.4936187602484144,0.4456179775280895,67.58520900321544,311,22
1985,1985.0,0.48764233576642335,0.405992700729927,0.4052554744525547,0.49135555555555566,0.40498888888888884,0.4092666666666667,0.006882682295274123,0.0057520802386914595,0.0069182340028770845,0.006698251358024692,0.00643349987654321,0.007081551111111111,0.5341222222222222,0.39696111111111115,0.4104722222222222,0.04647988645579881,0.009031589618815838,0.0052167477696674625,137,180,0.48853216379606185,0.42944444444444413,66.78548895899054,317,21
1986,1986.0,0.49229197080291964,0.40304379562043796,0.40113138686131383,0.49234254143646405,0.4033314917127071,0.41162430939226513,0.007070878256699878,0.0061267718045713675,0.006535063029463477,0.006807926864259333,0.006511580720979214,0.007402643386954001,0.5306243093922652,0.39325414364640887,0.40967955801104966,0.038332338589345594,0.00978965197402909,0.008548171149735828,137,181,0.4804529193177884,0.42292817679557976,66.80503144654088,318,21
1987,1987.0,0.49168613138686135,0.40405109489051094,0.4019124087591241,0.4906424581005586,0.40341340782122914,0.4131955307262571,0.007230594917150622,0.006314690819969098,0.007379379189088392,0.0069322855716113735,0.006592153116319716,0.0073214869073998925,0.5300670391061452,0.39149720670391064,0.4193016759776536,0.03838090771928382,0.012553888186600304,0.017389267218529514,137,179,0.4933524391647336,0.4190502793296086,67.60126582278481,316,19
1988,1988.0,0.4913956834532374,0.40304316546762586,0.403,0.4932556818181819,0.4024886363636364,0.4130681818181818,0.0071959657367631075,0.006296242741058952,0.0073755539568345335,0.0068918607631714875,0.006710715779958678,0.007368631714876034,0.5319715909090909,0.3953352272727273,0.4218409090909091,0.04057590745585343,0.007707938194898567,0.018840909090909075,139,176,0.4619385787290344,0.44215909090909056,67.8,315,18
1989,1989.0,0.49362204724409453,0.4060629921259842,0.4028976377952756,0.4950924855491328,0.40320231213872837,0.4142947976878612,0.0072557941595883186,0.006593681071362142,0.007353162750325502,0.0066523729493133755,0.006735490861706038,0.007573040261953288,0.5309132947976878,0.39431213872832366,0.42748554913294795,0.037291247553593254,0.011750853397660521,0.024587911337672352,127,173,0.4796824153351316,0.44537572254335217,67.49333333333334,300,22
1990,1990.0,0.49347199999999997,0.40503200000000006,0.40338399999999996,0.49456024096385537,0.4007048192771084,0.4178132530120482,0.007292249216,0.006330350976000001,0.007590076544000001,0.006285077696327478,0.006762521302075773,0.007255368740020322,0.534632530120482,0.3958012048192771,0.4402650602409639,0.041160530120481986,0.00923079518072295,0.03688106024096394,125,166,0.4806743424598927,0.46879518072289117,67.09621993127148,291,20
1991,1991.0,0.4955581395348837,0.4067751937984496,0.4034728682170543,0.49517575757575755,0.401030303030303,0.4196727272727273,0.00739937840274022,0.006248515353644614,0.007255132984796588,0.00623862971533517,0.006714877869605142,0.007210438347107438,0.5355575757575757,0.4027696969696971,0.44339393939393945,0.039999436222691975,0.004005496828752508,0.03992107117688515,129,165,0.4706134939431565,0.46248484848484817,66.99319727891157,294,19
1992,1992.0,0.49676984126984125,0.4044285714285714,0.40460317460317463,0.4931049382716049,0.40172222222222226,0.4233086419753086,0.007405986709498614,0.005839879818594105,0.007915255228017132,0.006166711210181375,0.0067655216049382705,0.006857275110501448,0.5319814814814815,0.40178395061728395,0.4524382716049382,0.03521164021164025,0.002644620811287468,0.04783509700176358,126,162,0.47790682003275514,0.44506172839506136,66.66319444444444,288,27
1993,1993.0,0.49492857142857144,0.4070793650793651,0.40176190476190476,0.4912256097560976,0.40254268292682926,0.4234451219512196,0.00720089172335601,0.005984073066263543,0.007807149659863947,0.0063634430026769774,0.006801833544021416,0.006565539671326591,0.5330609756097561,0.4040121951219513,0.44960365853658535,0.03813240418118463,0.0030671699574137956,0.047841753774680584,126,164,0.4507711475645324,0.4749999999999996,67.02413793103449,290,24
1994,1994.0,0.4919761904761905,0.40460317460317463,0.40418253968253964,0.4924698795180723,0.4019638554216867,0.4240000000000001,0.007107991496598639,0.0057110488788107835,0.00783067302847065,0.006423743068660183,0.006819155320075483,0.006533132530120482,0.5311566265060241,0.4011506024096385,0.45107831325301206,0.03918043602983362,0.0034525721935361187,0.04689577357047242,126,166,0.4425653162064096,0.4886746987951804,67.22602739726027,292,20
1995,1995.0,0.49384126984126975,0.40417460317460324,0.4041428571428571,0.4934484848484849,0.4018484848484849,0.4225272727272728,0.00691108591584782,0.005748969513731418,0.007835582766439909,0.006520029164370982,0.006908431588613407,0.006547849256198347,0.5317636363636363,0.39711515151515153,0.4557272727272727,0.03792236652236658,0.00705945165945171,0.05158441558441562,126,165,0.4417602187927379,0.48448484848484813,67.45360824742268,291,22
1996,1996.0,0.4888828125,0.40482812500000004,0.40490624999999997,0.49126506024096395,0.4028433734939759,0.42127710843373506,0.0072307284545898454,0.005814767333984375,0.0077653349609375,0.0067798333575264935,0.006703782697053274,0.006710128030193061,0.526355421686747,0.40317469879518075,0.4509698795180722,0.037472609186747,0.001653426204819286,0.04606362951807225,128,166,0.4128701454198236,0.48975903614457794,66.90816326530613,294,20
1997,1997.0,0.48748,0.4054400000000001,0.407856,0.49164102564102574,0.406198717948718,0.42308974358974366,0.0073999776000000005,0.005692614400000001,0.007605099264,0.006790999342537804,0.006847851536817884,0.0064570047666009205,0.5246346153846154,0.41039743589743594,0.4566794871794872,0.0371546153846154,0.004957435897435858,0.0488234871794872,125,156,0.4200802137786753,0.5023076923076919,66.2135231316726,281,21
1998,1998.0,0.4879763779527559,0.40694488188976385,0.4060551181102362,0.49215189873417714,0.4055506329113924,0.42093037974683545,0.007418180544361089,0.005908146568293136,0.006942996961993924,0.006853230091331519,0.006862424651498157,0.006657406545425413,0.5269493670886075,0.41030379746835444,0.4520189873417722,0.03897298913585162,0.003358915578590582,0.045963869231536,127,158,0.4472905132385667,0.4812658227848098,66.9298245614035,285,19
1999,1999.0,0.4892063492063492,0.4069761904761905,0.40592857142857147,0.4931038961038961,0.4035714285714286,0.42201298701298706,0.007093576467624088,0.005849594671201816,0.006976447278911564,0.006915352841963233,0.006931582560296846,0.006775116714454377,0.5270064935064934,0.4114285714285714,0.44981818181818184,0.03780014430014422,0.00445238095238093,0.04388961038961037,126,154,0.449471462897901,0.48662337662337624,66.87857142857143,280,17
2000,2000.0,0.48762400000000006,0.405528,0.40512000000000004,0.4925668789808917,0.40215286624203817,0.4216751592356688,0.0070257546240000005,0.005998169216000001,0.0067892096,0.006770971641851598,0.007155811026816502,0.007023314860643435,0.5264458598726114,0.414452229299363,0.44561146496815285,0.03882185987261133,0.008924229299362985,0.04049146496815281,125,157,0.44575352501821564,0.4776433121019105,66.26950354609929,282,19
