Step,Time,Mean_Male_Trait_1,Mean_Male_Trait_2,Mean_Male_Trait_3,Mean_Female_Trait_1,Mean_Female_Trait_2,Mean_Female_Trait_3,Var_Male_Trait_1,Var_Male_Trait_2,Var_Male_Trait_3,Var_Female_Trait_1,Var_Female_Trait_2,Var_Female_Trait_3,Mean_Female_Pref_1,Mean_Female_Pref_2,Mean_Female_Pref_3,Trait_Pref_Gap_1,Trait_Pref_Gap_2,Trait_Pref_Gap_3,Male_Count,Female_Count,Mean_Male_Energy,Mean_Female_Energy,Avg_Age,Population_Count,Total_Food
0,0.0,0.5647199999999999,0.5935199999999999,0.4957600000000001,0.52228,0.50464,0.53028,0.0728837216,0.053806409599999994,0.06961050239999998,0.10705692159999998,0.11909495040000001,0.09377588159999999,0.57656,0.50704,0.48564,0.011840000000000073,0.08647999999999989,0.010120000000000073,25,25,0.85,0.85,47.62,50,30
1,1.0,0.5647199999999999,0.5935199999999999,0.4957600000000001,0.52228,0.50464,0.53028,0.0728837216,0.053806409599999994,0.06961050239999998,0.10705692159999998,0.11909495040000001,0.09377588159999999,0.57656,0.50704,0.48564,0.011840000000000073,0.08647999999999989,0.010120000000000073,25,25,0.8299999999999998,0.91,48.62,50,34
2,2.0,0.5647199999999999,0.5935199999999999,0.4957600000000001,0.52228,0.50464,0.53028,0.0728837216,0.053806409599999994,0.06961050239999998,0.10705692159999998,0.11909495040000001,0.09377588159999999,0.57656,0.50704,0.48564,0.011840000000000073,0.08647999999999989,0.010120000000000073,25,25,0.8099999999999998,0.9499999999999998,49.62,50,39
3,3.0,0.5569629629629629,0.5726666666666667,0.48570370370370375,0.5055925925925925,0.5082592592592593,0.5168148148148147,0.06890559122085048,0.05945237037037037,0.06904746776406034,0.10330461179698218,0.11995700685871057,0.09142970644718791,0.5613333333333332,0.4831111111111111,0.47425925925925927,0.004370370370370358,0.08955555555555555,0.01144444444444448,27,27,0.7722222222222223,0.9870370370370372,48.72222222222222,54,38
4,4.0,0.5450666666666667,0.5798333333333333,0.49369999999999997,0.5072142857142856,0.5231785714285715,0.5156428571428571,0.06645219555555555,0.057059538888888886,0.06662541,0.09968616836734692,0.12168264668367348,0.08820144387755102,0.5657142857142856,0.497,0.4848928571428571,0.020647619047618915,0.08283333333333331,0.008807142857142847,30,28,0.7420000000000001,0.9164285714285713,49.48275862068966,58,43
5,5.0,0.5475000000000001,0.55634375,0.49853125,0.509758620689655,0.510551724137931,0.5127586206896552,0.06248775,0.06239472558593749,0.06285049902343749,0.09642997621878714,0.12195093697978596,0.08539294173602854,0.5724137931034482,0.5074137931034483,0.472448275862069,0.0249137931034481,0.048929956896551774,0.02608297413793098,32,29,0.7159374999999999,0.9775862068965517,50.59016393442623,61,42
6,6.0,0.5475000000000001,0.55634375,0.49853125,0.5030333333333332,0.5235000000000001,0.5169666666666666,0.06248775,0.06239472558593749,0.06285049902343749,0.0945272988888889,0.12274798333333334,0.08306003222222222,0.5707666666666665,0.5191333333333333,0.4688,0.023266666666666436,0.03721041666666669,0.029731249999999987,32,30,0.7224999999999999,1.0473333333333332,51.88709677419355,62,41
7,7.0,0.5504242424242425,0.5613636363636364,0.5048484848484849,0.5074838709677418,0.5282580645161291,0.515258064516129,0.06086782001836547,0.06131035261707989,0.06222297704315886,0.09207224973985433,0.11946754630593134,0.08046825598335068,0.571290322580645,0.5041290322580645,0.46667741935483875,0.020866080156402567,0.05723460410557191,0.03817106549364613,33,31,0.6978787878787879,0.9925806451612902,53.171875,64,48
8,8.0,0.5532352941176472,0.5722941176470588,0.5117352941176471,0.5074838709677418,0.5282580645161291,0.515258064516129,0.05933835640138409,0.06344979584775087,0.061958018166089965,0.09207224973985433,0.11946754630593134,0.08046825598335068,0.571290322580645,0.5041290322580645,0.46667741935483875,0.01805502846299789,0.06816508538899435,0.045057874762808314,34,31,0.6785294117647058,1.0306451612903225,53.46153846153846,65,51
9,9.0,0.5598857142857144,0.559457142857143,0.5164285714285715,0.50625,0.52209375,0.5006875000000001,0.05914672979591838,0.06723973387755103,0.06093670204081633,0.089903125,0.11341977246093751,0.08472021484374999,0.5636875,0.5011874999999999,0.4420625,0.003801785714285577,0.05826964285714309,0.07436607142857143,35,32,0.7225714285714284,0.9362499999999999,52.35820895522388,67,54
10,10.0,0.5628333333333334,0.5605000000000001,0.5162222222222222,0.50625,0.52209375,0.5006875000000001,0.05780786111111111,0.06541002777777778,0.05924550617283949,0.089903125,0.11341977246093751,0.08472021484374999,0.5636875,0.5011874999999999,0.4420625,0.0008541666666666003,0.05931250000000021,0.07415972222222222,36,32,0.7302777777777776,0.9256249999999999,52.88235294117647,68,58
11,11.0,0.5535675675675676,0.5614054054054055,0.519054054054054,0.5017941176470587,0.5049117647058824,0.4932058823529412,0.059336245434623826,0.06367170051132214,0.05793297005113221,0.0863547517301038,0.1116976686851211,0.08068698702422145,0.5508529411764705,0.4838529411764705,0.4625294117647059,0.002714626391097097,0.07755246422893503,0.056524642289348115,37,34,0.7424324324324322,0.8847058823529411,53.83098591549296,71,60
12,12.0,0.559525,0.54935,0.5168,0.5000555555555555,0.5086666666666667,0.5015833333333334,0.056432599375,0.06148447749999999,0.057755709999999995,0.08233699691358025,0.10602394444444446,0.07754196527777776,0.5576111111111112,0.4783888888888888,0.45013888888888887,0.0019138888888888816,0.0709611111111112,0.06666111111111117,40,36,0.7507499999999998,0.8361111111111109,55.11842105263158,76,60
13,13.0,0.558452380952381,0.5495714285714286,0.5288333333333334,0.49969444444444444,0.5315277777777778,0.5066388888888889,0.055380533446712024,0.06155767346938776,0.0587629007936508,0.08243910108024691,0.10215597145061726,0.07677239737654322,0.5458055555555557,0.48044444444444445,0.43438888888888894,0.012646825396825379,0.06912698412698415,0.09444444444444444,42,36,0.7376190476190475,0.8677777777777776,55.17948717948718,78,59
14,14.0,0.558452380952381,0.5495714285714286,0.5288333333333334,0.5043513513513513,0.5294594594594595,0.4984054054054054,0.055380533446712024,0.06155767346938776,0.0587629007936508,0.08099174141709277,0.09954900511322133,0.07713791672753834,0.5392702702702703,0.4819729729729729,0.42737837837837844,0.01918211068211073,0.06759845559845568,0.10145495495495493,42,37,0.7378571428571425,0.9099999999999998,56.25316455696203,79,59
15,15.0,0.5589767441860466,0.5530232558139535,0.5245581395348837,0.5056944444444446,0.5286666666666666,0.5080833333333333,0.054104162249864786,0.06062653434288804,0.05816396755002704,0.08317476774691358,0.102291,0.07581513194444445,0.5400277777777779,0.47436111111111107,0.43197222222222226,0.018948966408268708,0.07866214470284244,0.09258591731266147,43,36,0.7523255813953486,1.0022222222222221,56.36708860759494,79,56
16,16.0,0.5605000000000001,0.5624318181818182,0.5266363636363637,0.5056944444444446,0.5286666666666666,0.5080833333333333,0.05297429545454546,0.06305506353305784,0.05702777685950413,0.08317476774691358,0.102291,0.07581513194444445,0.5400277777777779,0.47436111111111107,0.43197222222222226,0.020472222222222225,0.08807070707070713,0.09466414141414142,44,36,0.7770454545454544,1.0183333333333335,57.575,80,56
17,17.0,0.5628666666666667,0.5608,0.5250444444444444,0.5077179487179488,0.5152307692307693,0.513948717948718,0.05204353777777778,0.06177100444444445,0.055871998024691366,0.07730035634451017,0.0971515621301775,0.07352574095989478,0.537948717948718,0.4727179487179487,0.4434871794871796,0.024917948717948724,0.08808205128205127,0.08155726495726484,45,39,0.7677777777777776,0.9664102564102566,57.48809523809524,84,58
18,18.0,0.5628666666666667,0.5608,0.5250444444444444,0.5077179487179488,0.5152307692307693,0.513948717948718,0.05204353777777778,0.06177100444444445,0.055871998024691366,0.07730035634451017,0.0971515621301775,0.07352574095989478,0.537948717948718,0.4727179487179487,0.4434871794871796,0.024917948717948724,0.08808205128205127,0.08155726495726484,45,39,0.7811111111111109,1.0105128205128202,58.48809523809524,84,58
19,19.0,0.551,0.5666938775510204,0.5336326530612244,0.5074878048780488,0.49919512195121946,0.505341463414634,0.052867714285714296,0.057885926697209496,0.053202844648063304,0.07399522546103508,0.08539293753718025,0.07042641998810231,0.5205609756097561,0.49839024390243897,0.42660975609756097,0.03043902439024393,0.06830363364858144,0.10702289696366346,49,41,0.7540816326530609,0.8997560975609754,58.78888888888889,90,59
20,20.0,0.55778,0.55692,0.5341199999999999,0.5075714285714286,0.4993095238095238,0.49883333333333324,0.05406281160000002,0.0614091136,0.05215042559999999,0.07223372108843537,0.08336030895691611,0.0704861865079365,0.5212857142857142,0.5043095238095238,0.42414285714285715,0.03649428571428581,0.05261047619047621,0.10997714285714277,50,42,0.7603999999999997,0.9171428571428569,58.96739130434783,92,58
21,21.0,0.5558269230769232,0.5435576923076922,0.5257884615384615,0.5102325581395348,0.49230232558139536,0.49902325581395346,0.05577498927514793,0.06356224667159763,0.052253166789940825,0.07085129475392103,0.0834839318550568,0.06884848783126013,0.5176279069767442,0.4943720930232558,0.43511627906976746,0.03819901610017895,0.04918559928443644,0.09067218246869402,52,43,0.7840384615384615,0.9169767441860465,59.642105263157895,95,55
22,22.0,0.5668,0.5490363636363635,0.5177999999999999,0.5173777777777777,0.5043777777777778,0.5008222222222222,0.056057469090909084,0.0612951623140496,0.052256669090909084,0.06922685728395062,0.08410396839506173,0.06600001283950617,0.5177333333333333,0.49444444444444446,0.4547555555555556,0.0490666666666667,0.05459191919191908,0.06304444444444435,55,45,0.7867272727272725,0.8875555555555555,60.12,100,52
23,23.0,0.5668,0.5490363636363635,0.5177999999999999,0.5173777777777777,0.5043777777777778,0.5008222222222222,0.056057469090909084,0.0612951623140496,0.052256669090909084,0.06922685728395062,0.08410396839506173,0.06600001283950617,0.5177333333333333,0.49444444444444446,0.4547555555555556,0.0490666666666667,0.05459191919191908,0.06304444444444435,55,45,0.7849090909090907,0.9235555555555555,61.12,100,52
24,24.0,0.5666071428571428,0.5476785714285715,0.5203214285714285,0.5209361702127658,0.5110638297872341,0.5049148936170212,0.055058488520408164,0.060302003826530615,0.051673182397959184,0.06659469805341783,0.08166674060660932,0.06377097148030783,0.5227872340425531,0.4848297872340425,0.4487021276595745,0.043819908814589636,0.06284878419452894,0.07161930091185398,56,47,0.7583928571428569,0.9204255319148937,61.13592233009709,103,54
25,25.0,0.5567719298245614,0.5639122807017544,0.5263157894736842,0.5281960784313726,0.5118235294117648,0.5109019607843137,0.05502515851031087,0.06199997476146507,0.05376565466297322,0.06681403998462129,0.08348685121107266,0.06211867666282199,0.5268039215686274,0.4930588235294117,0.44392156862745097,0.02996800825593393,0.07085345717234265,0.08239422084623321,57,51,0.7401754385964909,0.8729411764705881,61.71296296296296,108,54
26,26.0,0.5589666666666665,0.5469166666666666,0.5310166666666667,0.5273333333333334,0.5182777777777778,0.5017407407407407,0.053345965555555555,0.06498437638888889,0.05208944972222221,0.06590096296296295,0.08318379320987655,0.06251711796982168,0.5157592592592594,0.5061666666666665,0.44524074074074077,0.04320740740740714,0.040750000000000064,0.08577592592592592,60,54,0.7296666666666664,0.8212962962962961,62.219298245614034,114,54
27,27.0,0.5607460317460317,0.5569206349206348,0.5320000000000001,0.5367796610169493,0.5138305084745762,0.49379661016949156,0.050935586293776765,0.06471835878054925,0.050725047619047614,0.0622501378914105,0.0778979712726228,0.06081131456478024,0.5308135593220339,0.5108813559322034,0.4391694915254237,0.02993247242399777,0.04603927898843141,0.09283050847457641,63,59,0.7369841269841267,0.7822033898305084,63.35245901639344,122,48
28,28.0,0.5607460317460317,0.5569206349206348,0.5320000000000001,0.5366666666666667,0.5138166666666667,0.4950333333333334,0.050935586293776765,0.06471835878054925,0.050725047619047614,0.06121338888888887,0.07659968305555556,0.0598880322222222,0.5381833333333333,0.5093666666666667,0.4392666666666667,0.022562698412698312,0.04755396825396807,0.09273333333333345,63,60,0.754285714285714,0.8134999999999997,64.54471544715447,123,43
29,29.0,0.561890625,0.5569531249999999,0.5359375000000001,0.5344098360655738,0.5171475409836066,0.4970983606557377,0.050222253662109376,0.06370720092773438,0.050909214843749995,0.060515487772104276,0.07600963396936308,0.059162121472722394,0.5424918032786886,0.5011311475409838,0.4359180327868853,0.019398821721311355,0.05582197745901618,0.10001946721311478,64,61,0.7771874999999997,0.820655737704918,64.864,125,39
30,30.0,0.5664461538461539,0.5522923076923076,0.5416307692307692,0.5360317460317461,0.5121587301587303,0.4743015873015873,0.04761864710059172,0.06129411455621302,0.04978084828402367,0.05622380851599901,0.07684553036029226,0.054603924918115394,0.5321269841269841,0.4950158730158731,0.44260317460317455,0.03431916971916982,0.05727643467643456,0.0990275946275947,65,63,0.7989230769230767,0.8038095238095238,63.7578125,128,33
31,31.0,0.564640625,0.546734375,0.535171875,0.5323809523809524,0.5162380952380953,0.47547619047619044,0.04815079272460938,0.060243945068359374,0.04784704858398438,0.056851950113378666,0.081357641723356,0.0512759954648526,0.5372063492063492,0.49541269841269847,0.44987301587301587,0.027434275793650764,0.051321676587301523,0.0852988591269841,64,63,0.7890624999999997,0.8317460317460315,63.25984251968504,127,32
32,32.0,0.5639705882352941,0.554514705882353,0.5287941176470589,0.5383283582089552,0.5205223880597016,0.47931343283582084,0.047718440311418676,0.06012792625432524,0.04678054584775087,0.0555888474047672,0.078293383827133,0.04898296146134996,0.533313432835821,0.48861194029850746,0.45682089552238797,0.030657155399473113,0.0659027655838455,0.07197322212467089,68,67,0.756176470588235,0.7901492537313431,63.34074074074074,135,32
33,33.0,0.5753529411764705,0.5606470588235294,0.5309411764705882,0.5391594202898551,0.5242463768115944,0.48298550724637684,0.044006228373702425,0.06229396366782008,0.0468705553633218,0.05417706154169292,0.07940131611006093,0.04911705776097458,0.5412753623188407,0.49988405797101443,0.4582463768115941,0.03407757885762985,0.06076300085251496,0.07269479965899417,68,69,0.7523529411764703,0.8043478260869563,63.518248175182485,137,27
34,34.0,0.573830985915493,0.5613802816901408,0.5238169014084506,0.5424647887323943,0.5265211267605635,0.4838028169014085,0.042517351715929366,0.05981572862527278,0.0465598115453283,0.05322427692918071,0.07737768617337831,0.047789087879389,0.5431690140845071,0.49380281690140837,0.46618309859154927,0.030661971830985846,0.06757746478873239,0.057633802816901336,71,71,0.7456338028169011,0.7861971830985914,63.478873239436616,142,25
35,35.0,0.56304,0.5612666666666667,0.5225333333333334,0.5426760563380282,0.5196901408450705,0.47377464788732404,0.042735985066666676,0.058918995555555555,0.045826622222222224,0.05307551477881372,0.07943525609998016,0.04798541400515771,0.5293239436619719,0.4908873239436619,0.4674084507042254,0.0337160563380281,0.07037934272300478,0.05512488262910803,75,71,0.7355999999999997,0.7704225352112675,63.294520547945204,146,24
36,36.0,0.5624999999999999,0.5602837837837837,0.5220675675675676,0.5382676056338029,0.5136760563380283,0.47043661971831,0.04364087162162162,0.05990098703433164,0.04618519813732652,0.05169982979567546,0.08065230351120808,0.0464673164054751,0.5292957746478874,0.4932676056338027,0.4660140845070422,0.03320422535211254,0.06701617814998106,0.05605348306052538,74,71,0.7228378378378375,0.8116901408450703,63.53793103448276,145,18
37,37.0,0.5683333333333332,0.5536533333333333,0.5238266666666667,0.5324,0.5107142857142857,0.47480000000000006,0.04557704888888889,0.06235555982222222,0.0457983832888889,0.049993954285714286,0.0811816612244898,0.04577936,0.5311857142857143,0.49259999999999987,0.4693571428571428,0.037147619047618985,0.06105333333333346,0.054469523809523857,75,70,0.7227999999999998,0.7971428571428572,64.17931034482758,145,19
38,38.0,0.5586753246753245,0.5555714285714285,0.5252077922077921,0.5357123287671234,0.5140821917808219,0.47612328767123285,0.0465816478326868,0.0627626345083488,0.04482507370551527,0.04825395834115219,0.08110413023081253,0.044852957402889845,0.5277534246575342,0.4973835616438357,0.4710684931506849,0.030921900017790382,0.05818786692759281,0.05413929905710724,77,73,0.7359740259740257,0.7226027397260271,64.52666666666667,150,21
39,39.0,0.5582692307692307,0.5568205128205127,0.5247564102564102,0.5377432432432433,0.5113513513513513,0.4763918918918919,0.045997145463510844,0.062078121630506244,0.04426608168967784,0.0479029746165084,0.08055252520087657,0.04425210317750183,0.5310135135135134,0.5030270270270271,0.46874324324324323,0.027255717255717293,0.05379348579348564,0.05601316701316694,78,74,0.7266666666666663,0.7329729729729728,65.54605263157895,152,20
40,40.0,0.5571111111111111,0.5507530864197531,0.5299259259259259,0.5331038961038962,0.5133246753246753,0.4846233766233767,0.04477244444444444,0.06193482792257277,0.043331722908093284,0.04866520998482037,0.07867006341710238,0.045703767245741274,0.5381168831168831,0.49649350649350654,0.47054545454545454,0.018994227994228008,0.054259579926246526,0.05938047138047137,81,77,0.7018518518518514,0.7157142857142856,66.14556962025317,158,19
41,41.0,0.5596913580246914,0.5584320987654321,0.5333086419753087,0.530948717948718,0.5202051282051281,0.48137179487179493,0.04344670720926688,0.060850665142508774,0.04214359609815577,0.04814776660092045,0.07943429125575278,0.04869551561472715,0.5413076923076924,0.5095128205128205,0.47735897435897445,0.01838366571699901,0.04891927825261155,0.05594966761633424,81,78,0.7053086419753083,0.7192307692307691,66.16352201257861,159,16
42,42.0,0.565357142857143,0.5569047619047619,0.5369285714285714,0.5362911392405064,0.5258354430379747,0.4813670886075951,0.043470348639455786,0.06227860997732426,0.041020852040816326,0.047604105111360366,0.07834952988303155,0.04805805511937188,0.5438227848101267,0.5123797468354432,0.4834556962025317,0.02153435804701631,0.04452501506931872,0.05347287522603972,84,79,0.7001190476190472,0.6798734177215188,66.71779141104294,163,16
43,43.0,0.565357142857143,0.5569047619047619,0.5369285714285714,0.531974025974026,0.5322207792207794,0.4837402597402598,0.043470348639455786,0.06227860997732426,0.041020852040816326,0.047151869455220104,0.07747079541237983,0.04843543902850397,0.5470779220779222,0.515909090909091,0.4813766233766234,0.01827922077922084,0.04099567099567092,0.05555194805194802,84,77,0.6920238095238092,0.7071428571428569,67.69565217391305,161,15
44,44.0,0.5635529411764707,0.5585529411764706,0.5392588235294117,0.5280394736842107,0.5460131578947368,0.486171052631579,0.04323236484429067,0.06177410602076124,0.04099438006920415,0.047009748441828245,0.07775740772160665,0.04889922074099723,0.5402368421052632,0.5082236842105264,0.48942105263157903,0.023316099071207463,0.05032925696594415,0.049837770897832645,85,76,0.6882352941176467,0.699736842105263,67.8136645962733,161,16
45,45.0,0.5637619047619049,0.5541071428571429,0.5443928571428571,0.5252435897435898,0.5429615384615385,0.4806666666666668,0.04374332426303855,0.06082947661564627,0.03924195280612245,0.046582671433267595,0.07659875493096648,0.04879817094017094,0.5314102564102565,0.5053205128205129,0.4842564102564103,0.03235164835164839,0.048786630036629974,0.060136446886446815,84,78,0.6672619047619042,0.6725641025641024,68.11111111111111,162,22
46,46.0,0.5692441860465116,0.549313953488372,0.540813953488372,0.528064935064935,0.5383376623376624,0.4786103896103898,0.04412609153596539,0.05930270375878853,0.039419221200649,0.04656676201720357,0.07592588598414571,0.04910210794400405,0.5315194805194807,0.5007272727272728,0.48583116883116884,0.03772470552703089,0.04858668076109918,0.05498278465720319,86,77,0.665348837209302,0.6968831168831167,68.2760736196319,163,16
47,47.0,0.5709545454545455,0.5479772727272727,0.5430454545454545,0.5280394736842104,0.538671052631579,0.47743421052631585,0.043392657024793384,0.05949224948347107,0.03881129338842975,0.04717943265235457,0.0769163523199446,0.049641666724376726,0.5257105263157896,0.5017894736842106,0.48636842105263156,0.045244019138755864,0.04618779904306214,0.05667703349282294,88,76,0.6806818181818177,0.6677631578947366,68.92073170731707,164,15
48,48.0,0.5684418604651161,0.5424651162790698,0.5365232558139533,0.5243466666666666,0.54496,0.47874666666666676,0.04409550243374798,0.05944659762033532,0.03752652852893456,0.04677209315555555,0.0749360384,0.05017264248888889,0.5280800000000001,0.4952133333333333,0.4915866666666668,0.04036186046511603,0.04725178294573651,0.04493658914728654,86,75,0.6665116279069764,0.6965333333333331,69.24223602484471,161,15
49,49.0,0.5678117647058822,0.547364705882353,0.5329999999999998,0.52488,0.5456266666666666,0.4819866666666668,0.04489269397923875,0.06153512581314879,0.037276094117647054,0.04686637226666667,0.07474231395555554,0.05004390648888889,0.5257466666666667,0.4950133333333333,0.4912,0.04206509803921554,0.05235137254901967,0.04179999999999978,85,75,0.6535294117647055,0.7037333333333331,68.8,160,16
50,50.0,0.5695348837209302,0.548593023255814,0.5236046511627906,0.5327341772151899,0.5478987341772151,0.4748607594936709,0.04404859762033531,0.06130133436992968,0.03705519253650622,0.04589477743951288,0.07179373658067617,0.05001834770068899,0.5290379746835444,0.4942278481012658,0.4812531645569621,0.040496909037385787,0.05436517515454825,0.04235148660582855,86,79,0.6703488372093019,0.6579746835443034,68.6969696969697,165,15
51,51.0,0.5692954545454545,0.5422386363636363,0.5229545454545454,0.5259012345679013,0.5422222222222222,0.4661975308641975,0.04352123088842975,0.06165640896177686,0.03714029338842975,0.04460833592440177,0.07053474074074075,0.049610035055631774,0.5192345679012346,0.5022345679012347,0.4803827160493827,0.050060886644219926,0.040004068462401676,0.04257182940516274,88,81,0.6577272727272723,0.6224691358024689,69.39644970414201,169,17
52,52.0,0.5659659090909092,0.5472954545454546,0.5292500000000001,0.526746835443038,0.5479240506329113,0.46497468354430377,0.04444105565599173,0.060976094524793384,0.036522051136363635,0.04504018907226406,0.07096718410511137,0.05001675885274796,0.5244177215189872,0.5054556962025316,0.47943037974683533,0.04154818757192191,0.04183975834292297,0.049819620253164776,88,79,0.6627272727272723,0.6407594936708858,70.05988023952096,167,15
53,53.0,0.5659659090909092,0.5472954545454546,0.5292500000000001,0.528320987654321,0.5572345679012345,0.47300000000000003,0.04444105565599173,0.060976094524793384,0.036522051136363635,0.04057905746075293,0.06546929065691204,0.04982777777777778,0.525,0.5026296296296295,0.49037037037037035,0.040965909090909136,0.04466582491582505,0.038879629629629764,88,81,0.6643181818181813,0.6217283950617282,70.72781065088758,169,15
54,54.0,0.5685280898876404,0.5533932584269663,0.5330674157303371,0.5308875000000001,0.5602875,0.4687875,0.043969305390733494,0.05924241838151748,0.03793347860118672,0.03722162484375001,0.06654520484375001,0.04905446734375,0.5209249999999999,0.5106875000000001,0.4942875,0.047603089887640504,0.04270575842696622,0.03877991573033712,89,80,0.6512359550561793,0.5968749999999997,70.4319526627219,169,16
55,55.0,0.5693103448275864,0.5601724137931036,0.5321494252873563,0.5382962962962964,0.5528518518518518,0.4678765432098765,0.04344458184700753,0.05683067142290925,0.038664448936451316,0.0374462085048011,0.06504449657064472,0.049023392165828385,0.5241358024691358,0.5038641975308641,0.49025925925925923,0.04517454235845053,0.056308216262239474,0.04189016602809709,87,81,0.6335632183908042,0.6061728395061725,70.07142857142857,168,16
56,56.0,0.5693103448275864,0.5601724137931036,0.5321494252873563,0.5399634146341463,0.5488292682926829,0.46589024390243905,0.04344458184700753,0.05683067142290925,0.038664448936451316,0.036368449881023196,0.06290997085068413,0.04721151234384295,0.525109756097561,0.4979390243902438,0.4960609756097561,0.0442005887300253,0.06223338940285977,0.03608844967760022,87,82,0.6445977011494248,0.5981707317073168,70.20118343195266,169,15
57,57.0,0.5614705882352942,0.5592235294117648,0.5348117647058823,0.543702380952381,0.5482023809523809,0.4663452380952381,0.04169533148788928,0.05728375003460207,0.03926189397923876,0.03620258999433106,0.06143137570861678,0.0461321308106576,0.5249761904761905,0.5016666666666665,0.4901309523809524,0.03649439775910368,0.0575568627450983,0.04468081232492993,85,84,0.6319999999999995,0.603690476190476,70.47928994082841,169,16
58,58.0,0.5614705882352942,0.5592235294117648,0.5348117647058823,0.544873563218391,0.5472873563218391,0.4670459770114942,0.04169533148788928,0.05728375003460207,0.03926189397923876,0.03499801849649887,0.06003972202404545,0.046432296736689124,0.5258045977011494,0.49950574712643664,0.494632183908046,0.035665990534144765,0.05971778228532815,0.040179580797836345,85,87,0.6302352941176466,0.6032183908045974,70.8953488372093,172,14
59,59.0,0.5582470588235295,0.5622470588235294,0.5317647058823529,0.5418139534883722,0.5496860465116279,0.46879069767441855,0.04026317425605536,0.05893922131487889,0.03805396816608996,0.03387938399134668,0.06029561073553272,0.046380025959978366,0.5240465116279068,0.5009302325581395,0.496139534883721,0.03420054719562271,0.06131682626538992,0.03562517099863194,85,86,0.6145882352941172,0.6017441860465114,71.25146198830409,171,16
60,60.0,0.5564186046511629,0.5613023255813954,0.5333372093023255,0.5379411764705884,0.5517058823529413,0.4740117647058823,0.04007917360735533,0.058329745808545136,0.037821665359653873,0.03380177301038062,0.05939263114186852,0.04571994103806228,0.5250470588235294,0.5072470588235294,0.4952000000000001,0.03137154582763346,0.05405526675786598,0.03813720930232545,86,85,0.6155813953488366,0.6044705882352939,72.01169590643275,171,16
61,61.0,0.5484252873563219,0.5578505747126437,0.525367816091954,0.5379411764705884,0.5517058823529413,0.4740117647058823,0.039612750165147315,0.0582814144536927,0.03803464632051791,0.03380177301038062,0.05939263114186852,0.04571994103806228,0.5250470588235294,0.5072470588235294,0.4952000000000001,0.023378228532792478,0.05060351588911427,0.03016781609195396,87,85,0.6014942528735626,0.606941176470588,72.6453488372093,172,15
62,62.0,0.5468352941176472,0.5553176470588235,0.5245294117647059,0.5368192771084338,0.55855421686747,0.47266265060240964,0.04043849051903114,0.05634482851211072,0.039046649134948104,0.03457752155610394,0.05709439163884454,0.046469813906227314,0.5166867469879519,0.5065421686746988,0.49954216867469886,0.03014854712969528,0.04877547838412466,0.02498724309000705,85,83,0.6289411764705877,0.6037349397590359,72.4702380952381,168,13
63,63.0,0.5457529411764707,0.5550352941176471,0.5273176470588236,0.5341309523809524,0.5541309523809524,0.47940476190476194,0.040668586020761247,0.05629241051903114,0.04036033439446366,0.03365973285147393,0.05471594713718822,0.047189026643990925,0.5152023809523809,0.5114047619047619,0.5049285714285714,0.03055056022408975,0.043630532212885154,0.022389075630252164,85,84,0.6290588235294111,0.6078571428571425,72.60355029585799,169,11
64,64.0,0.5424470588235294,0.5571294117647059,0.5280588235294117,0.5390361445783133,0.5576265060240964,0.4781927710843374,0.041644482491349485,0.05539578325259515,0.03989756124567475,0.03240567339236463,0.05560608941791262,0.047523745971839164,0.5113975903614458,0.5083975903614458,0.5123253012048193,0.031049468462083563,0.048731821403260045,0.015733522324592353,85,83,0.6341176470588229,0.6071084337349394,71.89880952380952,168,10
65,65.0,0.5425977011494253,0.5639770114942528,0.5272873563218391,0.5373855421686747,0.5598554216867471,0.4714578313253012,0.040719573787818736,0.05628514889681597,0.03918981397806844,0.032337224851212085,0.05476284656699085,0.04771482653505588,0.5109277108433734,0.5148674698795181,0.5075301204819277,0.03166999030605189,0.049109541614734686,0.019757235839911402,87,83,0.6298850574712638,0.5593975903614455,71.79411764705883,170,13
66,66.0,0.5452976190476191,0.5689761904761904,0.5290119047619048,0.5315769230769231,0.5652692307692307,0.4733205128205128,0.04162556618480725,0.05663340419501134,0.040143749858276644,0.03378944921104537,0.05564909418145957,0.04665511522024984,0.5121923076923077,0.5143589743589744,0.518076923076923,0.03310531135531136,0.05461721611721604,0.01093498168498186,84,78,0.6261904761904755,0.5801282051282048,71.31481481481481,162,14
67,67.0,0.546289156626506,0.5701566265060241,0.5292650602409639,0.5258101265822785,0.5704177215189874,0.47649367088607597,0.042044494701698354,0.0571986863115111,0.04062202612861083,0.03280911584681942,0.054656749559365496,0.04653019932703093,0.5048101265822784,0.5130253164556963,0.5234177215189874,0.041479030044227594,0.05713131005032779,0.005847338721976514,83,79,0.6032530120481923,0.5906329113924048,71.01234567901234,162,12
68,68.0,0.5510235294117647,0.5636470588235294,0.5291529411764706,0.5258101265822785,0.5704177215189874,0.47649367088607597,0.04256908179930796,0.05786342837370242,0.04131285896193772,0.03280911584681942,0.054656749559365496,0.04653019932703093,0.5048101265822784,0.5130253164556963,0.5234177215189874,0.04621340282948627,0.05062174236783312,0.005735219657483248,85,79,0.5977647058823524,0.5845569620253162,71.48170731707317,164,13
69,69.0,0.5409166666666667,0.570797619047619,0.5272261904761906,0.5258101265822785,0.5704177215189874,0.47649367088607597,0.043024409722222226,0.056581232851473914,0.04078793693310657,0.03280911584681942,0.054656749559365496,0.04653019932703093,0.5048101265822784,0.5130253164556963,0.5234177215189874,0.036106540084388294,0.057772302591922786,0.003808468957203215,84,79,0.6083333333333327,0.5848101265822783,71.6441717791411,163,11
70,70.0,0.5471585365853658,0.5728536585365854,0.5274024390243903,0.5194868421052631,0.5612236842105262,0.47151315789473697,0.042437328524687686,0.05667195419393218,0.040445947798929203,0.03312593403739612,0.0547715420706371,0.04775419719529085,0.4943552631578947,0.5132368421052632,0.5255131578947367,0.052803273427471153,0.05961681643132222,0.001889281129653586,82,76,0.6192682926829262,0.581710526315789,71.31645569620254,158,14
71,71.0,0.5502439024390243,0.5725609756097562,0.5237073170731708,0.5173108108108108,0.5604324324324323,0.4667972972972974,0.04178816002379536,0.056532465794170136,0.0416214021415824,0.03379805204528853,0.05622508327246165,0.04812945891161432,0.49009459459459465,0.512527027027027,0.5335135135135135,0.06014930784442968,0.060033948582729146,0.009806196440342752,82,74,0.6349999999999995,0.5795945945945943,71.39102564102564,156,14
72,72.0,0.5415060240963856,0.5781084337349396,0.5237951807228916,0.5231351351351353,0.5543378378378377,0.46214864864864863,0.03924287646973436,0.05274727739875163,0.04131835563942517,0.033278630387143904,0.05451184532505479,0.048639991417092764,0.48398648648648657,0.5203783783783783,0.5425945945945946,0.05751953760989903,0.05773005535656128,0.01879941387170303,83,74,0.6328915662650596,0.5786486486486484,71.21019108280255,157,13
73,73.0,0.5438148148148149,0.5767407407407407,0.5318024691358024,0.5254794520547945,0.5503287671232876,0.4613698630136987,0.03998903978052126,0.05332804389574759,0.03965904740131078,0.03332781122161756,0.054069206980671795,0.04926141114655658,0.48331506849315076,0.514986301369863,0.5451095890410957,0.060499746321664105,0.061754439370877656,0.013307119905293319,81,73,0.6528395061728388,0.5971232876712325,71.56493506493507,154,12
74,74.0,0.5367804878048781,0.5690487804878048,0.5308170731707317,0.5253918918918918,0.5428918918918918,0.4592972972972974,0.039619634741225464,0.05581111957168352,0.03966263726948245,0.03287799506939371,0.05737596128560993,0.04890928999269539,0.47774324324324324,0.5108648648648649,0.5459324324324324,0.05903724456163484,0.0581839156229399,0.015115359261700712,82,74,0.6720731707317067,0.5632432432432428,72.32692307692308,156,11
75,75.0,0.5351585365853658,0.5711463414634147,0.5286097560975609,0.52756,0.5415199999999999,0.46106666666666674,0.039024279744199884,0.054296271267102916,0.03941635990481856,0.03278747306666666,0.05675022293333334,0.04848883555555555,0.47972,0.5144666666666666,0.5427066666666666,0.05543853658536585,0.05667967479674807,0.01409691056910567,82,75,0.6663414634146335,0.5553333333333329,72.63694267515923,157,13
76,76.0,0.5420759493670886,0.5740506329113924,0.5278354430379747,0.5262972972972974,0.536918918918919,0.46099999999999997,0.0383616144848582,0.055902073385675356,0.038534061528601185,0.03311096566837107,0.05592937180423666,0.04914375675675676,0.47936486486486485,0.5091351351351352,0.5435135135135136,0.06271108450222374,0.06491549777625716,0.01567807047553893,79,74,0.6489873417721514,0.5783783783783779,72.70588235294117,153,12
77,77.0,0.5420759493670886,0.5740506329113924,0.5278354430379747,0.5262972972972974,0.536918918918919,0.46099999999999997,0.0383616144848582,0.055902073385675356,0.038534061528601185,0.03311096566837107,0.05592937180423666,0.04914375675675676,0.47936486486486485,0.5091351351351352,0.5435135135135136,0.06271108450222374,0.06491549777625716,0.01567807047553893,79,74,0.6479746835443031,0.5651351351351348,73.70588235294117,153,16
78,78.0,0.5431282051282051,0.5654871794871793,0.5300897435897435,0.5247162162162162,0.5338783783783784,0.4603513513513513,0.03847518869165023,0.05363481393819855,0.03945944066403682,0.033417716764061356,0.05632402574872171,0.048819011687363044,0.47594594594594586,0.5038378378378379,0.5401216216216216,0.06718225918225929,0.06164934164934144,0.010031878031878105,78,74,0.6456410256410251,0.5937837837837834,73.375,152,12
79,79.0,0.5443924050632912,0.5708607594936708,0.5316835443037973,0.5287916666666667,0.5231805555555556,0.4483888888888889,0.03811282070181062,0.05520817048549911,0.03915808972921007,0.03175119270833333,0.05359281462191358,0.04465537654320987,0.4668472222222222,0.49273611111111115,0.5306111111111111,0.07754518284106904,0.07812464838255961,0.0010724331926861286,79,72,0.6392405063291133,0.6077777777777773,73.76821192052981,151,11
80,80.0,0.5438625,0.5686625,0.5302875,0.5240684931506849,0.5343287671232877,0.45278082191780816,0.03765859359375,0.05489982359375001,0.03882257984375,0.029919159692249956,0.05636961793957591,0.04535849990617377,0.47579452054794524,0.5090410958904109,0.5361780821917806,0.06806797945205478,0.05962140410958905,0.0058905821917806245,80,73,0.6227499999999992,0.5812328767123282,74.15032679738562,153,15
81,81.0,0.5476582278481014,0.5661392405063291,0.5278354430379746,0.5198750000000001,0.5333611111111112,0.4519861111111111,0.03698268066015062,0.055085410991828246,0.038832998237461946,0.030920359375,0.05732723070987654,0.04507548591820988,0.4692361111111112,0.5129027777777778,0.5349027777777777,0.07842211673699018,0.053236462728551315,0.007067334739803144,79,72,0.6402531645569612,0.5827777777777774,74.74834437086092,151,14
82,82.0,0.5446282051282052,0.5662948717948719,0.5252179487179486,0.5197945205479453,0.5353287671232877,0.4531095890410959,0.03709090023011177,0.05442220792241946,0.03898093967784353,0.03114862901107149,0.056688905610808776,0.0440039605929818,0.46756164383561644,0.5114246575342466,0.5283150684931506,0.07706656129258876,0.05487021426062533,0.0030971197752019952,78,73,0.6280769230769224,0.5861643835616435,74.93377483443709,151,13
83,83.0,0.5446282051282052,0.5662948717948719,0.5252179487179486,0.5207042253521126,0.5350563380281692,0.4570422535211267,0.03709090023011177,0.05442220792241946,0.03898093967784353,0.027929363221583015,0.053545743304899814,0.04344139258083713,0.4727605633802817,0.5222957746478873,0.5192676056338027,0.07186764174792348,0.04399909714698458,0.0059503430841458815,78,71,0.6382051282051275,0.5987323943661966,75.1744966442953,149,13
84,84.0,0.5467922077922079,0.5620129870129871,0.5258441558441557,0.5187605633802816,0.5366197183098593,0.4584788732394366,0.037207333445775,0.0536988959352336,0.039456599089222465,0.027621224360245982,0.054004320174568535,0.04328692560999801,0.47174647887323956,0.5231408450704225,0.5188169014084506,0.07504572891896838,0.03887214194256461,0.007027254435705066,77,71,0.6502597402597395,0.6066197183098588,76.36486486486487,148,12
85,85.0,0.5500000000000002,0.571828947368421,0.5262236842105263,0.5124507042253521,0.5396619718309862,0.4537042253521127,0.036393947368421053,0.05131795758310249,0.0402350683864266,0.024903008133306887,0.052184195596111885,0.04142091251735766,0.4689436619718309,0.5199859154929577,0.518845070422535,0.08105633802816925,0.05184303187546335,0.007378613787991317,76,71,0.6210526315789466,0.6049295774647884,76.53061224489795,147,16
86,86.0,0.5487272727272726,0.578038961038961,0.5223506493506493,0.5128904109589042,0.5341917808219179,0.45095890410958905,0.03579786068476977,0.05087538809242705,0.04171165626581211,0.02432135785325577,0.05182212760367799,0.040644231187840114,0.4660684931506849,0.5087534246575343,0.5161506849315068,0.08265877957658774,0.06928553638142676,0.006199964419142501,77,73,0.6351948051948045,0.5647945205479448,76.1,150,17
87,87.0,0.5478607594936709,0.5748101265822785,0.5183544303797468,0.5128904109589042,0.5341917808219179,0.45095890410958905,0.035057259093094074,0.05102691331517386,0.041638102227207166,0.02432135785325577,0.05182212760367799,0.040644231187840114,0.4660684931506849,0.5087534246575343,0.5161506849315068,0.08179226634298598,0.06605670192474422,0.00220374544823998,79,73,0.6236708860759486,0.5530136986301365,76.60526315789474,152,20
88,88.0,0.5552692307692308,0.5703333333333332,0.5175512820512821,0.5171216216216217,0.5410270270270271,0.460527027027027,0.03456732495069034,0.05015647863247863,0.03804017044707429,0.023233512235208184,0.05107386413440467,0.03915141143170197,0.47264864864864875,0.516918918918919,0.5197567567567566,0.0826205821205821,0.0534144144144143,0.002205474705474497,78,74,0.6120512820512813,0.5516216216216211,76.1907894736842,152,20
89,89.0,0.5521333333333333,0.5776266666666667,0.51708,0.5232777777777778,0.5490833333333334,0.4656527777777778,0.03552963555555556,0.048857300622222224,0.038728420266666674,0.022207145061728398,0.050004020833333336,0.03896058777006173,0.4853611111111111,0.5232777777777778,0.520875,0.06677222222222218,0.05434888888888889,0.003794999999999993,75,72,0.6325333333333325,0.5708333333333329,76.23809523809524,147,16
90,90.0,0.5549066666666665,0.5652000000000001,0.5158266666666667,0.5292676056338028,0.5447323943661971,0.46474647887323933,0.03521256462222223,0.0488568,0.03900448995555556,0.01889580162666138,0.05046599880975996,0.03879554136084111,0.4772394366197183,0.5288450704225354,0.5330281690140843,0.07766723004694825,0.03635492957746478,0.017201502347417685,75,71,0.6546666666666661,0.5798591549295771,75.85616438356165,146,12
91,91.0,0.5549066666666665,0.5652000000000001,0.5158266666666667,0.528442857142857,0.5452571428571429,0.4607857142857143,0.03521256462222223,0.0488568,0.03900448995555556,0.01911744673469388,0.05116739102040817,0.03823593979591837,0.47812857142857146,0.532757142857143,0.5297428571428571,0.07677809523809509,0.03244285714285711,0.013916190476190415,75,70,0.6482666666666659,0.5822857142857136,76.87586206896552,145,14
92,92.0,0.5551111111111111,0.5714166666666666,0.5151111111111111,0.5330588235294118,0.548514705882353,0.4641323529411765,0.034206515432098766,0.049620493055555555,0.04019751543209877,0.01862496712802768,0.047653661548442916,0.036068644247404844,0.48116176470588234,0.5307794117647059,0.52525,0.07394934640522877,0.040637254901960684,0.01013888888888892,72,68,0.612916666666666,0.6020588235294114,76.55,140,13
93,93.0,0.5488840579710145,0.5735652173913044,0.5166956521739131,0.535463768115942,0.5532173913043478,0.4575072463768116,0.03141175467338795,0.05019555009451796,0.041438095778197855,0.01811885738290275,0.04687428607435413,0.036645119512707415,0.4840869565217393,0.5372753623188408,0.5149565217391304,0.0647971014492752,0.03628985507246363,0.0017391304347826875,69,69,0.600289855072463,0.6114492753623184,76.29710144927536,138,15
94,94.0,0.5539999999999999,0.5785507246376811,0.5216666666666667,0.5363285714285714,0.5594714285714286,0.46144285714285715,0.03262994202898551,0.04979613148498215,0.04006926570048308,0.01876647775510204,0.04592744918367347,0.037469103877551015,0.4813428571428571,0.5316000000000001,0.5230571428571428,0.07265714285714286,0.04695072463768102,0.0013904761904760532,69,70,0.5927536231884052,0.6082857142857138,76.09352517985612,139,14
95,95.0,0.5567794117647058,0.5789705882352941,0.5271617647058824,0.534943661971831,0.564056338028169,0.4631549295774648,0.03257676016435987,0.05051626384083045,0.03857498853806228,0.01863641936123785,0.04675208133306883,0.03714655346161476,0.4838873239436619,0.5360563380281691,0.5265915492957747,0.0728920878210439,0.042914250207125026,0.0005702154101077106,68,71,0.5979411764705875,0.6102816901408447,76.53237410071942,139,14
96,96.0,0.5579090909090909,0.5821969696969697,0.5348333333333333,0.5322676056338028,0.564169014084507,0.4581408450704225,0.033087173553719006,0.05188715817263545,0.03910986616161616,0.018366703035112085,0.04678991509621107,0.037163078754215435,0.47911267605633795,0.5299436619718308,0.5167887323943661,0.07879641485275296,0.05225330772513881,0.018044600938967204,66,71,0.6148484848484842,0.5967605633802812,76.43065693430657,137,13
97,97.0,0.5513593750000001,0.5908906249999999,0.53915625,0.5340144927536233,0.575304347826087,0.4530144927536231,0.027194355224609376,0.04822212866210937,0.0394059755859375,0.017061579500105017,0.045710211720226844,0.039331318630539805,0.4685217391304347,0.5294347826086956,0.5132463768115941,0.08283763586956538,0.061455842391304305,0.025909873188405874,64,69,0.5812499999999994,0.5986956521739125,75.58646616541354,133,17
98,98.0,0.5493692307692308,0.5873846153846153,0.5403692307692308,0.5334411764705883,0.5705147058823529,0.45083823529411765,0.027029463668639054,0.04826694437869822,0.03889389443786983,0.0172898053633218,0.044799514489619385,0.03958292971453287,0.4645294117647059,0.5239411764705881,0.5071617647058824,0.08483981900452492,0.06344343891402715,0.033207466063348456,65,68,0.57876923076923,0.635882352941176,76.3609022556391,133,15
99,99.0,0.5514677419354838,0.6002580645161291,0.5442903225806454,0.5298260869565219,0.5710869565217389,0.4653478260869566,0.023709313475546306,0.04546248178980229,0.03931130280957337,0.01806669439193447,0.04394228229363579,0.03954698046628861,0.46650724637681157,0.5230434782608695,0.5193623188405797,0.08496049555867219,0.07721458625525957,0.024928003740065652,62,69,0.6262903225806444,0.633188405797101,76.70229007633588,131,12
100,100.0,0.5475762711864407,0.6077457627118645,0.5386610169491524,0.5260588235294117,0.5686029411764705,0.4653088235294117,0.022660108589485778,0.04585940993967251,0.04058802068371159,0.017353114186851207,0.04416273940311418,0.04012844874567474,0.4624411764705883,0.5168529411764705,0.5151176470588235,0.0851350947158524,0.09089282153539402,0.023543369890328902,59,68,0.6023728813559316,0.6517647058823525,76.71653543307086,127,15
101,101.0,0.5436206896551724,0.6196379310344827,0.5384310344827585,0.5288484848484849,0.5745757575757575,0.46798484848484845,0.02194144233055886,0.047966093043995246,0.03996034869203329,0.017939098255280072,0.04367597153351699,0.04129674219467401,0.4486363636363636,0.513969696969697,0.5266515151515151,0.0949843260188088,0.10566823406478576,0.011779519331243438,58,66,0.6008620689655166,0.649393939393939,75.62096774193549,124,16
102,102.0,0.5436206896551724,0.6196379310344827,0.5384310344827585,0.5288484848484849,0.5745757575757575,0.46798484848484845,0.02194144233055886,0.047966093043995246,0.03996034869203329,0.017939098255280072,0.04367597153351699,0.04129674219467401,0.4486363636363636,0.513969696969697,0.5266515151515151,0.0949843260188088,0.10566823406478576,0.011779519331243438,58,66,0.6325862068965511,0.6748484848484843,76.62096774193549,124,12
103,103.0,0.5393000000000001,0.6046500000000001,0.5369833333333334,0.5278095238095238,0.5765238095238094,0.4757619047619047,0.022418976666666666,0.04607299416666667,0.039109916388888895,0.016388439909297052,0.04532758276643992,0.040767038548752826,0.44353968253968257,0.509904761904762,0.5439206349206348,0.09576031746031755,0.09474523809523816,0.0069373015873014365,60,63,0.6633333333333327,0.643333333333333,76.08130081300813,123,13
104,104.0,0.5487457627118644,0.6005593220338983,0.5308983050847458,0.524421875,0.574125,0.47464062500000004,0.023179037058316573,0.046304110887675956,0.039072498132720485,0.016855368896484375,0.044981859375,0.040209261474609376,0.43739062500000003,0.50653125,0.5411718750000001,0.11135513771186434,0.09402807203389829,0.0102735699152543,59,64,0.6530508474576264,0.6284374999999995,75.72357723577235,123,15
105,105.0,0.5468524590163933,0.601639344262295,0.5309508196721312,0.5153174603174604,0.5787301587301589,0.4764603174603175,0.02252484708411718,0.04503282074711099,0.04107585004031174,0.015025042076089692,0.04616899067775258,0.04115101033005794,0.4385873015873016,0.5142222222222222,0.5418412698412698,0.10826515742909176,0.08741712204007279,0.010890450169138588,61,63,0.6409836065573764,0.6271428571428566,75.39516129032258,124,16
106,106.0,0.5468524590163933,0.601639344262295,0.5309508196721312,0.5180312499999999,0.58159375,0.487140625,0.02252484708411718,0.04503282074711099,0.04107585004031174,0.0148867490234375,0.0473062099609375,0.03786780834960937,0.433625,0.510421875,0.5487031250000001,0.11322745901639336,0.09121746926229501,0.017752305327868867,61,64,0.6488524590163929,0.6537499999999994,75.848,125,13
107,107.0,0.5468524590163933,0.601639344262295,0.5309508196721312,0.5201093750000001,0.581875,0.49440625,0.02252484708411718,0.04503282074711099,0.04107585004031174,0.014597597412109375,0.047408734375000004,0.0387938349609375,0.44146874999999997,0.5230625,0.54884375,0.10538370901639338,0.07857684426229505,0.01789293032786876,61,64,0.6345901639344256,0.6596874999999994,76.448,125,17
108,108.0,0.545258064516129,0.5901774193548387,0.5272903225806452,0.5211746031746031,0.5822222222222222,0.4963174603174603,0.023583385015608742,0.04511788787721123,0.041187335067637894,0.014756683799445705,0.04815353791887125,0.039175835726883344,0.43722222222222223,0.5168253968253967,0.5572380952380952,0.10803584229390678,0.07335202252944195,0.029947772657449967,62,63,0.6258064516129027,0.675396825396825,76.24,125,18
109,109.0,0.545258064516129,0.5901774193548387,0.5272903225806452,0.5212096774193548,0.5916129032258064,0.49935483870967745,0.023583385015608742,0.04511788787721123,0.041187335067637894,0.014994617325702392,0.04337455983350677,0.03922648699271592,0.4431290322580646,0.5217741935483872,0.5564516129032258,0.10212903225806441,0.06840322580645153,0.029161290322580524,62,62,0.6138709677419348,0.7124193548387091,76.93548387096774,124,17
110,110.0,0.5427142857142855,0.6032857142857142,0.5281111111111111,0.51525,0.597140625,0.49926562499999994,0.0236642358276644,0.042556362811791384,0.040741813051146394,0.01568453125,0.041639902099609376,0.04108225756835937,0.44715625000000003,0.5289375000000001,0.5564687500000001,0.09555803571428545,0.07434821428571414,0.02835763888888898,63,64,0.6074603174603168,0.6770312499999995,76.20472440944881,127,20
111,111.0,0.5400645161290323,0.6020645161290323,0.518241935483871,0.516676923076923,0.600676923076923,0.5003538461538461,0.02364009261186264,0.043242673257023925,0.03993740920915712,0.015573541775147928,0.04179963408284024,0.040526013254437866,0.4512461538461539,0.5343230769230769,0.5597538461538463,0.08881836228287837,0.06774143920595543,0.04151191066997528,62,65,0.5862903225806445,0.6784615384615379,74.91338582677166,127,20
112,112.0,0.5453064516129031,0.599967741935484,0.5093870967741936,0.5234761904761903,0.6134761904761906,0.5023333333333334,0.02348088995837669,0.0422572570239334,0.03705630176899064,0.015513455782312923,0.0387176462585034,0.04097374603174602,0.4581111111111112,0.5416190476190477,0.5614603174603175,0.08719534050179195,0.0583486943164363,0.05207322068612397,62,63,0.5967741935483866,0.6615873015873012,74.56,125,21
113,113.0,0.5508387096774192,0.5956451612903225,0.5071935483870967,0.5192903225806452,0.6178387096774195,0.5010322580645162,0.021062490114464098,0.042540874089490116,0.03684699479708638,0.016259335067637878,0.04010726430801248,0.039476353798126945,0.4591129032258065,0.5424354838709678,0.5681290322580644,0.09172580645161271,0.05320967741935467,0.0609354838709677,62,62,0.5941935483870963,0.6640322580645156,74.62096774193549,124,22
114,114.0,0.5487301587301586,0.6012698412698413,0.509063492063492,0.515,0.6205245901639346,0.5054426229508197,0.02100381607457798,0.04382711766187958,0.0364789166036785,0.018226918032786886,0.041821495296963176,0.03826545982262833,0.44990163934426236,0.5422131147540984,0.5648032786885246,0.09882851938589626,0.0590567265157429,0.05573978662503265,63,61,0.6031746031746025,0.6662295081967208,74.46774193548387,124,23
115,115.0,0.545016129032258,0.5987580645161291,0.5074032258064517,0.5149833333333333,0.62175,0.5027333333333334,0.02098488683662851,0.04488260275754422,0.036381789021852254,0.01853068305555556,0.04242692083333333,0.038455462222222216,0.4574,0.5438666666666667,0.5636,0.08761612903225807,0.0548913978494624,0.05619677419354829,62,60,0.6299999999999996,0.6704999999999994,74.8360655737705,122,24
116,116.0,0.545016129032258,0.5987580645161291,0.5074032258064517,0.5178333333333334,0.6105666666666668,0.5017,0.02098488683662851,0.04488260275754422,0.036381789021852254,0.019352005555555555,0.04183774555555557,0.038509643333333336,0.45843333333333336,0.5329166666666667,0.5594333333333333,0.08658279569892469,0.06584139784946241,0.05203010752688164,62,60,0.6317741935483865,0.6861666666666663,75.51639344262296,122,24
117,117.0,0.5359692307692308,0.5834923076923075,0.5094153846153845,0.5166129032258063,0.6009032258064516,0.5055645161290323,0.022069783668639053,0.04741372686390532,0.03253556591715977,0.01876965660770032,0.03949618418314257,0.03859150390218523,0.45574193548387093,0.5153709677419356,0.5478387096774193,0.08022729528535982,0.06812133995037195,0.03842332506203483,65,62,0.6449230769230764,0.6295161290322576,74.25984251968504,127,24
118,118.0,0.5334062500000001,0.57640625,0.50115625,0.5163,0.5968000000000001,0.5051,0.0222209912109375,0.0442220224609375,0.0327520693359375,0.019157076666666672,0.03886249333333334,0.03952099,0.45419999999999994,0.5163333333333333,0.53875,0.07920625000000014,0.0600729166666667,0.03759374999999998,64,60,0.6578124999999995,0.6359999999999995,73.12903225806451,124,20
119,119.0,0.5357076923076924,0.5792307692307692,0.5060923076923077,0.5118793103448277,0.5947586206896551,0.5103965517241379,0.022218114556213017,0.04405226982248521,0.033807529940828404,0.019113381985731273,0.04000139001189061,0.03881692895362664,0.4527931034482759,0.51,0.5395,0.08291458885941655,0.0692307692307692,0.03340769230769225,65,58,0.646461538461538,0.6634482758620686,73.2520325203252,123,18
120,120.0,0.5326666666666666,0.5695555555555554,0.502031746031746,0.5118793103448277,0.5947586206896551,0.5103965517241379,0.022620603174603172,0.04235764373897707,0.0341417450239355,0.019113381985731273,0.04000139001189061,0.03881692895362664,0.4527931034482759,0.51,0.5395,0.07987356321839073,0.05955555555555536,0.03746825396825393,63,58,0.6461904761904756,0.7037931034482753,73.56198347107438,121,16
121,121.0,0.536079365079365,0.5699206349206348,0.48865079365079367,0.5126333333333334,0.5975166666666667,0.50215,0.022116390526580997,0.04253781909800957,0.034485401864449476,0.018588165555555557,0.039073616388888885,0.0404585275,0.4532,0.5144333333333334,0.5312,0.08287936507936505,0.05548730158730142,0.04254920634920634,63,60,0.6287301587301584,0.6876666666666664,73.6829268292683,123,19
122,122.0,0.5336093749999999,0.565515625,0.49195312500000005,0.5125166666666667,0.6026166666666667,0.4976833333333333,0.022155175537109374,0.043095624755859374,0.03463360717773437,0.018596816388888885,0.03869553638888888,0.041672716388888885,0.46491666666666664,0.5241166666666667,0.5276666666666666,0.0686927083333333,0.04139895833333329,0.03571354166666657,64,60,0.6234374999999994,0.6813333333333329,74.55645161290323,124,22
123,123.0,0.5312769230769231,0.559123076923077,0.48793846153846154,0.515967741935484,0.602967741935484,0.49961290322580637,0.021868415621301773,0.04228564639053255,0.03435082698224853,0.01840712799167534,0.03772699895941727,0.040509882414151925,0.4573709677419355,0.5098548387096774,0.539483870967742,0.07390595533498762,0.04926823821339954,0.05154540942928043,65,62,0.639538461538461,0.6545161290322576,74.79527559055119,127,22
124,124.0,0.5287384615384616,0.5601384615384615,0.4880307692307692,0.51984126984127,0.6092539682539684,0.5019206349206349,0.02215530082840237,0.04217673467455621,0.03438295289940829,0.01904521289997481,0.03957818946837994,0.04019705719324766,0.46047619047619043,0.5172539682539683,0.5432380952380953,0.06826227106227117,0.042884493284493175,0.055207326007326085,65,63,0.6603076923076918,0.6474603174603168,74.7421875,128,21
125,125.0,0.527723076923077,0.5535538461538462,0.48846153846153845,0.5198437499999999,0.6050156250000001,0.498609375,0.02212124639053254,0.04322824710059172,0.034325879289940825,0.0197215068359375,0.03971179663085938,0.039367613037109374,0.4558125,0.5113749999999999,0.5394375,0.07191057692307695,0.04217884615384626,0.05097596153846157,65,64,0.6372307692307687,0.6584374999999996,74.10077519379846,129,23
126,126.0,0.527723076923077,0.5535538461538462,0.48846153846153845,0.5165625,0.60975,0.50196875,0.02212124639053254,0.04322824710059172,0.034325879289940825,0.018902527343749996,0.03992121875,0.0406254365234375,0.46346875,0.522625,0.5398125,0.06425432692307698,0.030928846153846168,0.05135096153846158,65,64,0.6456923076923071,0.6789062499999995,74.82170542635659,129,20
127,127.0,0.527723076923077,0.5535538461538462,0.48846153846153845,0.521323076923077,0.5986461538461538,0.49301538461538463,0.02212124639053254,0.04322824710059172,0.034325879289940825,0.017928495621301777,0.04060955171597633,0.03682887668639053,0.4622307692307692,0.5109846153846154,0.5429384615384615,0.06549230769230774,0.042569230769230804,0.054476923076923034,65,65,0.6264615384615377,0.685538461538461,74.24615384615385,130,21
128,128.0,0.5248030303030304,0.5562575757575757,0.4967272727272727,0.5188208955223881,0.5933283582089551,0.49002985074626865,0.021120461202938475,0.04355988820018365,0.03276641046831956,0.019238296279795057,0.04081699665849855,0.03602423791490309,0.45314925373134324,0.4982537313432836,0.5515373134328357,0.0716537765716872,0.05800384441429213,0.05481004070556306,66,67,0.6098484848484843,0.6889552238805965,74.35338345864662,133,20
129,129.0,0.526910447761194,0.5572537313432837,0.4976268656716418,0.5170149253731343,0.5994477611940298,0.4874477611940298,0.02096252929382936,0.04270159233682335,0.032518592114056576,0.017701566941412342,0.03997254577856983,0.036864247271107146,0.4588805970149254,0.5088955223880599,0.540044776119403,0.0680298507462686,0.0483582089552238,0.04241791044776122,67,67,0.6067164179104472,0.6779104477611936,74.5,134,20
130,130.0,0.5236307692307691,0.5548461538461538,0.5018153846153846,0.5164848484848487,0.5964848484848484,0.4949848484848484,0.02158226366863905,0.043808807100591714,0.03219445822485208,0.018280128558310377,0.04009164370982553,0.035586166437098256,0.44907575757575763,0.5113181818181818,0.5500909090909092,0.0745550116550115,0.043527972027971984,0.048275524475524634,65,66,0.5983076923076918,0.7019696969696965,73.82442748091603,131,19
131,131.0,0.5222857142857144,0.5461587301587302,0.4984126984126983,0.5169850746268657,0.5951641791044776,0.49604477611940295,0.021235156462585038,0.041975276392038297,0.0320927503149408,0.018023805747382486,0.03960837603029629,0.03512917709957674,0.448,0.5077164179104479,0.5507014925373135,0.07428571428571434,0.03844231224828232,0.05228879412461518,63,67,0.613492063492063,0.7008955223880593,73.73846153846154,130,19
132,132.0,0.5205409836065574,0.5390819672131147,0.49745901639344253,0.5178461538461538,0.5903538461538461,0.4877692307692307,0.02168611717280301,0.040069583445310406,0.03257493684493415,0.018517976331360948,0.040028659408284026,0.03360814674556213,0.43538461538461537,0.49638461538461537,0.5375076923076924,0.08515636822194206,0.042697351828499375,0.04004867591424982,61,65,0.6170491803278684,0.721538461538461,73.87301587301587,126,21
133,133.0,0.5167538461538462,0.5444461538461538,0.49324615384615383,0.5189393939393939,0.5908636363636364,0.49069696969696963,0.020675447100591715,0.04137104710059171,0.03176544710059172,0.01831508723599633,0.03943905716253443,0.03365608999081727,0.44057575757575757,0.5036666666666666,0.5438030303030303,0.07617808857808867,0.040779487179487206,0.05055687645687651,65,66,0.6087692307692303,0.7265151515151511,73.38167938931298,131,18
134,134.0,0.52065625,0.538609375,0.49865625,0.5191594202898551,0.5909420289855072,0.49839130434782614,0.0215858193359375,0.03991945678710937,0.0299884130859375,0.018208626759084225,0.03729663432052089,0.03344933963453056,0.4464057971014492,0.5009275362318839,0.545144927536232,0.07425045289855087,0.03768183876811604,0.04648867753623198,64,69,0.6032812499999995,0.6824637681159416,72.61654135338345,133,19
135,135.0,0.5202727272727273,0.5420303030303031,0.49653030303030304,0.5247313432835821,0.5860746268656717,0.4927164179104478,0.021076531680440772,0.03908427180899908,0.029642673324150593,0.017506375584762753,0.03731174069948763,0.032577367342392506,0.44792537313432834,0.49417910447761193,0.5441044776119403,0.07234735413839899,0.047851198552691154,0.04757417458163721,66,67,0.6095454545454541,0.6968656716417906,73.24812030075188,133,18
136,136.0,0.5190937499999999,0.5334062500000001,0.494859375,0.522927536231884,0.5856666666666668,0.48917391304347824,0.0216813037109375,0.0378508037109375,0.030474339599609376,0.017334965763495063,0.0380911497584541,0.034884114681789535,0.4424347826086956,0.4976521739130434,0.5417536231884057,0.07665896739130429,0.03575407608695669,0.04689424818840571,64,69,0.6064062499999995,0.6978260869565214,72.93984962406014,133,18
137,137.0,0.5236818181818181,0.5399242424242425,0.4967272727272728,0.52968115942029,0.5865217391304348,0.48779710144927546,0.021698823002754823,0.038118039715335165,0.029685440771349863,0.015973231674018065,0.03502416257088847,0.033990567527830286,0.4389710144927536,0.48837681159420293,0.5433913043478261,0.08471080368906453,0.0515474308300396,0.046664031620553326,66,69,0.5981818181818178,0.6850724637681156,72.47407407407407,135,19
138,138.0,0.5226818181818181,0.5381212121212121,0.4963030303030303,0.5271126760563382,0.5816338028169014,0.48812676056338034,0.021367186639118456,0.037575409550045916,0.029613756657483933,0.015743621106923223,0.034718851815116046,0.033341885340210264,0.4382535211267606,0.48745070422535214,0.5384929577464789,0.08442829705505756,0.05067050789585997,0.04218992744344857,66,71,0.6192424242424238,0.6677464788732391,72.43795620437956,137,17
139,139.0,0.5197164179104478,0.5369253731343283,0.49716417910447763,0.5279714285714288,0.5882,0.48499999999999993,0.02162865092448207,0.03710896458008465,0.02922070438850523,0.015873484897959186,0.03468156,0.03414191428571429,0.42654285714285717,0.48992857142857144,0.5427857142857142,0.09317356076759059,0.046996801705756874,0.04562153518123657,67,70,0.5985074626865666,0.6511428571428567,72.68613138686132,137,21
140,140.0,0.5189701492537312,0.5363134328358209,0.4903880597014926,0.5323382352941177,0.5990735294117647,0.4866470588235294,0.021509760302962797,0.03681170773000667,0.02635814791713076,0.015672576773356404,0.03144483282871974,0.03503419896193772,0.4383235294117647,0.4974852941176472,0.5442058823529412,0.08064661984196647,0.0388281387181737,0.05381782265144863,67,68,0.5967164179104473,0.655882352941176,72.65925925925926,135,21
141,141.0,0.521159420289855,0.5341014492753623,0.48736231884057973,0.5285652173913044,0.5985797101449275,0.4819130434782608,0.021077467338794374,0.03597820709934888,0.02590434698592732,0.015180564587271583,0.030892475530350762,0.03470294896030245,0.43236231884057974,0.49182608695652186,0.5463478260869564,0.08879710144927522,0.04227536231884044,0.05898550724637669,69,69,0.6049275362318836,0.6233333333333331,73.0072463768116,138,21
142,142.0,0.521159420289855,0.5341014492753623,0.48736231884057973,0.5297571428571429,0.6006428571428571,0.4835714285714285,0.021077467338794374,0.03597820709934888,0.02590434698592732,0.015061726734693874,0.03074485816326531,0.03439695918367347,0.43558571428571435,0.49750000000000016,0.548442857142857,0.0855737060041406,0.03660144927536213,0.061080538302277276,69,70,0.6044927536231879,0.6539999999999997,73.63309352517986,139,18
143,143.0,0.5216999999999998,0.5344714285714286,0.48189999999999994,0.5316323529411765,0.5963382352941177,0.48957352941176474,0.020796524285714282,0.035473677755102045,0.027593032857142857,0.015356908953287196,0.031000547361591694,0.03394268576989619,0.4336029411764707,0.49426470588235305,0.5587941176470588,0.08809705882352914,0.04020672268907555,0.07689411764705884,70,68,0.6057142857142853,0.7047058823529408,74.10144927536231,138,14
144,144.0,0.5235942028985506,0.5344057971014493,0.47924637681159404,0.5347313432835821,0.5976119402985075,0.4854029850746269,0.02084676286494434,0.035987487502625495,0.027500011762234825,0.014933062151926933,0.03135292403653375,0.03326653909556695,0.43505970149253737,0.49620895522388064,0.5558955223880595,0.08853450140601327,0.038196841877568666,0.07664914557646546,69,67,0.6159420289855068,0.7061194029850743,75.17647058823529,136,15
145,145.0,0.5308636363636363,0.5420303030303031,0.4721666666666666,0.5338970588235294,0.5971617647058824,0.4886176470588236,0.019544663223140496,0.03542239302112029,0.026366502525252525,0.014760092344290661,0.030905429714532872,0.03346970674740485,0.4341470588235295,0.4957058823529413,0.5571617647058823,0.09671657754010682,0.04632442067736181,0.08499509803921568,66,68,0.6492424242424237,0.6973529411764703,74.64925373134328,134,15
146,146.0,0.5426521739130433,0.549304347826087,0.4730289855072463,0.5314,0.5905384615384615,0.49667692307692307,0.018639357277882795,0.03318389287964714,0.025622781768536017,0.01527587076923077,0.030617110059171598,0.031842649467455617,0.4346923076923077,0.48409230769230777,0.5663538461538462,0.10795986622073561,0.06521204013377918,0.0933248606465999,69,65,0.6498550724637677,0.6706153846153843,74.23880597014926,134,15
147,147.0,0.5437534246575342,0.5621095890410959,0.48183561643835615,0.5250952380952381,0.5888253968253969,0.4902380952380952,0.018055281666353912,0.03503648114092701,0.02652312366297617,0.014917451247165533,0.028048112370874276,0.031954594104308384,0.4182857142857144,0.47541269841269834,0.5554761904761905,0.12546771037181975,0.08669689062839753,0.0736405740378343,73,63,0.6521917808219173,0.6239682539682535,73.66911764705883,136,15
148,148.0,0.5466760563380282,0.5680563380281691,0.481394366197183,0.5250952380952381,0.5888253968253969,0.4902380952380952,0.018109317595715133,0.03465481372743502,0.025416548700654632,0.014917451247165533,0.028048112370874276,0.031954594104308384,0.4182857142857144,0.47541269841269834,0.5554761904761905,0.12839034205231376,0.09264363961547079,0.07408182427900745,71,63,0.6205633802816897,0.6325396825396821,73.49253731343283,134,18
149,149.0,0.544338028169014,0.569112676056338,0.47991549295774644,0.5262580645161289,0.5902258064516129,0.49229032258064515,0.018415632215830195,0.03425533941678239,0.025798556238841502,0.01507286888657648,0.028376949011446405,0.032204657648283036,0.42229032258064525,0.4737096774193548,0.5594032258064516,0.12204770558836875,0.09540299863698315,0.0794877328487052,71,62,0.617183098591549,0.6564516129032254,73.66917293233082,133,17
150,150.0,0.5460285714285714,0.5754999999999999,0.47895714285714286,0.5288412698412698,0.5943333333333333,0.49479365079365073,0.018475799183673463,0.03184805,0.026101898163265302,0.015247339884101787,0.028972571428571424,0.03208200503905266,0.42411111111111116,0.47961904761904756,0.5641269841269841,0.12191746031746026,0.09588095238095234,0.08516984126984128,70,63,0.5968571428571424,0.668412698412698,74.2406015037594,133,18
151,151.0,0.5463055555555556,0.5753472222222222,0.4811111111111111,0.528765625,0.594984375,0.49543750000000003,0.01805551774691358,0.031137559992283945,0.025771793209876544,0.015009460693359374,0.028546577880859375,0.031606839843750005,0.426921875,0.480484375,0.5595,0.1193836805555556,0.09486284722222221,0.0783888888888889,72,64,0.5851388888888883,0.6812499999999996,74.93382352941177,136,17
152,152.0,0.5478918918918919,0.5756486486486486,0.4824864864864865,0.5255714285714286,0.5962063492063493,0.4955873015873016,0.01770136669101534,0.03190176844411979,0.02520054711468225,0.014594721088435373,0.02890413202317964,0.03210709952129,0.4293968253968254,0.4869682539682539,0.5525396825396826,0.11849506649506653,0.08868039468039474,0.07005319605319604,74,63,0.5958108108108103,0.6550793650793648,75.11678832116789,137,18
153,153.0,0.5438767123287671,0.5732739726027397,0.4825068493150685,0.5257096774193548,0.6013225806451613,0.4964838709677419,0.016696436854944645,0.032158500281478694,0.02512359241884031,0.014623367325702396,0.028588347554630595,0.03215479812695109,0.4210483870967742,0.49654838709677424,0.5465645161290323,0.12282832523199289,0.07672558550596548,0.06405766681396385,73,62,0.5957534246575337,0.665645161290322,74.46666666666667,135,16
154,154.0,0.5439041095890411,0.5761506849315069,0.4793013698630136,0.5198709677419356,0.6000322580645161,0.49332258064516127,0.01669573053105648,0.03146974441733908,0.024847306436479644,0.013593305931321542,0.02868299895941728,0.031989799167533826,0.4144193548387096,0.4937903225806452,0.5479032258064516,0.1294847547503315,0.0823603623508617,0.06860185594343798,73,62,0.5945205479452049,0.6533870967741932,74.47407407407407,135,18
155,155.0,0.5405405405405407,0.5712972972972973,0.4822162162162162,0.5197499999999999,0.603171875,0.49440625000000005,0.01675811322132944,0.03164401972242513,0.024906872169466767,0.013293000000000001,0.028195548583984372,0.031079053710937502,0.41634375,0.491,0.5520781250000001,0.12419679054054067,0.08029729729729729,0.0698619087837839,74,64,0.5959459459459455,0.6667187499999996,75.1231884057971,138,14
156,156.0,0.5432000000000001,0.5698,0.4847066666666666,0.5173387096774194,0.6015806451612904,0.49961290322580637,0.017058053333333333,0.031388,0.025033753955555554,0.013397353017689906,0.02846624349635796,0.030192043704474508,0.4201612903225806,0.4966774193548387,0.5516935483870967,0.12303870967741953,0.07312258064516125,0.0669868817204301,75,62,0.5775999999999994,0.6967741935483867,75.44525547445255,137,16
157,157.0,0.5419078947368421,0.573486842105263,0.4832894736842105,0.5218730158730158,0.6086349206349206,0.4947619047619047,0.016770162569252078,0.030784618247922446,0.024784258310249302,0.01297903149407911,0.027461120685311157,0.02964462585034014,0.4221904761904762,0.5138412698412698,0.5524444444444444,0.11971741854636586,0.05964557226399325,0.06915497076023391,76,63,0.5797368421052627,0.6696825396825393,75.03597122302158,139,15
158,158.0,0.5402933333333334,0.5747199999999999,0.4845333333333332,0.5196949152542373,0.6002203389830508,0.5037457627118643,0.016795647288888892,0.03107950826666667,0.02499712888888889,0.012913025567365701,0.028537358230393568,0.028381884515943694,0.40874576271186447,0.5167796610169492,0.5588135593220338,0.13154757062146893,0.05794033898305073,0.0742802259887006,75,59,0.5745333333333328,0.7123728813559319,73.96268656716418,134,13
159,159.0,0.5400277777777779,0.5741388888888888,0.48419444444444437,0.5209016393442623,0.5958524590163934,0.5048524590163934,0.01712066589506173,0.03125089737654321,0.026007017746913583,0.013295105079279765,0.028407011018543406,0.027607470034936844,0.4075737704918033,0.5068852459016393,0.5674590163934425,0.13245400728597456,0.06725364298724945,0.08326457194899817,72,61,0.5556944444444439,0.7122950819672128,73.33082706766918,133,13
160,160.0,0.5400277777777779,0.5741388888888888,0.48419444444444437,0.5185245901639345,0.5914918032786883,0.5028688524590164,0.01712066589506173,0.03125089737654321,0.026007017746913583,0.01389038054286482,0.02906697124428917,0.02805322870196184,0.39729508196721314,0.4962459016393443,0.5719836065573771,0.14273269581056475,0.07789298724954447,0.08778916211293275,72,61,0.5474999999999997,0.7344262295081964,74.57142857142857,133,14
161,161.0,0.5365492957746479,0.5665915492957746,0.4858591549295775,0.5205573770491804,0.5948852459016393,0.5052622950819672,0.016682585598095618,0.03114841063281095,0.025564036500694307,0.013547459822628326,0.03091954420854609,0.026867472184896532,0.4001967213114754,0.5041639344262295,0.5790983606557378,0.13635257446317256,0.06242761486954507,0.09323920572616035,71,61,0.55169014084507,0.7013114754098358,73.3409090909091,132,17
162,162.0,0.5352567567567568,0.5642702702702703,0.48183783783783785,0.5146229508196721,0.5868196721311476,0.5101147540983607,0.01680800164353543,0.030149953981008025,0.024982189919649376,0.014431775866702495,0.030661360924482663,0.02679023273313625,0.3925901639344263,0.4928360655737705,0.5850655737704918,0.14266659282233046,0.0714342046964998,0.103227735932654,74,61,0.5412162162162157,0.6763934426229504,73.6,135,19
163,163.0,0.5352297297297297,0.5666891891891892,0.4842432432432432,0.513344262295082,0.5822295081967213,0.5047213114754099,0.01681314992695398,0.0290470250182615,0.02426037326515705,0.014470094598226284,0.03014289814565977,0.025462561676968556,0.38698360655737707,0.4885081967213115,0.5711475409836066,0.14824612317235264,0.07818099246787769,0.08690429774036346,74,61,0.5458108108108103,0.645573770491803,73.66666666666667,135,22
164,164.0,0.534445945945946,0.5705405405405407,0.4872297297297297,0.5098666666666667,0.5797666666666665,0.5055833333333334,0.016627976807888967,0.03053689700511322,0.02312123100803506,0.013701215555555557,0.028598512222222216,0.024721609722222218,0.3854666666666667,0.48103333333333337,0.56725,0.1489792792792793,0.08950720720720734,0.08002027027027031,74,60,0.5901351351351347,0.6404999999999997,73.32835820895522,134,17
165,165.0,0.5326315789473685,0.5752368421052632,0.49061842105263165,0.511551724137931,0.5880344827586206,0.5041896551724138,0.01626752216066482,0.029633812326869808,0.023960393871191137,0.014015523186682519,0.027532274673008315,0.025374567479191444,0.38734482758620686,0.48393103448275865,0.564948275862069,0.1452867513611616,0.09130580762250451,0.07432985480943732,76,58,0.5893421052631574,0.627068965517241,72.88805970149254,134,16
166,166.0,0.5351447368421054,0.5781184210526316,0.48747368421052645,0.511551724137931,0.5880344827586206,0.5041896551724138,0.016084623788088646,0.028998841239612185,0.023749986149584488,0.014015523186682519,0.027532274673008315,0.025374567479191444,0.38734482758620686,0.48393103448275865,0.564948275862069,0.14779990925589853,0.09418738656987291,0.07747459165154252,76,58,0.6077631578947363,0.620862068965517,73.63432835820896,134,15
167,167.0,0.5352236842105264,0.5823157894736843,0.4931052631578948,0.5135254237288136,0.5924745762711864,0.5045254237288136,0.016264094702216066,0.029709768698060943,0.024062620498614965,0.014003910370583164,0.028209062912956044,0.024951029014650964,0.3878135593220338,0.4779152542372882,0.5711864406779662,0.14741012488849253,0.10440053523639614,0.07808117752007138,76,59,0.6059210526315786,0.6033898305084742,73.28148148148148,135,15
168,168.0,0.5320933333333333,0.5819333333333334,0.49309333333333333,0.5130175438596491,0.5917017543859648,0.4991754385964912,0.015906617955555556,0.028857448888888887,0.024478164622222225,0.01448710495537088,0.0291650163127116,0.024468425361649736,0.3850175438596491,0.4797719298245614,0.5734736842105264,0.14707578947368422,0.10216140350877201,0.08038035087719303,75,57,0.5894666666666663,0.592631578947368,72.57575757575758,132,19
169,169.0,0.5317297297297298,0.5839189189189189,0.4952567567567568,0.5130175438596491,0.5917017543859648,0.4991754385964912,0.016111656683710732,0.02895172315558802,0.024457920562454348,0.01448710495537088,0.0291650163127116,0.024468425361649736,0.3850175438596491,0.4797719298245614,0.5734736842105264,0.14671218587008067,0.10414698909435749,0.07821692745376957,74,57,0.5781081081081075,0.6252631578947365,73.29770992366412,131,20
170,170.0,0.5328108108108107,0.5847837837837838,0.4967297297297298,0.5109672131147541,0.5881311475409837,0.5007213114754099,0.016063504747991234,0.028885385682980276,0.02402635938641344,0.014092556302069334,0.028769064767535605,0.024740758398280032,0.3927868852459016,0.485688524590164,0.5783114754098361,0.1400239255649091,0.09909525919361983,0.08158174568010629,74,61,0.5632432432432427,0.6131147540983604,72.60740740740741,135,21
171,171.0,0.5336714285714285,0.5799285714285715,0.49291428571428586,0.5121666666666667,0.5905666666666668,0.4977,0.016306620612244898,0.026992980612244893,0.024625849795918368,0.01423967222222222,0.028886712222222218,0.024596276666666663,0.39136666666666664,0.4883833333333333,0.5778333333333332,0.14230476190476182,0.09154523809523818,0.08491904761904734,70,60,0.5742857142857137,0.6448333333333328,72.3923076923077,130,19
172,172.0,0.5329264705882353,0.5795147058823531,0.4910441176470589,0.5129666666666667,0.5913333333333335,0.49998333333333334,0.016540832828719723,0.02841989684256055,0.025194659818339103,0.014181165555555554,0.028920522222222227,0.023448483055555556,0.3940166666666666,0.48976666666666674,0.5746,0.13890980392156865,0.08974803921568636,0.08355588235294109,68,60,0.5882352941176466,0.6558333333333332,71.78125,128,20
173,173.0,0.5310895522388058,0.5787611940298508,0.48991044776119413,0.5162033898305085,0.5948305084745765,0.5028474576271186,0.01655826063711294,0.02880546535976832,0.025483305413232352,0.013792941683424305,0.028676886526860103,0.02335372249353634,0.40069491525423734,0.4956101694915255,0.5736101694915253,0.1303946369845685,0.08315102453832535,0.08369972173033119,67,59,0.5991044776119399,0.6874576271186437,72.36507936507937,126,18
174,174.0,0.5314461538461539,0.5722615384615385,0.48686153846153846,0.5167368421052632,0.5952456140350876,0.5102280701754386,0.016831108639053252,0.02737145467455621,0.02560568852071006,0.014026790397045243,0.02961313265620191,0.022182842720837183,0.39542105263157895,0.4971228070175439,0.5721578947368421,0.13602510121457495,0.07513873144399458,0.08529635627530363,65,57,0.5958461538461534,0.6694736842105259,71.21311475409836,122,22
175,175.0,0.528378787878788,0.569939393939394,0.4840606060606061,0.5174827586206896,0.5977758620689654,0.5070172413793104,0.017187659550045916,0.027307238751147843,0.02572766299357209,0.013816663495838287,0.029467484244946492,0.022388016944114145,0.39612068965517244,0.498448275862069,0.565896551724138,0.13225809822361556,0.07149111807732494,0.08183594566353192,66,58,0.628484848484848,0.6718965517241375,71.63709677419355,124,18
176,176.0,0.52971875,0.5645156250000001,0.479140625,0.5194736842105263,0.601578947368421,0.505421052631579,0.0176008271484375,0.026922437255859376,0.02544783959960938,0.013829161588180977,0.02914557710064635,0.022633015697137583,0.3951754385964912,0.4999649122807018,0.5645087719298245,0.13454331140350884,0.0645507127192983,0.08536814692982453,64,57,0.6142187499999995,0.7070175438596487,71.65289256198348,121,19
177,177.0,0.5286923076923077,0.5604615384615385,0.4786461538461539,0.5266545454545455,0.6100727272727272,0.5087090909090909,0.018609228402366864,0.025778956213017748,0.024520905562130175,0.012347498842975204,0.027933703801652894,0.023103369917355378,0.40890909090909083,0.508909090909091,0.5633454545454546,0.11978321678321685,0.05155244755244748,0.0846993006993007,65,55,0.6127692307692303,0.7185454545454543,70.85,120,20
178,178.0,0.5244761904761905,0.5583968253968256,0.48644444444444446,0.5238214285714285,0.6120714285714285,0.5089107142857142,0.019992757369614512,0.026858302847064756,0.02419478659611993,0.012182753826530612,0.026280494897959188,0.022273045599489793,0.4097321428571429,0.5171964285714286,0.5538928571428572,0.11474404761904766,0.041200396825397,0.06744841269841273,63,56,0.6296825396825391,0.6930357142857139,70.43697478991596,119,19
179,179.0,0.5278095238095238,0.5605714285714286,0.4852380952380952,0.5254545454545455,0.6100363636363636,0.5148363636363636,0.020391804988662127,0.026954054421768712,0.02416062585034013,0.011514611570247933,0.025038944132231407,0.019561664132231406,0.41418181818181815,0.5145454545454545,0.5578,0.11362770562770569,0.04602597402597408,0.07256190476190477,63,55,0.6363492063492058,0.7050909090909088,69.7542372881356,118,20
180,180.0,0.5259193548387098,0.556225806451613,0.4837419354838709,0.5267636363636363,0.607,0.5161636363636363,0.020495622528616027,0.026199078043704475,0.02440928824141519,0.011833744132231405,0.024729345454545457,0.019877555041322312,0.4146545454545454,0.5145818181818183,0.5501818181818181,0.11126480938416439,0.04164398826979476,0.0664398826979472,62,55,0.6562903225806447,0.733454545454545,71.00854700854701,117,19
181,181.0,0.5235238095238095,0.5561587301587302,0.4801904761904761,0.5284074074074074,0.6018518518518519,0.5149259259259259,0.020325455782312922,0.026006641471403375,0.02470250340136054,0.011904278463648832,0.023729607681755832,0.020161401920438953,0.41007407407407404,0.5084074074074074,0.5460370370370371,0.11344973544973547,0.04775132275132277,0.06584656084656099,63,54,0.6885714285714281,0.7372222222222218,70.16239316239316,117,15
182,182.0,0.5242459016393441,0.5518852459016393,0.47657377049180333,0.5291730769230769,0.6019807692307693,0.518076923076923,0.021131431335662455,0.02576587207739855,0.023206933082504707,0.01084606619822485,0.023457211168639056,0.02063641715976331,0.4182307692307692,0.5212500000000001,0.5413076923076923,0.10601513240857496,0.03063524590163924,0.06473392181588894,61,52,0.6672131147540978,0.7182692307692305,69.27433628318585,113,19
183,183.0,0.5267166666666667,0.5483833333333333,0.47256666666666663,0.5297777777777777,0.6020925925925925,0.5143703703703703,0.021111236388888892,0.02544723638888889,0.022614245555555558,0.010505950617283948,0.02260212105624142,0.020529307270233194,0.4267777777777777,0.528,0.5342222222222222,0.09993888888888902,0.02038333333333331,0.06165555555555552,60,54,0.6489999999999995,0.7427777777777775,69.78070175438596,114,19
184,184.0,0.5251803278688525,0.5488360655737705,0.4744918032786885,0.5312407407407407,0.5979814814814814,0.5073333333333333,0.02090677076054824,0.025042366568126848,0.022465889277076056,0.010028997599451304,0.022906647805212614,0.020203518518518513,0.42411111111111105,0.5303888888888889,0.528,0.10106921675774144,0.018447176684881605,0.05350819672131152,61,54,0.6440983606557372,0.7205555555555551,69.75652173913043,115,22
185,185.0,0.5185081967213115,0.5558032786885246,0.47424590163934427,0.5315283018867925,0.5946792452830189,0.5020566037735849,0.01851972534264982,0.023575043267938724,0.019967300188121474,0.010213758632965468,0.022749991456034173,0.019081147739409037,0.41750943396226414,0.5223962264150943,0.5206037735849057,0.1009987627590474,0.03340705227343033,0.04635787194556146,61,53,0.660819672131147,0.704339622641509,69.14035087719299,114,24
186,186.0,0.5185081967213115,0.5558032786885246,0.47424590163934427,0.5354150943396226,0.6011509433962263,0.5033018867924528,0.01851972534264982,0.023575043267938724,0.019967300188121474,0.011142922036311854,0.02380597721609114,0.019321040939836238,0.42384905660377353,0.5340754716981132,0.5210566037735849,0.09465914011753801,0.021727806990411436,0.0468107021342406,61,53,0.6465573770491798,0.7183018867924524,69.9298245614035,114,26
187,187.0,0.5185081967213115,0.5558032786885246,0.47424590163934427,0.5380727272727273,0.6012363636363636,0.5035636363636363,0.01851972534264982,0.023575043267938724,0.019967300188121474,0.010954431074380164,0.022960580495867768,0.018627918677685942,0.42878181818181815,0.5385272727272727,0.5134909090909091,0.08972637853949339,0.017276005961251895,0.03924500745156484,61,55,0.6544262295081962,0.7238181818181815,70.3103448275862,116,25
188,188.0,0.5147301587301587,0.5512539682539683,0.476984126984127,0.5395178571428572,0.6010892857142858,0.5031428571428571,0.019311784328546227,0.023489364071554546,0.019595634668682284,0.010873678252551021,0.02255175988520408,0.018305015306122448,0.4292142857142857,0.5314107142857143,0.5220178571428572,0.08551587301587299,0.019843253968254038,0.04503373015873019,63,56,0.6817460317460312,0.7046428571428568,71.53781512605042,119,23
189,189.0,0.514796875,0.553296875,0.47346875,0.5348275862068965,0.5953448275862069,0.49955172413793103,0.019010318115234372,0.023385271240234377,0.020067999023437505,0.011382280618311535,0.022579225921521996,0.015993661117717002,0.41853448275862065,0.5285862068965517,0.5094827586206897,0.09626239224137939,0.024710668103448352,0.03601400862068971,64,58,0.6943749999999995,0.6858620689655169,71.61475409836065,122,21
190,190.0,0.5142153846153846,0.5537538461538462,0.46984615384615386,0.5333157894736842,0.5938421052631578,0.499140350877193,0.018739492071005916,0.023038862485207097,0.020599145562130182,0.011449409048938135,0.022844378578024006,0.01626443644198215,0.41905263157894734,0.5285964912280702,0.514280701754386,0.09516275303643729,0.025157354925775977,0.04443454790823215,65,57,0.6747692307692302,0.6850877192982453,72.18852459016394,122,25
191,191.0,0.5159090909090909,0.5592424242424242,0.471560606060606,0.5312142857142856,0.5904464285714285,0.5017857142857143,0.018642022038567494,0.02464788062442608,0.020478094811753906,0.011951775510204082,0.022980782844387756,0.01560348979591837,0.42428571428571427,0.5321785714285714,0.5200714285714286,0.0916233766233766,0.027063852813852818,0.048510822510822615,66,56,0.6759090909090903,0.711428571428571,71.59836065573771,122,22
192,192.0,0.5206521739130434,0.5574927536231884,0.47137681159420286,0.5312142857142856,0.5904464285714285,0.5017857142857143,0.01930419785759294,0.023819351396765383,0.021537017433312333,0.011951775510204082,0.022980782844387756,0.01560348979591837,0.42428571428571427,0.5321785714285714,0.5200714285714286,0.09636645962732915,0.025314182194617008,0.04869461697722577,69,56,0.6650724637681155,0.6985714285714282,72.272,125,24
193,193.0,0.5206716417910447,0.554507462686567,0.47373134328358213,0.5312142857142856,0.5904464285714285,0.5017857142857143,0.019770160837603034,0.024610727556248605,0.021971569614613502,0.011951775510204082,0.022980782844387756,0.01560348979591837,0.42428571428571427,0.5321785714285714,0.5200714285714286,0.09638592750533048,0.022328891257995642,0.0463400852878465,67,56,0.6974626865671636,0.7107142857142853,72.27642276422765,123,20
194,194.0,0.5200454545454546,0.5566818181818182,0.47522727272727283,0.5299482758620689,0.5899655172413792,0.501396551724138,0.02004343732782369,0.024666853305785122,0.022154539256198348,0.01159177318668252,0.022226895362663496,0.015397480677764567,0.4211724137931034,0.5237931034482759,0.5208620689655172,0.0988730407523512,0.03288871473354227,0.0456347962382444,66,58,0.6984848484848478,0.715172413793103,72.55645161290323,124,21
195,195.0,0.5171818181818182,0.5561818181818182,0.4731212121212121,0.5325593220338983,0.5936101694915253,0.5030847457627119,0.019797815426997246,0.024667785123966942,0.022582803489439855,0.01179072105716748,0.02262061074403907,0.015301806377477738,0.422728813559322,0.5302203389830508,0.5282203389830509,0.09445300462249617,0.025961479198767456,0.055099126861838765,66,59,0.6915151515151509,0.750338983050847,73.248,125,18
196,196.0,0.5166249999999999,0.554453125,0.48039062499999996,0.5267213114754099,0.5858360655737704,0.5009672131147541,0.020372234375,0.023875279052734375,0.020537769287109375,0.013974889545821018,0.024006300994356355,0.014986162859446385,0.41372131147540986,0.5255573770491803,0.5188688524590164,0.10290368852459003,0.028895747950819728,0.03847822745901641,64,61,0.6724999999999993,0.7440983606557372,72.984,125,21
197,197.0,0.5189076923076923,0.5551076923076923,0.477676923076923,0.5240634920634921,0.5811746031746032,0.503984126984127,0.018778268402366863,0.02295231147928994,0.01990166485207101,0.013206821365583267,0.023815636180398083,0.014498618795666414,0.41285714285714287,0.5264920634920636,0.5218253968253969,0.10605054945054943,0.028615628815628735,0.04414847374847386,65,63,0.7081538461538456,0.6896825396825392,72.0078125,128,19
198,198.0,0.5189076923076923,0.5551076923076923,0.477676923076923,0.5250317460317461,0.5834285714285715,0.4993015873015872,0.018778268402366863,0.02295231147928994,0.01990166485207101,0.013195110103300578,0.02466627664399093,0.01289852809271857,0.4105396825396826,0.5276031746031745,0.5132857142857142,0.1083680097680097,0.027504517704517784,0.035608791208791235,65,63,0.6935384615384609,0.7039682539682537,72.8203125,128,21
199,199.0,0.5163692307692308,0.5588153846153845,0.47927692307692304,0.524828125,0.584046875,0.497703125,0.018068202130177517,0.023119442840236686,0.020677738698224854,0.012991548583984373,0.024304950927734374,0.012857958740234373,0.40890625,0.5274218749999999,0.5103593750000001,0.10746298076923078,0.03139350961538456,0.031082451923077015,65,64,0.7052307692307687,0.6881249999999995,74.0,129,23
200,200.0,0.51546875,0.5556874999999999,0.479296875,0.520828125,0.5785781249999999,0.49242187499999995,0.0182978115234375,0.02284474609375,0.021000802490234376,0.013078173583984375,0.023181806396484376,0.013059306396484376,0.40175,0.524421875,0.504640625,0.11371875000000004,0.03126562499999985,0.025343749999999943,64,64,0.7006249999999994,0.7187499999999996,74.4375,128,20
201,201.0,0.5122615384615385,0.5522615384615385,0.48072307692307686,0.5179230769230769,0.5781846153846153,0.49284615384615377,0.018397700828402367,0.022824777751479286,0.02060112331360947,0.013417086390532545,0.022835073609467453,0.012869914792899407,0.39884615384615385,0.5163538461538462,0.5112153846153846,0.1134153846153847,0.03590769230769231,0.030492307692307763,65,65,0.7047692307692303,0.7072307692307689,74.47692307692307,130,20
202,202.0,0.5133283582089553,0.5540149253731345,0.47500000000000003,0.5173125000000001,0.577796875,0.48690625,0.017667563822677652,0.02228096992648697,0.021617104477611945,0.01348155859375,0.02276209936523437,0.0134676474609375,0.402609375,0.5122968750000001,0.505203125,0.11071898320895529,0.04171805037313436,0.030203124999999942,67,64,0.7119402985074622,0.6856249999999996,73.59541984732824,131,20
203,203.0,0.5133283582089553,0.5540149253731345,0.47500000000000003,0.5104761904761905,0.580079365079365,0.48788888888888876,0.017667563822677652,0.02228096992648697,0.021617104477611945,0.013486312925170071,0.021011025447215927,0.0130852733686067,0.3995714285714285,0.5185555555555557,0.4955238095238095,0.11375692963752676,0.0354593698175788,0.020523809523809444,67,63,0.7173134328358202,0.6693650793650792,73.50769230769231,130,20
204,204.0,0.5133283582089553,0.5540149253731345,0.47500000000000003,0.5104285714285715,0.5756031746031747,0.4863809523809523,0.017667563822677652,0.02228096992648697,0.021617104477611945,0.01373234013605442,0.020204461577223477,0.012915283446712021,0.3903174603174603,0.5019523809523809,0.5102857142857142,0.123010897891495,0.05206254442075353,0.0352857142857142,67,63,0.7129850746268652,0.6455555555555552,72.85384615384615,130,20
205,205.0,0.5119999999999999,0.557029411764706,0.4733676470588235,0.5104285714285715,0.5756031746031747,0.4863809523809523,0.017469941176470587,0.021298175605536335,0.02221829130622838,0.01373234013605442,0.020204461577223477,0.012915283446712021,0.3903174603174603,0.5019523809523809,0.5102857142857142,0.12168253968253961,0.05507703081232507,0.03691806722689073,68,63,0.7160294117647052,0.6588888888888885,73.04580152671755,131,18
206,206.0,0.514776119402985,0.5589104477611939,0.4747462686567164,0.5104285714285715,0.5756031746031747,0.4863809523809523,0.017206621519269327,0.021375454666963688,0.02242066696368902,0.01373234013605442,0.020204461577223477,0.012915283446712021,0.3903174603174603,0.5019523809523809,0.5102857142857142,0.12445865908552467,0.05695806680881299,0.03553944562899786,67,63,0.7247761194029845,0.6706349206349203,73.66923076923077,130,17
207,207.0,0.50846875,0.560109375,0.477109375,0.5085454545454545,0.5733484848484849,0.4850909090909092,0.016376499023437498,0.022200003662109374,0.02317612866210938,0.013505247933884298,0.019519742194674016,0.01303247658402204,0.3844848484848485,0.5038333333333332,0.5011969696969698,0.12398390151515154,0.056276041666666776,0.024087594696969805,64,66,0.6989062499999994,0.6960606060606057,73.03846153846153,130,15
208,208.0,0.5084126984126984,0.5648253968253969,0.4777619047619047,0.5065,0.5702499999999999,0.488421875,0.01663624237843285,0.021128969513731416,0.023516752834467126,0.01378309375,0.01966196875,0.012980775146484375,0.385796875,0.5030625,0.5093593750000001,0.12261582341269844,0.06176289682539693,0.03159747023809534,63,64,0.7255555555555548,0.7331249999999996,73.53543307086615,127,11
209,209.0,0.5099374999999999,0.56346875,0.466546875,0.5073076923076922,0.5734461538461537,0.48852307692307695,0.01668815234375,0.0205604052734375,0.022562622802734376,0.013612797633136095,0.0200132624852071,0.012781726390532544,0.3909076923076923,0.5068615384615385,0.5087692307692308,0.11902980769230764,0.05660721153846149,0.042222355769230724,64,65,0.7114062499999994,0.6906153846153843,73.82945736434108,129,18
210,210.0,0.5089523809523809,0.5653650793650794,0.4655714285714286,0.508515625,0.57421875,0.48954687500000005,0.016890934240362816,0.020656612748803226,0.022859863945578235,0.013730656005859376,0.020287170898437498,0.012913310302734375,0.39321875,0.507328125,0.51103125,0.11573363095238093,0.058036954365079385,0.04545982142857147,63,64,0.7038095238095231,0.7118749999999996,74.36220472440945,127,20
211,211.0,0.51171875,0.5667500000000001,0.47393749999999996,0.5112923076923077,0.5670769230769229,0.48687692307692304,0.017069264648437502,0.020405187499999998,0.022166402343750002,0.013718453017751483,0.020135424852071006,0.012959123313609468,0.390876923076923,0.5068461538461537,0.5139230769230769,0.12084182692307699,0.05990384615384636,0.03998557692307697,64,65,0.6943749999999993,0.7176923076923073,74.83720930232558,129,18
212,212.0,0.5205,0.5702096774193549,0.47437096774193543,0.5033709677419355,0.5572096774193548,0.48579032258064525,0.015604862903225806,0.020548714099895945,0.021507168834547348,0.013557362382934444,0.018815746357960454,0.013100810874089487,0.38219354838709674,0.505758064516129,0.5085483870967742,0.13830645161290323,0.06445161290322587,0.034177419354838756,62,62,0.717903225806451,0.7280645161290318,73.36290322580645,124,17
213,213.0,0.513171875,0.567765625,0.474859375,0.5066290322580645,0.5587419354838709,0.48545161290322586,0.01911098608398437,0.022437866943359374,0.021193589599609375,0.013922265608740896,0.018786707596253904,0.013121215400624348,0.3821774193548388,0.49854838709677424,0.5210967741935484,0.13099445564516127,0.06921723790322581,0.04623739919354841,64,62,0.7346874999999994,0.7096774193548384,73.7063492063492,126,16
214,214.0,0.5078125,0.5623906249999999,0.473546875,0.5013174603174604,0.5537142857142856,0.48460317460317465,0.01928537109375,0.022953988037109373,0.021262122802734377,0.015450470647518267,0.020055696145124716,0.012957572688334595,0.37750793650793657,0.49396825396825406,0.5206190476190476,0.13030456349206343,0.06842237103174587,0.04707217261904767,64,63,0.7128124999999994,0.7303174603174599,73.1732283464567,127,15
215,215.0,0.5082307692307692,0.5627692307692307,0.4742,0.49759016393442623,0.5539344262295081,0.484032786885246,0.018999869822485208,0.022610023668639054,0.020962313846153848,0.015229717280300996,0.020710553077129802,0.013351671056167693,0.37975409836065577,0.5010983606557378,0.5181311475409835,0.12847667087011339,0.061670870113492926,0.04393114754098354,65,61,0.7083076923076916,0.7365573770491801,73.84126984126983,126,16
216,216.0,0.5104545454545455,0.5611666666666666,0.4748484848484848,0.4983606557377049,0.5503114754098359,0.48718032786885246,0.01909615702479339,0.02235953282828283,0.021024037649219465,0.015429312550389682,0.021519361999462507,0.01343598387530234,0.3859672131147541,0.5039508196721312,0.5191639344262294,0.12448733233979137,0.05721584699453541,0.04431544957774464,66,61,0.6921212121212116,0.7290163934426226,74.46456692913385,127,18
217,217.0,0.5104545454545455,0.5611666666666666,0.4748484848484848,0.4975166666666667,0.5454499999999999,0.48655,0.01909615702479339,0.02235953282828283,0.021024037649219465,0.01564301638888889,0.0204363475,0.013635680833333334,0.37986666666666674,0.4985833333333333,0.5201166666666667,0.13058787878787875,0.06258333333333327,0.045268181818181874,66,60,0.6721212121212115,0.7329999999999995,75.2063492063492,126,23
218,218.0,0.5118529411764706,0.5623823529411763,0.4827941176470587,0.4995245901639344,0.5496557377049179,0.4831311475409835,0.018537213667820063,0.021857912629757788,0.02179245761245675,0.01563005267401236,0.020694488040849234,0.013765654931470033,0.38444262295081966,0.5030655737704918,0.5160655737704918,0.12741031822565096,0.059316779170684564,0.033271456123433074,68,61,0.6758823529411759,0.6999999999999997,74.45736434108527,129,21
219,219.0,0.508044776119403,0.557179104477612,0.4894179104477612,0.4984516129032258,0.5500967741935483,0.48269354838709666,0.018725863666740925,0.02068650523501894,0.022011855201603925,0.015448183142559836,0.020372571279916755,0.013555309313215403,0.39038709677419353,0.5085161290322581,0.5112741935483871,0.11765767934520949,0.04866297544535392,0.02185628310062593,67,62,0.6868656716417905,0.6730645161290317,75.33333333333333,129,23
220,220.0,0.5098695652173912,0.5555507246376813,0.49214492753623185,0.49840322580645163,0.5461290322580644,0.48074193548387084,0.01832814240705734,0.020532856122663305,0.02190418189455997,0.015440530957336107,0.02009572528616025,0.013314159209157132,0.39209677419354844,0.516758064516129,0.500016129032258,0.1177727910238428,0.03879266012155225,0.007871201496026159,69,62,0.6873913043478255,0.6633870967741933,75.74045801526718,131,22
221,221.0,0.5160151515151514,0.5533030303030303,0.49271212121212127,0.5002539682539682,0.5487777777777777,0.4779999999999999,0.017364317952249773,0.016810211202938474,0.022520720156106518,0.015407808515998992,0.020211728395061725,0.013568952380952381,0.3973492063492064,0.5201904761904762,0.4998253968253968,0.11866594516594503,0.03311255411255409,0.007113275613275516,66,63,0.6659090909090903,0.6990476190476187,76.0,129,21
222,222.0,0.5199538461538461,0.5549692307692309,0.49035384615384614,0.50140625,0.54971875,0.47534374999999995,0.0166075824852071,0.01688559905325444,0.022500136331360943,0.015546022460937501,0.0209729521484375,0.0137866318359375,0.39585937499999996,0.525734375,0.510046875,0.12409447115384614,0.029234855769230905,0.01969302884615387,65,64,0.6666153846153842,0.6998437499999997,76.31782945736434,129,22
223,223.0,0.5180151515151515,0.553878787878788,0.49010606060606055,0.49303125000000003,0.5477343749999999,0.475953125,0.016600257346189164,0.01670704591368228,0.022163216023875113,0.017406436523437503,0.021268913818359377,0.014057888427734377,0.38415625000000003,0.5164375,0.5073124999999999,0.1338589015151515,0.03744128787878798,0.0172064393939394,66,64,0.6557575757575751,0.6992187499999996,74.85384615384615,130,22
224,224.0,0.5190000000000001,0.5528153846153846,0.49247692307692303,0.4931904761904761,0.5482063492063491,0.4738095238095239,0.016791630769230768,0.016889442840236687,0.02213320331360947,0.01768110657596372,0.021592259007306623,0.013986947845804988,0.38588888888888895,0.5238412698412698,0.5014761904761905,0.13311111111111118,0.028974114774114823,0.008999267399267485,65,63,0.6687692307692301,0.6892063492063488,75.859375,128,25
225,225.0,0.5222063492063492,0.5589682539682539,0.4973968253968254,0.49693548387096764,0.5518548387096774,0.4801774193548387,0.01697657646762409,0.01608844343663391,0.02200211237087428,0.01744506035379813,0.021810930541103016,0.014165500780437044,0.3939677419354839,0.5315000000000001,0.5054193548387097,0.12823860727086533,0.02746825396825381,0.008022529441884307,63,62,0.6607936507936502,0.7027419354838708,75.968,125,24
226,226.0,0.5250634920634921,0.5592857142857144,0.4966507936507936,0.49690163934426224,0.5478524590163935,0.48231147540983604,0.01723009120685311,0.016093442176870754,0.02197006853111615,0.017744088685837146,0.02183747003493685,0.014016542327331365,0.3870819672131148,0.5270983606557377,0.5124262295081968,0.13798152485037735,0.03218735362997671,0.01577543585740321,63,61,0.6361904761904755,0.7055737704918029,75.19354838709677,124,27
227,227.0,0.531,0.5661562499999999,0.5016562499999999,0.4931451612903225,0.5428225806451613,0.4810645161290323,0.012965125,0.0141726005859375,0.0217844130859375,0.01831867247658689,0.023028533038501563,0.013885318418314255,0.3817741935483871,0.521274193548387,0.5124193548387098,0.14922580645161293,0.04488205645161292,0.010763104838709903,64,62,0.6687499999999994,0.7108064516129031,74.83333333333333,126,21
228,228.0,0.5293870967741935,0.566741935483871,0.5031129032258065,0.4906666666666667,0.5471428571428573,0.4818730158730159,0.013231850156087408,0.014569739854318416,0.02230503563995838,0.019598126984126985,0.025408598639455784,0.013945444192491812,0.3813968253968254,0.5310476190476191,0.5074285714285715,0.1479902713773681,0.03569431643625187,0.004315668202764966,62,63,0.6632258064516122,0.7161904761904758,74.64,125,19
229,229.0,0.5321718750000001,0.566125,0.50771875,0.494015873015873,0.5485714285714286,0.4812539682539682,0.013241642333984375,0.014306734374999998,0.0227816396484375,0.019907317208364826,0.025620435374149663,0.014001237087427563,0.37917460317460316,0.5307619047619048,0.5061111111111113,0.1529972718253969,0.03536309523809522,0.0016076388888887072,64,63,0.6582812499999994,0.6977777777777775,73.92913385826772,127,21
230,230.0,0.5278730158730158,0.5601587301587301,0.5173015873015874,0.49852380952380954,0.5524444444444444,0.48374603174603187,0.012093825144872764,0.01425460972537163,0.021430242378432864,0.019048376417233556,0.02497358024691358,0.013642379944570421,0.37979365079365074,0.534126984126984,0.5066507936507937,0.1480793650793651,0.026031746031746072,0.010650793650793688,63,63,0.6660317460317455,0.6930158730158728,72.30952380952381,126,21
231,231.0,0.5326190476190477,0.5575555555555554,0.5182063492063491,0.496859375,0.55178125,0.48646875,0.012903061224489795,0.01435278659611993,0.02175187805492568,0.018925277099609374,0.0246110771484375,0.013896249023437498,0.37750000000000006,0.5257812500000001,0.5126875,0.1551190476190476,0.03177430555555527,0.005518849206349152,63,64,0.6571428571428566,0.6929687499999997,72.4015748031496,127,22
232,232.0,0.5356825396825398,0.5587777777777777,0.5185238095238095,0.4921311475409836,0.5501803278688524,0.48572131147540987,0.013720089695137315,0.014211823633156966,0.0217116462585034,0.019134146734748725,0.025726049449072835,0.013849545283525935,0.3737540983606557,0.519704918032787,0.5249344262295083,0.16192844132188405,0.03907285974499075,0.006410616705698757,63,61,0.6406349206349202,0.6937704918032784,72.14516129032258,124,24
233,233.0,0.5336363636363636,0.5552424242424243,0.5122575757575757,0.4977540983606557,0.5571967213114754,0.4919508196721312,0.01361314049586777,0.014173880624426078,0.022293615472910925,0.019612742811072295,0.026165436710561676,0.014449620532115025,0.3795081967213115,0.5259508196721312,0.5322295081967213,0.1541281669150521,0.029291604570293117,0.019971932439145634,66,61,0.6522727272727268,0.6778688524590162,71.85826771653544,127,23
234,234.0,0.5332153846153846,0.5515538461538462,0.5098769230769231,0.4928461538461539,0.5490615384615385,0.4793846153846154,0.013810876686390533,0.013493970177514792,0.022262538698224855,0.019022037869822487,0.02437464236686391,0.01311672899408284,0.3686153846153846,0.5171538461538461,0.5142461538461538,0.16460000000000002,0.0344000000000001,0.004369230769230681,65,65,0.632615384615384,0.6524615384615381,72.1923076923077,130,25
235,235.0,0.5347258064516128,0.5534516129032258,0.5113387096774193,0.49501515151515163,0.5462575757575758,0.4883333333333334,0.014286844172736735,0.013545731529656609,0.02260015946930281,0.018809439164370983,0.02573843365472911,0.013285343434343434,0.36351515151515157,0.5084848484848484,0.5299242424242424,0.17121065493646126,0.044966764418377325,0.018585532746823064,62,66,0.6312903225806449,0.6730303030303026,71.5078125,128,23
236,236.0,0.533859375,0.55534375,0.514421875,0.49410606060606055,0.5449393939393938,0.487469696969697,0.014208183349609375,0.013497913085937499,0.022199868896484377,0.01883227662993572,0.025981238751147842,0.01342421877869605,0.3620757575757576,0.5068181818181818,0.5328030303030303,0.17178361742424242,0.04852556818181819,0.018381155303030305,64,66,0.6273437499999994,0.7099999999999996,72.49230769230769,130,19
237,237.0,0.5364285714285715,0.5543174603174604,0.5174444444444445,0.49635384615384626,0.5470307692307692,0.48578461538461537,0.013867927437641722,0.01297475636180398,0.021792945326278658,0.018788536331360947,0.02609227597633136,0.01344333822485207,0.3664461538461538,0.5090153846153846,0.5338461538461539,0.16998241758241767,0.045302075702075784,0.016401709401709375,63,65,0.6246031746031742,0.7361538461538457,72.4453125,128,18
238,238.0,0.5342153846153845,0.5539538461538462,0.5174923076923076,0.4968030303030303,0.5444242424242425,0.48589393939393943,0.013598292071005918,0.012598167100591716,0.021366188402366863,0.019040976354453627,0.025623092745638197,0.013235216023875113,0.3627121212121212,0.510969696969697,0.5241969696969696,0.17150326340326333,0.04298414918414928,0.006704662004662021,65,66,0.610615384615384,0.6863636363636361,72.41221374045801,131,23
239,239.0,0.5358064516129031,0.5592741935483871,0.5160161290322581,0.49772727272727274,0.5442878787878789,0.49048484848484847,0.013497543184183147,0.012431650624349637,0.021943435223725286,0.019255834710743804,0.02560259894398531,0.013155431588613405,0.36381818181818176,0.5125,0.5281060606060607,0.17198826979472132,0.04677419354838719,0.01208993157380256,62,66,0.6003225806451608,0.7227272727272723,71.9765625,128,20
240,240.0,0.5289016393442623,0.557311475409836,0.5172295081967213,0.4994848484848484,0.545878787878788,0.4902272727272727,0.013482744423542059,0.012607296425692019,0.022245488309594195,0.019049825528007346,0.02547347015610652,0.013095084710743802,0.36924242424242426,0.5131666666666665,0.5318333333333333,0.159659215101838,0.044144808743169506,0.014603825136611959,61,66,0.6011475409836061,0.7703030303030299,72.77952755905511,127,16
241,241.0,0.529311475409836,0.5551803278688525,0.5127540983606557,0.4938307692307693,0.5477538461538461,0.4873846153846154,0.013530607901101855,0.012271623219564633,0.021157890352055904,0.01841127905325444,0.025321139408284024,0.011933375147928992,0.3561692307692308,0.49498461538461525,0.5456615384615384,0.17314224464060524,0.060195712484237274,0.03290744010088276,61,65,0.5899999999999994,0.7684615384615381,72.03968253968254,126,18
242,242.0,0.5302459016393443,0.5570819672131148,0.5177049180327868,0.4938307692307693,0.5477538461538461,0.4873846153846154,0.013145103466809995,0.011547845740392366,0.020100962106960496,0.01841127905325444,0.025321139408284024,0.011933375147928992,0.3561692307692308,0.49498461538461525,0.5456615384615384,0.17407667087011347,0.062097351828499514,0.027956620428751577,61,65,0.5906557377049174,0.7346153846153842,72.56349206349206,126,24
243,243.0,0.5300677966101695,0.5543050847457627,0.5236440677966102,0.48976119402985074,0.5479104477611939,0.48529850746268666,0.013580503878195921,0.011641432347026717,0.01942887331226659,0.018401196703051906,0.024666499443083093,0.01174456760971263,0.3497313432835821,0.49149253731343273,0.542955223880597,0.18033645332658738,0.06281254743232995,0.019311156083986813,59,67,0.5654237288135587,0.7425373134328355,72.42857142857143,126,25
244,244.0,0.525396551724138,0.5487413793103448,0.5309310344827586,0.4948333333333333,0.553409090909091,0.49156060606060603,0.01340830826397146,0.011384433115338878,0.017575029726516055,0.01683016919191919,0.025080120523415975,0.01151385238751148,0.3533636363636364,0.4967878787878787,0.5541212121212121,0.17203291536050164,0.05195350052246611,0.023190177638453546,58,66,0.5899999999999996,0.769393939393939,71.35483870967742,124,21
245,245.0,0.525396551724138,0.5487413793103448,0.5309310344827586,0.49264615384615384,0.5500923076923075,0.4898769230769231,0.01340830826397146,0.011384433115338878,0.017575029726516055,0.016749459408284026,0.024802422248520705,0.011602661775147929,0.35021538461538454,0.4884307692307693,0.5476615384615384,0.17518116710875348,0.060310610079575555,0.016730503978779843,58,65,0.6191379310344822,0.7727692307692304,71.54471544715447,123,20
246,246.0,0.525396551724138,0.5487413793103448,0.5309310344827586,0.4915625,0.5504218750000001,0.495015625,0.01340830826397146,0.011384433115338878,0.017575029726516055,0.01684765234375,0.025060181396484377,0.012149171630859374,0.346421875,0.48171875,0.55471875,0.17897467672413803,0.06702262931034486,0.02378771551724146,58,64,0.6137931034482754,0.7859374999999996,71.60655737704919,122,21
247,247.0,0.525396551724138,0.5487413793103448,0.5309310344827586,0.4990793650793651,0.5569841269841269,0.5012063492063492,0.01340830826397146,0.011384433115338878,0.017575029726516055,0.016168200050390526,0.02460858704963467,0.013813211388259005,0.3517936507936507,0.48557142857142865,0.5520793650793651,0.1736029009304873,0.06316995073891618,0.02114833059660648,58,63,0.6343103448275855,0.7887301587301584,72.47933884297521,121,23
248,248.0,0.524,0.5515263157894738,0.5317368421052631,0.499015873015873,0.5553968253968254,0.498063492063492,0.013530421052631579,0.011134319482917822,0.017845702677746995,0.016162364827412446,0.024291731418493324,0.013528059460821364,0.3518253968253968,0.4859841269841271,0.5497936507936508,0.1721746031746032,0.06554218880534668,0.01805680868838777,57,63,0.6524561403508765,0.7919047619047616,72.65,120,23
249,249.0,0.5185762711864408,0.5480169491525425,0.5262711864406779,0.49821875,0.553984375,0.501265625,0.01407153231829934,0.011725677678827923,0.01816545188164321,0.0159673583984375,0.023936359130859376,0.013755663818359375,0.34792187500000005,0.4783125,0.55178125,0.17065439618644074,0.06970444915254254,0.02551006355932206,59,64,0.6296610169491519,0.8190624999999996,73.5609756097561,123,21
250,250.0,0.5187936507936509,0.5578730158730157,0.5213492063492063,0.49996969696969706,0.5556969696969697,0.5029696969696971,0.013336989166036787,0.012270999748047363,0.01762756059460821,0.015583089990817266,0.023317605142332415,0.013448483930211202,0.35180303030303034,0.4759090909090909,0.5565454545454546,0.16699062049062058,0.08196392496392485,0.035196248196248225,63,66,0.6388888888888884,0.779393939393939,72.85271317829458,129,19
251,251.0,0.5187936507936509,0.5578730158730157,0.5213492063492063,0.4999701492537314,0.5542835820895522,0.5011194029850746,0.013336989166036787,0.012270999748047363,0.01762756059460821,0.015350506571619515,0.02310142704388505,0.013473717086210736,0.35185074626865676,0.47353731343283584,0.5567611940298507,0.16694290452499416,0.0843357024401799,0.03541198768064435,63,67,0.6244444444444437,0.7726865671641787,73.79230769230769,130,23
252,252.0,0.5136229508196721,0.5541803278688523,0.5218360655737705,0.4979859154929576,0.5518450704225354,0.502,0.012446595538833647,0.01140100026874496,0.01636472722386455,0.014603450505852015,0.022067595715135887,0.013135830985915493,0.3476901408450705,0.474830985915493,0.5566619718309859,0.16593280997460164,0.0793493419533593,0.03482590625721538,61,71,0.6031147540983601,0.743521126760563,72.39393939393939,132,24
253,253.0,0.5129836065573771,0.5475573770491804,0.518311475409836,0.49855882352941167,0.5541176470588235,0.4992500000000002,0.012413098091910778,0.011227066380005375,0.016587296425692018,0.01429457006920415,0.020941780276816615,0.012997040441176472,0.3518235294117647,0.47516176470588234,0.5484999999999999,0.16116007714561237,0.07239561234329805,0.030188524590163857,61,68,0.6159016393442616,0.7299999999999995,70.94573643410853,129,22
254,254.0,0.5156031746031746,0.5484920634920635,0.519031746031746,0.4987647058823529,0.5553088235294118,0.4991470588235295,0.010964525069286975,0.011191742000503905,0.01617837994457042,0.014328062283737024,0.0208102428633218,0.013001919550173009,0.3491617647058824,0.47325000000000006,0.5555441176470587,0.16644140989729223,0.07524206349206342,0.03651237161531273,63,68,0.6225396825396821,0.7255882352941173,70.21374045801527,131,21
255,255.0,0.516078125,0.549890625,0.5185625,0.49428787878787883,0.5499393939393941,0.49866666666666665,0.010807415771484375,0.011140097412109376,0.01593946484375,0.014271720156106522,0.02090811753902663,0.013265252525252527,0.33922727272727277,0.4645303030303031,0.5634545454545454,0.1768508522727273,0.08536032196969684,0.04489204545454539,64,66,0.6329687499999994,0.7172727272727268,69.53076923076924,130,19
256,256.0,0.5179846153846155,0.5512461538461538,0.5246,0.49316417910447763,0.5499850746268657,0.49747761194029844,0.01081453822485207,0.011238924023668639,0.01581254769230769,0.014142047672087323,0.020596193807083985,0.01316057785698374,0.3379850746268657,0.4656268656716419,0.5611641791044775,0.17999954075774977,0.08561928817451192,0.03656417910447751,65,67,0.6459999999999994,0.7279104477611936,69.92424242424242,132,16
257,257.0,0.5144153846153847,0.5523846153846153,0.5242307692307693,0.4926857142857143,0.5439000000000002,0.4941285714285713,0.00964525822485207,0.011344082840236686,0.0157921775147929,0.014460472653061223,0.021528232857142858,0.013397626326530614,0.33338571428571434,0.46888571428571435,0.5640285714285713,0.18102967032967038,0.0834989010989009,0.039797802197802046,65,70,0.6147692307692303,0.7304285714285712,70.52592592592593,135,15
258,258.0,0.5164375000000001,0.555,0.5259375000000001,0.4898985507246377,0.5425652173913044,0.49475362318840566,0.009530183593749998,0.011076718749999999,0.015849589843749998,0.014486438983406848,0.0216900138626339,0.013450359588321782,0.3264782608695652,0.4642173913043478,0.5696231884057971,0.1899592391304349,0.09078260869565224,0.04368568840579701,64,69,0.6110937499999993,0.7385507246376808,70.15789473684211,133,14
259,259.0,0.5164375000000001,0.555,0.5259375000000001,0.48941428571428575,0.5368285714285714,0.4943714285714285,0.009530183593749998,0.011076718749999999,0.015849589843749998,0.01411935693877551,0.0200851706122449,0.013338719183673473,0.3236714285714285,0.4632,0.5641714285714287,0.1927660714285716,0.09180000000000005,0.0382339285714286,64,70,0.5942187499999994,0.7295714285714283,70.3955223880597,134,17
260,260.0,0.5075714285714286,0.5539047619047619,0.5196507936507937,0.49114492753623185,0.5371014492753623,0.49655072463768096,0.008599800453514739,0.011289102040816325,0.015718893927941544,0.0141143268220962,0.02037104767905902,0.013199580760344465,0.32559420289855073,0.46188405797101445,0.567536231884058,0.18197722567287783,0.09202070393374745,0.0478854382332643,63,69,0.5911111111111106,0.7324637681159416,70.50757575757575,132,19
261,261.0,0.5082153846153846,0.5549384615384615,0.5172769230769232,0.49114492753623185,0.5371014492753623,0.49655072463768096,0.008423645917159762,0.011385873136094675,0.016091277159763315,0.0141143268220962,0.02037104767905902,0.013199580760344465,0.32559420289855073,0.46188405797101445,0.567536231884058,0.1826211817168339,0.09305440356744704,0.050259308807134806,65,69,0.5904615384615378,0.7356521739130433,70.69402985074628,134,19
262,262.0,0.5080307692307693,0.5521692307692309,0.513846153846154,0.4910428571428571,0.5368285714285714,0.4953428571428569,0.008390091360946744,0.010702171360946745,0.015371237869822484,0.013913412448979595,0.0200851706122449,0.013111682448979594,0.32171428571428573,0.4600714285714285,0.5643428571428573,0.18631648351648356,0.09209780219780234,0.050496703296703305,65,70,0.6021538461538456,0.7118571428571425,71.47407407407407,135,22
263,263.0,0.5072537313432837,0.5484477611940299,0.5140447761194031,0.4896470588235294,0.5370735294117647,0.4954852941176469,0.008170040098017374,0.01083287413677879,0.01500234127868122,0.014206198961937715,0.020649921064013838,0.013150367430795848,0.3141323529411764,0.4519264705882353,0.5573970588235294,0.19312137840210725,0.09652129060579462,0.04335228270412628,67,68,0.6229850746268651,0.711911764705882,72.01481481481481,135,19
264,264.0,0.5091000000000001,0.5529285714285717,0.5126857142857144,0.4949692307692308,0.5393846153846155,0.49564615384615385,0.00821514714285714,0.011337552040816325,0.014924929795918364,0.013119691360946746,0.020417436686390532,0.013710936331360946,0.32529230769230766,0.459923076923077,0.5562923076923076,0.18380769230769245,0.09300549450549467,0.04360659340659323,70,65,0.6214285714285709,0.6969230769230765,71.25185185185185,135,18
265,265.0,0.5086142857142857,0.5518428571428571,0.5171999999999999,0.4994375,0.5414218749999999,0.4975,0.008191694081632653,0.011386161020408164,0.014004531428571427,0.01273568359375,0.020526150146484373,0.013456343750000002,0.32296875,0.45946875,0.558890625,0.18564553571428566,0.0923741071428571,0.04169062500000009,70,64,0.6321428571428566,0.6751562499999997,71.38805970149254,134,20
266,266.0,0.5076197183098591,0.5491690140845071,0.5166056338028168,0.501060606060606,0.5486666666666666,0.5005000000000001,0.008139249752033327,0.01161709819480262,0.014003393771077167,0.012570087235996326,0.02186591919191919,0.013340583333333333,0.3275303030303031,0.4597878787878788,0.5684090909090909,0.18008941527955596,0.08938113529662833,0.0518034571062741,71,66,0.6402816901408446,0.6565151515151512,71.21167883211679,137,20
267,267.0,0.5080833333333332,0.5569444444444445,0.5164166666666667,0.5012769230769231,0.5482923076923077,0.5005692307692308,0.008020381944444443,0.011569858024691357,0.013858993055555555,0.012760384852071005,0.022193068402366865,0.013545506745562132,0.32855384615384625,0.4660461538461539,0.5634461538461538,0.17952948717948697,0.09089829059829058,0.04702948717948707,72,65,0.6456944444444439,0.6633846153846149,71.30656934306569,137,18
268,268.0,0.5085416666666667,0.5540416666666667,0.5134027777777779,0.5023846153846154,0.548876923076923,0.49906153846153845,0.00810397048611111,0.011099567708333334,0.013837351658950618,0.01280949822485207,0.022253184852071006,0.013949011597633135,0.33627692307692314,0.4738,0.5614615384615385,0.17226474358974353,0.08024166666666666,0.04805876068376058,72,65,0.6597222222222217,0.6230769230769228,70.74452554744525,137,21
269,269.0,0.5105416666666667,0.5565277777777777,0.5130277777777779,0.49932307692307687,0.5472153846153845,0.4996769230769231,0.008405803819444443,0.01098627700617284,0.013920388117283947,0.012462649467455622,0.02230983053254438,0.014018711005917162,0.3379538461538462,0.47469230769230764,0.5691846153846154,0.17258782051282046,0.0818354700854701,0.05615683760683754,72,65,0.6463888888888883,0.6526153846153842,70.55474452554745,137,18
270,270.0,0.5104507042253522,0.5573943661971832,0.515450704225352,0.49932307692307687,0.5472153846153845,0.4996769230769231,0.008523599682602658,0.011086943066851818,0.013693768696687168,0.012462649467455622,0.02230983053254438,0.014018711005917162,0.3379538461538462,0.47469230769230764,0.5691846153846154,0.172496858071506,0.08270205850487555,0.0537339111592634,71,65,0.6476056338028163,0.6875384615384611,71.2279411764706,136,16
271,271.0,0.5094666666666666,0.55516,0.5125066666666666,0.498515625,0.547421875,0.49848437500000004,0.008743555555555555,0.010995147733333332,0.013607476622222222,0.012614999755859375,0.022655650146484376,0.014145312255859374,0.33940625,0.48210937499999995,0.5630625,0.1700604166666666,0.07305062500000004,0.050555833333333466,75,64,0.6581333333333329,0.6656249999999995,71.45323741007195,139,16
272,272.0,0.5027692307692307,0.5480128205128205,0.5074230769230768,0.496421875,0.5466249999999999,0.500625,0.00975343392504931,0.012834345989480606,0.01393660305719921,0.012730025146484376,0.022855703124999998,0.014346296875000001,0.33625000000000005,0.482140625,0.5645156250000001,0.1665192307692307,0.06587219551282053,0.05709254807692332,78,64,0.6578205128205122,0.6081249999999996,72.2394366197183,142,20
273,273.0,0.49887499999999996,0.5427625,0.5032875000000001,0.4950615384615385,0.5472615384615384,0.5014307692307691,0.010182034375,0.013559356093749997,0.01353890484375,0.012652611597633135,0.02253000852071006,0.014167137514792899,0.3352615384615385,0.4851076923076923,0.5576307692307693,0.16361346153846146,0.05765480769230774,0.05434326923076915,80,65,0.6597499999999995,0.6029230769230766,72.26206896551724,145,18
274,274.0,0.498025,0.5431250000000001,0.5064,0.4975538461538462,0.5503076923076924,0.5022307692307693,0.010223599375,0.013610509375,0.012515864999999998,0.012970093254437869,0.022549597633136097,0.014042608284023669,0.3361230769230769,0.4921846153846154,0.5457076923076922,0.16190192307692308,0.05094038461538469,0.039307692307692266,80,65,0.6524999999999994,0.6010769230769226,72.15862068965517,145,19
275,275.0,0.5001948051948051,0.545,0.5056883116883117,0.4964761904761904,0.5480952380952381,0.5072539682539683,0.009919507505481533,0.01340174025974026,0.012638708045201551,0.012619201814058956,0.02235043537414966,0.014122729150919628,0.331936507936508,0.4823492063492064,0.5532222222222222,0.1682582972582971,0.06265079365079362,0.04753391053391043,77,63,0.6406493506493501,0.654444444444444,71.65,140,13
276,276.0,0.501628205128205,0.5475769230769232,0.5065000000000001,0.49103225806451606,0.5452258064516129,0.5033548387096775,0.009950541255752796,0.013741244082840236,0.012527403846153846,0.012053644120707597,0.01885814255983351,0.014306777315296565,0.32632258064516134,0.47438709677419355,0.549516129032258,0.1753056244830437,0.07318982630272963,0.04301612903225793,78,62,0.6310256410256405,0.6277419354838707,71.95,140,17
277,277.0,0.5024683544303796,0.547860759493671,0.5074556962025317,0.49028125000000006,0.546359375,0.507203125,0.009879641403621213,0.013573588207018103,0.012440070821983652,0.0116955771484375,0.019249355224609375,0.014340724365234375,0.333796875,0.47796875,0.5510937499999999,0.16867147943037963,0.06989200949367097,0.04363805379746821,79,64,0.6083544303797465,0.6215624999999996,72.72727272727273,143,20
278,278.0,0.5002597402597402,0.5444545454545455,0.5086233766233768,0.4883125,0.54675,0.5073125,0.009935620846685783,0.013284585596221959,0.012482260752234776,0.011362058593749998,0.01932196875,0.01433902734375,0.336765625,0.48265625,0.562453125,0.16349411525974017,0.061798295454545515,0.05382974837662324,77,64,0.6223376623376617,0.6432812499999996,72.9645390070922,141,17
279,279.0,0.5009736842105262,0.5452105263157896,0.5095394736842106,0.4883125,0.54675,0.5073125,0.01002710457063712,0.013415376731301939,0.012581880020775623,0.011362058593749998,0.01932196875,0.01433902734375,0.336765625,0.48265625,0.562453125,0.16420805921052622,0.06255427631578958,0.0529136513157894,76,64,0.6222368421052625,0.6701562499999996,73.75714285714285,140,16
280,280.0,0.5009733333333334,0.54676,0.5101200000000001,0.489268656716418,0.5489850746268656,0.5108507462686568,0.010160799288888887,0.013411782399999999,0.012724025599999998,0.011418375584762754,0.0195729400757407,0.014196216529293832,0.34134328358208954,0.48571641791044773,0.5692835820895522,0.15963004975124384,0.061043582089552295,0.05916358208955208,75,67,0.6261333333333327,0.6576119402985072,74.3169014084507,142,16
281,281.0,0.5009078947368422,0.5484210526315789,0.5120131578947369,0.488764705882353,0.5483970588235294,0.5134558823529413,0.010136267832409972,0.013200559556786702,0.012862881405817173,0.011267474048442904,0.019308268814878897,0.0144421598183391,0.3410882352941177,0.4843676470588235,0.5720882352941176,0.15981965944272447,0.0640534055727554,0.06007507739938067,76,68,0.61328947368421,0.6539705882352935,74.38888888888889,144,17
282,282.0,0.502012987012987,0.5465584415584416,0.5126883116883119,0.4908985507246378,0.5517391304347826,0.5168260869565219,0.010255882948220609,0.01330297385731152,0.012613201551695059,0.011413801302247426,0.019787960932577193,0.0150052161310649,0.34472463768115946,0.4915217391304348,0.575,0.15728834933182756,0.05503670242800679,0.062311688311688096,77,69,0.62051948051948,0.6356521739130432,75.0958904109589,146,18
283,283.0,0.5001923076923078,0.5424615384615383,0.5110897435897436,0.488608695652174,0.5463623188405797,0.5165942028985507,0.010293334812623274,0.013419069033530571,0.012698927843523998,0.012322586011342155,0.021888926696072255,0.015223168662045788,0.3357971014492754,0.4756811594202899,0.5844492753623188,0.16439520624303244,0.06678037904124845,0.07335953177257526,78,69,0.6069230769230763,0.6014492753623185,74.96598639455782,147,20
284,284.0,0.4975194805194807,0.5407142857142857,0.5096753246753247,0.488608695652174,0.5463623188405797,0.5165942028985507,0.009869782088041828,0.01335521706864564,0.012707803676842638,0.012322586011342155,0.021888926696072255,0.015223168662045788,0.3357971014492754,0.4756811594202899,0.5844492753623188,0.1617223790702053,0.06503312629399582,0.0747739506869941,77,69,0.6009090909090903,0.6321739130434779,75.76712328767124,146,19
285,285.0,0.48936363636363633,0.5357402597402597,0.5062597402597402,0.49119696969696974,0.5472272727272727,0.5179848484848485,0.010469192443919717,0.013037880586945523,0.012950426041490977,0.012541461202938475,0.022760418044077132,0.015675711891643712,0.34030303030303033,0.47195454545454546,0.595939393939394,0.149060606060606,0.06378571428571428,0.0896796536796538,77,66,0.5961038961038956,0.651363636363636,75.74825174825175,143,20
286,286.0,0.4872857142857143,0.5327532467532469,0.5014935064935064,0.4919850746268658,0.5469850746268657,0.5200597014925373,0.010508152133580705,0.013147926125822227,0.011785704503288918,0.012215984851860102,0.02238186544887503,0.015227847182000445,0.33870149253731346,0.4661044776119403,0.597820895522388,0.14858422174840086,0.06664876914130657,0.0963273890288816,77,67,0.5842857142857136,0.6579104477611937,75.34027777777777,144,20
287,287.0,0.4850394736842105,0.5321710526315789,0.5015789473684211,0.4943382352941177,0.5504117647058825,0.5126029411764705,0.010257906336565096,0.013294826004155123,0.011940217451523545,0.01242381206747405,0.02264827162629758,0.016186504108996542,0.3361764705882353,0.46499999999999997,0.5881029411764706,0.14886300309597522,0.06717105263157896,0.08652399380804943,76,68,0.5699999999999994,0.6772058823529408,75.58333333333333,144,20
288,288.0,0.4866052631578947,0.5330131578947368,0.5000789473684211,0.49178260869565216,0.546144927536232,0.5110144927536232,0.010181738919667591,0.01333088140581717,0.011726704293628808,0.012687880277252678,0.023558036967023736,0.016123492543583286,0.33301449275362316,0.45888405797101445,0.5884347826086956,0.15359077040427155,0.07412909992372235,0.08835583524027457,76,69,0.5735526315789469,0.6759420289855068,76.0,145,19
289,289.0,0.4817866666666667,0.5301733333333332,0.49893333333333345,0.4926857142857143,0.5478285714285717,0.5115999999999999,0.00972235448888889,0.012765796622222221,0.01184048888888889,0.012562901224489793,0.023417084897959184,0.015916811428571428,0.33535714285714285,0.46408571428571427,0.592,0.14642952380952384,0.0660876190476189,0.09306666666666652,75,70,0.5837333333333328,0.6787142857142854,75.43448275862069,145,16
290,290.0,0.4851466666666666,0.5323333333333333,0.4992933333333335,0.49183098591549296,0.5465774647887326,0.5113380281690141,0.009625138488888891,0.012639422222222222,0.011827087288888889,0.012437098194802619,0.023196835548502284,0.015697435032731598,0.3353943661971831,0.46611267605633794,0.5905211267605633,0.1497523004694835,0.06622065727699539,0.09122779342722986,75,71,0.5825333333333327,0.6769014084507039,75.9931506849315,146,16
291,291.0,0.48818055555555556,0.5361805555555557,0.5041111111111111,0.48964864864864865,0.5451486486486488,0.5087297297297297,0.009004842399691357,0.012680509066358026,0.011304765432098766,0.012277930606281956,0.02230555898466034,0.015741494521548577,0.3362972972972973,0.4639324324324325,0.5897297297297297,0.15188325825825827,0.07224812312312318,0.08561861861861864,72,74,0.5736111111111105,0.6836486486486483,75.45890410958904,146,15
292,292.0,0.48934285714285713,0.5367142857142856,0.5025857142857143,0.4897027027027026,0.5442027027027027,0.5080810810810812,0.009207482448979593,0.012934775510204083,0.011513814081632653,0.011803398100803504,0.019411864317019724,0.015570290723155585,0.33166216216216216,0.4609324324324325,0.5836351351351351,0.15768069498069498,0.0757818532818531,0.0810494208494208,70,74,0.5659999999999993,0.666351351351351,74.88194444444444,144,17
293,293.0,0.4884179104477611,0.540641791044776,0.5041940298507462,0.48728767123287675,0.5456164383561644,0.501972602739726,0.009476720873245711,0.012769752283359323,0.011634633994208063,0.012044396697316571,0.01930311315443798,0.015757232126102458,0.335027397260274,0.45845205479452056,0.578082191780822,0.15339051318748714,0.0821897362502555,0.07388816193007575,67,73,0.5561194029850741,0.6980821917808215,74.70714285714286,140,14
294,294.0,0.4879130434782609,0.5437971014492754,0.5030289855072463,0.48538571428571436,0.5462571428571429,0.5022571428571428,0.010028021424070575,0.013434103759714348,0.011420115101869355,0.012263379795918367,0.01989313387755102,0.01627953387755102,0.33421428571428563,0.4520428571428571,0.5905714285714285,0.1536987577639753,0.09175424430641832,0.08754244306418224,69,70,0.5521739130434777,0.6344285714285712,74.20863309352518,139,20
295,295.0,0.48701428571428573,0.5418428571428572,0.5044142857142857,0.48538571428571436,0.5462571428571429,0.5022571428571428,0.009940499795918368,0.01350570387755102,0.011389385510204084,0.012263379795918367,0.01989313387755102,0.01627953387755102,0.33421428571428563,0.4520428571428571,0.5905714285714285,0.1528000000000001,0.0898000000000001,0.08615714285714282,70,70,0.5559999999999994,0.6544285714285711,75.09285714285714,140,18
296,296.0,0.4902500000000001,0.5431176470588236,0.5048088235294116,0.48455072463768123,0.545391304347826,0.503072463768116,0.009859805147058823,0.01383898615916955,0.011710419333910035,0.012392305398025626,0.020128962822936358,0.016468936777987813,0.32947826086956516,0.4469420289855072,0.5952173913043477,0.1607717391304349,0.09617561807331637,0.09040856777493611,68,69,0.5602941176470583,0.687246376811594,75.37226277372262,137,18
297,297.0,0.4898769230769231,0.5402923076923077,0.5038307692307693,0.48901449275362324,0.5435942028985506,0.5046376811594204,0.010258292544378699,0.014279837633136092,0.010721555976331362,0.012867405587061542,0.020536878806973326,0.01661026002940559,0.3279130434782608,0.45115942028985506,0.591927536231884,0.16196387959866232,0.08913288740245268,0.08809676700111468,65,69,0.5687692307692302,0.6866666666666662,75.71641791044776,134,19
298,298.0,0.49206060606060603,0.544939393939394,0.5068333333333334,0.4900933333333332,0.5457333333333334,0.5025866666666667,0.0104128145087236,0.015467178145087232,0.011145108585858585,0.01196507128888889,0.019357742222222227,0.01563405582222222,0.32822666666666667,0.46279999999999993,0.58036,0.16383393939393937,0.08213939393939401,0.07352666666666663,66,75,0.5601515151515145,0.649333333333333,74.87943262411348,141,19
299,299.0,0.4892615384615385,0.5417846153846153,0.5083538461538462,0.48884722222222216,0.5423333333333332,0.49888888888888894,0.010174193136094675,0.015053676686390535,0.012070536331360947,0.012183601658950617,0.018701305555555558,0.0157788487654321,0.3255,0.46626388888888887,0.5705277777777779,0.16376153846153851,0.07552072649572644,0.0621739316239317,65,72,0.5564615384615379,0.6729166666666662,74.43065693430657,137,18
300,300.0,0.49290909090909096,0.5503333333333333,0.5073030303030303,0.49477464788732384,0.5448309859154931,0.4952394366197184,0.009418931129476586,0.013131828282828285,0.011967332415059689,0.012667329498115451,0.01879504185677445,0.015615844078555843,0.3320845070422535,0.47874647887323935,0.5579577464788733,0.16082458386683746,0.071586854460094,0.05065471617584305,66,71,0.5754545454545449,0.6566197183098589,73.64233576642336,137,18
301,301.0,0.4964852941176471,0.5541617647058824,0.508985294117647,0.4898714285714284,0.5446857142857144,0.4886428571428572,0.009574014489619379,0.01337963559688581,0.011827338019031143,0.011972426326530615,0.017871644081632655,0.014883486734693875,0.33021428571428574,0.47409999999999997,0.5527285714285715,0.16627100840336134,0.08006176470588244,0.04374327731092442,68,70,0.5795588235294112,0.6487142857142852,73.66666666666667,138,17
302,302.0,0.49984375000000003,0.5548593749999999,0.512359375,0.4892463768115942,0.5452318840579712,0.4903333333333334,0.0099761943359375,0.014128464599609376,0.011831542724609376,0.012118591472379753,0.018109772316740182,0.01489914975845411,0.3307971014492754,0.4769130434782608,0.5513188405797101,0.16904664855072465,0.07794633152173913,0.038959465579710195,64,69,0.5835937499999995,0.6623188405797099,73.32330827067669,133,18
303,303.0,0.4951060606060606,0.5519545454545454,0.5099696969696969,0.48628571428571427,0.5431142857142858,0.4875857142857144,0.010810519054178147,0.014350467630853993,0.011696120293847565,0.012550289795918369,0.018160472653061224,0.015207214081632652,0.3260714285714286,0.47269999999999995,0.5502714285714285,0.16903463203463198,0.07925454545454541,0.04030173160173167,66,70,0.6036363636363632,0.6509999999999996,73.51470588235294,136,15
304,304.0,0.49521875,0.54878125,0.50871875,0.49145714285714276,0.5494142857142857,0.49021428571428577,0.0111224208984375,0.014893545898437499,0.0120588896484375,0.013441105306122449,0.019801442653061222,0.015733454081632653,0.3316857142857143,0.4782142857142858,0.5549857142857143,0.16353303571428568,0.07056696428571418,0.04626696428571431,64,70,0.6073437499999994,0.6341428571428568,73.18656716417911,134,16
305,305.0,0.49022222222222217,0.5464285714285715,0.505,0.49081159420289855,0.5508840579710145,0.4901449275362319,0.0101183315696649,0.014373578231292516,0.011500349206349209,0.013606732619197646,0.019937203948750263,0.015961138416299096,0.33313043478260873,0.47872463768115947,0.5571304347826088,0.15709178743961344,0.06770393374741202,0.052130434782608814,63,69,0.6147619047619044,0.6478260869565214,73.60606060606061,132,16
306,306.0,0.4916229508196721,0.5474754098360657,0.5078524590163934,0.4894927536231884,0.5506086956521737,0.48963768115942036,0.010148595538833644,0.014792216608438592,0.011573765116904059,0.013801003570678429,0.019989658475110274,0.01611066582650704,0.33507246376811595,0.4804057971014492,0.5591884057971015,0.15655048705155616,0.06706961273461648,0.051335946780708075,61,69,0.6116393442622945,0.6591304347826082,74.8076923076923,130,18
307,307.0,0.48890163934426223,0.5464754098360657,0.5039016393442622,0.4897428571428571,0.5482714285714285,0.4909857142857143,0.010384055898951899,0.014593167428110721,0.011379203439935504,0.013706219591836736,0.019583312040816328,0.01590509979591837,0.33387142857142854,0.48598571428571435,0.5623,0.1550302107728337,0.06048969555035133,0.05839836065573778,61,70,0.6229508196721307,0.6601428571428567,75.20610687022901,131,18
308,308.0,0.4886129032258064,0.5442580645161291,0.5005483870967742,0.48888405797101436,0.5470724637681159,0.4896811594202898,0.010193785639958378,0.014348030176899064,0.010680796045785642,0.01385323293425751,0.019766501995379125,0.01601647805082966,0.3342173913043478,0.49159420289855077,0.5568985507246377,0.15439551192145862,0.052663861617578356,0.05635016362786349,62,69,0.6191935483870963,0.6727536231884053,75.4885496183206,131,19
309,309.0,0.4864126984126984,0.5444761904761906,0.5025396825396826,0.488768115942029,0.5497536231884059,0.4917681159420289,0.009679099521289994,0.013980884353741499,0.01073996271101033,0.01389377231674018,0.018694504515858017,0.015950844780508296,0.3363188405797101,0.4954927536231884,0.5570869565217391,0.1500938578329883,0.04898343685300216,0.0545472739820565,63,69,0.618412698412698,0.6863768115942025,75.10606060606061,132,17
310,310.0,0.4801076923076923,0.5365692307692308,0.49686153846153847,0.48899999999999993,0.5518382352941177,0.48939705882352924,0.010623634556213016,0.013736337514792899,0.010655626982248518,0.014094382352941177,0.018669576773356397,0.015797504108996538,0.3354852941176471,0.4985735294117647,0.5540441176470587,0.1446223981900452,0.037995701357466105,0.05718257918552028,65,68,0.6339999999999995,0.6616176470588231,74.58646616541354,133,15
311,311.0,0.47996969696969694,0.5368939393939395,0.5003030303030302,0.48912121212121207,0.5497424242424243,0.4891515151515151,0.010463908172635447,0.0135350645087236,0.011264029384756657,0.01452677318640955,0.01905794880624426,0.015957158861340685,0.333439393939394,0.48954545454545445,0.5566212121212121,0.14653030303030296,0.04734848484848503,0.05631818181818182,66,66,0.6281818181818175,0.6686363636363633,74.66666666666667,132,16
312,312.0,0.47847619047619055,0.5371904761904761,0.5006507936507936,0.4848333333333333,0.5472878787878788,0.4902121212121212,0.010857741496598643,0.013702090702947848,0.011286608213655831,0.014608047979797978,0.018805205004591367,0.015692682277318643,0.32915151515151514,0.48222727272727267,0.5626363636363635,0.14932467532467542,0.054963203463203436,0.06198556998556992,63,66,0.6366666666666662,0.663484848484848,73.81395348837209,129,18
313,313.0,0.4801774193548387,0.5363225806451613,0.49948387096774194,0.4826190476190475,0.5472698412698412,0.4861587301587301,0.010392210457856401,0.01391744432882414,0.011782959417273677,0.014904489795918371,0.01949972083648274,0.016070101788863693,0.3291746031746032,0.4926825396825396,0.5502063492063491,0.15100281618023553,0.04364004096262164,0.050722478238607205,62,63,0.6527419354838704,0.7142857142857139,73.568,125,15
314,314.0,0.48175409836065575,0.5369180327868853,0.49686885245901635,0.48040322580645156,0.5419516129032258,0.4845645161290323,0.010339398548777213,0.013589714592851384,0.01152985165278151,0.014835563215400626,0.0180323686264308,0.016169181321540067,0.32532258064516134,0.4868709677419355,0.5452580645161291,0.1564315177154944,0.05004706504494982,0.048389212057112774,61,62,0.6496721311475404,0.7508064516129027,73.34959349593495,123,15
315,315.0,0.4826290322580645,0.5398709677419355,0.49980645161290316,0.47954838709677416,0.5452096774193549,0.48858064516129035,0.010219330124869926,0.013902434963579605,0.011870285119667015,0.014569667013527575,0.019032068938605623,0.016835275754422473,0.32875806451612904,0.49903225806451607,0.542274193548387,0.15387096774193548,0.04083870967741948,0.04246774193548386,62,62,0.6445161290322575,0.7185483870967736,73.69354838709677,124,19
316,316.0,0.4826290322580645,0.5398709677419355,0.49980645161290316,0.48081538461538464,0.5419692307692308,0.4852769230769231,0.010219330124869926,0.013902434963579605,0.011870285119667015,0.014170612071005919,0.01877802982248521,0.01660592331360947,0.32850769230769233,0.5073076923076923,0.5304461538461538,0.1541213399503722,0.0325632754342432,0.030639702233250632,62,65,0.6575806451612898,0.7347692307692303,73.22834645669292,127,14
317,317.0,0.481344262295082,0.5354590163934426,0.49091803278688523,0.48393650793650794,0.5443650793650793,0.48533333333333334,0.01033763558183284,0.013905527008868584,0.012353780166621876,0.012940472159234065,0.017390104812295287,0.016297746031746028,0.34014285714285714,0.5225396825396824,0.522015873015873,0.14120140515222485,0.012919333853760206,0.031097840228987816,61,63,0.6695081967213108,0.7169841269841265,71.87096774193549,124,16
318,318.0,0.4789516129032258,0.5342096774193548,0.4914838709677419,0.4830806451612904,0.542306451612903,0.48745161290322575,0.010520110561914674,0.013776456035379811,0.012174056191467223,0.012579106399583767,0.017375502861602495,0.016838086368366284,0.3343870967741936,0.5127258064516129,0.5347419354838711,0.1445645161290322,0.021483870967741847,0.04325806451612918,62,62,0.6535483870967737,0.6996774193548384,70.79032258064517,124,20
319,319.0,0.4795714285714286,0.5354285714285713,0.49239682539682533,0.4828095238095239,0.5424444444444443,0.4853968253968254,0.010376943310657596,0.013649895691609976,0.01203249332325523,0.012583931972789113,0.01706754850088183,0.016818017132779035,0.3305555555555556,0.5102380952380952,0.537031746031746,0.149015873015873,0.025190476190476097,0.04463492063492064,63,63,0.6377777777777772,0.6663492063492059,70.30952380952381,126,24
320,320.0,0.477984375,0.534375,0.493015625,0.482421875,0.5419375,0.483046875,0.010373484130859378,0.013506546874999999,0.011868609130859376,0.012396775146484375,0.01681705859375,0.016903138427734374,0.329453125,0.510359375,0.5355,0.14853125,0.024015625000000096,0.04248437499999996,64,64,0.6245312499999994,0.7135937499999996,71.171875,128,20
321,321.0,0.48296875,0.543796875,0.49784375000000003,0.4823968253968255,0.5423174603174603,0.48417460317460315,0.0107480927734375,0.014463693115234374,0.012297819335937498,0.012593509196271101,0.01707475636180398,0.017090048878810785,0.33382539682539686,0.5131428571428571,0.5385396825396825,0.14914335317460314,0.030654017857142835,0.04069593253968251,64,63,0.6295312499999994,0.7273015873015869,70.2992125984252,127,19
322,322.0,0.48033870967741926,0.5383870967741936,0.5018548387096774,0.4858095238095239,0.5483015873015873,0.48517460317460315,0.010580030437044741,0.014648430801248698,0.012515156347554629,0.012808725623582767,0.018180083648274125,0.017265413958175865,0.335920634920635,0.5213968253968254,0.5449047619047618,0.14441807475678425,0.016990271377368193,0.04304992319508438,62,63,0.618387096774193,0.7158730158730156,69.4,125,19
323,323.0,0.4801904761904761,0.54,0.5035714285714286,0.4805409836065574,0.5448032786885245,0.48154098360655745,0.010413455782312923,0.014577206349206347,0.012499197278911562,0.012226248320343995,0.017710780972856756,0.016852936844934156,0.3310655737704918,0.5144098360655738,0.5405409836065573,0.14912490241998433,0.025590163934426258,0.036969555035128776,63,61,0.6238095238095235,0.6947540983606553,69.29032258064517,124,21
324,324.0,0.483063492063492,0.5413333333333334,0.5031587301587301,0.47850000000000004,0.5464333333333333,0.48105000000000003,0.009797900730662638,0.014650095238095238,0.012596895439657346,0.012278316666666666,0.01785007888888889,0.017162014166666666,0.33531666666666665,0.5208833333333334,0.5373833333333333,0.14774682539682532,0.02045000000000008,0.034224603174603185,63,60,0.6265079365079359,0.6811666666666664,69.34146341463415,123,23
325,325.0,0.48303225806451605,0.5433225806451613,0.5000967741935484,0.480813559322034,0.5486271186440678,0.47996610169491527,0.009948966701352759,0.014845863683662853,0.01292376482830385,0.012165270324619365,0.017863860959494403,0.017382405630565933,0.33883050847457624,0.5223050847457626,0.536813559322034,0.1442017495899398,0.02101749589939861,0.03671678512848564,62,59,0.6214516129032254,0.6874576271186437,68.49586776859505,121,24
326,326.0,0.48326984126984124,0.5451269841269842,0.4995238095238095,0.4791724137931035,0.5481551724137931,0.4807068965517242,0.009794546233308138,0.01481207911312673,0.012738979591836737,0.012216108204518432,0.01815871730083234,0.017649724435196197,0.3342758620689655,0.5183620689655172,0.5426379310344828,0.14899397920087576,0.026764915161467062,0.04311412151067329,63,58,0.6109523809523805,0.6991379310344823,69.12396694214875,121,25
327,327.0,0.48010937499999995,0.54096875,0.497640625,0.4791724137931035,0.5481551724137931,0.4807068965517242,0.010460628662109374,0.016018717773437496,0.012709105224609375,0.012216108204518432,0.01815871730083234,0.017649724435196197,0.3342758620689655,0.5183620689655172,0.5426379310344828,0.14583351293103447,0.022606681034482823,0.044997306034482765,64,58,0.6006249999999995,0.7141379310344824,68.8688524590164,122,25
328,328.0,0.4764615384615384,0.5372923076923077,0.4952307692307692,0.4791724137931035,0.5481551724137931,0.4807068965517242,0.011151325443786983,0.016637314556213017,0.01288525443786982,0.012216108204518432,0.01815871730083234,0.017649724435196197,0.3342758620689655,0.5183620689655172,0.5426379310344828,0.1421856763925729,0.01893023872679056,0.04740716180371357,65,58,0.6209230769230765,0.7337931034482754,69.48780487804878,123,22
329,329.0,0.4772769230769231,0.5362153846153846,0.49404615384615386,0.4791724137931035,0.5481551724137931,0.4807068965517242,0.011269769467455622,0.016412784378698222,0.012831090177514791,0.012216108204518432,0.01815871730083234,0.017649724435196197,0.3342758620689655,0.5183620689655172,0.5426379310344828,0.14300106100795762,0.017853315649867474,0.04859177718832891,65,58,0.6109230769230765,0.7534482758620685,69.8780487804878,123,22
330,330.0,0.4764411764705882,0.5351323529411764,0.49038235294117644,0.4875166666666667,0.55455,0.4827666666666666,0.010934805363321797,0.015777173659169547,0.012755294982698962,0.013224016388888893,0.018869514166666667,0.01740514555555556,0.3327833333333334,0.52435,0.5482333333333334,0.14365784313725483,0.010782352941176465,0.057850980392156914,68,60,0.5942647058823525,0.6963333333333329,68.359375,128,26
331,331.0,0.4718153846153846,0.5360923076923078,0.49370769230769235,0.4874754098360656,0.553983606557377,0.4851311475409835,0.010631135147928994,0.015509560710059168,0.012838883786982247,0.01300733136253695,0.01857942596076324,0.01745526148884708,0.3339508196721312,0.5263770491803279,0.5496393442622951,0.1378645649432534,0.009715258511979852,0.05593165195460276,65,61,0.5741538461538456,0.7250819672131142,67.82539682539682,126,26
332,332.0,0.4729047619047619,0.5394126984126983,0.49106349206349204,0.48801666666666665,0.5550333333333334,0.4863833333333333,0.010817673469387756,0.015601321743512222,0.012954948349710256,0.013206249722222224,0.018821865555555553,0.017650536388888884,0.33535,0.5303833333333333,0.5474166666666667,0.1375547619047619,0.009029365079365026,0.05635317460317463,63,60,0.5963492063492059,0.7431666666666662,67.9349593495935,123,25
333,333.0,0.4729047619047619,0.5394126984126983,0.49106349206349204,0.49199999999999994,0.5618923076923077,0.4873384615384615,0.010817673469387756,0.015601321743512222,0.012954948349710256,0.012502492307692308,0.018990465325443788,0.016847731597633135,0.33886153846153844,0.5355230769230769,0.5516769230769231,0.13404322344322345,0.0038896214896214643,0.06061343101343103,63,65,0.5882539682539677,0.7252307692307687,67.8515625,128,24
334,334.0,0.4726065573770492,0.5354426229508198,0.48675409836065575,0.49476923076923085,0.5630923076923077,0.4831538461538461,0.010953353399623757,0.015278672937382424,0.013364054286482128,0.012649900591715979,0.018883683786982245,0.0165150224852071,0.33855384615384615,0.5355076923076924,0.5434000000000001,0.13405271122320306,6.506935687256021e-05,0.056645901639344354,61,65,0.5673770491803273,0.7150769230769227,67.24603174603175,126,24
335,335.0,0.4701016949152543,0.5365593220338982,0.4833220338983051,0.4896567164179105,0.5599850746268658,0.48550746268656714,0.01103626084458489,0.015604110887675954,0.01319530307382936,0.013460344842949432,0.01876777589663622,0.016211742481621744,0.33758208955223884,0.5343432835820896,0.5494029850746269,0.13251960536301544,0.002216038451808622,0.06608095117632184,59,67,0.5394915254237284,0.745970149253731,67.03174603174604,126,23
336,336.0,0.4653559322033899,0.5310677966101695,0.4758474576271186,0.4901641791044776,0.5597014925373135,0.4887014925373135,0.010142907210571674,0.013994978454467106,0.01272006147658719,0.01326658498552016,0.01886552283359323,0.01568725417687681,0.34259701492537314,0.5387462686567165,0.5528507462686568,0.12275891727801674,0.007678472046547036,0.07700328864153821,59,67,0.5662711864406773,0.7502985074626862,67.76190476190476,126,21
337,337.0,0.4653559322033899,0.5310677966101695,0.4758474576271186,0.4917999999999999,0.5626769230769232,0.4852307692307693,0.010142907210571674,0.013994978454467106,0.01272006147658719,0.013549575384615384,0.01901129562130178,0.015760792899408283,0.3450153846153846,0.548876923076923,0.5426153846153846,0.12034054758800528,0.01780912646675359,0.066767926988266,59,65,0.5716949152542367,0.7810769230769226,68.05645161290323,124,20
338,338.0,0.46371186440677975,0.5308813559322033,0.4751694915254237,0.486,0.5612153846153847,0.4829384615384616,0.010169323757540939,0.013982850330364836,0.012792615340419417,0.013625138461538462,0.0188209074556213,0.014538150059171598,0.33798461538461533,0.5457384615384615,0.5430307692307692,0.12572724902216442,0.014857105606258192,0.0678612777053455,59,65,0.567118644067796,0.7915384615384612,68.48387096774194,124,21
339,339.0,0.4572698412698413,0.5317619047619048,0.4762539682539682,0.48781538461538465,0.5617692307692308,0.48818461538461544,0.01121060972537163,0.013818721088435373,0.01232158629377677,0.013418519763313609,0.018712915976331363,0.0146424274556213,0.3382769230769231,0.5389538461538461,0.5516615384615383,0.11899291819291824,0.007191941391941348,0.07540757020757011,63,65,0.5657142857142852,0.7632307692307689,68.328125,128,22
340,340.0,0.45375000000000004,0.5264666666666667,0.47686666666666666,0.4863384615384615,0.5643384615384616,0.4762153846153846,0.011025320833333333,0.01344918222222222,0.01266568222222222,0.01269551621301775,0.017677485443786983,0.013306384378698223,0.33713846153846155,0.5364769230769231,0.5405846153846153,0.11661153846153849,0.010010256410256324,0.06371794871794867,60,65,0.5479999999999994,0.7569230769230764,66.512,125,25
341,341.0,0.4548225806451613,0.5279677419354839,0.4703387096774193,0.4881129032258065,0.5668709677419356,0.47561290322580646,0.010709629812695111,0.013259579604578561,0.013550449791883457,0.012066551768990635,0.015101402705515085,0.01312314047866805,0.33877419354838706,0.5378225806451614,0.5390806451612903,0.11604838709677423,0.009854838709677516,0.06874193548387098,62,62,0.573870967741935,0.7504838709677415,66.40322580645162,124,23
342,342.0,0.4536666666666667,0.5264333333333333,0.4734,0.487920634920635,0.5697301587301589,0.47866666666666663,0.010998122222222222,0.013483378888888889,0.01361974,0.011877311161501635,0.01536854623330814,0.013493015873015872,0.33909523809523806,0.538920634920635,0.5388730158730158,0.11457142857142866,0.012487301587301713,0.06547301587301585,60,63,0.5973333333333327,0.7688888888888886,66.3739837398374,123,21
343,343.0,0.4536666666666667,0.5264333333333333,0.4734,0.48929687499999996,0.577359375,0.481140625,0.010998122222222222,0.013483378888888889,0.01361974,0.012596833740234374,0.014424605224609373,0.013555745849609375,0.3471875,0.5605,0.5350781250000001,0.10647916666666674,0.03406666666666669,0.061678125000000084,60,64,0.5864999999999995,0.7451562499999995,65.66935483870968,124,23
344,344.0,0.45058333333333334,0.5239333333333334,0.46769999999999995,0.49274242424242426,0.5801060606060606,0.4857575757575758,0.010964976388888886,0.012974295555555553,0.01236061,0.012910282139577595,0.015902397842056933,0.013901335169880624,0.35359090909090907,0.5670000000000001,0.5373636363636364,0.09699242424242427,0.0430666666666667,0.06966363636363643,60,66,0.5981666666666661,0.7349999999999997,66.35714285714286,126,23
345,345.0,0.44896610169491524,0.5224915254237287,0.46142372881355936,0.4891343283582089,0.5758805970149253,0.4842985074626866,0.010932812410226946,0.013048216029876472,0.01173654926745188,0.0128107730006683,0.015620254399643574,0.013887194475384272,0.3504925373134328,0.5672238805970149,0.5339701492537313,0.09847356438148247,0.04473235517328622,0.07254642044017195,59,67,0.5854237288135589,0.7358208955223877,66.44444444444444,126,24
346,346.0,0.4499999999999999,0.5218064516129032,0.4698548387096775,0.49044927536231886,0.5776956521739129,0.487463768115942,0.011453967741935484,0.013057252861602494,0.011472930541103021,0.012685203948750263,0.016674385633270318,0.013968480571308547,0.35389855072463766,0.5699130434782609,0.5415942028985505,0.09610144927536224,0.048106591865357706,0.07173936418887306,62,69,0.606612903225806,0.709565217391304,65.38167938931298,131,21
347,347.0,0.45145901639344255,0.5255901639344263,0.4697213114754098,0.4894492753623189,0.5745507246376811,0.48408695652173916,0.01174477291050793,0.013220405804891155,0.011747905939263639,0.0125161024994749,0.01596126191976475,0.01334900693131695,0.3487246376811594,0.5677246376811594,0.5379420289855072,0.10273437871228314,0.04213447374673318,0.06822071751009745,61,69,0.600819672131147,0.7394202898550722,65.04615384615384,130,19
348,348.0,0.45145901639344255,0.5255901639344263,0.4697213114754098,0.49065217391304355,0.5742753623188405,0.4852318840579709,0.01174477291050793,0.013220405804891155,0.011747905939263639,0.012620632640201638,0.015956257508926694,0.013227279563116989,0.3555942028985507,0.5690724637681159,0.5393623188405796,0.09586481349489184,0.043482299833689675,0.06964100736516982,61,69,0.5947540983606553,0.7504347826086954,65.84615384615384,130,20
349,349.0,0.45359016393442614,0.5276885245901639,0.46793442622950815,0.49125714285714284,0.5766857142857142,0.4838571428571428,0.012100569739317389,0.013620607901101854,0.01103074979844128,0.01233990530612245,0.015412272653061228,0.013067751020408164,0.3550857142857143,0.5707000000000001,0.5352999999999999,0.09850444964871186,0.043011475409836186,0.06736557377049174,61,70,0.6011475409836059,0.7454285714285711,65.41221374045801,131,18
350,350.0,0.4518852459016393,0.5265081967213115,0.4670491803278688,0.4869420289855072,0.5779420289855073,0.4839275362318841,0.012236068798710024,0.013882872883633431,0.011005063155065843,0.013441416929216552,0.01549454736399916,0.012671400546103757,0.3501884057971015,0.5735217391304348,0.5337826086956521,0.10169684010453783,0.047013542409123255,0.06673342836778329,61,69,0.6077049180327865,0.7552173913043475,65.14615384615385,130,17
351,351.0,0.4526271186440678,0.5259661016949152,0.4584915254237288,0.48854166666666665,0.5845694444444445,0.48199999999999993,0.010410471128985922,0.012399151393277795,0.011082826199367997,0.013344192708333334,0.0165241618441358,0.012884888888888887,0.3555277777777778,0.58875,0.5227222222222223,0.09709934086629002,0.0627838983050848,0.06423069679849353,59,72,0.6355932203389826,0.7311111111111107,65.32824427480917,131,17
352,352.0,0.4534406779661017,0.5272033898305085,0.4561864406779661,0.48142647058823534,0.5817205882352942,0.48358823529411765,0.01055685665038782,0.012515246768170065,0.011273405917839702,0.012729509299307957,0.015978877811418685,0.012481448096885813,0.3556029411764706,0.5813529411764707,0.5274411764705882,0.09783773678963109,0.05414955134596222,0.07125473579262209,59,68,0.6194915254237283,0.7308823529411761,64.66141732283465,127,22
353,353.0,0.4507966101694916,0.5314237288135594,0.4524915254237288,0.48147826086956524,0.580304347826087,0.4819420289855072,0.01108819592071244,0.012083905199655272,0.010775504165469692,0.012545206049149337,0.01588368998109641,0.012484837219071622,0.35527536231884055,0.5841739130434784,0.5239565217391304,0.09552124785065103,0.05275018422991906,0.07146499631540165,59,69,0.6238983050847453,0.7331884057971012,64.2265625,128,19
354,354.0,0.45238333333333336,0.5327666666666667,0.45313333333333333,0.4851857142857143,0.5840714285714287,0.48401428571428573,0.01105193638888889,0.011988912222222222,0.010620215555555557,0.013314408367346937,0.016635952040816325,0.01260278551020408,0.35864285714285715,0.5887857142857146,0.5275428571428571,0.09374047619047621,0.05601904761904786,0.07440952380952376,60,70,0.6113333333333327,0.7308571428571424,65.44615384615385,130,21
355,355.0,0.45122950819672136,0.5326885245901639,0.45244262295081966,0.4893098591549296,0.5886338028169013,0.4893380281690141,0.010950635850577805,0.011792739048642838,0.010474738511152916,0.013239875818290022,0.016447668716524495,0.013004336441182303,0.3633802816901408,0.5928450704225353,0.5382816901408451,0.08784922650658056,0.0601565458323714,0.08583906719002549,61,71,0.6416393442622946,0.7145070422535209,65.67424242424242,132,18
356,356.0,0.45,0.53265,0.4497666666666667,0.49167605633802813,0.5915774647887323,0.48867605633802824,0.011040933333333334,0.011989194166666666,0.010212512222222222,0.012934669708391192,0.016261596111882565,0.013091064074588377,0.37176056338028174,0.5992253521126761,0.5408169014084507,0.07823943661971827,0.06657535211267618,0.09105023474178403,60,71,0.6211666666666661,0.7229577464788728,65.74045801526718,131,21
357,357.0,0.447864406779661,0.5314067796610169,0.449271186440678,0.49185915492957744,0.5902535211267605,0.489323943661972,0.0109544222924447,0.012099665038781958,0.010370875610456767,0.012934937909145008,0.016139569529855187,0.013275064074588373,0.37042253521126756,0.6070704225352114,0.5374647887323946,0.07744187156839344,0.07566364287419447,0.08819360229171658,59,71,0.6266101694915249,0.7008450704225349,66.01538461538462,130,23
358,358.0,0.447864406779661,0.5314067796610169,0.449271186440678,0.4877397260273973,0.5856986301369863,0.4886986301369863,0.0109544222924447,0.012099665038781958,0.010370875610456767,0.013120411709513979,0.016102539313191968,0.013641936573465938,0.36783561643835616,0.6027397260273973,0.5373287671232876,0.08002879034130483,0.07133294636638043,0.0880575806826096,59,73,0.6247457627118639,0.7101369863013696,65.88636363636364,132,20
359,359.0,0.4492333333333333,0.5311333333333332,0.45106666666666667,0.48622535211267615,0.5843380281690139,0.4863380281690141,0.010882412222222224,0.011902415555555554,0.01038822888888889,0.013144315413608412,0.016520730807379487,0.013645716722872443,0.3671971830985915,0.5988028169014085,0.5384507042253521,0.08203615023474181,0.06766948356807523,0.08738403755868546,60,71,0.6204999999999995,0.7163380281690137,65.96946564885496,131,22
360,360.0,0.44086440677966104,0.5276440677966102,0.45264406779661015,0.48896000000000006,0.5857466666666666,0.49184,0.011370659580580294,0.01243860212582591,0.010647313990232691,0.013022251733333334,0.01710573582222222,0.013604134400000002,0.3729733333333333,0.6011199999999999,0.5499866666666668,0.06789107344632772,0.07347593220338966,0.0973425988700567,59,75,0.6181355932203384,0.6978666666666664,65.69402985074628,134,19
361,361.0,0.44086440677966104,0.5276440677966102,0.45264406779661015,0.48694936708860753,0.5846708860759494,0.4886962025316456,0.011370659580580294,0.01243860212582591,0.010647313990232691,0.01268156705656145,0.016932068899214867,0.01336646466912354,0.37667088607594934,0.6034810126582276,0.5498101265822786,0.0641935207037117,0.0758369448616174,0.09716605878566842,59,79,0.613389830508474,0.6511392405063288,66.15942028985508,138,24
362,362.0,0.44084482758620686,0.5292413793103449,0.45299999999999996,0.48144444444444445,0.5798518518518518,0.4871728395061729,0.011566682818073722,0.01250252794292509,0.01082341379310345,0.013669777777777777,0.017441681755829903,0.013290093583295227,0.3719012345679012,0.5976666666666668,0.550395061728395,0.06894359301830566,0.06842528735632192,0.09739506172839507,58,81,0.6099999999999993,0.6501234567901231,66.72661870503597,139,24
363,363.0,0.43986206896551716,0.527448275862069,0.45468965517241383,0.47910975609756096,0.5778658536585366,0.48764634146341473,0.011509394768133176,0.012227626634958385,0.01102331747919144,0.01394458551457466,0.017548457614515168,0.013146179803688282,0.36773170731707316,0.5928658536585367,0.5496097560975609,0.072130361648444,0.06541757779646773,0.09492010092514708,58,82,0.6174137931034477,0.6523170731707312,67.32142857142857,140,22
364,364.0,0.4435357142857143,0.5335535714285714,0.45341071428571433,0.476939024390244,0.5771829268292682,0.48637804878048774,0.011514784438775513,0.011250782844387757,0.011329492028061225,0.013355057257584771,0.01760785678167757,0.013321625371802495,0.3698780487804878,0.6024146341463416,0.5449146341463416,0.07365766550522651,0.06886106271777015,0.09150391986062723,56,82,0.6283928571428566,0.6362195121951216,65.68115942028986,138,21
365,365.0,0.4449636363636364,0.5332181818181818,0.45420000000000005,0.47629268292682914,0.5778780487804878,0.48318292682926833,0.011609962314049588,0.011449043305785124,0.011500596363636364,0.01344698750743605,0.01748269244497323,0.01410622263533611,0.367890243902439,0.5998780487804879,0.5413414634146343,0.07707339246119738,0.06665986696230608,0.08714146341463425,55,82,0.6416363636363631,0.6369512195121947,65.5912408759124,137,21
366,366.0,0.44458181818181813,0.5356727272727273,0.4584545454545455,0.4762405063291139,0.5781139240506329,0.4862784810126583,0.01157580694214876,0.011606401983471073,0.011131920661157027,0.013835018106072745,0.01781746803396891,0.014224378144528118,0.3740379746835443,0.600632911392405,0.5474303797468354,0.0705438434982738,0.06496018411967774,0.08897583429228989,55,79,0.6552727272727268,0.6711392405063288,65.67910447761194,134,18
367,367.0,0.44219642857142855,0.5333571428571429,0.45658928571428575,0.4757530864197531,0.5799135802469135,0.48583950617283944,0.011682050701530614,0.011694051020408162,0.011124492028061225,0.013503297058375247,0.017527683889650966,0.01391015942691663,0.3702469135802469,0.6007283950617283,0.5433827160493827,0.07194951499118163,0.0673712522045854,0.08679343033509695,56,81,0.6578571428571421,0.6424691358024688,66.56934306569343,137,21
368,368.0,0.44663793103448274,0.5438793103448276,0.4563620689655173,0.47597500000000004,0.5811999999999999,0.4847125,0.011211610285374554,0.013102588882282997,0.010750368906064211,0.013668099374999998,0.017612734999999997,0.01398115484375,0.36956249999999996,0.6010249999999999,0.5427375,0.07707543103448278,0.057145689655172305,0.0863754310344827,58,80,0.6396551724137925,0.6331249999999996,66.78985507246377,138,21
369,369.0,0.44663793103448274,0.5438793103448276,0.4563620689655173,0.4713766233766234,0.5805064935064935,0.48131168831168825,0.011211610285374554,0.013102588882282997,0.010750368906064211,0.013229663349637374,0.01674783437341879,0.013320915837409346,0.3688181818181819,0.6063506493506493,0.5506363636363637,0.07781974921630086,0.06247133900582169,0.09427429467084641,58,77,0.6601724137931027,0.6489610389610387,66.04444444444445,135,17
370,370.0,0.4517037037037036,0.5467037037037037,0.4526666666666668,0.473051282051282,0.5796153846153845,0.4825512820512821,0.01064465294924554,0.013384652949245542,0.011109333333333334,0.013291381985535833,0.016084262327416173,0.013244093523997372,0.3711153846153846,0.6095641025641025,0.5545000000000001,0.08058831908831898,0.06286039886039885,0.10183333333333333,54,78,0.640555555555555,0.6569230769230766,65.5909090909091,132,16
371,371.0,0.4532549019607842,0.5454705882352942,0.45517647058823535,0.47354545454545455,0.5794805194805195,0.48457142857142854,0.010818621299500192,0.013285700115340256,0.01113932179930796,0.013444949232585596,0.01629173013998988,0.013097777365491652,0.3722077922077922,0.6098831168831168,0.5559610389610389,0.08104710975299201,0.06441252864782265,0.10078456837280353,51,77,0.6654901960784306,0.658311688311688,65.140625,128,20
372,372.0,0.4532549019607842,0.5454705882352942,0.45517647058823535,0.4674050632911393,0.5797848101265822,0.4869620253164556,0.010818621299500192,0.013285700115340256,0.01113932179930796,0.01457077263259093,0.016031004326229763,0.013012137798429739,0.37040506329113926,0.6069493670886075,0.5578354430379746,0.08284983866964496,0.06147877885331332,0.10265897244973926,51,79,0.6494117647058818,0.6765822784810124,66.01538461538462,130,19
373,373.0,0.4506538461538461,0.5461730769230769,0.452,0.4692564102564104,0.5734230769230769,0.4839487179487179,0.010955610946745563,0.013055373890532544,0.011439692307692309,0.01343301117685733,0.016837808185404337,0.01300712557527942,0.3662820512820512,0.5987564102564102,0.5533974358974357,0.08437179487179491,0.052583333333333315,0.10139743589743572,52,78,0.634615384615384,0.6794871794871791,67.38461538461539,130,22
374,374.0,0.4522222222222222,0.5516851851851853,0.45596296296296296,0.4668076923076924,0.5711153846153846,0.4861666666666666,0.01070346913580247,0.013558586076817558,0.011718998628257885,0.013450309171597633,0.01703751232741618,0.012645344017094017,0.36685897435897435,0.5948333333333333,0.558076923076923,0.08536324786324784,0.04314814814814805,0.10211396011396007,54,78,0.6649999999999994,0.6712820512820509,68.4469696969697,132,20
375,375.0,0.45138461538461533,0.5532307692307692,0.45836538461538456,0.4633375,0.57065,0.4833,0.010507198224852075,0.014005100591715974,0.012172116494082843,0.013737173593750002,0.016971902500000004,0.01237161,0.36291249999999997,0.5844125,0.5516125,0.08847211538461536,0.03118173076923081,0.09324711538461539,52,80,0.6840384615384608,0.6737499999999996,67.49242424242425,132,17
376,376.0,0.44571428571428573,0.5530535714285715,0.46475,0.46551282051282056,0.5730897435897436,0.48392307692307696,0.01045634693877551,0.013433407844387757,0.012574794642857143,0.013470121630506244,0.017055594510190668,0.012664994082840237,0.3652307692307692,0.5862948717948718,0.5562435897435898,0.08048351648351654,0.03324130036630035,0.09149358974358979,56,78,0.6933928571428565,0.6485897435897431,67.52985074626865,134,18
377,377.0,0.44571428571428573,0.5530535714285715,0.46475,0.4651923076923076,0.5738333333333333,0.4822179487179487,0.01045634693877551,0.013433407844387757,0.012574794642857143,0.01345528353057199,0.016889831196581186,0.01254758070348455,0.3630897435897435,0.5850128205128204,0.5562435897435898,0.08262454212454223,0.031959249084248964,0.09149358974358979,56,78,0.7153571428571421,0.6626923076923074,68.35820895522389,134,16
378,378.0,0.4451851851851852,0.5545555555555555,0.4606111111111111,0.4657375,0.5743625,0.4825749999999999,0.010822410150891637,0.013807024691358026,0.012553089506172841,0.013533718593750002,0.01661913109375,0.012645269375,0.36624999999999996,0.5859375,0.561275,0.07893518518518522,0.03138194444444453,0.10066388888888889,54,80,0.702407407407407,0.6553749999999996,68.42537313432835,134,19
379,379.0,0.4422545454545454,0.5546909090909091,0.45718181818181813,0.46845783132530117,0.5792409638554218,0.48525301204819266,0.01108942611570248,0.013556977190082645,0.012959894214876035,0.013289043402525768,0.016823074466540862,0.012475369719843232,0.36812048192771085,0.5905301204819278,0.5668674698795181,0.07413406352683455,0.035839211391018644,0.10968565169769995,55,83,0.7018181818181813,0.6395180722891564,68.47826086956522,138,19
380,380.0,0.4422545454545454,0.5546909090909091,0.45718181818181813,0.4712906976744186,0.5803372093023256,0.4872790697674418,0.01108942611570248,0.013556977190082645,0.012959894214876035,0.013102438750676043,0.01656301419686317,0.012345294213088158,0.3729186046511628,0.5927441860465117,0.5612906976744186,0.06933594080338262,0.038053276955602566,0.1041088794926005,55,86,0.6827272727272722,0.6322093023255809,69.02127659574468,141,21
381,381.0,0.4422545454545454,0.5546909090909091,0.45718181818181813,0.47301204819277115,0.5761686746987951,0.48442168674698793,0.01108942611570248,0.013556977190082645,0.012959894214876035,0.012923722746407316,0.016599826970532732,0.012536822180287416,0.36787951807228914,0.5870240963855422,0.5586265060240964,0.07437502738225626,0.03233318729463308,0.10144468784227822,55,83,0.6899999999999993,0.6686746987951802,69.18115942028986,138,16
382,382.0,0.4420172413793103,0.5583620689655172,0.46341379310344827,0.47301204819277115,0.5761686746987951,0.48442168674698793,0.010948499702734841,0.013607817181926276,0.013431725326991677,0.012923722746407316,0.016599826970532732,0.012536822180287416,0.36787951807228914,0.5870240963855422,0.5586265060240964,0.07413772330702117,0.028662027420024994,0.09521271292064809,58,83,0.6801724137931029,0.6655421686746985,69.58156028368795,141,16
383,383.0,0.44350847457627113,0.558135593220339,0.465135593220339,0.4747590361445783,0.5744819277108433,0.48146987951807235,0.01089191094513071,0.013380151106004025,0.013376015512783683,0.012335387719552908,0.016705502685440556,0.01281692379155175,0.367566265060241,0.5855421686746989,0.5546987951807228,0.07594220951603015,0.02740657545435987,0.08956320196038386,59,83,0.6922033898305078,0.6932530120481923,70.85915492957747,142,11
384,384.0,0.4449180327868852,0.5616393442622951,0.4625901639344263,0.474435294117647,0.5736117647058823,0.48204705882352955,0.010960239183015322,0.013087410911045417,0.013242799247514108,0.012102810519031138,0.016542261038062285,0.012580350726643598,0.36403529411764707,0.5858117647058824,0.5583294117647059,0.08088273866923812,0.02417242044358725,0.09573924783027954,61,85,0.6809836065573764,0.6628235294117644,70.04794520547945,146,13
385,385.0,0.4449180327868852,0.5616393442622951,0.4625901639344263,0.47591860465116276,0.5745930232558139,0.4847790697674418,0.010960239183015322,0.013087410911045417,0.013242799247514108,0.012197656165494859,0.016468171579232013,0.012477334910762574,0.3652093023255814,0.5838953488372094,0.573046511627907,0.07970873046130378,0.02225600457491428,0.11045634769348067,61,86,0.6724590163934419,0.6666279069767438,70.78911564625851,147,12
386,386.0,0.44687301587301587,0.5611269841269843,0.461952380952381,0.47378160919540224,0.5719999999999998,0.4844827586206896,0.010749507684555303,0.012722237843285463,0.013035442176870752,0.012450193684766813,0.016857126436781607,0.012341468093539436,0.3610114942528736,0.5798620689655173,0.5715862068965517,0.08586152162014227,0.018735084838533034,0.1096338259441707,63,87,0.6595238095238092,0.6535632183908042,71.14666666666666,150,14
387,387.0,0.45275806451612904,0.5580806451612903,0.4618870967741935,0.47378160919540224,0.5719999999999998,0.4844827586206896,0.010849731789802293,0.012906396722164414,0.0123256808012487,0.012450193684766813,0.016857126436781607,0.012341468093539436,0.3610114942528736,0.5798620689655173,0.5715862068965517,0.09174657026325544,0.021781423804226985,0.10969911012235822,62,87,0.6545161290322573,0.6657471264367812,71.40268456375838,149,15
388,388.0,0.457546875,0.5590312500000001,0.463796875,0.4751910112359551,0.573629213483146,0.48449438202247186,0.011634872802734376,0.0137624052734375,0.012141349365234375,0.012305412952909987,0.0165939186971342,0.01243809266506754,0.3618314606741573,0.5813370786516854,0.5741460674157304,0.09571541432584274,0.02230582865168529,0.11034919241573038,64,89,0.6474999999999993,0.6357303370786512,72.22875816993464,153,18
389,389.0,0.45569841269841277,0.5608571428571428,0.46225396825396825,0.46971111111111113,0.5693999999999999,0.4832555555555556,0.011519448727639204,0.014443551020408162,0.012145713277903755,0.012273294320987654,0.01741652888888889,0.0123662124691358,0.3645,0.5708555555555554,0.5768333333333332,0.09119841269841278,0.009998412698412618,0.11457936507936495,63,90,0.6331746031746026,0.6643333333333329,71.88888888888889,153,14
390,390.0,0.4572698412698413,0.5622222222222223,0.46588888888888885,0.4693820224719101,0.5691685393258427,0.4813370786516854,0.011723784328546233,0.014414776014109348,0.012628638447971782,0.012401449564448932,0.017607398560787774,0.01217390884989269,0.3654044943820225,0.5700337078651686,0.5760000000000001,0.09186534688781883,0.007811485642946314,0.11011111111111122,63,89,0.6438095238095234,0.6606741573033703,72.42763157894737,152,16
391,391.0,0.4564307692307692,0.5623846153846154,0.46095384615384616,0.4698539325842696,0.5694494382022471,0.4805280898876405,0.011416737514792899,0.013973005917159763,0.013007859408284025,0.012110843832849388,0.01798570811766191,0.01240233909859866,0.36639325842696624,0.579067415730337,0.5723258426966292,0.09003751080380296,0.01668280034572167,0.11137199654278307,65,89,0.6292307692307686,0.6757303370786513,72.96753246753246,154,13
392,392.0,0.45401587301587304,0.5635396825396826,0.4577936507936508,0.4690919540229884,0.5678620689655172,0.4789885057471265,0.011588999748047366,0.014372089695137312,0.013068608213655835,0.012095278900779495,0.018072969480776854,0.012311344695468357,0.36562068965517247,0.5791379310344827,0.5662988505747126,0.08839518336070057,0.015598248494800182,0.10850519978106182,63,87,0.6566666666666661,0.6949425287356317,73.26666666666667,150,11
393,393.0,0.4514761904761905,0.564936507936508,0.4574285714285714,0.4673953488372093,0.5653139534883721,0.4786279069767442,0.01152167800453515,0.014628440413202319,0.013052625850340137,0.011985494862087612,0.017718238642509467,0.01244318712817739,0.36197674418604653,0.5746162790697674,0.5677093023255814,0.08949944629014395,0.009679771133259463,0.11028073089700996,63,86,0.6593650793650789,0.6980232558139531,73.79194630872483,149,13
394,394.0,0.4518307692307692,0.5605538461538461,0.4611230769230769,0.4675058823529411,0.5642470588235294,0.4777058823529412,0.011680448284023667,0.014893416331360945,0.012677677159763314,0.012173002906574396,0.01777082131487889,0.012677572318339096,0.3660705882352941,0.5726823529411764,0.5623058823529412,0.08576018099547511,0.012128506787330351,0.1011828054298643,65,85,0.6496923076923071,0.669882352941176,73.33333333333333,150,17
395,395.0,0.4538787878787879,0.563590909090909,0.4645909090909091,0.46930952380952384,0.5664642857142856,0.477297619047619,0.011776106519742884,0.015267302341597795,0.013267272038567493,0.012041404195011339,0.017564510629251698,0.012814328089569161,0.3664285714285714,0.5738214285714285,0.5605595238095238,0.0874502164502165,0.010230519480519451,0.09596861471861468,66,84,0.6534848484848479,0.6674999999999995,73.94666666666667,150,17
396,396.0,0.454359375,0.56240625,0.464703125,0.4659523809523809,0.564154761904762,0.4792142857142857,0.011946480224609375,0.0156165224609375,0.014087083740234374,0.01215278344671202,0.017556702239229022,0.012927882653061228,0.36539285714285713,0.5682619047619047,0.5611071428571428,0.08896651785714288,0.005855654761904749,0.09640401785714281,64,84,0.6474999999999994,0.6792857142857139,72.91216216216216,148,13
397,397.0,0.4534,0.5622307692307693,0.461,0.4652857142857144,0.5579285714285714,0.47888095238095246,0.011821593846153845,0.01537823905325444,0.014747999999999999,0.01151837074829932,0.01588099489795918,0.012907033446712013,0.3561547619047619,0.5602619047619048,0.5603333333333332,0.0972452380952381,0.001968864468864462,0.09933333333333322,65,84,0.6393846153846149,0.6951190476190471,73.36241610738254,149,11
398,398.0,0.45210937500000004,0.559765625,0.45759375,0.46563529411764715,0.5620470588235295,0.4767882352941177,0.011898034912109376,0.015223523193359373,0.0142242724609375,0.011511196401384082,0.01623844484429066,0.012864943391003459,0.35439999999999994,0.5636705882352941,0.5651764705882352,0.0977093750000001,0.003904963235294101,0.10758272058823515,64,85,0.6362499999999993,0.6642352941176466,73.1006711409396,149,14
399,399.0,0.4546769230769231,0.5617692307692308,0.45932307692307695,0.4640833333333334,0.5574285714285715,0.47682142857142856,0.012136895621301776,0.015246239053254439,0.014196834082840235,0.011509243055555554,0.01593245918367347,0.012573718112244897,0.3533809523809523,0.5620238095238095,0.565392857142857,0.1012959706959708,0.0002545787545786826,0.10606978021978009,65,84,0.620615384615384,0.6577380952380947,72.67114093959732,149,17
400,400.0,0.45166153846153845,0.559876923076923,0.45536923076923075,0.4640833333333334,0.5584761904761905,0.47691666666666666,0.01222234698224852,0.015228538698224853,0.013910940591715975,0.011509243055555554,0.01592417800453515,0.012547457341269844,0.35439285714285707,0.5650952380952381,0.5644761904761905,0.09726868131868138,0.005218315018315045,0.10910695970695972,65,84,0.6169230769230762,0.68297619047619,72.35570469798658,149,15
401,401.0,0.4500597014925373,0.563507462686567,0.45477611940298507,0.465710843373494,0.5602650602409639,0.4784939759036145,0.01313662330140343,0.01667762307863667,0.014223905101358876,0.011425410364348963,0.015847230947887935,0.012489647554071708,0.35826506024096383,0.5690843373493976,0.5641084337349397,0.0917946412515735,0.005576874662830522,0.10933231433195462,67,83,0.6253731343283576,0.6339759036144573,71.80666666666667,150,18
402,402.0,0.4492089552238806,0.5609999999999999,0.453910447761194,0.46414634146341466,0.5612439024390243,0.4794146341463415,0.013272971263087548,0.01659364179104478,0.0143006785475607,0.01147373468173706,0.015982842950624628,0.01245385246876859,0.3583658536585365,0.563829268292683,0.5689634146341463,0.09084310156534409,0.0028292682926830404,0.11505296687295236,67,82,0.6528358208955218,0.6274390243902433,71.38926174496645,149,14
403,403.0,0.451546875,0.564203125,0.45465625,0.4633703703703704,0.5592592592592592,0.48001234567901224,0.013402497802734377,0.016888161865234372,0.014754944335937499,0.0115660109739369,0.015857179698216733,0.01257830848955952,0.35418518518518516,0.5591358024691357,0.570320987654321,0.09736168981481486,0.005067322530864282,0.11566473765432106,64,81,0.6382812499999995,0.6303703703703699,71.27586206896552,145,18
404,404.0,0.4506825396825397,0.5647936507936506,0.4553650793650794,0.46180000000000004,0.5578875,0.477375,0.013567423028470646,0.017133909800957425,0.014956993701184177,0.011526434999999998,0.01598657484375,0.012447409375,0.3489375,0.5558125,0.5610625,0.10174503968253967,0.008981150793650583,0.1056974206349206,63,80,0.6366666666666659,0.6431249999999994,71.0979020979021,143,18
405,405.0,0.4487142857142857,0.5639365079365078,0.45266666666666666,0.45754216867469877,0.5550843373493975,0.47572289156626496,0.013495378684807255,0.017213392794154705,0.014816761904761902,0.011618007257947453,0.015748462766729573,0.01213656176513282,0.3426867469879518,0.5471927710843374,0.5637228915662652,0.10602753872633386,0.016743736852170454,0.11105622489959854,63,83,0.6379365079365076,0.6277108433734936,71.65068493150685,146,18
406,406.0,0.44975384615384617,0.5655999999999999,0.45347692307692306,0.4568674698795181,0.5527590361445783,0.47461445783132533,0.013303785562130176,0.016867409230769233,0.014399264852071006,0.011380789664682828,0.014931917840034841,0.01176893569458557,0.341421686746988,0.545722891566265,0.5646024096385542,0.1083321594068582,0.019877108433734914,0.11112548656163118,65,83,0.6258461538461532,0.6306024096385536,71.72297297297297,148,18
407,407.0,0.4515873015873016,0.5702857142857142,0.45603174603174607,0.4587831325301205,0.5540602409638554,0.47383132530120486,0.012912083648274127,0.016262140589569155,0.014611745023935502,0.011050049354042675,0.014886610828857599,0.01187970648860502,0.34149397590361447,0.5469999999999999,0.5642168674698795,0.11009332568368713,0.023285714285714243,0.10818512143813347,63,83,0.6141269841269834,0.6440963855421682,72.08904109589041,146,17
408,408.0,0.4532461538461538,0.573476923076923,0.45763076923076923,0.45695121951219503,0.5527926829268293,0.47031707317073174,0.013671693254437872,0.016496587928994083,0.014845771360946745,0.01038909518143962,0.01432443262938727,0.01211538726948245,0.34357317073170734,0.5498414634146341,0.5596341463414635,0.10967298311444645,0.02363545966228886,0.10200337711069424,65,82,0.6181538461538456,0.6323170731707312,72.40136054421768,147,18
409,409.0,0.4541363636363636,0.5730757575757575,0.4582727272727273,0.4572409638554216,0.5529759036144578,0.4705421686746988,0.013516057162534434,0.01625710032139577,0.01464762258953168,0.010270809406299897,0.014154601829002758,0.011973573523007692,0.34502409638554216,0.5490963855421687,0.5550843373493977,0.10911226725082146,0.023979372033588797,0.09681161007667038,66,83,0.5974242424242419,0.646506024096385,72.96644295302013,149,18
410,410.0,0.45506250000000004,0.5730781249999999,0.46371875,0.4572409638554216,0.5529759036144578,0.4705421686746988,0.01387712109375,0.016750009521484373,0.014014108398437499,0.010270809406299897,0.014154601829002758,0.011973573523007692,0.34502409638554216,0.5490963855421687,0.5550843373493977,0.11003840361445788,0.02398173945783122,0.09136558734939765,64,83,0.5964062499999994,0.6506024096385538,73.68707482993197,147,21
411,411.0,0.45521875,0.5708281249999999,0.45981249999999996,0.45743902439024386,0.5529146341463415,0.4743048780487805,0.013838014648437499,0.016763298583984378,0.013121652343749998,0.01015770969660916,0.01430651710291493,0.011636163146936346,0.33773170731707314,0.5483292682926828,0.558829268292683,0.11748704268292687,0.022498856707317105,0.09901676829268302,64,82,0.6084374999999995,0.6554878048780483,73.8082191780822,146,21
412,412.0,0.45525396825396824,0.5725714285714285,0.4632063492063492,0.4586585365853659,0.5523536585365855,0.47368292682926827,0.014057586293776767,0.01683487981859411,0.012592766943814565,0.010260029744199881,0.01423317980368828,0.011542240928019035,0.3402926829268293,0.5528414634146342,0.5627317073170732,0.11496128532713895,0.01972996515679426,0.09952535811072405,63,82,0.5969841269841263,0.6740243902439018,74.0551724137931,145,22
413,413.0,0.46159374999999997,0.5767031250000001,0.467796875,0.4593333333333335,0.5515432098765433,0.47495061728395055,0.014681459960937497,0.016411177490234373,0.013027599365234373,0.010418987654320989,0.014407729614388052,0.011305380277396736,0.3385308641975308,0.5549506172839506,0.5653086419753086,0.12306288580246916,0.02175250771604953,0.09751176697530861,64,81,0.6110937499999993,0.6770370370370365,74.32413793103449,145,19
414,414.0,0.46225806451612905,0.5761451612903224,0.47253225806451615,0.4620119047619049,0.5547023809523809,0.4773809523809523,0.015115643080124868,0.01692596279916754,0.012629119927159208,0.010589987953514738,0.014735804280045348,0.011515688208616778,0.34344047619047613,0.5610238095238094,0.5726904761904762,0.11881758832565292,0.01512135176651308,0.10015821812596004,62,84,0.6111290322580637,0.6746428571428567,74.6986301369863,146,18
415,415.0,0.4638709677419354,0.5761774193548387,0.4699516129032258,0.4589310344827587,0.5543103448275861,0.47539080459770117,0.015144467221644121,0.01692504916753382,0.013265207336108217,0.010584753864447086,0.014252260007927071,0.01135899669705377,0.33863218390804595,0.5618160919540229,0.5697011494252875,0.12523878383388948,0.014361327400815749,0.0997495365220617,62,87,0.6024193548387092,0.6694252873563213,74.18120805369128,149,17
416,416.0,0.45852459016393443,0.5758524590163935,0.4709344262295082,0.4583820224719101,0.5549213483146067,0.47594382022471904,0.016336282182209082,0.01735963396936308,0.013093274388605209,0.01048810124984219,0.01417973538694609,0.011187513697765434,0.33439325842696627,0.5584719101123595,0.5693595505617977,0.12413133173696816,0.017380548904033954,0.09842512433228945,61,89,0.599508196721311,0.6584269662921344,74.01333333333334,150,17
417,417.0,0.4542666666666666,0.5739,0.4717333333333334,0.4557999999999999,0.5551647058823529,0.47778823529411785,0.01575742888888889,0.016251090000000003,0.013803862222222222,0.010394583529411763,0.014255384636678201,0.011293861038062283,0.3346235294117647,0.5538352941176472,0.5656941176470589,0.11964313725490189,0.020064705882352762,0.09396078431372551,60,85,0.6073333333333328,0.6724705882352936,73.42068965517241,145,18
418,418.0,0.45296610169491514,0.5764915254237288,0.47401694915254233,0.4515058823529411,0.5510941176470587,0.4755764705882354,0.015923015800057453,0.016123571962079863,0.013724931916116059,0.010894014671280275,0.013849379377162626,0.011035891211072664,0.3323529411764706,0.5508,0.5625764705882353,0.12061316051844456,0.025691525423728878,0.08855952143569301,59,85,0.6150847457627112,0.6828235294117643,73.51388888888889,144,16
419,419.0,0.45296610169491514,0.5764915254237288,0.47401694915254233,0.4532470588235294,0.5506470588235294,0.4794588235294117,0.015923015800057453,0.016123571962079863,0.013724931916116059,0.011424115432525951,0.01434735778546713,0.010737707128027681,0.32821176470588237,0.5472941176470588,0.5742235294117647,0.12475433698903277,0.029197407776670015,0.10020658025922236,59,85,0.6213559322033892,0.678117647058823,73.51388888888889,144,16
420,420.0,0.45296610169491514,0.5764915254237288,0.47401694915254233,0.45218823529411767,0.5502823529411764,0.47964705882352937,0.015923015800057453,0.016123571962079863,0.013724931916116059,0.01133457633217993,0.014336390865051899,0.010733734256055364,0.32841176470588235,0.5456470588235294,0.5742705882352942,0.12455433698903279,0.03084446660019946,0.10025363908275187,59,85,0.632711864406779,0.6952941176470583,74.38194444444444,144,14
421,421.0,0.45296610169491514,0.5764915254237288,0.47401694915254233,0.4519764705882353,0.5521882352941175,0.47665882352941175,0.015923015800057453,0.016123571962079863,0.013724931916116059,0.010974281799307957,0.014126693979238754,0.010962836539792388,0.3306235294117647,0.5423647058823529,0.5746823529411765,0.12234257228315043,0.034126819541375975,0.1006654037886342,59,85,0.6161016949152537,0.697411764705882,75.17361111111111,144,16
422,422.0,0.44813333333333333,0.5685666666666668,0.46898333333333325,0.45388235294117646,0.5556823529411764,0.4761764705882353,0.015960415555555555,0.016355112222222225,0.013342849722222222,0.010875444982698962,0.014137628512110726,0.01096758062283737,0.3325529411764706,0.544564705882353,0.5736235294117648,0.11558039215686272,0.024001960784313825,0.1046401960784315,60,85,0.6278333333333327,0.7037647058823524,75.17931034482758,145,13
423,423.0,0.4522068965517242,0.5763620689655172,0.4833793103448276,0.4539759036144579,0.5530963855421686,0.4796385542168676,0.015939336504161714,0.0153998516646849,0.014615614744351961,0.011105445202496733,0.014511894324285091,0.010442399477427781,0.33810843373493976,0.5510481927710843,0.5854698795180723,0.11409846281678443,0.025313876194432927,0.10209056917324466,58,83,0.6065517241379306,0.6932530120481922,74.0,141,18
424,424.0,0.4522068965517242,0.5763620689655172,0.4833793103448276,0.4552926829268293,0.5549756097560976,0.47967073170731717,0.015939336504161714,0.0153998516646849,0.014615614744351961,0.011096963117192148,0.014395755502676978,0.010569659875074359,0.33696341463414636,0.5551585365853658,0.5860731707317073,0.11524348191757783,0.02120353238015138,0.10269386038687967,58,82,0.6037931034482753,0.7059756097560971,74.85714285714286,140,20
425,425.0,0.45193333333333335,0.5766666666666667,0.4862833333333334,0.455037037037037,0.5526049382716048,0.47734567901234576,0.015534228888888888,0.015212622222222224,0.014400069722222218,0.011228603566529494,0.014112634049687548,0.01025686816034141,0.33669135802469136,0.5545185185185185,0.5868148148148148,0.115241975308642,0.02214814814814814,0.10053148148148139,60,81,0.5959999999999996,0.7130864197530858,74.82978723404256,141,20
426,426.0,0.44732786885245895,0.5723442622950818,0.48468852459016404,0.4552125,0.5508875,0.4780375000000001,0.015852384305294273,0.0154551765654394,0.014004509540446113,0.011415742343749999,0.01460674984375,0.00973243609375,0.3341625,0.5538875,0.5850500000000001,0.11316536885245898,0.018456762295081863,0.10036147540983603,61,80,0.6106557377049174,0.7088749999999995,74.47517730496453,141,17
427,427.0,0.458265625,0.5841562499999999,0.489078125,0.4552531645569621,0.5526582278481013,0.47581012658227845,0.016660445068359373,0.016432881835937503,0.014413040771484377,0.011066923249479249,0.014303693318378463,0.010087090530363722,0.3339746835443039,0.5505189873417722,0.5851392405063292,0.12429094145569614,0.03363726265822775,0.09606111550632918,64,79,0.6043749999999994,0.6741772151898727,74.21678321678321,143,22
428,428.0,0.459453125,0.5831093749999999,0.49143749999999997,0.4552531645569621,0.5526582278481013,0.47581012658227845,0.016577654052734377,0.016259378662109376,0.01466427734375,0.011066923249479249,0.014303693318378463,0.010087090530363722,0.3339746835443039,0.5505189873417722,0.5851392405063292,0.12547844145569614,0.03259038765822775,0.09370174050632918,64,79,0.6265624999999995,0.6896202531645563,74.63636363636364,143,19
429,429.0,0.4613709677419354,0.5821935483870968,0.4981451612903226,0.4542625,0.5529125,0.47493750000000007,0.016542588189386056,0.016797349635796047,0.013886382154006244,0.01100611859375,0.014130004843749999,0.01002115859375,0.3330125,0.5510875000000001,0.5847875,0.12835846774193543,0.03110604838709674,0.08664233870967741,62,80,0.6208064516129028,0.6981249999999994,74.46478873239437,142,17
430,430.0,0.4627833333333334,0.58535,0.49834999999999996,0.45139743589743575,0.5526410256410256,0.47365384615384615,0.01610036972222222,0.014742327500000003,0.013450060833333334,0.010538675378040761,0.013489050624589084,0.00987386735700197,0.331025641025641,0.5424743589743589,0.5873076923076923,0.13175769230769235,0.04287564102564112,0.08895769230769235,60,78,0.6436666666666662,0.676538461538461,73.92028985507247,138,19
431,431.0,0.46496666666666664,0.5882833333333335,0.5010999999999999,0.4505844155844156,0.5515454545454546,0.47536363636363627,0.016631465555555558,0.014585003055555556,0.014037323333333332,0.010623983133749368,0.013570611570247932,0.009774075560802833,0.33105194805194804,0.5402987012987013,0.5882727272727273,0.1339147186147186,0.04798463203463221,0.0871727272727274,60,77,0.6486666666666662,0.6841558441558436,74.18248175182482,137,18
432,432.0,0.4591754385964912,0.5860350877192984,0.49801754385964914,0.4507088607594937,0.5534050632911393,0.476253164556962,0.016515477993228684,0.014475647891658974,0.014280613727300707,0.010355775997436308,0.013863506809806117,0.009655986540618491,0.3324556962025316,0.5403544303797467,0.594759493670886,0.12671974239395956,0.04568065733955162,0.09674194981123685,57,79,0.6529824561403503,0.6827848101265818,74.03676470588235,136,18
433,433.0,0.4550877192982456,0.5846315789473685,0.49950877192982457,0.4513116883116883,0.5554025974025973,0.47884415584415585,0.015310676515851034,0.014021846722068328,0.014637723607263774,0.010538811941305447,0.014065669084162591,0.009619014673638047,0.33754545454545454,0.5417532467532468,0.5985194805194807,0.11754226475279106,0.04287833219412174,0.0990107085896561,57,77,0.6514035087719293,0.6831168831168823,73.91044776119404,134,19
434,434.0,0.45949999999999996,0.5929285714285715,0.4982678571428571,0.4513116883116883,0.5554025974025973,0.47884415584415585,0.016771892857142857,0.015878423469387754,0.015337338966836736,0.010538811941305447,0.014065669084162591,0.009619014673638047,0.33754545454545454,0.5417532467532468,0.5985194805194807,0.12195454545454543,0.05117532467532471,0.10025162337662358,56,77,0.6628571428571425,0.69038961038961,74.29323308270676,133,19
435,435.0,0.45949999999999996,0.5929285714285715,0.4982678571428571,0.4443291139240506,0.5524177215189873,0.4782911392405063,0.016771892857142857,0.015878423469387754,0.015337338966836736,0.011113182823265504,0.014030091331517388,0.0101258266303477,0.3297088607594936,0.5322531645569619,0.596126582278481,0.12979113924050634,0.06067540687160955,0.09785872513562394,56,79,0.652678571428571,0.6863291139240499,73.94814814814815,135,19
436,436.0,0.46385964912280697,0.5944385964912281,0.4985263157894737,0.44209090909090915,0.5537272727272727,0.4806103896103895,0.017495489073561098,0.01563926377346876,0.014909898430286244,0.011325459268004724,0.01298136717827627,0.010193562489458591,0.3260129870129869,0.5363766233766234,0.6006883116883118,0.13784666210982005,0.058061973114604704,0.10216199589883812,57,77,0.6584210526315785,0.6631168831168825,73.3731343283582,134,22
437,437.0,0.4654915254237288,0.5976271186440678,0.5002372881355932,0.4411538461538462,0.553923076923077,0.47937179487179477,0.01709235162309681,0.015797928756104567,0.014590452168916981,0.011181412228796844,0.012807429980276131,0.010114336127547665,0.3299102564102564,0.5427307692307691,0.6053846153846154,0.1355812690134724,0.054896349413298684,0.1051473272490222,59,78,0.6523728813559316,0.6785897435897431,74.0,137,19
438,438.0,0.468864406779661,0.6008983050847457,0.5003728813559323,0.4431621621621622,0.5591891891891893,0.4793918918918919,0.01666967652973284,0.015161955759839125,0.014532606722206264,0.011329946676406135,0.012500964207450695,0.010421346420745067,0.3341891891891892,0.5414729729729729,0.6052972972972973,0.1346752175904718,0.05942533211177281,0.10492441594136503,59,74,0.64728813559322,0.668513513513513,73.3157894736842,133,22
439,439.0,0.467,0.5980317460317459,0.4994761904761906,0.44235526315789475,0.5598815789473685,0.48213157894736836,0.016261428571428573,0.015312951373141847,0.014473900226757368,0.011478729051246538,0.012718262292243765,0.010570456371191134,0.33625,0.5478684210526316,0.6096052631578947,0.13075000000000003,0.050163324979114354,0.11012907268170408,63,76,0.664444444444444,0.6285526315789468,73.62589928057554,139,20
440,440.0,0.4647377049180328,0.5980983606557377,0.5002131147540985,0.44236842105263163,0.5613815789473684,0.48435526315789473,0.016614488578339155,0.015736154259607633,0.014914003762429455,0.011479732686980609,0.01269836755540166,0.01061162378808864,0.3404605263157895,0.5530394736842105,0.6158684210526315,0.1242771786022433,0.04505888697152727,0.11565530629853304,61,76,0.6567213114754091,0.629868421052631,73.7007299270073,137,21
441,441.0,0.4700000000000001,0.5991355932203389,0.5048983050847458,0.438472972972973,0.5578918918918919,0.48454054054054047,0.016164610169491524,0.016226388394139618,0.014736498132720486,0.01119730332359386,0.012492258582907232,0.011254140248356461,0.33321621621621617,0.5414054054054053,0.6037162162162163,0.13678378378378392,0.057730187814933664,0.09881791113147054,59,74,0.6576271186440675,0.6674324324324318,73.49624060150376,133,20
442,442.0,0.4629642857142858,0.5943392857142856,0.503517857142857,0.434554054054054,0.5530135135135136,0.48293243243243233,0.015065105867346938,0.016122152742346938,0.014239392538265307,0.011561544375456537,0.012924553871439006,0.011278549488677864,0.3327162162162162,0.5340810810810811,0.6042297297297298,0.13024806949806955,0.060258204633204526,0.10071187258687275,56,74,0.6562499999999994,0.710405405405405,72.79230769230769,130,16
443,443.0,0.46637500000000004,0.5898392857142857,0.50625,0.4333888888888889,0.5507638888888889,0.4833888888888889,0.015598127232142859,0.015267706313775511,0.014191758928571429,0.011681404320987654,0.01308118036265432,0.011330793209876542,0.33481944444444445,0.5382916666666666,0.5999583333333334,0.1315555555555556,0.051547619047619064,0.0937083333333334,56,72,0.655178571428571,0.7299999999999994,72.2890625,128,15
444,444.0,0.46668421052631576,0.5939298245614035,0.5095087719298246,0.4338235294117647,0.5517647058823529,0.48532352941176465,0.015329830101569712,0.015936872268390273,0.014537477993228687,0.012237174740484429,0.013784562283737024,0.011147865916955015,0.33491176470588235,0.5399117647058823,0.6032794117647059,0.1317724458204334,0.05401805985552122,0.09377063983488132,57,68,0.6450877192982452,0.7314705882352938,71.616,125,18
445,445.0,0.4704736842105263,0.5970175438596491,0.5127543859649123,0.43598571428571425,0.5525000000000001,0.4845857142857142,0.015393652816251154,0.01605128039396737,0.014890395814096645,0.012318099795918365,0.013527964285714286,0.010920728367346935,0.33670000000000005,0.5344857142857142,0.5998428571428572,0.13377368421052627,0.06253182957393488,0.08708847117794494,57,70,0.6640350877192978,0.7139999999999995,71.80314960629921,127,17
446,446.0,0.4704736842105263,0.5970175438596491,0.5127543859649123,0.43358333333333327,0.5516388888888889,0.48500000000000004,0.015393652816251154,0.01605128039396737,0.014890395814096645,0.012190770833333333,0.013436814043209875,0.011295055555555553,0.3291111111111111,0.5301527777777778,0.5994166666666667,0.14136257309941525,0.06686476608187131,0.08666228070175441,57,72,0.6650877192982451,0.6927777777777773,72.54263565891473,129,20
447,447.0,0.46935714285714286,0.5980892857142857,0.5142142857142857,0.42752857142857137,0.5403142857142859,0.4805428571428572,0.015597479591836735,0.016272438456632652,0.015034811224489795,0.011880392040816326,0.011866615510204081,0.011055105306122446,0.32460000000000006,0.5173142857142855,0.5870000000000001,0.1447571428571428,0.08077500000000015,0.07278571428571434,56,70,0.6571428571428566,0.7019999999999996,72.65079365079364,126,18
448,448.0,0.4626551724137931,0.5922586206896551,0.5104137931034483,0.4226,0.5327714285714288,0.4774142857142858,0.014713122473246135,0.015487846908442328,0.014564897740784778,0.01095938285714286,0.011241204897959184,0.010394842653061223,0.31655714285714287,0.5078285714285714,0.5820000000000002,0.14609802955665024,0.08443004926108366,0.07158620689655193,58,70,0.6613793103448271,0.6934285714285711,72.8359375,128,17
449,449.0,0.4540983606557377,0.5860655737704916,0.5078196721311475,0.42390140845070423,0.5320985915492958,0.4828732394366198,0.01637107229239452,0.015960946519752755,0.014143688793335127,0.010946286054354295,0.011435694505058519,0.010875293790914505,0.31584507042253523,0.503281690140845,0.586661971830986,0.13825329023320249,0.08278388362964662,0.07884229969983847,61,71,0.6721311475409831,0.6584507042253517,73.32575757575758,132,18
450,450.0,0.4540983606557377,0.5860655737704916,0.5078196721311475,0.4200294117647059,0.5328823529411766,0.48111764705882354,0.01637107229239452,0.015960946519752755,0.014143688793335127,0.010878675605536332,0.011576927335640138,0.011129662629757784,0.31402941176470595,0.49939705882352947,0.5805294117647058,0.14006894889103177,0.08666851494696215,0.07270973963355831,61,68,0.6831147540983602,0.704411764705882,73.52713178294573,129,15
451,451.0,0.4532333333333333,0.5829333333333332,0.5063833333333333,0.41669999999999996,0.5317714285714287,0.4777571428571428,0.016598278888888887,0.015628495555555556,0.014253569722222224,0.010949952857142856,0.011377719183673468,0.011321983877551019,0.3147714285714286,0.49098571428571436,0.5784571428571428,0.13846190476190473,0.09194761904761883,0.07207380952380948,60,70,0.6509999999999996,0.6977142857142854,73.46923076923076,130,18
452,452.0,0.45437704918032784,0.582,0.5076885245901639,0.41577941176470584,0.5314852941176471,0.47935294117647054,0.016404661112604135,0.015424557377049182,0.014122116097823167,0.011210318987889272,0.011688838019031143,0.011439669550173009,0.31375,0.48850000000000005,0.5864117647058822,0.14062704918032787,0.09349999999999992,0.0787232401157183,61,68,0.6567213114754094,0.7301470588235288,74.03875968992249,129,17
453,453.0,0.4525806451612903,0.581516129032258,0.5105161290322581,0.4149701492537313,0.5312985074626866,0.48438805970149257,0.0163369209157128,0.015190056191467221,0.014382056191467221,0.011329163288037425,0.011862895967921587,0.011023162842503898,0.3126417910447761,0.48901492537313435,0.5891044776119403,0.13993885411651424,0.09250120365912368,0.07858834857968222,62,67,0.66758064516129,0.7346268656716414,74.47286821705427,129,17
454,454.0,0.44906349206349205,0.5807142857142856,0.5113650793650792,0.4140294117647058,0.5304264705882353,0.48310294117647057,0.0168445673973293,0.014988807256235826,0.014198454018644497,0.01122185207612457,0.011739391652249135,0.01097170999134948,0.30804411764705875,0.4837058823529412,0.5877794117647059,0.1410193744164333,0.09700840336134442,0.0764143323996267,63,68,0.6539682539682534,0.7327941176470583,74.8473282442748,131,19
455,455.0,0.4496769230769231,0.5819230769230769,0.5156461538461539,0.4204848484848485,0.5413181818181818,0.4914848484848485,0.01634701869822485,0.014576132544378697,0.014339274792899408,0.011267522497704316,0.013377398760330578,0.011245249770431587,0.3209545454545454,0.5058333333333334,0.6045,0.1287223776223777,0.07608974358974352,0.08885384615384617,65,66,0.6367692307692302,0.6790909090909085,73.23664122137404,131,23
456,456.0,0.454625,0.59084375,0.518609375,0.42498437499999997,0.5452812499999999,0.48987499999999995,0.015604953125000001,0.0127480380859375,0.014846738037109376,0.010800577880859374,0.012961514648437499,0.011366640625,0.32629687500000004,0.5111875,0.606671875,0.12832812499999996,0.07965624999999998,0.08806249999999993,64,64,0.6379687499999995,0.6928124999999995,72.3671875,128,20
457,457.0,0.454625,0.59084375,0.518609375,0.424984126984127,0.5445714285714285,0.49055555555555547,0.015604953125000001,0.0127480380859375,0.014846738037109376,0.01097201562106324,0.013135006802721089,0.01151742151675485,0.3269047619047618,0.5104920634920636,0.6086349206349208,0.1277202380952382,0.08035168650793645,0.09002554563492071,64,63,0.6414062499999995,0.7233333333333329,73.06299212598425,127,19
458,458.0,0.45973437500000003,0.594671875,0.5179218750000001,0.42623437499999994,0.5461562500000001,0.49103125000000003,0.014739632568359374,0.012271376708984375,0.014818228271484376,0.010899054443359375,0.013088006835937499,0.011351717773437499,0.33040625,0.517140625,0.6140625,0.12932812500000002,0.07753124999999994,0.09614062499999987,64,64,0.6368749999999994,0.7149999999999994,73.2734375,128,22
459,459.0,0.457671875,0.5953906250000001,0.5205312500000001,0.4270952380952381,0.5467301587301586,0.4933809523809523,0.014565157958984375,0.012325956787109375,0.014360405273437502,0.011024625850340138,0.013274673217435123,0.01117855328798186,0.331111111111111,0.5143333333333333,0.6170952380952383,0.12656076388888898,0.08105729166666675,0.09656398809523814,64,63,0.6260937499999994,0.7303174603174598,73.2755905511811,127,22
460,460.0,0.4593015873015874,0.5941269841269841,0.519968253968254,0.4237230769230769,0.5480307692307692,0.48887692307692304,0.014626369362559836,0.012419412446460065,0.014568062484252959,0.011233677159763313,0.012407383668639053,0.011796415621301777,0.332,0.5230461538461538,0.6120307692307693,0.12730158730158736,0.07108083028083023,0.0920625152625153,63,65,0.6082539682539677,0.7109230769230765,71.328125,128,23
461,461.0,0.460859375,0.5897343750000001,0.518875,0.42486153846153846,0.5504923076923077,0.4895076923076923,0.014629464599609376,0.011715945068359376,0.014407640624999999,0.011130550059171596,0.011736557633136096,0.011740034556213017,0.3322615384615385,0.5264615384615385,0.6060769230769232,0.12859783653846152,0.06327283653846161,0.0872019230769232,64,65,0.5989062499999995,0.7176923076923072,71.34883720930233,129,23
462,462.0,0.460859375,0.5897343750000001,0.518875,0.4232923076923077,0.5427538461538463,0.48724615384615383,0.014629464599609376,0.011715945068359376,0.014407640624999999,0.01094562224852071,0.011506308639053256,0.012110370177514792,0.3299076923076923,0.5139692307692307,0.5987538461538461,0.13095168269230772,0.07576514423076941,0.0798788461538461,64,65,0.5843749999999994,0.7096923076923072,72.13178294573643,129,27
463,463.0,0.4655238095238095,0.5921587301587301,0.5192857142857144,0.4236031746031746,0.5419841269841271,0.4885873015873015,0.013469233560090704,0.011525752582514487,0.01462553741496599,0.010956429831191734,0.011785158478206097,0.012298083648274125,0.33030158730158726,0.5185555555555555,0.5996666666666668,0.13522222222222224,0.07360317460317456,0.08038095238095244,63,63,0.598412698412698,0.7833333333333327,72.96825396825396,126,22
464,464.0,0.4670298507462687,0.591820895522388,0.5208955223880596,0.41937499999999994,0.543796875,0.48464062500000005,0.013028058810425484,0.012058147026063712,0.01454373535308532,0.010420609375,0.011636943115234374,0.012077636474609375,0.32871875000000006,0.5180156250000001,0.595046875,0.13831110074626862,0.07380527052238794,0.07415135261194039,67,64,0.6365671641791041,0.7434374999999995,71.38167938931298,131,17
465,465.0,0.4628153846153846,0.592,0.5195846153846153,0.41977272727272724,0.5428787878787877,0.4837272727272728,0.012239535147928995,0.011876676923076923,0.01473291976331361,0.01017826652892562,0.011351651974288338,0.01202641046831956,0.3298484848484849,0.5074393939393941,0.601651515151515,0.13296689976689968,0.08456060606060589,0.08206689976689974,65,66,0.6136923076923072,0.7181818181818177,71.3206106870229,131,21
466,466.0,0.45859701492537314,0.589,0.5200597014925373,0.41977272727272724,0.5428787878787877,0.4837272727272728,0.012499076408999776,0.011822776119402986,0.014475160614836266,0.01017826652892562,0.011351651974288338,0.01202641046831956,0.3298484848484849,0.5074393939393941,0.601651515151515,0.12874853007688825,0.08156060606060589,0.08159181365897772,67,66,0.6267164179104473,0.7072727272727267,72.16541353383458,133,21
467,467.0,0.4587058823529412,0.5884411764705882,0.5184117647058823,0.4192380952380953,0.5400158730158728,0.48569841269841263,0.012316060553633221,0.011669834775086504,0.014444242214532874,0.010057006802721088,0.011300047367094987,0.01223690904509952,0.3316190476190476,0.5019365079365079,0.6012698412698413,0.1270868347338936,0.08650466853408034,0.08285807656395894,68,63,0.6374999999999994,0.709365079365079,72.25954198473282,131,20
468,468.0,0.4637971014492754,0.5958405797101451,0.5255652173913044,0.42251612903225805,0.5430967741935482,0.48779032258064514,0.01220088636841,0.012251960092417557,0.015174303717706365,0.009542249739854321,0.010884313215400628,0.012158585067637876,0.3302258064516129,0.508016129032258,0.6002096774193548,0.13357129499766246,0.08782445067788713,0.07464446002805047,69,62,0.6424637681159416,0.7022580645161286,72.0381679389313,131,22
469,469.0,0.4640142857142857,0.5975142857142859,0.5259428571428572,0.4219206349206349,0.5427777777777777,0.4864126984126984,0.012029842653061224,0.012270221224489794,0.01496736816326531,0.009412771478961952,0.010717855379188714,0.012083258251448724,0.3303333333333333,0.5096190476190476,0.5994920634920635,0.1336809523809524,0.08789523809523825,0.07354920634920636,70,63,0.6357142857142852,0.71031746031746,73.17293233082707,133,22
470,470.0,0.4650845070422536,0.5936901408450705,0.522605633802817,0.4219206349206349,0.5427777777777777,0.4864126984126984,0.01204568299940488,0.012202213846459038,0.014534464193612382,0.009412771478961952,0.010717855379188714,0.012083258251448724,0.3303333333333333,0.5096190476190476,0.5994920634920635,0.1347511737089203,0.08407109322602291,0.07688642968924653,71,63,0.648028169014084,0.7157142857142851,73.41044776119404,134,21
471,471.0,0.4674225352112677,0.5953943661971832,0.5285492957746479,0.415723076923077,0.5399076923076923,0.4823076923076923,0.011581567942868479,0.012297506447133505,0.014028332076968858,0.010020877159763313,0.010607468402366866,0.012073197633136095,0.3219846153846154,0.5126307692307692,0.6028,0.14543791982665227,0.082763596966414,0.07425070422535207,71,65,0.6328169014084501,0.7103076923076919,73.28676470588235,136,21
472,472.0,0.4647352941176471,0.5907941176470587,0.5244852941176471,0.41893939393939394,0.5381666666666668,0.4798939393939394,0.0123781946366782,0.012034016435986158,0.013968485077854672,0.01043672359963269,0.010361654040404041,0.011586700872359964,0.32471212121212123,0.519469696969697,0.6046666666666667,0.14002317290552585,0.07132442067736167,0.08018137254901958,68,66,0.641911764705882,0.7172727272727268,72.8955223880597,134,18
473,473.0,0.4596417910447761,0.5871492537313432,0.5255820895522387,0.4161194029850746,0.5351641791044778,0.47801492537313434,0.011155901537090666,0.011770723991980397,0.013688810425484517,0.010805806638449541,0.010801987970594788,0.011646790822009355,0.32376119402985076,0.5134776119402986,0.6025373134328359,0.13588059701492533,0.07367164179104457,0.07695522388059717,67,67,0.652388059701492,0.7129850746268651,73.25373134328358,134,17
474,474.0,0.46353623188405796,0.5855362318840579,0.5294782608695652,0.41537878787878785,0.5394242424242425,0.47824242424242425,0.011398567527830286,0.013120248687250579,0.014224597353497164,0.010937023186409552,0.01110882001836547,0.011666456382001837,0.32325757575757574,0.519090909090909,0.5966363636363636,0.14027865612648222,0.06644532279314885,0.06715810276679846,69,66,0.6568115942028981,0.6896969696969693,73.2074074074074,135,19
475,475.0,0.46692857142857147,0.5845142857142855,0.5301571428571428,0.41457812499999996,0.53953125,0.476671875,0.011738237755102044,0.014226764081632653,0.014258675306122445,0.011103056396484375,0.010648311523437499,0.011968251708984376,0.32471875,0.512078125,0.5899531250000001,0.14220982142857147,0.07243616071428549,0.05979598214285731,70,64,0.6594285714285709,0.6581249999999996,72.50746268656717,134,20
476,476.0,0.46638028169014084,0.5839295774647886,0.5295492957746478,0.4151904761904761,0.5390000000000001,0.4777936507936507,0.011593953977385439,0.014050318984328507,0.014083712358658997,0.011255297052154195,0.010799269841269842,0.012077687578735195,0.3257936507936507,0.5107460317460317,0.5904761904761906,0.14058663089649015,0.07318354571875685,0.06092689470154278,71,63,0.6402816901408447,0.6893650793650791,73.20149253731343,134,20
477,477.0,0.4642,0.5824142857142856,0.5289714285714286,0.4151904761904761,0.5390000000000001,0.4777936507936507,0.011422074285714285,0.014088014081632655,0.01426119918367347,0.011255297052154195,0.010799269841269842,0.012077687578735195,0.3257936507936507,0.5107460317460317,0.5904761904761906,0.1384063492063493,0.07166825396825383,0.06150476190476195,70,63,0.6287142857142852,0.7169841269841266,73.9172932330827,133,19
478,478.0,0.46198591549295775,0.5816478873239436,0.5285352112676056,0.40895,0.5351999999999999,0.4779333333333334,0.011542999801626659,0.014024171791311248,0.014006614957349731,0.010717614166666667,0.01096576,0.012183462222222222,0.3236833333333333,0.5082,0.5939666666666668,0.13830258215962443,0.07344788732394358,0.06543145539906114,71,60,0.6305633802816898,0.7516666666666663,73.21374045801527,131,18
479,479.0,0.4603150684931507,0.583972602739726,0.528931506849315,0.4095762711864407,0.5375084745762712,0.47911864406779664,0.01135569525239257,0.013832136235691501,0.013628885719647212,0.010875735708129847,0.010831877046825625,0.012305663889686872,0.3223050847457627,0.5136101694915254,0.5954576271186441,0.138009983747388,0.07036243324820057,0.06652612026932914,73,59,0.6404109589041092,0.7744067796610165,73.59848484848484,132,15
480,480.0,0.46176315789473693,0.5880394736842104,0.5288421052631578,0.4091551724137931,0.5359137931034483,0.48127586206896555,0.011109601800554017,0.013950722126038782,0.013778632963988922,0.011115717300832344,0.01084514774078478,0.013456717003567183,0.3252586206896552,0.5148793103448276,0.6006379310344827,0.1365045372050817,0.0731601633393828,0.07179582577132493,76,58,0.6413157894736837,0.7558620689655168,73.22388059701493,134,16
481,481.0,0.4634871794871796,0.594525641025641,0.5327435897435897,0.41306896551724137,0.5364137931034483,0.481551724137931,0.010918557527942142,0.012813557034845498,0.014109370151216306,0.011229236623067776,0.011419001189060644,0.012798557669441143,0.3315344827586207,0.5270344827586207,0.6062413793103449,0.13195269672855892,0.06749115826702023,0.07349778956675523,78,58,0.6257692307692303,0.6982758620689651,72.76470588235294,136,20
482,482.0,0.4590375,0.5904,0.53305,0.41833333333333333,0.5417333333333333,0.4855333333333333,0.011447536093749999,0.01317594,0.014102522499999997,0.011352655555555554,0.011563128888888887,0.013004948888888888,0.3305166666666666,0.5275,0.6058333333333334,0.12852083333333336,0.06290000000000007,0.07278333333333342,80,60,0.6087499999999995,0.6599999999999996,72.57142857142857,140,24
483,483.0,0.45902469135802476,0.5929753086419753,0.5340864197530865,0.4183508771929825,0.5433859649122808,0.4875087719298245,0.011548295686633136,0.012725258649596099,0.01390817771681146,0.01173321021852878,0.011936166820560173,0.013101232379193598,0.3328070175438596,0.5329298245614035,0.611421052631579,0.12621767381416515,0.060045484080571865,0.07733463287849252,81,57,0.6297530864197526,0.6450877192982452,71.96376811594203,138,21
484,484.0,0.4586962025316455,0.5882531645569621,0.5305822784810126,0.4148070175438596,0.5422982456140352,0.48475438596491227,0.011821679858996959,0.01223439160390963,0.013959990065694598,0.012453173284087411,0.012112033856571253,0.013650080024622962,0.33008771929824565,0.5271929824561403,0.6165964912280701,0.12860848323339985,0.06106018210082176,0.08601421274705756,79,57,0.6287341772151893,0.6857894736842101,72.25,136,18
485,485.0,0.45811392405063295,0.589607594936709,0.5319367088607595,0.4148070175438596,0.5422982456140352,0.48475438596491227,0.011874556641563854,0.01225760551193719,0.013703299791700048,0.012453173284087411,0.012112033856571253,0.013650080024622962,0.33008771929824565,0.5271929824561403,0.6165964912280701,0.1280262047523873,0.062414612480568676,0.08465978236731064,79,57,0.6134177215189869,0.6973684210526311,73.15441176470588,136,19
486,486.0,0.4565897435897436,0.5907179487179488,0.5309230769230769,0.4096491228070176,0.5410701754385965,0.4816315789473684,0.011843267587113742,0.012317356344510191,0.013797814595660748,0.011681841797476146,0.011821433671899044,0.013095425669436748,0.3232631578947368,0.5186315789473684,0.6117543859649124,0.13332658569500677,0.07208636977058036,0.08083130904183544,78,57,0.6146153846153842,0.7096491228070172,73.1037037037037,135,19
487,487.0,0.450320987654321,0.5849259259259258,0.5249753086419754,0.4116724137931035,0.5450344827586208,0.4821724137931035,0.0118538228928517,0.013085377229080932,0.013708468526139309,0.01171377199762188,0.012513412604042805,0.012886315101070155,0.32570689655172413,0.5231724137931034,0.617,0.12461409110259686,0.06175351213282243,0.0920246913580246,81,58,0.6109876543209871,0.6975862068965513,71.89208633093526,139,16
488,488.0,0.4443291139240508,0.5840506329113924,0.5215822784810127,0.4109508196721312,0.5475409836065573,0.4851147540983607,0.011360524595417403,0.0132325543983336,0.013738901458099664,0.01170588282719699,0.012472805697393174,0.012995445847890351,0.32724590163934425,0.526983606557377,0.6143442622950819,0.11708321228470653,0.05706702635401539,0.0927619838140692,79,61,0.60506329113924,0.6516393442622948,71.12857142857143,140,17
489,489.0,0.441423076923077,0.5822307692307692,0.5219615384615384,0.4109508196721312,0.5475409836065573,0.4851147540983607,0.010839013313609466,0.013140562130177513,0.01390367800788955,0.01170588282719699,0.012472805697393174,0.012995445847890351,0.32724590163934425,0.526983606557377,0.6143442622950819,0.11417717528373272,0.05524716267339225,0.09238272383354351,78,61,0.6225641025641022,0.6480327868852453,71.81294964028777,139,18
490,490.0,0.44181012658227853,0.582240506329114,0.5235316455696202,0.4120000000000001,0.5468870967741934,0.4852096774193549,0.010713495593654863,0.012974233295946163,0.013919970517545264,0.011584225806451614,0.012297713059313212,0.01278639151925078,0.3256451612903226,0.5271451612903225,0.6066935483870967,0.11616496529195591,0.05509534503879143,0.08316190281747649,79,62,0.614556962025316,0.681612903225806,72.34042553191489,141,15
491,491.0,0.4428961038961039,0.5833636363636364,0.5302727272727273,0.41804761904761917,0.5533968253968253,0.4917777777777778,0.010596612582222973,0.01226669893742621,0.013134665879574967,0.011212362811791384,0.012106239355001257,0.013041156966490301,0.3336984126984127,0.534984126984127,0.616761904761905,0.10919769119769118,0.04837950937950941,0.08648917748917762,77,63,0.6087012987012982,0.6560317460317455,71.05714285714286,140,18
492,492.0,0.44315,0.5835625,0.5305,0.41804761904761917,0.5533968253968253,0.4917777777777778,0.0103555525,0.01196177109375,0.013314000000000001,0.011212362811791384,0.012106239355001257,0.013041156966490301,0.3336984126984127,0.534984126984127,0.616761904761905,0.10945158730158727,0.04857837301587298,0.08626190476190498,80,63,0.6116249999999994,0.658253968253968,72.17482517482517,143,16
493,493.0,0.4460125,0.583275,0.5310874999999999,0.4168225806451613,0.5531451612903225,0.4879032258064516,0.010292112343750002,0.011982999375000001,0.013150329843749997,0.011298662070759625,0.012297511186264307,0.012305732570239333,0.33283870967741935,0.5334193548387096,0.6126451612903228,0.11317379032258063,0.049855645161290374,0.08155766129032282,80,62,0.6217499999999996,0.6696774193548383,72.66901408450704,142,15
494,494.0,0.4460125,0.583275,0.5310874999999999,0.42036666666666667,0.5559666666666666,0.4923,0.010292112343750002,0.011982999375000001,0.013150329843749997,0.011284498888888887,0.012429632222222221,0.011934110000000001,0.3326666666666667,0.53725,0.6175166666666668,0.11334583333333326,0.04602499999999998,0.08642916666666689,80,60,0.6142499999999995,0.6666666666666662,73.58571428571429,140,20
495,495.0,0.4405949367088607,0.5782658227848102,0.5260759493670886,0.4191754385964912,0.5515964912280703,0.4833859649122807,0.009384165037654225,0.011124524274955935,0.01234991828232655,0.010754320098491844,0.0119463810403201,0.010917429978454908,0.32178947368421057,0.5235964912280702,0.6099298245614037,0.11880546302465012,0.05466933155674003,0.08385387519431509,79,57,0.6268354430379742,0.7005263157894732,72.80147058823529,136,16
496,496.0,0.4405125,0.5794374999999999,0.5266624999999999,0.4190689655172413,0.550293103448276,0.484051724137931,0.00926739984375,0.011093921093749999,0.01222272359375,0.010569546967895362,0.011837241676575506,0.010754462841854936,0.32103448275862073,0.5233103448275863,0.6033793103448276,0.11947801724137924,0.05612715517241362,0.07671681034482769,80,58,0.6123749999999994,0.6937931034482754,73.23913043478261,138,19
497,497.0,0.44187654320987657,0.5786172839506172,0.5267283950617283,0.4226842105263158,0.5524035087719299,0.4848070175438596,0.009301836610272824,0.01101077945435147,0.012072173144337752,0.00999691782086796,0.011786591566635888,0.010910050477069866,0.3205263157894736,0.523701754385965,0.6048771929824561,0.12135022742040297,0.05491552956465218,0.07814879792072782,81,57,0.6060493827160489,0.6966666666666661,73.82608695652173,138,21
498,498.0,0.4398674698795181,0.5757469879518071,0.5281325301204819,0.41942857142857143,0.5530357142857143,0.4860357142857143,0.009246235447815358,0.011081779358397447,0.011979199303237043,0.009571280612244899,0.011974284438775512,0.011018820153061224,0.3199821428571428,0.5245357142857143,0.612107142857143,0.11988532702237525,0.051211273666092794,0.08397461273666107,83,56,0.6068674698795176,0.7010714285714279,74.59712230215827,139,21
499,499.0,0.43960714285714286,0.5737380952380953,0.5287857142857143,0.41953703703703704,0.5531296296296297,0.4896481481481481,0.009196786139455782,0.011456026643990933,0.011770668367346937,0.00942321159122085,0.010168186899862828,0.00951011694101509,0.3199814814814814,0.528962962962963,0.6146296296296296,0.11962566137566144,0.0447751322751323,0.08584391534391533,84,54,0.6109523809523805,0.6929629629629623,73.80434782608695,138,21
500,500.0,0.4395862068965518,0.573528735632184,0.5292413793103449,0.4218545454545454,0.5497454545454545,0.4922727272727272,0.008926035671819266,0.01128698480644735,0.012126757827982561,0.009041542479338844,0.01037673520661157,0.009602125619834711,0.3301090909090909,0.5358727272727273,0.6267454545454546,0.1094771159874609,0.037656008359456705,0.09750407523510973,87,55,0.6085057471264363,0.6707272727272724,73.19718309859155,142,19
501,501.0,0.4390919540229885,0.5730114942528736,0.5261034482758622,0.42114285714285715,0.5498392857142858,0.4920714285714286,0.00890116395825076,0.011271229752939625,0.01219059849385652,0.00889144387755102,0.010204777742346937,0.009514852040816327,0.326,0.5405535714285714,0.624625,0.1130919540229885,0.032457922824302154,0.09852155172413779,87,56,0.5956321839080455,0.6582142857142852,73.04195804195804,143,22
502,502.0,0.44022352941176474,0.574329411764706,0.5261764705882354,0.4187457627118644,0.5473389830508475,0.4917118644067797,0.008317750034602075,0.010888267958477508,0.011968757093425604,0.00935215570238437,0.010340935937948867,0.009495594943981615,0.3263728813559323,0.5309322033898306,0.6229152542372882,0.11385064805583245,0.04339720837487537,0.09673878364905286,85,59,0.6182352941176467,0.6557627118644064,73.51388888888889,144,19
503,503.0,0.4399397590361446,0.5722289156626506,0.5260361445783133,0.4187457627118644,0.5473389830508475,0.4917118644067797,0.008344731310785312,0.010961381332559153,0.012250902308027289,0.00935215570238437,0.010340935937948867,0.009495594943981615,0.3263728813559323,0.5309322033898306,0.6229152542372882,0.11356687768021229,0.041296712272819946,0.09687910965897495,83,59,0.6473493975903608,0.6762711864406773,73.95070422535211,142,14
504,504.0,0.44040243902439025,0.5725975609756098,0.5266585365853659,0.41812068965517246,0.5469137931034482,0.4955,0.008110728286734087,0.010810118530636525,0.012336054134443778,0.009479175089179547,0.01033911325802616,0.009380663793103447,0.3217931034482759,0.5263620689655173,0.6243103448275863,0.11860933557611436,0.04623549201009247,0.09765180824222042,82,58,0.6539024390243897,0.6791379310344823,73.03571428571429,140,15
505,505.0,0.4385180722891567,0.5697228915662651,0.5238192771084339,0.4173389830508475,0.544457627118644,0.49415254237288136,0.008022153287850197,0.010777646102482219,0.0125256179416461,0.009353952887101408,0.010513773628267739,0.009326976730824478,0.3205932203389831,0.5276610169491526,0.6233728813559324,0.1179248519501736,0.04206187461711253,0.09955360424749848,83,59,0.6442168674698789,0.6606779661016944,73.0774647887324,142,15
506,506.0,0.43953658536585366,0.5709878048780488,0.5229756097560977,0.41631578947368414,0.5438421052631579,0.492421052631579,0.008039248661511005,0.010831451070791195,0.012938023795359905,0.00960951431209603,0.010787255771006464,0.009526419205909511,0.3119649122807018,0.5256491228070176,0.6148947368421054,0.12757167308515188,0.0453386820710312,0.09191912708600769,82,57,0.6367073170731702,0.6621052631578943,72.80575539568345,139,17
507,507.0,0.4374268292682928,0.5662682926829269,0.5203170731707317,0.41471186440677965,0.538271186440678,0.488457627118644,0.0075504885484830465,0.010888196311719214,0.01251280190362879,0.009403764435507039,0.010417621373168632,0.009996451594369434,0.3136271186440678,0.5021186440677966,0.618542372881356,0.12379971062422501,0.06414964861513028,0.09822529971062433,82,59,0.6454878048780484,0.617966101694915,72.73758865248227,141,18
508,508.0,0.4374268292682928,0.5662682926829269,0.5203170731707317,0.41471186440677965,0.538271186440678,0.488457627118644,0.0075504885484830465,0.010888196311719214,0.01251280190362879,0.009403764435507039,0.010417621373168632,0.009996451594369434,0.3136271186440678,0.5021186440677966,0.618542372881356,0.12379971062422501,0.06414964861513028,0.09822529971062433,82,59,0.6437804878048774,0.6572881355932199,73.73758865248227,141,16
509,509.0,0.4374268292682928,0.5662682926829269,0.5203170731707317,0.4151833333333333,0.5360333333333334,0.48983333333333334,0.0075504885484830465,0.010888196311719214,0.01251280190362879,0.009431849722222224,0.010183998888888888,0.00992697222222222,0.31271666666666664,0.5101833333333333,0.6245833333333334,0.12471016260162615,0.056084959349593566,0.10426626016260165,82,60,0.6384146341463409,0.6288333333333329,74.33802816901408,142,19
510,510.0,0.43460975609756103,0.5642560975609756,0.5198292682926829,0.4140322580645161,0.5378709677419354,0.4885967741935484,0.007925262343842951,0.011076385633551459,0.012547995240928016,0.009336902185223725,0.010037434963579606,0.009652627731529657,0.3126290322580645,0.5149516129032258,0.6227903225806452,0.12198072383949654,0.049304484657749836,0.1029610542879622,82,62,0.6399999999999996,0.6149999999999994,74.86111111111111,144,19
511,511.0,0.43548749999999997,0.5645,0.5223500000000001,0.4110793650793651,0.5365238095238094,0.4896666666666667,0.007997249843750002,0.011159450000000001,0.0125570775,0.009057565129755607,0.01005459863945578,0.009572539682539682,0.3125396825396825,0.5112539682539683,0.621031746031746,0.12294781746031747,0.05324603174603171,0.09868174603174595,80,63,0.6401249999999994,0.6368253968253965,74.81818181818181,143,17
512,512.0,0.4353734939759036,0.5667469879518072,0.5261566265060241,0.40946774193548385,0.5371290322580645,0.4878064516129032,0.007778065321527073,0.011108863695746844,0.012559168239221947,0.009040023152965659,0.010193693028095738,0.009508930280957338,0.31159677419354836,0.508983870967742,0.6188225806451613,0.12377671978235522,0.05776311698406522,0.09266595413913714,83,62,0.6471084337349392,0.6030645161290318,75.13793103448276,145,19
513,513.0,0.43378313253012046,0.5668674698795181,0.5273373493975905,0.41161290322580646,0.5366774193548387,0.4915,0.008288820438380027,0.01108168123094789,0.012446416315865872,0.008954043704474507,0.01016289594172737,0.00937483064516129,0.3140806451612903,0.5075806451612903,0.6228225806451613,0.11970248736883016,0.05928682471822777,0.0954852312475708,83,62,0.6578313253012041,0.5988709677419352,75.3103448275862,145,18
514,514.0,0.43371951219512195,0.5666585365853659,0.5291219512195122,0.4129206349206349,0.535984126984127,0.492015873015873,0.008412104253420583,0.011329200475907197,0.012302838786436643,0.00891794608213656,0.01003138070042832,0.009242523557571172,0.31552380952380954,0.5090793650793651,0.6245873015873017,0.11819570267131241,0.05757917150600078,0.09546535036778947,82,63,0.6602439024390238,0.5847619047619044,75.65517241379311,145,19
515,515.0,0.43343209876543204,0.5658641975308643,0.531395061728395,0.40982258064516125,0.5355000000000001,0.4928064516129032,0.008667257735101358,0.011475450693491844,0.012056066148452982,0.00838295239334027,0.01012708870967742,0.009223898022892817,0.3146612903225807,0.5016451612903227,0.6243548387096775,0.11877080844285132,0.0642190362405416,0.09295977698128244,81,62,0.6485185185185179,0.6024193548387093,75.15384615384616,143,19
516,516.0,0.43480487804878043,0.5672317073170732,0.5321707317073171,0.4098095238095238,0.5360000000000001,0.4914920634920635,0.008714205829863179,0.011486982897085067,0.011957775728732896,0.00824990022675737,0.009981841269841269,0.009184599143361047,0.31485714285714295,0.5003809523809525,0.6229365079365079,0.11994773519163748,0.0668507549361207,0.0907657762291908,82,63,0.6519512195121945,0.6199999999999994,75.77241379310345,145,16
517,517.0,0.4376375,0.5696999999999999,0.534525,0.4097704918032787,0.5352622950819671,0.49367213114754094,0.00859043109375,0.011470310000000001,0.011853074374999998,0.00849817683418436,0.010289603332437515,0.00918441709217952,0.3162295081967214,0.503016393442623,0.6240327868852458,0.1214079918032786,0.06668360655737682,0.08950778688524574,80,61,0.6489999999999994,0.6373770491803274,75.73049645390071,141,17
518,518.0,0.435525641025641,0.5662820512820513,0.5305769230769232,0.4066349206349206,0.5323333333333332,0.49257142857142855,0.008624890368178829,0.011262023011176858,0.011532987672583825,0.00851258100277148,0.0109031746031746,0.009552149659863946,0.31320634920634927,0.5041269841269842,0.6239365079365078,0.12231929181929174,0.062155067155067134,0.09335958485958462,78,63,0.6403846153846148,0.6168253968253966,75.53900709219859,141,20
519,519.0,0.4364556962025316,0.566126582278481,0.530746835443038,0.40441269841269845,0.5248730158730157,0.48999999999999994,0.00858318474603429,0.011121351065534368,0.011389252363403301,0.008687861426051902,0.010083031494079112,0.009937999999999999,0.31157142857142867,0.500952380952381,0.621126984126984,0.12488426763110294,0.06517420132609997,0.09038014868394595,79,63,0.6365822784810122,0.6301587301587298,75.3943661971831,142,19
520,520.0,0.4366103896103895,0.5683766233766234,0.5311038961038961,0.4089032258064516,0.5283064516129031,0.4957258064516129,0.008779406645302749,0.011173715297689322,0.011679807387417777,0.008576893860561915,0.01034698673257024,0.010255231269510926,0.3118709677419355,0.5021612903225806,0.6227096774193547,0.12473942186845399,0.06621533305404281,0.0916057813154586,77,62,0.6438961038961032,0.6482258064516125,74.93525179856115,139,18
521,521.0,0.4370131578947369,0.5698157894736842,0.5289605263157894,0.4136166666666667,0.5281333333333332,0.5010833333333333,0.008468012984764543,0.011326308171745153,0.011779695810249307,0.008133136388888889,0.010585148888888889,0.010155843055555556,0.3206,0.5052166666666666,0.6329499999999999,0.11641315789473689,0.06459912280701752,0.10398947368421052,76,60,0.6371052631578941,0.6541666666666663,73.91176470588235,136,18
522,522.0,0.4370131578947369,0.5698157894736842,0.5289605263157894,0.41421311475409833,0.5290655737704918,0.5023442622950819,0.008468012984764543,0.011326308171745153,0.011779695810249307,0.008021151303413063,0.010463766191883902,0.0100847503359312,0.32159016393442624,0.508672131147541,0.6335081967213114,0.11542299396031064,0.06114365832614321,0.10454767040552204,76,61,0.6151315789473677,0.6918032786885243,74.5036496350365,137,18
523,523.0,0.43795945945945947,0.5711486486486487,0.5319054054054053,0.41421311475409833,0.5290655737704918,0.5023442622950819,0.008617417275383493,0.011508964390065742,0.01172740997078159,0.008021151303413063,0.010463766191883902,0.0100847503359312,0.32159016393442624,0.508672131147541,0.6335081967213114,0.11636929552503322,0.06247651750110772,0.1016027913159061,74,61,0.611621621621621,0.7127868852459014,74.96296296296296,135,18
524,524.0,0.43591780821917814,0.566027397260274,0.5234246575342466,0.4098305084745763,0.523186440677966,0.49735593220338986,0.008823226121223493,0.011646328016513417,0.012393723775567649,0.00770275093363976,0.00964018557885665,0.009603517380063199,0.31437288135593217,0.5000508474576271,0.6286949152542374,0.12154492686324597,0.06597654980264689,0.10527025771999077,73,59,0.6113698630136979,0.7281355932203386,74.97727272727273,132,16
525,525.0,0.4401369863013699,0.567068493150685,0.5226575342465754,0.41215000000000007,0.52425,0.49938333333333335,0.008375762056671046,0.011651433664852691,0.012373841621317317,0.007891794166666667,0.009546254166666664,0.009685969722222222,0.31405,0.5034666666666666,0.6284666666666667,0.12608698630136989,0.06360182648401835,0.10580913242009138,73,60,0.588219178082191,0.7204999999999996,75.5187969924812,133,20
526,526.0,0.4408472222222222,0.5675694444444443,0.521625,0.4124920634920635,0.5230158730158729,0.49744444444444447,0.008106518325617283,0.011467717399691359,0.012161234375,0.007677519778281684,0.009261317208364829,0.009463770723104054,0.3140952380952381,0.5022857142857142,0.6273333333333334,0.12675198412698413,0.06528373015873012,0.1057083333333334,72,63,0.6226388888888883,0.6869841269841267,74.9037037037037,135,18
527,527.0,0.44,0.5693380281690141,0.5230985915492957,0.4146923076923077,0.526846153846154,0.4995076923076924,0.008169014084507042,0.011404026582027377,0.012176173378297957,0.007478613017751479,0.009112160946745562,0.008838280710059172,0.31575384615384616,0.5014461538461539,0.6224307692307693,0.12424615384615384,0.06789187432286026,0.09933217768147362,71,65,0.6025352112676049,0.6947692307692304,74.61764705882354,136,18
528,528.0,0.43890277777777775,0.5699999999999998,0.5248611111111111,0.413734375,0.52715625,0.49964062500000006,0.00809908777006173,0.011370277777777778,0.01138761959876543,0.007535820068359376,0.0092482880859375,0.008975230224609375,0.317125,0.500890625,0.62996875,0.12177777777777776,0.0691093749999998,0.10510763888888885,72,64,0.6134722222222214,0.6760937499999995,74.69852941176471,136,19
529,529.0,0.43878378378378374,0.5732837837837838,0.5261621621621622,0.4113134328358209,0.5257910447761194,0.49876119402985075,0.007960980277574874,0.011517392439737035,0.011340676406135864,0.007358722655379817,0.008927090666072621,0.009079196703051903,0.31526865671641785,0.5016119402985076,0.631955223880597,0.12351512706736589,0.07167184348527611,0.10579306171843483,74,67,0.6037837837837832,0.6423880597014922,74.93617021276596,141,21
530,530.0,0.43435211267605633,0.569154929577465,0.5246901408450704,0.4076363636363636,0.5223333333333333,0.4986515151515152,0.0078083971434239246,0.011466328109502082,0.011567058916881569,0.00718374655647383,0.008364525252525254,0.009154863406795227,0.3108484848484848,0.5053484848484848,0.6213030303030304,0.12350362782757152,0.06380644472898023,0.09661288945795998,71,66,0.6057746478873233,0.6695454545454541,74.69343065693431,137,18
531,531.0,0.43364705882352933,0.5671323529411766,0.5221911764705883,0.4064920634920635,0.5231428571428572,0.49712698412698414,0.007864875432525953,0.011472644247404844,0.01183086051038062,0.007300726127488034,0.009231265306122451,0.008802650541698164,0.31274603174603166,0.5065079365079365,0.6176825396825398,0.12090102707749767,0.060624416433240125,0.09549136321195151,68,63,0.5858823529411759,0.7238095238095235,73.97709923664122,131,16
532,532.0,0.4357121212121212,0.5700909090909091,0.523439393939394,0.4079047619047619,0.5244126984126984,0.49846031746031744,0.00794893227731864,0.011513415977961433,0.011714458448117537,0.0070501179138322,0.009168337616528095,0.008632534139581757,0.3209523809523809,0.5176825396825397,0.6224126984126984,0.11475974025974034,0.05240836940836935,0.09897330447330444,66,63,0.6010606060606054,0.7298412698412695,74.68217054263566,129,14
533,533.0,0.4357121212121212,0.5700909090909091,0.523439393939394,0.4079047619047619,0.5244126984126984,0.49846031746031744,0.00794893227731864,0.011513415977961433,0.011714458448117537,0.0070501179138322,0.009168337616528095,0.008632534139581757,0.3209523809523809,0.5176825396825397,0.6224126984126984,0.11475974025974034,0.05240836940836935,0.09897330447330444,66,63,0.6189393939393933,0.7177777777777775,75.68217054263566,129,16
534,534.0,0.4340746268656716,0.5680149253731342,0.5207611940298508,0.4045,0.5179193548387098,0.4980645161290322,0.00833502428157719,0.011520940075740697,0.011747107150813098,0.007245120967741936,0.008879138657648283,0.008427511966701351,0.31187096774193546,0.5106935483870968,0.6131612903225807,0.12220365912373615,0.05732137698603745,0.09240009629272994,67,62,0.6367164179104471,0.7085483870967739,74.75968992248062,129,14
535,535.0,0.42934848484848487,0.5664242424242424,0.5239848484848486,0.4045,0.5179193548387098,0.4980645161290322,0.008471196740128558,0.011800607897153351,0.012185196740128556,0.007245120967741936,0.008879138657648283,0.008427511966701351,0.31187096774193546,0.5106935483870968,0.6131612903225807,0.11747751710654941,0.05573069403714559,0.0891764418377321,66,62,0.6495454545454539,0.7175806451612899,74.6484375,128,14
536,536.0,0.4304242424242423,0.5643939393939393,0.5222121212121213,0.4026290322580645,0.5173548387096776,0.5018064516129032,0.00831760789715335,0.012273299357208448,0.012485136822773185,0.007310426899063477,0.00828174505723205,0.00811238189386056,0.3145806451612903,0.5088709677419355,0.6261129032258065,0.11584359726295201,0.055522971652003816,0.10390078201368513,66,62,0.6413636363636356,0.6791935483870964,73.46875,128,16
537,537.0,0.42476190476190473,0.5578888888888889,0.5146984126984128,0.4044769230769231,0.5183538461538463,0.4983846153846154,0.007767165532879819,0.011917051146384482,0.011825829680020153,0.007497049467455622,0.007960105562130178,0.008004575147928994,0.3121076923076923,0.5122153846153846,0.6168769230769231,0.11265421245421242,0.04567350427350425,0.10217851037851033,63,65,0.641746031746031,0.6510769230769227,73.140625,128,18
538,538.0,0.4260999999999999,0.5572999999999999,0.5062833333333333,0.4036875,0.5158437499999999,0.49506249999999996,0.007569690000000001,0.011777609999999999,0.010816336388888891,0.007573683593750001,0.0076749443359375,0.007412277343749999,0.31178125,0.50953125,0.617421875,0.11431874999999991,0.047768749999999915,0.1111385416666667,60,64,0.643166666666666,0.6442187499999996,72.96774193548387,124,21
539,539.0,0.4260999999999999,0.5572999999999999,0.5062833333333333,0.4036875,0.5158437499999999,0.49506249999999996,0.007569690000000001,0.011777609999999999,0.010816336388888891,0.007573683593750001,0.0076749443359375,0.007412277343749999,0.31178125,0.50953125,0.617421875,0.11431874999999991,0.047768749999999915,0.1111385416666667,60,64,0.6314999999999993,0.6632812499999996,73.96774193548387,124,23
540,540.0,0.4250333333333333,0.5570833333333333,0.5094,0.40024590163934426,0.5210491803278688,0.5002295081967214,0.007423698888888889,0.011769243055555555,0.010533706666666667,0.007646972319269016,0.008878997581295352,0.007795652244020424,0.3151803278688524,0.5319999999999999,0.6170819672131147,0.1098530054644809,0.025083333333333346,0.10768196721311474,60,61,0.6314999999999992,0.648524590163934,73.52066115702479,121,26
541,541.0,0.4274590163934425,0.5590983606557377,0.5114590163934426,0.399241935483871,0.5215322580645162,0.4996774193548388,0.0073276581564095675,0.011267203439935498,0.009743330287557105,0.007585118886576483,0.00875002315296566,0.007688508844953172,0.3173064516129032,0.5319677419354839,0.6178225806451612,0.11015256478053931,0.027130618720253796,0.10636356425171856,61,62,0.6547540983606551,0.6595161290322579,72.86178861788618,123,20
542,542.0,0.4269491525423729,0.5565593220338984,0.5082542372881356,0.3961166666666667,0.5171499999999999,0.5030333333333333,0.007395844872163172,0.010965636311404769,0.009473748922723353,0.00763003638888889,0.00877059416666667,0.008079532222222222,0.3193,0.5228,0.6173,0.10764915254237295,0.03375932203389831,0.10904576271186439,59,60,0.6547457627118637,0.6951666666666664,71.68067226890756,119,16
543,543.0,0.4236440677966102,0.5556101694915254,0.5062033898305084,0.39572131147540984,0.5184918032786885,0.5014262295081968,0.007394500430910658,0.01107589887963229,0.009398806090203961,0.007514332168771836,0.008734840096748187,0.008102047836603062,0.31744262295081965,0.5252786885245901,0.6179836065573769,0.10620144484579053,0.030331480966935276,0.11178021672686855,59,61,0.6316949152542366,0.6714754098360651,71.98333333333333,120,22
544,544.0,0.42427586206896545,0.5575517241379311,0.5067413793103449,0.3943333333333333,0.518968253968254,0.5022063492063492,0.007405337693222355,0.011096868014268728,0.00968281242568371,0.0075637142857142865,0.009137998992189469,0.008362354245401863,0.31612698412698415,0.5197936507936508,0.6148253968253967,0.1081488779419813,0.037758073344280274,0.10808401751505181,58,63,0.6212068965517236,0.6587301587301584,71.67768595041322,121,24
545,545.0,0.42427586206896545,0.5575517241379311,0.5067413793103449,0.394046875,0.51925,0.502375,0.007405337693222355,0.011096868014268728,0.00968281242568371,0.007450700927734377,0.00900021875,0.008233484374999999,0.317640625,0.5136562499999999,0.6175468749999999,0.10663523706896544,0.043895474137931156,0.11080549568965503,58,64,0.624482758620689,0.6545312499999996,72.5327868852459,122,26
546,546.0,0.42457142857142854,0.5547678571428571,0.5045892857142856,0.3935692307692308,0.5194000000000001,0.5029846153846155,0.007620994897959184,0.01126692825255102,0.009665742028061223,0.007350675976331361,0.008863193846153845,0.008130599763313609,0.31880000000000003,0.5134,0.6174615384615384,0.10577142857142852,0.04136785714285718,0.11287225274725277,56,65,0.6164285714285708,0.6578461538461534,72.95867768595042,121,29
547,547.0,0.4238181818181817,0.5548363636363636,0.5063454545454547,0.388820895522388,0.5172985074626867,0.5015970149253731,0.007727785123966941,0.01147151867768595,0.00966877157024793,0.007946296279795055,0.008819791490309646,0.007961822677656494,0.315,0.5146567164179104,0.6102835820895521,0.1088181818181817,0.04017964721845313,0.10393812754409748,55,67,0.5999999999999993,0.6605970149253728,73.32786885245902,122,31
548,548.0,0.42246296296296293,0.5527037037037037,0.5078148148148147,0.3926571428571428,0.5216714285714287,0.5043142857142857,0.007815804183813443,0.011652319615912211,0.00990241015089163,0.008059682448979595,0.00887750632653061,0.008187872653061224,0.3187714285714286,0.5204857142857142,0.6068571428571428,0.10369153439153433,0.03221798941798948,0.09904232804232804,54,70,0.6118518518518513,0.6595714285714281,72.39516129032258,124,28
549,549.0,0.42375925925925917,0.5548333333333333,0.5117407407407406,0.3931449275362318,0.521144927536232,0.5047246376811593,0.007846627229080931,0.011506361111111115,0.01037526611796982,0.008159834068473011,0.008986761604704895,0.008294750262549883,0.3186666666666666,0.5248840579710145,0.6079565217391304,0.10509259259259257,0.02994927536231884,0.09621578099838979,54,69,0.6138888888888884,0.6599999999999997,72.41463414634147,123,31
550,550.0,0.42169230769230764,0.5556923076923077,0.5118846153846153,0.39588888888888885,0.5243472222222222,0.5045555555555555,0.008031905325443789,0.011830905325443786,0.010041294378698221,0.008878959876543212,0.009030282214506172,0.007962385802469135,0.31775,0.5336111111111111,0.6150555555555557,0.10394230769230767,0.02208119658119656,0.10317094017094042,52,72,0.6151923076923069,0.6690277777777773,72.36290322580645,124,28
551,551.0,0.4239999999999999,0.5575,0.5131346153846154,0.3942571428571429,0.5261857142857144,0.5030142857142857,0.007935692307692309,0.01192998076923077,0.010041270340236684,0.009490048163265307,0.009273694081632653,0.008039328367346936,0.31070000000000003,0.5304428571428571,0.6170142857142856,0.11329999999999985,0.02705714285714289,0.10387967032967027,52,70,0.6117307692307685,0.6955714285714282,71.97540983606558,122,26
552,552.0,0.4276530612244898,0.5680816326530612,0.5191020408163265,0.3973,0.5304000000000001,0.5063714285714286,0.00807981840899625,0.010660074968763016,0.009415071220324861,0.009348381428571428,0.008988868571428572,0.008360319183673469,0.3082571428571428,0.5322142857142858,0.6197857142857142,0.11939591836734703,0.03586734693877547,0.10068367346938767,49,70,0.6679591836734687,0.7018571428571427,72.16806722689076,119,25
553,553.0,0.4220208333333333,0.5591458333333333,0.5228541666666667,0.3942463768115942,0.5259565217391304,0.5012463768115942,0.008223520399305555,0.01013124956597222,0.009171124565972221,0.00926685234194497,0.00853598361688721,0.00834398277672758,0.2970579710144928,0.5156956521739131,0.6076376811594203,0.12496286231884046,0.04345018115942023,0.08478351449275356,48,69,0.698541666666666,0.6881159420289852,70.0,117,23
554,554.0,0.41863043478260864,0.5522391304347826,0.5191521739130434,0.3957352941176471,0.5280882352941177,0.5030441176470589,0.00796079820415879,0.009405834120982986,0.008896563799621929,0.009250165224913495,0.008347962802768165,0.008243689230103806,0.29708823529411765,0.5209705882352941,0.6101617647058823,0.12154219948849099,0.03126854219948849,0.09100959079283899,46,68,0.6793478260869559,0.7174999999999996,69.74561403508773,114,22
555,555.0,0.42727659574468085,0.5583404255319149,0.5222340425531914,0.3937,0.5248,0.5047000000000001,0.009580838388411044,0.00968188411045722,0.008671413309189677,0.009131181428571429,0.007964788571428572,0.008564095714285711,0.29311428571428566,0.5156142857142858,0.610642857142857,0.1341623100303952,0.04272613981762907,0.08840881458966565,47,70,0.6746808510638291,0.6984285714285713,69.58119658119658,117,21
556,556.0,0.4299148936170212,0.5549787234042554,0.5218297872340424,0.3951549295774648,0.5245211267605635,0.5072816901408452,0.009936503395201449,0.009498063377093705,0.00866537528293345,0.009150750644713353,0.007858052370561397,0.008910033326720888,0.29405633802816894,0.5150281690140845,0.6120985915492956,0.13585855558885224,0.03995055439017081,0.09026880431525319,47,71,0.6523404255319142,0.6963380281690137,70.0677966101695,118,24
557,557.0,0.42348936170212764,0.5496595744680851,0.5167659574468084,0.39251388888888894,0.523875,0.5063749999999999,0.011076420099592577,0.00882060751471254,0.008455711181530103,0.009626888695987655,0.0077031649305555555,0.00884637326388889,0.29295833333333327,0.5126111111111111,0.6202222222222222,0.13053102836879438,0.03704846335697398,0.10345626477541381,47,72,0.6836170212765951,0.7041666666666663,70.4873949579832,119,21
558,558.0,0.42361702127659573,0.5481702127659573,0.514063829787234,0.39106756756756755,0.5205135135135135,0.5074729729729729,0.011074746944318698,0.00869226889995473,0.00831474060660933,0.009542576515704896,0.008268574141709277,0.00885524926953981,0.29622972972972966,0.5080810810810811,0.6205405405405404,0.12738729154686607,0.04008913168487627,0.10647671075330645,47,74,0.6674468085106378,0.7143243243243239,70.71900826446281,121,21
559,559.0,0.4186122448979592,0.5455102040816326,0.5125306122448979,0.3904736842105263,0.5202631578947369,0.5044210526315789,0.011213951686797168,0.008531351936693044,0.00806612661391087,0.009391512465373961,0.008438588642659279,0.009232638504155125,0.2972236842105263,0.5042236842105263,0.6184736842105263,0.12138856068743287,0.04128651987110632,0.10594307196562835,49,76,0.6536734693877545,0.7339473684210522,71.224,125,17
560,560.0,0.41853061224489796,0.5436122448979591,0.5149387755102041,0.3894133333333333,0.5182,0.5040666666666666,0.011206208246563933,0.00818615576842982,0.00808185339441899,0.009554482488888889,0.00872744,0.009302462222222222,0.29252000000000006,0.5066533333333334,0.6172533333333334,0.1260106122448979,0.03695891156462572,0.10231455782312937,49,75,0.6328571428571423,0.7643999999999997,71.83870967741936,124,16
561,561.0,0.41854166666666665,0.5441250000000001,0.5180625,0.3916081081081081,0.5167702702702702,0.5034189189189189,0.010959664930555557,0.008019192708333333,0.008730433593749998,0.009322319393718043,0.008692068845872898,0.009396702885317751,0.2963783783783784,0.5061756756756756,0.6185405405405405,0.12216328828828826,0.03794932432432452,0.10047804054054055,48,74,0.6331249999999994,0.7835135135135132,71.85245901639344,122,16
562,562.0,0.417608695652174,0.5448478260869565,0.5165434782608695,0.3924109589041096,0.5174931506849315,0.502945205479452,0.010879586011342153,0.008346172495274102,0.009035465500945179,0.009391639331957215,0.008893702007881404,0.009673586038656406,0.29100000000000004,0.5045890410958904,0.6127397260273973,0.12660869565217397,0.040258784991066054,0.0961962477665278,46,73,0.5947826086956516,0.8234246575342462,72.08403361344538,119,16
563,563.0,0.4167954545454545,0.5434772727272728,0.5107045454545455,0.3912876712328767,0.5190958904109588,0.5031369863013698,0.010511980888429754,0.007960704028925618,0.008565844524793389,0.009708067930193284,0.008682799024207167,0.009654775755301182,0.2897534246575343,0.5048904109589042,0.6142328767123287,0.12704202988792024,0.03858686176836856,0.10352833125778327,44,73,0.6179545454545449,0.8212328767123284,72.52991452991454,117,18
564,564.0,0.4153777777777778,0.544,0.5094666666666666,0.3946756756756757,0.5225405405405406,0.5053243243243243,0.010366812839506174,0.00779582222222222,0.008442915555555555,0.009368327246165086,0.008384518626734843,0.009570219138056975,0.2879054054054054,0.5149054054054054,0.6188513513513513,0.1274723723723724,0.029094594594594625,0.10938468468468465,45,74,0.6157777777777772,0.8356756756756754,73.26050420168067,119,16
565,565.0,0.4132173913043478,0.5431739130434783,0.5097608695652174,0.39721333333333336,0.52296,0.50604,0.010351474480151229,0.007657056710775046,0.008263268903591681,0.009454994488888889,0.008295665066666668,0.009443558400000001,0.2955733333333333,0.5186533333333333,0.6192133333333334,0.11764405797101452,0.024520579710144985,0.10945246376811602,46,75,0.6023913043478255,0.8242666666666661,73.88429752066116,121,17
566,566.0,0.41617777777777776,0.5447777777777778,0.5135777777777778,0.3976986301369863,0.521041095890411,0.5075342465753424,0.010178368395061728,0.007708883950617283,0.007776732839506172,0.009561196847438546,0.00831636817414149,0.00961855019703509,0.2951780821917808,0.5148356164383562,0.6205890410958904,0.12099969558599694,0.029942161339421625,0.10701126331811261,45,73,0.6037777777777772,0.8432876712328763,74.00847457627118,118,16
567,567.0,0.41971111111111115,0.5504444444444444,0.5170666666666667,0.4025342465753425,0.5259041095890412,0.5085479452054794,0.010302427654320987,0.006993624691358021,0.00784077333333333,0.009020248827172077,0.0076929634077688115,0.009569069619065491,0.29475342465753424,0.5277123287671234,0.6251095890410959,0.12495768645357691,0.02273211567732103,0.10804292237442925,45,73,0.6084444444444439,0.8550684931506844,73.04237288135593,118,14
568,568.0,0.4223469387755102,0.5541020408163265,0.5226122448979592,0.4023561643835617,0.524890410958904,0.5063013698630137,0.011043859225322784,0.0068255201999167,0.008557012911286964,0.00899529780446613,0.007531577031337961,0.009207032463876899,0.299027397260274,0.5252328767123289,0.6254657534246575,0.12331954151523622,0.028869164103997647,0.10285350852669828,49,73,0.614897959183673,0.7846575342465749,72.28688524590164,122,20
569,569.0,0.4083846153846154,0.5496346153846156,0.5196153846153847,0.4010416666666667,0.5265416666666667,0.5055972222222223,0.011668852071005915,0.0072223472633136075,0.009071582840236686,0.008848595486111112,0.007981026041666665,0.009166101658950617,0.29468055555555556,0.5241666666666667,0.6231805555555555,0.11370405982905984,0.025467948717948885,0.10356517094017081,52,72,0.6265384615384613,0.7537499999999996,71.60483870967742,124,20
570,570.0,0.4083846153846154,0.5496346153846156,0.5196153846153847,0.3962571428571429,0.5245857142857143,0.5031714285714286,0.011668852071005915,0.0072223472633136075,0.009071582840236686,0.008237133877551019,0.008067871224489796,0.008860942040816326,0.2961285714285714,0.5223142857142857,0.6297714285714288,0.112256043956044,0.027320329670329824,0.11015604395604406,52,70,0.6065384615384609,0.7518571428571424,71.93442622950819,122,22
571,571.0,0.4029019607843137,0.5423333333333334,0.5160588235294118,0.39838028169014095,0.5242816901408451,0.5015070422535212,0.011043304113802386,0.005869555555555555,0.008404486735870817,0.008313108906962904,0.008049441777425113,0.008968306288434834,0.2959859154929578,0.5129154929577465,0.6281267605633803,0.1069160452913559,0.029417840375586923,0.11206793703396856,51,71,0.6482352941176467,0.7250704225352109,72.62295081967213,122,22
572,572.0,0.4024399999999999,0.5403600000000001,0.5134400000000001,0.39686764705882355,0.5236176470588234,0.5018235294117648,0.0112532864,0.0057883503999999995,0.0082228064,0.008298585423875432,0.00811788321799308,0.009048821799307957,0.2982205882352941,0.5178235294117648,0.6291911764705883,0.10421941176470578,0.02253647058823527,0.11575117647058819,50,68,0.6309999999999996,0.7504411764705878,72.2457627118644,118,23
573,573.0,0.40220754716981133,0.5409245283018868,0.5193207547169812,0.3949285714285715,0.5216714285714286,0.5047571428571428,0.010908768244927022,0.005587541473834104,0.008566293342826627,0.008191637755102043,0.007720592040816324,0.009458841020408162,0.29500000000000004,0.5137285714285715,0.6221428571428571,0.10720754716981129,0.02719595687331522,0.10282210242587586,53,70,0.654716981132075,0.6975714285714284,72.28455284552845,123,22
574,574.0,0.4006415094339623,0.541509433962264,0.5186603773584907,0.3944285714285715,0.5223857142857142,0.5060428571428571,0.011134041295834817,0.005584363118547526,0.008502224279102882,0.008291816326530614,0.007657694081632652,0.009298383877551022,0.2959714285714286,0.5180714285714286,0.6262714285714286,0.10467008086253371,0.023438005390835404,0.1076110512129379,53,70,0.6562264150943391,0.6801428571428566,72.29268292682927,123,26
575,575.0,0.4006415094339623,0.541509433962264,0.5186603773584907,0.3944285714285715,0.5223857142857142,0.5060428571428571,0.011134041295834817,0.005584363118547526,0.008502224279102882,0.008291816326530614,0.007657694081632652,0.009298383877551022,0.2959714285714286,0.5180714285714286,0.6262714285714286,0.10467008086253371,0.023438005390835404,0.1076110512129379,53,70,0.664528301886792,0.7029999999999997,73.29268292682927,123,25
576,576.0,0.39967924528301896,0.537245283018868,0.5150754716981133,0.3945277777777778,0.5240277777777778,0.5062222222222222,0.01125463296546814,0.006790071911712354,0.008637503737985046,0.008101943672839507,0.007587193672839506,0.009055283950617284,0.2979583333333334,0.5131249999999999,0.6285833333333333,0.10172091194968558,0.02412028301886804,0.11350786163521998,53,72,0.6616981132075467,0.7001388888888884,74.36,125,26
577,577.0,0.3979272727272728,0.5365636363636364,0.5135636363636364,0.3975211267605635,0.5243661971830984,0.5066478873239437,0.010939158347107441,0.006880209586776858,0.008788718677685948,0.007570925609998017,0.007685809561594923,0.009169777425114062,0.3011830985915493,0.5129436619718309,0.6310281690140843,0.0967441741357235,0.02361997439180541,0.11746453265044787,55,71,0.6801818181818179,0.7115492957746474,74.74603174603175,126,22
578,578.0,0.4012142857142857,0.5392321428571428,0.5126428571428571,0.3973428571428572,0.5238285714285713,0.5058714285714285,0.011338061224489798,0.007148999681122448,0.008678408163265306,0.007676825306122451,0.007775084897959182,0.009257969183673467,0.2996428571428571,0.5124285714285713,0.6295999999999999,0.10157142857142859,0.026803571428571482,0.11695714285714287,56,70,0.6698214285714281,0.7318571428571424,74.94444444444444,126,23
579,579.0,0.40547368421052626,0.5416842105263158,0.5121228070175439,0.39852857142857145,0.5234714285714285,0.5051714285714285,0.012155126500461683,0.00736028624192059,0.008541300707910126,0.007796734897959183,0.007758049183673466,0.009263599183673468,0.2988714285714286,0.5143571428571428,0.6262285714285714,0.10660225563909764,0.027327067669172922,0.11410576441102749,57,70,0.6780701754385959,0.7229999999999993,75.20472440944881,127,22
580,580.0,0.40253448275862064,0.5393793103448276,0.5102241379310345,0.3971428571428571,0.5245571428571427,0.5065142857142856,0.012437972948870394,0.007536200951248515,0.008599518727705112,0.007775493877551022,0.007953446734693876,0.00915927836734694,0.2967571428571428,0.5171571428571428,0.6255571428571426,0.10577733990147786,0.022222167487684796,0.1153330049261081,58,70,0.6734482758620683,0.6952857142857138,75.1953125,128,25
581,581.0,0.4043103448275862,0.5439655172413793,0.5157931034482758,0.39824657534246577,0.527150684931507,0.5128767123287671,0.013134386444708683,0.008694929845422118,0.00930668133174792,0.008283637830737474,0.008053634828297991,0.00949876562206793,0.29513698630136986,0.5248904109589041,0.6238356164383562,0.10917335852621635,0.019075106282475218,0.10804251299008039,58,73,0.6475862068965511,0.6873972602739721,74.94656488549619,131,24
582,582.0,0.39891379310344827,0.5428793103448275,0.513155172413793,0.395169014084507,0.5270281690140844,0.514887323943662,0.014635837395957196,0.008794692330558858,0.009702234542211651,0.008198365800436423,0.008181351319182701,0.009810607022416188,0.29492957746478865,0.5248028169014085,0.6246056338028169,0.10398421563865962,0.018076493443418995,0.11145046138902381,58,71,0.635172413793103,0.7070422535211263,74.66666666666667,129,22
583,583.0,0.3970172413793104,0.5392586206896552,0.5179655172413792,0.3923529411764706,0.528279411764706,0.5164852941176471,0.01494294797859691,0.009200708977407848,0.009624688466111772,0.008385551903114187,0.007944524870242213,0.009714014489619376,0.29382352941176465,0.5233823529411766,0.6270588235294118,0.10319371196754573,0.015876267748478612,0.1090933062880326,58,68,0.6049999999999994,0.7020588235294114,73.71428571428571,126,26
584,584.0,0.3949666666666667,0.5356166666666666,0.5154666666666665,0.3943636363636364,0.5291969696969698,0.5171969696969697,0.014864465555555557,0.009312803055555556,0.009509248888888888,0.008501110192837467,0.0080547036271809,0.009863127869605142,0.2928484848484848,0.5181515151515151,0.626030303030303,0.10211818181818189,0.01746515151515149,0.11056363636363653,60,66,0.5971666666666663,0.7130303030303027,73.82539682539682,126,27
585,585.0,0.3949666666666667,0.5356166666666666,0.5154666666666665,0.39361194029850743,0.5286119402985076,0.5181641791044775,0.014864465555555557,0.009312803055555556,0.009509248888888888,0.008421670305190468,0.007863700155936734,0.009878584985520163,0.2916417910447761,0.5152835820895524,0.6195671641791045,0.10332487562189058,0.020333084577114247,0.104100497512438,60,67,0.6221666666666662,0.724925373134328,74.0,127,23
586,586.0,0.3909,0.5331666666666667,0.51435,0.39280882352941177,0.529529411764706,0.5190147058823529,0.016181523333333336,0.009513172222222224,0.009717860833333333,0.00834103698096886,0.007804455017301037,0.009781779195501729,0.2945,0.5155882352941178,0.6203088235294119,0.09640000000000004,0.017578431372548886,0.10595882352941188,60,68,0.6211666666666662,0.7452941176470583,74.46875,128,21
587,587.0,0.39016949152542374,0.5313728813559323,0.5083389830508475,0.3956376811594203,0.5299855072463768,0.5191014492753624,0.01659868313702959,0.009592742315426601,0.009996427463372592,0.009888086116362112,0.008212101239235454,0.010040091157319887,0.2935942028985507,0.5120579710144928,0.6134927536231883,0.09657528862687303,0.019314910341439506,0.10515377057234088,59,69,0.6337288135593215,0.6975362318840577,73.40625,128,21
588,588.0,0.3952539682539682,0.5323650793650794,0.5059365079365079,0.3942142857142858,0.5291000000000001,0.5130285714285715,0.01660311010330058,0.009182041320231796,0.009672345175107079,0.009874682653061226,0.008379604285714284,0.010266313469387752,0.2887,0.5059857142857144,0.6085571428571427,0.10655396825396818,0.026379365079365003,0.10262063492063478,63,70,0.6223809523809519,0.689428571428571,73.30827067669173,133,20
589,589.0,0.39449999999999996,0.5317580645161291,0.5075,0.39453521126760577,0.5289014084507043,0.5124366197183099,0.016817798387096773,0.009139118886576486,0.009690217741935481,0.009742812140448325,0.008264342392382463,0.01014624598293989,0.28692957746478875,0.5034788732394367,0.6108591549295773,0.10757042253521121,0.028279191276692317,0.10335915492957737,62,71,0.6074193548387091,0.6733802816901405,73.47368421052632,133,23
590,590.0,0.39449999999999996,0.5317580645161291,0.5075,0.3910684931506849,0.5262876712328768,0.507945205479452,0.016817798387096773,0.009139118886576486,0.009690217741935481,0.009328200788140364,0.008328999437042597,0.009340846312629011,0.2886849315068493,0.49402739726027395,0.6101780821917809,0.10581506849315064,0.03773066725585511,0.10267808219178098,62,73,0.5998387096774188,0.6601369863013694,73.72592592592592,135,25
591,591.0,0.3895538461538462,0.5301230769230769,0.5056153846153847,0.3910684931506849,0.5262876712328768,0.507945205479452,0.016773785562130182,0.00904346177514793,0.009420452071005916,0.009328200788140364,0.008328999437042597,0.009340846312629011,0.2886849315068493,0.49402739726027395,0.6101780821917809,0.10086891464699688,0.03609567966280297,0.10456269757639625,65,73,0.6007692307692304,0.6661643835616434,73.67391304347827,138,23
592,592.0,0.3895454545454546,0.5291363636363636,0.5053636363636363,0.38766666666666677,0.5232777777777778,0.5065972222222221,0.01651964187327824,0.008969723829201103,0.009281837465564737,0.009485194444444445,0.007698756172839506,0.009225157214506171,0.27744444444444444,0.49165277777777777,0.6017083333333333,0.11210101010101015,0.037483585858585855,0.09634469696969694,66,72,0.5878787878787874,0.6872222222222217,73.54347826086956,138,21
593,593.0,0.38882812499999997,0.529109375,0.504484375,0.3887464788732395,0.5251549295774649,0.5096338028169014,0.016727892333984376,0.009232003662109375,0.009542937255859373,0.009534837135488994,0.007553483039079548,0.008691189843285062,0.2789577464788732,0.49826760563380285,0.6035915492957745,0.10987037852112674,0.030841769366197147,0.09910717429577454,64,71,0.5907812499999995,0.7150704225352108,74.08888888888889,135,20
594,594.0,0.3881774193548388,0.5292903225806452,0.5059677419354839,0.38925000000000004,0.5253055555555556,0.5107777777777778,0.017156371748178984,0.009390367325702394,0.009334998959417272,0.009420409722222224,0.007450184413580246,0.008663395061728396,0.28150000000000003,0.49899999999999994,0.6040277777777778,0.10667741935483877,0.03029032258064529,0.09806003584229395,62,72,0.6162903225806446,0.7291666666666662,74.44776119402985,134,18
595,595.0,0.3872258064516129,0.5294677419354838,0.5057258064516129,0.3893600000000001,0.5258933333333333,0.5107733333333333,0.017112981269510923,0.009398926378772115,0.009328392559833507,0.0090922304,0.007365135288888888,0.008541988622222224,0.28470666666666666,0.5036266666666667,0.6044666666666667,0.10251913978494626,0.025841075268817182,0.0987408602150538,62,75,0.6224193548387092,0.6974666666666662,74.05839416058394,137,19
596,596.0,0.3905081967213115,0.5300983606557377,0.5071147540983606,0.3928904109589041,0.5301369863013699,0.5113835616438356,0.01672552862133835,0.00952835098091911,0.009361708142972318,0.008925878401200979,0.007427488084068305,0.008560291236629762,0.29512328767123286,0.5102739726027398,0.605917808219178,0.09538490905007863,0.01982438805299791,0.09880305412081736,61,73,0.6103278688524585,0.7119178082191776,74.7089552238806,134,22
597,597.0,0.3965573770491803,0.5292622950819673,0.5064754098360655,0.3915833333333334,0.5283888888888888,0.5113055555555556,0.01612021392098898,0.009443373824240793,0.009294314969094327,0.008909965277777779,0.00740420987654321,0.008361406635802468,0.29508333333333336,0.5069027777777778,0.6039583333333334,0.10147404371584695,0.022359517304189502,0.09748292349726784,61,72,0.599508196721311,0.7619444444444441,75.04511278195488,133,18
598,598.0,0.39660317460317457,0.5288253968253969,0.5079523809523809,0.39130666666666664,0.525,0.5116666666666667,0.01563903300579491,0.009191699672461577,0.00921693424036281,0.008543252622222225,0.007361466666666668,0.008078062222222222,0.2925066666666667,0.5064933333333334,0.60516,0.10409650793650788,0.022332063492063514,0.0972076190476191,63,75,0.5896825396825391,0.720933333333333,74.80434782608695,138,19
599,599.0,0.3980483870967741,0.5328387096774194,0.5118870967741935,0.3873896103896104,0.5230000000000001,0.5119870129870129,0.015848755723204995,0.009602651404786682,0.00985190660770031,0.009262081969978075,0.007322623376623376,0.007884973857311517,0.29353246753246753,0.5050259740259739,0.6061948051948052,0.10451591956430656,0.027812735651445486,0.09430770842061165,62,77,0.587096774193548,0.6941558441558437,73.9136690647482,139,21
600,600.0,0.3980483870967741,0.5328387096774194,0.5118870967741935,0.3873896103896104,0.5230000000000001,0.5119870129870129,0.015848755723204995,0.009602651404786682,0.00985190660770031,0.009262081969978075,0.007322623376623376,0.007884973857311517,0.29353246753246753,0.5050259740259739,0.6061948051948052,0.10451591956430656,0.027812735651445486,0.09430770842061165,62,77,0.57516129032258,0.7066233766233763,74.9136690647482,139,23
601,601.0,0.394390625,0.530578125,0.510640625,0.388625,0.5292222222222223,0.5154305555555556,0.015768738037109375,0.009462306396484377,0.009880198974609372,0.009584651041666666,0.006950450617283951,0.00723018962191358,0.2953611111111111,0.5142638888888889,0.6079027777777778,0.09902951388888892,0.016314236111111158,0.09726215277777783,64,72,0.5831249999999994,0.7224999999999996,74.3970588235294,136,16
602,602.0,0.394390625,0.530578125,0.510640625,0.3862777777777777,0.5295694444444445,0.5177638888888888,0.015768738037109375,0.009462306396484377,0.009880198974609372,0.009795672839506173,0.00690468962191358,0.007050069251543209,0.2919583333333333,0.5150972222222223,0.6107083333333334,0.10243229166666667,0.015480902777777694,0.10006770833333345,64,72,0.5685937499999996,0.7499999999999996,74.69117647058823,136,16
603,603.0,0.3946612903225806,0.527,0.5121290322580646,0.3844324324324324,0.5312162162162164,0.5158378378378378,0.01631809495317378,0.009111,0.009438434963579602,0.009333515704894085,0.0067999802775748725,0.006654054784514243,0.2886891891891892,0.5122432432432433,0.6121891891891892,0.10597210113339145,0.014756756756756695,0.10006015693112458,62,74,0.5775806451612899,0.7286486486486483,73.19117647058823,136,18
604,604.0,0.3946612903225806,0.527,0.5121290322580646,0.38930555555555557,0.5337361111111112,0.5154722222222223,0.01631809495317378,0.009111,0.009438434963579602,0.009900489969135803,0.006740972029320987,0.006885638117283949,0.2861388888888889,0.5355416666666666,0.6055694444444444,0.10852240143369174,0.008541666666666559,0.09344041218637977,62,72,0.5769354838709672,0.7302777777777774,72.27611940298507,134,20
605,605.0,0.39470000000000005,0.5264500000000001,0.5073166666666666,0.38891549295774647,0.5339295774647889,0.5160704225352112,0.016606776666666666,0.009302647500000002,0.008983116388888887,0.010028978774052767,0.0068332203927792086,0.006956854195596111,0.286056338028169,0.5366901408450705,0.6117323943661972,0.10864366197183106,0.010240140845070411,0.10441572769953056,60,71,0.5868333333333327,0.7429577464788728,72.41221374045801,131,20
606,606.0,0.398135593220339,0.5258644067796611,0.5048813559322034,0.3859714285714286,0.532857142857143,0.5162857142857142,0.016388320597529447,0.009440930767020971,0.00923830795748348,0.009793542040816328,0.006926322448979592,0.006755089795918366,0.27902857142857146,0.5318428571428573,0.6137999999999999,0.11910702179176752,0.005978450363196219,0.1089186440677965,59,70,0.6018644067796605,0.7617142857142853,71.64341085271317,129,19
607,607.0,0.39798305084745766,0.5314745762711864,0.5087627118644068,0.3869275362318841,0.5333768115942029,0.5140434782608695,0.01681344039069233,0.01022750359092215,0.009143265728239012,0.009871487502625497,0.007007800042007981,0.0065010560806553225,0.27894202898550724,0.5307246376811595,0.6148405797101449,0.11904102186195042,0.0007499385900269218,0.10607786784573814,59,69,0.6023728813559317,0.7485507246376808,70.6171875,128,19
608,608.0,0.396457627118644,0.5289152542372882,0.5128983050847458,0.38702739726027396,0.5328630136986301,0.5156849315068492,0.016942756679115194,0.010013297902901466,0.009326294742889972,0.009956848564458623,0.006895022330643648,0.006244818540063801,0.27663013698630134,0.5286575342465754,0.6204246575342466,0.11982749013234267,0.0002577199907128902,0.10752635244950082,59,73,0.5742372881355928,0.725616438356164,69.1969696969697,132,20
609,609.0,0.3907413793103449,0.5300344827586208,0.5142068965517241,0.38770270270270274,0.5334054054054054,0.516027027027027,0.01581632966706302,0.010102481569560048,0.009121819262782402,0.009855587289992697,0.006823322132943755,0.0061689722425127816,0.27785135135135136,0.5269459459459459,0.6183783783783785,0.11289002795899356,0.003088536812674847,0.10417148182665437,58,74,0.5977586206896547,0.7332432432432429,68.71212121212122,132,17
610,610.0,0.3907413793103449,0.5300344827586208,0.5142068965517241,0.3852972972972973,0.5311621621621623,0.5164729729729729,0.01581632966706302,0.010102481569560048,0.009121819262782402,0.009959019722425128,0.00703546018991965,0.006089816837107377,0.2775,0.5205945945945946,0.6195,0.11324137931034489,0.009439888164026189,0.10529310344827592,58,74,0.5837931034482754,0.7389189189189185,69.62121212121212,132,19
611,611.0,0.38606557377049183,0.5270819672131148,0.5164098360655738,0.3871066666666667,0.53288,0.519,0.015422061273851116,0.009937583445310401,0.008601815640956733,0.01006849528888889,0.007160025599999999,0.006481173333333331,0.27729333333333334,0.52408,0.62056,0.1087722404371585,0.0030019672131148534,0.10415016393442622,61,75,0.597540983606557,0.7138666666666663,69.02941176470588,136,18
612,612.0,0.3874237288135593,0.5274915254237288,0.5145593220338983,0.3877894736842105,0.5319736842105263,0.5219473684210527,0.01573353231829934,0.010210249928181559,0.008798958345303072,0.010016981994459833,0.007099236149584486,0.0066814182825484765,0.2758157894736842,0.5248815789473684,0.6243289473684211,0.11160793933987512,0.0026099464763603697,0.10976962533452284,59,76,0.6044067796610165,0.7051315789473681,68.05185185185185,135,19
613,613.0,0.391864406779661,0.529186440677966,0.5123898305084745,0.38828,0.5328666666666666,0.5243866666666667,0.015283744326343005,0.010144694053432922,0.00901362769319161,0.010154441600000001,0.006979635555555554,0.006650183822222222,0.27027999999999996,0.5208266666666667,0.6304133333333333,0.12158440677966104,0.008359774011299392,0.11802350282485874,59,75,0.6267796610169486,0.6863999999999996,68.1044776119403,134,21
614,614.0,0.3881166666666666,0.5269833333333334,0.5144333333333333,0.3833066666666667,0.5294666666666666,0.5231600000000001,0.015318703055555554,0.010101683055555557,0.00912497888888889,0.009999732622222224,0.007373955555555556,0.0064939477333333315,0.2687866666666667,0.5108400000000001,0.6331333333333334,0.11932999999999994,0.016143333333333287,0.11870000000000014,60,75,0.6261666666666662,0.6847999999999996,66.65185185185184,135,20
615,615.0,0.39230508474576264,0.5293898305084747,0.5154915254237289,0.3820266666666666,0.52996,0.5202399999999999,0.01582909336397587,0.010422983625395002,0.008988317724791724,0.009829919288888891,0.007367825066666667,0.006162235733333333,0.26752000000000004,0.51184,0.6316666666666667,0.12478508474576261,0.017549830508474695,0.11617514124293782,59,75,0.6294915254237283,0.6938666666666662,67.0223880597015,134,17
616,616.0,0.39124590163934425,0.5325409836065574,0.5136721311475411,0.37932467532467523,0.5286363636363636,0.5199610389610388,0.015385693630744423,0.010406707336737438,0.008883367911851653,0.010197881598920561,0.0073552963400236124,0.006020686793725754,0.26748051948051954,0.511987012987013,0.6297402597402597,0.12376538215882471,0.020553970619544448,0.11606812859271864,61,77,0.6157377049180324,0.6875324675324671,67.6376811594203,138,17
617,617.0,0.386948275862069,0.5318275862068966,0.5190344827586207,0.37475675675675674,0.5271486486486486,0.522027027027027,0.014746980083234244,0.010462763376932225,0.00848565398335315,0.009986778670562454,0.007514180606281959,0.006149918188458728,0.2630540540540541,0.5079729729729731,0.6354189189189189,0.1238942218080149,0.02385461323392357,0.11638443616029814,58,74,0.6118965517241374,0.7155405405405401,66.64393939393939,132,16
618,618.0,0.38775,0.5327666666666667,0.521,0.3764189189189189,0.526445945945946,0.5239594594594595,0.0142748875,0.010500112222222224,0.008555666666666665,0.010106162344777209,0.007450652483564645,0.005869741599707815,0.26636486486486477,0.5066081081081082,0.6345945945945946,0.12138513513513521,0.02615855855855853,0.11359459459459453,60,74,0.601333333333333,0.7066216216216212,66.63432835820896,134,18
619,619.0,0.3902372881355932,0.5350508474576271,0.5227796610169492,0.3714155844155844,0.5245064935064936,0.5205064935064935,0.014145638609594943,0.01036503131284114,0.008510646365986783,0.010421411705177939,0.007261262944847361,0.006151262944847359,0.2652987012987012,0.5073896103896104,0.6335844155844155,0.12493858683689202,0.02766123706801671,0.1108047545674663,59,77,0.6005084745762707,0.7046753246753242,66.56617647058823,136,18
620,620.0,0.3874745762711865,0.5342542372881356,0.5205762711864407,0.37302597402597404,0.5251038961038962,0.5213636363636364,0.013976317150244184,0.010264901465096236,0.008557701809824762,0.010510882442233093,0.00722923595884635,0.006072517119244392,0.268051948051948,0.5044285714285714,0.6393506493506492,0.11942262821923849,0.029825665859564143,0.11877437816420855,59,77,0.5944067796610166,0.7072727272727268,66.70588235294117,136,19
621,621.0,0.38582758620689656,0.5390862068965517,0.5252758620689655,0.37130263157894733,0.5232631578947369,0.5231052631578947,0.013915728894173602,0.009442768430439953,0.008476475624256836,0.010538368940443214,0.007364772853185595,0.0058735415512465375,0.27415789473684204,0.5030394736842105,0.6420131578947368,0.11166969147005451,0.0360467332123412,0.1167372958257713,58,76,0.5912068965517236,0.7164473684210523,65.88805970149254,134,17
622,622.0,0.3820508474576271,0.5372542372881356,0.5260847457627119,0.3716233766233766,0.5217662337662337,0.5242597402597403,0.012837133007756393,0.009080901465096236,0.0081401114622235,0.010408806206780235,0.007365867431270027,0.005770555911620847,0.2794545454545454,0.49846753246753256,0.6436363636363636,0.10259630200308167,0.038786704820603035,0.11755161787365165,59,77,0.5688135593220336,0.7057142857142853,66.61764705882354,136,20
623,623.0,0.380438596491228,0.5374210526315789,0.5247017543859649,0.37248051948051947,0.5200649350649351,0.5251688311688311,0.013096877808556479,0.009397226223453372,0.008342770698676515,0.010413860010119753,0.007380891887333448,0.005812893573958508,0.2782857142857143,0.4964155844155845,0.644155844155844,0.10215288220551372,0.041005468215994434,0.11945408976987915,57,77,0.5610526315789469,0.7228571428571424,67.22388059701493,134,21
624,624.0,0.37798275862068964,0.5372241379310345,0.525603448275862,0.37343589743589745,0.5205512820512821,0.5248333333333333,0.013214844530321046,0.009237415279429251,0.008245273781212842,0.01035063050624589,0.0073044781393819865,0.005747036324786323,0.2758846153846154,0.49623076923076925,0.647025641025641,0.10209814323607425,0.040993368700265265,0.12142219274977895,58,78,0.5498275862068961,0.7188461538461534,67.72058823529412,136,23
625,625.0,0.3786271186440678,0.5372372881355932,0.5262542372881357,0.36711688311688306,0.5183636363636365,0.5221298701298701,0.013003860959494398,0.009139638609594944,0.008342155702384373,0.009291298026648675,0.0071896859504132216,0.005618138977905211,0.2707402597402598,0.4932077922077924,0.6474675324675325,0.107886858903808,0.044029495927800866,0.12121329517939683,59,77,0.5930508474576267,0.6906493506493503,67.63970588235294,136,23
626,626.0,0.37547368421052635,0.5341228070175439,0.5240877192982456,0.3658571428571428,0.5175714285714286,0.5189480519480519,0.012805301939058171,0.008982037550015391,0.008455834410587872,0.009559031539888683,0.007128894248608535,0.005617867431270028,0.2673506493506494,0.5005064935064936,0.6376883116883116,0.10812303485987695,0.03361631351105032,0.11360059239006604,57,77,0.5717543859649117,0.709350649350649,66.77611940298507,134,23
627,627.0,0.3804561403508772,0.5380526315789473,0.5249824561403509,0.36673684210526314,0.5183815789473685,0.519578947368421,0.012436949830717144,0.009240716528162513,0.008459350569405971,0.009379167590027701,0.007191341239612188,0.005620085872576177,0.2680789473684211,0.5056447368421053,0.636144736842105,0.11237719298245613,0.032407894736842024,0.11116228070175416,57,76,0.5701754385964909,0.7311842105263154,66.52631578947368,133,20
628,628.0,0.38177192982456143,0.5382631578947369,0.5273684210526316,0.3657500000000001,0.5158157894736842,0.5196184210526317,0.012443228685749461,0.009291176361957526,0.008959566020313942,0.009475371710526316,0.00695322922437673,0.0056253675554016605,0.2680789473684211,0.5049342105263159,0.6351184210526316,0.11369298245614035,0.03332894736842096,0.10775000000000001,57,76,0.5710526315789469,0.7359210526315786,66.84210526315789,133,19
629,629.0,0.38908771929824565,0.5398070175438596,0.5312631578947369,0.36230666666666667,0.5171733333333334,0.5218533333333334,0.011449308094798398,0.009059489073561097,0.008723421975992613,0.009381412622222224,0.007080809955555556,0.005681725155555556,0.26438666666666666,0.5072400000000001,0.6344933333333334,0.12470105263157899,0.03256701754385949,0.10323017543859647,57,75,0.5810526315789468,0.729333333333333,66.1590909090909,132,19
630,630.0,0.38059016393442624,0.5347213114754099,0.5244098360655738,0.3608026315789474,0.517171052631579,0.5230657894736844,0.012432504165546896,0.00893256167696856,0.009880995968825586,0.009398395256232686,0.006996247056786704,0.005633850934903047,0.2619078947368421,0.5086578947368421,0.6328815789473685,0.11868226919758412,0.026063416738567824,0.10847174288179473,61,76,0.5816393442622947,0.6846052631578944,65.63503649635037,137,21
631,631.0,0.378241935483871,0.5347741935483871,0.5258387096774194,0.3613918918918919,0.5188243243243243,0.5215810810810811,0.012568344693028097,0.008788658688865766,0.009846167533818938,0.009547995069393718,0.006694198867786706,0.0055490542366691,0.2646216216216216,0.5140675675675677,0.6319324324324324,0.11362031386224936,0.020706625980819404,0.10609372275501294,62,74,0.5614516129032253,0.7101351351351346,66.28676470588235,136,22
632,632.0,0.3811904761904762,0.5368571428571428,0.5262698412698413,0.363171052631579,0.5221842105263158,0.524171052631579,0.01290786848072562,0.00891815419501134,0.00970140337616528,0.009460273372576176,0.0069490450138504165,0.005676510214681438,0.2703421052631579,0.5151052631578947,0.6309210526315789,0.11084837092731831,0.021751879699248078,0.1046512113617376,63,76,0.5550793650793646,0.7259210526315786,66.66906474820144,139,19
633,633.0,0.3777727272727273,0.5329545454545456,0.526530303030303,0.3642027027027027,0.5269324324324324,0.530391891891892,0.012794084710743801,0.008468437327823692,0.009077794536271808,0.009557350803506209,0.00698244138056976,0.005299454528853177,0.278027027027027,0.5226486486486487,0.6288378378378379,0.09974570024570034,0.010305896805896886,0.10230753480753485,66,74,0.5471212121212117,0.6939189189189184,65.4,140,19
634,634.0,0.3781692307692308,0.5327076923076923,0.5282307692307693,0.3615135135135136,0.526472972972973,0.5293108108108108,0.012980540591715977,0.008594699171597634,0.009026608284023668,0.00955927684441198,0.007003303323593865,0.0054331871804236655,0.27514864864864863,0.5263513513513514,0.6227162162162163,0.10302058212058218,0.006356340956340967,0.09448544698544703,65,74,0.5330769230769227,0.7020270270270266,66.12949640287769,139,20
635,635.0,0.3753225806451612,0.527467741935484,0.5261935483870966,0.3616666666666667,0.5258133333333334,0.52892,0.012983024973985431,0.008374410249739854,0.009059607700312172,0.009433555555555556,0.006942125155555556,0.005372046933333333,0.27148,0.5260933333333333,0.6200133333333334,0.10384258064516122,0.0013744086021506563,0.09381978494623677,62,75,0.5511290322580641,0.6815999999999995,66.42335766423358,137,22
636,636.0,0.3727096774193548,0.528741935483871,0.5240161290322581,0.3616666666666667,0.5258133333333334,0.52892,0.012669560874089488,0.008688868886576485,0.009014338449531738,0.009433555555555556,0.006942125155555556,0.005372046933333333,0.27148,0.5260933333333333,0.6200133333333334,0.10122967741935479,0.002648602150537749,0.09599720430107528,62,75,0.5445161290322575,0.7189333333333329,66.72262773722628,137,19
637,637.0,0.36730158730158735,0.5206031746031746,0.522015873015873,0.3597972972972973,0.5242837837837838,0.5293243243243243,0.01135932174351222,0.00804376316452507,0.00811760292265054,0.009298945398100803,0.006860473520818116,0.005432381300219137,0.2683783783783784,0.5242567567567568,0.6222567567567567,0.09892320892320894,0.0036535821535821356,0.10024088374088369,63,74,0.575396825396825,0.6952702702702698,66.84671532846716,137,18
638,638.0,0.365375,0.5195624999999999,0.520734375,0.3588767123287671,0.520958904109589,0.529958904109589,0.011415671875,0.007986308593750002,0.008094226318359375,0.009323340964533683,0.006902012009757928,0.0054948339275661465,0.266041095890411,0.5259452054794521,0.6164794520547945,0.09933390410958903,0.006382705479452189,0.09574507705479451,64,73,0.5553124999999994,0.731506849315068,67.22627737226277,137,18
639,639.0,0.36546153846153845,0.5208153846153846,0.5182153846153845,0.3597222222222222,0.5230972222222222,0.5290972222222222,0.01124052544378698,0.007963904378698226,0.00837579976331361,0.009400645061728394,0.00666408777006173,0.0055169488811728385,0.2682083333333333,0.5254444444444445,0.6176944444444445,0.09725320512820512,0.004629059829059923,0.09947905982906002,65,72,0.545538461538461,0.7234722222222217,67.99270072992701,137,21
640,640.0,0.36019696969696974,0.5199090909090909,0.5189242424242425,0.3575416666666667,0.5190833333333332,0.5291944444444445,0.010844279384756655,0.00790020385674931,0.008290463957759411,0.009327081597222222,0.006436020833333334,0.005525962191358024,0.26852777777777775,0.521375,0.6156527777777777,0.09166919191919198,0.0014659090909091566,0.0967285353535352,66,72,0.5393939393939389,0.7134722222222218,68.20289855072464,138,20
641,641.0,0.36150746268656714,0.5191940298507463,0.5193880597014926,0.35893243243243245,0.5177432432432433,0.5276891891891892,0.010829205168188907,0.007935290710625976,0.008138894185787482,0.009173576515704893,0.006162461102994887,0.005490187180423666,0.2708648648648649,0.5277432432432432,0.6106216216216215,0.09064259782170225,0.008549213392496924,0.09123356192012888,67,74,0.5347761194029846,0.6958108108108103,68.33333333333333,141,21
642,642.0,0.3661617647058824,0.5217058823529411,0.5178823529411765,0.3627894736842105,0.5201447368421054,0.5293552631578947,0.010503312067474048,0.00816661937716263,0.007968633217993081,0.009254139889196676,0.006388650103878118,0.005550123788088643,0.27773684210526317,0.537657894736842,0.6107894736842107,0.08842492260061924,0.01595201238390087,0.0929071207430342,68,76,0.5611764705882348,0.6424999999999996,67.89583333333333,144,23
643,643.0,0.3659305555555556,0.51925,0.5205555555555557,0.36320270270270266,0.5195405405405407,0.5302972972972974,0.010623953510802468,0.008379743055555555,0.008009163580246913,0.00946743188458729,0.0065459240321402495,0.005543262965668371,0.2815,0.5357837837837838,0.6137162162162163,0.08443055555555562,0.016533783783783784,0.09316066066066064,72,74,0.5708333333333329,0.6412162162162158,67.91095890410959,146,20
644,644.0,0.3653561643835616,0.5165205479452055,0.5194109589041095,0.36316883116883114,0.5188961038961039,0.5290259740259741,0.010476969037342842,0.007943920810658658,0.008033639331957216,0.009322244223309158,0.00645614504975544,0.005664544779895429,0.2891038961038961,0.5324545454545456,0.6195714285714287,0.07625226827966552,0.015933997509340103,0.10016046966731917,73,77,0.5836986301369858,0.6236363636363633,67.64,150,18
645,645.0,0.3684246575342466,0.5185753424657534,0.5214109589041096,0.3596025641025641,0.5156410256410257,0.5279999999999999,0.010465367611184086,0.007900573090636144,0.007843995496340777,0.009760701019066401,0.006530768573307036,0.005695666666666665,0.28664102564102567,0.5285641025641026,0.6170000000000001,0.08178363189322091,0.009988760098349148,0.0955890410958905,73,78,0.5812328767123283,0.5970512820512816,67.6158940397351,151,19
646,646.0,0.36835135135135133,0.5167297297297297,0.5190945945945946,0.3612368421052632,0.516407894736842,0.5293157894736842,0.010324336011687361,0.00804246749452155,0.008129680241051861,0.009721022853185596,0.006620320463988922,0.005770426592797783,0.2862894736842106,0.5283157894736842,0.6195131578947367,0.08206187766714074,0.011586059743954435,0.1004185633001421,74,76,0.5833783783783779,0.5885526315789469,68.28666666666666,150,20
647,647.0,0.3706351351351352,0.5183918918918918,0.5196891891891892,0.3612368421052632,0.516407894736842,0.5293157894736842,0.010552745252008765,0.00806553560993426,0.008101862856099344,0.009721022853185596,0.006620320463988922,0.005770426592797783,0.2862894736842106,0.5283157894736842,0.6195131578947367,0.08434566145092459,0.009923897581792351,0.09982396870554755,74,76,0.5931081081081077,0.5856578947368418,69.21333333333334,150,21
648,648.0,0.3737599999999999,0.5198799999999999,0.523,0.3612368421052632,0.516407894736842,0.5293157894736842,0.010701675733333332,0.008018932266666667,0.007314586666666669,0.009721022853185596,0.006620320463988922,0.005770426592797783,0.2862894736842106,0.5283157894736842,0.6195131578947367,0.08747052631578933,0.008435789473684285,0.09651315789473669,75,76,0.5925333333333328,0.5735526315789471,69.23841059602648,151,22
649,649.0,0.37145205479452054,0.5206164383561644,0.5212328767123288,0.36268,0.5176533333333332,0.5285733333333333,0.010803316194407954,0.008109250140739351,0.007330178645149185,0.009692350933333331,0.0065907064888888894,0.005805471288888887,0.28976,0.52916,0.6224799999999999,0.08169205479452052,0.008543561643835518,0.10124712328767116,73,75,0.5930136986301365,0.5850666666666662,70.19594594594595,148,23
650,650.0,0.3712894736842105,0.5213815789473685,0.5176973684210526,0.3620945945945946,0.518581081081081,0.5273513513513514,0.010810153047091412,0.007918446502770083,0.007380000519390581,0.009697085646457267,0.006609594777209643,0.0058346873630387135,0.28787837837837843,0.5351216216216216,0.616364864864865,0.08341109530583207,0.013740042674253106,0.09866749644381234,76,74,0.6023684210526311,0.5831081081081078,70.37333333333333,150,19
651,651.0,0.37462666666666666,0.5246400000000001,0.51588,0.36599999999999994,0.5188400000000002,0.52572,0.010777167288888887,0.0077032704,0.0072643455999999995,0.010072453333333333,0.0066858944000000005,0.006105721599999999,0.29272000000000004,0.5407866666666667,0.6148,0.08190666666666663,0.016146666666666643,0.09892000000000001,75,75,0.6143999999999995,0.5837333333333329,70.44666666666667,150,18
652,652.0,0.37422666666666665,0.5254133333333334,0.5179999999999999,0.3652533333333333,0.5174000000000001,0.5240266666666666,0.010779108622222222,0.007655282488888888,0.007417626666666666,0.01002560248888889,0.006789920000000002,0.006093439288888888,0.28975999999999996,0.5423866666666667,0.6147466666666667,0.08446666666666669,0.016973333333333285,0.09674666666666676,75,75,0.6370666666666662,0.5805333333333329,71.18,150,16
653,653.0,0.37392105263157893,0.5252894736842105,0.5184605263157893,0.3658533333333333,0.5169866666666666,0.5242666666666667,0.01064428324099723,0.00755570567867036,0.0073359326523545695,0.010061538488888888,0.006835959822222223,0.006086168888888888,0.29482666666666657,0.5411866666666666,0.6165866666666666,0.07909438596491236,0.015897192982456065,0.0981261403508773,76,75,0.6359210526315785,0.5866666666666662,72.1456953642384,151,15
654,654.0,0.3744666666666666,0.5266400000000001,0.5176533333333332,0.36577027027027026,0.521081081081081,0.5253378378378378,0.010763582222222222,0.0075178304,0.007384226488888889,0.0101880688458729,0.0065257231555880205,0.005861818298027757,0.29420270270270266,0.5470810810810811,0.6102702702702704,0.08026396396396396,0.020441081081081003,0.09261693693693718,75,74,0.632666666666666,0.5952702702702698,72.6241610738255,149,15
655,655.0,0.3739342105263158,0.5276842105263159,0.517407894736842,0.3689166666666667,0.5223749999999999,0.5263333333333333,0.010590903566481995,0.007244452908587257,0.008096583621883657,0.0100919375,0.006642539930555556,0.005833805555555554,0.2975277777777777,0.5509305555555556,0.6093611111111111,0.07640643274853809,0.023246345029239723,0.09195321637426912,76,72,0.6223684210526311,0.5865277777777773,72.19594594594595,148,15
656,656.0,0.3746052631578947,0.5286973684210526,0.5183815789473684,0.3663857142857143,0.5237428571428572,0.5261714285714286,0.010699923130193906,0.007188342624653739,0.008075367555401662,0.010079665510204082,0.006749191020408164,0.005925227755102041,0.29457142857142854,0.5540571428571428,0.6089571428571429,0.08003383458646618,0.025359774436090166,0.0905755639097745,76,70,0.6121052631578942,0.596428571428571,72.3082191780822,146,17
657,657.0,0.3725789473684211,0.5304342105263159,0.5191184210526314,0.365830985915493,0.5234366197183099,0.5265774647887324,0.01039432271468144,0.0073426930401662045,0.008251104397506927,0.009959239039873039,0.0066606966871652455,0.005853314421741717,0.2942535211267605,0.5534788732394366,0.6103943661971831,0.07832542624166061,0.023044662713120667,0.09127594514455173,76,71,0.612631578947368,0.6098591549295769,72.85714285714286,147,16
658,658.0,0.3727837837837838,0.5309324324324325,0.5156756756756755,0.37243661971830994,0.5258450704225351,0.5270704225352112,0.01060335865595325,0.007446954894083272,0.008016354273192111,0.009380527673080738,0.006850356278516169,0.0058519527871454076,0.3041267605633802,0.5535492957746478,0.6219718309859156,0.06865702322040357,0.022616863342215354,0.10629615531024006,74,71,0.6099999999999995,0.5960563380281686,71.84827586206896,145,18
659,659.0,0.38015492957746483,0.5296338028169015,0.5160140845070421,0.37270149253731344,0.5244179104477611,0.5270895522388059,0.010100637968657011,0.007547161674270977,0.008109732195992857,0.008880000445533526,0.0067991984851860105,0.005862529293829361,0.30158208955223875,0.5466716417910447,0.6239402985074627,0.07857284002522608,0.017037838974143127,0.10792621400042057,71,67,0.6166197183098587,0.6304477611940293,71.48550724637681,138,19
660,660.0,0.3798904109589041,0.5276301369863013,0.5170958904109588,0.37243939393939396,0.5235151515151515,0.5269848484848485,0.00998426196284481,0.007269274160255206,0.00837984012009758,0.009009943296602386,0.006847613406795225,0.005950620982552799,0.3048787878787878,0.5455454545454546,0.6254848484848485,0.07501162308011627,0.01791531755915321,0.10838895807388971,73,66,0.6293150684931502,0.6331818181818177,71.50359712230215,139,16
661,661.0,0.37958333333333333,0.5279305555555555,0.5169444444444444,0.3708030303030303,0.5232121212121212,0.5271212121212121,0.01011604861111111,0.007363647955246914,0.008494552469135802,0.008799249081726353,0.006846621671258034,0.0059381974288337915,0.30507575757575756,0.5468484848484848,0.6311363636363637,0.07450757575757577,0.018917929292929347,0.11419191919191929,72,66,0.6179166666666662,0.668484848484848,72.10144927536231,138,16
662,662.0,0.3807916666666667,0.5298611111111111,0.5181388888888888,0.3642714285714286,0.5254714285714286,0.5207857142857143,0.010179637152777775,0.007064814043209877,0.0081970362654321,0.008922769183673471,0.006787734897959185,0.006016796938775509,0.30508571428571424,0.5525714285714287,0.6143571428571429,0.07570595238095246,0.022710317460317597,0.09621825396825412,72,70,0.596805555555555,0.6094285714285712,72.52112676056338,142,22
663,663.0,0.3804383561643836,0.5287534246575342,0.5185479452054794,0.36284848484848486,0.5236515151515152,0.5212121212121211,0.010049177706886844,0.007056377556764872,0.00809679564646275,0.009382916437098253,0.00680010583103765,0.0062946822773186405,0.30398484848484847,0.5483484848484849,0.6180151515151514,0.07645350767953513,0.019595060190950697,0.09946720630967198,73,66,0.5853424657534242,0.6657575757575753,72.03597122302158,139,20
664,664.0,0.3805694444444445,0.5290277777777779,0.5174305555555556,0.36284848484848486,0.5236515151515152,0.5212121212121211,0.010187495177469134,0.007148888117283951,0.008118106288580246,0.009382916437098253,0.00680010583103765,0.0062946822773186405,0.30398484848484847,0.5483484848484849,0.6180151515151514,0.07658459595959605,0.01932070707070699,0.10058459595959579,72,66,0.6015277777777772,0.6987878787878784,72.78985507246377,138,16
665,665.0,0.38054166666666667,0.5268055555555555,0.5209583333333333,0.36186363636363633,0.5216060606060606,0.5203939393939393,0.009630414930555555,0.00737190663580247,0.007978067708333333,0.00939839049586777,0.006477450872359964,0.0061258145087236,0.3058787878787878,0.5479090909090909,0.6174545454545454,0.07466287878787886,0.021103535353535374,0.09649621212121207,72,66,0.615555555555555,0.6645454545454541,72.1231884057971,138,17
666,666.0,0.38024,0.52944,0.5220933333333333,0.36186363636363633,0.5216060606060606,0.5203939393939393,0.0092796224,0.007374166400000001,0.007775097955555556,0.00939839049586777,0.006477450872359964,0.0061258145087236,0.3058787878787878,0.5479090909090909,0.6174545454545454,0.07436121212121222,0.01846909090909088,0.09536121212121207,75,66,0.6063999999999996,0.6506060606060601,72.36170212765957,141,19
667,667.0,0.38024,0.52944,0.5220933333333333,0.3608181818181818,0.5208787878787878,0.5202121212121212,0.0092796224,0.007374166400000001,0.007775097955555556,0.009291421487603304,0.006458894398530763,0.006135742883379246,0.31248484848484853,0.5515454545454546,0.6141363636363637,0.06775515151515149,0.02210545454545454,0.0920430303030304,75,66,0.6043999999999993,0.6633333333333329,72.77304964539007,141,20
668,668.0,0.37645454545454543,0.528038961038961,0.5224675324675323,0.3617014925373135,0.5179701492537314,0.5156417910447763,0.009192429752066113,0.0073249725080114705,0.007715235958846348,0.009222776564936511,0.006401372243261306,0.0058685582535085755,0.31737313432835823,0.5497313432835821,0.6114925373134329,0.0590814111261872,0.02169238224462111,0.08902500484590059,77,67,0.6257142857142853,0.6299999999999996,71.38888888888889,144,17
669,669.0,0.37645454545454543,0.528038961038961,0.5224675324675323,0.36154411764705885,0.5150294117647058,0.5159705882352941,0.009192429752066113,0.0073249725080114705,0.007715235958846348,0.009278071583044984,0.006393469723183391,0.005914499134948095,0.3136470588235294,0.5480735294117647,0.6108382352941177,0.06280748663101604,0.020034568372803707,0.08837070282658543,77,68,0.6201298701298695,0.6230882352941172,71.33793103448276,145,18
670,670.0,0.37645454545454543,0.528038961038961,0.5224675324675323,0.36055882352941176,0.5138382352941177,0.5152205882352939,0.009192429752066113,0.0073249725080114705,0.007715235958846348,0.009194423010380624,0.0063313708910034605,0.005980642517301037,0.31822058823529414,0.5457794117647059,0.6088382352941176,0.05823395721925129,0.017740450725744927,0.08637070282658532,77,68,0.6299999999999996,0.6422058823529406,71.62758620689655,145,16
671,671.0,0.3828533333333333,0.5287466666666666,0.5253866666666667,0.3597878787878788,0.5149545454545454,0.5153787878787878,0.00852217848888889,0.0067570158222222225,0.007534477155555555,0.009450894398530762,0.006340740358126722,0.006142083792470155,0.3187121212121212,0.5468636363636364,0.6080606060606062,0.0641412121212121,0.018116969696969853,0.08267393939393952,75,66,0.6353333333333328,0.6662121212121208,71.9290780141844,141,19
672,672.0,0.38222972972972974,0.5294189189189188,0.5259459459459459,0.36118750000000005,0.51515625,0.512546875,0.008608176953981007,0.00681443261504748,0.007612834915997077,0.009996652343749999,0.006061194335937501,0.0058715915527343746,0.31748437500000004,0.5395,0.612109375,0.0647453547297297,0.010081081081081189,0.08616342905405405,74,64,0.6159459459459453,0.6942187499999994,71.93478260869566,138,18
673,673.0,0.38274324324324327,0.5301216216216215,0.5266486486486487,0.36058461538461545,0.5161076923076923,0.5118153846153847,0.008582001643535427,0.006913133856829804,0.007536525200876552,0.00986611976331361,0.006025880710059172,0.005815504378698224,0.3176153846153847,0.5394153846153846,0.6154153846153846,0.06512785862785858,0.009293762993763166,0.0887667359667359,74,65,0.6113513513513508,0.7169230769230766,72.68345323741008,139,16
674,674.0,0.38502739726027396,0.5313698630136987,0.5255890410958904,0.36058461538461545,0.5161076923076923,0.5118153846153847,0.0083681362356915,0.006862698817789454,0.007564324263464063,0.00986611976331361,0.006025880710059172,0.005815504378698224,0.3176153846153847,0.5394153846153846,0.6154153846153846,0.06741201264488927,0.008045521601685923,0.08982634351949415,73,65,0.5889041095890405,0.7246153846153841,73.0,138,18
675,675.0,0.3827702702702702,0.528972972972973,0.5241486486486486,0.35916923076923085,0.5203538461538462,0.514523076923077,0.007746014791818844,0.006860161431701973,0.007645396822498174,0.010228109822485208,0.005200167100591717,0.006004126390532543,0.31413846153846153,0.5460153846153846,0.6151538461538462,0.06863180873180869,0.017042411642411603,0.09100519750519753,74,65,0.5759459459459454,0.7406153846153841,73.00719424460432,139,18
676,676.0,0.38302777777777774,0.5284583333333335,0.5238611111111111,0.3607538461538462,0.5214,0.5144,0.007944665895061728,0.007013359374999998,0.007845202932098765,0.00950089325443787,0.005156486153846153,0.0060364861538461535,0.3147076923076923,0.5479692307692308,0.6146769230769231,0.06832008547008545,0.01951089743589729,0.09081581196581201,72,65,0.5849999999999995,0.7449230769230764,73.05109489051095,137,17
677,677.0,0.38302777777777774,0.5284583333333335,0.5238611111111111,0.3601384615384616,0.5204923076923077,0.5134,0.007944665895061728,0.007013359374999998,0.007845202932098765,0.009327903905325443,0.004957603786982249,0.005717286153846154,0.31481538461538455,0.5450461538461538,0.6131538461538462,0.06821239316239319,0.016587820512820373,0.08929273504273505,72,65,0.5906944444444439,0.734461538461538,73.4963503649635,137,19
678,678.0,0.3809436619718309,0.5286056338028168,0.5257464788732393,0.36074603174603176,0.5234285714285715,0.5174603174603176,0.007809827811942074,0.007137168418964492,0.007898414600277725,0.009533300579491054,0.004760975056689341,0.005499232552280173,0.311015873015873,0.5435555555555556,0.6194603174603175,0.06992778895595786,0.014949921752738793,0.09371383858707816,71,63,0.6288732394366192,0.7260317460317455,72.48507462686567,134,16
679,679.0,0.3804714285714285,0.5298285714285713,0.5255,0.3592575757575757,0.5202424242424242,0.5206969696969698,0.007905563469387755,0.007132942040816327,0.008006935714285714,0.009305070018365474,0.004869456382001837,0.005566908172635445,0.31192424242424244,0.5503484848484848,0.6211212121212121,0.06854718614718608,0.020519913419913438,0.0956212121212121,70,66,0.6354285714285708,0.7413636363636358,73.09558823529412,136,12
680,680.0,0.3831549295774647,0.530112676056338,0.520619718309859,0.35913235294117646,0.5193088235294117,0.5227058823529414,0.007781285855980957,0.0070631985717119605,0.008440799047807975,0.009063938365051904,0.004788007569204153,0.005618972318339099,0.3145882352941176,0.5486911764705882,0.6221470588235294,0.06856669428334711,0.018578500414250132,0.1015273405136704,71,68,0.6519718309859149,0.7207352941176465,72.66187050359713,139,10
681,681.0,0.38361971830985914,0.5280422535211268,0.5216901408450703,0.35609999999999997,0.5162428571428571,0.5232142857142859,0.00779440468161079,0.007243646101963897,0.00850255187462805,0.009671004285714283,0.005160869591836735,0.00557419693877551,0.31801428571428575,0.5446571428571427,0.6171,0.06560543259557339,0.01661488933601596,0.09540985915492972,71,70,0.640704225352112,0.6858571428571424,72.16312056737588,141,13
682,682.0,0.37830882352941175,0.5240441176470589,0.5196764705882352,0.35739130434782607,0.5159710144927536,0.523768115942029,0.007457772275086504,0.007099130406574395,0.008680954152249135,0.009734151228733457,0.005215651333753414,0.005635337534131484,0.31698550724637686,0.5446376811594204,0.6130434782608696,0.06132331628303489,0.020593563512361412,0.0933670076726344,68,69,0.6494117647058818,0.6994202898550719,71.73722627737226,137,14
683,683.0,0.3789130434782609,0.5237246376811595,0.5198260869565217,0.3614,0.5168461538461537,0.5230307692307692,0.00737451417769376,0.0070031850451585794,0.008556665406427221,0.009253686153846153,0.005121207100591716,0.0057384605917159765,0.32270769230769236,0.5472153846153847,0.6173076923076924,0.05620535117056852,0.02349074693422515,0.09748160535117079,69,65,0.6376811594202894,0.7224615384615379,71.44776119402985,134,14
684,684.0,0.37833823529411764,0.5214264705882354,0.5194999999999999,0.36109375,0.51865625,0.52459375,0.007460165008650517,0.0067417445934256056,0.008675161764705883,0.0093921787109375,0.0049882568359375,0.0056693349609374995,0.322390625,0.5467968750000001,0.61684375,0.055947610294117656,0.025370404411764635,0.09734375000000017,68,64,0.6414705882352936,0.7285937499999995,71.82575757575758,132,17
685,685.0,0.37706060606060604,0.5178787878787878,0.5186969696969698,0.36067692307692306,0.518123076923077,0.5246,0.007538541781450872,0.006709348943985308,0.00861175665748393,0.009258803313609466,0.004929707928994083,0.005582116923076923,0.31743076923076924,0.5463692307692308,0.6158153846153845,0.0596298368298368,0.028490442890443002,0.09711841491841477,66,65,0.6386363636363631,0.7738461538461533,72.72519083969466,131,13
686,686.0,0.37629850746268656,0.5185671641791044,0.5183432835820896,0.3580769230769231,0.5170461538461538,0.5243076923076924,0.007464358654488751,0.006640484294943195,0.00849147917130764,0.008550963313609466,0.004862044023668639,0.005553443786982248,0.31958461538461536,0.5463538461538461,0.6143692307692308,0.056713892078071204,0.027786681974741656,0.09602594718714119,67,65,0.6399999999999993,0.784615384615384,73.21212121212122,132,12
687,687.0,0.37629850746268656,0.5185671641791044,0.5183432835820896,0.35985937500000004,0.51821875,0.52309375,0.007464358654488751,0.006640484294943195,0.00849147917130764,0.008442558349609375,0.005017952148437499,0.005613334960937499,0.32078125,0.5493125000000001,0.612015625,0.05551725746268654,0.03074533582089567,0.09367234141791037,67,64,0.6537313432835815,0.7989062499999994,73.61832061068702,131,12
688,688.0,0.38024242424242427,0.5172727272727273,0.5185,0.359203125,0.5185781250000001,0.52234375,0.00645378971533517,0.006628834710743802,0.008684401515151513,0.008267380615234375,0.005030243896484376,0.0054869130859375,0.32367187500000005,0.5487968750000001,0.61165625,0.05657054924242422,0.031524147727272744,0.09315625000000005,66,64,0.6487878787878782,0.7860937499999995,73.08461538461539,130,14
689,689.0,0.38024242424242427,0.5172727272727273,0.5185,0.36060869565217396,0.5150144927536232,0.5229855072463768,0.00645378971533517,0.006628834710743802,0.008684401515151513,0.00779302079395085,0.005127260659525308,0.0055178113841629906,0.3307536231884058,0.5452898550724639,0.6093043478260871,0.04948880105401848,0.02801712779973653,0.09080434782608715,66,69,0.6415151515151509,0.7431884057971011,72.68888888888888,135,15
690,690.0,0.38095522388059705,0.5176865671641792,0.5140149253731343,0.3639701492537314,0.5134477611940298,0.5219104477611941,0.006403415905546892,0.006553827132991757,0.008388760971263088,0.007679849855201603,0.00517162040543551,0.005512469592336823,0.3328059701492538,0.5396865671641791,0.6086716417910447,0.04814925373134327,0.02199999999999991,0.0946567164179104,67,67,0.6420895522388055,0.7268656716417906,71.57462686567165,134,16
691,691.0,0.38092537313432834,0.5193880597014924,0.5123432835820896,0.3598235294117647,0.5105735294117647,0.5215000000000001,0.006409680997995098,0.006528177767877034,0.008392703051904657,0.007269998269896194,0.005285038711072665,0.005449132352941176,0.32723529411764707,0.5328676470588235,0.6068235294117647,0.05369007901668127,0.013479587357331124,0.09448024582967507,67,68,0.6370149253731336,0.6910294117647054,71.00740740740741,135,17
692,692.0,0.38015942028985505,0.5190289855072462,0.5125797101449275,0.35895522388059703,0.5115373134328358,0.5215522388059702,0.00625674270111321,0.006351651333753414,0.008030330602814537,0.007327236801069281,0.0053007560703942965,0.005530277121853418,0.32644776119402985,0.5345970149253733,0.6075522388059701,0.053711659095825204,0.015568029418127072,0.09497252866104255,69,67,0.6436231884057967,0.6770149253731338,70.93382352941177,136,16
693,693.0,0.3783333333333333,0.517463768115942,0.5100869565217391,0.3603538461538462,0.5134769230769232,0.5221384615384616,0.005793816425120772,0.006011205208989708,0.007533441713925646,0.007950905562130179,0.005461418698224852,0.005681780828402365,0.33055384615384614,0.5383384615384615,0.605646153846154,0.04777948717948716,0.020874693422519575,0.09555919732441487,69,65,0.6188405797101443,0.651384615384615,70.27611940298507,134,19
694,694.0,0.37794029850746275,0.5186865671641792,0.5096119402985074,0.35636923076923077,0.5132307692307694,0.5217999999999999,0.005902712853642235,0.006411916685230563,0.0075945956783247965,0.007734632899408283,0.0054793159763313615,0.005622190769230768,0.32701538461538465,0.5371692307692307,0.6076769230769231,0.050924913892078094,0.018482663605051575,0.09806498277841569,67,65,0.6325373134328353,0.6443076923076919,69.68939393939394,132,20
695,695.0,0.3776923076923077,0.5220153846153845,0.5100307692307692,0.35475409836065575,0.5166229508196721,0.5253442622950818,0.006048766863905325,0.005968999763313609,0.00780467597633136,0.007664742811072292,0.005555152915882827,0.005103537221177103,0.32839344262295095,0.5355409836065573,0.613049180327869,0.04929886506935677,0.013525598991172783,0.10301841109709986,65,61,0.6561538461538455,0.6498360655737703,68.74603174603175,126,19
696,696.0,0.37883333333333336,0.5223030303030303,0.5116666666666666,0.35475409836065575,0.5166229508196721,0.5253442622950818,0.006041744949494948,0.005883938475665748,0.007860373737373737,0.007664742811072292,0.005555152915882827,0.005103537221177103,0.32839344262295095,0.5355409836065573,0.613049180327869,0.05043989071038241,0.013237953303527061,0.10138251366120243,66,61,0.6749999999999994,0.6757377049180324,69.92125984251969,127,15
697,697.0,0.3776119402985075,0.5221343283582089,0.5103432835820895,0.35419354838709677,0.5169838709677419,0.5253709677419354,0.006050028514145689,0.005797996881265316,0.007858643350412118,0.0075602851196670115,0.005473499739854318,0.005021265608740894,0.3250161290322582,0.5377096774193548,0.6100322580645163,0.05259581126624929,0.015575349061145882,0.09968897448242686,67,62,0.660895522388059,0.6685483870967737,70.49612403100775,129,18
698,698.0,0.3786969696969697,0.5224848484848486,0.514,0.35222222222222227,0.5177619047619048,0.524047619047619,0.006062817263544536,0.005877613406795225,0.007081818181818181,0.00768122045855379,0.005424149659863945,0.0050501405895691616,0.32215873015873026,0.5368888888888889,0.6060634920634922,0.05653823953823944,0.014404040404040308,0.09206349206349218,66,63,0.6512121212121206,0.6882539682539679,70.82945736434108,129,19
699,699.0,0.3770769230769231,0.5227384615384616,0.5135538461538461,0.34878125,0.5174375,0.52190625,0.005982871005917159,0.005963793136094675,0.0071776317159763315,0.007318858398437499,0.00549012109375,0.005252303710937499,0.3115,0.538640625,0.5964375,0.06557692307692309,0.015902163461538388,0.08288365384615382,65,64,0.6396923076923071,0.6889062499999995,71.34108527131782,129,21
700,700.0,0.37743939393939396,0.5240757575757575,0.5133787878787879,0.34678125000000004,0.5179374999999999,0.521265625,0.00590076147842057,0.0059896760789715335,0.007070871671258035,0.007453983398437499,0.005498433593749999,0.0053228825683593745,0.30378125,0.535625,0.59240625,0.07365814393939396,0.01154924242424249,0.07902746212121214,66,64,0.6413636363636357,0.7151562499999995,72.27692307692308,130,19
701,701.0,0.3770769230769231,0.5199384615384616,0.5088615384615385,0.35145161290322585,0.5181935483870966,0.5193548387096775,0.006118871005917158,0.005526242366863905,0.006925011597633137,0.006440279916753381,0.005452704474505722,0.0049694224765868865,0.3085,0.527258064516129,0.6002741935483871,0.06857692307692309,0.007319602977667428,0.0914126550868486,65,62,0.6632307692307686,0.6882258064516125,71.66141732283465,127,22
702,702.0,0.37875384615384616,0.5208307692307693,0.5076153846153847,0.3543387096774194,0.5185161290322581,0.5221290322580645,0.005808924023668639,0.005447032899408283,0.006724975147928995,0.00637448204994797,0.00541247554630593,0.005264918834547346,0.31214516129032255,0.5320645161290323,0.5991129032258063,0.06660868486352362,0.011233746898262953,0.09149751861042166,65,62,0.6844615384615378,0.7159677419354833,71.90551181102362,127,18
703,703.0,0.37743076923076924,0.5194461538461538,0.5062461538461539,0.3557619047619048,0.5190634920634921,0.5241904761904762,0.005970583668639053,0.005707724023668638,0.0064660009467455625,0.006398879818594104,0.005345138825900731,0.0054448208616780045,0.3137777777777777,0.5326031746031746,0.5983174603174602,0.06365299145299153,0.013157020757020854,0.09207130647130635,65,63,0.6653846153846148,0.7238095238095235,72.5078125,128,20
704,704.0,0.37706249999999997,0.518015625,0.5063125,0.3557619047619048,0.5190634920634921,0.5241904761904762,0.006055058593749999,0.005663890380859375,0.006566746093750001,0.006398879818594104,0.005345138825900731,0.0054448208616780045,0.3137777777777777,0.5326031746031746,0.5983174603174602,0.06328472222222226,0.014587549603174654,0.0920049603174602,64,63,0.6609374999999993,0.751428571428571,73.26771653543307,127,19
705,705.0,0.3745625,0.51534375,0.5093593750000001,0.357546875,0.51909375,0.5257343750000001,0.0062350585937500005,0.0052002568359375,0.006646230224609376,0.006499622802734374,0.0052616787109374995,0.005509913818359375,0.313828125,0.533390625,0.594578125,0.06073437500000001,0.018046875000000018,0.0852187499999999,64,64,0.6607812499999993,0.7707812499999994,72.8515625,128,16
706,706.0,0.37029230769230775,0.518076923076923,0.5078461538461538,0.35795161290322575,0.5187258064516129,0.5245967741935483,0.006735960710059171,0.0053159171597633136,0.006523391715976332,0.006541433142559833,0.005419328043704474,0.005497079344432882,0.3144354838709677,0.5268870967741935,0.5952741935483872,0.05585682382134005,0.008810173697270551,0.08742803970223334,65,62,0.6570769230769224,0.7535483870967737,72.13385826771653,127,20
707,707.0,0.37022727272727274,0.5176969696969697,0.505969696969697,0.3580983606557377,0.5183934426229508,0.5265245901639345,0.0066341756198347104,0.005244756657483931,0.006653423324150597,0.006647334587476484,0.005461320612738511,0.005309560870733674,0.31932786885245895,0.5229016393442623,0.5988852459016393,0.05089940387481379,0.0052046696472926035,0.09291554893194232,66,61,0.6433333333333326,0.7860655737704912,72.13385826771653,127,20
708,708.0,0.37292307692307697,0.5185846153846154,0.5049692307692307,0.3564354838709677,0.5154677419354838,0.5259193548387097,0.006256594082840237,0.005273442840236686,0.006689722130177515,0.006582342611862643,0.0052847973465140466,0.005279299947970864,0.3146935483870966,0.5194677419354837,0.5966451612903224,0.058229528535980346,0.0008831265508683073,0.09167593052109169,65,62,0.6384615384615379,0.7661290322580641,72.77165354330708,127,22
709,709.0,0.3692461538461539,0.5185846153846154,0.5021846153846153,0.35073913043478255,0.5129855072463767,0.5192753623188405,0.006655970177514792,0.00521971976331361,0.00643168899408284,0.00675964209199748,0.0052970867464818315,0.00610046040747742,0.29876811594202896,0.514913043478261,0.5801739130434782,0.07047803790412493,0.003671571906354476,0.07798929765886287,65,69,0.6601538461538455,0.7001449275362316,71.31343283582089,134,19
710,710.0,0.37041791044776123,0.5183134328358211,0.5030895522388059,0.3503731343283582,0.5147462686567164,0.5206716417910449,0.006524482067275563,0.005478424147917131,0.006315275562486077,0.006790532412564045,0.005258517709957674,0.006201563822677658,0.29782089552238805,0.5195671641791044,0.5822089552238806,0.07259701492537318,0.0012537313432833264,0.0791194029850747,67,67,0.647164179104477,0.7201492537313429,71.13432835820896,134,18
711,711.0,0.3714411764705882,0.5181029411764706,0.5056764705882353,0.3507205882352941,0.5157499999999998,0.5208676470588236,0.006539628892733563,0.005212709991349481,0.006422160034602076,0.006698760164359862,0.005248687499999999,0.006112938365051904,0.302485294117647,0.5190735294117647,0.5819852941176471,0.0689558823529412,0.0009705882352940565,0.07630882352941182,68,68,0.643088235294117,0.7229411764705878,71.61029411764706,136,17
712,712.0,0.3756923076923077,0.5173230769230769,0.5046769230769231,0.35016417910447767,0.5156268656716416,0.5223134328358209,0.006214674556213018,0.005207418698224852,0.0066383725443786975,0.007204704388505235,0.005224860770772999,0.006625827132991759,0.30934328358208957,0.521044776119403,0.5854328358208956,0.06634902411021815,0.0037216991963261448,0.08075591274397242,65,67,0.6481538461538455,0.6986567164179102,69.71212121212122,132,17
713,713.0,0.37687692307692305,0.5196461538461539,0.5056153846153847,0.3475820895522388,0.5149850746268655,0.5239253731343284,0.006264938698224851,0.0053329363313609456,0.006605252071005917,0.007790183559812876,0.005243865448875027,0.00684144219202495,0.3045373134328358,0.5184029850746268,0.5915522388059702,0.07233960964408725,0.0012431687715270812,0.0859368541905855,65,67,0.634615384615384,0.7153731343283578,70.39393939393939,132,17
714,714.0,0.37816666666666665,0.5211969696969697,0.5075909090909092,0.34619999999999995,0.5165428571428571,0.5226857142857143,0.006278138888888888,0.005408461202938475,0.006758847796143251,0.007806017142857144,0.005074191020408163,0.006930758367346939,0.3016142857142857,0.5214142857142856,0.5899857142857143,0.07655238095238093,0.0002173160173158939,0.08239480519480513,66,70,0.6393939393939387,0.6905714285714283,70.71323529411765,136,17
715,715.0,0.3773731343283582,0.5225671641791045,0.5097910447761195,0.34619999999999995,0.5165428571428571,0.5226857142857143,0.0061323831588327,0.005342394742704387,0.006484314546669637,0.007806017142857144,0.005074191020408163,0.006930758367346939,0.3016142857142857,0.5214142857142856,0.5899857142857143,0.07575884861407245,0.0011528784648189294,0.08019466950959486,67,70,0.6385074626865666,0.6791428571428566,71.05109489051095,137,20
716,716.0,0.3769710144927536,0.5260579710144927,0.5112028985507246,0.34535294117647053,0.516029411764706,0.5215588235294117,0.005857506406217182,0.005872779248057129,0.006585929846670868,0.007893757785467128,0.0051739403114186835,0.006897187716262974,0.29848529411764707,0.5135882352941177,0.5885147058823531,0.07848572037510654,0.01246973572037502,0.07731180733162846,69,68,0.6433333333333329,0.6655882352941173,70.5036496350365,137,22
717,717.0,0.37600000000000006,0.5272999999999998,0.5097142857142856,0.3450441176470588,0.5152941176470588,0.5221764705882352,0.005960485714285714,0.005794752857142856,0.006922404081632653,0.00787380687716263,0.005299913494809689,0.0070715276816609,0.3024852941176471,0.5063529411764706,0.5898529411764708,0.07351470588235298,0.020947058823529208,0.08013865546218524,70,68,0.640714285714285,0.6623529411764701,70.44202898550725,138,20
718,718.0,0.37708450704225355,0.5261126760563378,0.5104929577464787,0.34152941176470586,0.5149411764705882,0.5211323529411764,0.005958866097996431,0.00581181829002182,0.0068673485419559616,0.008526043252595154,0.005319055363321799,0.007303644247404845,0.29554411764705885,0.5091764705882353,0.5886323529411767,0.0815403893951947,0.016936205468102483,0.07813939519469792,71,68,0.6338028169014079,0.6785294117647056,71.05035971223022,139,20
719,719.0,0.3775142857142858,0.5263142857142855,0.5101571428571429,0.3397910447761194,0.5155223880597015,0.5231791044776118,0.0060308783673469375,0.005891958367346938,0.006957446734693878,0.008429896636221873,0.005550995767431499,0.0073790723991980405,0.29520895522388063,0.5047462686567165,0.5917014925373134,0.08230533049040517,0.021568017057569056,0.08154434968017055,70,67,0.6339999999999995,0.700149253731343,70.81021897810218,137,18
720,720.0,0.37758571428571436,0.5277857142857142,0.5103428571428571,0.3371617647058823,0.5152647058823528,0.5228235294117647,0.006025214081632652,0.005851339795918366,0.006815196734693878,0.008769106185121106,0.005473812283737023,0.0072790276816609,0.2939852941176471,0.5020441176470589,0.5958235294117646,0.08360042016806724,0.025741596638655273,0.08548067226890754,70,68,0.6399999999999996,0.6811764705882348,70.3623188405797,138,18
721,721.0,0.37602898550724645,0.5282028985507246,0.5082608695652173,0.33568115942028987,0.514536231884058,0.5218115942028986,0.005942897710565007,0.005923958832178113,0.006610540642722117,0.008791086746481828,0.005430567527830287,0.007243167401806344,0.2917971014492754,0.5033188405797102,0.5932463768115942,0.08423188405797105,0.02488405797101434,0.08498550724637688,69,69,0.6518840579710139,0.6827536231884055,70.60144927536231,138,17
722,722.0,0.3768450704225353,0.5273661971830985,0.5077323943661971,0.33438805970149255,0.5153880597014926,0.521,0.005829145010910533,0.005784344772862526,0.006437069232295181,0.008995073290265092,0.005286774782802406,0.007429940298507463,0.2893880597014925,0.5030895522388061,0.5955074626865672,0.08745701072104278,0.02427664494429238,0.08777506832037008,71,67,0.6619718309859149,0.6673134328358205,71.33333333333333,138,18
723,723.0,0.37457352941176475,0.5258382352941178,0.5109558823529411,0.33241176470588235,0.5165441176470589,0.5246176470588236,0.00553906812283737,0.005566753243944635,0.005746248053633219,0.009067859861591693,0.005464453935986159,0.007248147923875432,0.2898088235294118,0.5091176470588235,0.6011323529411764,0.08476470588235296,0.01672058823529432,0.0901764705882353,68,68,0.6394117647058817,0.675882352941176,70.76470588235294,136,19
724,724.0,0.37351470588235297,0.5275,0.5113676470588234,0.3317647058823529,0.5183529411764707,0.5236764705882354,0.005358632136678201,0.00552545588235294,0.005896056012110727,0.00916373875432526,0.00550081660899654,0.007188189446366781,0.29772058823529407,0.5116911764705883,0.6003823529411764,0.0757941176470589,0.01580882352941171,0.08901470588235294,68,68,0.6413235294117642,0.6679411764705877,69.90441176470588,136,18
725,725.0,0.37263768115942036,0.5265942028985507,0.5133333333333333,0.33375714285714286,0.5215714285714287,0.5232142857142859,0.005817274522159211,0.005556733879437092,0.005814859903381644,0.009098669591836736,0.005700673469387754,0.006996939795918367,0.29487142857142856,0.5117571428571429,0.6066857142857142,0.0777662525879918,0.014837060041407835,0.09335238095238085,69,70,0.6350724637681153,0.649428571428571,70.66906474820144,139,19
726,726.0,0.37181818181818194,0.5306969696969698,0.5124090909090909,0.33443661971830985,0.5232253521126762,0.5216619718309858,0.005702239669421488,0.005431483930211202,0.006147514462809918,0.008915626264630033,0.005796399920650664,0.00682199841301329,0.3028169014084507,0.5109295774647887,0.6019014084507042,0.06900128040973125,0.019767392232181047,0.08949231754161324,66,71,0.629545454545454,0.6392957746478869,70.35036496350365,137,20
727,727.0,0.37445588235294125,0.5346176470588235,0.5132794117647058,0.3376086956521739,0.5274202898550726,0.5196086956521739,0.0058451892301038064,0.005852530276816609,0.006007260164359861,0.008840296156269693,0.005710417559336274,0.006586354127284184,0.30142028985507247,0.5132608695652174,0.5982898550724637,0.07303559249786878,0.021356777493606094,0.08501044330775787,68,69,0.6247058823529407,0.655797101449275,70.04379562043796,137,18
728,728.0,0.37316417910447763,0.5323283582089551,0.5133432835820896,0.3405362318840579,0.5280869565217393,0.5181014492753623,0.005818973045221653,0.005583504121185117,0.006096643350412119,0.008318770426381012,0.005676079395085067,0.00636585927326192,0.300463768115942,0.5163768115942029,0.5945797101449276,0.07270041098853564,0.015951546614752177,0.08123642656283803,67,69,0.6156716417910442,0.6691304347826084,70.06617647058823,136,18
729,729.0,0.37316417910447763,0.5323283582089551,0.5133432835820896,0.3404857142857142,0.5274285714285716,0.5205571428571427,0.005818973045221653,0.005583504121185117,0.006096643350412119,0.008200106938775513,0.005624902040816325,0.006691018163265306,0.3044142857142857,0.509,0.5985571428571429,0.06874989339019194,0.02332835820895507,0.08521385927505332,67,70,0.6083582089552234,0.6919999999999996,71.03649635036497,137,17
730,730.0,0.37316417910447763,0.5323283582089551,0.5133432835820896,0.3431830985915493,0.5272676056338028,0.5229859154929576,0.005818973045221653,0.005583504121185117,0.006096643350412119,0.007731698869271969,0.005630421344971235,0.006330267407260463,0.30728169014084505,0.5105211267605635,0.6000845070422535,0.06588248896363258,0.021807231448391584,0.08674122346016389,67,71,0.5988059701492532,0.6784507042253518,71.2463768115942,138,20
731,731.0,0.3730869565217392,0.5331449275362318,0.5148260869565217,0.34455714285714284,0.5284571428571428,0.523142857142857,0.0057945721487082545,0.005484761604704892,0.005993940768746063,0.007708103877551019,0.005610391020408162,0.006418951020408163,0.31124285714285715,0.5105285714285716,0.6015857142857144,0.06184409937888202,0.022616356107660218,0.08675962732919273,69,70,0.596811594202898,0.6691428571428568,71.25179856115108,139,21
732,732.0,0.3707910447761194,0.5339701492537313,0.5176716417910447,0.34214925373134325,0.5272835820895521,0.5249552238805969,0.005784613054132325,0.0056248050790822,0.005714220539095567,0.007372246380040097,0.005790024058810426,0.006432938293606593,0.313910447761194,0.5085671641791044,0.6100149253731344,0.05688059701492543,0.025402985074626905,0.09234328358208965,67,67,0.5841791044776113,0.7234328358208952,70.72388059701493,134,17
733,733.0,0.3707910447761194,0.5339701492537313,0.5176716417910447,0.34547692307692307,0.5281538461538461,0.5266923076923077,0.005784613054132325,0.0056248050790822,0.005714220539095567,0.007077357159763312,0.0059304994082840234,0.006529166863905325,0.31990769230769234,0.5133846153846153,0.6099846153846153,0.05088335246842707,0.02058553386911599,0.0923129735935706,67,65,0.5791044776119397,0.744461538461538,71.09848484848484,132,19
734,734.0,0.367375,0.5343055555555556,0.5158333333333334,0.34663636363636363,0.5267727272727272,0.5254848484848486,0.006116567708333334,0.005590545524691358,0.005922527777777778,0.007057504132231404,0.005964630165289256,0.0065250073461891635,0.3208787878787879,0.5111969696969697,0.6088939393939393,0.04649621212121213,0.023108585858585884,0.09306060606060595,72,66,0.5876388888888884,0.6854545454545451,71.85507246376811,138,21
735,735.0,0.36688000000000004,0.5339466666666667,0.5136533333333333,0.3473939393939394,0.5227727272727272,0.5298333333333335,0.006254532266666667,0.00556986382222222,0.0058530798222222215,0.007084753902662994,0.0058108119834710745,0.007497684343434343,0.3219848484848485,0.5052575757575758,0.6118030303030302,0.044895151515151555,0.028689090909090886,0.09814969696969689,75,66,0.6042666666666661,0.6799999999999995,72.15602836879432,141,17
736,736.0,0.3698611111111111,0.5374305555555555,0.5192777777777777,0.3444769230769231,0.5227538461538462,0.527276923076923,0.0061237584876543205,0.005352495177469135,0.00562483950617284,0.00727028023668639,0.005876093254437869,0.007399677159763313,0.3180923076923077,0.5036461538461537,0.6151538461538462,0.05176880341880341,0.03378440170940178,0.09587606837606844,72,65,0.6280555555555549,0.6463076923076919,70.32846715328468,137,19
737,737.0,0.37116438356164383,0.5353013698630137,0.5187534246575343,0.34551515151515155,0.5233939393939393,0.5278939393939394,0.0061621647588665784,0.005605580409082379,0.005567583036216926,0.007210643709825528,0.005790056932966022,0.007318246326905418,0.3200454545454546,0.5025,0.6126969696969697,0.05111892901618925,0.03280136986301374,0.09394354503943547,73,66,0.6120547945205473,0.6418181818181815,70.41007194244604,139,21
738,738.0,0.36904,0.5371199999999999,0.5180933333333333,0.3456769230769231,0.5246615384615385,0.5275076923076922,0.006247691733333335,0.0057904255999999986,0.0054376846222222225,0.007319849467455623,0.005773085443786982,0.007420988402366864,0.3229538461538461,0.5010153846153845,0.6149384615384615,0.04608615384615389,0.0361046153846154,0.09684512820512825,75,65,0.6215999999999995,0.6367692307692303,71.22142857142858,140,19
739,739.0,0.36855263157894735,0.5375657894736842,0.5170789473684211,0.34481818181818186,0.5251515151515153,0.5266515151515151,0.006183299861495846,0.0057291404085872575,0.005443309556786705,0.00725687603305785,0.005701219467401285,0.007356196740128559,0.32019696969696965,0.501151515151515,0.6102272727272728,0.04835566188197771,0.03641427432216915,0.09314832535885176,76,66,0.6469736842105258,0.6445454545454542,72.32394366197182,142,14
740,740.0,0.36855263157894735,0.5375657894736842,0.5170789473684211,0.3422727272727273,0.5258787878787878,0.5281969696969697,0.006183299861495846,0.0057291404085872575,0.005443309556786705,0.007054046831955923,0.00581537924701561,0.007333339990817264,0.31433333333333335,0.4967575757575758,0.6151666666666668,0.054219298245614,0.04080821371610838,0.09808771929824567,76,66,0.6230263157894731,0.6727272727272724,72.85915492957747,142,16
741,741.0,0.36762337662337663,0.5365324675324674,0.5183506493506495,0.3422727272727273,0.5258787878787878,0.5281969696969697,0.006168624388598415,0.005735885309495698,0.005495526395682239,0.007054046831955923,0.00581537924701561,0.007333339990817264,0.31433333333333335,0.4967575757575758,0.6151666666666668,0.053290043290043276,0.03977489177489163,0.0968160173160173,77,66,0.6107792207792202,0.7027272727272722,73.60839160839161,143,15
742,742.0,0.3669090909090909,0.5378831168831169,0.5165454545454545,0.34171212121212124,0.5252121212121211,0.5277424242424242,0.006341147579693035,0.005454388935739584,0.0056036505312868955,0.007062447428833792,0.00583077318640955,0.007291494260789715,0.3137878787878788,0.49734848484848476,0.6145606060606061,0.053121212121212125,0.04053463203463209,0.09801515151515161,77,66,0.6119480519480515,0.6830303030303027,73.67132867132867,143,17
743,743.0,0.3669090909090909,0.5378831168831169,0.5165454545454545,0.3428970588235294,0.5262794117647057,0.5279264705882353,0.006341147579693035,0.005454388935739584,0.0056036505312868955,0.006963298226643598,0.005768936634948096,0.007140391652249134,0.31858823529411767,0.4973676470588235,0.6103970588235295,0.048320855614973235,0.040515469824293326,0.09385160427807493,77,68,0.6010389610389605,0.67735294117647,74.2,145,19
744,744.0,0.36625,0.5369999999999999,0.5179736842105264,0.34588732394366195,0.528169014084507,0.5297464788732392,0.0063911348684210535,0.0054661052631578945,0.005520315096952909,0.007379226740726044,0.0056467038286054354,0.007054752628446737,0.3227183098591549,0.49552112676056354,0.6082816901408451,0.043531690140845125,0.04147887323943639,0.09030800593031874,76,71,0.5864473684210519,0.6666197183098589,74.33333333333333,147,19
745,745.0,0.3656184210526316,0.5402763157894737,0.5197631578947369,0.3456056338028169,0.530112676056338,0.5289718309859153,0.006535735976454294,0.00548033154432133,0.005293312326869806,0.007430351517556039,0.005350719698472524,0.0069956611783376305,0.31881690140845065,0.48897183098591557,0.607338028169014,0.046801519644180944,0.05130448480355809,0.08757487027427713,76,71,0.5949999999999994,0.6567605633802813,74.02721088435374,147,18
746,746.0,0.35936,0.5396666666666667,0.5172133333333333,0.3456056338028169,0.530112676056338,0.5289718309859153,0.0074180170666666686,0.005727795555555555,0.0059014478222222215,0.007430351517556039,0.005350719698472524,0.0069956611783376305,0.31881690140845065,0.48897183098591557,0.607338028169014,0.040543098591549365,0.05069483568075117,0.09012469483568075,75,71,0.5901333333333327,0.6761971830985911,74.34931506849315,146,16
747,747.0,0.35936,0.5396666666666667,0.5172133333333333,0.3438904109589041,0.5312739726027398,0.5259041095890412,0.0074180170666666686,0.005727795555555555,0.0059014478222222215,0.007381878401200974,0.005252555075999249,0.007140305873522235,0.3161232876712329,0.4936712328767123,0.6045753424657534,0.043236712328767135,0.045995433789954465,0.0873620091324201,75,73,0.5927999999999993,0.6491780821917803,74.85135135135135,148,19
748,748.0,0.3583648648648649,0.539391891891892,0.5186216216216217,0.34417567567567564,0.5311891891891892,0.526472972972973,0.007443988495252008,0.005799535609934258,0.0058324514243973695,0.00728806373265157,0.005182099342585829,0.007067438458728999,0.3156621621621622,0.49482432432432427,0.6042972972972973,0.04270270270270271,0.04456756756756769,0.08567567567567558,74,74,0.5854054054054048,0.6632432432432427,75.72972972972973,148,20
749,749.0,0.35976315789473684,0.5398026315789474,0.5218815789473683,0.34052112676056334,0.5265633802816901,0.523676056338028,0.00751675969529086,0.0056502373614958435,0.0059837622922437675,0.007013432652251537,0.005780161475897639,0.007041373933743304,0.3117323943661972,0.4917887323943661,0.6021126760563381,0.04803076352853963,0.048013899184581266,0.0802310971089698,76,71,0.583947368421052,0.6618309859154926,74.31972789115646,147,21
750,750.0,0.3605066666666667,0.5412266666666666,0.5216266666666667,0.33925,0.5252777777777777,0.5214583333333334,0.007574969955555555,0.005571455288888888,0.006058607288888889,0.007246159722222222,0.0058129506172839495,0.0065871093750000005,0.30488888888888893,0.4961527777777778,0.5948055555555556,0.055617777777777766,0.04507388888888886,0.0731788888888889,75,72,0.5999999999999992,0.6997222222222218,74.84353741496598,147,14
751,751.0,0.3564459459459459,0.5437432432432433,0.5193648648648649,0.3408450704225352,0.5248732394366196,0.5231408450704226,0.007831652483564646,0.005301325967859751,0.006057772279035792,0.007165032334854194,0.00588304026978774,0.00647606466970839,0.3074366197183099,0.49587323943661965,0.5926197183098594,0.04900932622763604,0.04787000380662365,0.0732548534449945,74,71,0.6052702702702697,0.6807042253521123,74.48965517241379,145,17
752,752.0,0.35581333333333326,0.5452533333333333,0.5196266666666667,0.3418783783783784,0.5241891891891892,0.524527027027027,0.007786711822222222,0.005257949155555554,0.005932927288888889,0.0069648635865595335,0.005726234477720963,0.006343438458728998,0.31732432432432434,0.5002567567567566,0.5955945945945945,0.03848900900900892,0.04499657657657663,0.07596792792792784,75,74,0.603466666666666,0.6616216216216212,74.81879194630872,149,16
753,753.0,0.35415584415584406,0.5420779220779222,0.5228831168831168,0.34198648648648644,0.5235540540540541,0.5243243243243243,0.007378521167144545,0.005281993928149771,0.006158155169505819,0.006954716033601168,0.005716544375456537,0.0063701650840029215,0.31581081081081086,0.4986081081081081,0.5967702702702703,0.0383450333450332,0.043469813969814086,0.07388715338715346,77,74,0.6098701298701293,0.63054054054054,75.13907284768212,151,18
754,754.0,0.3565844155844155,0.5443376623376625,0.520883116883117,0.33738571428571423,0.5258714285714285,0.523542857142857,0.007170294822061055,0.0051635483218080615,0.0061816876370382875,0.006957122653061223,0.0052869120408163255,0.006450191020408162,0.3164428571428572,0.4963857142857142,0.5996857142857142,0.04014155844155831,0.047951948051948245,0.07880259740259721,77,70,0.6099999999999994,0.6545714285714282,74.44897959183673,147,18
755,755.0,0.3559610389610389,0.5441298701298701,0.5218311688311688,0.33620895522388056,0.5205671641791045,0.5228507462686567,0.007120453027491988,0.005293879237645471,0.006094426041490977,0.007396792158609934,0.005584514145689463,0.0064512911561595,0.3145671641791045,0.4895970149253732,0.6005223880597015,0.0413938747819344,0.05453285520449691,0.07869121922853273,77,67,0.6159740259740255,0.6550746268656712,73.41666666666667,144,16
756,756.0,0.3559610389610389,0.5441298701298701,0.5218311688311688,0.3356212121212121,0.5188484848484849,0.5217121212121211,0.007120453027491988,0.005293879237645471,0.006094426041490977,0.00748572015610652,0.0054712194674012855,0.006462174701561065,0.3145454545454546,0.4877575757575758,0.6009242424242424,0.04141558441558435,0.05637229437229435,0.0790930735930736,77,66,0.6089610389610384,0.6675757575757572,74.23076923076923,143,19
757,757.0,0.35333766233766234,0.5415584415584416,0.5218701298701297,0.3390149253731343,0.5163880597014926,0.5212835820895523,0.00681430156856131,0.004922792039129699,0.006097905211671446,0.0074281042548451776,0.005381640454444198,0.006380889730452216,0.3129402985074627,0.48299999999999993,0.6038208955223882,0.04039736383019965,0.05855844155844164,0.08195076565225845,77,67,0.6298701298701294,0.6544776119402981,73.77777777777777,144,18
758,758.0,0.351961038961039,0.5407662337662337,0.5230909090909089,0.3392173913043478,0.5170579710144928,0.520913043478261,0.00700588159892056,0.0046270102884128856,0.006316680047225501,0.007292546943919344,0.005300692291535391,0.0062804272211720216,0.31321739130434784,0.4848405797101448,0.607072463768116,0.03874364765669114,0.05592565405608885,0.08398155467720703,77,69,0.6374025974025969,0.6262318840579706,73.5068493150685,146,18
759,759.0,0.351961038961039,0.5407662337662337,0.5230909090909089,0.33901470588235294,0.5148235294117649,0.5216911764705884,0.00700588159892056,0.0046270102884128856,0.006316680047225501,0.007396955666089965,0.005034145328719722,0.006331007569204151,0.30932352941176466,0.4818382352941177,0.609470588235294,0.04263750954927431,0.058927998472115994,0.08637967914438505,77,68,0.6433766233766228,0.655882352941176,74.24827586206897,145,16
760,760.0,0.35279746835443043,0.5392405063291138,0.5182531645569619,0.33961194029850744,0.5149253731343285,0.5227462686567166,0.006883098221438873,0.004639802916199326,0.006240062489985579,0.007483103141011359,0.005108576520383159,0.006349801292047226,0.3138358208955224,0.4825373134328359,0.6121940298507461,0.03896164745890801,0.0567031928962779,0.0939408652937842,79,67,0.6429113924050628,0.6556716417910443,73.58219178082192,146,13
761,761.0,0.35279746835443043,0.5392405063291138,0.5182531645569619,0.3375882352941176,0.5142794117647059,0.5260441176470587,0.006883098221438873,0.004639802916199326,0.006240062489985579,0.007327565743944635,0.005306995458477508,0.00631801275951557,0.31988235294117645,0.48172058823529407,0.5967941176470587,0.03291511541325398,0.05751991809381973,0.07854095309009679,79,68,0.6343037974683537,0.6414705882352938,72.78911564625851,147,15
762,762.0,0.35690666666666665,0.5406799999999999,0.5172533333333333,0.3369710144927536,0.515913043478261,0.5264202898550724,0.0066730712888888885,0.004744164266666666,0.005846162488888889,0.007782810754043267,0.005408427221172021,0.006207490023104391,0.3195072463768116,0.4821884057971015,0.5961159420289854,0.037399420289855045,0.058491594202898456,0.07886260869565209,75,69,0.6607999999999995,0.6491304347826082,72.5625,144,13
763,763.0,0.35789333333333334,0.5379333333333333,0.5167600000000001,0.34027142857142845,0.5196428571428573,0.5275999999999998,0.006684121955555554,0.005174328888888889,0.005886129066666668,0.008555226326530612,0.005825915306122447,0.006327982857142856,0.3220428571428571,0.4807428571428571,0.5913571428571428,0.035850476190476266,0.05719047619047618,0.0745971428571427,75,70,0.6573333333333328,0.6339999999999998,72.64827586206897,145,14
764,764.0,0.35868493150684927,0.5373424657534246,0.5157260273972603,0.3433835616438356,0.5195479452054794,0.527,0.006797695252392569,0.005248745730906361,0.005825322199286921,0.008467633702383185,0.005654275098517545,0.006355534246575342,0.3197671232876712,0.488041095890411,0.59286301369863,0.03891780821917806,0.04930136986301359,0.07713698630136978,73,73,0.6365753424657528,0.6154794520547942,72.54794520547945,146,17
765,765.0,0.35897260273972603,0.5393561643835617,0.5162191780821919,0.34112328767123284,0.5163424657534246,0.5283835616438357,0.00688799924939013,0.005136338900356539,0.005892362919872398,0.007734190279602177,0.005647512854194032,0.006355003565396884,0.31702739726027396,0.4879863013698631,0.5943287671232876,0.041945205479452075,0.05136986301369861,0.07810958904109577,73,73,0.6408219178082185,0.6067123287671229,72.73287671232876,146,16
766,766.0,0.3594583333333333,0.5370833333333334,0.5182638888888889,0.3426027397260274,0.5168767123287671,0.5306164383561643,0.0069257760416666665,0.005151409722222221,0.005641360918209878,0.007270047663726778,0.005624957402889846,0.0060290035653968845,0.31847945205479455,0.48836986301369867,0.5926438356164383,0.04097888127853877,0.04871347031963469,0.07437994672754944,72,73,0.6440277777777772,0.6175342465753421,73.49655172413793,145,16
767,767.0,0.35952112676056336,0.5383239436619718,0.5178450704225352,0.34429166666666666,0.5179166666666666,0.5313055555555556,0.007023038286054354,0.005113148581630629,0.005708187264431661,0.0071627899305555555,0.005624131944444444,0.0060780733024691355,0.3229027777777778,0.49023611111111115,0.5933194444444445,0.03661834898278554,0.04808783255086063,0.07547437402190926,71,72,0.6515492957746475,0.640694444444444,74.15384615384616,143,15
768,768.0,0.3611549295774648,0.5383239436619718,0.5172816901408451,0.34220588235294125,0.5185882352941178,0.5264117647058824,0.006936975996826027,0.005113148581630629,0.005718962904185677,0.0074601046712802765,0.005637595155709342,0.005057389273356401,0.3240735294117648,0.4943529411764706,0.5911470588235294,0.037081400165699996,0.043971002485501176,0.07386536868268423,71,68,0.6511267605633796,0.6480882352941173,73.64028776978417,139,16
769,769.0,0.3652638888888889,0.5383888888888889,0.5207222222222222,0.34565625,0.523203125,0.53028125,0.006735555362654321,0.005120432098765431,0.005730811728395063,0.007282694335937499,0.005421099365234374,0.0047447646484375,0.32934375,0.497734375,0.5938125000000001,0.0359201388888889,0.04065451388888891,0.07309027777777788,72,64,0.6533333333333329,0.6323437499999995,73.18382352941177,136,17
770,770.0,0.36683333333333334,0.5382222222222222,0.5231250000000001,0.3467846153846154,0.5238153846153847,0.5303538461538462,0.006557444444444445,0.00508720061728395,0.006128859375,0.007252138224852071,0.005361688994082839,0.004672105562130178,0.3334,0.5001384615384615,0.5929384615384616,0.03343333333333337,0.038083760683760626,0.06981346153846157,72,65,0.6427777777777772,0.6298461538461535,73.32116788321167,137,15
771,771.0,0.36683333333333334,0.5382222222222222,0.5231250000000001,0.343640625,0.5219687500000001,0.531,0.006557444444444445,0.00508720061728395,0.006128859375,0.007022948974609375,0.0052725615234374985,0.00474925,0.3294375,0.49884375000000003,0.599890625,0.03739583333333335,0.03937847222222213,0.07676562499999995,72,64,0.6484722222222216,0.6117187499999996,73.58823529411765,136,17
772,772.0,0.36538235294117644,0.5373382352941176,0.5265,0.34450793650793654,0.5214126984126984,0.531952380952381,0.006545030276816609,0.004722341479238754,0.00608539705882353,0.007086281683043587,0.005336464600655075,0.004766585034013606,0.3324285714285715,0.4986666666666666,0.6045873015873016,0.03295378151260492,0.038671568627451025,0.0780873015873016,68,63,0.6660294117647053,0.6409523809523804,73.58778625954199,131,18
773,773.0,0.3638461538461539,0.5425538461538462,0.5241384615384614,0.34245161290322584,0.521,0.5311290322580645,0.006543207100591716,0.0049329855621301774,0.0061027654437869824,0.006934183142559834,0.005411806451612902,0.004800757544224765,0.32993548387096777,0.49664516129032255,0.6051774193548387,0.0339106699751861,0.04590868486352362,0.08103895781637727,65,62,0.6763076923076917,0.6382258064516125,72.62204724409449,127,16
774,774.0,0.36512307692307694,0.5421999999999999,0.524523076923077,0.34161904761904766,0.5222063492063492,0.5292539682539682,0.006576446390532544,0.004939267692307692,0.006089049467455621,0.006867092970521541,0.005416132023179641,0.004942538674729151,0.32469841269841276,0.4991428571428571,0.5996349206349206,0.040424664224664175,0.043057142857142794,0.07511184371184365,65,63,0.6664615384615378,0.6473015873015868,72.4375,128,17
775,775.0,0.364015625,0.54096875,0.524625,0.343984126984127,0.5236190476190477,0.5293333333333332,0.006599484130859375,0.0049179052734374985,0.006183515625,0.007092714033761654,0.005454521541950112,0.004947650793650795,0.325936507936508,0.4985238095238095,0.5958412698412697,0.038079117063491985,0.04244494047619052,0.07121626984126972,64,63,0.6728124999999995,0.6774603174603171,72.86614173228347,127,14
776,776.0,0.36452380952380947,0.5404920634920634,0.525952380952381,0.3443709677419355,0.5233709677419355,0.5293709677419355,0.0066877097505668925,0.004981424540186446,0.006168902494331066,0.0071976849635796035,0.005538620447450571,0.005027362382934443,0.32927419354838716,0.49575806451612897,0.5985806451612903,0.03524961597542231,0.044733998975934386,0.07262826420890933,63,62,0.648730158730158,0.6814516129032254,73.232,125,16
777,777.0,0.363609375,0.538171875,0.526,0.3422131147540983,0.5236721311475411,0.5254098360655738,0.006598706787109375,0.005305173583984375,0.0060410937500000005,0.007214364418167158,0.005538122010212308,0.004755651706530503,0.33267213114754096,0.489360655737705,0.5984262295081968,0.03093724385245905,0.04881121926229498,0.07242622950819677,64,61,0.6618749999999994,0.7101639344262292,73.84,125,13
778,778.0,0.363344262295082,0.5387540983606557,0.5255245901639345,0.34115873015873016,0.521952380952381,0.526809523809524,0.006472815909701692,0.005471496909432947,0.0057588723461435105,0.0072327049634668674,0.005543378684807254,0.004706725623582765,0.331984126984127,0.4885238095238095,0.6016031746031747,0.031360135310954995,0.05023028883684616,0.0760785844392402,61,63,0.6514754098360648,0.7047619047619044,73.4758064516129,124,16
779,779.0,0.3645322580645162,0.5391129032258063,0.5272258064516129,0.34387499999999993,0.5236875000000001,0.5272812499999999,0.005809990894901145,0.00511742273673257,0.005634078043704473,0.006996421875,0.006124183593749999,0.0047062646484375,0.33462499999999995,0.490890625,0.6016250000000001,0.029907258064516273,0.04822227822580627,0.0743991935483872,62,64,0.6559677419354835,0.6835937499999996,73.04761904761905,126,15
780,780.0,0.3628225806451614,0.5360967741935485,0.5303064516129032,0.34301562500000005,0.5255625,0.527734375,0.005884500780437044,0.0050269583766909464,0.0061185673777315285,0.007025546630859374,0.006005589843749999,0.004843101318359374,0.33376562499999995,0.495,0.59746875,0.02905695564516142,0.04109677419354851,0.06716229838709675,62,64,0.6579032258064509,0.6546874999999994,72.78571428571429,126,20
781,781.0,0.3621111111111111,0.5367619047619049,0.5317619047619048,0.341953125,0.527703125,0.526296875,0.005828447971781305,0.0051638956916099776,0.00592891156462585,0.006945825927734375,0.005872302490234373,0.005024271240234374,0.332359375,0.5001875,0.6004375,0.029751736111111093,0.03657440476190488,0.06867559523809519,63,64,0.6492063492063486,0.6428124999999995,72.69291338582677,127,22
782,782.0,0.35946875,0.5367656249999999,0.533484375,0.34232307692307695,0.5266000000000001,0.5249692307692307,0.006289686523437499,0.005390335693359375,0.0056536247558593745,0.006847726390532544,0.005859839999999998,0.005059783668639052,0.3323384615384615,0.49989230769230775,0.5983692307692308,0.027130288461538477,0.036873317307692166,0.06488485576923075,64,65,0.6434374999999994,0.6478461538461533,72.88372093023256,129,21
783,783.0,0.36134920634920625,0.5366666666666668,0.5367142857142857,0.3429384615384615,0.5244923076923077,0.524076923076923,0.006464449483497102,0.005252285714285714,0.005549378684807256,0.0069011039053254435,0.006129819171597633,0.0049518556213017755,0.33212307692307697,0.49812307692307695,0.5928769230769231,0.029226129426129288,0.0385435897435899,0.05616263736263738,63,65,0.6444444444444439,0.6798461538461533,72.21875,128,17
784,784.0,0.36237096774193545,0.5376451612903225,0.5363225806451614,0.342453125,0.525296875,0.524171875,0.006642168834547347,0.005312164412070759,0.005568831425598334,0.006993622802734375,0.006183521240234374,0.005028642333984375,0.330890625,0.49973437500000006,0.594453125,0.03148034274193545,0.03791078629032241,0.058130544354838665,62,64,0.6540322580645156,0.6703124999999995,72.5079365079365,126,21
785,785.0,0.3607460317460317,0.5383015873015873,0.5343174603174604,0.3397272727272727,0.5276060606060606,0.5257575757575756,0.006667681531872009,0.005260655076845554,0.005737073822121441,0.007019471074380165,0.006170784205693295,0.004978001836547291,0.32946969696969697,0.4904545454545454,0.5985757575757575,0.031276334776334735,0.04784704184704186,0.06425829725829713,63,66,0.628412698412698,0.6518181818181813,72.05426356589147,129,22
786,786.0,0.35859375000000004,0.5381875,0.53459375,0.3412424242424243,0.5294090909090908,0.526969696969697,0.006855334960937501,0.00517927734375,0.005652241210937499,0.006751335169880624,0.005965211432506885,0.005103180899908173,0.33054545454545453,0.48834848484848487,0.6059696969696969,0.028048295454545513,0.049839015151515176,0.07137594696969696,64,66,0.6387499999999995,0.6518181818181813,72.6076923076923,130,20
787,787.0,0.35931147540983605,0.5365737704918033,0.5368032786885245,0.33785294117647063,0.530485294117647,0.5258676470588235,0.0068930997043805415,0.0052902773447997846,0.005796092448266595,0.007262360726643597,0.005843543901384082,0.005065232482698961,0.3306176470588235,0.4920882352941177,0.5991764705882353,0.02869382835101253,0.04448553519768561,0.0623731918997108,61,68,0.641475409836065,0.6617647058823525,72.27906976744185,129,19
788,788.0,0.3588166666666666,0.5347500000000001,0.5381333333333334,0.33897014925373137,0.5319850746268657,0.5254626865671641,0.006993049722222223,0.005175554166666666,0.005784782222222223,0.007107491646246381,0.005788104254845176,0.004896606816662953,0.3328358208955223,0.4912985074626866,0.6034776119402985,0.02598084577114429,0.04345149253731345,0.06534427860696512,60,67,0.6406666666666662,0.645522388059701,72.70866141732283,127,22
789,789.0,0.35811864406779664,0.5373898305084746,0.5399830508474577,0.3426153846153846,0.5326769230769233,0.5259692307692307,0.007077460499856362,0.005288881930479747,0.005913677678827923,0.0068782674556213015,0.005851941775147929,0.004900552899408284,0.3347384615384615,0.4891692307692308,0.6032153846153846,0.02338018252933516,0.04822059973924375,0.06323233376792692,59,65,0.6245762711864402,0.6346153846153841,72.6774193548387,124,24
790,790.0,0.3597017543859649,0.5381228070175438,0.5414912280701754,0.3420923076923077,0.530523076923077,0.5259999999999999,0.00722627947060634,0.005453967374576793,0.005962811326562019,0.006819006863905325,0.00573821869822485,0.004897292307692307,0.3354307692307692,0.48624615384615383,0.6048461538461538,0.024270985155195712,0.05187665317138995,0.06335492577597845,57,65,0.6247368421052627,0.6392307692307688,72.26229508196721,122,23
791,791.0,0.3597017543859649,0.5381228070175438,0.5414912280701754,0.3435294117647059,0.5345441176470589,0.5282941176470588,0.00722627947060634,0.005453967374576793,0.005962811326562019,0.006778131487889274,0.0059369833477508635,0.0049430605536332165,0.3459411764705882,0.485485294117647,0.6092500000000001,0.013760577915376715,0.052637512899896766,0.06775877192982471,57,68,0.6143859649122803,0.6352941176470583,72.888,125,24
792,792.0,0.35885714285714293,0.5379821428571429,0.5387500000000001,0.3438529411764706,0.536514705882353,0.5313382352941177,0.007314658163265306,0.005550231823979591,0.005640973214285714,0.0067446842560553635,0.006202896842560554,0.005330782655709343,0.3475,0.4854264705882353,0.6121911764705884,0.011357142857142954,0.05255567226890756,0.07344117647058834,56,68,0.6217857142857138,0.6464705882352936,72.83064516129032,124,22
793,793.0,0.35607142857142854,0.5357142857142857,0.5364107142857143,0.3455735294117647,0.5373235294117648,0.5311470588235294,0.007439816326530612,0.005964561224489795,0.005730242028061224,0.006616626946366782,0.006158542387543251,0.005320743079584775,0.3495735294117647,0.49326470588235294,0.6087058823529412,0.006497899159663811,0.04244957983193276,0.07229516806722691,56,68,0.6207142857142852,0.652647058823529,73.25806451612904,124,24
794,794.0,0.3535,0.5327222222222222,0.5355555555555556,0.34536231884057966,0.5317971014492755,0.5293188405797102,0.007366435185185185,0.005882719135802469,0.005851913580246914,0.006609854232304137,0.00638158202058391,0.005282825876916614,0.3476666666666667,0.4892318840579711,0.6093188405797101,0.0058333333333333015,0.04349033816425113,0.07376328502415452,54,69,0.6175925925925919,0.6786956521739127,73.89430894308943,123,23
795,795.0,0.3550181818181818,0.5331272727272727,0.5339818181818182,0.34914492753623183,0.5327536231884058,0.5311884057971017,0.007356963305785124,0.005784620165289256,0.005879254214876032,0.00591928334383533,0.005945316110060911,0.004991747111951271,0.35573913043478256,0.4878260869565218,0.6104202898550725,0.0007209486166007695,0.045301185770750874,0.07643847167325424,55,69,0.6003636363636357,0.6778260869565212,73.68548387096774,124,24
796,796.0,0.35235714285714287,0.5373571428571429,0.5369642857142857,0.347865671641791,0.5311194029850747,0.5340298507462685,0.008035801020408162,0.005350551020408162,0.0049492130102040816,0.006214862552907106,0.0060560155936734235,0.0050840588104254835,0.35613432835820885,0.48634328358208956,0.6169701492537314,0.0037771855010659827,0.05101385927505331,0.08000586353944572,56,67,0.6092857142857138,0.7162686567164174,74.20325203252033,123,21
797,797.0,0.35078947368421054,0.5389473684210526,0.5364561403508773,0.347865671641791,0.5311194029850747,0.5340298507462685,0.0078131135734072,0.005404400738688826,0.005174528778085565,0.006214862552907106,0.0060560155936734235,0.0050840588104254835,0.35613432835820885,0.48634328358208956,0.6169701492537314,0.005344854673998312,0.05260408483896306,0.0805140089028541,57,67,0.6128070175438591,0.6977611940298504,74.94354838709677,124,22
798,798.0,0.3488727272727273,0.5373636363636364,0.5384,0.340078125,0.532359375,0.53275,0.007954111074380167,0.005457431404958678,0.005252058181818182,0.007693572021484375,0.005946011474609374,0.005149281249999999,0.3498125,0.49192187500000006,0.618375,0.0009397727272727474,0.04544176136363631,0.07997500000000002,55,64,0.5721818181818176,0.7074999999999996,73.41176470588235,119,23
799,799.0,0.35043636363636366,0.5349818181818182,0.534290909090909,0.3399047619047619,0.5324761904761903,0.5326349206349207,0.008064645950413224,0.005608308760330577,0.005156279008264463,0.007813768707482995,0.006039519274376416,0.005230168304358781,0.35284126984126973,0.49125396825396833,0.6170634920634921,0.0024049062049060765,0.04372784992784989,0.08277258297258305,55,63,0.5639999999999995,0.6947619047619045,73.92372881355932,118,27
800,800.0,0.35043636363636366,0.5349818181818182,0.534290909090909,0.3393548387096774,0.5308709677419355,0.5365322580645162,0.008064645950413224,0.005608308760330577,0.005156279008264463,0.007866454734651404,0.006119918834547345,0.0049498618626430775,0.348032258064516,0.49746774193548393,0.6145322580645163,0.00240410557184767,0.037514076246334294,0.08024134897360724,55,62,0.5594545454545449,0.7345161290322578,74.01709401709402,117,26
801,801.0,0.35101818181818184,0.5346545454545455,0.5352363636363636,0.335655737704918,0.5359508196721311,0.5342622950819673,0.008042854214876032,0.005523098842975205,0.005198325950413223,0.00838757000806235,0.005845522171459284,0.004819865627519484,0.3386393442622951,0.496327868852459,0.6096557377049181,0.012378837555886757,0.038326676602086496,0.07441937406855448,55,61,0.5832727272727267,0.6893442622950816,73.26724137931035,116,27
802,802.0,0.34996363636363637,0.5328,0.5370545454545453,0.33145,0.5295166666666666,0.5351333333333332,0.008610071404958678,0.005975105454545455,0.005207324297520661,0.0074371141666666665,0.005569349722222222,0.004638715555555554,0.34213333333333334,0.48855,0.6141666666666665,0.00783030303030302,0.04425000000000007,0.07711212121212119,55,60,0.5872727272727267,0.7076666666666663,72.58260869565217,115,23
803,803.0,0.34996363636363637,0.5328,0.5370545454545453,0.33074576271186445,0.5285762711864406,0.5368983050847458,0.008610071404958678,0.005975105454545455,0.005207324297520661,0.00751656248204539,0.005663159436943407,0.004549650675093363,0.34411864406779663,0.48486440677966103,0.6154067796610168,0.005844992295839735,0.04793559322033902,0.07835223420647142,55,59,0.573636363636363,0.717796610169491,72.95614035087719,114,24
804,804.0,0.34826785714285713,0.5323392857142857,0.5387142857142857,0.3309661016949153,0.5240508474576271,0.5366271186440678,0.008614481823979591,0.00588008131377551,0.005265846938775511,0.007546371732260845,0.005199878770468256,0.0045723016374605,0.3487288135593221,0.48137288135593215,0.6175254237288134,0.000460956416464986,0.050966404358353534,0.07881113801452766,56,59,0.5624999999999994,0.702881355932203,73.76521739130435,115,28
805,805.0,0.3498571428571428,0.5305178571428572,0.5363749999999999,0.3309661016949153,0.5240508474576271,0.5366271186440678,0.00859044387755102,0.006333356823979591,0.005209912946428571,0.007546371732260845,0.005199878770468256,0.0045723016374605,0.3487288135593221,0.48137288135593215,0.6175254237288134,0.001128329297820696,0.049144975786925005,0.08115042372881343,56,59,0.5974999999999994,0.713389830508474,73.97391304347826,115,26
806,806.0,0.34793103448275864,0.5293103448275862,0.5383620689655173,0.32931666666666676,0.5246833333333333,0.5365,0.008402271105826397,0.006196834720570748,0.005169817181926279,0.007581116388888889,0.005136816388888888,0.004497049999999999,0.34578333333333344,0.4835833333333333,0.6138999999999998,0.0021477011494251963,0.0457270114942529,0.07553793103448248,58,60,0.6136206896551719,0.7276666666666665,73.51694915254237,118,22
807,807.0,0.3487192982456141,0.5290877192982456,0.5384736842105263,0.33226666666666665,0.5255500000000001,0.5382666666666667,0.008513640504770699,0.0063026765158510295,0.005259793167128346,0.007975495555555556,0.005379314166666665,0.004354962222222221,0.3536166666666668,0.47713333333333335,0.6152333333333332,0.004897368421052706,0.05195438596491225,0.07675964912280686,57,60,0.6129824561403503,0.7434999999999995,73.82905982905983,117,20
808,808.0,0.34753448275862076,0.5302586206896552,0.5382586206896551,0.3352622950819672,0.5250655737704919,0.5390491803278689,0.00844686950059453,0.006272157253269917,0.0051717434601664695,0.00838317710292932,0.005305208814834721,0.004320309056705186,0.3553606557377051,0.47865573770491804,0.6140163934426228,0.007826172979084334,0.0516028829847372,0.07575777275296769,58,61,0.626724137931034,0.7190163934426226,74.95798319327731,119,22
809,809.0,0.34480701754385956,0.5281929824561403,0.5353157894736842,0.33846031746031746,0.5251428571428572,0.5393809523809524,0.00843261188057864,0.006259699599876885,0.00516790027700831,0.008584534139581759,0.0052649795918367345,0.0042311564625850335,0.3573015873015875,0.48263492063492064,0.6136825396825396,0.012494569757727947,0.045558061821219686,0.07836675020885542,57,63,0.6421052631578942,0.7101587301587298,75.66666666666667,120,22
810,810.0,0.34096296296296297,0.5267222222222223,0.5345740740740741,0.3381904761904762,0.5240317460317461,0.5401587301587302,0.008597406035665294,0.006398422839506173,0.0054400963648834014,0.008538027210884353,0.005108506928697405,0.004336514487276392,0.3576031746031747,0.47684126984126984,0.6188412698412697,0.016640211640211733,0.04988095238095247,0.08426719576719566,54,63,0.6357407407407402,0.7047619047619044,74.88034188034187,117,24
811,811.0,0.3423518518518518,0.5295,0.5323333333333333,0.3381904761904762,0.5240317460317461,0.5401587301587302,0.008691524348422497,0.006096842592592592,0.005201222222222222,0.008538027210884353,0.005108506928697405,0.004336514487276392,0.3576031746031747,0.47684126984126984,0.6188412698412697,0.015251322751322904,0.05265873015873013,0.08650793650793642,54,63,0.6588888888888884,0.7101587301587299,75.28205128205128,117,22
812,812.0,0.3423518518518518,0.5295,0.5323333333333333,0.3355151515151515,0.5268181818181819,0.5413939393939394,0.008691524348422497,0.006096842592592592,0.005201222222222222,0.008489704315886134,0.005058451790633608,0.004464299357208448,0.3466969696969697,0.47972727272727267,0.6104393939393938,0.0043451178451179295,0.0497727272727273,0.07810606060606051,54,66,0.6768518518518513,0.7186363636363633,75.275,120,18
813,813.0,0.34316363636363634,0.5282,0.5302545454545454,0.33799999999999997,0.5269696969696969,0.5425151515151515,0.008569082314049587,0.00607725090909091,0.005340007933884296,0.008848727272727272,0.005092423324150596,0.004424037649219467,0.34807575757575754,0.4818939393939394,0.6119545454545454,0.004912121212121201,0.04630606060606063,0.0817,55,66,0.6592727272727269,0.7134848484848479,75.52066115702479,121,19
814,814.0,0.3401509433962263,0.5265849056603773,0.5305471698113207,0.33799999999999997,0.5269696969696969,0.5425151515151515,0.008630618725525096,0.0056357522249911,0.005446700605197579,0.008848727272727272,0.005092423324150596,0.004424037649219467,0.34807575757575754,0.4818939393939394,0.6119545454545454,0.007924814179531225,0.044690966266437926,0.08140737564322476,53,66,0.6426415094339618,0.7389393939393936,75.97478991596638,119,21
815,815.0,0.34015384615384614,0.5273653846153846,0.5306153846153845,0.33981538461538463,0.5287230769230769,0.5438307692307693,0.00879659171597633,0.005711847263313608,0.00555119822485207,0.009001042840236687,0.005242446390532543,0.004032940591715975,0.3571076923076923,0.481,0.6116153846153847,0.016953846153846153,0.04636538461538464,0.08100000000000018,52,65,0.6417307692307688,0.7481538461538457,75.45299145299145,117,22
816,816.0,0.333111111111111,0.5206666666666667,0.532037037037037,0.33981538461538463,0.5287230769230769,0.5438307692307693,0.010268506172839505,0.0068548518518518516,0.00517422085048011,0.009001042840236687,0.005242446390532543,0.004032940591715975,0.3571076923076923,0.481,0.6116153846153847,0.023996581196581268,0.03966666666666674,0.0795783475783477,54,65,0.6472222222222219,0.7466153846153842,74.65546218487395,119,20
817,817.0,0.333111111111111,0.5206666666666667,0.532037037037037,0.3408484848484849,0.5279696969696969,0.5429696969696971,0.010268506172839505,0.0068548518518518516,0.00517422085048011,0.008934037649219467,0.0051999081726354455,0.004020029384756657,0.3563030303030303,0.48034848484848486,0.6108484848484849,0.023191919191919264,0.040318181818181864,0.07881144781144789,54,66,0.6522222222222217,0.7481818181818178,75.35833333333333,120,21
818,818.0,0.329448275862069,0.5171896551724138,0.5384310344827586,0.3359384615384616,0.5254923076923077,0.5453076923076922,0.010076040428061832,0.006684774375743163,0.0056971762782401895,0.008920334674556213,0.004971203786982249,0.00442375147928994,0.3462923076923077,0.4718307692307692,0.617,0.016844031830238693,0.045358885941644556,0.07856896551724135,58,65,0.6601724137931031,0.712461538461538,75.4308943089431,123,22
819,819.0,0.3282545454545454,0.5151818181818182,0.5399090909090909,0.3330000000000001,0.5231833333333332,0.5452833333333333,0.00989775338842975,0.007011276033057851,0.006102991735537189,0.009030066666666666,0.00500211638888889,0.004596203055555554,0.34191666666666676,0.4780166666666667,0.6049666666666667,0.013662121212121348,0.037165151515151484,0.06505757575757576,55,60,0.637636363636363,0.7103333333333329,73.6608695652174,115,22
820,820.0,0.3342,0.5123818181818182,0.5380545454545453,0.334949152542373,0.5237627118644067,0.5469322033898305,0.008121105454545455,0.007109326942148761,0.005677251570247934,0.008955166906061476,0.005066757253662741,0.004510978454467106,0.34301694915254244,0.47949152542372886,0.6000677966101694,0.008816949152542441,0.0328902927580893,0.06201325115562406,55,59,0.6472727272727269,0.6988135593220336,73.8157894736842,114,23
821,821.0,0.33673214285714287,0.514875,0.5383571428571428,0.33459322033898303,0.522864406779661,0.5458135593220339,0.008328731823979594,0.007324252232142857,0.0055809081632653065,0.009520851479459927,0.0050213714449870725,0.004420083883941394,0.34398305084745767,0.4767118644067797,0.5959152542372881,0.007250907990314803,0.038163135593220265,0.05755811138014533,56,59,0.6499999999999995,0.69728813559322,73.51304347826087,115,22
822,822.0,0.33573684210526317,0.5123333333333333,0.5379824561403508,0.3343050847457627,0.5229661016949152,0.5449322033898304,0.00823808864265928,0.0075575204678362574,0.005490859341335796,0.009549059465670785,0.005016100545820167,0.004438368284975579,0.3526271186440678,0.48167796610169494,0.5879491525423729,0.01689027653880465,0.030655367231638364,0.049966696402022115,57,59,0.654912280701754,0.6905084745762707,73.88793103448276,116,21
823,823.0,0.3337192982456141,0.511280701754386,0.5397017543859649,0.3343050847457627,0.5229661016949152,0.5449322033898304,0.008035886118805787,0.007577675592489997,0.005279823330255464,0.009549059465670785,0.005016100545820167,0.004438368284975579,0.3526271186440678,0.48167796610169494,0.5879491525423729,0.018907820398453734,0.02960273565269106,0.048247398156407995,57,59,0.6838596491228065,0.6722033898305082,74.41379310344827,116,22
824,824.0,0.33066071428571425,0.5117857142857143,0.5407678571428571,0.33184745762711865,0.5234406779661016,0.5459322033898304,0.008451152742346939,0.007694811224489796,0.005297535395408164,0.009473247917265153,0.004934280379201379,0.00442250387819592,0.3520677966101695,0.47527118644067795,0.5947288135593221,0.021407082324455262,0.03651452784503634,0.05396095641646492,56,59,0.6828571428571424,0.6928813559322031,74.78260869565217,115,18
825,825.0,0.3336724137931035,0.5142931034482758,0.5407068965517241,0.33234482758620687,0.5209137931034483,0.5433275862068965,0.008414254756242568,0.00764655202140309,0.005194414090368609,0.009621984542211652,0.00464263049940547,0.004098496135552913,0.35393103448275864,0.47072413793103446,0.5944827586206898,0.02025862068965517,0.043568965517241376,0.053775862068965674,58,58,0.6813793103448271,0.7036206896551719,75.84482758620689,116,19
826,826.0,0.33463333333333345,0.51575,0.54265,0.33022950819672137,0.522,0.5467868852459016,0.00826369888888889,0.007322820833333333,0.004878860833333334,0.009723029293200755,0.004621081967213113,0.0043397414673474865,0.3457868852459017,0.46618032786885244,0.5978032786885247,0.011153551912568227,0.0495696721311476,0.05515327868852471,60,61,0.6724999999999995,0.6639344262295079,75.49586776859505,121,21
827,827.0,0.33572131147540984,0.5144098360655739,0.5436557377049179,0.32990163934426225,0.5231147540983606,0.5470983606557377,0.008245151840902982,0.00728496318194034,0.005031701155603333,0.009840449341574842,0.004642134372480516,0.004315793603869927,0.3445409836065574,0.4708688524590164,0.5912622950819674,0.008819672131147538,0.043540983606557504,0.04760655737704944,61,61,0.682786885245901,0.6790163934426224,74.13934426229508,122,17
828,828.0,0.34055357142857146,0.5126071428571429,0.5421428571428571,0.32990163934426225,0.5231147540983606,0.5470983606557377,0.007182675701530612,0.007694309948979591,0.00486251530612245,0.009840449341574842,0.004642134372480516,0.004315793603869927,0.3445409836065574,0.4708688524590164,0.5912622950819674,0.003987412177985927,0.04173829039812654,0.04911943793911022,56,61,0.6555357142857138,0.6999999999999997,73.48717948717949,117,20
829,829.0,0.34055357142857146,0.5126071428571429,0.5421428571428571,0.32990163934426225,0.5231147540983606,0.5470983606557377,0.007182675701530612,0.007694309948979591,0.00486251530612245,0.009840449341574842,0.004642134372480516,0.004315793603869927,0.3445409836065574,0.4708688524590164,0.5912622950819674,0.003987412177985927,0.04173829039812654,0.04911943793911022,56,61,0.6623214285714282,0.7127868852459012,74.48717948717949,117,21
830,830.0,0.34229824561403516,0.5124035087719299,0.5426491228070176,0.33013333333333333,0.5241833333333333,0.54665,0.007227121575869498,0.007561644198214835,0.004791561095721761,0.01000118222222222,0.004649849722222222,0.004375460833333332,0.33996666666666664,0.4684999999999999,0.59155,0.002331578947368518,0.043903508771929944,0.04890087719298242,57,60,0.6784210526315784,0.7228333333333329,75.27350427350427,117,21
831,831.0,0.34472413793103446,0.5088103448275862,0.5421896551724138,0.3331016949152542,0.5238305084745764,0.5433898305084744,0.007324165279429251,0.006635257134363852,0.005009739892984542,0.010383989658144214,0.0047173950014363685,0.0041144073542085605,0.34335593220338984,0.46754237288135597,0.5927796610169492,0.0013682057276446224,0.041267971946230275,0.050590005844535435,58,59,0.6729310344827582,0.7305084745762709,74.97435897435898,117,21
832,832.0,0.34389473684210525,0.509578947368421,0.541438596491228,0.3311774193548387,0.521,0.543032258064516,0.007469602954755309,0.006563050784856879,0.00528722868574946,0.010003694328824142,0.004844129032258064,0.004156515088449531,0.3423548387096774,0.46812903225806457,0.5919193548387097,0.0015398981324278305,0.04144991511035645,0.05048075834748167,57,62,0.6889473684210521,0.6882258064516124,73.33613445378151,119,23
833,833.0,0.3454406779661017,0.5069152542372881,0.5413728813559322,0.3299206349206349,0.5187460317460317,0.5465396825396825,0.007294890548692903,0.0069833318012065505,0.005194572823901178,0.009942834971025449,0.005082221214411692,0.004264788107835727,0.345936507936508,0.46290476190476193,0.5969047619047618,0.000495829970406314,0.044010492332526185,0.055531880548829626,59,63,0.6649152542372877,0.6809523809523805,72.68032786885246,122,25
834,834.0,0.3460491803278688,0.5084098360655738,0.538622950819672,0.3294426229508196,0.5195409836065574,0.5439016393442623,0.007205161515721579,0.007213389411448536,0.005256267669981188,0.010202410642300458,0.005185264713786616,0.004182744423542058,0.34883606557377056,0.46795081967213126,0.5878360655737704,0.00278688524590176,0.040459016393442515,0.0492131147540984,61,61,0.6631147540983602,0.6924590163934423,72.22950819672131,122,26
835,835.0,0.3417777777777778,0.5088571428571429,0.5376507936507935,0.32790163934426225,0.5199344262295084,0.5447868852459016,0.008159569664902996,0.007001360544217687,0.005210798689846309,0.010189072292394519,0.005053274388605213,0.0040936103198065035,0.34931147540983615,0.4687868852459016,0.588655737704918,0.007533697632058356,0.04007025761124128,0.05100494405412448,63,61,0.6584126984126979,0.6962295081967208,72.2741935483871,124,25
836,836.0,0.3383492063492064,0.5092698412698413,0.5376031746031745,0.32698360655737707,0.5195409836065574,0.5447049180327869,0.009106290753338372,0.007112736709498616,0.00522176316452507,0.010334934157484547,0.005116805697393175,0.0040903719430260685,0.3481639344262295,0.4737049180327869,0.5807049180327869,0.009814728077023105,0.0355649232370544,0.04310174342961237,63,61,0.6404761904761901,0.676885245901639,71.90322580645162,124,30
837,837.0,0.33896875,0.51146875,0.539171875,0.32574576271186434,0.5191525423728814,0.5428135593220338,0.008977874023437499,0.007098655273437501,0.005187204833984375,0.010497511634587762,0.0047975191037058305,0.004007846595805804,0.34523728813559323,0.47406779661016946,0.581457627118644,0.006268538135593249,0.03740095338983057,0.04228575211864405,64,59,0.6331249999999995,0.7030508474576267,71.55284552845528,123,29
838,838.0,0.33896875,0.51146875,0.539171875,0.32113793103448274,0.5192241379310345,0.5403275862068967,0.008977874023437499,0.007098655273437501,0.005187204833984375,0.010650808561236623,0.00480338079667063,0.004010254756242568,0.3351034482758621,0.4739827586206897,0.5765000000000001,0.003865301724137904,0.0374859913793103,0.037328125000000156,64,58,0.6498437499999994,0.7122413793103443,71.24590163934427,122,26
839,839.0,0.3360161290322581,0.5100806451612904,0.5370967741935485,0.3202181818181818,0.5231818181818182,0.5414,0.008938177159209157,0.007213074141519252,0.0052153777315296565,0.01080562512396694,0.004570694214876033,0.00426144,0.3353272727272727,0.47558181818181827,0.5757272727272728,0.0006888563049853857,0.0344988269794721,0.038630498533724245,62,55,0.6425806451612898,0.7745454545454541,69.74358974358974,117,23
840,840.0,0.33650819672131155,0.5122459016393444,0.5365573770491803,0.32026785714285716,0.5199642857142858,0.5426964285714285,0.00906969255576458,0.007040644450416554,0.005282836871808655,0.01049473182397959,0.004534463010204082,0.004484925701530612,0.33937500000000004,0.46671428571428575,0.5814285714285715,0.00286680327868849,0.04553161592505861,0.044871194379391244,61,56,0.6526229508196716,0.7880357142857138,70.38461538461539,117,23
841,841.0,0.33650819672131155,0.5122459016393444,0.5365573770491803,0.3206896551724138,0.5184655172413793,0.5411896551724138,0.00906969255576458,0.007040644450416554,0.005282836871808655,0.011311627824019024,0.004471007431629012,0.004967670927467301,0.3418620689655173,0.46734482758620693,0.5847758620689656,0.0053538722442057485,0.044901074053137424,0.04821848501978532,61,58,0.6440983606557372,0.7812068965517237,70.73109243697479,119,25
842,842.0,0.34009523809523806,0.5146984126984128,0.5364126984126985,0.32149152542372883,0.5173728813559323,0.5436101694915254,0.009162562358276644,0.006857861426051903,0.005228909045099522,0.01115719908072393,0.004464471128985923,0.005223288710140764,0.3443898305084746,0.4669152542372882,0.5827118644067797,0.004294592413236542,0.047783158461124575,0.04629916599408124,63,59,0.6398412698412694,0.791525423728813,70.6639344262295,122,22
843,843.0,0.34435384615384607,0.515523076923077,0.5381076923076923,0.3177540983606557,0.5204262295081967,0.5402459016393443,0.009451920946745563,0.006721264852071006,0.005159819171597632,0.01128707067992475,0.004844146197258799,0.0054174313356624565,0.33393442622950825,0.4679836065573771,0.5769672131147541,0.010419419924337814,0.04753947036569989,0.03885952080706179,65,61,0.6330769230769226,0.7745901639344258,70.62698412698413,126,22
844,844.0,0.3434838709677419,0.5142096774193549,0.539258064516129,0.31696721311475407,0.5194590163934426,0.5392131147540984,0.009475894901144638,0.006869036680541102,0.0050995140478668054,0.01124514646600376,0.004935920451491533,0.005304298844396669,0.3310491803278689,0.4687540983606557,0.5795901639344262,0.012434690639873014,0.04545557905869918,0.040332099418297185,62,61,0.6319354838709672,0.7783606557377045,70.48780487804878,123,23
845,845.0,0.3445084745762712,0.5176101694915254,0.5402372881355932,0.3191967213114754,0.5132459016393442,0.5384262295081966,0.009657368572249352,0.006761220913530596,0.004764180982476299,0.011331994087610858,0.005281201827465735,0.004938310131685031,0.32973770491803284,0.4595901639344262,0.5801147540983607,0.01477076965823837,0.058020005557099186,0.03987746596276742,59,61,0.6223728813559317,0.7724590163934423,68.64166666666667,120,22
846,846.0,0.3440166666666667,0.5177333333333333,0.5394833333333333,0.31633333333333336,0.5110666666666667,0.5380499999999999,0.009510683055555557,0.0066494288888888885,0.004718316388888888,0.01102072222222222,0.0050795288888888885,0.005011980833333334,0.3271,0.45778333333333326,0.5809333333333334,0.01691666666666669,0.05995,0.0414500000000001,60,60,0.6136666666666664,0.7951666666666661,69.49166666666666,120,23
847,847.0,0.3453114754098361,0.5178032786885245,0.5391967213114753,0.3195737704918033,0.5126065573770492,0.5378360655737704,0.00945536199946251,0.006540715399086268,0.004645895726955119,0.011470080623488308,0.0051385337274926085,0.004932563289438324,0.3264754098360656,0.45798360655737697,0.5832950819672131,0.01883606557377049,0.05981967213114753,0.0440983606557378,61,61,0.6093442622950814,0.8026229508196718,69.9672131147541,122,23
848,848.0,0.3442258064516128,0.5159677419354838,0.542274193548387,0.31772881355932203,0.5116949152542373,0.5380847457627118,0.009425561914672217,0.006521773152965659,0.004919005463059314,0.01175290950876185,0.005197466245331801,0.004989670784257398,0.32394915254237294,0.4527457627118644,0.5867288135593222,0.020276653909239883,0.06322197922361938,0.04445462001093514,62,59,0.6212903225806448,0.7979661016949148,69.23140495867769,121,24
849,849.0,0.34317741935483864,0.519774193548387,0.5366451612903225,0.3200892857142857,0.5085714285714286,0.5409464285714286,0.009220178199791883,0.0069346586888657654,0.00521858376690947,0.012168652742346938,0.005211994897959183,0.004979586415816327,0.3272142857142857,0.447625,0.5895714285714285,0.015963133640552962,0.07214919354838706,0.052926267281106054,62,56,0.6103225806451608,0.8105357142857139,67.63559322033899,118,26
850,850.0,0.3449999999999999,0.5207460317460317,0.5385079365079364,0.317375,0.5080714285714285,0.5423214285714286,0.009279777777777774,0.0068831418493323256,0.005350884857646763,0.012042341517857142,0.005218316326530611,0.005047968112244898,0.3248392857142857,0.4524642857142857,0.5865357142857144,0.0201607142857142,0.06828174603174603,0.048027777777778,63,56,0.6134920634920631,0.834285714285714,68.4873949579832,119,23
851,851.0,0.34630158730158717,0.5208571428571428,0.5393809523809524,0.3141666666666666,0.5070555555555555,0.5426481481481481,0.00929890904509952,0.0068577414965986395,0.005341378684807256,0.012191805555555556,0.005354682098765432,0.005231857681755829,0.3161111111111111,0.4565740740740741,0.5811481481481482,0.030190476190476045,0.06428306878306872,0.041767195767195786,63,54,0.5999999999999995,0.8488888888888882,68.3931623931624,117,26
852,852.0,0.34536923076923076,0.5198153846153846,0.5416307692307692,0.31807692307692303,0.5054230769230769,0.5430961538461537,0.009675217514792897,0.006736796686390533,0.00525078674556213,0.012190878698224853,0.005245590236686389,0.005423817677514793,0.31863461538461535,0.4580000000000001,0.5835961538461538,0.026734615384615412,0.061815384615384494,0.04196538461538457,65,52,0.6130769230769225,0.8401923076923073,66.86324786324786,117,24
853,853.0,0.34692307692307695,0.5196,0.5432461538461538,0.3212452830188679,0.5023962264150943,0.5431509433962264,0.009328255621301774,0.00677500923076923,0.005399600946745562,0.012426449270202918,0.005154352438590244,0.005423524385902456,0.32318867924528305,0.4689245283018868,0.574490566037736,0.023734397677793895,0.05067547169811315,0.031244412191582138,65,53,0.6223076923076918,0.8256603773584901,66.30508474576271,118,24
854,854.0,0.3456470588235294,0.5233823529411764,0.5385735294117646,0.3204716981132075,0.5028679245283019,0.5457735849056603,0.01012631660899654,0.007001294982698962,0.005717685769896195,0.01225062655749377,0.005124982556069776,0.005696477038091849,0.3264905660377358,0.461,0.5786603773584906,0.019156492785793622,0.06238235294117639,0.04008684794672601,68,53,0.6117647058823524,0.804528301886792,66.10743801652893,121,25
855,855.0,0.3434925373134329,0.5232537313432836,0.5385820895522387,0.3224074074074074,0.5027962962962963,0.5478148148148148,0.00996180218311428,0.007104666963689018,0.005803019380708399,0.012222352537722907,0.005030347393689984,0.005811817558299041,0.3291296296296296,0.4527407407407407,0.5837962962962964,0.014362907683803272,0.07051299060254285,0.04521420674405763,67,54,0.5895522388059695,0.8190740740740737,66.49586776859505,121,28
856,856.0,0.345469696969697,0.5215757575757576,0.5375454545454547,0.3221071428571429,0.5029821428571429,0.5464107142857143,0.00989179453627181,0.00749457759412305,0.005545035812672176,0.012103845663265306,0.005115767538265306,0.0057314205994897964,0.32503571428571426,0.4492678571428571,0.5836785714285713,0.02043398268398272,0.07230790043290047,0.04613311688311661,66,56,0.5999999999999995,0.7991071428571425,67.32786885245902,122,29
857,857.0,0.34791176470588236,0.5206029411764708,0.5423088235294118,0.32248275862068965,0.5005344827586208,0.5465862068965518,0.009983727508650519,0.007504621756055363,0.0057372428633217995,0.011834697978596908,0.00506742122473246,0.005552242568370989,0.3226551724137931,0.4378275862068966,0.5988965517241379,0.025256592292089264,0.08277535496957417,0.05658772819472613,68,58,0.5852941176470584,0.7415517241379306,66.96825396825396,126,31
858,858.0,0.3487910447761194,0.5227611940298509,0.5412985074626867,0.317344262295082,0.49836065573770494,0.5453934426229509,0.01008562797950546,0.007940778792604146,0.006195463132100691,0.012787110991668908,0.0053273453372749266,0.005444140284869659,0.31613114754098354,0.4388688524590164,0.5957213114754099,0.03265989723513585,0.08389234157083447,0.05442280401272315,67,61,0.5985074626865665,0.6983606557377044,67.171875,128,33
859,859.0,0.3418115942028986,0.5269130434782608,0.5385652173913046,0.316241935483871,0.49854838709677424,0.5469677419354839,0.010753950010501993,0.008391934467548837,0.006335521109010711,0.012654989854318413,0.005243570239334027,0.005507515088449533,0.31216129032258055,0.43506451612903224,0.5955645161290322,0.02965030388031803,0.0918485273492286,0.05699929873772758,69,62,0.6010144927536228,0.6730645161290318,66.77862595419847,131,31
860,860.0,0.3418115942028986,0.5269130434782608,0.5385652173913046,0.31667213114754095,0.49693442622950823,0.5491639344262296,0.010753950010501993,0.008391934467548837,0.006335521109010711,0.0128509744692287,0.005168028486965868,0.0052987600107498,0.3172786885245901,0.4314754098360656,0.6011311475409835,0.02453290567830846,0.09543763364219526,0.06256593014967893,69,61,0.6027536231884052,0.7124590163934423,67.5,130,28
861,861.0,0.34331428571428574,0.5239857142857143,0.5382428571428574,0.3159166666666666,0.49793333333333334,0.54845,0.010756129795918367,0.00886332836734694,0.006252183877551021,0.013030343055555555,0.005193295555555554,0.0053559808333333335,0.3154,0.4287833333333333,0.6022166666666667,0.027914285714285725,0.09520238095238098,0.06397380952380938,70,60,0.5987142857142853,0.7371666666666663,68.27692307692308,130,26
862,862.0,0.34439130434782605,0.523304347826087,0.5387826086956523,0.31764516129032255,0.49814516129032255,0.547741935483871,0.010830817895400125,0.008959284183994961,0.006322402016383114,0.012701970863683663,0.00510615634755463,0.0053163204994797104,0.3234032258064516,0.43551612903225806,0.5983548387096775,0.020988078541374466,0.08778821879382898,0.05957223001402523,69,62,0.5982608695652167,0.7391935483870966,68.90076335877863,131,26
863,863.0,0.3501142857142857,0.5238142857142858,0.5368142857142857,0.3106615384615385,0.4971538461538462,0.553923076923077,0.011991444081632652,0.008845636938775511,0.006159979795918368,0.01175674698224852,0.005147853254437869,0.005457547928994083,0.30238461538461536,0.4263692307692308,0.6089230769230769,0.04772967032967035,0.09744505494505501,0.07210879120879121,70,65,0.5978571428571424,0.6732307692307689,68.27407407407408,135,26
864,864.0,0.34885714285714287,0.5250285714285715,0.5355,0.3106615384615385,0.4971538461538462,0.553923076923077,0.012339636734693876,0.008906542040816324,0.006034221428571429,0.01175674698224852,0.005147853254437869,0.005457547928994083,0.30238461538461536,0.4263692307692308,0.6089230769230769,0.0464725274725275,0.09865934065934073,0.07342307692307692,70,65,0.6092857142857138,0.696307692307692,68.7925925925926,135,22
865,865.0,0.34792957746478875,0.5248028169014085,0.5342253521126761,0.31,0.4957424242424244,0.5535757575757576,0.012226065463201747,0.008784665344177742,0.0060629633009323565,0.011607060606060607,0.0051993427456382,0.0053826988062442615,0.30162121212121207,0.4260606060606061,0.6083484848484848,0.046308365343576685,0.09874221084080242,0.07412313273580873,71,66,0.6169014084507037,0.6804545454545452,69.63503649635037,137,23
866,866.0,0.34838028169014085,0.5239718309859155,0.534,0.3103731343283582,0.49716417910447774,0.5548208955223881,0.012294432850624875,0.008761210474112279,0.006068422535211268,0.011443010024504341,0.005255152149699265,0.005404684339496548,0.3051641791044776,0.4293880597014926,0.607731343283582,0.043216102585663274,0.09458377128442291,0.073731343283582,71,67,0.6149295774647883,0.6946268656716413,69.84782608695652,138,21
867,867.0,0.3477857142857143,0.5259857142857143,0.5338428571428572,0.3073235294117648,0.49722058823529425,0.5581323529411764,0.01244496836734694,0.008598414081632656,0.006153361020408163,0.01135518944636678,0.005160201340830449,0.00540476189446367,0.295764705882353,0.42673529411764705,0.6054117647058823,0.052021008403361324,0.09925042016806723,0.07156890756302514,70,68,0.6187142857142852,0.6886764705882351,69.6304347826087,138,21
868,868.0,0.3464305555555555,0.525638888888889,0.5337361111111112,0.3073235294117648,0.49722058823529425,0.5581323529411764,0.012210245177469136,0.0083637862654321,0.006027277584876543,0.01135518944636678,0.005160201340830449,0.00540476189446367,0.295764705882353,0.42673529411764705,0.6054117647058823,0.050665849673202534,0.09890359477124194,0.07167565359477113,72,68,0.6223611111111106,0.6774999999999995,70.13571428571429,140,22
869,869.0,0.34420547945205476,0.5288082191780821,0.5324794520547945,0.3068787878787879,0.4965000000000001,0.5588181818181818,0.012315450928879713,0.008350155000938263,0.006073537249014824,0.011597530762167126,0.005265916666666666,0.005406179063360882,0.2942272727272728,0.41804545454545455,0.6099545454545454,0.04997820672478198,0.11076276463262752,0.0774750933997509,73,66,0.6201369863013694,0.6640909090909087,70.28057553956835,139,24
870,870.0,0.3459041095890411,0.5267123287671233,0.5325205479452054,0.308764705882353,0.49416176470588247,0.5599705882352941,0.01251570313379621,0.008715930943891914,0.006073208481891537,0.011418532871972318,0.005291459126297577,0.005350557958477508,0.2945441176470589,0.4232941176470589,0.6082352941176471,0.05135999194198221,0.10341821112006438,0.07571474617244167,73,68,0.5960273972602733,0.6707352941176467,70.9290780141844,141,25
871,871.0,0.3407428571428571,0.5280142857142857,0.5310714285714286,0.308764705882353,0.49416176470588247,0.5599705882352941,0.012795591020408162,0.009114842653061225,0.006412923469387755,0.011418532871972318,0.005291459126297577,0.005350557958477508,0.2945441176470589,0.4232941176470589,0.6082352941176471,0.046198739495798224,0.10472016806722678,0.07716386554621846,70,68,0.5979999999999995,0.6772058823529408,70.8623188405797,138,26
872,872.0,0.3407428571428571,0.5280142857142857,0.5310714285714286,0.31007575757575756,0.49246969696969695,0.5592878787878788,0.012795591020408162,0.009114842653061225,0.006412923469387755,0.011702100321395775,0.0052787036271809,0.005333144398530764,0.2928939393939394,0.4224242424242424,0.6113030303030303,0.04784891774891775,0.10559004329004323,0.08023160173160171,70,66,0.5851428571428566,0.7025757575757572,71.33823529411765,136,26
873,873.0,0.3345915492957747,0.5263802816901408,0.530112676056338,0.3100298507462687,0.4969701492537314,0.559134328358209,0.0129815937314025,0.008972601864709382,0.0064165506843880185,0.01150549164624638,0.005638297616395634,0.005468862552907107,0.2907761194029851,0.42780597014925376,0.6098955223880598,0.04381542989278964,0.09857431154088708,0.07978284633172172,71,67,0.6071830985915488,0.6805970149253727,71.64492753623189,138,23
874,874.0,0.33522857142857143,0.5280428571428571,0.5293142857142858,0.3047575757575758,0.497590909090909,0.5610606060606059,0.013138233469387755,0.00890452673469388,0.006462958367346938,0.010847153351698805,0.005688090220385675,0.00486911753902663,0.2785909090909091,0.4283030303030303,0.606,0.05663766233766232,0.09973982683982685,0.07668571428571413,70,66,0.6338571428571423,0.6959090909090905,72.19852941176471,136,21
875,875.0,0.33255714285714283,0.5283,0.5283285714285715,0.3047575757575758,0.497590909090909,0.5610606060606059,0.01357310387755102,0.008941467142857143,0.006536534897959185,0.010847153351698805,0.005688090220385675,0.00486911753902663,0.2785909090909091,0.4283030303030303,0.606,0.05396623376623372,0.0999969696969697,0.0776714285714285,70,66,0.6438571428571424,0.6956060606060602,72.77941176470588,136,21
876,876.0,0.3302285714285714,0.5273142857142858,0.5260142857142857,0.30368656716417913,0.4959552238805969,0.5600298507462685,0.01428671918367347,0.009032044081632653,0.006505614081632653,0.010760961461349966,0.005779774114502117,0.004866566273112052,0.27865671641791045,0.42807462686567166,0.6051044776119403,0.05157185501066097,0.09923965884861419,0.07909019189765465,70,67,0.660571428571428,0.6916417910447757,72.39416058394161,137,19
877,877.0,0.3328115942028986,0.5234782608695653,0.5292463768115943,0.3021060606060606,0.4970757575757575,0.560121212121212,0.014628906532241127,0.008788539382482672,0.006250301617307289,0.010756640266299355,0.005783221533516987,0.004939742883379248,0.2763787878787879,0.4272575757575758,0.6058636363636363,0.056432806324110685,0.0962206851119895,0.07661725955204202,69,66,0.6747826086956517,0.7056060606060601,73.1037037037037,135,19
878,878.0,0.33001428571428576,0.5253857142857143,0.5264714285714286,0.29443478260869566,0.5011304347826087,0.5540144927536232,0.014959842653061226,0.00891403693877551,0.006692334897959183,0.012455781978575926,0.0061309829867674855,0.005558883847931108,0.275,0.4355652173913044,0.5993768115942029,0.05501428571428574,0.08982049689440996,0.07290538302277427,70,69,0.677571428571428,0.7173913043478257,73.12230215827338,139,14
879,879.0,0.33001428571428576,0.5253857142857143,0.5264714285714286,0.291264705882353,0.5006323529411765,0.5542205882352942,0.014959842653061226,0.00891403693877551,0.006692334897959183,0.012202694636678203,0.00621417365916955,0.005465524870242215,0.2677058823529412,0.4297941176470588,0.5964852941176472,0.06230840336134458,0.09559159663865552,0.07001386554621858,70,68,0.6532857142857137,0.7295588235294114,72.84057971014492,138,17
880,880.0,0.3350555555555556,0.5243611111111112,0.5285277777777778,0.2912352941176471,0.49677941176470586,0.556014705882353,0.013541635802469136,0.008613064043209877,0.00677277700617284,0.011941238754325258,0.0060856425173010376,0.005335161548442906,0.2673676470588235,0.42298529411764696,0.6009705882352939,0.06768790849673212,0.10137581699346421,0.0724428104575161,72,68,0.6459722222222217,0.6995588235294113,72.30714285714286,140,17
881,881.0,0.3393714285714286,0.5255571428571428,0.5262857142857145,0.2917,0.4949285714285715,0.5556000000000001,0.013149747755102041,0.008108332448979594,0.006711261224489796,0.011770267142857144,0.006220352040816326,0.005273440000000001,0.2643142857142857,0.4198857142857142,0.6031285714285712,0.07505714285714288,0.10567142857142864,0.07684285714285677,70,70,0.6892857142857136,0.6829999999999996,72.39285714285714,140,15
882,882.0,0.3374929577464789,0.525661971830986,0.5267887323943663,0.29145714285714286,0.4958571428571429,0.5549714285714286,0.013211545725054554,0.007994899821463996,0.006634448323745288,0.011730962448979592,0.006344979591836736,0.0052121991836734695,0.26567142857142856,0.4199714285714285,0.6016571428571429,0.07182152917505036,0.10569054325955746,0.07486841046277659,71,70,0.6676056338028166,0.6741428571428567,72.27659574468085,141,18
883,883.0,0.3379577464788733,0.5254507042253521,0.5302112676056338,0.29145714285714286,0.4958571428571429,0.5549714285714286,0.013912237651259672,0.007993036302320969,0.006901490577266416,0.011730962448979592,0.006344979591836736,0.0052121991836734695,0.26567142857142856,0.4199714285714285,0.6016571428571429,0.07228631790744472,0.10547927565392362,0.07144587525150914,71,70,0.65225352112676,0.6698571428571425,72.29078014184397,141,19
884,884.0,0.3368108108108108,0.5311486486486487,0.5316351351351352,0.2906376811594203,0.49631884057971026,0.556,0.013375504747991235,0.007518694119795474,0.0067538803871439,0.011857216551144715,0.006409840369670236,0.005227420289855073,0.2654057971014493,0.4193188405797101,0.599768115942029,0.07140501370936153,0.11182980806893866,0.06813298080689378,74,69,0.6398648648648644,0.6562318840579706,71.02797202797203,143,16
885,885.0,0.3376933333333333,0.5327866666666666,0.5320133333333333,0.29109999999999997,0.49595714285714293,0.5541428571428572,0.01358767928888889,0.007369207822222223,0.006710679822222222,0.012873147142857142,0.006226726734693878,0.005405351020408164,0.27134285714285716,0.42969999999999997,0.5939142857142857,0.06635047619047613,0.10308666666666666,0.06190095238095239,75,70,0.6446666666666662,0.6507142857142854,71.2,145,13
886,886.0,0.3361780821917808,0.5312602739726027,0.5329452054794521,0.2894411764705882,0.4938382352941177,0.554470588235294,0.013830009382623382,0.007259343216363297,0.0060133120660536684,0.01336157006920415,0.006196782655709343,0.005361131487889274,0.275,0.42305882352941176,0.5993970588235296,0.06117808219178078,0.1082014504431909,0.06645185334407744,73,68,0.6350684931506844,0.6569117647058819,71.46099290780141,141,17
887,887.0,0.3369178082191781,0.5383972602739726,0.5326712328767124,0.2875362318840579,0.4943623188405798,0.5530724637681159,0.014105417902045414,0.006110623006192532,0.0060784124601238505,0.013287466078554924,0.006112897710565008,0.005453226633060282,0.27605797101449275,0.422695652173913,0.5986956521739131,0.06085983720468535,0.11570160810005964,0.06602441929720071,73,69,0.6016438356164379,0.637101449275362,71.20422535211267,142,18
888,888.0,0.33635211267605636,0.5364788732394367,0.5361971830985917,0.2931571428571428,0.49731428571428576,0.5555571428571427,0.014004087284268996,0.006148136877603651,0.0059689752033326715,0.014207789591836734,0.005851644081632653,0.005513303877551021,0.2814142857142857,0.41771428571428576,0.6011428571428572,0.054937826961770686,0.1187645875251509,0.06494567404426554,71,70,0.6139436619718304,0.6198571428571424,69.33333333333333,141,16
889,889.0,0.33348571428571433,0.536042857142857,0.5355000000000001,0.289463768115942,0.5005217391304347,0.5534637681159419,0.01387187836734694,0.006234898163265307,0.005938821428571429,0.014435524049569416,0.00610726402016383,0.00584462549884478,0.27926086956521734,0.4153623188405797,0.6006666666666668,0.05422484472049699,0.12068053830227732,0.0651666666666667,70,69,0.6122857142857139,0.614492753623188,68.82014388489209,139,18
890,890.0,0.33447887323943665,0.5365915492957747,0.5357887323943663,0.2943970588235294,0.49944117647058817,0.553955882352941,0.013745545328307875,0.006168157111684189,0.005861011704026979,0.01336000410899654,0.00600115830449827,0.005745248053633217,0.28175,0.42095588235294124,0.5928970588235293,0.05272887323943665,0.11563566694283345,0.05710832642916297,71,68,0.6057746478873234,0.6366176470588232,68.83453237410072,139,16
891,891.0,0.3353380281690141,0.5341830985915493,0.5357323943661972,0.2977941176470589,0.4990735294117647,0.553794117647059,0.013990561793294984,0.006379558024201548,0.005859745288633209,0.012603634083044983,0.005964156358131488,0.005763575259515571,0.28900000000000003,0.41930882352941184,0.5796470588235294,0.046338028169014056,0.11487427506213749,0.043914664457332164,71,68,0.5885915492957743,0.6495588235294115,67.88489208633094,139,15
892,892.0,0.341169014084507,0.5321126760563382,0.5376197183098591,0.29807246376811597,0.500304347826087,0.5545652173913045,0.012945915096211071,0.006242522515373934,0.005704151160484031,0.012426241125813907,0.005980733459357276,0.005720477630749843,0.28655072463768116,0.41772463768115947,0.5801159420289855,0.05461828944682584,0.11438803837517869,0.042496223719126425,71,69,0.6005633802816897,0.6602898550724633,68.13571428571429,140,13
893,893.0,0.3401971830985915,0.5317605633802818,0.5370140845070422,0.30197183098591557,0.4998873239436619,0.5547042253521128,0.012932665344177743,0.0061977595715135905,0.005613084308668916,0.012703886530450305,0.0059050295576274555,0.005597532235667527,0.2898591549295775,0.4152394366197184,0.5855774647887324,0.050338028169014004,0.11652112676056336,0.04856338028169016,71,71,0.6028169014084502,0.644788732394366,68.67605633802818,142,14
894,894.0,0.33902857142857135,0.5315,0.5363000000000001,0.2998219178082192,0.5009041095890411,0.5538219178082192,0.013020456326530613,0.006281478571428573,0.005657067142857144,0.012972310752486395,0.005942388065303058,0.0070042011634453,0.2906986301369863,0.41464383561643836,0.5884109589041095,0.04832994129158502,0.11685616438356161,0.05211095890410944,70,73,0.5987142857142853,0.6391780821917805,69.33566433566433,143,15
895,895.0,0.3420579710144927,0.5313913043478261,0.537608695652174,0.2988157894736842,0.5036052631578947,0.5556315789473685,0.012566750262549886,0.006371687460617518,0.0056191657214870825,0.012582571329639889,0.006173686288088642,0.006913759002770084,0.294421052631579,0.41944736842105257,0.5855526315789472,0.04763691838291367,0.11194393592677354,0.04794393592677326,69,76,0.5913043478260865,0.640131578947368,69.77931034482759,145,14
896,896.0,0.3439142857142857,0.5309428571428572,0.5367285714285714,0.30193333333333333,0.5023333333333333,0.55528,0.012624992653061223,0.006294539591836733,0.005592340612244898,0.013092008888888888,0.006293848888888889,0.006996548266666667,0.29681333333333326,0.4252666666666667,0.5804933333333332,0.04710095238095241,0.10567619047619048,0.04376476190476175,70,75,0.5781428571428566,0.6485333333333329,69.89655172413794,145,15
897,897.0,0.34558823529411764,0.5287352941176471,0.5371029411764706,0.30089473684210527,0.5017368421052631,0.5568157894736842,0.012788801038062283,0.006235576989619377,0.005649533520761245,0.013000646814404432,0.006237720221606648,0.007081387119113575,0.29503947368421046,0.42411842105263153,0.5812105263157893,0.05054876160990718,0.10461687306501555,0.04410758513931867,68,76,0.5852941176470583,0.6551315789473681,70.36805555555556,144,15
898,898.0,0.34349999999999997,0.5277999999999999,0.5347714285714287,0.29719999999999996,0.5027333333333334,0.5513466666666667,0.012800535714285716,0.006439188571428572,0.005757804897959184,0.012964026666666665,0.006383555555555555,0.008663879822222222,0.29446666666666665,0.4301466666666666,0.5763333333333333,0.04903333333333332,0.09765333333333331,0.04156190476190458,70,75,0.5955714285714281,0.6547999999999996,70.44137931034483,145,12
899,899.0,0.34062499999999996,0.5292499999999999,0.5353749999999999,0.29733766233766235,0.5036233766233765,0.5496883116883117,0.012757623263888889,0.006366020833333334,0.00566812326388889,0.01263508078934053,0.006693195817169844,0.008970863889357396,0.29541558441558435,0.43199999999999994,0.5739740259740259,0.0452094155844156,0.09724999999999995,0.03859902597402598,72,77,0.5887499999999994,0.6299999999999996,70.71812080536913,149,14
900,900.0,0.3398985507246376,0.530927536231884,0.534391304347826,0.2995,0.5043461538461538,0.5498717948717949,0.01325852593992859,0.00671653098088637,0.005725919344675488,0.013032096153846156,0.006896687869822486,0.008878316896778435,0.2943717948717949,0.4254871794871795,0.589628205128205,0.045526755852842715,0.10544035674470453,0.05523690078037902,69,78,0.5613043478260865,0.6215384615384613,69.62585034013605,147,14
901,901.0,0.33404545454545453,0.532909090909091,0.5355757575757576,0.30193670886075946,0.5039873417721519,0.5501898734177216,0.013417952479338843,0.006074506887052342,0.005448486685032139,0.013330261817016503,0.006819430219516104,0.008773824707578915,0.29727848101265825,0.4224177215189874,0.5948227848101265,0.03676697353279629,0.11049136939010362,0.05924702723436892,66,79,0.5633333333333328,0.5996202531645565,69.10344827586206,145,18
902,902.0,0.331828125,0.529421875,0.5360624999999999,0.2985308641975309,0.5048024691358024,0.547320987654321,0.013611736083984374,0.005863025146484376,0.005558402343749999,0.013576866331351927,0.006687170858100898,0.008882687090382565,0.29633333333333334,0.4240740740740741,0.5918148148148148,0.035494791666666636,0.10534780092592594,0.05575231481481491,64,81,0.5635937499999996,0.6122222222222218,69.27586206896552,145,17
903,903.0,0.3330615384615384,0.5294,0.5366923076923076,0.30142168674698794,0.5045903614457831,0.5472530120481928,0.01349968852071006,0.005772855384615386,0.0054982745562130175,0.013613617361010306,0.006568362316736828,0.0088328395993613,0.29965060240963853,0.41913253012048196,0.5962289156626506,0.033410936051899875,0.11026746987951802,0.05953660797034299,65,83,0.5567692307692302,0.627349397590361,70.20945945945945,148,14
904,904.0,0.336828125,0.5296406249999999,0.5364843749999999,0.30242352941176476,0.5036235294117646,0.5469058823529412,0.012788454833984376,0.005859292724609375,0.005581374755859375,0.013374502975778543,0.006452611211072663,0.008630061730103809,0.30356470588235296,0.4224235294117647,0.5937294117647058,0.03326341911764702,0.10721709558823517,0.05724503676470594,64,85,0.5640624999999995,0.6201176470588231,71.2751677852349,149,15
905,905.0,0.33781249999999996,0.527859375,0.53671875,0.30254216867469885,0.5039518072289157,0.5464216867469879,0.012643121093750001,0.005975964599609376,0.0055878896484375,0.01366407954710408,0.006566865147336332,0.0088077860357091,0.30236144578313257,0.42238554216867463,0.5894096385542169,0.035451054216867395,0.10547383283132539,0.052690888554216886,64,83,0.5635937499999994,0.6184337349397586,71.42857142857143,147,16
906,906.0,0.33781249999999996,0.527859375,0.53671875,0.3005411764705883,0.5042941176470589,0.5466235294117646,0.012643121093750001,0.005975964599609376,0.0055878896484375,0.013508789480968857,0.006461737024221455,0.008607528858131487,0.29760000000000003,0.42343529411764697,0.5875058823529412,0.04021249999999993,0.10442408088235305,0.05078713235294119,64,85,0.5545312499999995,0.6055294117647055,71.90604026845638,149,19
907,907.0,0.33699999999999997,0.5266461538461539,0.5389076923076923,0.29963855421686747,0.5032530120481928,0.5452289156626505,0.012490861538461538,0.005978228639053255,0.005808576094674556,0.013392977790680794,0.006492646828276961,0.008633815067498912,0.2968313253012048,0.4377469879518072,0.575433734939759,0.04016867469879515,0.08889916589434665,0.03652604263206671,65,83,0.5478461538461533,0.6186746987951803,70.82432432432432,148,18
908,908.0,0.33704761904761904,0.530984126984127,0.5381587301587301,0.29615853658536584,0.5044634146341463,0.543170731707317,0.01280636281179138,0.0055197299067775265,0.005779117661879566,0.012811426085663295,0.006474029149315883,0.008949458655562166,0.28923170731707315,0.44285365853658526,0.5689756097560975,0.04781591173054589,0.08813046844754174,0.030816879597367453,63,82,0.5312698412698407,0.615365853658536,71.0,145,22
909,909.0,0.3379193548387097,0.5313387096774194,0.5396612903225807,0.3002592592592593,0.5060493827160494,0.5457777777777778,0.012965041883454738,0.005600836888657648,0.005730094953173778,0.012020216735253771,0.006470367931717726,0.008997432098765433,0.29159259259259257,0.4370246913580247,0.5711728395061728,0.04632676224611715,0.09431401831939468,0.031511549183592114,62,81,0.5312903225806447,0.6169135802469132,70.86713286713287,143,22
910,910.0,0.3379193548387097,0.5313387096774194,0.5396612903225807,0.2995,0.5066875000000001,0.5452625,0.012965041883454738,0.005600836888657648,0.005730094953173778,0.012123775,0.006518264843749999,0.00908839359375,0.287575,0.43605,0.5718,0.05034435483870969,0.09528870967741937,0.032138709677419275,62,80,0.5516129032258058,0.6294999999999995,71.80281690140845,142,21
911,911.0,0.3393015873015874,0.530063492063492,0.5406349206349207,0.2995,0.5066875000000001,0.5452625,0.01287770269589317,0.005612757873519779,0.0056979143361048125,0.012123775,0.006518264843749999,0.00908839359375,0.287575,0.43605,0.5718,0.05172658730158736,0.09401349206349202,0.031165079365079285,63,80,0.5660317460317454,0.6382499999999995,72.97902097902097,143,19
912,912.0,0.339031746031746,0.5327142857142856,0.5411587301587302,0.2975875,0.507,0.5457875,0.01285269740488788,0.005411886621315193,0.005736260519022422,0.01159226734375,0.006587424999999999,0.009088892343750002,0.29113750000000005,0.43931249999999994,0.5703125,0.04789424603174597,0.09340178571428565,0.029153769841269828,63,80,0.541587301587301,0.6519999999999995,72.7132867132867,143,17
913,913.0,0.3419384615384615,0.5333538461538462,0.5434615384615384,0.2987654320987655,0.5061604938271606,0.5463456790123457,0.012748365443786982,0.005429028639053254,0.005729879289940827,0.01156015485444292,0.006562480414570949,0.009001608901082151,0.2911975308641976,0.44059259259259254,0.5708765432098766,0.05074093067426394,0.09276125356125364,0.027415004748338134,65,81,0.5401538461538457,0.6334567901234563,73.20547945205479,146,19
914,914.0,0.3419384615384615,0.5333538461538462,0.5434615384615384,0.2995853658536585,0.5055000000000001,0.5467560975609755,0.012748365443786982,0.005429028639053254,0.005729879289940827,0.011292364663890542,0.006410249999999999,0.008846184414039261,0.29604878048780486,0.4361951219512195,0.5781341463414634,0.04588968105065666,0.09715872420262667,0.03467260787992499,65,82,0.5132307692307686,0.6604878048780484,73.1360544217687,147,19
915,915.0,0.3385076923076923,0.5323384615384614,0.5453538461538462,0.2988072289156627,0.5043734939759036,0.5457590361445783,0.01256120378698225,0.005562746982248521,0.0061162594082840235,0.011215986935694585,0.006274426767310204,0.008723291334010742,0.29627710843373495,0.42772289156626503,0.5826024096385543,0.04223058387395734,0.1046155699721964,0.037248563484708064,65,83,0.5130769230769224,0.6680722891566261,73.03378378378379,148,17
916,916.0,0.3301904761904762,0.5336825396825396,0.5484603174603174,0.3009382716049383,0.5026913580246913,0.5460864197530865,0.011138979591836738,0.005652724615772234,0.006026915091962711,0.011271564090839811,0.006215472641365645,0.00863274561804603,0.3005432098765432,0.42761728395061727,0.5842098765432099,0.029647266313932996,0.10606525573192238,0.03574955908289246,63,81,0.5439682539682533,0.6662962962962958,73.35416666666667,144,18
917,917.0,0.32976562500000006,0.53296875,0.54759375,0.3015185185185186,0.5036666666666667,0.544,0.011009366943359375,0.0055778115234375,0.006241616210937499,0.011270718792866941,0.006301925925925925,0.008518172839506174,0.3004567901234568,0.43303703703703705,0.5772345679012346,0.029308834876543288,0.09993171296296294,0.02964081790123463,64,81,0.5459374999999993,0.6477777777777773,73.06206896551724,145,20
918,918.0,0.32932258064516134,0.5323387096774194,0.5471774193548389,0.3015185185185186,0.5036666666666667,0.544,0.011240154006243496,0.0057287078563995845,0.006436758844953173,0.011270718792866941,0.006301925925925925,0.008518172839506174,0.3004567901234568,0.43303703703703705,0.5772345679012346,0.02886579052170457,0.09930167264038231,0.03005714854639574,62,81,0.5598387096774187,0.6586419753086414,73.57342657342657,143,20
919,919.0,0.32932258064516134,0.5323387096774194,0.5471774193548389,0.3015185185185186,0.5036666666666667,0.544,0.011240154006243496,0.0057287078563995845,0.006436758844953173,0.011270718792866941,0.006301925925925925,0.008518172839506174,0.3004567901234568,0.43303703703703705,0.5772345679012346,0.02886579052170457,0.09930167264038231,0.03005714854639574,62,81,0.5398387096774188,0.7003703703703699,74.57342657342657,143,18
920,920.0,0.3292063492063492,0.5307619047619048,0.5466190476190478,0.3001234567901234,0.5024074074074075,0.548395061728395,0.011062576467624086,0.005791927437641724,0.0063539183673469385,0.011182330437433318,0.006390167352537722,0.0090965846669715,0.2967530864197531,0.4321728395061729,0.5792098765432099,0.032453262786596104,0.09858906525573186,0.032590828924162096,63,81,0.5520634920634915,0.7045679012345674,75.09027777777777,144,17
921,921.0,0.32806250000000003,0.53328125,0.5476875000000001,0.30272499999999997,0.5070375,0.5461125000000001,0.01120949609375,0.0055159208984375,0.006246996093749999,0.011023099375000001,0.00659423609375,0.009027749843750002,0.3011625,0.43937500000000007,0.572275,0.026900000000000035,0.09390624999999997,0.024587499999999873,64,80,0.5785937499999994,0.6882499999999995,75.34722222222223,144,17
922,922.0,0.32735384615384616,0.5318,0.5497538461538463,0.30664634146341463,0.5056097560975611,0.5465121951219513,0.0110691824852071,0.005571483076923077,0.006424154792899408,0.011422057852468769,0.0065847501487209985,0.008824201070791196,0.30409756097560975,0.43560975609756103,0.5755975609756098,0.023256285178236413,0.09619024390243902,0.025843714821763508,65,82,0.5869230769230762,0.6836585365853654,75.6734693877551,147,15
923,923.0,0.33032812500000003,0.52984375,0.553109375,0.30287654320987656,0.5061234567901235,0.5474444444444445,0.010667126708984375,0.0054097880859375,0.005792659912109375,0.011505984758420972,0.006632700807803687,0.00868520987654321,0.2953950617283951,0.4275308641975309,0.5778765432098766,0.03493306327160495,0.10231288580246906,0.024767168209876567,64,81,0.5867187499999993,0.6695061728395056,76.02758620689656,145,16
924,924.0,0.3286153846153846,0.5296615384615384,0.5526769230769231,0.30287654320987656,0.5061234567901235,0.5474444444444445,0.010651128994082841,0.005336808520710059,0.0057390494674556215,0.011505984758420972,0.006632700807803687,0.00868520987654321,0.2953950617283951,0.4275308641975309,0.5778765432098766,0.033220322886989506,0.10213067426400751,0.025199620132953515,65,81,0.5755384615384609,0.6569135802469129,76.54794520547945,146,19
925,925.0,0.3293125,0.5292812499999999,0.55296875,0.304855421686747,0.5038915662650603,0.5508072289156626,0.010838464843750003,0.0054605771484375,0.0056860302734375,0.0116002441573523,0.006674626796341993,0.009006806212803021,0.3014457831325301,0.42281927710843376,0.5814096385542168,0.027866716867469887,0.10646197289156617,0.02844088855421678,64,83,0.5740624999999993,0.6468674698795176,76.16326530612245,147,21
926,926.0,0.3317166666666666,0.5232500000000001,0.5555,0.306670731707317,0.5020487804878049,0.5518780487804877,0.010737603055555553,0.004940554166666666,0.005622216666666666,0.011598684265318264,0.006620924449732303,0.008463399762046403,0.3022560975609756,0.43047560975609755,0.578780487804878,0.029460569105691004,0.09277439024390255,0.023280487804878014,60,82,0.6043333333333328,0.6575609756097556,75.15492957746478,142,17
927,927.0,0.32810169491525426,0.5278305084745762,0.5534237288135594,0.3073855421686747,0.5059156626506024,0.549,0.011970260844584892,0.005165971272622809,0.005612718758977306,0.011475779068079547,0.006757932646247642,0.008395253012048192,0.3014457831325302,0.4430963855421688,0.571144578313253,0.026655911782724084,0.08473412293240745,0.01772084949969366,59,83,0.6096610169491519,0.6362650602409634,74.4225352112676,142,17
928,928.0,0.32555172413793104,0.5272413793103448,0.5519310344827586,0.3073855421686747,0.5059156626506024,0.549,0.011793005945303213,0.0052345624256837095,0.005578029726516053,0.011475779068079547,0.006757932646247642,0.008395253012048192,0.3014457831325302,0.4430963855421688,0.571144578313253,0.024105941005400866,0.08414499376817597,0.01921354383049445,58,83,0.6344827586206889,0.6524096385542163,75.24113475177305,141,15
929,929.0,0.32487931034482753,0.5274310344827586,0.5505,0.3066707317073171,0.5076341463414634,0.549,0.011685037158145067,0.005261934898929845,0.005940698275862069,0.0115640501189768,0.006617427126710291,0.008565926829268293,0.2956951219512195,0.44139024390243914,0.5702073170731707,0.029184188393608035,0.08604079058031949,0.01970731707317075,58,82,0.6203448275862063,0.6536585365853653,75.12142857142857,140,15
930,930.0,0.32587719298245615,0.5281929824561403,0.5517368421052632,0.30889024390243897,0.5104756097560974,0.5474756097560975,0.011832283164050477,0.00532057679285934,0.005956193905817174,0.011419805026769779,0.00659532257584771,0.00847232257584771,0.29354878048780486,0.44829268292682933,0.5620121951219511,0.03232841249465129,0.07990029952931099,0.010275353016687916,57,82,0.6135087719298239,0.6639024390243898,74.87769784172662,139,14
931,931.0,0.32975000000000004,0.5254821428571429,0.5528928571428572,0.3100365853658536,0.5068780487804878,0.5483536585365855,0.011188651785714288,0.004996713966836734,0.00598638137755102,0.011595279149315883,0.006351960737656156,0.008590131023200477,0.29260975609756096,0.44486585365853665,0.5618170731707317,0.037140243902439085,0.08061628919860625,0.00892421602787452,56,82,0.6373214285714279,0.6685365853658531,75.85507246376811,138,12
932,932.0,0.32809259259259255,0.5237037037037037,0.552537037037037,0.3092911392405064,0.5033037974683543,0.5476708860759494,0.011386046982167355,0.005089875171467763,0.006174470850480109,0.011954079794904664,0.005838338086845057,0.008671689152379425,0.291126582278481,0.4441772151898736,0.5620886075949367,0.036966010314111564,0.0795264885138301,0.00955157055789968,54,79,0.6333333333333326,0.6879746835443032,75.78947368421052,133,16
933,933.0,0.32801754385964915,0.521438596491228,0.5532631578947368,0.30670000000000003,0.5063375000000001,0.545875,0.010846438288704218,0.004966597106802093,0.006167562326869807,0.011817560000000001,0.005396323593749999,0.008690209375,0.2904625,0.44708749999999997,0.56185,0.03755504385964914,0.07435109649122806,0.00858684210526317,57,80,0.6214035087719292,0.6802499999999995,75.62043795620438,137,14
934,934.0,0.3263166666666667,0.5216,0.5509166666666666,0.30605063291139245,0.506759493670886,0.5460126582278481,0.01048321638888889,0.004940506666666666,0.0064585430555555556,0.01193341515782727,0.005450385194680339,0.008798696042300913,0.29018987341772146,0.4471772151898736,0.5648354430379747,0.036126793248945244,0.07442278481012637,0.013918776371308117,60,79,0.614666666666666,0.692784810126582,75.98561151079137,139,13
935,935.0,0.33079032258064506,0.5228225806451614,0.5526612903225805,0.3041463414634146,0.5084878048780488,0.5470975609756098,0.011094520551508847,0.004786500780437043,0.005915353017689907,0.012079856632956572,0.005359786436644854,0.008845770969660917,0.28780487804878047,0.44892682926829275,0.5657682926829269,0.04298544453186459,0.07389575137686866,0.013107002360346454,62,82,0.596612903225806,0.6524390243902434,75.11805555555556,144,17
936,936.0,0.33123809523809516,0.5241904761904763,0.5526984126984126,0.30109756097560975,0.5082926829268294,0.5483536585365854,0.01093084807256236,0.004826535147392289,0.005821543965734441,0.011608039262343843,0.005378280190362879,0.008948204193932184,0.2858292682926829,0.44843902439024397,0.5654146341463415,0.04540882694541226,0.07575145180023235,0.012716221447928944,63,82,0.5920634920634914,0.6712195121951214,74.93793103448276,145,14
937,937.0,0.330095238095238,0.5235714285714286,0.5505238095238094,0.3043048780487804,0.5063658536585367,0.5525853658536586,0.01087980045351474,0.004794816326530612,0.005882916099773243,0.011119236317668056,0.005271646638905413,0.008178291493158834,0.29271951219512193,0.441109756097561,0.5709878048780488,0.037375725900116064,0.0824616724738676,0.020463995354239373,63,82,0.5903174603174598,0.6531707317073165,75.06206896551724,145,14
938,938.0,0.3315862068965517,0.5266896551724138,0.5485172413793103,0.30563749999999995,0.5067250000000001,0.5524,0.011171242568370987,0.004678351961950059,0.0058638359096313914,0.01118750609375,0.005398049375,0.008321315,0.288775,0.4452999999999999,0.5655874999999999,0.04281120689655171,0.08138965517241392,0.01707025862068956,58,80,0.5862068965517236,0.6689999999999995,74.3623188405797,138,13
939,939.0,0.3284912280701754,0.5288070175438596,0.548578947368421,0.3018,0.507525,0.54965,0.010811653431825177,0.004500401354262849,0.005966489381348108,0.010207959999999999,0.005452849375,0.0085234025,0.2812125,0.460675,0.5418000000000001,0.04727872807017541,0.06813201754385961,0.0067789473684209955,57,80,0.590350877192982,0.6502499999999994,73.43795620437956,137,16
940,940.0,0.325,0.5291071428571429,0.5499642857142858,0.3050886075949367,0.5048987341772152,0.5512784810126583,0.010309964285714287,0.00457563137755102,0.005963641581632652,0.011030713667681463,0.005495154302195162,0.008366479410350907,0.28388607594936716,0.45378481012658206,0.5446455696202531,0.041113924050632855,0.07532233273056083,0.005318716094032672,56,79,0.5898214285714279,0.6548101265822779,72.88888888888889,135,18
941,941.0,0.3292982456140351,0.5316842105263158,0.5470350877192982,0.304,0.5051794871794871,0.551474358974359,0.010066665435518622,0.004679338873499537,0.006077823330255464,0.011066846153846153,0.005580301117685733,0.008083018573307036,0.2847051282051282,0.45564102564102554,0.543076923076923,0.04459311740890687,0.07604318488529022,0.003958164642375195,57,78,0.5985964912280697,0.639487179487179,72.44444444444444,135,18
942,942.0,0.3221864406779661,0.5312203389830509,0.5435593220338983,0.3031184210526316,0.5057236842105263,0.549407894736842,0.011295100833093938,0.004601731111749496,0.0062744837690318885,0.01096857808171745,0.005710331544321329,0.008213057306094182,0.2840657894736842,0.45428947368421047,0.5421710526315789,0.038120651204281875,0.07693086529884041,0.0013882694023193975,59,76,0.6055932203389826,0.6434210526315786,72.19259259259259,135,16
943,943.0,0.3221864406779661,0.5312203389830509,0.5435593220338983,0.30323684210526314,0.5043421052631579,0.5506578947368421,0.011295100833093938,0.004601731111749496,0.0062744837690318885,0.010921207063711913,0.005264014542936288,0.008280251385041551,0.2859078947368421,0.45072368421052633,0.5495657894736842,0.03627854594112401,0.08049665477252455,0.006006467439785834,59,76,0.5889830508474571,0.656052631578947,72.4962962962963,135,16
944,944.0,0.3205964912280702,0.5332280701754386,0.5438245614035088,0.3065675675675676,0.5039054054054054,0.5508378378378378,0.011432416128039396,0.004601298861188058,0.00647558325638658,0.010753704894083274,0.005343085646457267,0.008484541271000732,0.29090540540540544,0.45058108108108114,0.5499594594594595,0.029691085822664776,0.08264698909435747,0.006134898055950688,57,74,0.596666666666666,0.6816216216216212,72.48091603053435,131,17
945,945.0,0.323,0.5320357142857143,0.5454285714285715,0.30747945205479454,0.5050821917808218,0.5496849315068493,0.011307285714285714,0.004602427295918367,0.006444566326530613,0.010845537249014823,0.0054067603677988366,0.008387859635954212,0.2914520547945205,0.45389041095890403,0.5441095890410959,0.03154794520547949,0.07814530332681024,0.0013189823874756312,56,73,0.5898214285714279,0.694657534246575,72.25581395348837,129,19
946,946.0,0.32343859649122814,0.5303157894736842,0.5480877192982456,0.3103287671232877,0.5041369863013698,0.5502054794520548,0.011619684826100337,0.00472649676823638,0.006457869498307171,0.010850713829986865,0.005335378495027209,0.008284464627509851,0.2944109589041096,0.45010958904109594,0.5529041095890411,0.029027637587118515,0.08020620043258825,0.0048163902907955025,57,73,0.6096491228070169,0.7089041095890406,72.08461538461539,130,15
947,947.0,0.3285737704918032,0.5318196721311474,0.5448360655737706,0.31228,0.5058,0.5523733333333333,0.011527260951357164,0.00528772158022037,0.0070235796828809465,0.010596068266666668,0.005361306666666667,0.007903780622222223,0.29162666666666665,0.4603333333333333,0.5508533333333332,0.03694710382513655,0.07148633879781413,0.006017267759562572,61,75,0.5947540983606553,0.6598666666666663,71.7720588235294,136,18
948,948.0,0.32586666666666664,0.5295833333333333,0.5456166666666665,0.31520833333333337,0.5058750000000001,0.5535416666666667,0.011467282222222224,0.005253176388888889,0.007205869722222222,0.010285859375000001,0.005478970486111111,0.0077963038194444455,0.301125,0.45801388888888894,0.5583055555555556,0.024741666666666662,0.07156944444444435,0.012688888888889083,60,72,0.6063333333333326,0.6888888888888884,71.26515151515152,132,15
949,949.0,0.3234098360655737,0.5296557377049181,0.5465737704918033,0.31438888888888894,0.5041666666666668,0.5569861111111111,0.01162020908357968,0.0050746191883902165,0.006937851115291588,0.010009654320987653,0.005761388888888889,0.00740481925154321,0.30368055555555556,0.4601805555555556,0.5582638888888889,0.019729280510018155,0.06947518214936255,0.011690118397085558,61,72,0.6037704918032784,0.669444444444444,71.42857142857143,133,16
950,950.0,0.3234098360655737,0.5296557377049181,0.5465737704918033,0.31215492957746477,0.5044647887323944,0.5556197183098591,0.01162020908357968,0.0050746191883902165,0.006937851115291588,0.009791314024995041,0.005836136084110295,0.007374686371751635,0.3002535211267605,0.4609154929577464,0.5597323943661972,0.023156314938813205,0.06874024474717172,0.013158623874393816,61,71,0.6083606557377044,0.6711267605633798,72.12121212121212,132,19
951,951.0,0.32575,0.5283666666666667,0.549,0.3101095890410959,0.5067260273972602,0.554958904109589,0.011479820833333333,0.0050578322222222215,0.0066944000000000005,0.009759029086132484,0.0059920071307937705,0.007281902420716834,0.297013698630137,0.46260273972602733,0.5577397260273972,0.028736301369862993,0.06576392694063932,0.008739726027397143,60,73,0.6099999999999995,0.6716438356164379,72.67669172932331,133,20
952,952.0,0.32210169491525426,0.5279661016949153,0.5456610169491525,0.31140845070422535,0.5050281690140845,0.5574084507042255,0.010715616776788277,0.00519433783395576,0.006736902039643781,0.00986753739337433,0.005870759769886927,0.0072373402102757405,0.29988732394366197,0.46256338028169014,0.5584084507042253,0.02221437097159229,0.06540272141322517,0.012747433755072812,59,71,0.6028813559322029,0.6778873239436614,72.07692307692308,130,20
953,953.0,0.3265344827586207,0.5261206896551723,0.5460517241379311,0.3111014492753623,0.5070434782608696,0.5522028985507247,0.011192145362663499,0.005346554399524374,0.006844049048751487,0.010088873766015543,0.0058868241965973536,0.0064037269481201425,0.29998550724637685,0.4637971014492753,0.5589275362318841,0.026548975512243833,0.06232358820589706,0.012875812093952943,58,69,0.586379310344827,0.7042028985507244,72.31496062992126,127,22
954,954.0,0.3277966101694915,0.5252033898305085,0.5449152542372881,0.3111014492753623,0.5070434782608696,0.5522028985507247,0.011551348463085318,0.005304738293593795,0.006697874174087906,0.010088873766015543,0.0058868241965973536,0.0064037269481201425,0.29998550724637685,0.4637971014492753,0.5589275362318841,0.027811102923114672,0.06140628838123324,0.014012281994595921,59,69,0.5923728813559318,0.6928985507246372,72.3359375,128,23
955,955.0,0.3209310344827586,0.5233793103448275,0.5462931034482759,0.31502941176470595,0.505529411764706,0.5544117647058823,0.010498029726516053,0.005309166468489892,0.00646044857312723,0.009164322664359863,0.005769160899653979,0.006154036332179932,0.3030294117647059,0.46125000000000005,0.5616470588235294,0.017901622718052734,0.06212931034482749,0.015353955375253525,58,68,0.599827586206896,0.6729411764705879,71.24603174603175,126,25
956,956.0,0.3198793103448276,0.5256896551724138,0.5474310344827585,0.3148805970149254,0.5051940298507462,0.5514179104477612,0.010377864744351963,0.004807041617122473,0.006632348692033293,0.00917744842949432,0.005854992203163287,0.006135616395633771,0.3017462686567164,0.45932835820895523,0.5607611940298506,0.018133041688111196,0.0663612969634586,0.013330159547092046,58,67,0.5937931034482754,0.670298507462686,70.688,125,27
957,957.0,0.31791228070175437,0.5247017543859649,0.5494035087719298,0.31315384615384617,0.505723076923077,0.5512153846153846,0.010335518621114186,0.0048347706986765155,0.006523047706986766,0.009322253254437871,0.005907492544378697,0.006276230532544378,0.3001846153846154,0.46236923076923075,0.5578461538461538,0.017727665317138985,0.06233252361673414,0.008442645074223987,57,65,0.6163157894736837,0.683538461538461,70.75409836065573,122,25
958,958.0,0.31401754385964914,0.5280350877192982,0.5495087719298245,0.31128125,0.5074531250000001,0.54965625,0.010529982148353339,0.004785647891658971,0.0065050569405971075,0.0092399833984375,0.005805247802734375,0.006216288085937499,0.29709375,0.46328125,0.559125,0.01692379385964915,0.06475383771929821,0.009616228070175481,57,64,0.6277192982456136,0.7393749999999994,70.9504132231405,121,19
959,959.0,0.31105,0.5273499999999999,0.5496499999999999,0.31128125,0.5074531250000001,0.54965625,0.010279547499999996,0.004791860833333332,0.006194327499999999,0.0092399833984375,0.005805247802734375,0.006216288085937499,0.29709375,0.46328125,0.559125,0.013956250000000003,0.0640687499999999,0.009475000000000122,60,64,0.6373333333333329,0.7145312499999994,72.29032258064517,124,20
960,960.0,0.31001694915254235,0.5283559322033898,0.5482203389830508,0.3105076923076924,0.5077846153846154,0.5516615384615385,0.010389745475438092,0.0048123648376903186,0.006176680264291872,0.00922917301775148,0.005723245917159762,0.006109854674556212,0.2983692307692307,0.4619230769230769,0.5603999999999999,0.011647718383311634,0.06643285528031295,0.012179661016949117,59,65,0.6311864406779656,0.7215384615384611,73.29032258064517,124,22
961,961.0,0.30730508474576274,0.5277966101694914,0.5491864406779661,0.31617391304347836,0.5034927536231883,0.5491304347826087,0.010490957770755528,0.004918162022407354,0.006124117782246481,0.0094660277252678,0.005730481831547994,0.006004374291115311,0.3080869565217392,0.4587971014492754,0.5595362318840579,0.0007818717759764393,0.06899950872021604,0.010349791206091807,59,69,0.6299999999999996,0.7101449275362315,73.28125,128,21
962,962.0,0.30698275862068963,0.5280344827586207,0.5474827586206896,0.3168970588235294,0.5035882352941176,0.5483382352941176,0.010665706599286564,0.00499961950059453,0.006058456599286564,0.00956915116782007,0.005814124567474048,0.006049370891003459,0.31261764705882356,0.4631176470588235,0.5588529411764706,0.005634888438133923,0.06491683569979723,0.011370182555780928,58,68,0.6291379310344822,0.7507352941176464,73.84920634920636,126,20
963,963.0,0.3065762711864407,0.5282881355932204,0.549135593220339,0.31968656716417915,0.5003432835820895,0.5519701492537313,0.010696854352197645,0.004934476299913817,0.0057612358517667335,0.008875827132991756,0.005663359768322566,0.00431414836266429,0.3185223880597015,0.46038805970149255,0.5621194029850745,0.011946116873260804,0.06790007589172786,0.012983809764735454,59,67,0.622881355932203,0.7229850746268653,73.80952380952381,126,21
964,964.0,0.3115166666666667,0.52425,0.5508500000000001,0.32006060606060605,0.5011363636363636,0.5539545454545454,0.01069141638888889,0.0056364208333333325,0.005855160833333333,0.00900093572084481,0.0057070268595041315,0.0041156797520661165,0.3204545454545454,0.45730303030303027,0.5646969696969697,0.008937878787878661,0.06694696969696973,0.013846969696969635,60,66,0.6036666666666662,0.7131818181818178,73.21428571428571,126,22
965,965.0,0.31222033898305085,0.5263050847457627,0.5497627118644067,0.3197538461538461,0.5019692307692307,0.5544923076923076,0.010886442976156275,0.005679093363975867,0.005835774202815283,0.009173077869822485,0.005619814437869823,0.004075973017751479,0.31932307692307693,0.4617846153846154,0.5606307692307692,0.007102737940026083,0.06452046936114725,0.010868057366362427,59,65,0.6116949152542367,0.7196923076923073,73.26612903225806,124,25
966,966.0,0.31470689655172407,0.5256724137931035,0.5489655172413793,0.3219696969696971,0.5030303030303029,0.5551060606060606,0.011245689952437575,0.005524771997621878,0.005881516052318668,0.008953150596877872,0.005718938475665749,0.004286882690541781,0.32545454545454544,0.4623939393939394,0.5581363636363635,0.010747648902821372,0.06327847439916406,0.009170846394984222,58,66,0.6365517241379305,0.7175757575757571,73.08064516129032,124,23
967,967.0,0.31764912280701757,0.5250175438596492,0.5504385964912281,0.32350769230769233,0.5017999999999999,0.5552153846153847,0.011124894429055095,0.0055488242536164975,0.005836316405047707,0.00893477301775148,0.005707021538461538,0.004352045917159763,0.3258615384615385,0.4635384615384615,0.5566769230769231,0.00821241565452091,0.06147908232118765,0.006238326585695009,57,65,0.6336842105263153,0.7573846153846149,73.1311475409836,122,22
968,968.0,0.3170175438596491,0.5255087719298246,0.552140350877193,0.32093939393939397,0.503,0.554818181818182,0.01111899969221299,0.0055505306248076315,0.005792787319175131,0.009228147842056932,0.005714151515151516,0.0042963608815427,0.32207575757575757,0.46843939393939393,0.5556363636363636,0.005058213716108484,0.05706937799043066,0.0034960127591705525,57,66,0.648771929824561,0.7406060606060602,73.21951219512195,123,22
969,969.0,0.31043859649122807,0.5220350877192983,0.5516315789473685,0.32422727272727275,0.5010757575757575,0.5535454545454547,0.010940105878731917,0.005268735610957216,0.005655495844875346,0.00908696349862259,0.0055647366850321385,0.004312944903581267,0.31483333333333335,0.46553030303030307,0.5554545454545454,0.004394736842105285,0.056504784688995224,0.0038229665071769503,57,66,0.6575438596491224,0.7059090909090903,72.4390243902439,123,23
970,970.0,0.31016363636363636,0.5199272727272726,0.5519818181818181,0.3242,0.49935384615384626,0.5534615384615384,0.01095031867768595,0.005533558347107437,0.005862199669421487,0.009226713846153848,0.0054546594082840235,0.004378833136094674,0.3154461538461538,0.4667846153846154,0.5555692307692308,0.005282517482517457,0.05314265734265716,0.003587412587412686,55,65,0.6696363636363633,0.6904615384615379,72.05,120,24
971,971.0,0.31016363636363636,0.5199272727272726,0.5519818181818181,0.3246764705882353,0.4977352941176471,0.5533970588235295,0.01095031867768595,0.005533558347107437,0.005862199669421487,0.008964365916955019,0.005300665224913494,0.004575062932525951,0.32399999999999995,0.4630882352941177,0.5509411764705883,0.013836363636363591,0.05683903743315488,0.0010406417112298616,55,68,0.6558181818181814,0.7063235294117642,72.40650406504065,123,22
972,972.0,0.30217857142857146,0.519,0.5509464285714286,0.32849253731343286,0.5020746268656716,0.5546268656716419,0.009888432397959184,0.005649178571428571,0.005846229272959184,0.00906642904878592,0.005757621296502562,0.004704323457340166,0.32516417910447765,0.46111940298507464,0.5607462686567165,0.022985607675906183,0.05788059701492537,0.009799840085287892,56,67,0.652678571428571,0.7122388059701487,71.73170731707317,123,22
973,973.0,0.3042909090909091,0.5214727272727273,0.5517272727272727,0.32969841269841277,0.49873015873015875,0.5586031746031748,0.010097260826446283,0.005709121983471074,0.006019180165289256,0.00939706777525825,0.005548927185689091,0.0046796044343663384,0.33103174603174595,0.4555079365079365,0.5698888888888889,0.026740836940836843,0.06596479076479084,0.018161616161616156,55,63,0.6352727272727269,0.7206349206349203,70.69491525423729,118,26
974,974.0,0.30392857142857144,0.5211607142857143,0.5531607142857143,0.32867164179104474,0.5002835820895524,0.557,0.009941459183673469,0.005619384885204081,0.005798420599489796,0.008920310091334371,0.00544396435731789,0.005250119402985075,0.335044776119403,0.45759701492537314,0.5668358208955223,0.03111620469083154,0.06356369936034117,0.013675106609807974,56,67,0.6255357142857138,0.6916417910447756,70.08943089430895,123,27
975,975.0,0.30392857142857144,0.5211607142857143,0.5531607142857143,0.3281818181818182,0.4983181818181819,0.5568484848484849,0.009941459183673469,0.005619384885204081,0.005798420599489796,0.009039391184573004,0.005267641184573004,0.005328128558310376,0.3314242424242424,0.45345454545454544,0.5662424242424242,0.027495670995670962,0.06770616883116887,0.013081709956709875,56,66,0.6055357142857137,0.7243939393939388,70.71311475409836,122,29
976,976.0,0.30522807017543857,0.5213333333333333,0.5529122807017545,0.33057575757575763,0.49874242424242426,0.5563787878787878,0.009861614650661743,0.005522467836257308,0.005700150200061559,0.009095032139577597,0.0052527669880624425,0.005392114095500459,0.33360606060606063,0.4531515151515152,0.5627424242424244,0.028377990430622058,0.06818181818181812,0.009830143540669911,57,66,0.6024561403508768,0.7477272727272724,71.21951219512195,123,27
977,977.0,0.2995636363636364,0.5212,0.5530363636363638,0.3355373134328359,0.4942388059701492,0.560955223880597,0.009288173223140498,0.005722741818181819,0.005906762314049587,0.009893144130095788,0.005476301180663845,0.00547660993539764,0.3419402985074627,0.4389104477611941,0.5748507462686566,0.042376662143826294,0.08228955223880591,0.02181438263229285,55,67,0.5958181818181814,0.7337313432835816,70.56557377049181,122,26
978,978.0,0.29940384615384613,0.5211153846153848,0.5549807692307693,0.33467647058823535,0.49326470588235294,0.5611176470588237,0.009469086908284022,0.0058585251479289936,0.006125557322485208,0.009800483564013843,0.005349488754325261,0.005677603806228375,0.33683823529411766,0.44383823529411764,0.5754705882352941,0.03743438914027153,0.07727714932126711,0.020489819004524734,52,68,0.6401923076923073,0.7739705882352936,70.79166666666667,120,18
979,979.0,0.3077735849056604,0.5150943396226416,0.5569245283018869,0.3332222222222222,0.49580555555555544,0.5602083333333333,0.009136175151299396,0.005834726949092204,0.006448786756852974,0.00981958950617284,0.005184128858024691,0.005498748263888889,0.3410277777777778,0.44934722222222223,0.5719027777777776,0.033254192872117394,0.06574711740041939,0.01497824947589077,53,72,0.6111320754716977,0.7148611111111106,70.256,125,22
980,980.0,0.3032156862745098,0.5137450980392158,0.5597058823529412,0.3330410958904109,0.49804109589041085,0.558958904109589,0.010398326028450597,0.006595327181853133,0.006406011534025374,0.009687436667292174,0.005472943516607244,0.00553582022893601,0.3392054794520548,0.45352054794520547,0.568835616438356,0.035989793177545026,0.06022455009401029,0.009129734085414842,51,73,0.6368627450980388,0.7072602739726022,69.64516129032258,124,20
981,981.0,0.30132,0.51702,0.56042,0.3325135135135135,0.49927027027027016,0.5596486486486487,0.010586577600000003,0.006837139600000001,0.0064945236000000005,0.009576844411979547,0.005509278305332359,0.005495741417092768,0.33775675675675676,0.45462162162162156,0.566716216216216,0.03643675675675678,0.06239837837837847,0.006296216216216011,50,74,0.6531999999999997,0.7245945945945941,69.01612903225806,124,17
982,982.0,0.3034313725490196,0.5172941176470588,0.5584313725490196,0.33158666666666664,0.49923999999999985,0.5603733333333333,0.010601892349096502,0.00670683506343714,0.0065649119569396374,0.009512722488888887,0.005435889066666666,0.005461327288888889,0.33624,0.4602799999999999,0.5667999999999999,0.0328086274509804,0.05701411764705888,0.008368627450980215,51,75,0.6511764705882349,0.7145333333333329,69.56349206349206,126,19
983,983.0,0.30600000000000005,0.5175490196078432,0.5555882352941177,0.3301973684210527,0.5021184210526315,0.5594605263157896,0.010749764705882353,0.00668444367550942,0.006675850057670127,0.01007284262465374,0.005491235976454294,0.0054170642313019395,0.33544736842105266,0.46768421052631576,0.5624473684210526,0.02944736842105261,0.049864809081527406,0.006859133126934869,51,76,0.6686274509803918,0.7305263157894732,68.96062992125984,127,16
984,984.0,0.3033529411764706,0.5157450980392156,0.5535686274509803,0.3291688311688312,0.5028571428571428,0.5585584415584417,0.011407169550173008,0.006538856593617839,0.006861970780469051,0.010022426041490977,0.00546139517625232,0.005408558272895934,0.33342857142857146,0.47193506493506493,0.559077922077922,0.03007563025210086,0.043810033104150714,0.005509294626941608,51,77,0.6888235294117644,0.7201298701298696,69.234375,128,17
985,985.0,0.3078888888888888,0.5135185185185185,0.5524259259259259,0.33031578947368423,0.5016973684210526,0.5583947368421054,0.0113288024691358,0.0068325089163237315,0.00679672599451303,0.010053005540166207,0.005429684729916898,0.00547765997229917,0.33246052631578954,0.4706578947368422,0.5592368421052631,0.024571637426900717,0.042860623781676266,0.0068109161793372675,54,76,0.6705555555555553,0.7039473684210522,69.6923076923077,130,21
986,986.0,0.3097857142857143,0.5137857142857143,0.5518035714285715,0.3293552631578947,0.4999999999999999,0.5593157894736843,0.011222239795918366,0.006905989795918367,0.006724764987244898,0.01010551852493075,0.005766947368421053,0.005634505540166205,0.3316184210526317,0.47173684210526323,0.5593026315789472,0.021832706766917398,0.04204887218045106,0.007499060150375714,56,76,0.665535714285714,0.7171052631578942,69.96969696969697,132,18
987,987.0,0.3112203389830508,0.5135254237288135,0.5528983050847458,0.3297397260273972,0.5008904109589042,0.5626712328767124,0.010782781959207123,0.006595571387532318,0.006538226946279804,0.010362219928692061,0.005886152373803716,0.00552205629574029,0.3286849315068493,0.4681780821917808,0.5643972602739726,0.017464592523798506,0.04534734153703268,0.011498955189226834,59,73,0.6652542372881353,0.7256164383561639,70.5,132,19
988,988.0,0.3157096774193548,0.5145645161290322,0.5587419354838709,0.33154054054054055,0.5005945945945947,0.5652702702702703,0.01125904474505723,0.006570278095733611,0.006902804370447452,0.010458924032140248,0.00581299780861943,0.00594054857560263,0.3346351351351351,0.46378378378378377,0.569472972972973,0.018925457715780303,0.050780732345248436,0.010731037489102091,62,74,0.661612903225806,0.6899999999999995,70.73529411764706,136,22
989,989.0,0.3129032258064516,0.5147258064516129,0.5565322580645161,0.330554054054054,0.5034189189189189,0.5643513513513515,0.012035409989594173,0.006411682882414152,0.006748700572320499,0.010224111943024106,0.0055592163988312645,0.005695876552227905,0.324,0.4762297297297297,0.5556216216216217,0.011096774193548431,0.03849607672188321,0.0009106364428944635,62,74,0.6735483870967738,0.6940540540540536,70.93382352941177,136,18
990,990.0,0.3129032258064516,0.5147258064516129,0.5565322580645161,0.3311486486486486,0.5069189189189189,0.5641891891891893,0.012035409989594173,0.006411682882414152,0.006748700572320499,0.010174342768444119,0.0058975339663988316,0.0056813696128560996,0.3253648648648649,0.4730675675675675,0.556918918918919,0.012461639058413299,0.04165823888404541,0.0003866608544028649,62,74,0.6672580645161287,0.7216216216216211,71.83088235294117,136,17
991,991.0,0.30798333333333333,0.5167833333333334,0.5559666666666667,0.3355945945945946,0.508108108108108,0.5637027027027028,0.011639349722222223,0.006462136388888888,0.006861065555555556,0.010450754565376186,0.005832474799123447,0.005596073776479182,0.33297297297297296,0.4748648648648649,0.5522162162162163,0.024989639639639627,0.04191846846846847,0.0037504504504504155,60,74,0.6663333333333329,0.7208108108108103,71.93283582089552,134,18
992,992.0,0.30887096774193545,0.5143225806451612,0.5581612903225807,0.33486075949367095,0.5039493670886075,0.5647088607594938,0.01167056399583767,0.005852186264308011,0.006313425598335068,0.01073781605511937,0.006301845537574108,0.005437143086043903,0.336126582278481,0.47255696202531644,0.5581392405063291,0.02725561453654557,0.04176561861984479,2.2049816251534793e-05,62,79,0.655322580645161,0.6899999999999996,72.0354609929078,141,17
993,993.0,0.3101846153846154,0.5142307692307692,0.5545538461538462,0.33490000000000003,0.5040374999999999,0.5631,0.011267904378698226,0.005933315976331361,0.006358554792899407,0.010603715,0.006223686093750001,0.005573665000000001,0.33575,0.471925,0.5614999999999999,0.0255653846153846,0.042305769230769175,0.006946153846153713,65,80,0.6436923076923072,0.6872499999999995,72.07586206896552,145,16
994,994.0,0.3096212121212121,0.5149393939393939,0.5522272727272728,0.3304102564102564,0.5082051282051281,0.5620897435897436,0.011117811065197427,0.005876056932966024,0.006614054407713498,0.01036775476660092,0.006224880999342537,0.0056981073307034846,0.32234615384615384,0.47365384615384615,0.5590384615384615,0.012724941724941763,0.04128554778554777,0.006811188811188695,66,78,0.6227272727272724,0.6958974358974356,72.48611111111111,144,17
995,995.0,0.3096212121212121,0.5149393939393939,0.5522272727272728,0.32928571428571424,0.5096753246753246,0.5623506493506494,0.011117811065197427,0.005876056932966024,0.006614054407713498,0.010403762523191093,0.006137128352167313,0.005766799122954968,0.3222077922077922,0.4746623376623377,0.5608831168831169,0.012586580086580146,0.040277056277056245,0.008655844155844084,66,77,0.6178787878787875,0.7198701298701293,73.20979020979021,143,17
996,996.0,0.31146153846153846,0.5139384615384616,0.5515999999999999,0.3238815789473684,0.5091710526315789,0.5637763157894737,0.011580956213017751,0.0060155346745562124,0.006679316923076922,0.010409525450138504,0.00610729968836565,0.005832357860110804,0.33125000000000004,0.472671052631579,0.5580657894736843,0.019788461538461588,0.041267408906882574,0.00646578947368448,65,76,0.6096923076923073,0.7124999999999997,73.17021276595744,141,19
997,997.0,0.30980303030303036,0.5139545454545454,0.5514545454545453,0.330943661971831,0.507056338028169,0.5674507042253523,0.011584279384756657,0.005924407024793388,0.006579490358126721,0.010058729220392781,0.006226870065463202,0.00582841658401111,0.33932394366197194,0.4528028169014084,0.5708169014084508,0.02952091335894158,0.06115172855313705,0.019362355953905452,66,71,0.619393939393939,0.739859154929577,72.16058394160584,137,14
998,998.0,0.31174999999999997,0.51659375,0.556375,0.3311194029850746,0.5105522388059702,0.5668955223880597,0.01127421875,0.0059789287109374995,0.006389171875,0.010563149922031632,0.006073501002450435,0.0061251980396524845,0.34289552238805976,0.4557462686567164,0.569731343283582,0.031145522388059788,0.06084748134328355,0.01335634328358204,64,67,0.5960937499999995,0.7392537313432832,71.07633587786259,131,16
999,999.0,0.3144393939393939,0.5148484848484848,0.5580909090909091,0.33041176470588235,0.5078235294117649,0.5673676470588235,0.011185306932966023,0.005898249770431588,0.006755719008264463,0.010441359861591695,0.006483057093425608,0.006050056012110727,0.34367647058823536,0.4503970588235294,0.5758382352941176,0.029237076648841454,0.0644514260249554,0.017747326203208513,66,68,0.6003030303030299,0.734411764705882,72.0223880597015,134,15
1000,1000.0,0.31499999999999995,0.5141323529411764,0.5577941176470588,0.3295571428571428,0.5080714285714287,0.5637714285714285,0.010867294117647058,0.0057899383650519025,0.006836663494809688,0.01019993244897959,0.006422494897959184,0.006653262040816328,0.3447714285714286,0.45285714285714285,0.5715857142857143,0.02977142857142867,0.06127521008403358,0.013791596638655479,68,70,0.6014705882352938,0.7139999999999996,72.6376811594203,138,15
1001,1001.0,0.31469117647058825,0.5151176470588236,0.5568382352941176,0.3295571428571428,0.5080714285714287,0.5637714285714285,0.010911978157439446,0.005880339100346021,0.006847782655709343,0.01019993244897959,0.006422494897959184,0.006653262040816328,0.3447714285714286,0.45285714285714285,0.5715857142857143,0.030080252100840366,0.06226050420168072,0.014747478991596674,68,70,0.5954411764705878,0.7125714285714282,73.47101449275362,138,17
1002,1002.0,0.31786956521739135,0.5157246376811594,0.5570289855072463,0.3280704225352112,0.503943661971831,0.5676901408450704,0.011070229363579077,0.0057107792480571296,0.006751941188825878,0.009841980956159492,0.005900024995040667,0.007101678635191431,0.34002816901408456,0.45621126760563385,0.5746760563380282,0.02215860379669321,0.05951337007552554,0.017647070830781875,69,71,0.594492753623188,0.686901408450704,72.82142857142857,140,17
1003,1003.0,0.3199428571428572,0.5131571428571429,0.5567714285714285,0.317235294117647,0.5084264705882352,0.5651029411764706,0.010728682448979591,0.0058282181632653045,0.006660062040816327,0.008312003460207613,0.005934303416955018,0.007181709991349481,0.32788235294117646,0.46616176470588233,0.5642794117647059,0.007939495798319263,0.046995378151260536,0.00750798319327739,70,68,0.5981428571428568,0.6570588235294114,72.70289855072464,138,19
1004,1004.0,0.3209130434782609,0.515608695652174,0.5586811594202898,0.3198676470588235,0.5079117647058824,0.5652352941176472,0.010589296786389413,0.006182354127284185,0.006785637471119513,0.0076694383650519025,0.005878374567474049,0.007150032871972319,0.33225000000000005,0.46905882352941175,0.5617941176470589,0.011336956521739161,0.04654987212276229,0.003112958226769047,69,68,0.6271014492753619,0.6617647058823526,72.67883211678833,137,14
1005,1005.0,0.3209130434782609,0.515608695652174,0.5586811594202898,0.31781428571428566,0.5081,0.564057142857143,0.010589296786389413,0.006182354127284185,0.006785637471119513,0.0075937797959183696,0.005760832857142858,0.007002196734693877,0.3264,0.46678571428571425,0.5595714285714286,0.005486956521739139,0.048822981366459794,0.0008902691511387673,69,70,0.6172463768115938,0.6705714285714282,73.13669064748201,139,14
1006,1006.0,0.31940298507462694,0.514223880597015,0.5613432835820895,0.3170441176470588,0.509014705882353,0.5633970588235295,0.010672359991089328,0.006243248384940967,0.006542912007128536,0.007648100994809687,0.005731102724913495,0.007007004108996539,0.3231764705882353,0.4714558823529411,0.5531911764705882,0.0037734855136083434,0.042767998244073846,0.008152107111501272,67,68,0.6297014925373131,0.6782352941176466,73.1037037037037,135,13
1007,1007.0,0.32012857142857154,0.5197142857142859,0.5590428571428571,0.3170441176470588,0.509014705882353,0.5633970588235295,0.010112254897959184,0.006201689795918367,0.006822012448979592,0.007648100994809687,0.005731102724913495,0.007007004108996539,0.3231764705882353,0.4714558823529411,0.5531911764705882,0.0030478991596637472,0.04825840336134479,0.005851680672268822,70,68,0.6451428571428568,0.6391176470588232,73.73188405797102,138,15
1008,1008.0,0.32069565217391305,0.5164637681159422,0.5603768115942028,0.3202878787878788,0.5121060606060605,0.5624242424242424,0.010244849401386267,0.006071697962612895,0.006671104389834068,0.007514356519742883,0.005192912993572085,0.00714678971533517,0.3216818181818182,0.47366666666666674,0.5473939393939393,0.0009861660079051315,0.042797101449275454,0.012982872200263507,69,66,0.6465217391304343,0.6654545454545451,73.64444444444445,135,14
1009,1009.0,0.32069565217391305,0.5164637681159422,0.5603768115942028,0.3212463768115942,0.5087391304347826,0.5624202898550724,0.010244849401386267,0.006071697962612895,0.006671104389834068,0.007071866834698594,0.005288888468809073,0.007541634950640622,0.337,0.4665217391304349,0.5514057971014493,0.016304347826086973,0.049942028985507314,0.008971014492753504,69,69,0.6228985507246373,0.6581159420289853,72.95652173913044,138,14
1010,1010.0,0.32889999999999997,0.5139285714285714,0.5625857142857142,0.3204558823529412,0.5105294117647058,0.5622941176470588,0.009817661428571427,0.00608600918367347,0.006538471224489796,0.007132748053633218,0.00514551384083045,0.007651442906574396,0.34130882352941183,0.47098529411764706,0.5450147058823529,0.012408823529411861,0.042943277310924344,0.017571008403361343,70,68,0.6187142857142853,0.6711764705882348,73.3840579710145,138,15
1011,1011.0,0.32480281690140844,0.5157464788732394,0.5642957746478872,0.31498507462686565,0.5122388059701491,0.5608059701492537,0.009921820273755206,0.006276555445348145,0.006262349137075976,0.0064830296279795065,0.0050848683448429495,0.0077063951882379135,0.3356716417910448,0.47447761194029847,0.545223880597015,0.010868824889636364,0.04126886693294096,0.019071894050872173,71,67,0.6153521126760558,0.6485074626865668,72.56521739130434,138,17
1012,1012.0,0.3247777777777778,0.5167638888888889,0.5682083333333333,0.3154029850746269,0.5100298507462686,0.5623731343283582,0.009345506172839505,0.006080791473765432,0.006264164930555555,0.006594867453775897,0.0053682080641568285,0.0075744727110715095,0.3376268656716418,0.4752238805970149,0.5440149253731343,0.01284908789386402,0.04154000829187399,0.024193407960198976,72,67,0.6280555555555551,0.6368656716417906,72.40287769784173,139,18
1013,1013.0,0.326,0.5158450704225351,0.5673239436619717,0.3148181818181818,0.5092121212121211,0.565,0.009369577464788734,0.006105652053164054,0.006296078159095417,0.006752603305785125,0.00540177318640955,0.008065575757575756,0.33815151515151515,0.4721666666666667,0.5517424242424243,0.012151515151515135,0.043678403755868456,0.01558151941954744,71,66,0.6302816901408447,0.6412121212121208,73.21167883211679,137,20
1014,1014.0,0.32693055555555556,0.5157222222222223,0.5668888888888889,0.31507812500000004,0.5099375,0.565109375,0.009357925733024693,0.006102422839506173,0.0061480709876543214,0.006895790771484375,0.005551339843749999,0.008207722412109375,0.3383125,0.464859375,0.565296875,0.011381944444444458,0.050862847222222285,0.0015920138888888546,72,64,0.6441666666666662,0.6590624999999996,72.69117647058823,136,18
1015,1015.0,0.3273424657534247,0.5147534246575343,0.5664794520547946,0.31522222222222224,0.5096507936507936,0.5617301587301586,0.009241951210358416,0.006086404954025145,0.006075920810658659,0.006879696649029984,0.0055977828168304366,0.008533911312673215,0.3461587301587302,0.4521111111111112,0.5609523809523809,0.01881626440530554,0.06264231354642308,0.005527071102413683,73,63,0.650547945205479,0.6820634920634917,73.55147058823529,136,15
1016,1016.0,0.3253888888888889,0.5153472222222222,0.5672638888888889,0.31439682539682545,0.512888888888889,0.560063492063492,0.00909170987654321,0.006145198881172839,0.006115388695987654,0.00697512824389015,0.005052035273368607,0.008581900730662638,0.34341269841269845,0.46307936507936515,0.5502222222222222,0.018023809523809553,0.05226785714285703,0.017041666666666733,72,63,0.6558333333333329,0.7071428571428567,73.8,135,14
1017,1017.0,0.32549295774647896,0.5145915492957746,0.567788732394366,0.31210937499999997,0.5115156249999999,0.5613125000000001,0.009088390795477085,0.006190635984923626,0.006203096211069233,0.006996722412109376,0.004829624755859375,0.008469058593749999,0.33706250000000004,0.46900000000000003,0.5465,0.011569542253521081,0.045591549295774525,0.021288732394366017,71,64,0.6546478873239432,0.7071874999999996,72.97777777777777,135,13
1018,1018.0,0.3267638888888889,0.5121666666666667,0.5673611111111111,0.31233823529411764,0.5120735294117646,0.5603088235294118,0.009076847029320987,0.006522138888888888,0.006129925154320988,0.007008488538062284,0.005040744593425605,0.00831580168685121,0.3413529411764707,0.4701029411764706,0.5409264705882353,0.014589052287581783,0.04206372549019605,0.026434640522875807,72,68,0.6272222222222217,0.6820588235294115,73.14285714285714,140,16
1019,1019.0,0.3267638888888889,0.5121666666666667,0.5673611111111111,0.3108656716417911,0.5118805970149255,0.5609850746268656,0.009076847029320987,0.006522138888888888,0.006129925154320988,0.006965638672310092,0.00511344842949432,0.008408820672755626,0.34243283582089556,0.4695522388059702,0.5439402985074628,0.015668946932006655,0.04261442786069647,0.023420812603648256,72,67,0.6211111111111106,0.6959701492537308,73.85611510791367,139,17
1020,1020.0,0.3288082191780822,0.5127260273972603,0.5668356164383561,0.31052941176470594,0.5120000000000001,0.56125,0.009041168699568398,0.006478500281478701,0.005925945580784387,0.006870778546712803,0.005039205882352942,0.008289863970588235,0.3400588235294118,0.47411764705882353,0.5407647058823531,0.01125060435132963,0.03860838033843672,0.02607091055600297,73,68,0.6263013698630132,0.6991176470588232,73.9645390070922,141,14
1021,1021.0,0.32692957746478885,0.5119154929577464,0.565450704225352,0.3072985074626866,0.5132985074626867,0.5624925373134328,0.008664995040666533,0.006248105534616147,0.0060194588375322355,0.006263492982846961,0.004999761639563378,0.008308608153263532,0.3400149253731344,0.4755820895522388,0.5427313432835822,0.013085347908345535,0.036333403405507614,0.02271936094176985,71,67,0.6164788732394361,0.7076119402985069,74.22463768115942,138,16
1022,1022.0,0.32994444444444443,0.5094305555555556,0.5634722222222223,0.3069393939393939,0.514409090909091,0.5621666666666667,0.009117246913580247,0.006591272955246912,0.006442610339506173,0.006349753902662994,0.004992878099173555,0.008427381313131317,0.3451666666666667,0.46974242424242424,0.5459242424242425,0.015222222222222248,0.03968813131313137,0.01754797979797973,72,66,0.6076388888888884,0.7087878787878785,74.1086956521739,138,15
1023,1023.0,0.3262571428571429,0.5100428571428572,0.5633285714285715,0.30746268656716413,0.5111492537313432,0.5661791044776119,0.009063105306122449,0.006686126734693878,0.0064086777551020414,0.006307442637558476,0.005345679215860995,0.00846955001113834,0.3486268656716418,0.4565373134328359,0.5545074626865673,0.022369722814498894,0.053505543710021364,0.008821108742004258,70,67,0.6122857142857137,0.7102985074626861,73.0,137,14
1024,1024.0,0.32667647058823535,0.5105441176470589,0.5620294117647059,0.3089705882352941,0.5086764705882354,0.5673088235294117,0.009319954152249135,0.006671365700692041,0.006400087370242215,0.006367028546712804,0.005676748269896194,0.008430507569204151,0.3536911764705883,0.4539705882352942,0.5523088235294119,0.02701470588235294,0.05657352941176469,0.009720588235293981,68,68,0.6160294117647054,0.7191176470588232,73.49264705882354,136,15
1025,1025.0,0.32829230769230766,0.5168307692307692,0.5631384615384615,0.30903030303030304,0.5098939393939395,0.5646666666666667,0.009744976094674557,0.007164725207100591,0.005928642366863904,0.006552089990817263,0.005705034205693296,0.008216616161616161,0.35696969696969694,0.46186363636363637,0.5447575757575757,0.028677389277389276,0.05496713286713284,0.018380885780885814,65,66,0.6378461538461533,0.6978787878787874,72.18320610687023,131,16
1026,1026.0,0.330609375,0.5153125000000001,0.564640625,0.309234375,0.510796875,0.56690625,0.009548269287109374,0.007126839843749998,0.005874605224609375,0.006716085693359375,0.005828286865234375,0.008206334960937499,0.360140625,0.460359375,0.543296875,0.02953125000000001,0.05495312500000005,0.021343749999999995,64,64,0.6339062499999994,0.7128124999999994,72.2265625,128,19
1027,1027.0,0.33378125000000003,0.512421875,0.563421875,0.30972307692307693,0.5114923076923077,0.5658153846153846,0.009457045898437499,0.007308962646484375,0.005781306396484375,0.006628046390532545,0.00576957301775148,0.008156242840236685,0.36386153846153846,0.4603230769230769,0.5375692307692308,0.03008028846153843,0.052098798076923136,0.025852644230769162,64,65,0.6285937499999995,0.7013846153846149,72.90697674418605,129,20
1028,1028.0,0.33106250000000004,0.5135624999999999,0.562375,0.31301538461538464,0.5086153846153847,0.5618615384615385,0.00968227734375,0.007433308593749998,0.005901484375,0.006560045917159764,0.0058268213017751485,0.008011842366863905,0.3538923076923076,0.4622923076923076,0.5346153846153846,0.02282980769230758,0.05127019230769231,0.027759615384615355,64,65,0.6256249999999994,0.6952307692307688,72.76744186046511,129,21
1029,1029.0,0.3294626865671642,0.5174328358208954,0.5637761194029849,0.3149545454545455,0.5048636363636364,0.5629242424242425,0.009434875473379371,0.007531887280017821,0.005853755847627533,0.0075852555096418755,0.005524087465564738,0.007679797291092746,0.3567575757575758,0.46534848484848484,0.540090909090909,0.027294889190411564,0.05208435097241054,0.023685210312075933,67,66,0.6128358208955219,0.6830303030303025,72.49624060150376,133,21
1030,1030.0,0.330939393939394,0.5162727272727273,0.5644545454545454,0.3168805970149254,0.5045820895522388,0.5628656716417911,0.00943172359963269,0.007555834710743801,0.005911611570247933,0.007716881265315216,0.005446870126977055,0.007565399866339943,0.35859701492537316,0.466134328358209,0.5403731343283581,0.02765762098597918,0.05013839891451832,0.024081411126187335,66,67,0.611515151515151,0.7299999999999995,73.2781954887218,133,17
1031,1031.0,0.32756250000000003,0.514953125,0.5689375000000001,0.3215454545454546,0.5028787878787878,0.5653787878787878,0.008963027343749999,0.008130763427734375,0.005677183593749999,0.007619308539944903,0.005498651974288338,0.008000871671258035,0.36777272727272725,0.4577121212121212,0.5384090909090908,0.04021022727272722,0.05724100378787883,0.03052840909090926,64,66,0.6045312499999994,0.7448484848484843,72.74615384615385,130,17
1032,1032.0,0.3275538461538462,0.5164461538461539,0.5682000000000001,0.3201538461538462,0.5021538461538462,0.565923076923077,0.008825139408284026,0.008148339408284022,0.005624652307692307,0.0076087147928994075,0.005548560946745561,0.008104409467455621,0.36593846153846155,0.4572,0.5393076923076923,0.03838461538461535,0.05924615384615389,0.028892307692307884,65,65,0.5863076923076918,0.7632307692307688,73.3923076923077,130,18
1033,1033.0,0.32622580645161287,0.5170806451612903,0.566016129032258,0.3201538461538462,0.5021538461538462,0.565923076923077,0.009203400624349637,0.008392719302809572,0.0052974674817898,0.0076087147928994075,0.005548560946745561,0.008104409467455621,0.36593846153846155,0.4572,0.5393076923076923,0.03971265508684868,0.05988064516129027,0.026708436724565687,62,65,0.6156451612903223,0.789384615384615,73.48031496062993,127,16
1034,1034.0,0.3259516129032259,0.5149032258064516,0.5636612903225806,0.3167391304347826,0.49427536231884056,0.5654347826086956,0.009354013787721124,0.008510668054110302,0.005073675598335067,0.008040424700693133,0.0063378227263180004,0.007649492123503466,0.35868115942028983,0.4489130434782609,0.5458550724637682,0.032729546517063945,0.06599018232819076,0.017806217858812423,62,69,0.6156451612903221,0.7126086956521736,72.16793893129771,131,17
1035,1035.0,0.33246031746031746,0.5146507936507937,0.5672539682539682,0.3178405797101449,0.49417391304347824,0.5646231884057972,0.009064819853867473,0.008499528848576467,0.0053870466112370865,0.008141119512707415,0.0063393900441083804,0.007454756563747112,0.3613478260869566,0.4509855072463768,0.5500434782608696,0.028887508626639136,0.06366528640441688,0.0172104899930986,63,69,0.6246031746031742,0.7108695652173908,72.45454545454545,132,17
1036,1036.0,0.33441538461538467,0.5127384615384616,0.5670461538461539,0.31899999999999995,0.4947571428571428,0.5637714285714287,0.009057073609467456,0.008514931597633136,0.005304259408284023,0.00811757142857143,0.006272298163265306,0.007398319183673471,0.3648428571428572,0.45094285714285715,0.5504285714285715,0.03042747252747252,0.06179560439560444,0.016617582417582377,65,70,0.6359999999999995,0.7202857142857139,72.21481481481482,135,13
1037,1037.0,0.3348805970149254,0.5122537313432837,0.5687164179104478,0.3177534246575342,0.493986301369863,0.5613561643835615,0.009122851414568948,0.00866660726219648,0.006182382267765649,0.007891007693751173,0.006034506661662602,0.007143653968849691,0.36439726027397257,0.4384109589041096,0.5480684931506848,0.02951666325904717,0.07384277243917409,0.02064792475976296,67,73,0.6394029850746263,0.6650684931506844,72.02142857142857,140,15
1038,1038.0,0.3363181818181818,0.5112727272727273,0.5691969696969696,0.3117808219178082,0.49402739726027395,0.5654794520547947,0.009122610881542701,0.008733440771349861,0.006260582415059688,0.009095787577406644,0.006001560893225746,0.006839016701069619,0.36020547945205483,0.4454657534246575,0.549945205479452,0.02388729763387304,0.06580697384806983,0.01925176421751762,66,73,0.6153030303030297,0.6809589041095885,72.0,139,17
1039,1039.0,0.3373333333333333,0.5118636363636364,0.5716060606060607,0.31110666666666664,0.49702666666666656,0.5638533333333334,0.009391979797979799,0.008656542011019282,0.006150238751147841,0.008951961955555558,0.00616991928888889,0.007221325155555556,0.35808,0.4544533333333334,0.54764,0.02074666666666669,0.057410303030303034,0.023966060606060657,66,75,0.6166666666666661,0.6779999999999995,72.68794326241135,141,17
1040,1040.0,0.3393484848484849,0.5106060606060605,0.5667272727272726,0.3108888888888889,0.4973055555555556,0.5633888888888889,0.00935898461891644,0.00884014784205693,0.006921955922865014,0.009295904320987656,0.0063072677469135805,0.007273237654320986,0.3652916666666666,0.45308333333333334,0.5510972222222222,0.025943181818181726,0.05752272727272717,0.015630050505050397,66,72,0.6416666666666662,0.6477777777777773,72.07246376811594,138,17
1041,1041.0,0.3403088235294118,0.5112941176470588,0.5642941176470587,0.3115540540540541,0.4964054054054055,0.5620135135135135,0.009450889922145331,0.008901766435986157,0.0069292958477508645,0.009609409240321403,0.006169241051862674,0.007158445763330897,0.36960810810810807,0.4555675675675676,0.547918918918919,0.029299284578696294,0.05572655007949118,0.01637519872813975,68,74,0.6195588235294113,0.6567567567567563,72.6056338028169,142,16
1042,1042.0,0.3413235294117647,0.513,0.5620294117647058,0.3117733333333334,0.49674666666666667,0.5600933333333334,0.009491189446366783,0.008898794117647057,0.00710476384083045,0.009517481955555556,0.0062400824888888895,0.007287417955555557,0.36755999999999994,0.45161333333333326,0.5480933333333333,0.02623647058823525,0.061386666666666756,0.013936078431372456,68,75,0.6222058823529406,0.6337333333333329,72.04895104895105,143,18
1043,1043.0,0.34142028985507245,0.5100144927536232,0.5657246376811594,0.31101315789473694,0.4955131578947368,0.5618026315789474,0.009354272631800041,0.009338593992858642,0.007705098088636841,0.009435591932132965,0.006272091932132964,0.007410658414127425,0.3671710526315789,0.4582763157894736,0.5475,0.025750762776506453,0.05173817696414962,0.01822463768115945,69,76,0.6333333333333329,0.6286842105263153,72.50344827586207,145,17
1044,1044.0,0.34307042253521125,0.5130704225352113,0.5635492957746479,0.31101315789473694,0.4955131578947368,0.5618026315789474,0.009054290815314425,0.009582854195596112,0.008225571513588574,0.009435591932132965,0.006272091932132964,0.007410658414127425,0.3671710526315789,0.4582763157894736,0.5475,0.024100630096367648,0.0547941067457377,0.016049295774647865,71,76,0.6326760563380278,0.6271052631578943,72.99319727891157,147,17
1045,1045.0,0.34142253521126764,0.5141971830985915,0.5641549295774647,0.3114155844155845,0.494103896103896,0.5608441558441559,0.009198469351319185,0.009518327316008728,0.008219088672882366,0.009275437679203915,0.006155729465339856,0.007218780907404285,0.365012987012987,0.462116883116883,0.5464545454545454,0.02359045180171937,0.052080299981708544,0.0177003841229193,71,77,0.6119718309859149,0.6250649350649347,73.05405405405405,148,17
1046,1046.0,0.34280000000000005,0.5128,0.5658571428571427,0.31200000000000006,0.49557142857142844,0.5601948051948052,0.00919516,0.009515702857142856,0.008130779591836732,0.009235454545454548,0.006198764378478663,0.007148026986001011,0.3668701298701299,0.46744155844155827,0.5459480519480518,0.024070129870129853,0.045358441558441764,0.019909090909090876,70,77,0.6051428571428568,0.6245454545454542,73.42857142857143,147,19
1047,1047.0,0.34550000000000003,0.5090277777777777,0.56825,0.31624358974358974,0.4931153846153845,0.559025641025641,0.009203666666666666,0.00941902700617284,0.007910520833333332,0.00983274835634451,0.006133307199211047,0.007606101906640368,0.37724358974358974,0.4604871794871795,0.5471410256410255,0.031743589743589706,0.04854059829059826,0.02110897435897452,72,78,0.5913888888888884,0.5974358974358971,72.95333333333333,150,21
1048,1048.0,0.3426,0.5106857142857143,0.5679857142857143,0.313125,0.49526250000000005,0.5583375,0.009122611428571431,0.009406329795918367,0.007732814081632652,0.010003284375000001,0.00616879359375,0.00743547359375,0.3737625,0.4605625,0.5478125,0.031162499999999982,0.05012321428571431,0.02017321428571428,70,80,0.585571428571428,0.6104999999999996,73.37333333333333,150,20
1049,1049.0,0.3393623188405797,0.5093623188405796,0.5672028985507247,0.31142307692307686,0.49462820512820516,0.5587307692307691,0.009347042638101237,0.009383274522159209,0.007746596513337534,0.009578474852071004,0.006308797666009204,0.007558376232741619,0.37203846153846154,0.45953846153846156,0.5460512820512821,0.03267614269788183,0.049823857302118024,0.021151616499442638,69,78,0.5981159420289851,0.6417948717948715,73.45578231292517,147,18
1050,1050.0,0.3421029411764706,0.5078970588235294,0.5675588235294117,0.3119125,0.49653749999999997,0.554875,0.008966239403114185,0.00937312175605536,0.007851775951557095,0.00931932984375,0.0063403735937499995,0.007594434375,0.3705625,0.462025,0.5410999999999999,0.028459558823529407,0.045872058823529405,0.026458823529411757,68,80,0.5904411764705876,0.6494999999999995,73.73648648648648,148,17
1051,1051.0,0.3421029411764706,0.5078970588235294,0.5675588235294117,0.3136075949367088,0.4952658227848102,0.5553544303797467,0.008966239403114185,0.00937312175605536,0.007851775951557095,0.009207428296747316,0.006291258452171125,0.0076721781765742665,0.3740632911392405,0.45793670886075966,0.541493670886076,0.03196034996276986,0.04996034996276977,0.026065152643335643,68,79,0.5704411764705879,0.6692405063291135,74.61224489795919,147,20
1052,1052.0,0.3430923076923077,0.5090769230769231,0.5670923076923077,0.3118947368421052,0.4967631578947369,0.5541052631578947,0.00919128378698225,0.00951644023668639,0.007886729940828402,0.00944148891966759,0.006464075484764543,0.007664567867036011,0.37194736842105264,0.4623815789473686,0.5356052631578948,0.02885506072874494,0.046695344129554506,0.03148704453441287,65,76,0.6035384615384609,0.6986842105263155,74.12765957446808,141,14
1053,1053.0,0.342089552238806,0.5076417910447761,0.56455223880597,0.3112894736842105,0.4958815789473685,0.5554868421052631,0.009172947204277124,0.009458379149030964,0.007908754733793719,0.00916812673130194,0.006439235976454293,0.0076776445637119104,0.37385526315789475,0.46231578947368424,0.5318026315789474,0.03176571091908875,0.0453260015710919,0.03274960722702269,67,76,0.5974626865671636,0.6921052631578943,73.88111888111888,143,14
1054,1054.0,0.3441666666666667,0.5055277777777777,0.5635277777777777,0.3126184210526316,0.4987894736842106,0.5530657894736841,0.009159361111111113,0.009051943672839506,0.007823554783950616,0.009180209660664821,0.006149403047091413,0.007519193040166205,0.37564473684210525,0.4667894736842104,0.5246710526315789,0.03147807017543858,0.038738304093567266,0.03885672514619887,72,76,0.5977777777777773,0.6518421052631574,74.31756756756756,148,15
1055,1055.0,0.34284931506849314,0.5032054794520547,0.5644657534246574,0.31467532467532466,0.4971818181818183,0.5554155844155844,0.009152264965284294,0.00897865640833177,0.007812577594295366,0.009382530949569909,0.006265966942148761,0.007841177938944174,0.3788571428571429,0.4607272727272726,0.5295844155844155,0.03600782778864975,0.04247820672478214,0.034881337840241944,73,77,0.6075342465753419,0.62038961038961,74.97333333333333,150,18
1056,1056.0,0.34308333333333335,0.5049166666666667,0.5638055555555554,0.31351948051948053,0.4997402597402598,0.5566493506493507,0.009275381944444445,0.008889604166666667,0.00788926774691358,0.009499496373756114,0.006552711755776691,0.007565967954123798,0.37466233766233764,0.46527272727272717,0.5298311688311689,0.03157900432900429,0.03964393939393951,0.033974386724386574,72,77,0.6213888888888882,0.6151948051948047,75.71140939597315,149,19
1057,1057.0,0.344304347826087,0.5064492753623188,0.5600144927536232,0.3083835616438356,0.5053698630136987,0.5574383561643836,0.009574704473850032,0.008689841629909682,0.00767166645662676,0.008938839181835242,0.006243465941077125,0.007119917432914241,0.3635068493150685,0.47284931506849315,0.5403698630136986,0.019202501488981505,0.033599960293825615,0.019644629739924646,69,73,0.625652173913043,0.6231506849315065,74.8943661971831,142,18
1058,1058.0,0.34339130434782605,0.5039420289855072,0.5615217391304348,0.3093835616438356,0.5054109589041096,0.5561232876712329,0.009622817895400126,0.008793619827767274,0.007940655324511657,0.00881407205854757,0.006246762619628449,0.007240327265903547,0.3646164383561644,0.4730958904109589,0.5402191780821917,0.021225134008338364,0.03084613857454832,0.02130256104824313,69,73,0.6123188405797096,0.6299999999999996,75.1830985915493,142,19
1059,1059.0,0.34387142857142855,0.5047,0.5605714285714285,0.3111232876712329,0.5038904109589041,0.5547123287671232,0.009501254897959182,0.008707638571428571,0.007889530612244894,0.008856683430287109,0.006274590729968099,0.007282424094576843,0.36513698630136987,0.47821917808219183,0.5367397260273972,0.02126555772994132,0.026480821917808206,0.02383170254403133,70,73,0.6059999999999995,0.650547945205479,75.34265734265735,143,17
1060,1060.0,0.34590909090909094,0.503469696969697,0.5579242424242424,0.30983783783783786,0.5044324324324324,0.5543243243243243,0.009787658402203858,0.008083733930211202,0.007941645775941232,0.008857622352081812,0.006211245434623813,0.00719500292184076,0.3633243243243244,0.4783378378378379,0.5382567567567567,0.017415233415233433,0.025131859131859113,0.019667485667485773,66,74,0.607575757575757,0.6483783783783779,74.80714285714286,140,17
1061,1061.0,0.3445757575757576,0.4998484848484849,0.5593181818181818,0.30562666666666666,0.5046133333333332,0.55416,0.00959630486685032,0.00758515886134068,0.008162944214876034,0.008734100622222222,0.006224957155555557,0.006996534400000001,0.3608933333333333,0.47912,0.5344266666666666,0.016317575757575697,0.020728484848484885,0.02489151515151522,66,75,0.5912121212121207,0.6097333333333329,73.9290780141844,141,22
1062,1062.0,0.3429275362318841,0.4995797101449276,0.5645072463768116,0.30864,0.5011199999999999,0.5567466666666667,0.009420299096828401,0.007384620457886998,0.008447293425750891,0.009214523733333334,0.0062902389333333334,0.006542029155555556,0.36772,0.4797066666666666,0.53496,0.02479246376811589,0.019873043478260966,0.02954724637681161,69,75,0.6014492753623183,0.6022666666666663,74.57638888888889,144,20
1063,1063.0,0.3450144927536233,0.49727536231884056,0.5623768115942029,0.30704109589041095,0.502068493150685,0.5533013698630137,0.008368593992858643,0.006923416929216551,0.00868565511447175,0.009082861324826422,0.006084118596359542,0.00644034753237005,0.3658767123287671,0.481904109589041,0.5328356164383561,0.020862219575143837,0.015371252729799556,0.029541195155846856,69,73,0.5910144927536227,0.6343835616438351,73.86619718309859,142,16
1064,1064.0,0.34565714285714294,0.49635714285714283,0.5601142857142858,0.30704109589041095,0.502068493150685,0.5533013698630137,0.008277539591836735,0.006882686734693879,0.00891478693877551,0.009082861324826422,0.006084118596359542,0.00644034753237005,0.3658767123287671,0.481904109589041,0.5328356164383561,0.020219569471624177,0.014453033268101823,0.0272786692759297,70,73,0.601428571428571,0.6527397260273967,74.99300699300699,143,13
1065,1065.0,0.3492676056338029,0.4931126760563381,0.5666478873239437,0.30704109589041095,0.502068493150685,0.5533013698630137,0.008120618528069829,0.006872325332275343,0.00964174925609998,0.009082861324826422,0.006084118596359542,0.00644034753237005,0.3658767123287671,0.481904109589041,0.5328356164383561,0.016609106694964237,0.011208566467297065,0.03381227088558758,71,73,0.599859154929577,0.6341095890410954,75.30555555555556,144,17
1066,1066.0,0.3478888888888889,0.49176388888888894,0.5654444444444445,0.30950000000000005,0.5046486486486487,0.5532297297297297,0.008300682098765432,0.00690881925154321,0.00960333024691358,0.00835906081081081,0.006490363038714389,0.00635614992695398,0.37043243243243246,0.4818108108108108,0.5303108108108109,0.022543543543543543,0.00995307807807816,0.03513363363363364,72,74,0.6009722222222217,0.6018918918918915,74.73972602739725,146,19
1067,1067.0,0.3456000000000001,0.4901285714285714,0.5659571428571429,0.31308108108108107,0.5051081081081082,0.5519189189189189,0.008188525714285714,0.006813112040816327,0.009687669591836737,0.008460831263696128,0.006458312636961286,0.0065293718042366685,0.37366216216216214,0.4797972972972973,0.5311351351351352,0.028062162162162063,0.010331274131274104,0.03482200772200772,70,74,0.6098571428571424,0.6267567567567562,74.9375,144,16
1068,1068.0,0.34807462686567164,0.4933880597014926,0.5685970149253731,0.31308108108108107,0.5051081081081082,0.5519189189189189,0.00795899443083092,0.006685909111160614,0.00918274805079082,0.008460831263696128,0.006458312636961286,0.0065293718042366685,0.37366216216216214,0.4797972972972973,0.5311351351351352,0.025587535296490493,0.013590762404195267,0.03746187979023785,67,74,0.6338805970149248,0.6540540540540536,75.12765957446808,141,13
1069,1069.0,0.34651515151515155,0.49412121212121224,0.5674545454545454,0.31582191780821917,0.504013698630137,0.5512054794520548,0.007916643709825527,0.006751197428833794,0.009234429752066115,0.008404612122349409,0.006406616250703696,0.006640985175455056,0.3822739726027397,0.4787397260273973,0.5263424657534247,0.035758821087588155,0.015381486093814956,0.04111207970112074,66,73,0.6293939393939387,0.6598630136986297,75.46043165467626,139,15
1070,1070.0,0.34804477611940304,0.4937014925373136,0.5678358208955224,0.31785135135135134,0.5035945945945947,0.552527027027027,0.007952908442860323,0.006662060147026065,0.009106196925818665,0.008508991417092769,0.0063181599707815925,0.006628411431701972,0.3892702702702703,0.4773108108108108,0.5248378378378379,0.04122549415086724,0.01639068172650282,0.04299798305768454,67,74,0.6062686567164175,0.6470270270270266,75.51773049645391,141,17
1071,1071.0,0.3450757575757576,0.4956969696969697,0.570439393939394,0.3175733333333334,0.5037333333333335,0.5525333333333333,0.007933070018365474,0.006424877869605142,0.00918736753902663,0.008401257955555557,0.006235342222222224,0.006540035555555555,0.38628,0.47618666666666665,0.5252666666666667,0.04120424242424242,0.019510303030303044,0.045172727272727364,66,75,0.597424242424242,0.6446666666666662,76.24113475177305,141,17
1072,1072.0,0.347030303030303,0.4962121212121213,0.5710909090909091,0.3187361111111111,0.5032222222222222,0.5490138888888889,0.00811463544536272,0.006483651974288338,0.009211779614325068,0.008009333140432099,0.006036256172839506,0.0062817914737654315,0.3809444444444444,0.46519444444444447,0.5261388888888889,0.0339141414141414,0.03101767676767686,0.04495202020202016,66,72,0.5836363636363631,0.6474999999999995,75.39855072463769,138,17
1073,1073.0,0.343089552238806,0.49979104477611935,0.5726865671641791,0.31716666666666665,0.5029861111111111,0.550375,0.008415842726665183,0.006382045889953218,0.009120304744932056,0.008092361111111113,0.006071485918209877,0.006249956597222221,0.3776527777777778,0.46311111111111114,0.5307083333333333,0.03456322553897179,0.03667993366500821,0.04197823383084576,67,72,0.5895522388059696,0.6499999999999996,75.65467625899281,139,16
1074,1074.0,0.34247058823529414,0.5001323529411765,0.5705588235294118,0.3192133333333333,0.5066133333333334,0.5501466666666666,0.008282807958477509,0.006411761894463668,0.00902974653979239,0.008114567822222222,0.006210903822222223,0.006226605155555556,0.37061333333333335,0.46851999999999994,0.52948,0.028142745098039212,0.03161235294117659,0.041078823529411834,68,75,0.5824999999999995,0.632133333333333,75.13286713286713,143,17
1075,1075.0,0.34365671641791046,0.5017462686567165,0.5702537313432836,0.3202666666666667,0.5055733333333333,0.5511066666666667,0.008296732902650924,0.0065358609935397645,0.009032458008465138,0.008249475555555557,0.0062829379555555545,0.006657401955555555,0.3753333333333333,0.4566266666666667,0.5363066666666666,0.03167661691542284,0.045119601990049774,0.03394706467661701,67,75,0.5834328358208949,0.6054666666666663,74.77464788732394,142,19
1076,1076.0,0.34375000000000006,0.501764705882353,0.5672205882352941,0.31943243243243247,0.5074189189189189,0.5500945945945946,0.008175305147058822,0.006439768166089966,0.009516024870242215,0.008308758948137325,0.006112378560993426,0.006670545105916728,0.37229729729729727,0.4569054054054054,0.5372837837837838,0.028547297297297214,0.04485930047694758,0.029936804451510257,68,74,0.5874999999999995,0.6043243243243237,75.5774647887324,142,21
1077,1077.0,0.3380746268656717,0.5025671641791045,0.5646567164179105,0.31943243243243247,0.5074189189189189,0.5500945945945946,0.008344606371129428,0.006455738026286478,0.009493359768322569,0.008308758948137325,0.006112378560993426,0.006670545105916728,0.37229729729729727,0.4569054054054054,0.5372837837837838,0.03422267043162558,0.0456617587736991,0.027372932634126657,67,74,0.5885074626865666,0.6356756756756753,76.04964539007092,141,17
1078,1078.0,0.3368307692307692,0.5042307692307694,0.5631076923076924,0.31989473684210534,0.51075,0.5499210526315789,0.008524540591715979,0.006551131360946746,0.009615357633136094,0.008058646814404432,0.006428713815789473,0.0065213885041551225,0.3718157894736842,0.460671052631579,0.5446842105263158,0.034985020242915,0.04355971659919039,0.01842348178137665,65,76,0.5759999999999995,0.6449999999999996,75.90780141843972,141,18
1079,1079.0,0.33745454545454545,0.5039242424242425,0.562939393939394,0.3197532467532468,0.5094545454545454,0.5506363636363637,0.00842067217630854,0.006457979109274566,0.009471511478420569,0.00796566638556249,0.006483624557260921,0.006400569067296339,0.3688961038961039,0.46364935064935064,0.5477792207792209,0.03144155844155844,0.04027489177489185,0.01516017316017304,66,77,0.5687878787878784,0.6359740259740255,76.18881118881119,143,20
1080,1080.0,0.339560606060606,0.5005757575757576,0.565060606060606,0.3180253164556962,0.5095696202531644,0.5511012658227848,0.008403791781450873,0.006302274563820019,0.009526662993572084,0.008056480371735302,0.006463409709982373,0.007025711264220476,0.3781012658227848,0.4535189873417721,0.5529620253164557,0.0385406597621788,0.04705677023398547,0.012098580744150378,66,79,0.5712121212121207,0.6170886075949363,76.49655172413793,145,20
1081,1081.0,0.339560606060606,0.5005757575757576,0.565060606060606,0.321620253164557,0.508632911392405,0.5502151898734179,0.008403791781450873,0.006302274563820019,0.009526662993572084,0.007964286172087807,0.006469219676333919,0.007076497997115847,0.3819493670886076,0.45072151898734175,0.5523544303797469,0.0423887610280016,0.04985423858841581,0.012706175680859189,66,79,0.5640909090909086,0.6305063291139237,76.84827586206896,145,20
1082,1082.0,0.3341612903225807,0.4995,0.5654032258064515,0.3236125,0.5088250000000001,0.5519125,0.008423619146722162,0.006661411290322581,0.00993849869927159,0.00780063734375,0.006382569374999999,0.007493804843749998,0.38344999999999996,0.4432625,0.5534125,0.04928870967741927,0.056237499999999996,0.011990725806451552,62,80,0.5664516129032252,0.6352499999999995,75.71126760563381,142,19
1083,1083.0,0.3341290322580646,0.49549999999999994,0.5694193548387096,0.32536250000000005,0.5069125,0.5533625000000001,0.008134531737773154,0.006663411290322581,0.009864888657648282,0.007652331093750001,0.006566729843749999,0.007294606093749999,0.38612499999999994,0.43591250000000004,0.55465,0.05199596774193532,0.059587499999999904,0.01476935483870967,62,80,0.5730645161290319,0.6329999999999996,75.02112676056338,142,19
1084,1084.0,0.33435,0.4944333333333333,0.5695333333333333,0.3254078947368422,0.5078289473684211,0.551671052631579,0.008247760833333334,0.006848845555555556,0.009680782222222222,0.007847346779778394,0.006498852319944599,0.0072677733725761764,0.384078947368421,0.44635526315789487,0.5448815789473683,0.04972894736842104,0.048078070175438414,0.024651754385965008,60,76,0.5599999999999994,0.6673684210526311,74.84558823529412,136,20
1085,1085.0,0.3351967213114754,0.49486885245901635,0.5705737704918032,0.3255066666666667,0.5065866666666667,0.5539733333333333,0.008155567858102663,0.006747950013437249,0.009587031443160443,0.007843716622222222,0.006452855822222221,0.0070030926222222215,0.37487999999999994,0.44553333333333334,0.5463466666666666,0.03968327868852456,0.049335519125683014,0.024227103825136598,61,75,0.5729508196721307,0.6494666666666663,75.21323529411765,136,20
1086,1086.0,0.335078125,0.493234375,0.57034375,0.324986301369863,0.5054109589041096,0.5564931506849314,0.007778572021484375,0.006748679443359376,0.0092113505859375,0.00801064364796397,0.006625474948395571,0.006330770501032088,0.37190410958904113,0.4386438356164384,0.550095890410959,0.03682598458904113,0.05459053938356162,0.020247859589041073,64,73,0.5731249999999994,0.6552054794520543,75.28467153284672,137,18
1087,1087.0,0.335078125,0.493234375,0.57034375,0.32316901408450704,0.5065492957746479,0.5522394366197183,0.007778572021484375,0.006748679443359376,0.0092113505859375,0.008263577068042054,0.006734134893870263,0.005926097599682603,0.3677464788732394,0.44264788732394367,0.5444084507042254,0.03266835387323941,0.050586487676056335,0.02593529929577465,64,71,0.5898437499999994,0.6697183098591546,75.58518518518518,135,15
1088,1088.0,0.33554687499999997,0.4941875,0.5753281250000001,0.32225714285714285,0.5077142857142858,0.5530714285714287,0.007785810302734375,0.00668846484375,0.008958720458984375,0.008322591020408162,0.006733975510204081,0.0059616091836734685,0.3638142857142857,0.4442285714285714,0.5453142857142856,0.028267410714285734,0.049958928571428585,0.03001383928571444,64,70,0.5962499999999995,0.6808571428571423,75.86567164179104,134,16
1089,1089.0,0.33679365079365087,0.49382539682539683,0.5773650793650794,0.32334722222222223,0.5070277777777777,0.5548611111111111,0.0078099098009574205,0.0067862393550012605,0.008835374653565134,0.00848455999228395,0.006601443672839507,0.006013175154320987,0.3667777777777778,0.4394861111111111,0.5473055555555555,0.029984126984126946,0.05433928571428576,0.030059523809523925,63,72,0.591587301587301,0.6952777777777772,76.52592592592593,135,14
1090,1090.0,0.33673770491803284,0.4944262295081967,0.5731967213114755,0.32511111111111113,0.5089861111111111,0.5530138888888889,0.007620882020962108,0.006704572426766998,0.008272420317119054,0.008393793209876543,0.006532874807098765,0.006136708140432098,0.36894444444444446,0.4471527777777778,0.5445416666666667,0.03220673952641162,0.047273451730418914,0.028655054644808775,61,72,0.6014754098360653,0.698055555555555,76.78195488721805,133,15
1091,1091.0,0.33591935483870966,0.4982096774193549,0.567693548387097,0.32355555555555554,0.5112777777777777,0.5526666666666666,0.007750461238293443,0.006589617325702394,0.008295535119667014,0.008382385802469135,0.007121228395061728,0.006170277777777778,0.36636111111111114,0.4516111111111112,0.5461944444444444,0.030441756272401477,0.046598566308243716,0.02149910394265253,62,72,0.591612903225806,0.6941666666666662,76.76119402985074,134,16
1092,1092.0,0.33906250000000004,0.49759375000000006,0.56275,0.32375714285714274,0.5110857142857143,0.5475857142857142,0.007700589843749999,0.006340022460937501,0.008779218750000001,0.008624641020408164,0.007260049795918368,0.00653055693877551,0.37338571428571427,0.4452285714285715,0.548157142857143,0.03432321428571422,0.05236517857142858,0.014592857142856963,64,70,0.5896874999999995,0.6819999999999995,75.55970149253731,134,17
1093,1093.0,0.337390625,0.50009375,0.559859375,0.3235428571428571,0.508942857142857,0.5468285714285714,0.007917019287109375,0.0067908037109375005,0.008344495849609376,0.008637991020408162,0.0073415395918367335,0.006505884897959183,0.37305714285714286,0.4379,0.546657142857143,0.035666517857142865,0.06219374999999999,0.013202232142857095,64,70,0.6018749999999995,0.6725714285714283,75.35074626865672,134,18
1094,1094.0,0.33974193548387094,0.5009193548387098,0.5621290322580645,0.3235428571428571,0.508942857142857,0.5468285714285714,0.00758722372528616,0.006768493496357961,0.008447854318418315,0.008637991020408162,0.0073415395918367335,0.006505884897959183,0.37305714285714286,0.4379,0.546657142857143,0.03331520737327193,0.06301935483870974,0.01547188940092159,62,70,0.6249999999999996,0.7168571428571423,76.33333333333333,132,14
1095,1095.0,0.33733333333333326,0.5015166666666666,0.5631333333333333,0.3215652173913043,0.5112318840579709,0.5434927536231884,0.007838822222222222,0.006842949722222223,0.008401115555555555,0.009190274732199119,0.007542902751522789,0.00633619197647553,0.38024637681159423,0.44862318840579707,0.5438115942028986,0.04291304347826097,0.05289347826086954,0.019321739130434668,60,69,0.5979999999999993,0.7471014492753619,76.24031007751938,129,14
1096,1096.0,0.3385333333333333,0.5013166666666666,0.5624,0.3246086956521739,0.5087536231884057,0.5411304347826086,0.0077693822222222216,0.006832716388888891,0.008362640000000001,0.009658441083805923,0.007634562486872507,0.006065997479521109,0.38386956521739135,0.45211594202898553,0.5350144927536232,0.045336231884058054,0.049200724637681104,0.027385507246376783,60,69,0.5894999999999995,0.7624637681159416,75.66666666666667,129,14
1097,1097.0,0.3406896551724138,0.4983103448275862,0.5639137931034482,0.3258260869565217,0.5089710144927535,0.5402463768115943,0.007729489892984542,0.006572076099881095,0.008429699464922712,0.009796694391934467,0.007620926696072255,0.006251982776727579,0.38337681159420295,0.45121739130434785,0.5313623188405798,0.04268715642178916,0.047092953523238335,0.03255147426286842,58,69,0.6160344827586202,0.743333333333333,75.49606299212599,127,16
1098,1098.0,0.3370862068965517,0.5008620689655172,0.5619827586206896,0.3276268656716418,0.5135074626865671,0.5373134328358209,0.007530492568370987,0.006773222354340073,0.008676672116527945,0.010108741367787924,0.0067523693472933835,0.006207856983738025,0.39338805970149254,0.4572089552238806,0.5217761194029851,0.05630185280494082,0.04365311374163661,0.04020663921770451,58,67,0.5858620689655167,0.7291044776119399,74.776,125,19
1099,1099.0,0.3348245614035088,0.5015438596491228,0.5600877192982456,0.32606060606060605,0.519030303030303,0.537090909090909,0.0073659341335795625,0.006865090181594338,0.008620606340412435,0.010189602387511478,0.0070741808999081725,0.006255870523415977,0.38972727272727276,0.4613939393939394,0.522818181818182,0.05490271132376395,0.040149920255183436,0.037269537480063675,57,66,0.5705263157894731,0.7318181818181813,74.35772357723577,123,23
1100,1100.0,0.33412068965517244,0.5013448275862069,0.5573103448275863,0.32293846153846145,0.5183384615384615,0.5367692307692308,0.007267175089179549,0.006748984542211655,0.008911662306777646,0.009943103905325441,0.007260962366863904,0.006380854437869822,0.38007692307692303,0.46153846153846156,0.5274153846153845,0.04595623342175059,0.039806366047745345,0.029894960212201838,58,65,0.5849999999999995,0.7416923076923073,73.95934959349593,123,22
1101,1101.0,0.33412068965517244,0.5013448275862069,0.5573103448275863,0.32169565217391305,0.5158260869565218,0.5384492753623188,0.007267175089179549,0.006748984542211655,0.008911662306777646,0.01031742911153119,0.007569245116572147,0.006183551774837219,0.38184057971014496,0.46743478260869564,0.5318405797101449,0.047719890054972514,0.03391004497751127,0.02546976511744148,58,69,0.5891379310344822,0.7281159420289851,74.66929133858268,127,20
1102,1102.0,0.3347118644067797,0.4990677966101695,0.5606101694915254,0.32127536231884063,0.5148260869565217,0.5478115942028986,0.007260781384659579,0.00610813099683999,0.008606271760988224,0.010597706784289016,0.007870114681789539,0.006985283343835329,0.37092753623188407,0.4627536231884058,0.5416666666666667,0.03621567182510438,0.036314173421763685,0.018943502824858682,59,69,0.58593220338983,0.7057971014492749,75.0234375,128,20
1103,1103.0,0.3351475409836066,0.5000491803278688,0.5589344262295082,0.32070000000000004,0.5152428571428571,0.5507285714285716,0.007131142166084385,0.005956768073098632,0.00849730717549046,0.010757724285714287,0.007813126734693875,0.007506883469387755,0.37355714285714287,0.4504142857142857,0.5477857142857143,0.03840960187353626,0.049634894613583114,0.011148711943793854,61,70,0.5899999999999994,0.6704285714285712,74.61068702290076,131,22
1104,1104.0,0.33433333333333337,0.49593333333333334,0.5587333333333333,0.32172463768115944,0.5147826086956521,0.5500579710144928,0.0071827888888888886,0.005884095555555556,0.008421795555555556,0.01084014156689771,0.00791153245116572,0.007584199537912202,0.374768115942029,0.45457971014492754,0.5452608695652176,0.04043478260869565,0.0413536231884058,0.013472463768115728,60,69,0.5933333333333327,0.6568115942028981,74.78294573643412,129,24
1105,1105.0,0.33259016393442636,0.49739344262295077,0.5561311475409837,0.3212285714285714,0.5126428571428572,0.5496857142857143,0.007921684493415748,0.005658959957000808,0.00837417952163397,0.010814262040816328,0.007994658163265306,0.007500272653061225,0.37034285714285714,0.45037142857142864,0.5436285714285716,0.037752693208430776,0.04702201405152212,0.012502576112412123,61,70,0.6031147540983602,0.652428571428571,74.38931297709924,131,23
1106,1106.0,0.3320508474576272,0.4946440677966102,0.5584745762711865,0.3218732394366197,0.5133943661971833,0.5490140845070423,0.007621607584027578,0.005342602125825913,0.008380418845159438,0.010691040269787741,0.007921590954175757,0.007426211069232294,0.36854929577464784,0.45074647887323943,0.5411267605633804,0.03649844831702065,0.043897588923370756,0.01734781570780608,59,71,0.618983050847457,0.6890140845070418,75.3076923076923,130,19
1107,1107.0,0.333344262295082,0.49585245901639347,0.5611639344262296,0.3207083333333334,0.5154166666666666,0.5500277777777778,0.007423438860521365,0.005210715936576189,0.008764005912389142,0.010638901041666668,0.008101937499999998,0.0073960270061728395,0.366875,0.45652777777777787,0.5430555555555555,0.03353073770491799,0.0393246812386156,0.01810837887067407,61,72,0.6408196721311472,0.6562499999999996,75.54135338345864,133,20
1108,1108.0,0.33532258064516135,0.49474193548387096,0.5604677419354839,0.3224027777777778,0.5156944444444443,0.5515,0.007542444328824143,0.005201901144641001,0.008652216701352758,0.010531962770061727,0.008114406635802467,0.0074026111111111115,0.3669027777777778,0.4561944444444445,0.5408472222222223,0.03158019713261645,0.03854749103942645,0.01962051971326162,62,72,0.6277419354838704,0.6465277777777774,75.32835820895522,134,23
1109,1109.0,0.33588888888888896,0.4905873015873015,0.5638412698412698,0.32156756756756755,0.5130135135135134,0.5530405405405405,0.00747698765432099,0.005365385235575712,0.00932181607457798,0.010318975164353544,0.008280661979547113,0.00729625511322133,0.36963513513513513,0.4447297297297298,0.5525270270270272,0.03374624624624617,0.04585757185757172,0.011314242814242648,63,74,0.626349206349206,0.6420270270270267,74.83941605839416,137,22
1110,1110.0,0.33159701492537313,0.493910447761194,0.560223880597015,0.3254027777777778,0.5085277777777778,0.5539444444444445,0.007997106259746046,0.005628081532635332,0.00894208420583649,0.010550962770061727,0.008546943672839504,0.007441135802469136,0.38179166666666664,0.4400277777777777,0.5491805555555556,0.050194651741293506,0.05388266998341634,0.01104332504145944,67,72,0.6237313432835817,0.6097222222222218,73.71223021582733,139,20
1111,1111.0,0.33140625,0.49484374999999997,0.561203125,0.3239594594594595,0.504108108108108,0.5566891891891893,0.008232272460937499,0.005798913085937501,0.008393536865234376,0.010849363221329438,0.008305258582907232,0.0074471871804236665,0.37387837837837834,0.44299999999999995,0.550418918918919,0.04247212837837833,0.05184375000000002,0.010784206081080994,64,74,0.6017187499999994,0.6340540540540537,73.26811594202898,138,19
1112,1112.0,0.33234375000000005,0.491921875,0.5598593749999999,0.327,0.5033333333333333,0.5567777777777778,0.0081106318359375,0.006049509521484376,0.008456777099609375,0.010723111111111112,0.008485305555555555,0.00765220061728395,0.3776388888888889,0.43605555555555553,0.5513750000000001,0.045295138888888864,0.05586631944444448,0.008484374999999877,64,72,0.6074999999999995,0.646944444444444,73.49264705882354,136,18
1113,1113.0,0.33342187500000003,0.49509375,0.56078125,0.3266760563380282,0.5029014084507041,0.5576478873239437,0.007758337646484375,0.006169991210937501,0.008394420898437501,0.010866585201348937,0.00859138464590359,0.007705467565959134,0.37829577464788733,0.43557746478873244,0.5550985915492959,0.044873899647887294,0.05951628521126756,0.005682658450704148,64,71,0.6034374999999995,0.6592957746478871,73.53333333333333,135,18
1114,1114.0,0.3340454545454546,0.4979848484848484,0.5586818181818182,0.3284109589041096,0.5035205479452055,0.5553972602739726,0.007838710055096421,0.0062505603764921955,0.008361459366391183,0.010728762619628449,0.008494441358603864,0.0077049243760555445,0.3857260273972603,0.4341780821917808,0.5531780821917808,0.05168057285180572,0.06380676629306764,0.005503735990037395,66,73,0.5975757575757571,0.6478082191780818,74.61870503597122,139,18
1115,1115.0,0.33480597014925384,0.49550746268656715,0.5604477611940298,0.32560273972602743,0.5020000000000001,0.5606849315068493,0.007759887725551349,0.006562339496547116,0.0084424860770773,0.010132705197973354,0.009197780821917807,0.008500599361981609,0.38142465753424654,0.4332328767123288,0.5636849315068493,0.046618687384992696,0.06227458597423835,0.0032371703128194484,67,73,0.5898507462686561,0.6554794520547942,74.82142857142857,140,18
1116,1116.0,0.33167647058823535,0.49751470588235297,0.5621029411764705,0.32754794520547953,0.5021095890410959,0.5617397260273972,0.00737842474048443,0.006491102724913496,0.008266974697231835,0.009574138112216175,0.00922363182585851,0.008600356914993432,0.3816849315068493,0.43534246575342467,0.5644794520547947,0.05000846091861394,0.0621722401289283,0.002376510878324134,68,73,0.6092647058823524,0.6431506849315065,75.177304964539,141,17
1117,1117.0,0.3330857142857143,0.4982285714285715,0.5645142857142856,0.32640540540540547,0.5008108108108108,0.5607702702702703,0.007235392653061223,0.006512747755102043,0.008264478367346942,0.009540051862673484,0.009222126369612855,0.008552744521548574,0.37687837837837834,0.43136486486486486,0.5652162162162163,0.043792664092664024,0.06686370656370666,0.000701930501930681,70,74,0.6188571428571423,0.6181081081081078,75.99305555555556,144,18
1118,1118.0,0.3330857142857143,0.4982285714285715,0.5645142857142856,0.32482666666666665,0.50616,0.5596266666666667,0.007235392653061223,0.006512747755102043,0.008264478367346942,0.009197396622222222,0.009390507733333334,0.008576927288888888,0.36968,0.4327466666666667,0.5595466666666666,0.03659428571428569,0.0654819047619048,0.0049676190476189985,70,75,0.6302857142857138,0.6283999999999995,75.97241379310344,145,15
1119,1119.0,0.3362089552238806,0.4936865671641792,0.5654328358208955,0.32730263157894735,0.5073684210526315,0.5588552631578947,0.007211329472042773,0.00624555847627534,0.008596902205390954,0.008900158414127423,0.009774364265927976,0.008912571156509693,0.38069736842105256,0.4323026315789473,0.5591578947368422,0.04448841319717195,0.061383935585231864,0.006274941084053354,67,76,0.6431343283582085,0.617631578947368,76.04195804195804,143,18
1120,1120.0,0.33159375,0.49434374999999997,0.56484375,0.32738666666666666,0.5065866666666665,0.55924,0.0071361162109375015,0.0065220068359375,0.0088676318359375,0.009018290488888888,0.009858242488888887,0.009020155733333333,0.37797333333333333,0.43206666666666665,0.56328,0.04637958333333331,0.062277083333333316,0.0015637499999999749,64,75,0.6231249999999995,0.6214666666666663,75.55395683453237,139,21
1121,1121.0,0.3295,0.49909375,0.56334375,0.3312297297297297,0.5075135135135135,0.5571621621621621,0.00714725,0.0064994912109375,0.0089151630859375,0.008979501278305333,0.009929871439006572,0.008729054784514245,0.37632432432432433,0.43774324324324315,0.554554054054054,0.04682432432432432,0.06135050675675685,0.00878969594594603,64,74,0.6323437499999994,0.6437837837837834,75.01449275362319,138,17
1122,1122.0,0.3274444444444445,0.4984920634920634,0.5602857142857143,0.3330694444444445,0.5050694444444445,0.5597361111111111,0.007197770723104058,0.006762408667170573,0.00862502947845805,0.008676592399691358,0.00998267573302469,0.008702222029320987,0.374,0.4315138888888889,0.5575694444444443,0.04655555555555552,0.06697817460317446,0.002716269841269936,63,72,0.645555555555555,0.6733333333333328,74.65925925925926,135,15
1123,1123.0,0.3226935483870968,0.49630645161290315,0.5558387096774192,0.3319054054054055,0.5059054054054054,0.5603783783783785,0.006427825442247658,0.007285889958376691,0.008097361082206038,0.008510572132943756,0.00977113970051132,0.008548100073046018,0.3768918918918919,0.4318243243243244,0.549554054054054,0.05419834350479508,0.06448212728857877,0.006284655623365221,62,74,0.6349999999999996,0.6910810810810807,73.7279411764706,136,13
1124,1124.0,0.32345901639344266,0.4966393442622951,0.5564098360655737,0.3338533333333333,0.5036666666666667,0.5572400000000001,0.006444740123622681,0.007490787960225747,0.008210930395055095,0.008328338488888887,0.00991062222222222,0.0083285024,0.3867466666666666,0.4365866666666667,0.5391733333333335,0.06328765027322397,0.060052677595628434,0.0172365027322402,61,75,0.6065573770491798,0.6681333333333329,73.1029411764706,136,18
1125,1125.0,0.3254923076923077,0.49389230769230774,0.5568461538461539,0.33448684210526314,0.5033815789473685,0.5574868421052632,0.0061803730177514785,0.007370957633136095,0.007800407100591716,0.008248855090027702,0.009786314923822714,0.008223486668975068,0.38548684210526313,0.44206578947368425,0.5399078947368422,0.059994534412955436,0.051826518218623496,0.016938259109311682,65,76,0.5989230769230764,0.6573684210526313,74.0709219858156,141,17
1126,1126.0,0.32155555555555554,0.4985396825396826,0.552142857142857,0.33725675675675676,0.5026486486486487,0.5566081081081081,0.0065485008818342155,0.00721659763164525,0.007581265306122449,0.00839378542731921,0.009862984660336012,0.007818968042366689,0.3865810810810811,0.44589189189189193,0.5342027027027028,0.06502552552552554,0.05264779064779068,0.017940154440154288,63,74,0.5984126984126978,0.6529729729729726,73.83211678832117,137,20
1127,1127.0,0.3225161290322581,0.4985000000000001,0.5510322580645161,0.34015999999999996,0.49985333333333337,0.5560133333333332,0.006558701352757545,0.007176895161290324,0.007651095733610821,0.008267201066666667,0.009788365155555555,0.007694386488888888,0.39216,0.43428000000000017,0.5379066666666668,0.06964387096774188,0.06421999999999994,0.013125591397849301,62,75,0.6269354838709674,0.6526666666666663,74.34306569343066,137,18
1128,1128.0,0.32701694915254237,0.4978983050847458,0.5527627118644067,0.34170129870129873,0.497961038961039,0.5614675324675324,0.005960762424590636,0.006940362539500144,0.007863096236713588,0.008159793894417271,0.0098921413391803,0.008177469725080112,0.40237662337662344,0.42740259740259745,0.5402727272727273,0.07535967422408107,0.07049570768214836,0.012489984591679382,59,77,0.6650847457627114,0.6328571428571425,73.15441176470588,136,18
1129,1129.0,0.3305666666666667,0.49500000000000005,0.5526,0.34294871794871795,0.4977435897435898,0.5606282051282051,0.0066048455555555545,0.0073203,0.007733606666666668,0.008174997370151217,0.009768959894806048,0.008126874589086126,0.40338461538461545,0.4276153846153847,0.5405897435897437,0.07281794871794878,0.06738461538461538,0.012010256410256326,60,78,0.6518333333333329,0.6428205128205123,74.14492753623189,138,18
1130,1130.0,0.3305666666666667,0.49500000000000005,0.5526,0.34700000000000003,0.49724657534246575,0.5586986301369864,0.0066048455555555545,0.0073203,0.007733606666666668,0.008014082191780821,0.009599857008819667,0.008046429724150872,0.41410958904109596,0.4366986301369863,0.5297671232876713,0.08354292237442928,0.05830136986301376,0.022832876712328698,60,73,0.629333333333333,0.6847945205479449,73.86466165413533,133,18
1131,1131.0,0.33061290322580644,0.4931290322580646,0.5516290322580645,0.3457763157894737,0.4957368421052632,0.5595526315789472,0.0066553662851196686,0.007553338189386054,0.0094488785119667,0.0076933578601108025,0.009433904432132963,0.007947563019390582,0.41593421052631574,0.43531578947368427,0.5255131578947368,0.0853213073005093,0.057813242784380325,0.02611587436332763,62,76,0.6112903225806448,0.6315789473684207,72.7536231884058,138,20
1132,1132.0,0.33107936507936503,0.4978730158730159,0.5552539682539683,0.34580519480519484,0.4938571428571429,0.5598311688311687,0.006571723859914337,0.007592777525825146,0.009744919627110103,0.00759350750548153,0.0095799146567718,0.007850244223309157,0.42064935064935066,0.4355454545454546,0.5208311688311689,0.08956998556998563,0.06232756132756129,0.034422799422799466,63,77,0.6414285714285709,0.6198701298701295,73.25,140,18
1133,1133.0,0.330375,0.499234375,0.5546562500000001,0.34602702702702703,0.49217567567567566,0.5585270270270271,0.006500296875,0.007590898193359374,0.0096151630859375,0.00755072899926954,0.009208090759678598,0.007684870891161433,0.42493243243243245,0.4353108108108108,0.5192567567567568,0.09455743243243248,0.06392356418918921,0.03539949324324332,64,74,0.6382812499999995,0.628378378378378,72.94927536231884,138,17
1134,1134.0,0.3285967741935484,0.5015806451612904,0.5514193548387097,0.3438333333333333,0.49263888888888885,0.5579861111111111,0.006608789021852238,0.007371533818938606,0.009574437044745055,0.007515722222222221,0.009431758487654322,0.007874069251543207,0.4196666666666667,0.43570833333333336,0.5209166666666667,0.09106989247311831,0.06587231182795705,0.030502688172043046,62,72,0.6319354838709673,0.6541666666666662,72.88059701492537,134,17
1135,1135.0,0.33103333333333335,0.5064500000000001,0.5552333333333335,0.3456666666666666,0.49591666666666673,0.5535000000000001,0.005667632222222223,0.008508714166666665,0.009764245555555558,0.007413972222222221,0.009541381944444446,0.007203333333333333,0.41666666666666674,0.4403472222222222,0.5121527777777778,0.0856333333333334,0.06610277777777784,0.04308055555555568,60,72,0.6381666666666662,0.6544444444444442,73.01515151515152,132,19
1136,1136.0,0.33301754385964916,0.5063508771929824,0.5546140350877193,0.3423194444444444,0.5003055555555556,0.5551111111111111,0.005853280393967376,0.008889666358879656,0.010088973838104032,0.00762082851080247,0.009636323302469135,0.007363570987654321,0.40670833333333334,0.45577777777777784,0.5183472222222222,0.07369078947368418,0.0505730994152046,0.036266812865497156,57,72,0.6278947368421047,0.6833333333333329,72.0077519379845,129,15
1137,1137.0,0.3320508474576272,0.504864406779661,0.5562542372881356,0.3454428571428571,0.4966142857142857,0.5550142857142858,0.005761234702671647,0.008904930767020971,0.009833443837977593,0.007443903877551021,0.009181922653061227,0.0074472712244897975,0.4088714285714285,0.44351428571428564,0.5173,0.0768205811138013,0.06135012106537541,0.03895423728813563,59,70,0.611016949152542,0.6542857142857138,71.89922480620154,129,21
1138,1138.0,0.3275,0.5057241379310344,0.5566724137931034,0.3454428571428571,0.4966142857142857,0.5550142857142858,0.005924387931034483,0.008545061831153387,0.008691289239001188,0.007443903877551021,0.009181922653061227,0.0074472712244897975,0.4088714285714285,0.44351428571428564,0.5173,0.08137142857142848,0.062209852216748796,0.03937241379310341,58,70,0.591724137931034,0.6528571428571425,72.1796875,128,23
1139,1139.0,0.3247333333333334,0.5037833333333332,0.5569166666666666,0.3485833333333333,0.49801388888888887,0.5554722222222223,0.005962895555555556,0.008373869722222224,0.008585843055555554,0.007687381944444445,0.009067680362654323,0.007366915895061729,0.4109861111111111,0.44508333333333344,0.5143333333333333,0.08625277777777773,0.05869999999999981,0.042583333333333306,60,72,0.5793333333333329,0.6555555555555552,72.92424242424242,132,22
1140,1140.0,0.3247333333333334,0.5037833333333332,0.5569166666666666,0.3487972972972973,0.4972837837837837,0.5561351351351351,0.005962895555555556,0.008373869722222224,0.008585843055555554,0.007506080533235938,0.008981230277574873,0.0073023330898466035,0.41018918918918923,0.4376486486486486,0.516864864864865,0.08545585585585586,0.06613468468468464,0.04005180180180157,60,74,0.6018333333333328,0.6718918918918915,73.30597014925372,134,17
1141,1141.0,0.32248333333333334,0.5020833333333333,0.5568166666666666,0.34612328767123285,0.49916438356164383,0.5591917808219179,0.005864383055555556,0.008604843055555556,0.008593016388888887,0.0074498889097391625,0.009184055169825487,0.007195004316006754,0.40617808219178086,0.4339315068493151,0.5170821917808218,0.08369474885844752,0.06815182648401824,0.039734474885844806,60,73,0.5796666666666662,0.6713698630136982,72.55639097744361,133,18
1142,1142.0,0.3159827586206897,0.5040689655172413,0.5538620689655173,0.3453,0.49875714285714273,0.5588714285714286,0.005386568668252082,0.008591236623067777,0.008321567181926278,0.007730267142857142,0.009519269591836734,0.007474969183673471,0.40590000000000004,0.43459999999999993,0.5089714285714286,0.08991724137931034,0.06946896551724141,0.04489064039408863,58,70,0.611724137931034,0.6862857142857139,71.515625,128,16
1143,1143.0,0.3129473684210526,0.509578947368421,0.5527894736842105,0.345056338028169,0.498788732394366,0.5590985915492959,0.005156400738688828,0.008598559556786704,0.008232938134810712,0.007625546121801231,0.009385265225153738,0.007373300138861336,0.40647887323943666,0.4326760563380281,0.5090985915492959,0.09353150481838407,0.07690289103039294,0.043690882134914566,57,71,0.6324561403508767,0.6843661971830982,72.1015625,128,16
1144,1144.0,0.3168793103448275,0.5094827586206896,0.5516206896551724,0.3416521739130435,0.5012028985507246,0.5614202898550724,0.005948726813317479,0.008450835909631391,0.008168856123662306,0.007491879017013232,0.009367958832178115,0.00760572190716236,0.3954782608695652,0.43776811594202897,0.5118260869565218,0.0785989505247377,0.07171464267866062,0.03979460269865065,58,69,0.6113793103448271,0.6749275362318837,71.81102362204724,127,17
1145,1145.0,0.3129649122807017,0.5127368421052632,0.5517719298245614,0.34404411764705883,0.5005147058823528,0.5623382352941176,0.005164384733764236,0.007984930747922437,0.00831084272083718,0.007312336288927336,0.009404749783737025,0.00766472383217993,0.4078970588235294,0.4419411764705882,0.5094411764705884,0.09493214654282767,0.07079566563467493,0.04233075335397296,57,68,0.5950877192982451,0.6623529411764703,71.976,125,22
1146,1146.0,0.31523214285714285,0.5112678571428572,0.5521250000000001,0.3467246376811594,0.4999710144927535,0.5631884057971014,0.004963606823979591,0.008004517538265307,0.008452145089285714,0.0076949531611006095,0.00928854988447805,0.0076027905902121395,0.412927536231884,0.436231884057971,0.5153478260869567,0.09769539337474115,0.07503597308488619,0.03677717391304336,56,69,0.6024999999999994,0.6931884057971011,72.808,125,19
1147,1147.0,0.3193035714285714,0.5131785714285714,0.5507857142857143,0.3487605633802817,0.4981126760563379,0.5639577464788732,0.005099854272959184,0.007825968112244898,0.008569882653061226,0.00771925252926007,0.009182550684388018,0.00818060384844277,0.42033802816901406,0.42997183098591546,0.5202112676056341,0.10103445674044265,0.08320674044265591,0.030574446680080247,56,71,0.6046428571428566,0.6626760563380278,73.39370078740157,127,22
1148,1148.0,0.3199298245614035,0.5155263157894737,0.548578947368421,0.34665277777777775,0.5035694444444445,0.5584722222222221,0.005494030163127116,0.00803712650046168,0.008908664819944598,0.00802430999228395,0.008870661844135803,0.007539443672839507,0.4121666666666667,0.44858333333333333,0.5134027777777779,0.09223684210526317,0.06694298245614039,0.03517616959064318,57,72,0.6094736842105258,0.6783333333333329,72.7984496124031,129,18
1149,1149.0,0.31781818181818183,0.516,0.5465454545454544,0.347625,0.5044166666666666,0.5592777777777778,0.005542148760330578,0.008044581818181818,0.009049084297520662,0.008088206597222222,0.008708854166666667,0.0076862561728395055,0.4151666666666667,0.45376388888888897,0.5071944444444445,0.09734848484848485,0.06223611111111105,0.03935101010100994,55,72,0.6283636363636359,0.6713888888888885,72.51968503937007,127,17
1150,1150.0,0.3178490566037736,0.5189622641509435,0.5440943396226414,0.3492916666666666,0.5041805555555556,0.5567083333333334,0.005736165895336419,0.007998828764684942,0.00922533072267711,0.00800559548611111,0.008519425733024692,0.007791706597222222,0.4171666666666667,0.4420555555555556,0.5116527777777777,0.09931761006289308,0.0769067085953879,0.03244156184486369,53,72,0.6318867924528296,0.6858333333333329,71.64,125,16
1151,1151.0,0.3166981132075471,0.5183962264150943,0.5436603773584905,0.3503239436619718,0.5002394366197184,0.562,0.006103946600213601,0.008014314702741188,0.009354978996084014,0.007988641539377108,0.008624435627851614,0.009056647887323943,0.4207887323943663,0.43759154929577465,0.5158450704225352,0.10409061918681922,0.08080467711931966,0.027815306935955242,53,71,0.6043396226415089,0.6950704225352109,71.50806451612904,124,18
1152,1152.0,0.3163518518518518,0.5165185185185185,0.5424259259259259,0.347695652173913,0.5032753623188406,0.5625797101449275,0.005997265089163238,0.00805276817558299,0.009262503772290808,0.007094298676748582,0.008762808233564378,0.009303142197017434,0.41934782608695653,0.4374202898550725,0.5187681159420289,0.10299597423510476,0.07909822866344601,0.023657809983896994,54,69,0.5929629629629624,0.7172463768115939,70.869918699187,123,17
1153,1153.0,0.31554901960784315,0.5179019607843137,0.5446274509803921,0.34826086956521735,0.5041739130434784,0.5626521739130435,0.0054799338715878524,0.00841248058439062,0.009376939638600538,0.00713219281663516,0.008804636420919974,0.009295589161940768,0.4198840579710145,0.44050724637681166,0.519304347826087,0.10433503836317137,0.07739471440750206,0.025323103154305082,51,69,0.5986274509803916,0.7273913043478256,70.04166666666667,120,15
1154,1154.0,0.31520833333333337,0.5118125,0.5491874999999999,0.34740298507462686,0.5033283582089552,0.561820895522388,0.005700331597222223,0.008250319010416667,0.009480569010416667,0.007138091334372911,0.008902728001782134,0.009457281354421922,0.4212089552238806,0.44317910447761194,0.525223880597015,0.10600062189054721,0.06863339552238806,0.02396361940298497,48,67,0.6127083333333329,0.75865671641791,69.44347826086957,115,14
1155,1155.0,0.32022448979591833,0.513265306122449,0.5494285714285714,0.34362686567164175,0.5045671641791045,0.5625970149253732,0.006093194502290712,0.008113786755518534,0.009448571428571428,0.007243935397638672,0.008963558921808867,0.009304837603029628,0.4155223880597015,0.44426865671641796,0.5227910447761194,0.09529789826378315,0.06899664940603106,0.026637526652452004,49,67,0.6144897959183669,0.7395522388059697,69.3103448275862,116,16
1156,1156.0,0.32119230769230767,0.516,0.5469230769230768,0.34362686567164175,0.5045671641791045,0.5625970149253732,0.005865463017751479,0.008488038461538462,0.009017186390532544,0.007243935397638672,0.008963558921808867,0.009304837603029628,0.4155223880597015,0.44426865671641796,0.5227910447761194,0.09433008036739382,0.07173134328358205,0.02413203214695747,52,67,0.6198076923076918,0.725522388059701,69.84873949579831,119,17
1157,1157.0,0.32375471698113206,0.5153773584905661,0.5478490566037736,0.3467424242424242,0.5041515151515151,0.5618030303030304,0.00609622285510858,0.008348046279814881,0.008891637593449627,0.007461676078971534,0.0090853709825528,0.00948091574839302,0.41175757575757577,0.43822727272727263,0.5255757575757575,0.0880028587764437,0.07715008576329346,0.022273299028016114,53,66,0.5988679245283013,0.7306060606060603,70.53781512605042,119,18
1158,1158.0,0.32525,0.5151346153846155,0.5556153846153846,0.3462463768115942,0.502840579710145,0.5618985507246377,0.005683033653846153,0.008206347263313608,0.009490813609467456,0.007151663936147868,0.008807322411258138,0.009155366519638731,0.41472463768115947,0.4256811594202897,0.536695652173913,0.08947463768115949,0.08945345596432575,0.018919732441471604,52,69,0.6119230769230763,0.7050724637681155,71.08264462809917,121,20
1159,1159.0,0.3261851851851852,0.5181851851851852,0.5525,0.34704285714285715,0.5027857142857143,0.5607714285714285,0.006015373113854595,0.008246447187928671,0.009433212962962963,0.007032126734693878,0.008762054081632654,0.008984462040816326,0.4177714285714286,0.43244285714285713,0.5206571428571428,0.09158624338624344,0.08574232804232806,0.03184285714285717,54,70,0.6181481481481476,0.7011428571428567,71.0241935483871,124,18
1160,1160.0,0.32330909090909093,0.5203636363636365,0.5521818181818181,0.3480422535211267,0.5031408450704224,0.5599718309859154,0.006352686280991735,0.008352776859504132,0.009267166942148759,0.007139279904780798,0.008671811148581633,0.00891484427692918,0.4151971830985916,0.43036619718309854,0.5207887323943661,0.09188809218950067,0.08999743918053793,0.031393085787452035,55,71,0.6218181818181814,0.7012676056338025,70.38095238095238,126,18
1161,1161.0,0.32251785714285713,0.5204464285714286,0.5506607142857144,0.34917142857142863,0.5054857142857144,0.5618142857142858,0.0062736782525510204,0.008203997130102041,0.009228938456632653,0.007371542040816327,0.008470678367346942,0.009436494081632654,0.4216428571428572,0.43244285714285713,0.5184,0.09912500000000007,0.08800357142857151,0.03226071428571442,56,70,0.6276785714285709,0.7219999999999995,70.33333333333333,126,17
1162,1162.0,0.32251785714285713,0.5204464285714286,0.5506607142857144,0.348943661971831,0.5079154929577465,0.561943661971831,0.0062736782525510204,0.008203997130102041,0.009228938456632653,0.007271348938702639,0.008764640745883753,0.009304757389406863,0.41922535211267614,0.43885915492957744,0.5205915492957746,0.09670749496981901,0.0815872736418512,0.030069164989939834,56,71,0.6317857142857137,0.715352112676056,70.93700787401575,127,19
1163,1163.0,0.32105357142857144,0.5260892857142857,0.5473035714285714,0.34776388888888893,0.5115694444444444,0.5623611111111111,0.006150050701530611,0.007851117028061226,0.008060532844387755,0.007269180362654322,0.009590856288580248,0.00918789737654321,0.4154583333333333,0.44425,0.5207361111111111,0.09440476190476188,0.08183928571428573,0.02656746031746038,56,72,0.6116071428571423,0.7197222222222217,70.984375,128,21
1164,1164.0,0.32,0.526090909090909,0.5490545454545455,0.34648571428571423,0.5119571428571429,0.5628142857142857,0.006199709090909089,0.00799386446280992,0.00803539702479339,0.007218849795918368,0.009818212448979595,0.009440951224489796,0.41665714285714284,0.44012857142857137,0.5216,0.09665714285714283,0.08596233766233768,0.02745454545454551,55,70,0.6403636363636358,0.7177142857142853,70.952,125,19
1165,1165.0,0.31689473684210523,0.5255087719298246,0.5482280701754386,0.3466571428571428,0.5130857142857143,0.5628857142857141,0.006251216989843029,0.007955758694983071,0.007994000615574023,0.007222082448979591,0.00984073551020408,0.009436901224489796,0.4180571428571429,0.44554285714285724,0.5139999999999999,0.10116240601503768,0.07996591478696735,0.03422807017543872,57,70,0.6468421052631573,0.713428571428571,71.29133858267717,127,18
1166,1166.0,0.3204827586206896,0.5252586206896551,0.5492068965517242,0.3466901408450703,0.5091971830985916,0.5641830985915492,0.006877249702734839,0.007822157253269917,0.007910784780023782,0.007270101170402696,0.009289989287839712,0.009508515770680421,0.42309859154929574,0.4338591549295775,0.5199718309859155,0.10261583292860615,0.09139946576007763,0.029235065565808682,58,71,0.6315517241379305,0.7232394366197178,70.96124031007751,129,17
1167,1167.0,0.3217166666666666,0.5240333333333332,0.5498999999999999,0.34346666666666664,0.5038533333333335,0.56052,0.006597669722222223,0.007603898888888889,0.007590790000000001,0.007201315555555558,0.009326205155555557,0.0100764896,0.41894666666666663,0.4426666666666667,0.5135733333333332,0.09723000000000004,0.08136666666666653,0.03632666666666673,60,75,0.6246666666666661,0.6911999999999996,69.55555555555556,135,17
1168,1168.0,0.32948387096774184,0.5250806451612903,0.5456774193548387,0.3454342105263158,0.5041842105263159,0.5615,0.007178088449531738,0.00806984833506764,0.0076809281997918845,0.007596482513850418,0.009286150277008312,0.009846249999999997,0.42469736842105266,0.43861842105263166,0.5174605263157893,0.09521349745331081,0.08646222410865861,0.028216893039049395,62,76,0.6503225806451608,0.6361842105263154,68.71739130434783,138,17
1169,1169.0,0.329142857142857,0.5215714285714286,0.5486507936507936,0.3453116883116883,0.5043896103896106,0.5602467532467533,0.007071360544217687,0.008705260770975057,0.008107147896195516,0.007498967785461293,0.0091687572946534,0.009837744307640414,0.4273506493506493,0.43998701298701304,0.5122077922077921,0.0982077922077923,0.08158441558441554,0.0364430014430015,63,77,0.6449206349206345,0.6270129870129866,68.82857142857142,140,19
1170,1170.0,0.33016393442622943,0.5214754098360654,0.5500491803278689,0.3456233766233766,0.5044025974025975,0.5619610389610391,0.007251481322225209,0.008953593657618919,0.008310833646869121,0.007531715297689326,0.00916701973351324,0.01006710237814134,0.4264025974025974,0.4335194805194805,0.522051948051948,0.09623866297636796,0.08795592931658491,0.02799723227592088,61,77,0.6188524590163929,0.656363636363636,68.89855072463769,138,17
1171,1171.0,0.32915,0.5199999999999999,0.5515000000000001,0.3461,0.5048142857142858,0.5590714285714286,0.0072676275,0.008913933333333334,0.00834335,0.007246404285714287,0.00903080836734694,0.010922152040816325,0.4368714285714286,0.4372142857142856,0.5210142857142855,0.10772142857142858,0.0827857142857143,0.03048571428571456,60,70,0.6244999999999995,0.6507142857142852,66.13846153846154,130,18
1172,1172.0,0.3308103448275862,0.5178620689655172,0.5523793103448276,0.34594285714285716,0.506742857142857,0.5597714285714286,0.007423084720570749,0.009051049940546969,0.008370304399524376,0.0072475110204081655,0.008694162448979593,0.010986662040816325,0.42927142857142864,0.4384428571428571,0.5240571428571428,0.09846108374384244,0.07941921182266015,0.02832216748768479,58,70,0.6437931034482753,0.6878571428571425,65.6875,128,14
1173,1173.0,0.3332,0.5169,0.55285,0.34305797101449276,0.5060724637681159,0.5587826086956522,0.0074014599999999995,0.008859523333333334,0.0080977275,0.007306547363999161,0.008901864314219703,0.01099411216131065,0.4300289855072464,0.4376086956521739,0.5241014492753624,0.09682898550724639,0.07929130434782611,0.028748550724637556,60,69,0.6321666666666662,0.6660869565217389,65.65891472868218,129,17
1174,1174.0,0.33457627118644073,0.516186440677966,0.555135593220339,0.34271014492753626,0.5064927536231884,0.5598260869565217,0.007835634013214594,0.009047066934788855,0.00833699856363114,0.007286292795631171,0.008867583280823358,0.011087390044108381,0.4270869565217391,0.4380724637681159,0.5274782608695653,0.09251068533529838,0.07811397690985011,0.027657332350773722,59,69,0.6576271186440673,0.6643478260869562,64.9375,128,16
1175,1175.0,0.33381666666666665,0.5147333333333334,0.5568166666666667,0.34459154929577474,0.5033239436619716,0.5676197183098591,0.007975083055555556,0.009040595555555557,0.00835021638888889,0.007249340210275739,0.00876658520134894,0.011677052568934735,0.4321267605633803,0.4296619718309859,0.5362957746478872,0.09831009389671364,0.08507136150234745,0.02052089201877949,60,71,0.6636666666666661,0.6532394366197181,64.81679389312977,131,14
1176,1176.0,0.33495081967213114,0.5146393442622951,0.5556065573770492,0.34398611111111116,0.5025555555555556,0.5681805555555556,0.007921522171459285,0.008892919107766729,0.008301189465197529,0.007174680362654322,0.008686746913580247,0.011537203510802467,0.4325694444444445,0.42409722222222224,0.5427361111111111,0.09761862477231337,0.09054212204007284,0.01287044626593814,61,72,0.6503278688524585,0.6515277777777774,65.6390977443609,133,16
1177,1177.0,0.33588333333333326,0.5136666666666667,0.5544666666666667,0.34713513513513516,0.5046081081081081,0.5680945945945945,0.008000503055555556,0.008983422222222223,0.00836028222222222,0.007418035792549307,0.009144778853177502,0.011485220781592403,0.4352027027027028,0.4318513513513514,0.5439324324324324,0.09931936936936953,0.08181531531531533,0.010534234234234274,60,74,0.6719999999999993,0.6455405405405402,66.48507462686567,134,15
1178,1178.0,0.33471186440677964,0.5138305084745762,0.5508135593220337,0.34354166666666663,0.5057083333333333,0.5710972222222223,0.00805376443550704,0.009134072967538064,0.007701270324619361,0.007254581597222223,0.009347067708333335,0.011441532214506174,0.4277777777777778,0.43219444444444444,0.546875,0.09306591337099818,0.0816360640301318,0.003938559322033686,59,72,0.6774576271186434,0.6612499999999996,66.5114503816794,131,15
1179,1179.0,0.3353166666666666,0.51015,0.5516666666666666,0.34481944444444446,0.506,0.5715555555555556,0.008034449722222224,0.009613060833333333,0.007660055555555556,0.0075071201774691365,0.009406944444444445,0.011396774691358021,0.42711111111111116,0.4359444444444444,0.5489166666666667,0.09179444444444457,0.07420555555555558,0.002749999999999919,60,72,0.6561666666666661,0.6536111111111107,66.62878787878788,132,17
1180,1180.0,0.34061290322580645,0.5099032258064516,0.5526451612903226,0.3461369863013698,0.5068767123287672,0.5708493150684931,0.008315237252861605,0.009426539021852236,0.007832390218522374,0.007335570275849128,0.009366272471382999,0.01119700469131169,0.43126027397260275,0.43913698630136977,0.5455342465753424,0.0906473707467963,0.07076623950508187,0.007110914714980154,62,73,0.6851612903225801,0.6080821917808216,65.82222222222222,135,17
1181,1181.0,0.33988524590163943,0.5100819672131147,0.5542131147540983,0.3461369863013698,0.5068767123287672,0.5708493150684931,0.008418724536414943,0.009579091642031712,0.007808364418167159,0.007335570275849128,0.009366272471382999,0.01119700469131169,0.43126027397260275,0.43913698630136977,0.5455342465753424,0.09137502807096332,0.07094498091174495,0.00867886817875585,61,73,0.6673770491803271,0.608630136986301,66.52985074626865,134,21
1182,1182.0,0.33988524590163943,0.5100819672131147,0.5542131147540983,0.3461369863013698,0.5068767123287672,0.5708493150684931,0.008418724536414943,0.009579091642031712,0.007808364418167159,0.007335570275849128,0.009366272471382999,0.01119700469131169,0.43126027397260275,0.43913698630136977,0.5455342465753424,0.09137502807096332,0.07094498091174495,0.00867886817875585,61,73,0.6883606557377044,0.6364383561643832,67.52985074626865,134,17
1183,1183.0,0.3395833333333334,0.5084000000000001,0.5551999999999999,0.34574647887323934,0.508774647887324,0.5714084507042253,0.008553476388888889,0.009566173333333336,0.007879093333333335,0.0075318793890101175,0.009342287244594329,0.011067875421543343,0.42932394366197185,0.4507183098591549,0.5327323943661971,0.08974061032863845,0.05768169014084518,0.02246760563380279,60,71,0.6693333333333328,0.6492957746478868,68.0381679389313,131,22
1184,1184.0,0.3414,0.5115666666666666,0.5525333333333333,0.34715277777777775,0.5085833333333334,0.5669444444444445,0.008485240000000002,0.009722812222222222,0.008243715555555555,0.007353796103395063,0.00925707638888889,0.00981433024691358,0.4266250000000001,0.4525277777777778,0.5316944444444444,0.0852250000000001,0.05903888888888881,0.020838888888888962,60,72,0.6709999999999996,0.6748611111111107,67.86363636363636,132,18
1185,1185.0,0.33865,0.5149666666666668,0.5505166666666667,0.3440526315789474,0.5068815789473685,0.5646315789473684,0.0089116275,0.01046899888888889,0.00842531638888889,0.008269339335180056,0.008903104397506927,0.009668364265927978,0.43050000000000016,0.4414736842105263,0.5428421052631578,0.09185000000000015,0.0734929824561405,0.007674561403508862,60,76,0.6481666666666661,0.658552631578947,66.98529411764706,136,18
1186,1186.0,0.3389508196721312,0.5132295081967213,0.5519672131147542,0.34293421052631584,0.5041973684210527,0.5678552631578947,0.009171227089492074,0.010593062080085997,0.008406654662725072,0.008150771987534628,0.009582421572022163,0.010005281682825483,0.4310394736842104,0.4381052631578947,0.5484736842105263,0.09208865401207922,0.07512424503882659,0.0034935289042278272,61,76,0.6532786885245896,0.6469736842105259,66.97810218978103,137,18
1187,1187.0,0.3392666666666667,0.5092833333333333,0.5459999999999999,0.34402597402597407,0.5033506493506494,0.5674675324675323,0.009284695555555555,0.009917969722222222,0.008389133333333335,0.008135505818856466,0.009512461460617303,0.009886768426378815,0.4330129870129869,0.4368701298701299,0.5463376623376625,0.09374632034632019,0.0724132034632034,0.0003376623376625254,60,77,0.6483333333333329,0.6701298701298698,66.5985401459854,137,15
1188,1188.0,0.33691379310344827,0.508896551724138,0.5476206896551724,0.34402597402597407,0.5033506493506494,0.5674675324675323,0.009247389120095125,0.010053678953626634,0.008544442330558859,0.008135505818856466,0.009512461460617303,0.009886768426378815,0.4330129870129869,0.4368701298701299,0.5463376623376625,0.09609919390953864,0.07202642185400804,0.001283027317509955,58,77,0.6527586206896546,0.6825974025974022,67.66666666666667,135,17
1189,1189.0,0.33691379310344827,0.508896551724138,0.5476206896551724,0.3477236842105263,0.5017105263157894,0.564907894736842,0.009247389120095125,0.010053678953626634,0.008544442330558859,0.009015094702216068,0.009832179362880888,0.009650952042936289,0.4347236842105263,0.44293421052631593,0.5432631578947369,0.09780989110707805,0.06596234119782202,0.004357531760435518,58,76,0.6448275862068961,0.6951315789473679,67.33582089552239,134,17
1190,1190.0,0.33520338983050846,0.5109661016949152,0.5433389830508475,0.3473552631578947,0.5013947368421053,0.568578947368421,0.009262534903763284,0.009913863257684572,0.008538935937948867,0.009073702735457063,0.009881159972299169,0.009370164819944597,0.43568421052631584,0.44375000000000003,0.5420921052631579,0.10048082069580738,0.06721610169491515,0.0012468777876896153,59,76,0.6250847457627113,0.6824999999999996,67.29629629629629,135,20
1191,1191.0,0.33942372881355926,0.5134576271186441,0.5436440677966102,0.3467972972972974,0.49955405405405406,0.5682162162162161,0.009534210284401034,0.010323909221488079,0.008553280091927608,0.00926808053323594,0.009407301132213296,0.00944108838568298,0.43662162162162166,0.442527027027027,0.5362432432432432,0.0971978928080624,0.07093060009161706,0.007400824553366991,59,74,0.6255932203389823,0.690405405405405,67.6015037593985,133,20
1192,1192.0,0.33730158730158727,0.5178412698412698,0.5479841269841271,0.34797297297297297,0.4958243243243243,0.5689324324324324,0.009446559838750314,0.010227117661879566,0.008389221970269591,0.00902381008035062,0.008890279948867789,0.009430954894083273,0.43454054054054053,0.4353378378378378,0.5376621621621621,0.09723895323895326,0.08250343200343196,0.010321964821965013,63,74,0.6171428571428568,0.679324324324324,67.58394160583941,137,19
1193,1193.0,0.3370967741935484,0.5160483870967741,0.5450967741935486,0.3502987012987013,0.49602597402597404,0.5668311688311688,0.00916544224765869,0.010245594432882414,0.008320861602497398,0.009148651037274413,0.008708259065609718,0.009196503963568898,0.4351948051948052,0.4320519480519481,0.5339220779220779,0.0980980310012568,0.08399643904482607,0.011174696271470719,62,77,0.6227419354838704,0.6693506493506489,66.87769784172662,139,18
1194,1194.0,0.3370967741935484,0.5160483870967741,0.5450967741935486,0.35028947368421054,0.495342105263158,0.5663157894736842,0.00916544224765869,0.010245594432882414,0.008320861602497398,0.009269021468144047,0.008786830332409972,0.009297058171745151,0.4376052631578948,0.4309078947368422,0.5366842105263159,0.10050848896434639,0.08514049235993193,0.008412563667232753,62,76,0.6108064516129027,0.691710526315789,67.6159420289855,138,18
1195,1195.0,0.33624242424242423,0.5219545454545456,0.5447727272727274,0.35028947368421054,0.495342105263158,0.5663157894736842,0.008841456382001836,0.010321861570247934,0.00795147865013774,0.009269021468144047,0.008786830332409972,0.009297058171745151,0.4376052631578948,0.4309078947368422,0.5366842105263159,0.10136283891547054,0.09104665071770335,0.008088516746411534,66,76,0.6353030303030298,0.6677631578947364,67.90845070422536,142,16
1196,1196.0,0.3382769230769231,0.5205384615384615,0.5446,0.35047999999999996,0.4926800000000001,0.5707866666666668,0.008704292544378699,0.010348310059171598,0.00807184,0.009452996266666668,0.008570937600000004,0.00886283448888889,0.4351466666666667,0.4376133333333334,0.5318933333333333,0.0968697435897436,0.0829251282051281,0.012706666666666644,65,75,0.6210769230769225,0.6717333333333328,67.87142857142857,140,18
1197,1197.0,0.33973437500000003,0.52046875,0.5435625,0.3506533333333333,0.49138666666666675,0.57088,0.008702226318359376,0.010509686523437499,0.008127996093750001,0.009462333155555556,0.008419703822222225,0.008866318933333332,0.44142666666666674,0.43676,0.5296933333333332,0.10169229166666671,0.08370875000000005,0.01386916666666671,64,75,0.6103124999999995,0.6841333333333329,68.00719424460432,139,20
1198,1198.0,0.34019354838709676,0.5213709677419354,0.544274193548387,0.3506973684210526,0.4927500000000001,0.5696315789473685,0.00880663995837669,0.010221620447450572,0.008339908688865765,0.00933797420360111,0.00844831907894737,0.00886654847645429,0.4433026315789475,0.4353947368421052,0.5283815789473684,0.10310908319185075,0.08597623089983014,0.01589261460101865,62,76,0.6027419354838703,0.6905263157894733,68.42028985507247,138,20
1199,1199.0,0.33884126984126983,0.5202063492063491,0.5432222222222222,0.3478181818181818,0.4927272727272728,0.5696103896103896,0.009517371630133538,0.009798798689846311,0.008542109347442683,0.008960512396694214,0.008360613931523023,0.008737796255692357,0.4422987012987013,0.43481818181818177,0.5291168831168832,0.10345743145743147,0.08538816738816735,0.014105339105338954,63,77,0.6228571428571424,0.6671428571428566,69.29285714285714,140,21
1200,1200.0,0.3415079365079365,0.5197460317460317,0.544142857142857,0.3471153846153846,0.4923589743589744,0.5692948717948718,0.010721773746535653,0.009627078357268832,0.008500344671201815,0.008883666173570021,0.0082638711374096,0.008633438691650232,0.44710256410256416,0.43529487179487175,0.5262564102564102,0.10559462759462768,0.08445115995115998,0.017886446886446805,63,78,0.6185714285714281,0.6638461538461534,70.0709219858156,141,22
1201,1201.0,0.3396666666666666,0.5202166666666667,0.5366833333333333,0.3439240506329114,0.49113924050632907,0.5698227848101266,0.01118518888888889,0.009741436388888889,0.007641483055555556,0.009362525877263257,0.008208879346258613,0.008543386316295466,0.4469367088607596,0.4277088607594936,0.5381645569620253,0.10727004219409297,0.09250780590717306,0.0014812236286919633,60,79,0.6118333333333328,0.6826582278481009,69.80575539568345,139,20
1202,1202.0,0.3396666666666666,0.5202166666666667,0.5366833333333333,0.3479024390243902,0.49389024390243896,0.5714146341463415,0.01118518888888889,0.009741436388888889,0.007641483055555556,0.00963879535990482,0.008359073319452709,0.008362047590719809,0.44493902439024396,0.42968292682926823,0.5383414634146342,0.10527235772357735,0.09053373983739843,0.0016581300813008903,60,82,0.5926666666666661,0.6804878048780483,69.56338028169014,142,21
1203,1203.0,0.3379333333333332,0.5171833333333333,0.5358999999999999,0.34556097560975607,0.4928414634146341,0.572890243902439,0.011316228888888889,0.009794216388888888,0.007478223333333333,0.009276953599048187,0.008443743158834028,0.008731975758477097,0.44276829268292683,0.42448780487804877,0.5433414634146341,0.10483495934959364,0.09269552845528456,0.007441463414634142,60,82,0.5796666666666663,0.680975609756097,69.64788732394366,142,22
1204,1204.0,0.3369333333333333,0.5132333333333333,0.5374,0.3449878048780488,0.49453658536585365,0.5705121951219513,0.011345162222222224,0.009980178888888889,0.007656306666666665,0.009282426680547294,0.008175273051754908,0.008414274241522902,0.43810975609756103,0.4292317073170732,0.5371585365853659,0.10117642276422772,0.0840016260162601,0.00024146341463404664,60,82,0.5589999999999995,0.6770731707317068,69.04225352112677,142,21
1205,1205.0,0.33755555555555555,0.516,0.5367301587301588,0.34630864197530864,0.4925061728395062,0.5698765432098765,0.010939262786596118,0.009664380952380954,0.007344324011085916,0.009253966468526139,0.007938151196463954,0.008485021795458009,0.4404567901234568,0.4238271604938271,0.5353950617283951,0.10290123456790123,0.09217283950617289,0.0013350970017637076,63,81,0.5625396825396821,0.6665432098765426,69.65972222222223,144,20
1206,1206.0,0.3342794117647059,0.5116176470588235,0.5349558823529412,0.34630864197530864,0.4925061728395062,0.5698765432098765,0.01099405428200692,0.00944294204152249,0.008054130406574392,0.009253966468526139,0.007938151196463954,0.008485021795458009,0.4404567901234568,0.4238271604938271,0.5353950617283951,0.1061773783587509,0.08779048656499638,0.00043917937545390195,68,81,0.5761764705882347,0.6280246913580242,69.53691275167785,149,21
1207,1207.0,0.3359701492537313,0.5104328358208955,0.5362835820895523,0.3439259259259259,0.4964567901234567,0.5671358024691358,0.010963760302962797,0.009488424593450657,0.008054471820004457,0.009639426611796982,0.008085704923030027,0.008596018594726411,0.4447037037037037,0.42793827160493825,0.5286296296296297,0.1087335544499724,0.08249456421595724,0.007653952459922619,67,81,0.5695522388059696,0.6327160493827156,69.85810810810811,148,21
1208,1208.0,0.3396470588235294,0.5123970588235295,0.5375735294117647,0.3450740740740741,0.4937654320987655,0.5638518518518518,0.010878493079584776,0.0092692982266436,0.008148979887543253,0.009419229080932784,0.007661809175430576,0.008547385459533607,0.448037037037037,0.42403703703703716,0.5310123456790123,0.1083899782135076,0.08836002178649233,0.006561183732752385,68,81,0.5526470588235289,0.6337037037037032,69.81879194630872,149,21
1209,1209.0,0.33531818181818185,0.5101818181818183,0.5372727272727272,0.34387804878048783,0.49598780487804883,0.563109756097561,0.010467307851239671,0.00918205785123967,0.008274471074380165,0.009420229030339084,0.007968426680547295,0.008487756246281973,0.44562195121951215,0.4306341463414636,0.5325243902439024,0.1103037694013303,0.07954767184035472,0.004748337028824823,66,82,0.5477272727272722,0.6507317073170727,70.28378378378379,148,20
1210,1210.0,0.33584615384615385,0.5131076923076924,0.5376000000000001,0.3439390243902439,0.49957317073170737,0.5585,0.010544407100591714,0.008773696094674557,0.008527901538461538,0.00940344750148721,0.00789570806067817,0.00876517682926829,0.44764634146341464,0.4320000000000001,0.531,0.1118001876172608,0.08110769230769227,0.00660000000000005,65,82,0.5418461538461534,0.6668292682926824,70.17006802721089,147,17
1211,1211.0,0.3331230769230769,0.5096307692307692,0.5392153846153847,0.34625316455696203,0.49996202531645567,0.5600632911392405,0.010157646390532543,0.008470294437869822,0.00881896899408284,0.009593480211504567,0.007471479570581637,0.008806920044864603,0.4519493670886075,0.43615189873417726,0.5282911392405064,0.11882629016553059,0.07347887049659196,0.010924245374878239,65,79,0.5433846153846149,0.6753164556962021,69.91666666666667,144,14
1212,1212.0,0.3271311475409836,0.5122295081967213,0.5452459016393443,0.3441666666666667,0.4994871794871796,0.5603846153846154,0.00992362214458479,0.007860668637463049,0.00855284117172803,0.009372549145299147,0.007549454963839579,0.008911672583826429,0.44992307692307687,0.43600000000000005,0.5321666666666667,0.12279192938209327,0.07622950819672125,0.0130792349726776,61,78,0.5614754098360651,0.666410256410256,69.1726618705036,139,14
1213,1213.0,0.3236911764705882,0.5138823529411765,0.5460147058823529,0.34738461538461535,0.496974358974359,0.5590384615384616,0.0093817428633218,0.007469574394463668,0.008909485077854672,0.010291108481262329,0.007309383957922419,0.008909549802761341,0.45683333333333326,0.42998717948717957,0.5315769230769231,0.13314215686274505,0.08389517345399689,0.014437782805429844,68,78,0.5849999999999996,0.605384615384615,68.31506849315069,146,14
1214,1214.0,0.3266521739130435,0.5166666666666666,0.5453768115942028,0.34754545454545455,0.49688311688311704,0.558038961038961,0.0094945456836799,0.007039555555555555,0.00857846670867465,0.010422741440377806,0.007403661663012313,0.008947336144375106,0.4624285714285714,0.430987012987013,0.5293896103896104,0.1357763975155279,0.08567965367965363,0.015987201204592405,69,77,0.5947826086956518,0.5840259740259736,68.58904109589041,146,16
1215,1215.0,0.3263432835820896,0.5200746268656717,0.5423134328358208,0.3467236842105263,0.497657894736842,0.55625,0.009578822454889733,0.006828039206950323,0.008487379371797728,0.010507884175900276,0.007454856648199446,0.008818634868421053,0.4603684210526316,0.4366578947368421,0.5236184210526316,0.134025137470542,0.08341673212882966,0.01869501178318922,67,76,0.6167164179104473,0.601052631578947,69.21678321678321,143,15
1216,1216.0,0.3244,0.5201076923076924,0.543123076923077,0.35147368421052627,0.5009473684210527,0.5534473684210526,0.00935067076923077,0.006783296094674556,0.008708846390532545,0.010274249307479222,0.006884418282548477,0.008501168282548476,0.467907894736842,0.4365526315789475,0.5106052631578946,0.143507894736842,0.08355506072874486,0.03251781376518248,65,76,0.5984615384615382,0.6273684210526311,68.54609929078015,141,13
1217,1217.0,0.3244,0.5201076923076924,0.543123076923077,0.3483461538461538,0.49689743589743596,0.5543717948717949,0.00935067076923077,0.006783296094674556,0.008708846390532545,0.010464354536489152,0.0074115792241946105,0.008446746383957923,0.4632564102564102,0.4393333333333334,0.5163205128205127,0.13885641025641016,0.08077435897435897,0.02680256410256432,65,78,0.5969230769230763,0.608461538461538,69.06293706293707,143,16
1218,1218.0,0.3244,0.5201076923076924,0.543123076923077,0.34945454545454546,0.4959350649350649,0.5533506493506494,0.00935067076923077,0.006783296094674556,0.008708846390532545,0.010504429752066113,0.0074355931860347465,0.008475110811266656,0.46603896103896103,0.43932467532467534,0.5184675324675323,0.141638961038961,0.08078301698301704,0.024655544455544742,65,77,0.592307692307692,0.6227272727272724,69.80985915492958,142,17
1219,1219.0,0.32543076923076925,0.5218461538461538,0.5406769230769232,0.34945454545454546,0.4959350649350649,0.5533506493506494,0.00928590674556213,0.006729484023668638,0.00847108023668639,0.010504429752066113,0.0074355931860347465,0.008475110811266656,0.46603896103896103,0.43932467532467534,0.5184675324675323,0.14060819180819178,0.08252147852147851,0.022209390609390867,65,77,0.6112307692307688,0.6325974025974023,70.23239436619718,142,14
1220,1220.0,0.327703125,0.518671875,0.5421562499999999,0.3498157894736843,0.4947763157894736,0.5517105263157894,0.009095364990234375,0.006179689208984375,0.008461194335937502,0.010628255540166205,0.0072346210180055425,0.00880749515235457,0.4663684210526316,0.43797368421052624,0.516828947368421,0.13866529605263161,0.08069819078947377,0.025327302631578896,64,76,0.6215624999999996,0.634210526315789,70.41428571428571,140,15
1221,1221.0,0.32895238095238094,0.5202539682539683,0.540968253968254,0.3472162162162162,0.4983648648648648,0.550054054054054,0.00913985487528345,0.00611758629377677,0.008505173595364072,0.010567872169466766,0.007362556062819579,0.009261537618699783,0.46049999999999996,0.44932432432432434,0.5114594594594595,0.13154761904761902,0.07092964392964396,0.02950879450879451,63,74,0.6192063492063488,0.6399999999999995,70.32846715328468,137,16
1222,1222.0,0.3289384615384616,0.5202153846153846,0.5401846153846154,0.34559459459459463,0.49720270270270267,0.5488513513513513,0.008861411597633137,0.005997368994082841,0.00852608899408284,0.010624862673484295,0.0073944318845872905,0.009215640065741416,0.45975675675675676,0.4489864864864865,0.508364864864865,0.13081829521829513,0.07122889812889815,0.03181975051975039,65,74,0.6053846153846149,0.6037837837837833,69.92086330935251,139,20
1223,1223.0,0.32577419354838716,0.5172741935483872,0.5366774193548386,0.3445342465753425,0.5011095890410959,0.5412054794520549,0.009284013527575444,0.006040779656607701,0.009439347554630596,0.010904824169637832,0.007484015387502347,0.00798665640833177,0.454986301369863,0.45084931506849313,0.5005616438356164,0.12921210782147585,0.06642487847989409,0.03611577551922218,62,73,0.6140322580645157,0.5831506849315065,68.15555555555555,135,23
1224,1224.0,0.32658730158730165,0.5170317460317462,0.538063492063492,0.3465714285714286,0.5021,0.5411,0.00917763920382968,0.005948538674729151,0.009408630889392795,0.01111035918367347,0.007442147142857142,0.007322375714285715,0.4606571428571429,0.44889999999999997,0.49717142857142865,0.13406984126984123,0.06813174603174621,0.04089206349206337,63,70,0.6036507936507932,0.6399999999999996,67.65413533834587,133,18
1225,1225.0,0.32658730158730165,0.5170317460317462,0.538063492063492,0.34671014492753627,0.5023333333333333,0.5398115942028986,0.00917763920382968,0.005948538674729151,0.009408630889392795,0.011270031926065953,0.007546193236714976,0.00731229783658895,0.46375362318840585,0.4475942028985507,0.4988985507246378,0.1371663216011042,0.0694375431331955,0.03916494133885423,63,69,0.5915873015873011,0.6508695652173909,68.70454545454545,132,22
1226,1226.0,0.32969230769230773,0.5164461538461538,0.536076923076923,0.3492058823529412,0.5049411764705884,0.5377941176470589,0.009691320710059171,0.005838616331360947,0.00929644023668639,0.012954222318339101,0.0076523788927335655,0.006941692906574394,0.4666911764705883,0.4502794117647058,0.5012058823529412,0.13699886877828055,0.06616674208144796,0.03487104072398184,65,68,0.5963076923076919,0.680882352941176,68.97744360902256,133,19
1227,1227.0,0.33003174603174595,0.517984126984127,0.5358412698412699,0.35152238805970154,0.5089104477611942,0.5390149253731344,0.009988094230284707,0.005706809271856891,0.009526895439657347,0.013548339051013589,0.00727903675651593,0.007083656493651147,0.4631492537313433,0.4496268656716418,0.5048805970149255,0.13311750769959735,0.0683572613124852,0.030960672826344404,63,67,0.5850793650793646,0.7082089552238802,68.1923076923077,130,17
1228,1228.0,0.3281940298507463,0.5225970149253732,0.5370597014925372,0.3510882352941177,0.5078235294117649,0.5404852941176471,0.010639231009133438,0.006466748050790822,0.009076205390955671,0.013361727508650518,0.007251145328719724,0.007124338019031141,0.4606029411764706,0.45048529411764704,0.5043235294117647,0.1324089113257243,0.07211172080772621,0.03273617208077251,67,68,0.5708955223880594,0.675882352941176,67.98518518518519,135,20
1229,1229.0,0.33083823529411766,0.5253970588235295,0.5383235294117649,0.3528955223880597,0.50844776119403,0.5390597014925373,0.010760047361591694,0.007195121756055364,0.008798160034602076,0.013339048785921142,0.007332874136778793,0.007092474047672087,0.46540298507462685,0.44350746268656716,0.5037014925373134,0.1345647497805092,0.08188959613696234,0.03462203687445142,68,67,0.563382352941176,0.6971641791044771,68.65185185185184,135,21
1230,1230.0,0.33083823529411766,0.5253970588235295,0.5383235294117649,0.35111594202898555,0.5088260869565219,0.5384782608695652,0.010760047361591694,0.007195121756055364,0.008798160034602076,0.013237116992228523,0.007143969754253308,0.006931727788279773,0.46650724637681157,0.4453333333333333,0.4971594202898551,0.1356690110826939,0.08006372549019619,0.041164109121909764,68,69,0.5683823529411759,0.6981159420289851,69.64963503649635,137,20
1231,1231.0,0.3319855072463768,0.5266231884057971,0.5371304347826089,0.35111594202898555,0.5088260869565219,0.5384782608695652,0.010693608485612264,0.007193075404326822,0.008767446754883428,0.013237116992228523,0.007143969754253308,0.006931727788279773,0.46650724637681157,0.4453333333333333,0.4971594202898551,0.13452173913043475,0.08128985507246383,0.03997101449275381,69,69,0.5650724637681155,0.7331884057971009,70.1376811594203,138,17
1232,1232.0,0.32923880597014926,0.5257164179104478,0.5358805970149254,0.35202985074626864,0.5093283582089553,0.5395671641791046,0.009370271329917577,0.00700703898418356,0.008954940966807752,0.01360307373579862,0.0073461011361104925,0.007067170862107374,0.45931343283582093,0.44259701492537307,0.5077910447761194,0.13007462686567167,0.0831194029850747,0.028089552238806048,67,67,0.5676119402985069,0.7299999999999996,69.63432835820896,134,19
1233,1233.0,0.33084057971014497,0.5254057971014492,0.5343478260869566,0.35321739130434787,0.5101014492753624,0.5399565217391304,0.009641148498214657,0.006822501995379122,0.009212603654694394,0.0130908947700063,0.007251424490653225,0.007050882167611847,0.46259420289855074,0.43655072463768124,0.5081014492753624,0.13175362318840578,0.08885507246376795,0.026246376811594252,69,69,0.5527536231884054,0.7004347826086951,70.16666666666667,138,21
1234,1234.0,0.33202857142857145,0.5325,0.5346428571428572,0.35578787878787876,0.5101818181818182,0.5364848484848485,0.01028565632653061,0.007061764285714287,0.008400686734693878,0.012902379247015611,0.007381421487603307,0.00701585583103765,0.46698484848484856,0.447409090909091,0.4965909090909091,0.1349562770562771,0.085090909090909,0.038051948051948115,70,66,0.5572857142857138,0.7193939393939388,69.27941176470588,136,18
1235,1235.0,0.33202857142857145,0.5325,0.5346428571428572,0.35454411764705884,0.515485294117647,0.5380882352941176,0.01028565632653061,0.007061764285714287,0.008400686734693878,0.012939600994809687,0.008438749783737026,0.006946227508650518,0.4602205882352942,0.4604117647058824,0.4963529411764705,0.12819201680672276,0.07208823529411756,0.0382899159663867,70,68,0.5687142857142853,0.7052941176470584,70.47101449275362,138,18
1236,1236.0,0.3295797101449276,0.5297826086956522,0.5334492753623188,0.3553623188405798,0.5149710144927536,0.5337536231884057,0.009891113211510186,0.007071271581600504,0.008418537282083596,0.01334391220331863,0.008250694812014283,0.0064409682839739555,0.4563333333333333,0.4613043478260869,0.49207246376811586,0.12675362318840572,0.06847826086956527,0.04137681159420292,69,69,0.5828985507246373,0.6802898550724632,70.26086956521739,138,18
1237,1237.0,0.32779411764705885,0.5298823529411765,0.5313823529411764,0.35807142857142865,0.5137571428571429,0.5346142857142856,0.009816575259515573,0.007174574394463668,0.008247559688581315,0.013659694897959184,0.008234498163265307,0.006400065510204083,0.45874285714285706,0.4589857142857143,0.4907714285714286,0.13094873949579822,0.0708966386554622,0.040610924369747836,68,70,0.5797058823529406,0.724428571428571,70.72463768115942,138,14
1238,1238.0,0.3284179104477612,0.5290597014925373,0.5315970149253731,0.35425,0.5117058823529411,0.5326176470588235,0.009936631321006906,0.0072356382267765645,0.008367524170193808,0.014175305147058823,0.008266001730103808,0.006804442041522491,0.4565441176470588,0.4621176470588235,0.49357352941176474,0.12812620719929763,0.06694205443371382,0.0380234855136084,67,68,0.5658208955223876,0.741617647058823,70.66666666666667,135,17
1239,1239.0,0.3285735294117647,0.5289264705882354,0.5315441176470588,0.352830985915493,0.5117746478873241,0.5312535211267605,0.009792126946366782,0.007130421064013842,0.008244659818339101,0.014038112279309659,0.00830403372346757,0.00666802023408054,0.4553661971830986,0.45123943661971827,0.5084225352112676,0.1267926677713339,0.07768703396851712,0.02312158243579121,68,71,0.5488235294117642,0.7298591549295771,70.51079136690647,139,18
1240,1240.0,0.3286478873239436,0.5267042253521128,0.5310985915492956,0.3519589041095891,0.5147534246575343,0.5339178082191781,0.009396876016663362,0.0069713913905971045,0.00814707478674866,0.013917464064552448,0.009406761118408706,0.006738869956839933,0.4543150684931507,0.4567260273972603,0.5093698630136986,0.12566718116920705,0.0699781979548525,0.02172872853559704,71,73,0.545915492957746,0.7136986301369858,70.65972222222223,144,17
1241,1241.0,0.32695890410958905,0.5273424657534247,0.5315890410958903,0.3558666666666667,0.5111866666666667,0.53624,0.009327244886470257,0.006985156689810471,0.007815474948395571,0.01456408888888889,0.009556951822222222,0.006421489066666666,0.45756,0.4556133333333334,0.5062133333333334,0.13060109589041097,0.07172913242009127,0.02537570776255693,73,75,0.5615068493150679,0.6866666666666662,70.38513513513513,148,15
1242,1242.0,0.32695890410958905,0.5273424657534247,0.5315890410958903,0.3575641025641026,0.5128974358974359,0.5359230769230771,0.009327244886470257,0.006985156689810471,0.007815474948395571,0.014637912557527942,0.009953553583168967,0.006249045364891518,0.4582820512820513,0.4586282051282052,0.5055256410256411,0.13132314717246224,0.06871426062521951,0.02606340007024921,73,78,0.5490410958904105,0.6852564102564097,71.37086092715232,151,15
1243,1243.0,0.3253194444444445,0.5271805555555555,0.5311111111111111,0.35757692307692307,0.5129102564102564,0.5360384615384616,0.009260578510802468,0.007080259066358025,0.0079073487654321,0.014636269723865877,0.009952312458908614,0.006252165187376725,0.4552948717948719,0.4586025641025641,0.5091025641025643,0.12997542735042739,0.06857799145299143,0.02200854700854682,72,78,0.5593055555555551,0.6801282051282046,71.36,150,16
1244,1244.0,0.3245352112676056,0.5293943661971832,0.5292394366197182,0.35757692307692307,0.5129102564102564,0.5360384615384616,0.009346727633406068,0.006827112080936323,0.007766491965879786,0.014636269723865877,0.009952312458908614,0.006252165187376725,0.4552948717948719,0.4586025641025641,0.5091025641025643,0.13075966052726629,0.07079180209461905,0.020136872517153903,71,78,0.5519718309859151,0.6857692307692304,72.06711409395973,149,18
1245,1245.0,0.32308571428571425,0.5295285714285715,0.5265428571428572,0.358474358974359,0.5119487179487181,0.5359615384615386,0.009332306938775509,0.006982363469387756,0.007636019591836734,0.014361608316896776,0.009865638395792244,0.006259242110453649,0.45450000000000007,0.45908974358974364,0.5078846153846154,0.13141428571428582,0.07043882783882782,0.018658241758241823,70,78,0.546428571428571,0.7037179487179482,72.13513513513513,148,16
1246,1246.0,0.32345833333333335,0.5268194444444444,0.5285,0.3582405063291139,0.5128860759493672,0.5338354430379748,0.009132942708333333,0.007089731288580247,0.007664750000000001,0.014184081397211985,0.009809290818779041,0.006532593174170805,0.45677215189873427,0.46055696202531654,0.5033037974683545,0.13331381856540092,0.06626248241912785,0.02519620253164545,72,79,0.5499999999999995,0.6908860759493666,73.13245033112582,151,16
1247,1247.0,0.32287671232876713,0.5285205479452055,0.5287534246575343,0.3548395061728395,0.5129012345679013,0.5304197530864198,0.009438327265903546,0.007018222180521674,0.0074085419403265166,0.014142060661484532,0.009543002591068436,0.006561749733272367,0.448320987654321,0.47444444444444434,0.4994320987654322,0.12544427532555386,0.0540761035007612,0.029321325892102068,73,81,0.5420547945205475,0.6681481481481476,72.31168831168831,154,13
1248,1248.0,0.32287671232876713,0.5285205479452055,0.5287534246575343,0.3597974683544304,0.5127468354430379,0.5349113924050634,0.009438327265903546,0.007018222180521674,0.0074085419403265166,0.013511098221438875,0.008849581477327352,0.006236688351225765,0.4491772151898735,0.4605822784810127,0.49700000000000005,0.1263005028611064,0.06793826946419285,0.031753424657534224,73,79,0.5405479452054788,0.666202531645569,72.63815789473684,152,16
1249,1249.0,0.3268904109589041,0.5285479452054795,0.5274794520547945,0.35652564102564105,0.51,0.5360384615384616,0.010446700319009196,0.007012768249202478,0.007422852317507976,0.01342114677843524,0.008757358974358975,0.006235678007889546,0.4464615384615384,0.4606794871794872,0.49894871794871803,0.11957112750263432,0.06786845802599234,0.028530734106076483,73,78,0.5350684931506844,0.6728205128205124,72.60264900662251,151,17
1250,1250.0,0.3257534246575342,0.5271780821917809,0.532041095890411,0.35378947368421054,0.5111447368421052,0.5327631578947368,0.010335637830737474,0.007213762807280915,0.00809891611934697,0.013479455678670357,0.008931913261772853,0.0052606018005540165,0.43885526315789475,0.46593421052631573,0.49568421052631584,0.11310183850036054,0.06124387166546513,0.036356885364095204,73,76,0.544520547945205,0.67078947368421,72.6241610738255,149,17
1251,1251.0,0.32412162162162156,0.5266621621621621,0.5305945945945947,0.3539452054794521,0.5092602739726028,0.5296712328767124,0.010390350073046018,0.00713571018991965,0.008142214024835646,0.013867558641396133,0.00826468568211672,0.0051206042409457685,0.43879452054794527,0.46350684931506847,0.4927260273972603,0.11467289892632371,0.06315531284709364,0.03786856719733439,74,73,0.5539189189189184,0.6826027397260269,72.66666666666667,147,15
1252,1252.0,0.32795774647887327,0.5266338028169012,0.5337887323943662,0.35204054054054057,0.5102702702702704,0.528445945945946,0.010192012299146994,0.007285048998214641,0.0076040539575481046,0.013944984842951057,0.00822746749452155,0.0051610038349159965,0.434472972972973,0.4702972972972973,0.4936216216216216,0.10651522649409972,0.0563365055196039,0.040167110772744596,71,74,0.550422535211267,0.6962162162162158,72.44827586206897,145,15
1253,1253.0,0.3294285714285714,0.5258428571428571,0.5339142857142858,0.34969333333333336,0.5091733333333334,0.5273066666666667,0.009925073469387754,0.007351103877551021,0.007719849795918367,0.014166745955555555,0.008206809955555554,0.005188239288888888,0.4300133333333334,0.4679733333333333,0.49036,0.10058476190476201,0.05786952380952376,0.04355428571428577,70,75,0.543428571428571,0.6931999999999996,73.07586206896552,145,16
1254,1254.0,0.33345833333333336,0.5196388888888889,0.5369166666666667,0.34969333333333336,0.5080666666666667,0.5287999999999999,0.009868748263888888,0.006401536265432099,0.008025381944444444,0.014166745955555558,0.008107475555555556,0.005200026666666667,0.4265333333333334,0.46921333333333337,0.48852000000000007,0.09307500000000002,0.0504255555555555,0.04839666666666664,72,75,0.5554166666666661,0.6774666666666662,73.14285714285714,147,15
1255,1255.0,0.3375068493150685,0.5173287671232877,0.5366438356164385,0.3482054794520548,0.5071643835616437,0.527890410958904,0.01091367461062113,0.006698083693000564,0.007920804653781198,0.014467231750797522,0.008294438731469319,0.005308727716269467,0.42871232876712334,0.4694109589041096,0.4895205479452055,0.09120547945205482,0.04791780821917807,0.04712328767123297,73,73,0.5513698630136982,0.6952054794520542,73.45205479452055,146,14
1256,1256.0,0.3371857142857143,0.5132142857142857,0.5341,0.34553521126760567,0.5085492957746478,0.5286619718309858,0.010476465510204083,0.007177196938775512,0.008179518571428573,0.013790812140448324,0.008455261654433643,0.005434956159492163,0.4224647887323944,0.4696901408450705,0.4870000000000001,0.08527907444668009,0.04352414486921524,0.04709999999999992,70,71,0.547428571428571,0.6950704225352108,73.0354609929078,141,14
1257,1257.0,0.34172463768115946,0.5091304347826088,0.5334347826086957,0.35015492957746475,0.5084647887323943,0.5282112676056337,0.010161822726317998,0.006218345305608066,0.008348593572778827,0.014915454870065462,0.008389938901011704,0.0054343074786748664,0.4200704225352113,0.4672394366197184,0.4914084507042253,0.07834578485405186,0.04189099816289038,0.042026331904470415,69,71,0.5330434782608691,0.6860563380281686,73.09285714285714,140,16
1258,1258.0,0.3414492753623189,0.5060289855072464,0.5386521739130437,0.3515753424657534,0.5033150684931507,0.5287260273972602,0.010733348876286497,0.0067067527830287745,0.006783676118462509,0.01451407993995121,0.0070115582660912,0.00582877425408144,0.427945205479452,0.45452054794520547,0.49473972602739724,0.08649593011713308,0.05150843756204093,0.04391244788564641,69,73,0.551884057971014,0.6404109589041092,73.45070422535211,142,17
1259,1259.0,0.3441159420289855,0.5036956521739132,0.5375072463768117,0.3515753424657534,0.5033150684931507,0.5287260273972602,0.011001174963243014,0.007049110270951481,0.0069017861793740825,0.01451407993995121,0.0070115582660912,0.00582877425408144,0.427945205479452,0.45452054794520547,0.49473972602739724,0.08382926345046648,0.049175104228707744,0.042767520349414445,69,73,0.5323188405797097,0.6656164383561638,74.28169014084507,142,17
1260,1260.0,0.3429705882352941,0.5025735294117648,0.5379852941176472,0.3505205479452055,0.5052465753424656,0.5291917808219179,0.011072440311418687,0.007065891652249134,0.006987514489619377,0.014475153687370988,0.00718237755676487,0.0057990043160067554,0.4208356164383561,0.460013698630137,0.49975342465753425,0.07786502820306201,0.04255983078162778,0.03823186946011292,68,73,0.5624999999999996,0.6776712328767118,74.36879432624113,141,13
1261,1261.0,0.3434029850746268,0.5021492537313433,0.5388805970149254,0.35904166666666665,0.5047916666666666,0.5325000000000001,0.01122498685676097,0.00715911205168189,0.0070372991757629766,0.013933678819444443,0.007334914930555555,0.005395194444444444,0.4280555555555556,0.44580555555555557,0.5038333333333332,0.08465257048092878,0.05634369817578777,0.03504726368159217,67,72,0.5501492537313426,0.6586111111111106,73.92805755395683,139,18
1262,1262.0,0.3448405797101448,0.4994347826086957,0.5387536231884058,0.3629041095890411,0.5027534246575343,0.5337397260273973,0.01096897458517118,0.007200535601764335,0.006834040747742072,0.014691538750234564,0.007447857008819665,0.005400247325952336,0.42980821917808215,0.44687671232876724,0.5032328767123287,0.08496763946793734,0.05255807027992848,0.03552074647607706,69,73,0.5379710144927533,0.6519178082191776,72.97183098591549,142,18
1263,1263.0,0.3424153846153846,0.49650769230769237,0.5371230769230769,0.37192000000000003,0.5003466666666667,0.5348133333333333,0.010329842840236688,0.006809973017751479,0.007080938698224853,0.014966340266666664,0.007901213155555555,0.005190791822222222,0.4402133333333334,0.4370266666666667,0.5104933333333334,0.09779794871794878,0.0594810256410257,0.02662974358974357,65,75,0.5513846153846148,0.6593333333333329,73.05714285714286,140,18
1264,1264.0,0.34218181818181825,0.4965454545454546,0.5378181818181818,0.37192000000000003,0.5003466666666667,0.5348133333333333,0.010176876033057853,0.006706884297520661,0.007005057851239669,0.014966340266666664,0.007901213155555555,0.005190791822222222,0.4402133333333334,0.4370266666666667,0.5104933333333334,0.09803151515151515,0.05951878787878795,0.027324848484848396,66,75,0.5566666666666662,0.6699999999999994,73.64539007092199,141,17
1265,1265.0,0.34276562499999996,0.496921875,0.536703125,0.37691549295774646,0.5030704225352112,0.5344788732394367,0.010483023193359375,0.006906915771484375,0.007145739990234375,0.014922697083911923,0.007712657012497519,0.005822193215631819,0.44063380281690145,0.42083098591549295,0.5070422535211266,0.09786817781690149,0.07609088908450706,0.029660871478873307,64,71,0.5685937499999996,0.675352112676056,72.45925925925926,135,15
1266,1266.0,0.34276562499999996,0.496921875,0.536703125,0.37709999999999994,0.5033571428571428,0.5349,0.010483023193359375,0.006906915771484375,0.007145739990234375,0.014814832857142858,0.00785197244897959,0.0058823757142857135,0.43727142857142864,0.4233714285714286,0.5082571428571429,0.09450580357142868,0.07355044642857139,0.028445982142857096,64,70,0.5696874999999995,0.6591428571428567,72.3955223880597,134,17
1267,1267.0,0.34196923076923075,0.4965538461538462,0.5359076923076922,0.38262318840579707,0.5041159420289855,0.537536231884058,0.010362337514792899,0.006809324023668639,0.007076299171597633,0.014668060911573199,0.007879464818315479,0.005773321151018693,0.44591304347826094,0.4240579710144928,0.5121739130434783,0.10394381270903019,0.0724958751393534,0.02373377926421394,65,69,0.6016923076923071,0.6540579710144924,71.83582089552239,134,15
1268,1268.0,0.34147692307692307,0.500476923076923,0.5347538461538461,0.3814029850746268,0.5041343283582089,0.5356417910447762,0.01031184946745562,0.0069739725443786985,0.006928216331360947,0.0150544793940744,0.007930713299175763,0.0057912746714190244,0.4428358208955225,0.41586567164179106,0.5186417910447763,0.10135889781859941,0.08461125143513198,0.016112055109069878,65,67,0.6172307692307687,0.6505970149253727,71.96212121212122,132,15
1269,1269.0,0.34091935483870967,0.4981451612903225,0.5323225806451612,0.38447826086956516,0.5027246376811594,0.5362173913043479,0.010013719302809573,0.007024382154006244,0.007126250780437045,0.014540800252047887,0.008430402436462927,0.005688778827977316,0.4516521739130435,0.42463768115942024,0.5146376811594203,0.11073281907433385,0.07350748013090225,0.017684899485740924,62,69,0.601612903225806,0.6386956521739128,71.58778625954199,131,18
1270,1270.0,0.3417213114754098,0.49988524590163924,0.53227868852459,0.3864705882352941,0.5033235294117647,0.5362647058823529,0.010138004299919375,0.006951806503628057,0.00724295511959151,0.014480749134948095,0.00852963062283737,0.005772282871972317,0.4538529411764707,0.43088235294117644,0.5083676470588235,0.11213162970106089,0.0690028929604628,0.023911041465766503,61,68,0.5932786885245895,0.65735294117647,72.11627906976744,129,21
1271,1271.0,0.34405172413793095,0.49865517241379304,0.527844827586207,0.3860579710144928,0.5037246376811594,0.5364057971014492,0.01003477318668252,0.006727225921521998,0.006773475921521998,0.01428246040747742,0.008416953161100612,0.005689980256248686,0.45007246376811605,0.4369420289855072,0.5090434782608696,0.1060207396301851,0.06171314342828582,0.01880134932533739,58,69,0.6125862068965511,0.6998550724637678,71.73228346456693,127,13
1272,1272.0,0.3427142857142857,0.4979464285714286,0.5309107142857143,0.3891911764705882,0.5033235294117647,0.534279411764706,0.011038632653061225,0.006855764987244899,0.006985438456632653,0.015294066392733566,0.008607307093425604,0.005861701340830451,0.4516029411764706,0.4466323529411764,0.5018235294117648,0.1088886554621849,0.0513140756302522,0.029087184873949568,56,68,0.606428571428571,0.6702941176470584,70.12096774193549,124,16
1273,1273.0,0.34401724137931033,0.49632758620689654,0.5316379310344828,0.3900298507462686,0.5067761194029851,0.5328059701492538,0.01177049970273484,0.0069039444114149815,0.006744230975029726,0.01548993940744041,0.007998173758075296,0.005806574292715526,0.45298507462686577,0.44358208955223877,0.5022985074626867,0.10896783324755543,0.052745496654657775,0.029339423571796086,58,67,0.5972413793103444,0.6505970149253727,68.904,125,16
1274,1274.0,0.34401724137931033,0.49632758620689654,0.5316379310344828,0.387875,0.51153125,0.5304687499999999,0.01177049970273484,0.0069039444114149815,0.006744230975029726,0.015320484375000002,0.0077740927734375,0.0059379365234375,0.451640625,0.453171875,0.491859375,0.10762338362068968,0.04315571120689654,0.03977855603448277,58,64,0.6031034482758614,0.6574999999999995,69.35245901639344,122,18
1275,1275.0,0.34401724137931033,0.49632758620689654,0.5316379310344828,0.387875,0.51153125,0.5304687499999999,0.01177049970273484,0.0069039444114149815,0.006744230975029726,0.015320484375000002,0.0077740927734375,0.0059379365234375,0.451640625,0.453171875,0.491859375,0.10762338362068968,0.04315571120689654,0.03977855603448277,58,64,0.6089655172413788,0.6531249999999995,70.35245901639344,122,21
1276,1276.0,0.3417017543859649,0.4985263157894737,0.5326842105263158,0.3880625,0.5108906249999999,0.52875,0.01166603385657125,0.006744670360110804,0.006799058171745152,0.01581937109375,0.007823597412109373,0.00602009375,0.44901562500000003,0.44815625,0.510203125,0.10731387061403513,0.05037006578947373,0.02248108552631578,57,64,0.6115789473684206,0.6737499999999995,70.10743801652893,121,19
1277,1277.0,0.33724561403508774,0.5006140350877193,0.535719298245614,0.3880625,0.5108906249999999,0.52875,0.010502746691289627,0.00670262296091105,0.00697083348722684,0.01581937109375,0.007823597412109373,0.00602009375,0.44901562500000003,0.44815625,0.510203125,0.11177001096491229,0.05245778508771931,0.02551617324561406,57,64,0.6391228070175432,0.6818749999999995,70.86776859504133,121,18
1278,1278.0,0.33737500000000004,0.5019285714285714,0.5358928571428571,0.3922307692307692,0.5115230769230769,0.5294923076923077,0.010689341517857142,0.006723816326530613,0.007093595663265306,0.016687962130177515,0.007728834082840236,0.00596274224852071,0.4553846153846154,0.44747692307692305,0.5095999999999999,0.11800961538461535,0.05445164835164834,0.026292857142857118,56,65,0.624821428571428,0.7078461538461533,71.40495867768595,121,17
1279,1279.0,0.33737500000000004,0.5019285714285714,0.5358928571428571,0.391203125,0.5175937500000001,0.526921875,0.010689341517857142,0.006723816326530613,0.007093595663265306,0.015739630615234375,0.007302897460937499,0.0062914157714843745,0.4505,0.45775,0.5005468750000001,0.11312499999999998,0.0441785714285714,0.035345982142857,56,64,0.6199999999999993,0.6962499999999996,71.24166666666666,120,19
1280,1280.0,0.3341607142857143,0.505875,0.5372142857142856,0.390765625,0.516375,0.5251250000000001,0.010308563456632653,0.006389145089285715,0.006954704081632652,0.015696741943359373,0.0075027343749999986,0.0060848593749999996,0.44999999999999996,0.4640625,0.49425,0.11583928571428564,0.041812499999999975,0.04296428571428562,56,64,0.6408928571428565,0.7115624999999994,71.6,120,15
1281,1281.0,0.3368000000000001,0.5068181818181817,0.5394545454545455,0.390765625,0.516375,0.5251250000000001,0.010826523636363635,0.0065288033057851235,0.0068442842975206634,0.015696741943359373,0.0075027343749999986,0.0060848593749999996,0.44999999999999996,0.4640625,0.49425,0.11319999999999986,0.042755681818181734,0.0452045454545455,55,64,0.6750909090909085,0.6884374999999994,71.9327731092437,119,16
1282,1282.0,0.32942857142857146,0.5104642857142857,0.5326964285714285,0.39195238095238094,0.5192698412698412,0.5263333333333334,0.011213030612244898,0.006680320153061224,0.006726961415816328,0.01597448979591837,0.008114831947593852,0.0061519999999999995,0.4386507936507936,0.4692380952380952,0.49642857142857144,0.10922222222222217,0.04122619047619053,0.036267857142857074,56,63,0.6826785714285709,0.6973015873015868,70.77310924369748,119,14
1283,1283.0,0.329537037037037,0.5093333333333332,0.5364444444444445,0.39732786885245897,0.516327868852459,0.5219344262295081,0.011150878257887518,0.006624333333333334,0.00653343209876543,0.015825859715130338,0.006795072829884439,0.005726585864015048,0.4468360655737705,0.4716065573770492,0.4874590163934427,0.11729902853673346,0.03772677595628399,0.04898542805100181,54,61,0.6679629629629623,0.7162295081967208,70.34782608695652,115,16
1284,1284.0,0.3358518518518518,0.5088333333333334,0.537537037037037,0.4008999999999999,0.5138499999999999,0.5196000000000001,0.011798311385459533,0.0068499166666666665,0.006446285665294925,0.01613289,0.006754994166666667,0.006018806666666666,0.44841666666666663,0.47041666666666665,0.4890666666666667,0.11256481481481484,0.03841666666666671,0.04847037037037033,54,60,0.6496296296296291,0.6909999999999995,69.2719298245614,114,19
1285,1285.0,0.3325576923076922,0.5103461538461537,0.5401538461538462,0.3978688524590164,0.5134098360655738,0.5142295081967213,0.010303092825443786,0.0065114955621301766,0.006422553254437869,0.016396736898683154,0.0066375533458747655,0.006294275194840096,0.44832786885245896,0.4830819672131147,0.4836885245901639,0.11577017654476673,0.027264186633038978,0.05646532156368228,52,61,0.642115384615384,0.7204918032786881,69.54867256637168,113,20
1286,1286.0,0.33463461538461536,0.5059615384615385,0.5420384615384616,0.4039830508474576,0.5130847457627119,0.5148983050847458,0.01027984726331361,0.00636376775147929,0.006576729289940828,0.015808626831370295,0.0065661453605285825,0.0063108710140764145,0.45327118644067793,0.493406779661017,0.47766101694915253,0.11863657105606257,0.012554758800521482,0.06437744458930905,52,59,0.6436538461538456,0.7425423728813555,69.46846846846847,111,21
1287,1287.0,0.3342407407407407,0.5108518518518519,0.5413333333333333,0.397327868852459,0.511672131147541,0.5165081967213115,0.010106516117969824,0.006671644718792866,0.006406407407407406,0.01660428594463854,0.00643730233808116,0.006225299113141626,0.44086885245901636,0.4961967213114754,0.4810163934426229,0.10662811171827563,0.014655130540376482,0.06031693989071041,54,61,0.6379629629629624,0.7013114754098357,68.98260869565217,115,22
1288,1288.0,0.33943859649122804,0.5129298245614035,0.5412105263157895,0.3964354838709678,0.5111290322580645,0.5161935483870969,0.010280176054170516,0.00690915297014466,0.00631595567867036,0.016385052289282,0.006351467221644121,0.006130930280957336,0.44072580645161286,0.49566129032258066,0.485,0.10128720996038482,0.017268534238822797,0.05621052631578949,57,62,0.631228070175438,0.6953225806451608,70.07563025210084,119,21
1289,1289.0,0.34218965517241373,0.511551724137931,0.5382758620689656,0.3964354838709678,0.5111290322580645,0.5161935483870969,0.010527705410225924,0.006908212841854935,0.0056300963139120095,0.016385052289282,0.006351467221644121,0.006130930280957336,0.44072580645161286,0.49566129032258066,0.485,0.09853615127919912,0.01589043381535038,0.05327586206896562,58,62,0.6572413793103444,0.6769354838709675,70.225,120,21
1290,1290.0,0.34218965517241373,0.511551724137931,0.5382758620689656,0.3964354838709678,0.5111290322580645,0.5161935483870969,0.010527705410225924,0.006908212841854935,0.0056300963139120095,0.016385052289282,0.006351467221644121,0.006130930280957336,0.44072580645161286,0.49566129032258066,0.485,0.09853615127919912,0.01589043381535038,0.05327586206896562,58,62,0.6458620689655167,0.7053225806451607,71.225,120,22
1291,1291.0,0.3391694915254237,0.5107966101694915,0.5407796610169492,0.40404918032786885,0.5096065573770492,0.516704918032787,0.010878310255673656,0.006824195920712439,0.0058982734846308536,0.016293423810803547,0.006536140284869658,0.006215224402042461,0.44747540983606554,0.49470491803278693,0.4848360655737705,0.10830591831064185,0.016091692136704583,0.05594359544317867,59,61,0.664067796610169,0.688852459016393,71.75,120,21
1292,1292.0,0.3393793103448276,0.5085344827586207,0.5403793103448277,0.3987627118644068,0.5094915254237288,0.5155423728813558,0.011063269916765756,0.006639938466111771,0.0059905112960761,0.015393740304510198,0.006571673656995115,0.006378960068945705,0.43774576271186444,0.49866101694915255,0.4859491525423729,0.09836645236703684,0.00987346580946813,0.05443015780245475,58,59,0.6798275862068958,0.7198305084745757,71.58974358974359,117,17
1293,1293.0,0.3393793103448276,0.5085344827586207,0.5403793103448277,0.39559322033898303,0.5087966101694915,0.5148644067796609,0.011063269916765756,0.006639938466111771,0.0059905112960761,0.015765698937087045,0.006560060327492101,0.0064849985636311405,0.435,0.5000847457627119,0.4905084745762712,0.0956206896551724,0.008449736995908785,0.04987083576855644,58,59,0.6917241379310339,0.6974576271186437,71.85470085470085,117,19
1294,1294.0,0.34134482758620693,0.510603448275862,0.5431206896551725,0.3955573770491803,0.5094262295081967,0.5127213114754098,0.010806329369797859,0.006728618608799048,0.005736933709869203,0.015271853265251278,0.006671556033324374,0.006420332168771835,0.4425737704918033,0.49811475409836065,0.47978688524590163,0.10122894290559636,0.01248869417750137,0.06333380440927083,58,61,0.673275862068965,0.7060655737704912,72.59663865546219,119,19
1295,1295.0,0.34500000000000003,0.5127166666666666,0.5428333333333334,0.3948064516129032,0.5071290322580645,0.5140967741935484,0.0108792,0.006659969722222222,0.005633105555555556,0.015059930280957336,0.0068858543184183146,0.00643218418314256,0.4431612903225806,0.49046774193548387,0.48730645161290326,0.09816129032258059,0.02224892473118273,0.05552688172043013,60,62,0.6786666666666662,0.6951612903225802,72.68032786885246,122,18
1296,1296.0,0.35056666666666664,0.5166333333333334,0.5401333333333334,0.3948064516129032,0.5071290322580645,0.5140967741935484,0.010380612222222222,0.00743409888888889,0.005522315555555557,0.015059930280957336,0.0068858543184183146,0.00643218418314256,0.4431612903225806,0.49046774193548387,0.48730645161290326,0.09259462365591398,0.02616559139784952,0.0528268817204301,60,62,0.6579999999999993,0.7122580645161284,73.0,122,20
1297,1297.0,0.3498135593220339,0.5186101694915255,0.5401864406779662,0.39816129032258063,0.5063064516129032,0.5137903225806452,0.010522524561907498,0.00732562769319161,0.005615744900890549,0.014667522372528616,0.007022760926118626,0.00639813345473465,0.4463387096774194,0.48856451612903223,0.4850806451612903,0.0965251503553855,0.030045653362493263,0.05510579551667588,59,62,0.6632203389830503,0.7351612903225802,73.93388429752066,121,21
1298,1298.0,0.3480847457627118,0.5184915254237288,0.5378135593220339,0.39968852459016396,0.5062295081967213,0.514704918032787,0.010601874174087906,0.007319232979029013,0.005872016087331227,0.014763361999462512,0.007137521096479441,0.006451158828271969,0.4445901639344263,0.48954098360655735,0.48283606557377057,0.09650541817171449,0.028950541817171438,0.05497749374826333,59,61,0.650847457627118,0.7670491803278684,73.96666666666667,120,19
1299,1299.0,0.35091803278688516,0.5182459016393444,0.5350491803278689,0.39437704918032784,0.501360655737705,0.5129016393442623,0.010856009674818597,0.00708156248320344,0.005961391023918302,0.01561866111260414,0.006434624025799517,0.006349793603869927,0.4465409836065575,0.48218032786885245,0.47888524590163933,0.09562295081967231,0.03606557377049191,0.05616393442622952,61,61,0.6445901639344257,0.7522950819672127,72.69672131147541,122,21
1300,1300.0,0.34920967741935477,0.5173709677419356,0.5356129032258065,0.38716393442622954,0.5008852459016394,0.5142459016393442,0.010858939906347554,0.007014039802289282,0.005884624349635797,0.015598956732061273,0.006530003224939532,0.006381857565170653,0.4350655737704918,0.47829508196721315,0.4799672131147541,0.08585589635113705,0.03907588577472243,0.05564569011105236,62,61,0.6209677419354833,0.741803278688524,72.5691056910569,123,23
1301,1301.0,0.35204615384615384,0.515753846153846,0.5333692307692307,0.38716393442622954,0.5008852459016394,0.5142459016393442,0.010677767100591715,0.006807262485207101,0.005750140591715976,0.015598956732061273,0.006530003224939532,0.006381857565170653,0.4350655737704918,0.47829508196721315,0.4799672131147541,0.08301941992433798,0.037458764186632854,0.05340201765447661,65,61,0.6516923076923071,0.6955737704918028,72.74603174603175,126,24
1302,1302.0,0.3540454545454545,0.5170909090909089,0.5327878787878787,0.3867741935483871,0.4996935483870968,0.5151774193548387,0.010775800964187328,0.0068203250688705225,0.005684985307621671,0.015356626430801252,0.0065113093132154005,0.006331855619146722,0.43485483870967745,0.4782741935483871,0.47701612903225804,0.08080938416422295,0.03881671554252181,0.05577174975562066,66,62,0.6531818181818175,0.7203225806451607,73.3046875,128,21
1303,1303.0,0.35064705882352937,0.5179264705882352,0.5328823529411764,0.3866153846153846,0.49764615384615385,0.5146923076923077,0.011186228373702421,0.00664736224048443,0.005646192041522491,0.015325928994082843,0.006868320946745562,0.00622618224852071,0.43538461538461537,0.4802923076923076,0.47550769230769235,0.084737556561086,0.03763416289592758,0.05737466063348401,68,65,0.635882352941176,0.699538461538461,73.29323308270676,133,22
1304,1304.0,0.3498840579710144,0.5207101449275362,0.5337391304347825,0.38501515151515153,0.5025151515151516,0.5129242424242424,0.01106369670237345,0.007077944969544213,0.005614279773156899,0.01527931795224977,0.006972613406795225,0.006145403351698806,0.43787878787878787,0.4854090909090909,0.48065151515151516,0.08799472990777346,0.0353010540184453,0.05308761528326733,69,66,0.6468115942028979,0.6990909090909087,73.12592592592593,135,18
1305,1305.0,0.3527352941176471,0.518029411764706,0.5311764705882351,0.38723880597014926,0.500910447761194,0.5144477611940298,0.012172459342560555,0.007528646193771628,0.005538704152249135,0.015333674314992203,0.007118081532635331,0.006111769659166851,0.44199999999999995,0.47676119402985073,0.4930298507462686,0.08926470588235286,0.04126821773485523,0.038146619841966545,68,67,0.6408823529411759,0.6825373134328354,72.46666666666667,135,21
1306,1306.0,0.35667647058823526,0.5179705882352942,0.5289558823529412,0.386536231884058,0.5005797101449275,0.5153768115942029,0.01239718944636678,0.007793999134948096,0.005447336288927337,0.015482016803192604,0.007055432052089898,0.005974553665196387,0.4425217391304347,0.4753333333333334,0.4910289855072463,0.08584526854219943,0.0426372549019608,0.037926896845694946,68,69,0.6538235294117642,0.6708695652173908,71.24817518248175,137,20
1307,1307.0,0.3577042253521127,0.5169295774647887,0.5299436619718311,0.386536231884058,0.5005797101449275,0.5153768115942029,0.012592236461019639,0.007569164054751042,0.005326363023209681,0.015482016803192604,0.007055432052089898,0.005974553665196387,0.4425217391304347,0.4753333333333334,0.4910289855072463,0.08481751377832197,0.04159624413145535,0.038914676464584796,71,69,0.6616901408450698,0.6682608695652169,71.81428571428572,140,17
1308,1308.0,0.3586056338028169,0.517507042253521,0.5265492957746478,0.38397183098591553,0.49908450704225354,0.5168028169014086,0.013418548700654632,0.008394052767308072,0.006425402499504068,0.015355210474112278,0.006976640745883752,0.005629932949811545,0.43077464788732384,0.4752112676056338,0.49897183098591547,0.07216901408450693,0.04229577464788714,0.027577464788732353,71,71,0.6625352112676051,0.6505633802816898,71.38028169014085,142,17
1309,1309.0,0.3572753623188405,0.5160144927536231,0.526695652173913,0.38208571428571436,0.49957142857142867,0.5178000000000001,0.013570576349506407,0.00855685486242386,0.006607689981096408,0.01532199265306123,0.007059473469387757,0.00563976,0.4313714285714285,0.47385714285714287,0.49541428571428564,0.07409606625258802,0.042157349896480234,0.03128136645962737,69,70,0.6476811594202893,0.6825714285714279,71.71223021582733,139,17
1310,1310.0,0.35858208955223875,0.5180298507462686,0.5251641791044777,0.38197142857142863,0.49802857142857143,0.5167428571428573,0.013905407440409892,0.008649581198485187,0.006646376030296282,0.015234056326530613,0.0072556563265306125,0.005670705306122449,0.4276857142857143,0.4735142857142856,0.4956,0.06910362473347553,0.044515565031983007,0.029564179104477672,67,70,0.6262686567164174,0.6914285714285712,71.57664233576642,137,15
1311,1311.0,0.35975384615384615,0.5197076923076923,0.5212461538461538,0.3824714285714287,0.497557142857143,0.5147142857142858,0.014087508639053253,0.008772914556213018,0.006217108639053254,0.015230334897959188,0.007221989591836735,0.005434289795918367,0.42729999999999996,0.4703571428571429,0.4957714285714286,0.06754615384615381,0.0493505494505494,0.02547472527472522,65,70,0.6544615384615379,0.6754285714285708,70.97037037037038,135,16
1312,1312.0,0.35975384615384615,0.5197076923076923,0.5212461538461538,0.37383098591549296,0.49936619718309877,0.5147746478873241,0.014087508639053253,0.008772914556213018,0.006217108639053254,0.0162293235469153,0.0075331616742709785,0.005470568934735172,0.42569014084507045,0.46584507042253515,0.49384507042253517,0.0659362946912243,0.05386262188515717,0.027401083423618633,65,71,0.660615384615384,0.675070422535211,71.375,136,16
1313,1313.0,0.35975384615384615,0.5197076923076923,0.5212461538461538,0.37383098591549296,0.49936619718309877,0.5147746478873241,0.014087508639053253,0.008772914556213018,0.006217108639053254,0.0162293235469153,0.0075331616742709785,0.005470568934735172,0.42569014084507045,0.46584507042253515,0.49384507042253517,0.0659362946912243,0.05386262188515717,0.027401083423618633,65,71,0.6559999999999994,0.6902816901408445,72.375,136,17
1314,1314.0,0.35975384615384615,0.5197076923076923,0.5212461538461538,0.37234782608695655,0.49891304347826104,0.517144927536232,0.014087508639053253,0.008772914556213018,0.006217108639053254,0.015511965973534972,0.007723789540012602,0.005396471749632431,0.42733333333333334,0.4655942028985507,0.49953623188405805,0.0675794871794872,0.054113489409141624,0.021709921962095757,65,69,0.6567692307692302,0.6604347826086953,72.55970149253731,134,20
1315,1315.0,0.35975384615384615,0.5197076923076923,0.5212461538461538,0.37466666666666665,0.503125,0.5162777777777777,0.014087508639053253,0.008772914556213018,0.006217108639053254,0.015748777777777778,0.008729220486111113,0.005326867283950616,0.4226666666666667,0.4782361111111111,0.4975694444444445,0.06291282051282054,0.04147158119658123,0.023676709401709295,65,72,0.6352307692307686,0.6599999999999996,73.05109489051095,137,19
1316,1316.0,0.36107575757575755,0.5266060606060606,0.5175757575757576,0.3725352112676057,0.5050845070422536,0.5164366197183099,0.014585827594123047,0.00980754178145087,0.00598548668503214,0.016415319182701848,0.00876049990081333,0.0053870628843483434,0.4188591549295775,0.48277464788732405,0.4987605633802818,0.05778339735381993,0.043831412718736584,0.018815194195475782,66,71,0.63560606060606,0.6888732394366193,72.2043795620438,137,14
1317,1317.0,0.36204477611940294,0.5275223880597015,0.5183880597014926,0.3689583333333334,0.5045694444444444,0.520375,0.01443010247271107,0.009716577856983738,0.005939700155936735,0.016090373263888888,0.00865507851080247,0.005062262152777778,0.4147638888888889,0.47187500000000004,0.5079583333333334,0.05271911276948593,0.055647388059701486,0.010429726368159198,67,72,0.6273134328358202,0.6888888888888884,72.67625899280576,139,15
1318,1318.0,0.3637014925373135,0.5261641791044778,0.5207611940298509,0.36600000000000005,0.5066388888888889,0.5204027777777778,0.014654179550011137,0.009883211851191804,0.006143435509022055,0.015724250000000002,0.008630480709876542,0.005097018325617284,0.4051666666666667,0.48394444444444445,0.5111666666666667,0.04146517412935319,0.042219734660033315,0.009594527363184224,67,72,0.6122388059701487,0.6938888888888884,72.76258992805755,139,14
1319,1319.0,0.3653043478260869,0.5224927536231885,0.5238985507246378,0.36600000000000005,0.5066388888888889,0.5204027777777778,0.014453516068052931,0.010287032556185674,0.006373685360218442,0.015724250000000002,0.008630480709876542,0.005097018325617284,0.4051666666666667,0.48394444444444445,0.5111666666666667,0.03986231884057978,0.03854830917874402,0.012731884057971099,69,72,0.6333333333333329,0.6516666666666662,72.56028368794327,141,17
1320,1320.0,0.37425,0.5217794117647058,0.52475,0.36194366197183103,0.5048450704225352,0.5215633802816899,0.012752422794117646,0.010271789576124566,0.0056326875000000005,0.015443010910533628,0.008881877405276732,0.005251541757587779,0.4058591549295775,0.4817887323943662,0.513154929577465,0.0316091549295775,0.039990679370339566,0.011595070422535048,68,71,0.6335294117647052,0.6457746478873236,71.60431654676259,139,17
1321,1321.0,0.37414492753623185,0.5195507246376813,0.5238840579710144,0.36249295774647894,0.5008873239436619,0.5222112676056336,0.012180181894559968,0.01020650829657635,0.005640479311069103,0.015470785161674272,0.009019339416782384,0.005212814520928388,0.40854929577464794,0.47401408450704224,0.5249859154929578,0.03440436823841608,0.04553664013063902,0.0011018575219433613,69,71,0.6323188405797097,0.6178873239436615,71.74285714285715,140,20
1322,1322.0,0.37414492753623185,0.5195507246376813,0.5238840579710144,0.3611571428571429,0.5011428571428572,0.5238857142857143,0.012180181894559968,0.01020650829657635,0.005640479311069103,0.015565103877551018,0.009143551020408165,0.005088215510204082,0.40344285714285716,0.4750857142857143,0.5303,0.029297929606625306,0.04446501035196698,0.006415942028985544,69,70,0.6413043478260864,0.6111428571428568,72.43884892086331,139,20
1323,1323.0,0.37735294117647056,0.5196029411764705,0.5268970588235293,0.3611571428571429,0.5011428571428572,0.5238857142857143,0.012284640138408305,0.010252651167820068,0.005768386461937717,0.015565103877551018,0.009143551020408165,0.005088215510204082,0.40344285714285716,0.4750857142857143,0.5303,0.0260899159663866,0.04451722689075627,0.003402941176470664,68,70,0.6436764705882347,0.6454285714285708,72.45652173913044,138,16
1324,1324.0,0.3787391304347825,0.5138550724637682,0.5253623188405797,0.35852173913043484,0.4986231884057971,0.5234492753623188,0.01220804788909893,0.010986413778617936,0.005845564377231676,0.015304510396975422,0.008831655114471749,0.0051486242386053335,0.4056666666666668,0.46959420289855075,0.5322318840579711,0.026927536231884264,0.04426086956521741,0.006869565217391349,69,69,0.6363768115942023,0.6140579710144923,72.69565217391305,138,20
1325,1325.0,0.3788285714285714,0.5136428571428572,0.5272,0.3584057971014492,0.4986956521739131,0.5232608695652174,0.01203419918367347,0.010832572448979593,0.005995074285714288,0.015268907792480572,0.00883177693761815,0.00513914933837429,0.4043188405797102,0.4685652173913044,0.538840579710145,0.025490269151138778,0.04507763975155277,0.011640579710144983,70,69,0.6225714285714279,0.6369565217391301,73.35251798561151,139,20
1326,1326.0,0.3737857142857143,0.5139142857142859,0.5289571428571429,0.35976811594202907,0.49805797101449284,0.5256376811594202,0.012869368367346938,0.010790078367346937,0.006130098163265306,0.015020728838479309,0.008716199537912203,0.005013419449695443,0.4081884057971014,0.45927536231884053,0.5459855072463768,0.03440269151138714,0.05463892339544535,0.01702836438923394,70,69,0.6321428571428567,0.6526086956521734,73.59712230215827,139,18
1327,1327.0,0.37328985507246376,0.5125072463768117,0.5318260869565217,0.35973529411764704,0.4987500000000001,0.5256323529411764,0.012736408737660156,0.011097264440243646,0.006027824826717075,0.015219547577854672,0.009281452205882352,0.00484167365916955,0.4083970588235295,0.4601176470588235,0.5452058823529411,0.03510720375106574,0.052389599317988145,0.013379795396419425,69,68,0.6582608695652168,0.6291176470588231,73.93430656934306,137,19
1328,1328.0,0.3712394366197183,0.5152253521126762,0.5336056338028169,0.35900000000000004,0.5044776119402985,0.5275074626865671,0.012526407458837532,0.011202259075580243,0.005973619123189844,0.014474119402985076,0.00930407039429717,0.004821712630875472,0.40719402985074626,0.467865671641791,0.5402686567164178,0.035954593231027954,0.04735968047088518,0.00666302291360088,71,67,0.6660563380281685,0.6377611940298503,73.22463768115942,138,15
1329,1329.0,0.3716000000000001,0.5150142857142858,0.5315285714285715,0.35363768115942035,0.5026086956521738,0.5252173913043479,0.012765040000000002,0.011134728367346941,0.005977563469387756,0.015577883217811386,0.009160788909892881,0.005389822306238185,0.4022463768115942,0.46124637681159414,0.5430434782608694,0.0306463768115941,0.05376790890269162,0.011514906832297944,70,69,0.6567142857142851,0.615797101449275,72.99280575539568,139,19
1330,1330.0,0.37381690140845075,0.5140422535211269,0.5326338028169014,0.3485882352941177,0.5069411764705881,0.5253970588235296,0.012393529855187466,0.010982068637175164,0.0059392180122991465,0.015172683391003462,0.008475349480968857,0.005515239403114185,0.39697058823529413,0.462470588235294,0.5462647058823529,0.023153686826843378,0.051571665285832846,0.01363090306545145,71,68,0.6454929577464784,0.6435294117647055,73.23741007194245,139,19
1331,1331.0,0.37150704225352116,0.5107323943661974,0.5326056338028169,0.3485882352941177,0.5069411764705881,0.5253970588235296,0.012322672485617936,0.010312731204126166,0.005942182503471533,0.015172683391003462,0.008475349480968857,0.005515239403114185,0.39697058823529413,0.462470588235294,0.5462647058823529,0.025463545981772973,0.04826180613090342,0.013659072079535983,71,68,0.6564788732394361,0.6499999999999995,73.93525179856115,139,19
1332,1332.0,0.37288732394366203,0.5111690140845072,0.5335633802816901,0.34597058823529414,0.5090882352941175,0.5324117647058824,0.01148905772664154,0.010379689744098395,0.005849626264630033,0.01574255795847751,0.008844815743944636,0.0057425069204152255,0.39913235294117644,0.44702941176470595,0.5566617647058824,0.026245028997514408,0.06413960231980126,0.02309838442419221,71,68,0.6752112676056333,0.6517647058823526,73.0863309352518,139,16
1333,1333.0,0.37288732394366203,0.5111690140845072,0.5335633802816901,0.3463478260869565,0.5087536231884056,0.533913043478261,0.01148905772664154,0.010379689744098395,0.005849626264630033,0.015524081915563962,0.008724243646292795,0.005812543163201009,0.4011159420289855,0.44297101449275367,0.5616231884057972,0.028228618085323454,0.06819799959175354,0.028059808124107022,71,69,0.660140845070422,0.6465217391304343,73.79285714285714,140,20
1334,1334.0,0.3775714285714286,0.511014285714286,0.5338285714285714,0.34477941176470595,0.5089411764705881,0.5326470588235295,0.011817902040816328,0.01064335693877551,0.005744999183673469,0.015582642517301041,0.00885011418685121,0.005787434256055363,0.3961764705882353,0.442,0.5618529411764707,0.018605042016806683,0.06901428571428597,0.028024369747899236,70,68,0.6767142857142853,0.6499999999999995,72.94202898550725,138,18
1335,1335.0,0.37488235294117656,0.5070735294117648,0.5323823529411763,0.34477941176470595,0.5089411764705881,0.5326470588235295,0.011972368512110728,0.009895568122837371,0.005670294982698962,0.015582642517301041,0.00885011418685121,0.005787434256055363,0.3961764705882353,0.442,0.5618529411764707,0.02129411764705874,0.06507352941176475,0.02947058823529436,68,68,0.6836764705882347,0.649117647058823,72.73529411764706,136,21
1336,1336.0,0.37344776119402984,0.5026865671641791,0.5333432835820895,0.3435671641791045,0.5139701492537312,0.5317164179104479,0.012331590554689242,0.010440185341946982,0.005739777678770328,0.015047827578525283,0.008854237914903097,0.005909904655825351,0.3940298507462686,0.4544477611940299,0.5651044776119404,0.02058208955223878,0.048238805970149234,0.03176119402985089,67,67,0.6994029850746263,0.6464179104477606,73.44776119402985,134,22
1337,1337.0,0.37339393939393944,0.5006818181818182,0.5340606060606059,0.34280882352941183,0.5141323529411763,0.5281911764705883,0.012518238751147845,0.010329095730027549,0.0057922690541781455,0.014865066392733566,0.008725791306228373,0.006655625216262976,0.3906764705882353,0.45375000000000004,0.5618088235294119,0.017282531194295847,0.046931818181818186,0.027748217468805958,66,68,0.6669696969696964,0.6561764705882347,73.69402985074628,134,25
1338,1338.0,0.37073529411764705,0.5036470588235294,0.535705882352941,0.3325076923076923,0.516076923076923,0.5257846153846154,0.012976371107266437,0.010572581314878893,0.006739737024221453,0.016107788402366863,0.008471824852071007,0.008571030532544379,0.36979999999999996,0.4615846153846154,0.5661230769230768,0.0009352941176470897,0.04206244343891402,0.030417194570135808,68,65,0.6419117647058818,0.6450769230769225,72.55639097744361,133,26
1339,1339.0,0.3691884057971014,0.5018840579710145,0.5390434782608694,0.33433846153846153,0.512123076923077,0.5301846153846155,0.012845283343835329,0.010504711195127074,0.006764505356017644,0.01603351621301775,0.008390107928994082,0.008607627455621302,0.3843538461538461,0.4411076923076923,0.5650153846153846,0.01516544035674472,0.06077636566332223,0.025971906354515184,69,65,0.6442028985507241,0.6312307692307688,71.57462686567165,134,23
1340,1340.0,0.3648923076923076,0.5056153846153847,0.5397230769230769,0.34025000000000005,0.5115147058823529,0.5331176470588236,0.012652403786982246,0.01075392899408284,0.00695863100591716,0.01653524632352941,0.008245338019031141,0.008684897923875431,0.38575,0.4400294117647059,0.565,0.020857692307692355,0.0655859728506788,0.025276923076923086,65,68,0.6247692307692303,0.6497058823529408,71.21052631578948,133,22
1341,1341.0,0.3658333333333333,0.504469696969697,0.5422727272727272,0.34025000000000005,0.5115147058823529,0.5331176470588236,0.012545563131313131,0.010871400596877868,0.00709201652892562,0.01653524632352941,0.008245338019031141,0.008684897923875431,0.38575,0.4400294117647059,0.565,0.019916666666666694,0.06444028520499112,0.022727272727272707,66,68,0.6316666666666662,0.660588235294117,71.58955223880596,134,20
1342,1342.0,0.36672727272727274,0.5037575757575757,0.5421666666666667,0.34228985507246384,0.5125942028985507,0.5350144927536232,0.012519137741046833,0.010976244260789716,0.007074563131313131,0.017109075404326823,0.008391748372190715,0.00868839109430792,0.38220289855072465,0.44984057971014496,0.5676376811594203,0.01547562582345191,0.053916996047430776,0.025471014492753574,66,69,0.6153030303030298,0.6488405797101445,69.84444444444445,135,21
1343,1343.0,0.36672727272727274,0.5037575757575757,0.5421666666666667,0.3456956521739131,0.5115072463768114,0.5357391304347825,0.012519137741046833,0.010976244260789716,0.007074563131313131,0.0173305015752993,0.008392945599663937,0.008671902961562696,0.38959420289855073,0.44404347826086954,0.5711014492753623,0.022866930171278,0.0597140974967062,0.02893478260869564,66,69,0.6157575757575753,0.6595652173913038,70.04444444444445,135,21
1344,1344.0,0.37,0.5017878787878788,0.5429393939393939,0.3465217391304348,0.5124347826086956,0.53731884057971,0.011927666666666668,0.010514439853076216,0.007156390266299357,0.017322887208569625,0.008563666036546942,0.008444333123293426,0.39207246376811594,0.43901449275362314,0.5693188405797102,0.022072463768115946,0.06277338603425564,0.026379446640316218,66,69,0.6468181818181814,0.6659420289855069,70.56296296296296,135,17
1345,1345.0,0.36943283582089553,0.5006268656716418,0.5435820895522389,0.3461739130434783,0.5137246376811594,0.5371449275362318,0.011770872354644687,0.010446472711071507,0.007076840276230786,0.0173196509136736,0.008456402436462928,0.008434326822096196,0.3892028985507247,0.44337681159420284,0.5718550724637681,0.019770062729829174,0.057250054077438994,0.028272982911529243,67,69,0.6405970149253726,0.6598550724637676,71.11029411764706,136,20
1346,1346.0,0.37060294117647063,0.49797058823529416,0.5425294117647059,0.34985074626865675,0.5100597014925373,0.5381044776119404,0.011624033520761247,0.01067076384083045,0.007004543252595156,0.017983798618846063,0.00802289195811985,0.00863370550233905,0.40156716417910443,0.424820895522388,0.575,0.030964223002633795,0.07314969271290617,0.03247058823529403,68,67,0.6666176470588231,0.6514925373134324,70.45185185185186,135,16
1347,1347.0,0.3658939393939393,0.49833333333333335,0.5389242424242424,0.3489999999999999,0.5101969696969696,0.5385757575757577,0.011211094811753903,0.01072970707070707,0.0068716457759412305,0.01820778787878788,0.008143188475665749,0.008749638200183655,0.3977878787878788,0.4226060606060606,0.5836666666666667,0.031893939393939474,0.07572727272727275,0.04474242424242425,66,66,0.6681818181818175,0.6684848484848479,71.26515151515152,132,18
1348,1348.0,0.36726562500000004,0.497078125,0.53915625,0.34588059701492535,0.5152985074626866,0.5413283582089553,0.011195226318359376,0.010853384521484375,0.0069974755859374994,0.018157985742927152,0.0092141198485186,0.008720310091334373,0.39135820895522383,0.4345671641791045,0.5788059701492536,0.02409258395522379,0.06251096082089547,0.03964972014925361,64,67,0.6693749999999995,0.6810447761194025,70.38931297709924,131,16
1349,1349.0,0.36726562500000004,0.497078125,0.53915625,0.34199999999999997,0.5129242424242424,0.5450454545454545,0.011195226318359376,0.010853384521484375,0.0069974755859374994,0.01662190909090909,0.009332403351698805,0.008296861570247933,0.38157575757575757,0.4315151515151515,0.5815151515151514,0.014310132575757528,0.06556297348484846,0.042358901515151426,64,66,0.6759374999999994,0.6851515151515147,69.91538461538461,130,18
1350,1350.0,0.36726562500000004,0.497078125,0.53915625,0.343703125,0.51384375,0.5429375000000001,0.011195226318359376,0.010853384521484375,0.0069974755859374994,0.017006239990234373,0.009591256835937503,0.00834193359375,0.376125,0.437125,0.5735937499999999,0.008859374999999947,0.059953124999999996,0.0344374999999999,64,64,0.6793749999999994,0.7262499999999995,70.5390625,128,17
1351,1351.0,0.3650476190476191,0.4937142857142857,0.5414603174603174,0.3383870967741935,0.5100645161290323,0.5377741935483871,0.011506839002267573,0.010879251700680274,0.00717259763164525,0.019538850156087407,0.009713834547346513,0.010172465140478669,0.3748548387096773,0.4305,0.5619516129032259,0.009807219662058164,0.06321428571428572,0.020491295442908508,63,62,0.7033333333333328,0.6854838709677417,70.384,125,18
1352,1352.0,0.3643692307692308,0.49935384615384615,0.5421846153846154,0.3381428571428571,0.5096349206349207,0.5368412698412698,0.012393402130177516,0.0118855824852071,0.007062396686390533,0.019232408163265307,0.009571088939279417,0.01006495893172084,0.3689047619047618,0.4278888888888889,0.5616031746031748,0.004535531135531012,0.07146495726495727,0.019418559218559395,65,63,0.7072307692307687,0.6319047619047615,69.8515625,128,22
1353,1353.0,0.35973846153846156,0.49764615384615374,0.5364153846153846,0.3405967741935484,0.5098064516129032,0.537,0.013537700828402367,0.011926567100591718,0.008363935147928995,0.01916324063475546,0.009723607700312175,0.010225709677419354,0.3724354838709677,0.42029032258064514,0.5610806451612903,0.012697022332506136,0.0773558312655086,0.024665260545905676,65,62,0.7038461538461533,0.6406451612903223,70.16535433070867,127,23
1354,1354.0,0.3545846153846154,0.49544615384615376,0.5323846153846155,0.3405967741935484,0.5098064516129032,0.537,0.014398796686390533,0.011852985562130177,0.009005559763313612,0.01916324063475546,0.009723607700312175,0.010225709677419354,0.3724354838709677,0.42029032258064514,0.5610806451612903,0.01785086848635231,0.07515583126550862,0.028696029776674847,65,62,0.6990769230769225,0.6303225806451608,70.41732283464567,127,26
1355,1355.0,0.353921875,0.496046875,0.5334687499999999,0.339327868852459,0.5087868852459017,0.5372786885245902,0.014208478271484375,0.011633700927734376,0.009157155273437502,0.019377564633163133,0.009818561139478639,0.01038852889008331,0.37116393442622947,0.4188360655737705,0.5597377049180328,0.017242059426229472,0.07721080942622949,0.026268954918032827,64,61,0.7190624999999994,0.6486885245901636,70.256,125,25
1356,1356.0,0.3557575757575758,0.4929393939393939,0.5374848484848485,0.3414516129032258,0.5106129032258064,0.5406774193548388,0.013903941230486687,0.011655693296602388,0.009400158861340682,0.019332408949011445,0.009800301768990636,0.010493412070759624,0.368016129032258,0.42554838709677417,0.5614999999999999,0.012258553274682227,0.06739100684261973,0.024015151515151434,66,62,0.7021212121212115,0.6487096774193545,70.5859375,128,24
1357,1357.0,0.3557575757575758,0.4929393939393939,0.5374848484848485,0.34371428571428564,0.5086507936507936,0.5413015873015874,0.013903941230486687,0.011655693296602388,0.009400158861340682,0.019342965986394556,0.00988343361048123,0.01035100428319476,0.37031746031746027,0.4263650793650794,0.5616666666666666,0.014559884559884495,0.06657431457431451,0.024181818181818193,66,63,0.7101515151515144,0.6925396825396819,71.72093023255815,129,19
1358,1358.0,0.35876470588235293,0.4868235294117646,0.5359852941176471,0.3442539682539683,0.5088412698412699,0.5427460317460318,0.013917650519031141,0.012145939446366782,0.009465485077854672,0.019538348198538672,0.009883149407911311,0.01048237994457042,0.3667619047619048,0.42896825396825394,0.5585238095238095,0.007997198879551859,0.057855275443510656,0.022538515406162474,68,63,0.7033823529411759,0.6711111111111107,71.51908396946565,131,21
1359,1359.0,0.359,0.48401515151515156,0.5340757575757576,0.34468253968253976,0.5071904761904762,0.542984126984127,0.01431542424242424,0.01224310583103765,0.009526403351698806,0.01947923255228017,0.009701614512471656,0.01049363466868229,0.3748730158730159,0.4223333333333333,0.5548095238095239,0.015873015873015928,0.06168181818181828,0.020733766233766215,66,63,0.6854545454545448,0.67047619047619,70.9922480620155,129,22
1360,1360.0,0.3612537313432836,0.4848208955223881,0.5341194029850748,0.34700000000000003,0.5063225806451613,0.5444193548387097,0.01417505502339051,0.012555042548451772,0.00941810514591223,0.01945506451612903,0.009810637877211238,0.010533114464099895,0.3794193548387097,0.4184677419354838,0.5572258064516129,0.01816562349542611,0.0663531535869043,0.02310640346653814,67,62,0.6768656716417906,0.6733870967741932,70.93798449612403,129,19
1361,1361.0,0.36366666666666664,0.4858333333333333,0.5318030303030302,0.34425396825396826,0.5026349206349207,0.542984126984127,0.013999737373737374,0.012676593434343436,0.009201309687786959,0.019226062484252956,0.01022185084404132,0.01044163466868229,0.3766190476190477,0.40688888888888886,0.5743333333333334,0.012952380952381048,0.07894444444444443,0.04253030303030314,66,63,0.6675757575757569,0.6707936507936504,70.3875968992248,129,19
1362,1362.0,0.36366666666666664,0.4858333333333333,0.5318030303030302,0.3477868852459016,0.5022459016393442,0.5471639344262295,0.013999737373737374,0.012676593434343436,0.009201309687786959,0.018132036549314706,0.010271693630744422,0.009889186240257994,0.37700000000000006,0.4107049180327868,0.5791311475409837,0.01333333333333342,0.07512841530054648,0.04732811723795349,66,61,0.6551515151515146,0.7134426229508193,70.95275590551181,127,21
1363,1363.0,0.36259701492537316,0.4896865671641791,0.5296119402985076,0.3514310344827586,0.5030689655172413,0.5526034482758619,0.013924151035865447,0.012314065938961909,0.009427879260414346,0.018262486623067772,0.010716615933412606,0.008294480677764567,0.3755689655172414,0.4108793103448275,0.582948275862069,0.012971950591868231,0.07880725681935158,0.05333633556356143,67,58,0.645522388059701,0.7122413793103445,69.936,125,23
1364,1364.0,0.3604558823529412,0.48905882352941177,0.5271470588235295,0.35157627118644075,0.5041186440677966,0.5526440677966101,0.014026542171280278,0.012159378892733566,0.009696301903114187,0.018842583165756963,0.010409528296466533,0.008262330939385235,0.37522033898305085,0.40547457627118644,0.5984067796610169,0.014764456630109668,0.08358424725822533,0.07125972083748733,68,59,0.6663235294117642,0.6905084745762707,69.90551181102362,127,21
1365,1365.0,0.35905714285714285,0.49262857142857147,0.5290428571428571,0.3578833333333334,0.5076833333333333,0.5520833333333334,0.014604968163265309,0.012110204897959186,0.009951326734693875,0.019343236388888886,0.01095708305555556,0.008455843055555554,0.3782833333333333,0.4093833333333333,0.6059,0.019226190476190452,0.08324523809523815,0.07685714285714285,70,60,0.6717142857142852,0.6628333333333328,69.23846153846154,130,22
1366,1366.0,0.3604925373134329,0.49713432835820887,0.5353432835820896,0.35706349206349214,0.5105396825396825,0.5510317460317461,0.013662399198039655,0.012237578970817554,0.008777568723546448,0.01878761501637692,0.01112523255228017,0.008511141849332327,0.3723968253968254,0.41296825396825393,0.6003492063492063,0.0119042880833925,0.08416607438995494,0.0650059227671167,67,63,0.6729850746268651,0.6479365079365077,68.73846153846154,130,21
1367,1367.0,0.3570597014925373,0.49905970149253714,0.5372835820895522,0.35285483870967743,0.5119354838709678,0.5500806451612904,0.013647130764089997,0.011788593450657164,0.008578441969258187,0.017974736992715918,0.011181931321540065,0.008591428980228927,0.3697903225806451,0.4120645161290322,0.6015161290322582,0.012730621088107796,0.08699518536350492,0.06423254694270597,67,62,0.6605970149253726,0.6469354838709672,68.86046511627907,129,25
1368,1368.0,0.3532272727272728,0.489969696969697,0.539090909090909,0.35285483870967743,0.5119354838709678,0.5500806451612904,0.013282205922865015,0.011306120293847567,0.008496567493112945,0.017974736992715918,0.011181931321540065,0.008591428980228927,0.3697903225806451,0.4120645161290322,0.6015161290322582,0.016563049853372314,0.07790518084066478,0.0624252199413492,66,62,0.6596969696969692,0.6398387096774191,69.25,128,28
1369,1369.0,0.35298484848484857,0.48933333333333334,0.5378333333333334,0.3533833333333333,0.5069833333333332,0.5504833333333334,0.01324201492194674,0.011519494949494951,0.00829274494949495,0.018324403055555553,0.010771016388888888,0.008752783055555553,0.3762166666666667,0.3955666666666666,0.6051666666666667,0.02323181818181813,0.09376666666666672,0.06733333333333336,66,60,0.6656060606060601,0.6998333333333329,69.36507936507937,126,21
1370,1370.0,0.35697014925373144,0.48820895522388064,0.5378805970149254,0.35849180327868857,0.5079344262295082,0.5515081967213115,0.01317125284027623,0.011446851860102473,0.00818076186233014,0.01739002042461704,0.01071035635581833,0.00869362698199409,0.3848688524590164,0.3937868852459016,0.612672131147541,0.02789870320528498,0.09442206997797903,0.07479153413261563,67,61,0.6747761194029845,0.6757377049180326,69.59375,128,22
1371,1371.0,0.3561285714285715,0.4888571428571428,0.5400142857142858,0.3556612903225807,0.5032096774193549,0.5536935483870968,0.012701512040816328,0.011423093877551024,0.008030014081632652,0.01697557882414152,0.010659165712799167,0.009033373829344434,0.38469354838709674,0.37664516129032266,0.6208064516129032,0.028564976958525223,0.11221198156682016,0.08079216589861737,70,62,0.6667142857142853,0.679838709677419,69.08333333333333,132,19
1372,1372.0,0.35334782608695653,0.48979710144927535,0.5408115942028985,0.354203125,0.5035156249999999,0.5507968750000001,0.013330400756143668,0.011709060281453475,0.008271399285864314,0.016742130615234375,0.010560093505859375,0.009116318115234374,0.37796874999999996,0.37968749999999996,0.61240625,0.024620923913043435,0.1101096014492754,0.07159465579710156,69,64,0.6733333333333327,0.6642187499999996,69.00751879699249,133,19
1373,1373.0,0.3550857142857143,0.4907571428571429,0.5407571428571428,0.35250000000000004,0.502421875,0.553203125,0.013348364081632653,0.01160538387755102,0.008153441020408162,0.0167825,0.010605962646484376,0.009251068115234375,0.37517187500000004,0.37821875,0.614296875,0.02008616071428576,0.1125383928571429,0.07353973214285714,70,64,0.6732857142857138,0.6714062499999995,69.64925373134328,134,19
1374,1374.0,0.3562,0.4909428571428571,0.5418571428571427,0.3534603174603174,0.5027301587301587,0.5525396825396823,0.013291217142857146,0.011601168163265308,0.00811426530612245,0.016989867472915095,0.01076822877299068,0.009369740488788109,0.3723492063492064,0.3836825396825396,0.6081746031746031,0.016149206349206358,0.1072603174603175,0.06631746031746044,70,63,0.6617142857142851,0.6892063492063489,69.55639097744361,133,19
1375,1375.0,0.35606944444444444,0.4904444444444444,0.5374722222222221,0.3554375,0.49967187500000004,0.55246875,0.013045453510802472,0.011325635802469135,0.00856727700617284,0.01697068359375,0.011189220458984375,0.0092236552734375,0.376484375,0.38465625000000003,0.60440625,0.020414930555555544,0.10578819444444437,0.0669340277777779,72,64,0.6620833333333328,0.6704687499999995,69.91176470588235,136,20
1376,1376.0,0.353375,0.4999027777777777,0.5348888888888889,0.35573437500000005,0.49631250000000005,0.555703125,0.012602178819444445,0.011851143325617285,0.008553015432098764,0.016968851318359374,0.01115893359375,0.008883489990234375,0.38221875,0.374390625,0.61253125,0.02884375,0.12551215277777772,0.07764236111111111,72,64,0.6799999999999994,0.6870312499999995,69.81617647058823,136,16
1377,1377.0,0.3525571428571429,0.5010428571428572,0.534557142857143,0.350796875,0.494671875,0.551328125,0.012560303877551022,0.011982241020408166,0.008781418163265305,0.016665349365234373,0.011270470458984376,0.009413001708984375,0.373296875,0.3710312499999999,0.6133437500000001,0.02073973214285707,0.1300116071428573,0.07878660714285712,70,64,0.6564285714285708,0.6776562499999996,70.03731343283582,134,21
1378,1378.0,0.35357971014492756,0.5003478260869566,0.5342463768115941,0.3479545454545455,0.5000909090909091,0.5511363636363638,0.012669142197017435,0.012122081915563954,0.008901924805713085,0.016807346418732782,0.011561931129476585,0.00916339049586777,0.3673939393939394,0.38365151515151513,0.6049696969696969,0.013814229249011822,0.11669631093544147,0.07072332015810279,69,66,0.6523188405797096,0.6825757575757571,69.15555555555555,135,21
1379,1379.0,0.3528260869565218,0.5058695652173913,0.5326666666666666,0.34873134328358213,0.5008059701492537,0.5529402985074627,0.013445679899180846,0.011984026465028354,0.008918396135265698,0.017947957674314993,0.012513022053909558,0.009482115838716864,0.37299999999999994,0.3952985074626866,0.6023283582089553,0.020173913043478153,0.11057105775470477,0.06966169154228863,69,67,0.6514492753623182,0.6847761194029846,68.15441176470588,136,19
1380,1380.0,0.35514492753623195,0.5050579710144927,0.5330289855072463,0.34817647058823525,0.5044411764705883,0.5507058823529412,0.012991254358328083,0.011871156059651335,0.009022491913463555,0.017613645328719722,0.012640570069204151,0.00949476643598616,0.3647794117647059,0.3970588235294118,0.5994705882352943,0.00963448422847396,0.10799914748508088,0.066441602728048,69,68,0.6634782608695647,0.6569117647058819,67.67153284671532,137,18
1381,1381.0,0.35514492753623195,0.5050579710144927,0.5330289855072463,0.3465797101449275,0.5033623188405797,0.5531739130434782,0.012991254358328083,0.011871156059651335,0.009022491913463555,0.017531750892669607,0.012536520898970805,0.009771361058601135,0.3609420289855073,0.39452173913043487,0.6003188405797103,0.005797101449275366,0.11053623188405781,0.06728985507246399,69,69,0.6485507246376806,0.6588405797101445,68.43478260869566,138,21
1382,1382.0,0.35144444444444445,0.5032222222222222,0.5353194444444443,0.3456417910447761,0.504268656716418,0.5518358208955224,0.013365913580246917,0.011684061728395062,0.00894030073302469,0.01789861795500111,0.012875689017598575,0.009995420806415682,0.3578805970149254,0.3962686567164179,0.5966119402985074,0.0064361525704809686,0.10695356550580432,0.061292495854063045,72,67,0.6593055555555549,0.6489552238805967,68.2589928057554,139,20
1383,1383.0,0.35144444444444445,0.5032222222222222,0.5353194444444443,0.34423529411764703,0.5071323529411765,0.5511029411764706,0.013365913580246917,0.011684061728395062,0.00894030073302469,0.018037238754325256,0.012805497188581315,0.009894239403114187,0.35292647058823534,0.4070294117647059,0.5898382352941177,0.0014820261437908933,0.09619281045751632,0.05451879084967337,72,68,0.6629166666666662,0.6513235294117644,68.32142857142857,140,19
1384,1384.0,0.35144444444444445,0.5032222222222222,0.5353194444444443,0.3448970588235294,0.5081323529411765,0.5502352941176469,0.013365913580246917,0.011684061728395062,0.00894030073302469,0.018072886461937714,0.012592232482698959,0.009863297577854672,0.35435294117647065,0.4098235294117647,0.5880294117647059,0.0029084967320262,0.09339869281045754,0.052709967320261564,72,68,0.6547222222222217,0.6516176470588232,69.10714285714286,140,20
1385,1385.0,0.3556714285714286,0.5023857142857143,0.5369571428571427,0.34749275362318843,0.504840579710145,0.5506376811594201,0.012958506326530613,0.011990122653061226,0.008985783877551022,0.018269119512707415,0.013146568788069734,0.00973136147868095,0.35879710144927546,0.4111884057971015,0.5848695652173913,0.0031256728778468745,0.09119730848861285,0.04791242236024862,70,69,0.6699999999999993,0.6391304347826084,69.2158273381295,139,20
1386,1386.0,0.3594,0.49977142857142837,0.5375285714285714,0.34555714285714284,0.5072142857142857,0.5529,0.012553840000000002,0.012193062040816325,0.00911290632653061,0.01840904673469388,0.013347539795918368,0.01008449,0.35680000000000006,0.4231285714285714,0.5774,0.0025999999999999357,0.07664285714285696,0.03987142857142867,70,70,0.6645714285714283,0.6209999999999996,69.18571428571428,140,22
1387,1387.0,0.36333333333333334,0.5007681159420289,0.541855072463768,0.34462857142857145,0.5072142857142858,0.5515285714285714,0.011652801932367148,0.012300236084856121,0.007934674648183154,0.018179862040816324,0.013347539795918368,0.009917763469387756,0.35781428571428575,0.42267142857142853,0.5738714285714285,0.00551904761904759,0.07809668737060033,0.032016356107660515,69,70,0.6782608695652167,0.6169999999999995,69.79856115107914,139,22
1388,1388.0,0.3649859154929577,0.5049436619718308,0.5413098591549295,0.34462857142857145,0.5072142857142858,0.5515285714285714,0.011516239238246382,0.012661010910533623,0.0077270025788534,0.018179862040816324,0.013347539795918368,0.009917763469387756,0.35781428571428575,0.42267142857142853,0.5738714285714285,0.007171629778671973,0.0822722334004023,0.032561569416499014,71,70,0.6674647887323939,0.6098571428571425,70.43971631205673,141,22
1389,1389.0,0.3649859154929577,0.5049436619718308,0.5413098591549295,0.34462857142857145,0.5072142857142858,0.5515285714285714,0.011516239238246382,0.012661010910533623,0.0077270025788534,0.018179862040816324,0.013347539795918368,0.009917763469387756,0.35781428571428575,0.42267142857142853,0.5738714285714285,0.007171629778671973,0.0822722334004023,0.032561569416499014,71,70,0.6545070422535205,0.6184285714285709,71.43971631205673,141,25
1390,1390.0,0.3649859154929577,0.5049436619718308,0.5413098591549295,0.3463802816901409,0.505211267605634,0.5511267605633802,0.011516239238246382,0.012661010910533623,0.0077270025788534,0.01813860186470938,0.013440391985717122,0.009789378297956753,0.36049295774647894,0.42439436619718307,0.5730422535211267,0.004492957746478787,0.08054929577464776,0.031732394366197236,71,71,0.6394366197183093,0.6484507042253517,72.3943661971831,142,24
1391,1391.0,0.3656811594202899,0.5083478260869564,0.542840579710145,0.34794285714285716,0.5109285714285715,0.5481857142857143,0.011797376601554298,0.012275386263390043,0.007865177483721904,0.018064168163265306,0.014335580612244898,0.010166408367346938,0.354357142857143,0.4229857142857143,0.5720571428571427,0.01132401656314691,0.08536211180124209,0.02921656314699772,69,70,0.6462318840579704,0.6692857142857139,72.33093525179856,139,24
1392,1392.0,0.3639117647058823,0.5096470588235293,0.5413823529411765,0.34857971014492756,0.5120579710144929,0.5514492753623188,0.011754845155709341,0.012339434256055364,0.007834118512110725,0.01829757697962613,0.01445405461037597,0.009568189455996638,0.3562173913043478,0.42530434782608695,0.5759855072463768,0.0076943734015345044,0.0843427109974424,0.03460315430520022,68,69,0.6299999999999996,0.6799999999999994,72.78102189781022,137,27
1393,1393.0,0.3678115942028985,0.5098550724637682,0.5426666666666667,0.34691304347826096,0.5138985507246379,0.5502318840579711,0.011217921024994752,0.012851370300357066,0.007579526570048308,0.01799506490233144,0.014238786809493803,0.009550757823986556,0.3573333333333334,0.42882608695652175,0.5793768115942028,0.010478260869565104,0.08102898550724641,0.036710144927536104,69,69,0.6465217391304342,0.6999999999999995,72.78985507246377,138,20
1394,1394.0,0.36868571428571423,0.5121,0.5429285714285714,0.34798550724637684,0.5131304347826088,0.547463768115942,0.011110386938775509,0.013015518571428571,0.007475980612244899,0.017944767905902125,0.014381678638941398,0.009480712455366521,0.367,0.43173913043478257,0.5785797101449277,0.0016857142857142349,0.08036086956521743,0.03565113871635628,70,69,0.6254285714285707,0.7266666666666662,73.57553956834532,139,18
1395,1395.0,0.3681428571428571,0.5094999999999998,0.5427857142857142,0.3439285714285715,0.5174571428571428,0.5500714285714285,0.01106849387755102,0.01308727857142857,0.0074690826530612224,0.01825706632653061,0.014768076734693875,0.009588409183673471,0.3688,0.43698571428571437,0.5791142857142859,0.0006571428571429117,0.07251428571428548,0.03632857142857171,70,70,0.6141428571428565,0.729285714285714,73.62857142857143,140,17
1396,1396.0,0.3670579710144927,0.5075072463768115,0.5421449275362318,0.33894202898550724,0.518,0.5530144927536231,0.011146518378491914,0.012998974585171182,0.007548587691661417,0.017473387943709298,0.014534956521739128,0.009836883847931107,0.3585507246376811,0.4500579710144928,0.5721449275362319,0.008507246376811606,0.05744927536231875,0.030000000000000138,69,69,0.6165217391304342,0.72927536231884,73.34057971014492,138,18
1397,1397.0,0.3656571428571428,0.5070999999999999,0.544242857142857,0.33894202898550724,0.518,0.5530144927536231,0.011122682448979593,0.012824718571428573,0.0077444410204081625,0.017473387943709298,0.014534956521739128,0.009836883847931107,0.3585507246376811,0.4500579710144928,0.5721449275362319,0.007106418219461674,0.05704202898550709,0.02790207039337489,70,69,0.6194285714285708,0.728115942028985,74.19424460431655,139,19
1398,1398.0,0.3640958904109589,0.5086027397260273,0.542013698630137,0.33222058823529416,0.5187205882352942,0.5502205882352941,0.011712936010508539,0.012497746293863765,0.007854780634265339,0.0168759660467128,0.014589024870242212,0.010524230752595157,0.3423088235294117,0.4497058823529412,0.5626617647058824,0.02178706688154719,0.05889685737308614,0.02064806607574532,73,68,0.6168493150684925,0.6942647058823526,72.47517730496453,141,19
1399,1399.0,0.36394666666666664,0.50656,0.54352,0.33654285714285714,0.5190142857142858,0.5509857142857142,0.01148653048888889,0.012862086399999998,0.007888302933333332,0.017036762448979594,0.01435344265306122,0.01027455693877551,0.3497571428571428,0.4529714285714285,0.5622,0.014189523809523819,0.053588571428571485,0.01868000000000003,75,70,0.6155999999999995,0.6964285714285711,73.26206896551724,145,16
1400,1400.0,0.36327027027027026,0.5054729729729731,0.5449864864864866,0.3402571428571428,0.5176142857142857,0.5484857142857141,0.011607440467494524,0.012947276296566838,0.00783360792549306,0.01665093387755102,0.014040265510204082,0.009997392653061224,0.3464142857142857,0.4408285714285715,0.5660571428571427,0.016855984555984582,0.0646444015444016,0.021070656370656082,74,70,0.5949999999999992,0.6998571428571424,73.125,144,19
1401,1401.0,0.3634931506849315,0.5050958904109589,0.5442054794520549,0.34233802816901404,0.5166619718309859,0.5459295774647885,0.01176277050103209,0.01311411409270032,0.007895779696003,0.016719519539773853,0.01390599841301329,0.01031395278714541,0.352112676056338,0.4412253521126761,0.5624647887323942,0.011380474628593484,0.06387053829828282,0.018259309280339364,73,71,0.5953424657534241,0.7498591549295769,73.35416666666667,144,13
1402,1402.0,0.3634931506849315,0.5050958904109589,0.5442054794520549,0.3411014492753623,0.514768115942029,0.5501739130434781,0.01176277050103209,0.01311411409270032,0.007895779696003,0.01641707666456627,0.013314236084856122,0.009910723377441713,0.359536231884058,0.43644927536231887,0.568014492753623,0.00395691880087351,0.06864661504864006,0.02380901330156815,73,69,0.5890410958904103,0.7515942028985502,73.88732394366197,142,17
1403,1403.0,0.36327272727272725,0.5096233766233768,0.5407532467532469,0.3371304347826087,0.5144927536231882,0.544695652173913,0.01117414639905549,0.0138903386743127,0.008135043008939113,0.016901301827347198,0.013385844150388572,0.010403574039067423,0.3546811594202899,0.43988405797101454,0.557159420289855,0.008591567852437365,0.06973931865236221,0.016406173536608115,77,69,0.5837662337662334,0.7127536231884054,71.94520547945206,146,16
1404,1404.0,0.36723999999999996,0.5101733333333334,0.5386666666666666,0.3371304347826087,0.5144927536231882,0.544695652173913,0.0106126624,0.014197476622222224,0.008182195555555556,0.016901301827347198,0.013385844150388572,0.010403574039067423,0.3546811594202899,0.43988405797101454,0.557159420289855,0.012558840579710073,0.07028927536231883,0.018492753623188363,75,69,0.5831999999999994,0.7362318840579705,72.4375,144,15
1405,1405.0,0.3664533333333333,0.51036,0.5404,0.3357857142857143,0.5166714285714284,0.5460857142857143,0.010484194488888886,0.014128310399999998,0.008159546666666665,0.016725996938775505,0.013535334897959182,0.01048907836734694,0.3505428571428572,0.4465428571428572,0.5577571428571426,0.015910476190476086,0.06381714285714285,0.017357142857142627,75,70,0.5909333333333329,0.7069999999999996,72.71724137931035,145,17
1406,1406.0,0.3621527777777778,0.5102638888888889,0.5385277777777778,0.3357464788732394,0.5182394366197183,0.5454788732394366,0.010996184992283952,0.014675527584876545,0.008362332561728395,0.01649052727633406,0.013516801825034714,0.010367122793096609,0.35273239436619724,0.4406056338028169,0.5633521126760561,0.00942038341158058,0.06965825508607193,0.02482433489827829,72,71,0.5947222222222216,0.6977464788732389,72.18881118881119,143,17
1407,1407.0,0.36240540540540545,0.5112162162162162,0.5418378378378379,0.3371095890410959,0.5192465753424658,0.543972602739726,0.010703241051862673,0.014413764061358657,0.008621676406135865,0.01664113867517358,0.013298404954025145,0.01042364308500657,0.3456438356164384,0.4556575342465753,0.5688219178082192,0.016761569788967035,0.055558681969640866,0.026984079970381325,74,73,0.5787837837837833,0.7147945205479447,72.3061224489796,147,14
1408,1408.0,0.36191666666666666,0.5138194444444445,0.5409722222222223,0.3381733333333333,0.5186799999999999,0.5408933333333334,0.010987020833333333,0.014477842399691361,0.008832082561728396,0.01648702328888889,0.013674777599999998,0.010481321955555557,0.3369466666666666,0.45624000000000003,0.5682266666666668,0.024970000000000048,0.05757944444444446,0.02725444444444447,72,75,0.5565277777777773,0.6762666666666662,72.1360544217687,147,19
1409,1409.0,0.36470422535211267,0.516774647887324,0.5418309859154931,0.3344657534246575,0.5203561643835617,0.5407534246575344,0.010906264630033724,0.01430673794881968,0.008358253124380082,0.016422084443610433,0.013323516982548321,0.010767637830737474,0.3284794520547945,0.4554520547945205,0.5720684931506849,0.03622477329731816,0.06132259309280347,0.030237507235191807,71,73,0.5681690140845065,0.7191780821917803,72.71527777777777,144,15
1410,1410.0,0.36070422535211266,0.5185492957746479,0.5428309859154931,0.3346351351351351,0.5185000000000001,0.5422162162162163,0.011143898432850626,0.014417965879785761,0.008526591152549097,0.01620225876552228,0.013394979729729728,0.010778331628926224,0.3300810810810811,0.45604054054054055,0.5717162162162162,0.030623144271031577,0.06250875523410737,0.028885230300723097,71,74,0.5835211267605628,0.7160810810810806,73.31724137931035,145,14
1411,1411.0,0.36083333333333334,0.5194722222222222,0.5424027777777778,0.3337866666666667,0.5189600000000001,0.5413466666666666,0.010990305555555555,0.014278193672839508,0.008421184992283951,0.015776034488888892,0.013383265066666665,0.010650733155555557,0.3224933333333333,0.4593333333333335,0.5687466666666665,0.03834000000000004,0.06013888888888874,0.026343888888888722,72,75,0.5612499999999994,0.7226666666666661,73.3265306122449,147,14
1412,1412.0,0.36207042253521127,0.5202816901408451,0.5447323943661972,0.3315394736842105,0.520578947368421,0.5438289473684211,0.011034910533624282,0.014432117833763138,0.008149041063281095,0.015526669494459832,0.013145717451523547,0.011070089162049861,0.31302631578947365,0.46703947368421056,0.5684473684210524,0.049044106745737615,0.05324221645663457,0.02371497405485512,71,76,0.5415492957746473,0.7190789473684206,73.53061224489795,147,17
1413,1413.0,0.3615138888888889,0.5175694444444444,0.5483611111111111,0.33921052631578946,0.5182499999999999,0.5452236842105264,0.010903638695987655,0.014753967399691358,0.008970758487654322,0.015242481994459834,0.013574950657894736,0.01143983154432133,0.3266710526315789,0.46768421052631587,0.5635131578947368,0.034842836257309995,0.049885233918128546,0.015152046783625694,72,76,0.5524999999999994,0.6943421052631574,72.67567567567568,148,16
1414,1414.0,0.36213235294117646,0.5161176470588236,0.5500441176470589,0.33921052631578946,0.5182499999999999,0.5452236842105264,0.010593644247404846,0.01481383910034602,0.009335100994809688,0.015242481994459834,0.013574950657894736,0.01143983154432133,0.3266710526315789,0.46768421052631587,0.5635131578947368,0.03546130030959754,0.0484334365325077,0.013469040247677921,68,76,0.5788235294117642,0.6874999999999994,73.42361111111111,144,19
1415,1415.0,0.3588059701492537,0.5088059701492539,0.5476567164179104,0.3392179487179487,0.5176025641025641,0.5460897435897436,0.010153022053909559,0.013514574292715525,0.010118732902650923,0.015201042241946086,0.013272162557527941,0.011214902202498357,0.3260769230769231,0.4586666666666668,0.5692948717948718,0.0327290470723306,0.050139303482587105,0.021638155376961454,67,78,0.5731343283582084,0.6762820512820509,72.77931034482759,145,19
1416,1416.0,0.3561323529411764,0.5105588235294118,0.5489705882352942,0.3385974025974025,0.5152467532467533,0.545961038961039,0.009725056012110725,0.013228099480968855,0.010112410899653979,0.015368422330915838,0.013011640411536513,0.011359258222297181,0.3268831168831169,0.45472727272727276,0.5719220779220779,0.029249236058059513,0.055831550802139085,0.022951489686783733,68,77,0.5776470588235288,0.6824675324675319,72.8,145,17
1417,1417.0,0.3561323529411764,0.5105588235294118,0.5489705882352942,0.33907500000000007,0.5142375,0.5449125,0.009725056012110725,0.013228099480968855,0.010112410899653979,0.014973369374999998,0.013298406093750001,0.01178682984375,0.32117500000000004,0.44922500000000004,0.5745375000000001,0.034957352941176356,0.0613338235294118,0.025566911764705935,68,80,0.6024999999999993,0.6807499999999995,73.25,148,12
1418,1418.0,0.35551428571428567,0.5078999999999999,0.5521857142857144,0.33967948717948715,0.5142692307692308,0.5429102564102565,0.009714249795918367,0.01316271857142857,0.009574436938775509,0.015529345989480605,0.01280694033530572,0.012267132971729126,0.32526923076923075,0.45253846153846156,0.5693974358974359,0.030245054945054917,0.05536153846153835,0.017211721611721464,70,78,0.5938571428571423,0.6617948717948713,73.60810810810811,148,16
1419,1419.0,0.3573999999999999,0.5080857142857141,0.5471857142857143,0.33786301369863014,0.5154520547945205,0.5354109589041096,0.00898818285714286,0.013157335510204081,0.009213808367346938,0.014671707262150498,0.013033864139613436,0.012978379057984612,0.3216301369863014,0.4652602739726027,0.5553424657534246,0.0357698630136985,0.04282544031311142,0.008156751467710333,70,73,0.5891428571428565,0.6631506849315065,72.18881118881119,143,15
1420,1420.0,0.3613088235294117,0.506720588235294,0.545485294117647,0.3361081081081081,0.5100135135135133,0.5332432432432431,0.008606536980968858,0.013398024870242215,0.009008043901384086,0.01511763696128561,0.012646364682249818,0.013164265157048943,0.31694594594594594,0.46099999999999997,0.5484594594594595,0.04436287758346574,0.04572058823529401,0.002974165341812496,68,74,0.5777941176470582,0.6427027027027024,71.54929577464789,142,18
1421,1421.0,0.36165217391304344,0.5099420289855071,0.5488405797101448,0.33584931506849314,0.5114246575342465,0.5308904109589041,0.009137936988027725,0.014348895190086116,0.009511902121403066,0.015318895102270597,0.012665011446800527,0.012967166072433853,0.323986301369863,0.4655616438356164,0.5510136986301369,0.037665872543180434,0.04438038514989073,0.0021731189199921674,69,73,0.5972463768115938,0.6365753424657529,71.05633802816901,142,16
1422,1422.0,0.36067647058823527,0.513014705882353,0.5484117647058823,0.33584931506849314,0.5114246575342465,0.5308904109589041,0.009206630622837372,0.013908455666089965,0.009639095155709342,0.015318895102270597,0.012665011446800527,0.012967166072433853,0.323986301369863,0.4655616438356164,0.5510136986301369,0.03669016921837226,0.047453062046736605,0.0026019339242546735,68,73,0.5858823529411756,0.6645205479452051,71.95744680851064,141,17
1423,1423.0,0.36067647058823527,0.513014705882353,0.5484117647058823,0.3384520547945205,0.5121917808219179,0.5311369863013699,0.009206630622837372,0.013908455666089965,0.009639095155709342,0.01566687783824357,0.012630018014636894,0.013024364796397072,0.3245205479452055,0.4705479452054795,0.5501095890410959,0.03615592264302975,0.042466760676873494,0.0016978243352135935,68,73,0.578382352941176,0.6699999999999997,72.57446808510639,141,19
1424,1424.0,0.3620597014925373,0.5097611940298507,0.5478059701492537,0.33598648648648644,0.5151891891891892,0.5328378378378378,0.009259697928269103,0.01377797282245489,0.009750484740476722,0.015898932249817387,0.013115207450693939,0.013059541271000731,0.32204054054054054,0.4761081081081081,0.5537297297297297,0.04001916095199676,0.03365308592174254,0.0059237595804759735,67,74,0.5611940298507455,0.6675675675675672,72.9290780141844,141,20
1425,1425.0,0.36283333333333334,0.5118787878787877,0.5501666666666667,0.33598648648648644,0.5151891891891892,0.5328378378378378,0.009359896464646463,0.013686288337924702,0.009524835858585858,0.015898932249817387,0.013115207450693939,0.013059541271000731,0.32204054054054054,0.4761081081081081,0.5537297297297297,0.0407927927927928,0.0357706797706796,0.0035630630630629767,66,74,0.576515151515151,0.7016216216216211,73.69285714285714,140,16
1426,1426.0,0.3590757575757576,0.5097727272727273,0.5516363636363636,0.3368799999999999,0.5137466666666667,0.53096,0.009107251836547292,0.013641933195592287,0.009647443526170798,0.015746025599999998,0.013094322488888891,0.013146358400000002,0.3218666666666667,0.4720666666666667,0.54948,0.037209090909090914,0.037706060606060576,0.002156363636363623,66,75,0.5803030303030298,0.6958666666666663,73.62411347517731,141,15
1427,1427.0,0.3563384615384616,0.5068153846153847,0.5531846153846154,0.33579166666666665,0.5190833333333333,0.5359861111111113,0.009096223905325444,0.013653812071005914,0.009923442840236685,0.014603303819444444,0.013152770833333334,0.011712597029320988,0.32013888888888886,0.479375,0.5589305555555555,0.03619957264957274,0.027440384615384672,0.0057459401709401,65,72,0.5721538461538456,0.6969444444444439,72.2919708029197,137,15
1428,1428.0,0.358936507936508,0.5084285714285715,0.554142857142857,0.3369054054054054,0.5182567567567569,0.5362162162162163,0.008974948349710255,0.013932562358276643,0.009928122448979592,0.01425459915997078,0.013417893535427319,0.011411628926223522,0.3273378378378378,0.47987837837837843,0.5564189189189189,0.03159867009867018,0.028550193050193018,0.0022760617760618773,63,74,0.5623809523809518,0.6762162162162159,72.08759124087591,137,19
1429,1429.0,0.361046875,0.509296875,0.5536875000000001,0.3371095890410959,0.51913698630137,0.5344931506849315,0.009115294677734375,0.013762364990234373,0.00978605859375,0.014446782510790018,0.013544364796397073,0.011348249953086885,0.32898630136986307,0.47275342465753417,0.5554246575342466,0.032060573630136924,0.03654345034246581,0.001737157534246525,64,73,0.5682812499999993,0.7105479452054789,73.41605839416059,137,16
1430,1430.0,0.361968253968254,0.507920634920635,0.5549206349206349,0.3359324324324325,0.5165270270270271,0.5348378378378379,0.009205649785840262,0.01385959687578735,0.009844073066263543,0.01435271165084003,0.013858600620891162,0.01120356829802776,0.32929729729729734,0.466581081081081,0.5610810810810811,0.03267095667095665,0.04133955383955401,0.006160446160446198,63,74,0.5609523809523802,0.6967567567567563,73.8029197080292,137,19
1431,1431.0,0.36330158730158735,0.5106190476190476,0.5565079365079365,0.33631944444444445,0.5155833333333333,0.5360833333333334,0.009331004283194761,0.013835092970521542,0.009836218190980095,0.01470782851080247,0.014209770833333333,0.011454604166666667,0.3361388888888889,0.46366666666666667,0.5605833333333332,0.02716269841269847,0.04695238095238097,0.004075396825396704,63,72,0.5952380952380948,0.6947222222222218,73.95555555555555,135,20
1432,1432.0,0.3591384615384615,0.5136000000000001,0.5597846153846154,0.33631944444444445,0.5155833333333333,0.5360833333333334,0.009594273136094678,0.01438624,0.010031276686390533,0.01470782851080247,0.014209770833333333,0.011454604166666667,0.3361388888888889,0.46366666666666667,0.5605833333333332,0.02299957264957264,0.049933333333333385,0.0007987179487177754,65,72,0.6021538461538456,0.6969444444444439,74.55474452554745,137,19
1433,1433.0,0.362984375,0.514984375,0.564203125,0.3328961038961039,0.5165194805194805,0.5404935064935065,0.009670015380859376,0.014802890380859374,0.009623818115234373,0.014374222971833363,0.014798587282847026,0.01141830190588632,0.3367012987012987,0.47328571428571425,0.5710519480519479,0.026283076298701302,0.041698660714285796,0.006848823051947894,64,77,0.6193749999999993,0.6790909090909087,73.58156028368795,141,15
1434,1434.0,0.3569516129032258,0.5132096774193549,0.5685967741935484,0.3263466666666667,0.5202933333333334,0.5398266666666666,0.008953594432882416,0.013877391519250782,0.010584143860561916,0.013330999822222222,0.015344020622222223,0.01123974328888889,0.32296,0.47413333333333346,0.5686133333333333,0.033991612903225776,0.0390763440860214,1.6559139784932952e-05,62,75,0.6279032258064512,0.6715999999999994,73.1094890510949,137,16
1435,1435.0,0.3563333333333334,0.5118833333333334,0.5738166666666668,0.3303378378378378,0.5222297297297298,0.5393243243243243,0.009060122222222224,0.014092903055555555,0.00999144972222222,0.012719466946676408,0.01563782560262966,0.011368813732651572,0.32656756756756755,0.4766891891891892,0.5671081081081081,0.02976576576576584,0.03519414414414418,0.006708558558558675,60,74,0.6379999999999995,0.6621621621621617,72.48507462686567,134,16
1436,1436.0,0.3541896551724138,0.5119482758620689,0.5764482758620689,0.3275068493150685,0.5284931506849315,0.5451780821917808,0.009225291617122473,0.014130600772889416,0.010128212841854932,0.012985345843497843,0.01621194858322387,0.011811132670294615,0.32026027397260276,0.4864794520547946,0.5765753424657535,0.03392938119981104,0.025468823807274332,0.0001270666036845558,58,73,0.640172413793103,0.6998630136986297,72.04580152671755,131,14
1437,1437.0,0.34996428571428567,0.5088571428571429,0.5724999999999999,0.3245068493150685,0.5294794520547945,0.5483287671232877,0.00902785586734694,0.013985443877551022,0.010855892857142854,0.012784386939388255,0.015959482454494276,0.012386111090260835,0.3143013698630137,0.4821917808219178,0.5771780821917808,0.03566291585127196,0.02666536203522507,0.004678082191780897,56,73,0.6324999999999994,0.706438356164383,70.72093023255815,129,17
1438,1438.0,0.34705555555555556,0.5118703703703703,0.572888888888889,0.3255540540540541,0.5281351351351351,0.5487567567567567,0.00908620061728395,0.014239112825788748,0.01124646913580247,0.012691679510591674,0.015875738495252006,0.012232102994886779,0.31617567567567567,0.4756756756756757,0.5828108108108108,0.03087987987987989,0.03619469469469461,0.009921921921921761,54,74,0.62574074074074,0.7129729729729725,70.8125,128,18
1439,1439.0,0.34886,0.5182399999999999,0.57304,0.32670270270270274,0.5284189189189188,0.547391891891892,0.009041720400000001,0.0148393824,0.011982398399999998,0.012655776479181886,0.015849189371804236,0.0121790761504748,0.3201216216216216,0.481918918918919,0.5767297297297297,0.028738378378378393,0.0363210810810809,0.003689729729729696,50,74,0.6185999999999994,0.6954054054054049,70.34677419354838,124,22
1440,1440.0,0.34328846153846154,0.5222115384615384,0.5746153846153846,0.3256800000000001,0.5303333333333333,0.5448266666666667,0.0095478975591716,0.015006436020710058,0.011909121301775146,0.0124509376,0.016158675555555557,0.012370836622222223,0.31356000000000006,0.48890666666666666,0.5696666666666665,0.02972846153846148,0.03330487179487179,0.0049487179487180954,52,75,0.6255769230769226,0.6894666666666662,69.56692913385827,127,21
1441,1441.0,0.3404705882352941,0.5266078431372548,0.5741568627450979,0.3265405405405405,0.5283378378378378,0.5431891891891891,0.009322209919261823,0.01429565013456363,0.012131700884275277,0.012563653761869978,0.016078385865595325,0.012336910153396639,0.3151486486486486,0.48209459459459447,0.5700945945945946,0.02532193958664547,0.044513248542660366,0.0040622681505033675,51,74,0.6176470588235289,0.6997297297297291,69.728,125,24
1442,1442.0,0.3408461538461538,0.5257884615384616,0.5720576923076922,0.32840259740259736,0.527051948051948,0.5456233766233766,0.009150130177514792,0.01405497448224852,0.01212313128698225,0.01218714960364311,0.01567617911958171,0.012131377635351662,0.311987012987013,0.48301298701298695,0.5657142857142857,0.02885914085914082,0.042775474525474644,0.0063434065934064865,52,77,0.6198076923076917,0.7019480519480515,70.27906976744185,129,21
1443,1443.0,0.3398,0.53364,0.57228,0.32840259740259736,0.527051948051948,0.5456233766233766,0.009248000000000001,0.014466630399999996,0.011187161599999997,0.01218714960364311,0.01567617911958171,0.012131377635351662,0.311987012987013,0.48301298701298695,0.5657142857142857,0.02781298701298701,0.050627012987013054,0.006565714285714286,50,77,0.6321999999999994,0.7312987012987007,70.96850393700787,127,18
1444,1444.0,0.33820408163265314,0.5341224489795919,0.5764081632653061,0.3271392405063291,0.5305696202531646,0.5455822784810126,0.009309386922115786,0.014750229904206581,0.010563384423157015,0.012216524915878867,0.016013966672007687,0.011862825508732572,0.3062911392405063,0.48479746835443027,0.5624810126582278,0.031912942392146815,0.04932498062516166,0.013927150607078276,49,79,0.6375510204081627,0.7160759493670883,71.515625,128,20
1445,1445.0,0.33820408163265314,0.5341224489795919,0.5764081632653061,0.3277530864197531,0.5333333333333333,0.5441481481481482,0.009309386922115786,0.014750229904206581,0.010563384423157015,0.012330111873190061,0.015534395061728394,0.01180854595336077,0.30375308641975307,0.49256790123456795,0.5609506172839506,0.03445099521290007,0.041554547745023984,0.015457545981355514,49,81,0.6491836734693872,0.7176543209876538,71.64615384615385,130,18
1446,1446.0,0.3371276595744681,0.5275957446808511,0.5805744680851065,0.33123170731707313,0.5332073170731708,0.5435243902439024,0.009674749660479855,0.014331857854232685,0.010261818922589407,0.012350007287328973,0.014994115556216539,0.011481420136823321,0.31943902439024385,0.4862317073170732,0.5668048780487805,0.017688635184224255,0.04136403736377792,0.01376959003632594,47,82,0.6370212765957441,0.7163414634146337,71.11627906976744,129,15
1447,1447.0,0.3371276595744681,0.5275957446808511,0.5805744680851065,0.3312048192771084,0.5329759036144579,0.5396987951807228,0.009674749660479855,0.014331857854232685,0.010261818922589407,0.01207900624183481,0.014963589780809984,0.010940644215415882,0.3186265060240964,0.4903734939759035,0.5625301204819277,0.018501153550371685,0.03722225070494761,0.018044347603178745,47,83,0.6212765957446804,0.716506024096385,71.94615384615385,130,16
1448,1448.0,0.33339130434782616,0.5177391304347826,0.585304347826087,0.33085185185185184,0.5359506172839507,0.5382345679012346,0.009506107750472588,0.01337423629489603,0.009553907372400755,0.012323187928669413,0.014958269166285624,0.011101043743331809,0.309962962962963,0.4930617283950617,0.5687407407407408,0.02342834138486316,0.024677402039720908,0.01656360708534621,46,81,0.6204347826086951,0.7201234567901229,72.18897637795276,127,18
1449,1449.0,0.33490909090909093,0.5137954545454546,0.5843863636363635,0.3264936708860759,0.5286708860759494,0.540139240506329,0.00954117355371901,0.01219234452479339,0.009968509814049587,0.012430655023233459,0.014272904342252842,0.01085604390322064,0.31556962025316454,0.48605063291139217,0.5706455696202533,0.019339470655926394,0.027744821634062444,0.01374079401611028,44,79,0.6406818181818176,0.7345569620253161,72.22764227642277,123,17
1450,1450.0,0.34013953488372095,0.5126046511627906,0.5833488372093023,0.3258765432098766,0.5290493827160494,0.5420370370370371,0.008559329367225529,0.012413494862087615,0.010152971335857219,0.012354824264593812,0.014125479042828834,0.011061689986282578,0.31566666666666665,0.48566666666666664,0.5721728395061728,0.0244728682170543,0.026937984496124,0.011175997703129492,43,81,0.6365116279069761,0.7075308641975304,71.69354838709677,124,21
1451,1451.0,0.33835897435897433,0.5188974358974361,0.5794871794871794,0.33018518518518514,0.5284197530864198,0.5443703703703704,0.009145819855358318,0.012161579224194608,0.009829326758711373,0.011717484224965708,0.014150539856729158,0.010588801097393689,0.3170493827160494,0.485641975308642,0.5734938271604938,0.021309591642924952,0.033255460588794084,0.00599335232668563,39,81,0.6174358974358968,0.7255555555555551,71.31666666666666,120,19
1452,1452.0,0.341175,0.518775,0.5782499999999999,0.3334875,0.5290125,0.5440625,0.009226444375,0.011858124375000001,0.009643287499999997,0.012085574843749999,0.014299787343749999,0.01064978359375,0.3192875,0.48897500000000005,0.575675,0.021887500000000004,0.029799999999999938,0.002574999999999883,40,80,0.6337499999999994,0.7309999999999995,71.81666666666666,120,18
1453,1453.0,0.33990243902439027,0.5188292682926829,0.5804634146341463,0.32949397590361446,0.5282650602409639,0.5480240963855422,0.009066185603807259,0.011569019631171922,0.009604053539559784,0.012242539120336767,0.01416125504427348,0.010766746407316011,0.3214096385542169,0.4840120481927711,0.5870000000000001,0.018492800470173376,0.03481722009991184,0.006536585365853775,41,83,0.6048780487804872,0.7425301204819272,72.4758064516129,124,16
1454,1454.0,0.3373658536585366,0.5209756097560976,0.5802926829268293,0.3280493827160494,0.5220370370370371,0.5520493827160495,0.00854179298036883,0.011947194527067221,0.009624158239143366,0.011678096326779457,0.014268010973936898,0.010703775339125133,0.3215925925925926,0.47455555555555556,0.5897407407407407,0.01577326106594401,0.046420054200542016,0.009448057813911337,41,81,0.6299999999999994,0.726049382716049,71.79508196721312,122,17
1455,1455.0,0.3385555555555556,0.5246666666666666,0.5895111111111112,0.3272405063291139,0.5190253164556962,0.5545316455696203,0.008107935802469136,0.013354711111111108,0.010251849876543208,0.011936081397211988,0.013866303156545428,0.010440755327671847,0.3247721518987342,0.4654810126582279,0.594,0.013783403656821402,0.059185654008438726,0.004488888888888765,45,79,0.6179999999999995,0.6925316455696199,72.03225806451613,124,21
1456,1456.0,0.33922222222222226,0.5220444444444444,0.5910888888888889,0.3272405063291139,0.5190253164556962,0.5545316455696203,0.007958750617283952,0.013199242469135805,0.009908525432098764,0.011936081397211988,0.013866303156545428,0.010440755327671847,0.3247721518987342,0.4654810126582279,0.594,0.014450070323488051,0.056563431786216534,0.0029111111111110866,45,79,0.6344444444444437,0.7332911392405059,72.91129032258064,124,16
1457,1457.0,0.34258695652173915,0.5269565217391304,0.5907173913043479,0.3277037037037038,0.5172222222222221,0.5564197530864198,0.008295198960302457,0.013998085066162569,0.009699333175803402,0.011654010973936901,0.01369185185185185,0.010323799115988418,0.32558024691358023,0.4555061728395063,0.603395061728395,0.01700670960815892,0.07145034889962415,0.012677670424047105,46,81,0.6206521739130428,0.7154320987654317,72.85039370078741,127,19
1458,1458.0,0.3443260869565217,0.532,0.5878260869565218,0.32651898734177215,0.5221772151898734,0.5580379746835444,0.008564915406427223,0.013932739130434782,0.009900404536862003,0.011861211664797311,0.014635183784649888,0.01090160615286012,0.3130000000000001,0.4739113924050633,0.5998607594936708,0.031326086956521615,0.058088607594936725,0.01203467253714896,46,79,0.6032608695652169,0.7203797468354426,72.056,125,18
1459,1459.0,0.345875,0.5331458333333333,0.585,0.3308,0.5218624999999999,0.555525,0.008929984375,0.013589499565972224,0.009677583333333331,0.011968885,0.013806043593749998,0.010925999374999999,0.317025,0.46900000000000003,0.599425,0.028849999999999987,0.06414583333333329,0.014425000000000021,48,80,0.6204166666666661,0.6872499999999995,71.8984375,128,18
1460,1460.0,0.3482127659574468,0.5421276595744681,0.5806595744680851,0.33161538461538465,0.5231025641025641,0.5581025641025642,0.008863273879583524,0.015424536894522408,0.00982175645088275,0.011971852071005916,0.013985143326758712,0.01083863050624589,0.31783333333333336,0.4673589743589743,0.6036025641025642,0.030379432624113467,0.07476868521549379,0.02294298963447905,47,78,0.632765957446808,0.6733333333333328,72.608,125,22
1461,1461.0,0.3563478260869566,0.5399782608695652,0.5836521739130435,0.3284545454545455,0.5225324675324675,0.5597012987012987,0.008474052930056711,0.015574673440453686,0.009447052930056708,0.012141416765053129,0.014148690504300893,0.011026339348962726,0.3153246753246754,0.46888311688311685,0.6071038961038961,0.04102315076228119,0.0710951439864484,0.023451722190852675,46,77,0.6328260869565212,0.6742857142857139,72.57723577235772,123,24
1462,1462.0,0.35971111111111115,0.541511111111111,0.5827111111111111,0.32650666666666667,0.5198933333333333,0.56168,0.00814202765432099,0.015812694320987652,0.00961624987654321,0.012506676622222223,0.014103935288888885,0.0108218176,0.3165733333333334,0.46942666666666666,0.603,0.043137777777777775,0.0720844444444444,0.020288888888888912,45,75,0.6304444444444438,0.7255999999999996,72.01666666666667,120,20
1463,1463.0,0.3560000000000001,0.535888888888889,0.5896888888888888,0.32439189189189194,0.5216081081081081,0.5604054054054054,0.007291111111111111,0.01436440987654321,0.010339147654320986,0.012476481555880208,0.013954805880204528,0.010791889700511322,0.31893243243243247,0.4642837837837839,0.6053108108108108,0.03706756756756763,0.0716051051051051,0.015621921921922022,45,74,0.6231111111111105,0.7222972972972969,71.85714285714286,119,20
1464,1464.0,0.35622222222222216,0.5376444444444444,0.5899555555555556,0.32672222222222225,0.5234305555555555,0.5588888888888888,0.007284395061728396,0.014258140246913582,0.010371775802469134,0.012621950617283951,0.01420077295524691,0.01069445987654321,0.3231805555555555,0.4627361111111111,0.6078472222222222,0.033041666666666636,0.07490833333333324,0.01789166666666664,45,72,0.6166666666666661,0.7255555555555551,71.63247863247864,117,21
1465,1465.0,0.3565531914893617,0.5338510638297873,0.5878936170212765,0.32481944444444444,0.5208055555555555,0.5593750000000001,0.007284332277048438,0.014120807605251246,0.01020864825712992,0.012664842399691357,0.013411267746913579,0.010658845486111112,0.32384722222222223,0.45720833333333327,0.6071249999999999,0.03270596926713948,0.07664273049645404,0.0192313829787234,47,72,0.6085106382978719,0.7308333333333328,71.68067226890756,119,21
1466,1466.0,0.35325,0.5387083333333332,0.586375,0.3260694444444445,0.5208888888888888,0.5578472222222222,0.008175062500000002,0.01508199826388889,0.010083109375,0.012288731288580247,0.013407793209876543,0.010520157214506172,0.3190416666666667,0.4470694444444445,0.6056111111111111,0.034208333333333285,0.09163888888888871,0.01923611111111112,48,72,0.5979166666666661,0.7491666666666662,72.15833333333333,120,20
1467,1467.0,0.35710000000000003,0.53534,0.5877600000000001,0.3315205479452055,0.5234520547945205,0.558095890410959,0.00822781,0.015401264399999998,0.0097720624,0.012295729029836744,0.013290247701257273,0.010366141489960592,0.33199999999999996,0.44521917808219175,0.6034520547945206,0.025100000000000067,0.09012082191780829,0.015692054794520516,50,73,0.6167999999999996,0.7384931506849309,70.89430894308943,123,18
1468,1468.0,0.35173584905660377,0.5353396226415095,0.5863584905660377,0.3324366197183099,0.5189577464788732,0.5552535211267605,0.008565590601637594,0.018054865788536847,0.011273362050551797,0.011943400912517358,0.012811984130132908,0.010356921642531245,0.32956338028169013,0.43998591549295774,0.6004788732394366,0.022172468774913634,0.09535370714855174,0.014120382673398879,53,71,0.6026415094339618,0.7621126760563375,70.7258064516129,124,17
1469,1469.0,0.35532727272727266,0.5272727272727273,0.5804181818181818,0.3324366197183099,0.5189577464788732,0.5552535211267605,0.008173092892561983,0.016497434710743802,0.010792461487603305,0.011943400912517358,0.012811984130132908,0.010356921642531245,0.32956338028169013,0.43998591549295774,0.6004788732394366,0.025763892445582526,0.0872868117797696,0.020060691421254773,55,71,0.6101818181818176,0.747746478873239,71.2936507936508,126,18
1470,1470.0,0.345625,0.5356071428571428,0.5839642857142857,0.32990277777777777,0.521986111111111,0.5536944444444445,0.009558877232142857,0.018070274234693876,0.011017498724489793,0.012414698881172841,0.01300579147376543,0.0101734899691358,0.3322777777777778,0.4525416666666666,0.59675,0.013347222222222233,0.08306547619047622,0.01278571428571429,56,72,0.611071428571428,0.7286111111111107,70.75,128,17
1471,1471.0,0.34850847457627115,0.5346101694915254,0.5859152542372882,0.32941428571428566,0.5204142857142856,0.5503285714285714,0.00977662280953749,0.018436271760988224,0.011663128411376043,0.01254755693877551,0.013900671224489793,0.010423963469387754,0.33227142857142855,0.4578714285714286,0.5877999999999999,0.016237046004842604,0.0767387409200968,0.0018847457627116926,59,70,0.6120338983050844,0.7365714285714282,70.08527131782945,129,15
1472,1472.0,0.34500000000000003,0.5341774193548388,0.589790322580645,0.32478260869565223,0.5173913043478261,0.548391304347826,0.01025658064516129,0.01776246852237253,0.011336520551508843,0.012221271581600504,0.013527165721487079,0.011104151228733459,0.3234782608695652,0.45033333333333336,0.586391304347826,0.021521739130434814,0.08384408602150539,0.003399018232818962,62,69,0.6011290322580641,0.6975362318840576,69.3587786259542,131,17
1473,1473.0,0.34429687499999995,0.5296562499999999,0.589859375,0.3231911764705883,0.5168088235294118,0.5492058823529411,0.010077396240234375,0.0178975068359375,0.010989433349609373,0.01240518403979239,0.013846066392733563,0.011364398788927334,0.3150294117647059,0.4518382352941177,0.5806911764705882,0.029267463235294056,0.07781801470588223,0.009168198529411753,64,68,0.5903124999999996,0.6735294117647055,69.46969696969697,132,20
1474,1474.0,0.34184615384615386,0.5288,0.5912307692307692,0.3249428571428572,0.5132857142857142,0.5491571428571428,0.010099607100591716,0.017692713846153847,0.010763039053254436,0.012191082448979592,0.014096261224489794,0.011394989591836735,0.3114571428571429,0.4408857142857144,0.584442857142857,0.03038901098901098,0.08791428571428567,0.006787912087912185,65,70,0.5755384615384611,0.6762857142857138,70.14814814814815,135,19
1475,1475.0,0.3416060606060606,0.5291818181818183,0.5883333333333333,0.3261304347826087,0.5153043478260869,0.5503478260869564,0.009889693296602386,0.017452936639118455,0.010295646464646464,0.012269040957781979,0.014015313169502205,0.011460893509766857,0.31081159420289856,0.4461884057971015,0.5784492753623188,0.030794466403162024,0.0829934123847168,0.009884057971014437,66,69,0.559393939393939,0.6879710144927532,70.19259259259259,135,20
1476,1476.0,0.340969696969697,0.5273636363636365,0.586651515151515,0.32500000000000007,0.5142424242424243,0.5538787878787879,0.009846786960514234,0.017672110192837466,0.01034271189164371,0.012653939393939394,0.014304941230486682,0.011276894398530763,0.3040606060606061,0.4525909090909091,0.5740151515151515,0.03690909090909089,0.07477272727272738,0.012636363636363557,66,66,0.5684848484848481,0.7190909090909088,69.86363636363636,132,18
1477,1477.0,0.3439411764705882,0.5233676470588237,0.5896176470588237,0.32435384615384616,0.5094307692307692,0.5555538461538461,0.009913584775086505,0.01766170307093426,0.009848677335640137,0.012821059408284022,0.012996983668639052,0.011265200946745562,0.3062615384615385,0.4441692307692308,0.5741076923076923,0.03767963800904972,0.07919841628959284,0.015509954751131372,68,65,0.5999999999999996,0.6887692307692304,69.0375939849624,133,18
1478,1478.0,0.346134328358209,0.5264925373134329,0.5883731343283584,0.3325820895522388,0.5129999999999999,0.5532537313432836,0.009734474493205613,0.01726129472042771,0.009890353308086432,0.013522631321006905,0.012772835820895521,0.011710905769659167,0.30608955223880596,0.4518507462686567,0.5571492537313433,0.04004477611940305,0.07464179104477625,0.031223880597015086,67,67,0.5870149253731339,0.683283582089552,69.2910447761194,134,21
1479,1479.0,0.34228358208955223,0.5276567164179105,0.5865970149253731,0.33433823529411766,0.5128676470588234,0.5518529411764705,0.010414292715526841,0.016990016484740477,0.010452449543328135,0.013530400302768166,0.01258617365916955,0.011670154844290659,0.3020294117647059,0.44752941176470584,0.5559558823529411,0.04025417032484635,0.08012730465320461,0.03064113257243195,67,68,0.6011940298507459,0.6498529411764702,68.87407407407407,135,23
1480,1480.0,0.3386119402985075,0.5285522388059702,0.5886865671641791,0.33775714285714287,0.5141857142857142,0.5529142857142856,0.010520386723100914,0.016796396524838497,0.010278424147917131,0.013618498163265307,0.012286094081632655,0.011643849795918367,0.3077285714285714,0.4512142857142857,0.5564857142857143,0.03088336886993609,0.07733795309168456,0.03220085287846486,67,70,0.596119402985074,0.6347142857142855,68.94160583941606,137,25
1481,1481.0,0.33866666666666667,0.5241014492753624,0.5898115942028986,0.3348888888888889,0.5165555555555555,0.5550416666666667,0.010258512077294685,0.016994294055870614,0.010143486242386052,0.013911654320987656,0.012141385802469136,0.011793873263888888,0.3105555555555556,0.45645833333333335,0.5569583333333333,0.028111111111111087,0.06764311594202904,0.032853260869565304,69,72,0.5898550724637678,0.617083333333333,69.31914893617021,141,26
1482,1482.0,0.3403714285714286,0.5173428571428571,0.5884,0.3326388888888889,0.5126527777777778,0.5551805555555556,0.009803290612244896,0.017991682448979595,0.010475268571428569,0.013780091820987654,0.012719809992283952,0.011781342399691357,0.31387500000000007,0.45333333333333337,0.55225,0.026496428571428532,0.06400952380952374,0.036150000000000015,70,72,0.5779999999999996,0.6301388888888885,69.67605633802818,142,24
1483,1483.0,0.3435072463768116,0.514231884057971,0.5852753623188407,0.33738571428571434,0.5083857142857142,0.5527285714285715,0.009542105019953792,0.017668641881957572,0.010514605335013654,0.01329263693877551,0.012359151224489794,0.011598397755102042,0.3189,0.4431857142857143,0.551614285714286,0.02460724637681161,0.07104616977225675,0.03366107660455475,69,70,0.5982608695652168,0.6495714285714282,69.53956834532374,139,23
1484,1484.0,0.34328985507246385,0.5178260869565217,0.583913043478261,0.33719718309859154,0.5087464788732393,0.5540845070422534,0.009512495694181895,0.017237129174543165,0.010606137366099559,0.013231003372346757,0.012554752628446736,0.011135373140249951,0.3239295774647887,0.438112676056338,0.5503521126760564,0.01936027760767517,0.07971341090018363,0.03356093080220457,69,71,0.6011594202898546,0.6715492957746476,69.57142857142857,140,20
1485,1485.0,0.3430000000000001,0.5139411764705882,0.5809117647058823,0.33719718309859154,0.5087464788732393,0.5540845070422534,0.009342235294117648,0.015822143598615918,0.010219109861591694,0.013231003372346757,0.012554752628446736,0.011135373140249951,0.3239295774647887,0.438112676056338,0.5503521126760564,0.019070422535211407,0.07582850041425021,0.030559652029825912,68,71,0.5869117647058819,0.6628169014084503,69.73381294964028,139,24
1486,1486.0,0.3435735294117648,0.5148382352941177,0.5794705882352942,0.337972602739726,0.5089452054794521,0.5567945205479452,0.009309215181660899,0.01580081206747405,0.010173543252595153,0.01297123212610246,0.01226284631262901,0.011322902983674237,0.32461643835616444,0.4363698630136986,0.5562191780821918,0.01895709105560034,0.07846837228041903,0.023251410153102392,68,73,0.5747058823529407,0.6676712328767119,69.55319148936171,141,24
1487,1487.0,0.3414347826086957,0.513,0.5790434782608695,0.33738356164383565,0.5102191780821919,0.5541369863013699,0.009485347195967235,0.01580159420289855,0.01003850535601764,0.013158756990054421,0.011995102645899793,0.010974583974479264,0.32463013698630144,0.42561643835616436,0.5548082191780822,0.016804645622394254,0.08738356164383565,0.02423525908278734,69,73,0.5618840579710142,0.6882191780821915,70.01408450704226,142,24
1488,1488.0,0.34111594202898554,0.5104927536231884,0.5854927536231883,0.3357260273972603,0.5097808219178082,0.5543698630136986,0.009411725687880698,0.014723380382272637,0.010796249947490021,0.013876500281478703,0.011654993056858697,0.01096521936573466,0.32667123287671235,0.42587671232876717,0.5472054794520548,0.014444709152273194,0.08461604129442118,0.038287274171133534,69,73,0.5681159420289852,0.6676712328767119,69.01408450704226,142,23
1489,1489.0,0.3396478873239437,0.5083661971830985,0.5835492957746479,0.3347671232876713,0.5099315068493151,0.5515479452054796,0.009491495734973219,0.014467471533425908,0.010688698274151953,0.013646836179395763,0.01163198161005817,0.011343124413586038,0.32421917808219175,0.4288219178082192,0.5381369863013699,0.015428709241751937,0.07954427937487929,0.04541230947327801,71,73,0.5643661971830981,0.6515068493150681,69.06944444444444,144,24
1490,1490.0,0.34206756756756757,0.5057702702702703,0.582972972972973,0.33531944444444445,0.5123611111111112,0.5536805555555555,0.00999917111029949,0.014106393170197228,0.010860026296566837,0.013890550733024691,0.01125225848765432,0.011426161844135804,0.32680555555555557,0.43372222222222223,0.5378194444444444,0.015262012012011994,0.0720480480480481,0.04515352852852861,74,72,0.5756756756756752,0.6590277777777773,69.0,146,21
1491,1491.0,0.34206756756756757,0.5057702702702703,0.582972972972973,0.32753521126760565,0.5193661971830985,0.5589436619718309,0.00999917111029949,0.014106393170197228,0.010860026296566837,0.013087544534814522,0.012453161674270978,0.0116772362626463,0.30926760563380284,0.4394507042253521,0.5482253521126762,0.03279996193376472,0.06631956604491823,0.03474762086029681,74,71,0.5739189189189184,0.6828169014084503,68.97931034482758,145,21
1492,1492.0,0.34070129870129867,0.5066233766233766,0.5812597402597404,0.3231594202898551,0.5158985507246376,0.5597681159420289,0.009860599089222464,0.013963351661325686,0.011966218249283185,0.01265845284604075,0.013075395505145977,0.011513250577609746,0.30605797101449267,0.4332028985507247,0.5420724637681159,0.034643327686806,0.07342047807265195,0.039187276491624456,77,69,0.5836363636363633,0.663478260869565,69.25342465753425,146,20
1493,1493.0,0.34344155844155844,0.5073246753246752,0.5810000000000001,0.32895522388059706,0.5165820895522388,0.5627611940298507,0.010093129701467363,0.014001258222297183,0.011957974025974026,0.01187634127868122,0.013319556694141232,0.01118994297170862,0.31391044776119403,0.43756716417910446,0.5485074626865671,0.029531110680364403,0.06975751114557072,0.032492537313432934,77,67,0.5923376623376618,0.6926865671641786,69.58333333333333,144,18
1494,1494.0,0.34209210526315786,0.506736842105263,0.5803157894736843,0.3269852941176471,0.5177352941176471,0.5625441176470588,0.009826057306094182,0.014161746537396123,0.011883637119113574,0.011619720371972321,0.013924724048442905,0.011351748053633218,0.30970588235294116,0.4335588235294118,0.5427794117647059,0.0323862229102167,0.07317801857585127,0.03753637770897844,76,68,0.5836842105263154,0.7213235294117644,69.54166666666667,144,16
1495,1495.0,0.3462467532467532,0.5097922077922078,0.5764935064935067,0.3294852941176471,0.5143970588235294,0.5616617647058824,0.010734445606341708,0.013571826952268513,0.012163548659133072,0.011398543901384084,0.013788298226643595,0.011217812067474046,0.31419117647058825,0.42963235294117647,0.541985294117647,0.03205557677616494,0.08015985485103133,0.03450821237585977,77,68,0.5840259740259736,0.7004411764705878,70.33103448275862,145,17
1496,1496.0,0.3451875,0.5080625000000001,0.5778625,0.3287536231884058,0.5154492753623189,0.5637246376811594,0.010486877343750001,0.013219483593750001,0.011882218593749999,0.011269750892669605,0.013663754673387943,0.011344605335013655,0.31298550724637686,0.42866666666666664,0.5391739130434781,0.03220199275362312,0.07939583333333344,0.038688586956521887,80,69,0.5797499999999995,0.649565217391304,71.11409395973155,149,22
1497,1497.0,0.3449753086419753,0.5108765432098765,0.5762962962962963,0.32804225352112676,0.5153802816901409,0.5665774647887324,0.010931036427373877,0.013256602042371592,0.011818727023319616,0.010972857369569532,0.013290292005554453,0.01140058202737552,0.31226760563380285,0.42771830985915493,0.5436056338028168,0.03270770300817244,0.08315823335072159,0.032690662493479516,81,71,0.5806172839506168,0.6526760563380278,71.05263157894737,152,18
1498,1498.0,0.34693902439024393,0.5126463414634147,0.5734024390243903,0.3279027777777778,0.5149722222222223,0.565375,0.0110273499405116,0.013407033462224865,0.0111148990184414,0.010821837770061729,0.013117527006172839,0.011344901041666668,0.3209444444444444,0.4291111111111111,0.5378611111111111,0.025994579945799512,0.08353523035230359,0.03554132791327913,82,72,0.5848780487804874,0.6412499999999997,71.33766233766234,154,18
1499,1499.0,0.3469879518072289,0.5125180722891566,0.5740722891566264,0.3266056338028169,0.5179295774647887,0.5640563380281688,0.011005240818696475,0.013280032805922484,0.011010332123675423,0.010853112080936323,0.012672572505455266,0.01137948978377306,0.32100000000000006,0.43515492957746477,0.5313521126760563,0.02598795180722885,0.07736314271169181,0.04272017648057014,83,71,0.5840963855421683,0.6476056338028165,71.37662337662337,154,15
1500,1500.0,0.3473333333333334,0.5088095238095238,0.5695595238095239,0.32904285714285714,0.5148428571428572,0.5627285714285714,0.011986079365079363,0.012269035147392289,0.011238984552154194,0.010586412448979593,0.012177132448979588,0.011416883469387754,0.3235714285714287,0.4287714285714286,0.5272571428571428,0.023761904761904706,0.08003809523809524,0.04230238095238115,84,70,0.5971428571428566,0.6118571428571424,71.36363636363636,154,17
1501,1501.0,0.34575000000000006,0.5069404761904762,0.5685476190476191,0.33032835820895523,0.5125970149253731,0.5599999999999999,0.011682211309523809,0.012244270266439912,0.011383795351473922,0.010711713076409,0.011751315214969926,0.011302268656716415,0.325044776119403,0.4197611940298507,0.5217313432835821,0.020705223880597035,0.08717928216062554,0.04681627576403702,84,67,0.5961904761904756,0.5870149253731339,71.74834437086092,151,20
1502,1502.0,0.34575000000000006,0.5069404761904762,0.5685476190476191,0.3323384615384615,0.5167230769230768,0.5577692307692306,0.011682211309523809,0.012244270266439912,0.011383795351473922,0.010897054674556213,0.01135296946745562,0.01105851597633136,0.32401538461538465,0.41444615384615385,0.522076923076923,0.021734615384615408,0.09249432234432237,0.046470695970696085,84,65,0.6059523809523805,0.6336923076923073,72.18791946308725,149,13
1503,1503.0,0.34761445783132533,0.5076867469879518,0.5685903614457832,0.33006349206349206,0.518984126984127,0.5603333333333332,0.011530959790971114,0.012345010306285382,0.011520796051676585,0.010845424540186447,0.01123922197026959,0.011073873015873018,0.32268253968253974,0.41204761904761905,0.5313015873015873,0.024931918148785592,0.09563912794033275,0.03728877414419596,83,63,0.6162650602409633,0.6312698412698408,72.43835616438356,146,15
1504,1504.0,0.34472839506172837,0.510888888888889,0.5638518518518518,0.3250923076923077,0.5218153846153847,0.5634461538461539,0.012909086724584668,0.013189728395061731,0.011070916323731136,0.011722668402366864,0.012997719763313606,0.011125139408284024,0.3104615384615385,0.4137538461538462,0.5322923076923076,0.034266856600189854,0.09713504273504275,0.031559544159544206,81,65,0.6095061728395056,0.6041538461538457,72.24657534246575,146,20
1505,1505.0,0.34472839506172837,0.510888888888889,0.5638518518518518,0.3276031746031746,0.5218095238095238,0.5657142857142857,0.012909086724584668,0.013189728395061731,0.011070916323731136,0.01187008062484253,0.012960789115646259,0.010697759637188206,0.3171111111111111,0.40538095238095234,0.5326825396825395,0.027617283950617244,0.1055079365079366,0.03116931216931229,81,63,0.6080246913580241,0.6573015873015867,72.95833333333333,144,17
1506,1506.0,0.34472839506172837,0.510888888888889,0.5638518518518518,0.3361,0.5201166666666667,0.55925,0.012909086724584668,0.013189728395061731,0.011070916323731136,0.01153959,0.012778203055555553,0.010596487500000001,0.31981666666666675,0.39985000000000004,0.52225,0.024911728395061616,0.11103888888888891,0.041601851851851834,81,60,0.5966666666666661,0.6726666666666664,72.12056737588652,141,17
1507,1507.0,0.3432784810126583,0.5089113924050633,0.5645696202531646,0.33323728813559317,0.5172372881355932,0.5625593220338984,0.012924935106553433,0.013042030123377667,0.01125649831757731,0.011233977592645793,0.013151740304510199,0.010584619362252228,0.3188135593220339,0.3950508474576272,0.5294406779661016,0.024464921690624364,0.11386054494743614,0.03512894228706298,79,59,0.6194936708860754,0.6577966101694911,71.53623188405797,138,16
1508,1508.0,0.3425185185185185,0.5121234567901235,0.5643086419753087,0.333,0.5137894736842106,0.5633157894736842,0.01341533607681756,0.013577540313976528,0.011465201036427375,0.011621438596491231,0.013252973222530008,0.010927759926131117,0.3124912280701755,0.3877192982456141,0.5270175438596492,0.030027290448343014,0.12440415854450942,0.03729109811565956,81,57,0.6143209876543204,0.6864912280701748,71.94202898550725,138,16
1509,1509.0,0.3407317073170732,0.5133658536585366,0.5642439024390244,0.3334736842105263,0.5175087719298247,0.5655789473684211,0.013510342653182628,0.013536988102320048,0.011325720999405117,0.012142670360110804,0.013108916589719915,0.010200313942751614,0.30861403508771934,0.3896491228070175,0.536719298245614,0.032117672229353855,0.12371673085151907,0.027524604193410407,82,57,0.5980487804878043,0.66719298245614,71.33093525179856,139,18
1510,1510.0,0.3423764705882353,0.5101882352941176,0.5667882352941176,0.32949152542372884,0.5134406779661018,0.5681016949152542,0.013421481799307957,0.013898646920415227,0.011293555155709342,0.01224862280953749,0.013144348175811548,0.010206803217466245,0.30579661016949156,0.37877966101694915,0.5443898305084746,0.036579860418743726,0.13140857427716846,0.022398404785643033,85,59,0.6141176470588231,0.6371186440677962,71.07638888888889,144,15
1511,1511.0,0.3432413793103449,0.5107931034482758,0.5634252873563218,0.3342321428571428,0.5164285714285715,0.5653392857142857,0.013166826793499798,0.013620485929449068,0.011516658211124322,0.011141356823979594,0.01334888775510204,0.01051158131377551,0.3185357142857143,0.3743035714285714,0.5416071428571428,0.024705665024630563,0.13648953201970437,0.02181814449917896,87,56,0.6120689655172408,0.6257142857142853,70.9090909090909,143,18
1512,1512.0,0.34558823529411764,0.508235294117647,0.5631176470588235,0.33468421052631575,0.5136315789473684,0.5664561403508771,0.012994642214532871,0.013057779930795847,0.011736927335640137,0.01095733887349954,0.013552794090489378,0.010397020006155739,0.3176140350877193,0.37073684210526314,0.5430701754385965,0.027974200206398347,0.13749845201238386,0.02004747162022702,85,57,0.612117647058823,0.6240350877192978,71.88732394366197,142,20
1513,1513.0,0.3452758620689656,0.5088045977011494,0.5701149425287355,0.33498214285714284,0.514125,0.568,0.013034291716210858,0.012619444576562291,0.0115762856387898,0.01114794610969388,0.013780930803571427,0.010446821428571427,0.3065535714285715,0.36792857142857144,0.5504464285714286,0.03872229064039412,0.14087602627257795,0.019668513957306955,87,56,0.6172413793103443,0.5996428571428566,71.4965034965035,143,20
1514,1514.0,0.3477441860465117,0.5065813953488373,0.5701627906976744,0.33498214285714284,0.514125,0.568,0.01265579502433748,0.01233617360735533,0.011710694429421308,0.01114794610969388,0.013780930803571427,0.010446821428571427,0.3065535714285715,0.36792857142857144,0.5504464285714286,0.04119061461794021,0.13865282392026584,0.019716362126245834,86,56,0.6097674418604644,0.6242857142857139,72.28169014084507,142,21
1515,1515.0,0.34889772727272733,0.5066136363636363,0.5682386363636364,0.3359642857142857,0.5183571428571428,0.5656785714285715,0.012590864540289258,0.011979100723140497,0.01157515896177686,0.01234085586734694,0.01371819387755102,0.010703360969387756,0.30025,0.3750357142857143,0.5350178571428571,0.048647727272727315,0.13157792207792202,0.03322077922077926,88,56,0.6309090909090902,0.5607142857142853,71.71527777777777,144,20
1516,1516.0,0.34773563218390807,0.5078850574712643,0.5681034482758619,0.3359642857142857,0.5183571428571428,0.5656785714285715,0.012746033557933679,0.011737297133042673,0.011717541022592152,0.01234085586734694,0.01371819387755102,0.010703360969387756,0.30025,0.3750357142857143,0.5350178571428571,0.047485632183908055,0.13284934318555003,0.0330855911330048,87,56,0.6419540229885051,0.5817857142857138,72.11888111888112,143,18
1517,1517.0,0.34639759036144574,0.5119759036144579,0.5706746987951806,0.3341785714285714,0.5193392857142857,0.5676428571428571,0.0132752515604587,0.01098640905791842,0.011298412251415297,0.01217682525510204,0.013597688456632654,0.01086969387755102,0.2946607142857142,0.37873214285714285,0.5272678571428571,0.05173687607573152,0.13324376075731503,0.04340684165232356,83,56,0.6455421686746983,0.5724999999999996,71.72661870503597,139,23
1518,1518.0,0.3480470588235294,0.5075882352941176,0.5712588235294117,0.3341785714285714,0.5193392857142857,0.5676428571428571,0.013145691903114185,0.011788736332179934,0.01110673301038062,0.01217682525510204,0.013597688456632654,0.01086969387755102,0.2946607142857142,0.37873214285714285,0.5272678571428571,0.053386344537815156,0.1288560924369747,0.04399096638655464,85,56,0.6508235294117642,0.5721428571428567,72.46808510638297,141,22
1519,1519.0,0.3497710843373494,0.5143975903614456,0.5654578313253013,0.3340862068965517,0.5183275862068966,0.5656034482758621,0.013397333139788066,0.012321613006241837,0.010614151836260705,0.012140975326991677,0.013157496135552912,0.010615135850178358,0.29474137931034483,0.3753448275862069,0.5284310344827585,0.05502970502700455,0.1390527627752387,0.03702679684254273,83,58,0.6459036144578307,0.5693103448275858,72.04255319148936,141,22
1520,1520.0,0.35114285714285715,0.5152499999999998,0.5651904761904761,0.3381785714285715,0.5143571428571428,0.5624821428571428,0.013394027210884354,0.012235235119047621,0.010493725623582766,0.01208889668367347,0.012598729591836734,0.01032542825255102,0.30198214285714287,0.36792857142857144,0.5235357142857142,0.04916071428571428,0.14732142857142833,0.04165476190476192,84,56,0.6446428571428566,0.6021428571428568,72.45,140,19
1521,1521.0,0.35366265060240965,0.5155783132530121,0.5647108433734939,0.33625000000000005,0.5219464285714286,0.5593392857142857,0.01302205487008274,0.012373593264624765,0.010600832051095951,0.012146223214285715,0.01223180070153061,0.010297295599489794,0.288875,0.37367857142857147,0.523625,0.06478765060240965,0.1418997418244406,0.04108584337349386,83,56,0.6391566265060235,0.6357142857142852,72.66906474820144,139,17
1522,1522.0,0.3543924050632911,0.5174177215189872,0.5658734177215189,0.34580000000000005,0.5194909090909091,0.5590181818181819,0.012736896651177694,0.013133205255568018,0.010617376381990066,0.011826923636363635,0.012805704462809916,0.010467181487603304,0.3058363636363637,0.3801272727272727,0.5241818181818182,0.04855604142692743,0.13729044879171454,0.0416915995397007,79,55,0.6329113924050628,0.6489090909090904,71.6044776119403,134,17
1523,1523.0,0.3552692307692307,0.5177820512820511,0.5604102564102564,0.3471730769230769,0.5235192307692309,0.5549807692307692,0.012864068540433923,0.013105478139381987,0.009976165023011178,0.012466950813609469,0.013194288091715974,0.010335711168639053,0.31115384615384617,0.3944807692307692,0.5130961538461538,0.044115384615384556,0.12330128205128194,0.04731410256410262,78,52,0.6339743589743584,0.6880769230769227,71.33846153846154,130,16
1524,1524.0,0.3552692307692307,0.5177820512820511,0.5604102564102564,0.34741509433962264,0.5222641509433964,0.5546603773584906,0.012864068540433923,0.013105478139381987,0.009976165023011178,0.012234771092915629,0.013027250978996081,0.010146035599857597,0.3177735849056604,0.3943396226415094,0.5097358490566039,0.03749564586357035,0.12344242864054172,0.050674407353652584,78,53,0.637692307692307,0.7149056603773581,71.95419847328245,131,14
1525,1525.0,0.3538717948717949,0.5195641025641023,0.5639615384615385,0.3504615384615384,0.5259807692307693,0.5511730769230769,0.013034752794214333,0.01293734845496384,0.009225524161735698,0.012358248520710057,0.012944441937869821,0.010187950813609466,0.3170192307692308,0.4096538461538461,0.49580769230769245,0.0368525641025641,0.10991025641025626,0.06815384615384606,78,52,0.6297435897435891,0.7019230769230766,71.43846153846154,130,16
1526,1526.0,0.35492105263157897,0.519328947368421,0.5583684210526316,0.34772222222222215,0.526277777777778,0.5553888888888889,0.014202809556786706,0.012535220740997232,0.009323127423822712,0.012096756172839507,0.012801570987654321,0.010365311728395062,0.3078148148148148,0.4114999999999999,0.5006666666666667,0.04710623781676415,0.10782894736842102,0.05770175438596492,76,54,0.6299999999999993,0.673333333333333,70.6923076923077,130,17
1527,1527.0,0.35398630136986303,0.5197534246575343,0.5577260273972604,0.34944444444444445,0.5279814814814815,0.5537037037037036,0.014761164195909176,0.01291133646087446,0.008531870144492398,0.010657617283950618,0.012889721879286697,0.01048143072702332,0.29535185185185187,0.4059444444444445,0.5011851851851852,0.05863444951801117,0.11380898021308977,0.056540842212075226,73,54,0.6363013698630131,0.6966666666666663,69.55118110236221,127,17
1528,1528.0,0.3528888888888889,0.521236111111111,0.5556805555555555,0.3487592592592592,0.5226111111111111,0.5582037037037036,0.014834209876543207,0.012991402584876544,0.008458272955246914,0.010614590192043895,0.013032533950617285,0.010594347393689986,0.2978703703703704,0.39742592592592596,0.5062037037037037,0.05501851851851852,0.12381018518518505,0.0494768518518518,72,54,0.6181944444444438,0.7003703703703701,68.96825396825396,126,19
1529,1529.0,0.3528888888888889,0.521236111111111,0.5556805555555555,0.35006896551724137,0.5211379310344828,0.5629655172413793,0.014834209876543207,0.012991402584876544,0.008458272955246914,0.010256409036860877,0.012717567181926279,0.010827481569560043,0.30781034482758624,0.4071551724137931,0.5057068965517242,0.04507854406130268,0.11408093869731789,0.04997365900383133,72,58,0.601666666666666,0.6799999999999997,68.36153846153846,130,19
1530,1530.0,0.35180000000000006,0.5199066666666667,0.5572666666666667,0.34967796610169494,0.5205423728813561,0.5619152542372882,0.014803493333333334,0.012747684622222224,0.008269182222222221,0.010288997989083599,0.013641095662166045,0.010980823326630279,0.3065084745762712,0.40964406779661017,0.5032711864406779,0.045291525423728884,0.11026259887005657,0.05399548022598877,75,59,0.6023999999999994,0.6777966101694912,68.20149253731343,134,17
1531,1531.0,0.35347222222222224,0.5223333333333333,0.5587222222222221,0.35000000000000003,0.5201639344262295,0.5621147540983606,0.015127693672839504,0.012997722222222223,0.007899395061728395,0.010003311475409836,0.013206464928782585,0.010622003224939528,0.3012459016393443,0.4109344262295082,0.496655737704918,0.05222632058287796,0.1113989071038251,0.06206648451730412,72,61,0.6011111111111104,0.6657377049180325,68.2781954887218,133,20
1532,1532.0,0.3577260273972602,0.5212191780821918,0.5547260273972603,0.3518032786885246,0.5196393442622951,0.5624426229508197,0.01549145918558829,0.012879513604803902,0.007975897541752671,0.010761043267938726,0.013186427304488041,0.01058247621607095,0.31031147540983606,0.4077868852459016,0.4991967213114754,0.04741455198742417,0.11343229283629014,0.05552930608578488,73,61,0.6275342465753418,0.6677049180327866,68.68656716417911,134,16
1533,1533.0,0.35642465753424657,0.5148904109589042,0.5566438356164384,0.3493606557377049,0.5252131147540983,0.5651311475409837,0.01525871007693751,0.01289286470257084,0.008314640270219551,0.011543837140553617,0.014497085729642568,0.010668966406879869,0.3009180327868853,0.4157704918032787,0.5059344262295082,0.05550662474736129,0.09911991915562551,0.05070940938693014,73,61,0.6263013698630132,0.6637704918032785,68.20149253731343,134,15
1534,1534.0,0.35225333333333336,0.5153333333333334,0.5576933333333334,0.3493606557377049,0.5252131147540983,0.5651311475409837,0.015489575822222221,0.012566355555555556,0.008133785955555554,0.011543837140553617,0.014497085729642568,0.010668966406879869,0.3009180327868853,0.4157704918032787,0.5059344262295082,0.05133530054644808,0.09956284153005474,0.051758907103825136,75,61,0.6221333333333328,0.6699999999999996,69.16911764705883,136,15
1535,1535.0,0.3530789473684211,0.5131184210526316,0.5620394736842105,0.3456393442622951,0.5251803278688525,0.5677049180327869,0.01513983587257618,0.012013999134349031,0.00877695896814404,0.011104722386455254,0.014508049449072833,0.010885585057780162,0.294032786885246,0.40804918032786885,0.513049180327869,0.059046160483175125,0.10506924072476276,0.04899029335634153,76,61,0.6106578947368416,0.6526229508196718,69.21167883211679,137,18
1536,1536.0,0.3581710526315789,0.5145789473684211,0.5610657894736842,0.349,0.5243387096774194,0.5663870967741935,0.01459879968836565,0.012012980609418283,0.008857877250692519,0.011614548387096775,0.014317256243496355,0.010815946930280958,0.2965806451612904,0.4084677419354839,0.5091612903225807,0.06159040747028849,0.10611120543293723,0.05190449915110351,76,62,0.619868421052631,0.6619354838709673,69.8695652173913,138,16
1537,1537.0,0.3583561643835616,0.5173150684931507,0.5627808219178081,0.34993650793650793,0.5240476190476191,0.5678412698412698,0.015184010133233252,0.012256078814036406,0.009031595796584723,0.0114845673973293,0.01409525170068027,0.010775371630133531,0.30222222222222234,0.4114761904761905,0.5102857142857143,0.05613394216133927,0.10583887801696018,0.05249510763209375,73,63,0.6361643835616432,0.6658730158730156,69.47058823529412,136,15
1538,1538.0,0.3585205479452055,0.517904109589041,0.5645890410958904,0.3522096774193548,0.5264677419354838,0.568741935483871,0.015174989303809346,0.012189977106398952,0.00881574892099831,0.011344262486992716,0.013953603798126948,0.010898062434963576,0.30640322580645174,0.4161290322580645,0.511758064516129,0.05211732213875375,0.10177507733097646,0.052830976579761324,73,62,0.638356164383561,0.6922580645161286,69.8962962962963,135,13
1539,1539.0,0.36424285714285715,0.5188571428571429,0.5621714285714284,0.35224999999999995,0.5288499999999999,0.5699333333333332,0.014885041020408161,0.012395836734693882,0.008923799183673468,0.011479654166666665,0.01429166083333333,0.010961462222222221,0.29715000000000014,0.42384999999999995,0.5198333333333333,0.06709285714285701,0.09500714285714296,0.042338095238095175,70,60,0.617571428571428,0.6966666666666664,69.25384615384615,130,17
1540,1540.0,0.36277464788732394,0.5161971830985916,0.5626760563380281,0.35224999999999995,0.5288499999999999,0.5699333333333332,0.014577498512199956,0.01261596111882563,0.00901672604641936,0.011479654166666665,0.01429166083333333,0.010961462222222221,0.29715000000000014,0.42384999999999995,0.5198333333333333,0.0656246478873238,0.09234718309859169,0.04284272300469483,71,60,0.6149295774647882,0.728333333333333,69.6412213740458,131,14
1541,1541.0,0.3634594594594594,0.5160405405405405,0.5667567567567567,0.3537213114754098,0.5300983606557377,0.5691147540983605,0.01487681592403214,0.01221863349159971,0.009506130021913802,0.011421348562214457,0.01415087557108304,0.010821970438054286,0.3021639344262297,0.42601639344262293,0.5207868852459016,0.061295525033229714,0.09002414709791756,0.04596987151085519,74,61,0.6304054054054049,0.6663934426229504,68.91111111111111,135,13
1542,1542.0,0.3631369863013698,0.5172876712328767,0.5681095890410959,0.3588852459016394,0.5310819672131147,0.5650819672131148,0.015072912741602551,0.012270917245261779,0.009500919497091385,0.011950101585595268,0.014025780166621878,0.010314632625638268,0.31198360655737717,0.42745901639344264,0.5218524590163933,0.051153379743992644,0.08982865483943403,0.04625713002470255,73,61,0.6305479452054789,0.6660655737704914,69.73880597014926,134,16
1543,1543.0,0.3615285714285714,0.5188714285714285,0.5707857142857143,0.3612033898305085,0.534406779661017,0.5630847457627118,0.015075020612244895,0.012467854897959181,0.009439539795918364,0.012159755242746338,0.014075902326917552,0.010286043665613328,0.31386440677966104,0.4338474576271187,0.5153050847457626,0.04766416464891038,0.08502397094430986,0.0554806295399517,70,59,0.6498571428571425,0.6876271186440674,69.55038759689923,129,15
1544,1544.0,0.3640972222222222,0.5197222222222222,0.5703333333333334,0.36332786885245905,0.5338196721311474,0.5647868852459017,0.01492319888117284,0.012150533950617286,0.009198555555555554,0.01209369578070411,0.013644246170384303,0.01086315130341306,0.31834426229508195,0.4411803278688524,0.5126885245901639,0.045752959927140235,0.07854189435336978,0.05764480874316946,72,61,0.6623611111111105,0.6522950819672129,69.69172932330827,133,15
1545,1545.0,0.3640972222222222,0.5197222222222222,0.5703333333333334,0.366327868852459,0.5267540983606558,0.5624426229508197,0.01492319888117284,0.012150533950617286,0.009198555555555554,0.011329728567589358,0.011818316581564094,0.01051204998656275,0.32603278688524595,0.43118032786885246,0.5109180327868852,0.03806443533697623,0.08854189435336973,0.05941530054644817,72,61,0.6472222222222217,0.6572131147540979,70.15789473684211,133,18
1546,1546.0,0.360281690140845,0.5162957746478872,0.5698028169014085,0.36661666666666665,0.5261166666666666,0.5629666666666666,0.014655047411227933,0.012139475897639357,0.009355454076572109,0.011513469722222221,0.011990503055555555,0.010670498888888887,0.3314666666666667,0.4354333333333333,0.5127333333333334,0.028815023474178303,0.08086244131455395,0.057069483568075174,71,60,0.6526760563380277,0.6466666666666664,69.58778625954199,131,18
1547,1547.0,0.3576857142857142,0.5173285714285715,0.5713714285714285,0.36661666666666665,0.5261166666666666,0.5629666666666666,0.015404729795918365,0.011901820612244901,0.009919462040816326,0.011513469722222221,0.011990503055555555,0.010670498888888887,0.3314666666666667,0.4354333333333333,0.5127333333333334,0.02621904761904753,0.08189523809523819,0.058638095238095156,70,60,0.6542857142857136,0.6566666666666663,69.48461538461538,130,18
1548,1548.0,0.3599705882352941,0.5185588235294117,0.5723235294117648,0.3691833333333333,0.5264,0.5627999999999999,0.015543057958477506,0.012076540657439447,0.009611218858131486,0.011354849722222221,0.012032573333333333,0.010687460000000001,0.33606666666666674,0.43024999999999997,0.512,0.023903921568627362,0.08830882352941177,0.060323529411764776,68,60,0.6622058823529408,0.6893333333333331,69.5859375,128,18
1549,1549.0,0.35992857142857143,0.5257142857142857,0.5712000000000002,0.3663709677419355,0.5303870967741935,0.5688709677419355,0.01591023775510204,0.014132432653061227,0.010065959999999995,0.011251136576482832,0.012726785639958377,0.01157240270551509,0.33404838709677426,0.43883870967741934,0.5220483870967743,0.025880184331797174,0.08687557603686635,0.049151612903225894,70,62,0.6609999999999996,0.6622580645161287,69.68939393939394,132,19
1550,1550.0,0.3626901408450704,0.5264647887323944,0.568211267605634,0.36499999999999994,0.5310847457627119,0.567050847457627,0.016429903987304102,0.014304699464391987,0.01033903987304106,0.011814406779661018,0.013103535191037059,0.011868963516230966,0.3279661016949153,0.43774576271186433,0.5227288135593221,0.034724039150155095,0.08871902602053011,0.045482454046311904,71,59,0.652535211267605,0.6364406779661013,68.77692307692308,130,19
1551,1551.0,0.3606142857142857,0.527,0.5690714285714287,0.36499999999999994,0.5310847457627119,0.567050847457627,0.016358665510204082,0.014488714285714287,0.010434209183673465,0.011814406779661018,0.013103535191037059,0.011868963516230966,0.3279661016949153,0.43774576271186433,0.5227288135593221,0.03264818401937042,0.0892542372881357,0.04634261501210657,70,59,0.6592857142857138,0.6588135593220334,69.31782945736434,129,19
1552,1552.0,0.357112676056338,0.5274788732394367,0.5697605633802818,0.3618275862068966,0.5346724137931035,0.5651551724137931,0.016986550684388018,0.014300700257885341,0.010320491965879783,0.01098765992865636,0.012804530618311534,0.012134682818073717,0.3186551724137931,0.44889655172413784,0.5179482758620689,0.03845750364254491,0.07858232151529881,0.051812287518212874,71,58,0.6591549295774641,0.6817241379310341,69.75968992248062,129,18
1553,1553.0,0.3571690140845071,0.5272957746478873,0.5687464788732396,0.36738333333333334,0.5379166666666666,0.5657666666666666,0.01696794326522515,0.014308715334259078,0.010329118825629834,0.011789536388888888,0.012865476388888887,0.011742912222222223,0.32345,0.44263333333333327,0.5139333333333334,0.03371901408450706,0.08466244131455408,0.05481314553990624,71,60,0.6592957746478868,0.6746666666666663,70.16030534351145,131,18
1554,1554.0,0.35357746478873237,0.5253521126760564,0.5675915492957747,0.36104918032786887,0.5339836065573771,0.5712622950819672,0.016952666534417776,0.01458597460821266,0.010442692322951794,0.01210732545014781,0.013050770223058318,0.011246816447191613,0.31865573770491806,0.4406885245901639,0.5224754098360656,0.0349217270838143,0.08466358808589253,0.04511613945970916,71,61,0.6354929577464784,0.658196721311475,69.73484848484848,132,22
1555,1555.0,0.35364285714285715,0.5247142857142858,0.569557142857143,0.36327419354838714,0.5352258064516129,0.5673387096774193,0.01719454387755102,0.014765461224489797,0.01031756102040816,0.012078973204994797,0.01257943288241415,0.011721643340270548,0.31201612903225806,0.44372580645161297,0.5105806451612903,0.04162672811059909,0.08098847926267283,0.05897649769585267,70,62,0.6297142857142851,0.7054838709677415,70.15151515151516,132,19
1556,1556.0,0.35481159420289854,0.5222028985507247,0.5699420289855074,0.36352542372881363,0.5345762711864407,0.5698474576271185,0.016989602184415042,0.01461737912203319,0.010415909682839735,0.01202730020109164,0.013069091640333236,0.01164565469692617,0.3095254237288136,0.44794915254237283,0.519,0.04528617047408495,0.07425374600835183,0.05094202898550737,69,59,0.6356521739130429,0.7323728813559318,69.3984375,128,18
1557,1557.0,0.3557647058823529,0.5247205882352942,0.5679264705882354,0.36331578947368426,0.5325964912280702,0.5710701754385965,0.017176768166089963,0.014394966046712804,0.010288774005190307,0.011912847645429362,0.01340610033856571,0.01200929332102185,0.3049473684210526,0.447859649122807,0.5202631578947368,0.05081733746130035,0.0768609391124872,0.04766331269349866,68,57,0.623088235294117,0.7654385964912277,69.496,125,20
1558,1558.0,0.35558823529411765,0.5260588235294117,0.5671617647058823,0.3556071428571429,0.5310357142857143,0.5723928571428571,0.0171484186851211,0.014510349480968862,0.010382900302768163,0.012048809948979593,0.01383610586734694,0.012120809948979589,0.29451785714285716,0.43742857142857144,0.5184642857142857,0.061070378151260485,0.08863025210084025,0.0486974789915966,68,56,0.625882352941176,0.7574999999999995,69.70161290322581,124,23
1559,1559.0,0.3504328358208955,0.5233582089552239,0.5696417910447761,0.36059649122807014,0.5320350877192983,0.5743333333333333,0.016433379817331253,0.015048229895299622,0.010014558253508575,0.011668100338565713,0.013638770698676517,0.01157523976608187,0.31371929824561406,0.4369649122807018,0.5211052631578947,0.03671353757528145,0.08639329667452211,0.04853652788688134,67,57,0.6332835820895515,0.7436842105263154,69.35483870967742,124,23
1560,1560.0,0.3397313432835821,0.5316567164179103,0.572268656716418,0.3661206896551724,0.5312413793103448,0.5741379310344827,0.0163361367787926,0.016250046335486747,0.01053616662953887,0.010468347502972652,0.013658665873959572,0.011396049940546963,0.32068965517241377,0.4228793103448276,0.5271551724137931,0.019041688111168353,0.10877740607308273,0.04511348430262496,67,58,0.6485074626865666,0.7272413793103445,68.88,125,21
1561,1561.0,0.33895384615384616,0.5342923076923078,0.5743846153846154,0.36527118644067796,0.5328983050847458,0.5719152542372881,0.01567241325443787,0.01650845301775148,0.01057835976331361,0.010332773915541512,0.01358639643780523,0.011489433496121802,0.32752542372881355,0.42683050847457626,0.5279661016949152,0.011428422425032614,0.10746179921773158,0.04641851368970018,65,59,0.6392307692307686,0.7401694915254233,68.89516129032258,124,23
1562,1562.0,0.34147619047619043,0.5335238095238095,0.575920634920635,0.36494915254237287,0.531593220338983,0.5725593220338983,0.0160456462585034,0.01691831292517007,0.010857406399596873,0.010351200804366559,0.013799766733697212,0.011687500718184427,0.33264406779661015,0.41886440677966097,0.5303559322033897,0.008832122679580279,0.11465940274414854,0.04556470271724533,63,59,0.6582539682539678,0.7449152542372878,68.41803278688525,122,23
1563,1563.0,0.34214062500000003,0.533375,0.5744218750000001,0.36494915254237287,0.531593220338983,0.5725593220338983,0.015822745849609375,0.016655359375,0.010829275146484373,0.010351200804366559,0.013799766733697212,0.011687500718184427,0.33264406779661015,0.41886440677966097,0.5303559322033897,0.009496557203389877,0.11451059322033907,0.04406594279661036,64,59,0.6392187499999993,0.7893220338983046,69.5609756097561,123,22
1564,1564.0,0.341015873015873,0.534142857142857,0.5751904761904763,0.36835000000000007,0.5355500000000001,0.5720666666666666,0.015992936255983876,0.01688199546485261,0.010963360544217685,0.0110525275,0.013872180833333334,0.011550362222222221,0.3428666666666667,0.417,0.5240666666666666,0.001850793650793714,0.11714285714285705,0.05112380952380968,63,60,0.6338095238095233,0.8106666666666663,69.6178861788618,123,21
1565,1565.0,0.34188888888888885,0.5315714285714285,0.5722380952380954,0.36835000000000007,0.5355500000000001,0.5720666666666666,0.016732860670194003,0.016167387755102042,0.011139736961451244,0.0110525275,0.013872180833333334,0.011550362222222221,0.3428666666666667,0.417,0.5240666666666666,0.0009777777777778551,0.11457142857142849,0.048171428571428865,63,60,0.6409523809523803,0.8006666666666663,69.6910569105691,123,24
1566,1566.0,0.339421875,0.53203125,0.570875,0.3716440677966102,0.525,0.5676271186440678,0.01631483764648437,0.0164350927734375,0.011446734374999998,0.010363924159724217,0.012336271186440678,0.011603827061189313,0.34535593220338984,0.40955932203389833,0.5192711864406779,0.005934057203389853,0.12247192796610162,0.05160381355932209,64,59,0.6390624999999994,0.8062711864406777,69.33333333333333,123,25
1567,1567.0,0.3423188405797101,0.5373768115942029,0.5644347826086956,0.3716440677966102,0.525,0.5676271186440678,0.01698795631169922,0.01609148120142827,0.011773781978575927,0.010363924159724217,0.012336271186440678,0.011603827061189313,0.34535593220338984,0.40955932203389833,0.5192711864406779,0.0030370916236797108,0.1278174895603046,0.04516359616801768,69,59,0.6640579710144923,0.7574576271186435,69.203125,128,24
1568,1568.0,0.33895652173913043,0.545768115942029,0.5603768115942029,0.3723606557377049,0.5252459016393443,0.563344262295082,0.017138621298046632,0.013735482461667716,0.01157339424490653,0.010039476484815912,0.011977267401236228,0.011979602794947591,0.3478852459016394,0.42085245901639345,0.5201475409836065,0.00892872416250895,0.12491565692563555,0.040229270610596446,69,61,0.6686956521739125,0.7444262295081965,69.00769230769231,130,22
1569,1569.0,0.33895652173913043,0.545768115942029,0.5603768115942029,0.371859375,0.5235625,0.562453125,0.017138621298046632,0.013735482461667716,0.01157339424490653,0.009840683349609376,0.011333839843749999,0.011777029052734374,0.35340625,0.40431249999999996,0.5233749999999999,0.014449728260869543,0.14145561594202904,0.037001811594203016,69,64,0.6617391304347822,0.7390624999999995,68.69172932330827,133,22
1570,1570.0,0.33846376811594203,0.5439275362318842,0.5604927536231884,0.371859375,0.5235625,0.562453125,0.017227031295946226,0.013972357067842889,0.011570047048939299,0.009840683349609376,0.011333839843749999,0.011777029052734374,0.35340625,0.40431249999999996,0.5233749999999999,0.014942481884057945,0.1396150362318842,0.037117753623188476,69,64,0.669420289855072,0.7315624999999996,69.17293233082707,133,23
1571,1571.0,0.3394507042253521,0.5479295774647888,0.5566338028169014,0.3711269841269842,0.5218412698412698,0.5650476190476191,0.0170829799642928,0.01442440349137076,0.011835527871454074,0.00997544419249181,0.011365784328546237,0.0124558231292517,0.3553809523809524,0.4101428571428571,0.5312539682539683,0.01593024815560029,0.13778672032193168,0.025379834562933135,71,63,0.6487323943661967,0.7423809523809523,69.21641791044776,134,23
1572,1572.0,0.3405633802816901,0.5478732394366197,0.5581971830985915,0.3706935483870968,0.521032258064516,0.5673064516129033,0.01686599246181313,0.014435659988097602,0.012192242808966473,0.010026954474505722,0.01161535379812695,0.012497083506763788,0.34972580645161294,0.40790322580645155,0.5272258064516131,0.009162426169922855,0.13997001363016814,0.030971376646978355,71,62,0.6426760563380277,0.7606451612903222,68.77443609022556,133,22
1573,1573.0,0.34164383561643835,0.5487123287671233,0.5558493150684931,0.3655483870967743,0.5177096774193548,0.5688548387096775,0.01647001013323325,0.014299574779508354,0.01220190880090073,0.009323312174817897,0.012368722164412073,0.012558769250780437,0.3442741935483872,0.40153225806451615,0.5346612903225807,0.0026303579319488235,0.14718007070260714,0.021188024745912415,73,62,0.6364383561643829,0.7593548387096771,68.9037037037037,135,21
1574,1574.0,0.3437866666666667,0.5543333333333333,0.5553733333333333,0.3667377049180328,0.5181147540983606,0.566327868852459,0.01644035448888889,0.014077768888888892,0.011854367288888888,0.009388455791453908,0.012561314700349366,0.01236874496103198,0.3408196721311476,0.3999672131147541,0.5311311475409837,0.002966994535519074,0.15436612021857926,0.024242185792349602,75,61,0.6501333333333328,0.7234426229508193,69.06617647058823,136,20
1575,1575.0,0.3470000000000001,0.552948051948052,0.5527532467532468,0.36611475409836064,0.5200655737704917,0.5686885245901641,0.016631584415584412,0.014029166132568733,0.012069562489458592,0.009238232733136252,0.012559012093523248,0.012219984950282179,0.34354098360655744,0.4014754098360656,0.5370819672131147,0.0034590163934426488,0.15147264211198636,0.015671279540132033,77,61,0.6558441558441553,0.6998360655737702,69.52173913043478,138,18
1576,1576.0,0.348775,0.5544125,0.5488999999999999,0.36611475409836064,0.5200655737704917,0.5686885245901641,0.016999874375,0.01376854234375,0.012257564999999998,0.009238232733136252,0.012559012093523248,0.012219984950282179,0.34354098360655744,0.4014754098360656,0.5370819672131147,0.005234016393442564,0.15293709016393436,0.011818032786885202,80,61,0.6632499999999995,0.6585245901639339,69.56737588652483,141,20
1577,1577.0,0.3498395061728395,0.5543703703703703,0.5510493827160493,0.36510000000000004,0.5194499999999999,0.5704333333333333,0.016880653254077123,0.01359870233196159,0.012475824721841182,0.00932939,0.012745214166666666,0.012237945555555553,0.3470000000000001,0.39451666666666674,0.5404166666666667,0.002839506172839401,0.15985370370370355,0.010632716049382651,81,60,0.6624691358024687,0.6694999999999995,69.8936170212766,141,19
1578,1578.0,0.35098780487804876,0.5526463414634145,0.5511341463414634,0.36632203389830514,0.5222033898305084,0.5684576271186441,0.01678159741225461,0.013673618828078523,0.012324262492563952,0.009397913243320887,0.01250636541223786,0.012211163458776212,0.3478813559322034,0.40077966101694923,0.5336949152542373,0.003106448945845386,0.15186668044646529,0.017439231087226115,82,59,0.6614634146341457,0.6691525423728809,70.54609929078015,141,21
1579,1579.0,0.3504444444444445,0.5507530864197531,0.5548641975308641,0.3650833333333334,0.5251833333333333,0.5655,0.017083777777777778,0.012868111873190065,0.01258347538484987,0.009331809722222221,0.012821849722222221,0.012523749999999998,0.34321666666666667,0.40765000000000007,0.5314500000000001,0.007227777777777833,0.143103086419753,0.023414197530864045,81,60,0.662592592592592,0.6674999999999996,70.39716312056737,141,21
1580,1580.0,0.3528974358974359,0.5517435897435897,0.5532692307692307,0.3642881355932203,0.5266779661016949,0.5708474576271185,0.01675042537804076,0.013163523997370152,0.012947683925049308,0.009325255960930767,0.012892014938236137,0.011821993679977019,0.3452542372881356,0.4124745762711864,0.534593220338983,0.007643198609300295,0.13926901347240334,0.01867601043024769,78,59,0.6502564102564098,0.705423728813559,69.94160583941606,137,20
1581,1581.0,0.3507721518987342,0.554379746835443,0.551367088607595,0.3614166666666667,0.52945,0.5740833333333334,0.016756783528280726,0.012826995032847304,0.013088991828232654,0.009512943055555558,0.012397314166666666,0.012096209722222223,0.35313333333333335,0.40186666666666665,0.5506999999999999,0.00236118143459918,0.15251308016877635,0.0006670886075951232,79,60,0.6355696202531641,0.7054999999999997,70.10071942446044,139,17
1582,1582.0,0.35227848101265824,0.5539999999999999,0.5532911392405063,0.3600491803278688,0.5302459016393443,0.5721967213114754,0.016569922448325586,0.012966126582278484,0.013095421567056561,0.009571194302606825,0.01243461166353131,0.012087305563020694,0.3391475409836066,0.4019508196721312,0.5515409836065573,0.01313094002905163,0.15204918032786874,0.0017501556339489799,79,61,0.646075949367088,0.7003278688524586,70.62857142857143,140,16
1583,1583.0,0.35067088607594943,0.5555189873417722,0.5587721518987343,0.3602063492063492,0.5282698412698412,0.5777777777777777,0.016253866367569297,0.012907920525556803,0.013046884794103509,0.009177687578735197,0.012308895439657344,0.01227722045855379,0.34730158730158733,0.40220634920634923,0.5694126984126983,0.003369298774362095,0.15331263813542295,0.010640546513963955,79,63,0.6255696202531642,0.6806349206349204,70.00704225352112,142,18
1584,1584.0,0.35616250000000005,0.552575,0.561975,0.360140625,0.5308125,0.574546875,0.01486463609375,0.012363644375000002,0.013648749375,0.009034558349609374,0.01252387109375,0.012743029052734372,0.34509375,0.405296875,0.566625,0.011068750000000072,0.14727812500000004,0.004650000000000043,80,64,0.6323749999999995,0.6698437499999996,70.02777777777777,144,18
1585,1585.0,0.3543717948717949,0.552846153846154,0.5622179487179488,0.3552727272727273,0.5259696969696971,0.5699545454545454,0.01491441305062459,0.012588463510848129,0.013988503780407627,0.009440046831955923,0.012869605142332416,0.012860043388429748,0.33760606060606063,0.398,0.5641515151515152,0.016765734265734245,0.15484615384615397,0.0019335664335663472,78,66,0.6138461538461533,0.6749999999999996,70.20138888888889,144,20
1586,1586.0,0.3562625,0.5507125,0.5602375,0.3513823529411765,0.52675,0.5719117647058823,0.01468399359375,0.01253685484375,0.013824156093750001,0.00967879498269896,0.012910363970588236,0.012987109861591694,0.3380735294117647,0.3986617647058823,0.5640294117647059,0.018188970588235265,0.15205073529411772,0.0037919117647058354,80,68,0.5989999999999994,0.6636764705882349,71.10135135135135,148,21
1587,1587.0,0.358367088607595,0.5460253164556963,0.5586202531645571,0.35173529411764703,0.5305,0.5701470588235295,0.014515523473802269,0.010937974042621373,0.013789906425252362,0.009615576989619375,0.012496926470588237,0.013350743079584771,0.3385294117647059,0.40874999999999995,0.5599852941176471,0.019837676842889063,0.13727531645569635,0.0013650409530899799,79,68,0.6022784810126576,0.6827941176470584,71.38775510204081,147,20
1588,1588.0,0.36015853658536584,0.5433536585365852,0.5510975609756097,0.3517391304347826,0.5285507246376812,0.5713623188405798,0.014042182183224268,0.011522618828078524,0.013550453896490185,0.009476221802142406,0.012574189455996636,0.013257680319260659,0.3396231884057972,0.4028260869565217,0.5660000000000001,0.020535348179568647,0.14052757158006352,0.014902439024390368,82,69,0.6156097560975604,0.6437681159420287,71.33112582781457,151,19
1589,1589.0,0.3588915662650602,0.5419759036144578,0.5501927710843373,0.3517285714285714,0.5297142857142857,0.5728857142857143,0.014004626796341993,0.011539445202496734,0.013454324285092174,0.009340854897959187,0.01248797551020408,0.01322841551020408,0.3415857142857144,0.4034285714285714,0.5712714285714287,0.01730585197934581,0.13854733218588638,0.021078657487091368,83,70,0.6131325301204813,0.6498571428571425,71.93464052287581,153,18
1590,1590.0,0.3608192771084337,0.5394819277108434,0.5499036144578313,0.34841428571428573,0.526142857142857,0.5728428571428573,0.013442292640441281,0.010892153287850195,0.013378014806212802,0.009526928367346938,0.01210889387755102,0.013226989591836732,0.3457285714285715,0.40798571428571423,0.5773285714285715,0.015090705679862204,0.13149621342512913,0.02742495697074021,83,70,0.6291566265060234,0.6375714285714282,71.83660130718954,153,18
1591,1591.0,0.3630470588235294,0.5392705882352941,0.5475882352941177,0.34801408450704224,0.5261408450704225,0.5730704225352115,0.013245056608996537,0.010308173840830449,0.013830971626297574,0.009403957548105534,0.011938346359849238,0.013044318984328507,0.3491267605633803,0.4072394366197183,0.5741549295774648,0.013920298260149067,0.13203115161557577,0.026566694283347125,85,71,0.6337647058823525,0.5926760563380278,71.7948717948718,156,20
1592,1592.0,0.3625595238095238,0.5387857142857142,0.5481071428571428,0.3463661971830985,0.5242112676056339,0.5703098591549296,0.013382532171201812,0.010410906462585036,0.013972738520408166,0.009742147589763939,0.011599096211069233,0.012168382860543541,0.34457746478873247,0.40140845070422543,0.5658873239436618,0.017982059020791308,0.13737726358148877,0.01778018108651902,84,71,0.6223809523809517,0.6202816901408448,71.69032258064516,155,19
1593,1593.0,0.3616265060240964,0.5390843373493975,0.5486265060240963,0.3462222222222222,0.5228333333333333,0.5697500000000001,0.013470643634780084,0.010528848308898244,0.014118426767310207,0.00960831172839506,0.011572805555555557,0.012021631944444444,0.3413333333333333,0.39905555555555555,0.5658888888888889,0.020293172690763084,0.14002878179384198,0.017262382864792536,83,72,0.6174698795180718,0.6287499999999996,72.29677419354839,155,18
1594,1594.0,0.35472289156626513,0.5389879518072289,0.5460361445783133,0.34742465753424656,0.5213835616438356,0.5715342465753426,0.013870272608506316,0.01099401190303382,0.014264083030918856,0.009580792268718335,0.011565606305122912,0.012086166635391254,0.344041095890411,0.3998767123287671,0.5716164383561644,0.010681795675854144,0.13911123947846182,0.025580293777851093,83,73,0.6389156626506018,0.6147945205479448,72.23076923076923,156,14
1595,1595.0,0.3596144578313253,0.537301204819277,0.5447349397590362,0.34742465753424656,0.5213835616438356,0.5715342465753426,0.014171899550007255,0.010663897227464074,0.014241664682827695,0.009580792268718335,0.011565606305122912,0.012086166635391254,0.344041095890411,0.3998767123287671,0.5716164383561644,0.015573361940914299,0.13742449249050992,0.026881498597128184,83,73,0.6455421686746982,0.612602739726027,73.22435897435898,156,15
1596,1596.0,0.3558000000000001,0.5362941176470589,0.548094117647059,0.3428666666666666,0.51376,0.5709333333333333,0.013409242352941173,0.011038842906574394,0.014479732318339099,0.00926432888888889,0.012030929066666664,0.012183235555555555,0.33893333333333336,0.3808533333333333,0.5711333333333333,0.016866666666666752,0.1554407843137256,0.023039215686274317,85,75,0.6402352941176465,0.5903999999999996,72.81875,160,16
1597,1597.0,0.3539397590361446,0.5371686746987951,0.5518433734939758,0.3453589743589743,0.5096794871794872,0.5683974358974359,0.013165430105966033,0.011268260705472493,0.014143023660908695,0.010009076265614727,0.011488474194608812,0.012336803583168967,0.34062820512820513,0.38279487179487176,0.5628205128205127,0.013311553907939477,0.15437380290392338,0.010977139326536878,83,78,0.6287951807228909,0.6011538461538458,72.45962732919254,161,14
1598,1598.0,0.3527875,0.5338499999999999,0.5528500000000001,0.3431710526315789,0.5108552631578948,0.5717631578947369,0.013406167343749997,0.0110646525,0.014372327499999999,0.010083878635734072,0.01171909747229917,0.012132654432132961,0.33823684210526317,0.38668421052631574,0.5653157894736841,0.014550657894736807,0.1471657894736842,0.012465789473684041,80,76,0.6138749999999994,0.6064473684210521,72.32051282051282,156,19
1599,1599.0,0.3527875,0.5338499999999999,0.5528500000000001,0.34312,0.5101066666666667,0.5691066666666666,0.013406167343749997,0.0110646525,0.014372327499999999,0.010189972266666668,0.011824601955555554,0.01190678862222222,0.33456,0.39624,0.5639866666666666,0.018227499999999952,0.13760999999999995,0.011136666666666573,80,75,0.6169999999999994,0.602933333333333,73.01935483870967,155,19
1600,1600.0,0.35206329113924056,0.5321139240506328,0.5547974683544303,0.3443013698630137,0.5031643835616437,0.5661917808219179,0.013533907386636757,0.010963594616247397,0.014250845056881909,0.010106183148808408,0.010723972978044661,0.01124220979545881,0.34079452054794523,0.3908904109589041,0.5594246575342466,0.01126877059129533,0.14122351309172876,0.0046271891798163045,79,73,0.6177215189873412,0.6210958904109585,73.13157894736842,152,18
1601,1601.0,0.3526623376623378,0.535896103896104,0.5534675324675324,0.345875,0.5076944444444444,0.5658888888888889,0.013818665204924946,0.01068253466014505,0.014296560634171026,0.010393276041666668,0.010768184413580247,0.010918487654320986,0.3446944444444444,0.39541666666666664,0.5558472222222223,0.007967893217893374,0.14047943722943734,0.002379689754689829,77,72,0.6240259740259734,0.6695833333333329,72.98657718120805,149,14
1602,1602.0,0.35046153846153855,0.536474358974359,0.5533333333333333,0.3444714285714286,0.5085000000000001,0.5578000000000002,0.013016376725838262,0.010543249342537805,0.014049581196581196,0.010583477755102039,0.010737507142857143,0.010982245714285715,0.34312857142857145,0.3839857142857143,0.5493,0.007332967032967097,0.1524886446886447,0.004033333333333333,78,70,0.6205128205128199,0.7007142857142853,72.50675675675676,148,13
1603,1603.0,0.35046153846153855,0.536474358974359,0.5533333333333333,0.3444714285714286,0.5085000000000001,0.5578000000000002,0.013016376725838262,0.010543249342537805,0.014049581196581196,0.010583477755102039,0.010737507142857143,0.010982245714285715,0.34312857142857145,0.3839857142857143,0.5493,0.007332967032967097,0.1524886446886447,0.004033333333333333,78,70,0.6133333333333327,0.7092857142857139,73.50675675675676,148,15
1604,1604.0,0.3488311688311688,0.5350389610389611,0.5555324675324674,0.3479324324324324,0.5109324324324324,0.5566351351351351,0.01305211435317929,0.010578686793725752,0.014173833361443752,0.011150765704894086,0.010282090029218408,0.010943880387143898,0.3528648648648649,0.39068918918918927,0.5554459459459459,0.004033696033696077,0.14434977184977182,8.652158652155961e-05,77,74,0.6149350649350644,0.6732432432432429,72.70198675496688,151,15
1605,1605.0,0.35027631578947366,0.5349605263157895,0.5550131578947369,0.3479324324324324,0.5109324324324324,0.5566351351351351,0.013063042070637116,0.0107174063365651,0.014339565616343489,0.011150765704894086,0.010282090029218408,0.010943880387143898,0.3528648648648649,0.39068918918918927,0.5554459459459459,0.0025885490753912443,0.14427133712660023,0.00043278805120894326,76,74,0.6119736842105257,0.6802702702702698,73.40666666666667,150,15
1606,1606.0,0.34791999999999995,0.5338666666666667,0.5573733333333333,0.34248648648648644,0.5128378378378378,0.5577297297297297,0.012815246933333331,0.01076936888888889,0.01410740728888889,0.01107135792549306,0.010402568298027758,0.010876710737764791,0.3488783783783784,0.3911216216216216,0.5546756756756757,0.0009583783783784217,0.1427450450450451,0.002697657657657615,75,74,0.5810666666666661,0.6778378378378374,73.44295302013423,149,19
1607,1607.0,0.3558142857142857,0.5387571428571429,0.5599285714285713,0.340695652173913,0.5090434782608694,0.5513478260869564,0.01241377979591837,0.01091818387755102,0.014550866326530614,0.01021896534341525,0.01058557781978576,0.010621676118462507,0.3421159420289856,0.3858840579710145,0.5451739130434783,0.013698343685300096,0.15287308488612844,0.014754658385093045,70,69,0.6018571428571424,0.6985507246376808,72.50359712230215,139,21
1608,1608.0,0.353056338028169,0.5393380281690142,0.5566901408450703,0.33920588235294113,0.5076323529411764,0.5518088235294117,0.012771377107716721,0.010788026582027377,0.015080044832374528,0.010216104671280276,0.010603850129757786,0.010763213451557093,0.3382794117647059,0.3833823529411765,0.5446911764705883,0.014776926263463108,0.1559556752278377,0.011998964374482002,71,68,0.6046478873239429,0.6986764705882349,72.97841726618705,139,21
1609,1609.0,0.35304054054054057,0.5391216216216216,0.5556756756756757,0.33925757575757576,0.5080757575757576,0.5512575757575757,0.012274984842951059,0.010762160883856831,0.014694786705624543,0.010523403351698804,0.01084573668503214,0.011078766988062443,0.3391363636363636,0.37589393939393934,0.5365151515151516,0.013904176904176946,0.16322768222768225,0.01916052416052405,74,66,0.6298648648648643,0.6974242424242421,72.67857142857143,140,16
1610,1610.0,0.34975000000000006,0.5372631578947368,0.5595657894736842,0.34185714285714286,0.5078000000000001,0.5555142857142856,0.01152371381578947,0.011789588642659282,0.014228035145429358,0.01053286530612245,0.010408302857142858,0.011214335510204081,0.3471285714285714,0.3863142857142856,0.5435428571428572,0.0026214285714286634,0.15094887218045117,0.016022932330826967,76,70,0.6203947368421048,0.6572857142857139,72.72602739726027,146,14
1611,1611.0,0.34892000000000006,0.5378933333333332,0.5607199999999999,0.34197222222222223,0.506138888888889,0.554375,0.011625006933333333,0.011916601955555554,0.014316494933333335,0.010241193672839505,0.010274536265432099,0.011067428819444444,0.33748611111111115,0.38070833333333337,0.5392638888888889,0.01143388888888891,0.15718499999999985,0.02145611111111101,75,72,0.6141333333333328,0.6515277777777774,73.17006802721089,147,14
1612,1612.0,0.34453333333333336,0.5407066666666667,0.5638933333333334,0.3412266666666666,0.5005733333333334,0.5556666666666666,0.011000995555555554,0.011905433955555555,0.014285268622222222,0.009819535288888886,0.009884031288888886,0.010642088888888887,0.33257333333333333,0.36930666666666667,0.54208,0.011960000000000026,0.1714,0.02181333333333335,75,75,0.6047999999999994,0.6367999999999997,72.36666666666666,150,14
1613,1613.0,0.3471081081081081,0.5405405405405406,0.5636891891891892,0.33937662337662333,0.5017662337662337,0.5584545454545454,0.01065244777209642,0.012064248356464573,0.014475187180423666,0.009827481531455557,0.00989812717152977,0.010831780401416765,0.3263766233766233,0.36849350649350654,0.5358571428571428,0.020731484731484784,0.17204703404703403,0.02783204633204639,74,77,0.5885135135135129,0.6241558441558437,72.66225165562913,151,17
1614,1614.0,0.34755405405405404,0.5416756756756758,0.5630540540540541,0.33937662337662333,0.5017662337662337,0.5584545454545454,0.010786382213294372,0.012168435354273192,0.014544888970051132,0.009827481531455557,0.00989812717152977,0.010831780401416765,0.3263766233766233,0.36849350649350654,0.5358571428571428,0.02117743067743072,0.17318216918216922,0.027196911196911255,74,77,0.5891891891891886,0.6405194805194802,73.47682119205298,151,15
1615,1615.0,0.3475068493150685,0.5424657534246575,0.5605616438356165,0.3364415584415585,0.5019090909090909,0.560064935064935,0.010933975980484142,0.012288933758678929,0.014284437980859446,0.009879779052116715,0.009874030696576152,0.010686008770450327,0.3181818181818182,0.3658701298701299,0.5363246753246753,0.0293250311332503,0.17659562355452763,0.024236968510941148,73,77,0.5850684931506842,0.6506493506493503,73.46666666666667,150,14
1616,1616.0,0.3485972222222222,0.5390555555555555,0.5631944444444444,0.3385810810810811,0.5007432432432433,0.5587702702702704,0.010999046103395062,0.011610663580246915,0.013976823302469136,0.010113621804236668,0.010188731373265156,0.011072122899926953,0.3218108108108108,0.3698513513513513,0.5386486486486486,0.026786411411411415,0.16920420420420423,0.024545795795795855,72,74,0.5868055555555549,0.6525675675675671,73.81506849315069,146,17
1617,1617.0,0.34991549295774654,0.5406056338028168,0.5644225352112676,0.3371408450704226,0.5028591549295776,0.5566901408450703,0.011028837928982344,0.011601196587978575,0.014065089069629041,0.009243895655623885,0.010239473120412615,0.011972016663360443,0.3208309859154929,0.3731549295774648,0.5399577464788732,0.029084507042253627,0.16745070422535197,0.024464788732394438,71,71,0.5798591549295768,0.6704225352112674,73.72535211267606,142,18
1618,1618.0,0.35045714285714286,0.5378999999999999,0.5670428571428571,0.3395571428571429,0.5050428571428572,0.5579714285714285,0.011165562448979592,0.011247175714285712,0.013778526734693876,0.008961418163265306,0.01004718387755102,0.012026484897959183,0.32541428571428566,0.3771285714285714,0.5397,0.0250428571428572,0.1607714285714285,0.027342857142857113,70,70,0.5705714285714278,0.6741428571428566,74.69285714285714,140,22
1619,1619.0,0.34855714285714284,0.5328714285714286,0.5628000000000001,0.3409428571428572,0.5041714285714285,0.5547714285714285,0.01131887530612245,0.01126019775510204,0.014166417142857145,0.008837396734693876,0.009813827755102042,0.011504062040816323,0.32459999999999994,0.37214285714285716,0.5413714285714285,0.0239571428571429,0.1607285714285714,0.021428571428571574,70,70,0.6001428571428568,0.6449999999999996,74.87857142857143,140,23
1620,1620.0,0.3478450704225352,0.5325352112676055,0.5628169014084508,0.34124637681159425,0.503855072463768,0.5542753623188407,0.011274046419361236,0.011120333267208888,0.014102656615750844,0.008959026254988447,0.009949051459777357,0.011653561856752781,0.3207971014492753,0.372391304347826,0.5441159420289854,0.027047968973259895,0.16014390691977948,0.018700959379465365,71,69,0.6505633802816894,0.6605797101449271,75.08571428571429,140,15
1621,1621.0,0.3481571428571429,0.5309857142857143,0.5605857142857144,0.34070000000000006,0.5027,0.5531142857142858,0.01082373244897959,0.010365585510204079,0.013930528367346939,0.008851638571428571,0.009898981428571428,0.011580101224489797,0.31758571428571425,0.3705285714285714,0.5431857142857142,0.030571428571428638,0.1604571428571429,0.017400000000000193,70,70,0.6517142857142851,0.6521428571428567,75.57857142857142,140,16
1622,1622.0,0.3489444444444445,0.5289166666666667,0.5590972222222221,0.34070000000000006,0.5027,0.5531142857142858,0.01061844135802469,0.010229993055555555,0.013624476658950616,0.008851638571428571,0.009898981428571428,0.011580101224489797,0.31758571428571425,0.3705285714285714,0.5431857142857142,0.03135873015873025,0.15838809523809533,0.015911507936507974,72,70,0.6544444444444437,0.6478571428571424,76.79577464788733,142,16
1623,1623.0,0.3449710144927537,0.5296811594202899,0.5615507246376812,0.3370144927536233,0.506144927536232,0.5478695652173914,0.01014637597143457,0.010585318630539802,0.013821522789329974,0.008854912833438354,0.0099943268220962,0.011684461247637052,0.3066231884057971,0.3771884057971014,0.5323478260869564,0.03834782608695658,0.15249275362318854,0.029202898550724776,69,69,0.6357971014492747,0.6602898550724633,76.65942028985508,138,17
1624,1624.0,0.3431571428571428,0.5277714285714287,0.5569428571428573,0.3387611940298507,0.506910447761194,0.5482985074626866,0.009757018163265305,0.00974471918367347,0.01416768244897959,0.009008539986633994,0.008821096458008463,0.011420746714190242,0.3095671641791045,0.37631343283582086,0.5274626865671641,0.03358997867803831,0.1514579957356078,0.029480170575693188,70,67,0.6188571428571423,0.6620895522388054,76.78832116788321,137,17
1625,1625.0,0.34094202898550724,0.5297536231884059,0.5525217391304349,0.33759090909090905,0.5052272727272727,0.5501515151515152,0.00985022852341945,0.00942540306658265,0.013669553875236294,0.009083817493112949,0.009457721074380167,0.01211718916437098,0.3065454545454545,0.37442424242424244,0.539530303030303,0.03439657444005273,0.15532938076416347,0.01299143610013187,69,66,0.6373913043478255,0.6689393939393935,76.82962962962964,135,16
1626,1626.0,0.3396323529411764,0.5285147058823529,0.5535882352941177,0.339235294117647,0.5049999999999999,0.5517941176470589,0.009876732482698963,0.009458102724913493,0.013792095155709342,0.009110944636678203,0.009222617647058822,0.011938810553633215,0.3076470588235294,0.37592647058823525,0.5368676470588235,0.031985294117647,0.1525882352941177,0.01672058823529421,68,68,0.6361764705882347,0.6563235294117642,77.09558823529412,136,19
1627,1627.0,0.34234285714285706,0.5256714285714287,0.5581714285714288,0.33992537313432836,0.5030149253731343,0.551179104477612,0.00993879673469388,0.009704563469387755,0.014573056326530612,0.009214546669636892,0.009092313210069057,0.012091281354421921,0.30958208955223876,0.37479104477611935,0.5415074626865671,0.0327607675906183,0.15088038379530933,0.01666396588486163,70,67,0.6471428571428566,0.6638805970149249,78.16788321167883,137,17
1628,1628.0,0.34672058823529417,0.5207205882352941,0.5626176470588237,0.339281690140845,0.5014084507042252,0.5486901408450705,0.009680789576124567,0.008934701340830449,0.014450824394463668,0.008928399523903986,0.009623875421543344,0.011861481452092839,0.31054929577464785,0.37229577464788727,0.5384788732394367,0.03617129246064632,0.14842481358740683,0.024138773819387005,68,71,0.6251470588235288,0.6484507042253519,76.77697841726619,139,18
1629,1629.0,0.3421449275362318,0.5229710144927536,0.5562028985507247,0.33588888888888885,0.5041111111111111,0.5494999999999999,0.010493892039487503,0.008969651333753412,0.013720306658265069,0.009621682098765431,0.010008820987654321,0.011743305555555552,0.30672222222222223,0.38006944444444446,0.5417916666666667,0.035422705314009595,0.14290157004830917,0.014411231884058018,69,72,0.6224637681159415,0.6648611111111106,76.80141843971631,141,15
1630,1630.0,0.3420441176470588,0.5254264705882353,0.5551176470588235,0.3344722222222222,0.5002777777777777,0.5497361111111112,0.010647512759515573,0.008685538711072664,0.013840809688581313,0.00952749922839506,0.009919172839506172,0.011568166473765431,0.30395833333333333,0.3676666666666667,0.5413333333333333,0.038085784313725446,0.15775980392156863,0.01378431372549016,68,72,0.6107352941176465,0.6515277777777774,76.35714285714286,140,20
1631,1631.0,0.34189393939393936,0.5196515151515152,0.5527878787878787,0.33311111111111114,0.4978749999999999,0.5492222222222222,0.010856640266299358,0.007814560376492195,0.013506924701561064,0.009695709876543212,0.010210276041666666,0.011567117283950617,0.3018194444444445,0.3647361111111111,0.5445694444444444,0.04007449494949489,0.1549154040404041,0.008218434343434278,66,72,0.6104545454545449,0.6634722222222218,76.2463768115942,138,21
1632,1632.0,0.340171875,0.5218437499999999,0.5528125,0.3306197183098591,0.49778873239436616,0.5506056338028168,0.011029017333984375,0.007858538085937498,0.013927871093749999,0.0096465736956953,0.009762504661773454,0.011757675461218012,0.30038028169014086,0.3789859154929577,0.5538732394366198,0.03979159330985915,0.14285783450704226,0.001060739436619773,64,71,0.6012499999999994,0.6870422535211265,75.34814814814816,135,20
1633,1633.0,0.3426166666666666,0.5174,0.5461166666666666,0.33062162162162156,0.4965000000000001,0.5543378378378379,0.011213769722222221,0.008372273333333331,0.013807803055555555,0.009793883856829803,0.009559358108108108,0.01223741289262235,0.3037837837837838,0.38347297297297295,0.5559324324324324,0.038832882882882835,0.13392702702702702,0.009815765765765816,60,74,0.5998333333333329,0.6906756756756753,74.29850746268657,134,19
1634,1634.0,0.3437666666666666,0.5165666666666666,0.5500333333333333,0.33247297297297296,0.4922837837837838,0.5604864864864865,0.011267378888888891,0.008488912222222221,0.015001798888888888,0.009363735756026297,0.010548770818115411,0.01314708765522279,0.30989189189189187,0.3837432432432432,0.5633108108108108,0.03387477477477474,0.1328234234234234,0.01327747747747754,60,74,0.5849999999999994,0.6799999999999996,73.73880597014926,134,22
1635,1635.0,0.3431166666666667,0.51475,0.5446500000000001,0.32882894736842105,0.49557894736842106,0.5635526315789473,0.011355703055555555,0.008493120833333334,0.01530156083333333,0.010446168109418284,0.011816085872576177,0.013189799861495844,0.3120263157894737,0.3892631578947368,0.5623157894736842,0.031090350877192974,0.12548684210526323,0.017665789473684135,60,76,0.5861666666666658,0.6865789473684206,72.46323529411765,136,18
1636,1636.0,0.3458571428571428,0.51475,0.5444464285714287,0.3269358974358974,0.4962179487179488,0.5639358974358973,0.011465336734693878,0.008028008928571428,0.016217568558673467,0.010630418967784354,0.011945452498356343,0.013148008711374096,0.3045897435897436,0.39212820512820507,0.5635641025641026,0.041267399267399196,0.12262179487179498,0.019117673992673945,56,78,0.5671428571428565,0.6982051282051278,71.94776119402985,134,18
1637,1637.0,0.3483846153846154,0.5160769230769231,0.5316730769230771,0.32817948717948714,0.4975769230769232,0.562128205128205,0.010963236686390532,0.0070316094674556205,0.014056796967455624,0.010794429322813937,0.012076192800788955,0.012820932281393822,0.30583333333333335,0.39556410256410257,0.5599358974358974,0.04255128205128206,0.12051282051282053,0.028262820512820364,52,78,0.582115384615384,0.7010256410256407,71.45384615384616,130,17
1638,1638.0,0.34884313725490196,0.5174313725490197,0.532372549019608,0.3290625,0.49651249999999997,0.5681875,0.011167269511726257,0.007074088427527873,0.014306978854286811,0.01070128359375,0.011832874843749999,0.01406735234375,0.3096375,0.39542499999999997,0.5684250000000001,0.03920563725490195,0.12200637254901975,0.036052450980392114,51,80,0.6019607843137248,0.6989999999999996,71.70992366412214,131,16
1639,1639.0,0.3412745098039216,0.514078431372549,0.5342745098039217,0.32874683544303795,0.49512658227848105,0.5632911392405063,0.011531454056132257,0.0068880330642060745,0.01430765013456363,0.010877075148213424,0.011849097900977405,0.01394296587085403,0.30027848101265825,0.3886075949367089,0.5575569620253165,0.04099602879126335,0.12547083643584017,0.0232824522213948,51,79,0.6250980392156856,0.6806329113924047,71.18461538461538,130,16
1640,1640.0,0.34088,0.51188,0.5333000000000001,0.3255512820512821,0.4944230769230769,0.5647948717948719,0.011754145599999998,0.006779305599999999,0.01454537,0.010209811472715321,0.011961910749506902,0.013943086127547666,0.29492307692307695,0.3848974358974359,0.5563589743589744,0.04595692307692306,0.1269825641025641,0.023058974358974305,50,78,0.6277999999999992,0.685384615384615,71.5859375,128,18
1641,1641.0,0.3403529411764706,0.5064705882352941,0.5384509803921569,0.3222962962962963,0.4975061728395062,0.56979012345679,0.01143873817762399,0.006855464821222606,0.014014129950019227,0.010389517146776404,0.011704570949550372,0.014180610272824266,0.2940617283950618,0.3935925925925926,0.5608024691358026,0.0462912127814088,0.11287799564270151,0.022351488743645676,51,81,0.616274509803921,0.6848148148148144,71.63636363636364,132,16
1642,1642.0,0.33732,0.50618,0.53748,0.3235443037974684,0.49696202531645567,0.567658227848101,0.011198377599999998,0.006988267599999999,0.014246329599999998,0.010439361961224162,0.011642340330075307,0.014216908508251882,0.30149367088607604,0.3889493670886076,0.5586708860759494,0.03582632911392397,0.11723063291139235,0.021190886075949433,50,79,0.6371999999999992,0.6877215189873414,71.75193798449612,129,14
1643,1643.0,0.3388541666666667,0.5042291666666667,0.5436875,0.32425316455696207,0.4939620253164557,0.5687974683544302,0.010783624565972224,0.007153926649305555,0.013734006510416666,0.010389885274795707,0.01143211248197404,0.014223224803717353,0.30574683544303793,0.37801265822784813,0.5595822784810127,0.033107331223628744,0.1262165084388186,0.015894778481012728,48,79,0.607291666666666,0.6983544303797466,71.4724409448819,127,16
1644,1644.0,0.33799999999999997,0.5028723404255319,0.5444468085106384,0.32442857142857146,0.4932597402597403,0.5689090909090908,0.010640255319148938,0.007391260298777726,0.014082545043005887,0.010445803339517624,0.011703724742789677,0.01436509563164109,0.30405194805194813,0.3783766233766234,0.56287012987013,0.03394805194805184,0.12449571704890844,0.01842332135949154,47,77,0.6261702127659569,0.6848051948051943,70.79838709677419,124,17
1645,1645.0,0.34227083333333336,0.5066041666666666,0.5459791666666667,0.3282692307692308,0.4914615384615385,0.5713333333333334,0.011127364149305555,0.007922239149305553,0.013660353732638889,0.010863171104536492,0.012058248520710057,0.013477914529914528,0.31384615384615383,0.3818461538461539,0.5705384615384618,0.028424679487179527,0.12475801282051274,0.02455929487179509,48,78,0.6656249999999994,0.6764102564102561,70.80952380952381,126,15
1646,1646.0,0.34520833333333334,0.5104791666666667,0.54675,0.32506493506493506,0.4926493506493507,0.568974025974026,0.011137706597222222,0.007290291232638889,0.013677520833333331,0.01133317760161916,0.012337656265812107,0.0138947785461292,0.3185454545454545,0.3897922077922078,0.5756753246753248,0.02666287878787882,0.1206869588744589,0.028925324675324826,48,77,0.6781249999999993,0.6702597402597397,71.32,125,17
1647,1647.0,0.34214285714285714,0.51,0.5474285714285714,0.32492105263157894,0.49353947368421053,0.5694868421052631,0.011361469387755101,0.007152530612244898,0.013420489795918367,0.01148070429362881,0.012438985283933519,0.014057355090027701,0.3212763157894737,0.3918684210526316,0.5758026315789475,0.02086654135338345,0.11813157894736842,0.028374060150376135,49,76,0.669183673469387,0.6973684210526312,72.064,125,16
1648,1648.0,0.34214285714285714,0.51,0.5474285714285714,0.32518918918918915,0.49247297297297304,0.567554054054054,0.011361469387755101,0.007152530612244898,0.013420489795918367,0.011610937180423669,0.01269495197224251,0.013886436267348432,0.3128108108108108,0.38728378378378375,0.5693783783783785,0.029332046332046335,0.12271621621621626,0.021949806949807082,49,74,0.6593877551020402,0.6951351351351348,72.4308943089431,123,19
1649,1649.0,0.3486458333333333,0.5056666666666667,0.5437291666666667,0.32236986301369863,0.4907534246575342,0.568958904109589,0.010025353732638888,0.007661388888888888,0.013733322482638888,0.011678753612310005,0.012705117282792265,0.014323354475511352,0.31347945205479455,0.38553424657534247,0.5703287671232877,0.03516638127853877,0.12013242009132424,0.02659960045662102,48,73,0.6449999999999992,0.7138356164383558,71.48760330578513,121,16
1650,1650.0,0.3488775510204081,0.5058571428571429,0.541795918367347,0.32395890410958905,0.4905205479452055,0.5685753424657535,0.009823331945022908,0.007506775510204081,0.01363244814660558,0.011992861324826423,0.012695400262713454,0.014493477200225181,0.31531506849315066,0.38580821917808217,0.5689041095890411,0.033562482527257465,0.12004892367906073,0.027108191221694167,49,73,0.6642857142857135,0.7069863013698626,71.76229508196721,122,17
1651,1651.0,0.35038775510204084,0.5023061224489795,0.542795918367347,0.3245416666666666,0.49293055555555554,0.5693472222222221,0.00957676801332778,0.007855355268638066,0.013394856309870886,0.012548859375,0.012637786844135801,0.014549671103395063,0.32787499999999997,0.39143055555555556,0.5726388888888889,0.02251275510204087,0.11087556689342398,0.029842970521541945,49,72,0.6728571428571422,0.7005555555555552,70.5702479338843,121,19
1652,1652.0,0.35024999999999995,0.5045625,0.542125,0.32498666666666665,0.49476,0.5642,0.009775354166666667,0.0077695377604166645,0.013651859374999999,0.012416653155555556,0.012301649066666665,0.014412879999999998,0.32244,0.3945066666666666,0.5607466666666666,0.027809999999999946,0.11005583333333341,0.018621666666666647,48,75,0.6531249999999993,0.689733333333333,70.08943089430895,123,20
1653,1653.0,0.3486122448979592,0.500265306122449,0.5403265306122449,0.3244805194805195,0.49455844155844153,0.5646103896103897,0.00923542107455227,0.007994317367763432,0.013092464806330693,0.012276275594535336,0.011986246584584245,0.014259926125822229,0.31467532467532466,0.3923766233766233,0.5522077922077923,0.03393692022263456,0.10788868274582569,0.011881261595547365,49,77,0.6102040816326525,0.6614285714285709,70.56349206349206,126,23
1654,1654.0,0.34842857142857137,0.4945102040816327,0.541,0.3251948051948052,0.4954805194805193,0.5661298701298703,0.00924057142857143,0.008136902957101207,0.012973714285714283,0.012284364648338677,0.011918898971158713,0.014156996120762357,0.31614285714285717,0.3892337662337662,0.5511688311688312,0.032285714285714195,0.1052764378478665,0.01016883116883116,49,77,0.6534693877551013,0.6733766233766231,71.21428571428571,126,19
1655,1655.0,0.35036,0.49394000000000005,0.53808,0.32792207792207795,0.4973766233766235,0.5601558441558442,0.0092671504,0.0082936964,0.012610633599999999,0.012439812109967955,0.01221478023275426,0.013827897790521172,0.32235064935064933,0.39372727272727276,0.5478311688311688,0.028009350649350673,0.10021272727272729,0.009751168831168777,50,77,0.6355999999999994,0.6525974025974022,70.64566929133858,127,22
1656,1656.0,0.3520980392156863,0.496235294117647,0.5304313725490196,0.33276315789473687,0.4951842105263158,0.5601447368421053,0.009105343329488659,0.009088611303344866,0.013806559015763168,0.01336233864265928,0.012114176592797782,0.014034571156509693,0.32677631578947364,0.40177631578947376,0.5465921052631578,0.02532172342621264,0.09445897832817324,0.016160732714138204,51,76,0.6298039215686269,0.6765789473684206,70.48031496062993,127,18
1657,1657.0,0.35428846153846155,0.496826923076923,0.5264230769230769,0.3321052631578948,0.4960789473684211,0.5590526315789475,0.008884012943786983,0.009082066198224851,0.012821436390532542,0.013214225761772853,0.012087993767313017,0.014021681440443216,0.3285526315789474,0.40256578947368427,0.5492368421052631,0.025735829959514178,0.09426113360323873,0.022813765182186252,52,76,0.622115384615384,0.6571052631578943,70.296875,128,20
1658,1658.0,0.3514528301886793,0.4962452830188679,0.5277547169811321,0.3321298701298702,0.4952857142857144,0.557948051948052,0.009134511925952297,0.008928298326806692,0.012671732289070842,0.013042658458424693,0.011978827458256028,0.013932308989711586,0.325025974025974,0.3985714285714286,0.5466753246753246,0.026426856162705292,0.09767385444743931,0.01892060769419257,53,77,0.6199999999999993,0.6671428571428567,71.20769230769231,130,19
1659,1659.0,0.3515925925925927,0.49542592592592594,0.5313333333333333,0.3321298701298702,0.4952857142857144,0.557948051948052,0.008966389574759944,0.008798540809327845,0.013115814814814811,0.013042658458424693,0.011978827458256028,0.013932308989711586,0.325025974025974,0.3985714285714286,0.5466753246753246,0.026566618566618683,0.09685449735449736,0.015341991341991323,54,77,0.6203703703703697,0.6575324675324672,72.16030534351145,131,22
1660,1660.0,0.3515925925925927,0.49542592592592594,0.5313333333333333,0.3321298701298702,0.4952857142857144,0.557948051948052,0.008966389574759944,0.008798540809327845,0.013115814814814811,0.013042658458424693,0.011978827458256028,0.013932308989711586,0.325025974025974,0.3985714285714286,0.5466753246753246,0.026566618566618683,0.09685449735449736,0.015341991341991323,54,77,0.6096296296296289,0.6894805194805191,73.16030534351145,131,21
1661,1661.0,0.3600545454545455,0.4981272727272727,0.5289272727272728,0.3306133333333333,0.49365333333333333,0.56256,0.009945215206611572,0.008567820165289258,0.013288140165289253,0.013009730488888888,0.011252519822222222,0.01467909973333333,0.33836,0.40203999999999995,0.5542,0.021694545454545522,0.09608727272727274,0.025272727272727225,55,75,0.6234545454545448,0.6811999999999996,72.11538461538461,130,20
1662,1662.0,0.3568888888888888,0.4953148148148148,0.5297407407407407,0.3299736842105263,0.49246052631578946,0.5612236842105262,0.010030543209876544,0.008748993484224966,0.013488858710562416,0.012869236149584488,0.011211169494459832,0.014619884175900275,0.3428157894736842,0.3989078947368421,0.5555526315789475,0.014073099415204626,0.09640692007797275,0.025811890838206786,54,76,0.626481481481481,0.6649999999999995,72.1923076923077,130,23
1663,1663.0,0.3507924528301887,0.4874150943396226,0.5373396226415094,0.335253164556962,0.49456962025316453,0.5597468354430378,0.009542730509077965,0.0077951484514061945,0.013622677109291565,0.013316796667200773,0.01091682743150136,0.014204746034289376,0.35058227848101264,0.4014810126582278,0.556101265822785,0.00021017434917602884,0.08593408168139482,0.0187616431812756,53,79,0.6290566037735843,0.6401265822784806,71.37121212121212,132,24
1664,1664.0,0.3556481481481481,0.4872962962962963,0.5333888888888888,0.3392337662337663,0.49594805194805186,0.5563246753246752,0.009971931755829904,0.008325615912208506,0.01266497839506173,0.013082438859841459,0.010366360937763533,0.014297232248271211,0.35379220779220777,0.40397402597402604,0.5481428571428572,0.0018559403559403331,0.08332227032227024,0.014753968253968353,54,77,0.621666666666666,0.6268831168831165,71.64885496183206,131,26
1665,1665.0,0.36074,0.48595999999999995,0.53264,0.3362763157894737,0.4948026315789473,0.5595394736842106,0.009544832400000001,0.008840638400000003,0.011357790400000001,0.01286741049168975,0.010502789993074793,0.014201011599722988,0.3478421052631579,0.4049078947368421,0.5476973684210528,0.012897894736842108,0.08105210526315787,0.015057368421052764,50,76,0.6365999999999994,0.6605263157894733,70.87301587301587,126,23
1666,1666.0,0.3643265306122449,0.4826122448979592,0.5314285714285714,0.33853947368421056,0.49596052631578935,0.5606842105263157,0.009096464806330697,0.008460686380674721,0.011516204081632654,0.01288819581024931,0.010835380020775623,0.013874505540166204,0.3546052631578948,0.40268421052631576,0.5521842105263158,0.009721267454350091,0.07992803437164342,0.02075563909774447,49,76,0.6459183673469382,0.6807894736842101,71.432,125,21
1667,1667.0,0.36181250000000004,0.4824791666666666,0.5356666666666666,0.3407922077922078,0.496116883116883,0.5632987012987012,0.009034194010416668,0.008553582899305558,0.010836638888888889,0.012698710069151627,0.010738596727947377,0.013515092595715974,0.3654805194805196,0.40111688311688304,0.5608311688311689,0.0036680194805195354,0.08136228354978359,0.025164502164502278,48,77,0.6293749999999995,0.6990909090909087,70.904,125,20
1668,1668.0,0.3626875,0.4847708333333333,0.534625,0.3437974683544304,0.4978354430379746,0.561873417721519,0.008888506510416668,0.008527801649305557,0.010593192708333332,0.013577402018907225,0.010598896971639162,0.01327707258452171,0.3696835443037975,0.4111265822784809,0.5582151898734178,0.006996044303797522,0.0736442510548524,0.023590189873417766,48,79,0.6039583333333328,0.6948101265822781,71.49606299212599,127,22
1669,1669.0,0.36139130434782607,0.4884130434782609,0.5381521739130434,0.33915584415584416,0.49603896103896106,0.5617012987012988,0.009119325141776937,0.008577416351606807,0.010611433364839318,0.012821352335975714,0.011059959520998483,0.013557118569741945,0.3633636363636364,0.41529870129870133,0.5586623376623377,0.0019723320158103186,0.07311434217955959,0.020510163749294374,46,77,0.6134782608695647,0.7209090909090905,71.09756097560975,123,18
1670,1670.0,0.3610638297872341,0.4898510638297873,0.5482978723404255,0.33815384615384614,0.4942820512820513,0.5599102564102565,0.008929038478949752,0.008061105477591672,0.011949400633770937,0.01273428402366864,0.01115584352399737,0.013630312458908613,0.3597435897435898,0.41073076923076923,0.5548846153846154,0.0013202400436443384,0.07912029459901809,0.0065867430441899355,47,78,0.6099999999999994,0.7015384615384611,71.464,125,21
1671,1671.0,0.3606170212765958,0.49357446808510647,0.5428723404255319,0.3381428571428572,0.49379220779220784,0.5587012987012988,0.008912363965595292,0.008230797645993665,0.013317558171118151,0.012955057513914656,0.011244969809411368,0.014009170517793896,0.36083116883116884,0.41768831168831166,0.5535974025974028,0.000214147554573052,0.0758861563967948,0.010725062171870858,47,77,0.5921276595744676,0.7416883116883112,71.62096774193549,124,18
1672,1672.0,0.35767999999999994,0.49726000000000004,0.54086,0.34139506172839507,0.49206172839506174,0.5646049382716049,0.010199017600000002,0.008522632400000002,0.0128528404,0.01253270812376162,0.010908156683432405,0.014461201950922117,0.3642716049382716,0.41475308641975306,0.5635679012345679,0.006591604938271656,0.08250691358024698,0.022707901234567895,50,81,0.5745999999999997,0.714444444444444,70.77099236641222,131,17
1673,1673.0,0.35878846153846156,0.4953653846153846,0.5447692307692308,0.33909756097560984,0.48886585365853663,0.566158536585366,0.009762936020710062,0.00859530880177515,0.013783639053254436,0.012628161213563357,0.010638530785246878,0.014195865110053541,0.3712560975609756,0.41176829268292675,0.5633780487804878,0.01246763602251405,0.08359709193245785,0.018608818011257022,52,82,0.5776923076923073,0.6924390243902435,70.67164179104478,134,17
1674,1674.0,0.3576153846153846,0.4940576923076923,0.5439230769230768,0.3405185185185185,0.4887654320987655,0.5671111111111111,0.009698890532544382,0.008618092825443789,0.013767301775147926,0.01261849657064472,0.010769043743331808,0.014296716049382714,0.3758395061728395,0.41154320987654325,0.5695925925925927,0.018224121557454898,0.08251448243114906,0.025669515669515808,52,81,0.580961538461538,0.7099999999999994,70.94736842105263,133,17
1675,1675.0,0.3576153846153846,0.4940576923076923,0.5439230769230768,0.33981707317073173,0.4879024390243902,0.5654024390243902,0.009698890532544382,0.008618092825443789,0.013767301775147926,0.012541808001189767,0.011117161213563355,0.014382020969660916,0.37414634146341463,0.4128658536585366,0.5657439024390244,0.01653095684803002,0.08119183864915569,0.02182082551594755,52,82,0.5715384615384609,0.7160975609756093,70.61940298507463,134,17
1676,1676.0,0.35648076923076927,0.4917692307692307,0.5457115384615385,0.34112790697674417,0.4879767441860464,0.5695581395348838,0.010211480399408286,0.008891215976331362,0.014074705251479292,0.012077344104921577,0.010996580854515953,0.014947409410492156,0.38391860465116273,0.41305813953488374,0.5776860465116279,0.027437835420393464,0.07871109123434694,0.03197450805008939,52,86,0.5673076923076918,0.7009302325581391,69.78260869565217,138,16
1677,1677.0,0.3595660377358491,0.4927169811320754,0.5432264150943397,0.3363372093023255,0.48937209302325574,0.5682093023255814,0.010513792808828764,0.008770165183339267,0.014130288358846563,0.01264315373174689,0.010438582477014603,0.014408816657652784,0.381732558139535,0.4136162790697675,0.5680465116279071,0.022166520403685885,0.0791007020623079,0.024820096533567426,53,86,0.5539622641509429,0.7113953488372089,70.56115107913669,139,16
1678,1678.0,0.35867857142857146,0.49069642857142853,0.5365892857142857,0.3383333333333333,0.4833928571428571,0.5632261904761905,0.010006039540816327,0.009080497130102042,0.014222634885204083,0.011734746031746032,0.008795571853741496,0.01445379407596372,0.3788809523809524,0.4015238095238096,0.562392857142857,0.020202380952380916,0.08917261904761892,0.02580357142857137,56,84,0.5580357142857137,0.7107142857142853,69.8,140,14
1679,1679.0,0.35807017543859654,0.49087719298245613,0.5366315789473685,0.3368072289156626,0.47848192771084336,0.5642168674698794,0.009851223145583256,0.008923020006155743,0.01397321514312096,0.01110160139352591,0.008704466540862243,0.014433109595006533,0.37807228915662655,0.3937228915662651,0.568566265060241,0.020002113718030012,0.09715430141619102,0.031934686112872535,57,83,0.5382456140350873,0.7013253012048188,69.92857142857143,140,20
1680,1680.0,0.3589655172413794,0.4868620689655173,0.5367068965517242,0.33514285714285713,0.4747976190476191,0.5665119047619046,0.00984292984542212,0.009125325802615936,0.014197620986920333,0.011210931972789115,0.008228994756235826,0.01381196414399093,0.3815476190476191,0.38865476190476195,0.5692142857142857,0.022582101806239707,0.09820730706075537,0.03250738916256146,58,84,0.537068965517241,0.701428571428571,69.86619718309859,142,18
1681,1681.0,0.3575263157894737,0.4859473684210527,0.5353684210526316,0.33786046511627904,0.47226744186046515,0.5663837209302326,0.009895477377654664,0.009236891966759003,0.01434279409048938,0.010824236343969711,0.008459079637641968,0.0138066550838291,0.37896511627906976,0.3827790697674418,0.5689302325581396,0.021438800489596066,0.10316829865361088,0.033561811505507966,57,86,0.524210526315789,0.6809302325581391,70.2937062937063,143,21
1682,1682.0,0.3457288135593221,0.4864915254237288,0.537542372881356,0.33990588235294117,0.46809411764705877,0.563670588235294,0.00907162137316863,0.009572893995978169,0.013953875323182992,0.010460955847750867,0.008025261730103808,0.013899985605536335,0.385764705882353,0.3723294117647059,0.5645058823529412,0.0400358923230309,0.1141621136590229,0.026963509471585212,59,85,0.5323728813559319,0.6907058823529407,69.34027777777777,144,17
1683,1683.0,0.34560714285714284,0.48291071428571425,0.5338571428571429,0.34159523809523806,0.4682499999999999,0.5615119047619048,0.008894845663265306,0.009644974170918369,0.014289301020408164,0.01034290759637188,0.00811873511904762,0.013669368905895688,0.39035714285714296,0.3740119047619048,0.5659880952380953,0.04475000000000012,0.10889880952380943,0.03213095238095243,56,84,0.5599999999999996,0.7030952380952378,69.77142857142857,140,15
1684,1684.0,0.34560714285714284,0.48291071428571425,0.5338571428571429,0.34086206896551724,0.4662758620689654,0.5643333333333332,0.008894845663265306,0.009644974170918369,0.014289301020408164,0.010236808561236621,0.008213349187475228,0.01395507279693487,0.38254022988505754,0.3671379310344828,0.5641494252873562,0.0369330870279147,0.11577278325123147,0.030292282430213313,56,87,0.5471428571428567,0.6782758620689653,69.94405594405595,143,18
1685,1685.0,0.34684482758620694,0.47644827586206895,0.5306206896551725,0.3398823529411765,0.46581176470588226,0.5645529411764705,0.008661027645659928,0.010482178359096315,0.014183097502972654,0.010322268512110726,0.0079025292733564,0.014257235432525949,0.3865411764705883,0.3691764705882353,0.5690823529411764,0.03969634888438134,0.10727180527383368,0.038461663286003867,58,85,0.5589655172413789,0.6749411764705877,70.00699300699301,143,18
1686,1686.0,0.3429166666666667,0.47723333333333334,0.5271166666666667,0.3398823529411765,0.46581176470588226,0.5645529411764705,0.009062309722222222,0.010063912222222225,0.014798736388888888,0.010322268512110726,0.0079025292733564,0.014257235432525949,0.3865411764705883,0.3691764705882353,0.5690823529411764,0.043624509803921574,0.10805686274509807,0.041965686274509695,60,85,0.5799999999999996,0.6772941176470586,70.09655172413792,145,14
1687,1687.0,0.3443064516129033,0.4741290322580645,0.5256290322580645,0.3396279069767443,0.4663953488372093,0.564593023255814,0.0085535028616025,0.010578563995837672,0.014374104318418313,0.010320210383991344,0.007630518117901566,0.014181939021092485,0.3842674418604652,0.3713953488372093,0.5673023255813953,0.03996099024756189,0.1027336834208552,0.04167329332333081,62,86,0.6012903225806447,0.6499999999999996,69.47972972972973,148,14
1688,1688.0,0.34530000000000005,0.47598333333333337,0.5229166666666667,0.3373720930232558,0.463093023255814,0.5655,0.008779010000000002,0.010824383055555558,0.014035543055555556,0.010273815035154137,0.007684898323418065,0.013744622093023254,0.38118604651162796,0.37026744186046506,0.5697325581395348,0.03588604651162791,0.1057158914728683,0.04681589147286813,60,86,0.5836666666666662,0.651395348837209,69.28082191780823,146,18
1689,1689.0,0.3453333333333334,0.4797333333333334,0.5246166666666666,0.3374651162790698,0.46123255813953484,0.5634534883720931,0.008780255555555557,0.010454195555555556,0.013842536388888889,0.010265923201730665,0.007670620335316387,0.01317764318550568,0.3761395348837209,0.36430232558139536,0.563953488372093,0.030806201550387546,0.11543100775193804,0.039336821705426406,60,86,0.5688333333333329,0.6716279069767438,69.95205479452055,146,17
1690,1690.0,0.34486885245901644,0.4784426229508197,0.5268688524590165,0.3335581395348837,0.46269767441860465,0.5644883720930234,0.008649261488847081,0.010382771298038164,0.013919950013437245,0.01052136289886425,0.007718699296917251,0.01300964521362899,0.37072093023255814,0.3584186046511628,0.5583023255813953,0.025852077773541704,0.12002401829965686,0.03143347312237876,61,86,0.5463934426229504,0.6737209302325577,69.60544217687075,147,18
1691,1691.0,0.34572131147540985,0.479344262295082,0.5224098360655738,0.3329310344827586,0.4640804597701151,0.5660000000000001,0.008788561676968556,0.01032976672937383,0.012516602526202635,0.010449052715021797,0.007682579733121944,0.013063586206896556,0.3741264367816092,0.3619540229885057,0.5639080459770114,0.02840512530619932,0.11739023930657627,0.0414982099114376,61,87,0.5549180327868848,0.7049425287356318,69.94594594594595,148,12
1692,1692.0,0.343322033898305,0.4776949152542373,0.5217457627118643,0.3323409090909091,0.4630681818181818,0.5666136363636363,0.00886065900603275,0.00997916116058604,0.012852562482045388,0.010360611053719009,0.007684427169421487,0.012947896177685951,0.369875,0.3607840909090909,0.5639545454545455,0.026552966101694997,0.11691082434514638,0.04220878274268114,59,88,0.5591525423728809,0.7015909090909086,70.92517006802721,147,15
1693,1693.0,0.34438709677419344,0.4758548387096775,0.522258064516129,0.33108791208791205,0.46309890109890106,0.566076923076923,0.008630882414151927,0.009598511186264308,0.012481514047866807,0.01067843183190436,0.007605451757034175,0.01301015891800507,0.37075824175824174,0.3660879120879121,0.5661868131868132,0.0263711449840483,0.1097669266217654,0.04392874867068419,62,91,0.5477419354838706,0.6959340659340655,71.24183006535948,153,12
1694,1694.0,0.34438709677419344,0.4758548387096775,0.522258064516129,0.3299666666666667,0.4621222222222222,0.5647555555555556,0.008630882414151927,0.009598511186264308,0.012481514047866807,0.010682676666666668,0.007603151728395062,0.012995829135802469,0.3670777777777778,0.3653888888888889,0.5627555555555556,0.022690681003584345,0.11046594982078861,0.04049749103942657,62,90,0.5599999999999994,0.6866666666666662,72.03289473684211,152,15
1695,1695.0,0.34690625,0.47557812499999996,0.523625,0.33099999999999996,0.4618021978021977,0.5617362637362637,0.0087023974609375,0.009454056396484375,0.012629890625,0.010624,0.007529631203960875,0.012405183190435938,0.3632087912087912,0.3595274725274725,0.5571868131868132,0.016302541208791155,0.11605065247252744,0.03356181318681317,64,91,0.5637499999999995,0.6915384615384611,72.4,155,11
1696,1696.0,0.34281538461538463,0.4758615384615385,0.5285846153846153,0.33380645161290323,0.46474193548387094,0.5651505376344087,0.009107935147928996,0.009574057751479292,0.013664150532544382,0.01027985501214013,0.007717954908081857,0.012956235402936755,0.3703010752688173,0.3636666666666668,0.5693010752688172,0.02748569065343265,0.1121948717948717,0.040716459884201917,65,93,0.569538461538461,0.6564516129032255,72.17721518987342,158,13
1697,1697.0,0.3447692307692308,0.47289230769230767,0.5287076923076923,0.32666666666666666,0.4635483870967742,0.5682150537634408,0.009325808284023669,0.009193819171597634,0.013204853017751478,0.009883146953405019,0.00762143045438779,0.012914792461556251,0.3662043010752689,0.36066666666666675,0.5646344086021505,0.02143507030603814,0.11222564102564092,0.035926716294458205,65,93,0.5679999999999996,0.6429032258064511,71.81012658227849,158,12
1698,1698.0,0.34326153846153845,0.47690769230769237,0.5272769230769231,0.330054347826087,0.46526086956521734,0.5672391304347826,0.009349977751479291,0.009592145325443786,0.013120415621301776,0.010472920959357276,0.00768719281663516,0.013135790642722116,0.37388043478260874,0.3672717391304347,0.5715760869565216,0.030618896321070288,0.10963595317725766,0.044299163879598535,65,92,0.5461538461538458,0.6491304347826082,72.26751592356688,157,13
1699,1699.0,0.3415692307692308,0.4762461538461538,0.5270307692307692,0.32897777777777776,0.4649777777777777,0.5682888888888888,0.009388614437869822,0.009538000946745562,0.013118029822485205,0.01003977728395062,0.007664755061728395,0.01335442765432099,0.38055555555555554,0.36854444444444434,0.5732222222222222,0.038986324786324744,0.10770170940170948,0.046191452991453,65,90,0.526461538461538,0.6546666666666662,72.38064516129032,155,15
1700,1700.0,0.34192424242424246,0.4750454545454545,0.5270454545454544,0.33019318181818186,0.4630454545454546,0.5676249999999999,0.00928073668503214,0.009563437327823693,0.013175043388429753,0.00963770131714876,0.007649088842975208,0.013245098011363638,0.386875,0.37069318181818184,0.5773977272727273,0.04495075757575756,0.10435227272727265,0.05035227272727294,66,88,0.5251515151515147,0.6595454545454541,72.18831168831169,154,17
1701,1701.0,0.3442388059701493,0.4789402985074628,0.5311343283582091,0.328816091954023,0.46396551724137935,0.5681379310344828,0.009160032523947427,0.00962220539095567,0.01236528046335487,0.00958159836173867,0.007662516052318667,0.013374187871581454,0.3837931034482759,0.37210344827586206,0.5764827586206897,0.03955429747812661,0.10683685023160072,0.04534843026248059,67,87,0.5602985074626862,0.6580459770114938,72.44805194805195,154,14
1702,1702.0,0.34673529411764703,0.4783823529411765,0.5279264705882353,0.33080952380952383,0.46348809523809525,0.5735714285714286,0.009287282871972316,0.009493383217993078,0.01277900929930796,0.009679916099773242,0.007340749858276644,0.012681268707482995,0.3913333333333333,0.36550000000000005,0.5887023809523809,0.04459803921568628,0.11288235294117643,0.06077591036414565,68,84,0.5729411764705877,0.6454761904761901,71.78289473684211,152,14
1703,1703.0,0.3494366197183098,0.47523943661971835,0.5255915492957748,0.3310487804878049,0.4644634146341463,0.5745000000000001,0.009325316405475105,0.009350773656020633,0.012471481055346161,0.009905704937537181,0.00746749256395003,0.01295332317073171,0.38676829268292684,0.36595121951219517,0.5850609756097561,0.037331672964617035,0.10928821710752318,0.05946942631398133,71,82,0.5691549295774644,0.6251219512195118,70.77124183006536,153,17
1704,1704.0,0.3491571428571428,0.4734285714285714,0.5289285714285715,0.3340609756097561,0.4651097560975611,0.5751951219512196,0.009452989591836736,0.0092515306122449,0.01185900918367347,0.01033866701368233,0.007490585514574659,0.013165888756692445,0.39164634146341465,0.3721341463414634,0.5845487804878048,0.04248919860627187,0.10129442508710801,0.05562020905923326,70,82,0.5521428571428566,0.6087804878048776,71.0592105263158,152,22
1705,1705.0,0.3477857142857142,0.46899999999999986,0.5309857142857144,0.3307590361445783,0.4639036144578314,0.5723614457831324,0.009457025510204083,0.008854857142857145,0.011163871224489795,0.010493676876179418,0.007539243721875455,0.013117507911162726,0.3889759036144579,0.36814457831325303,0.5814939759036143,0.04119018932874369,0.10085542168674683,0.0505082616178999,70,83,0.563285714285714,0.6312048192771079,70.6078431372549,153,16
1706,1706.0,0.35051428571428567,0.4699,0.5365857142857143,0.3319642857142857,0.4636904761904762,0.572,0.009416335510204085,0.008708947142857143,0.01187369979591837,0.010489320153061223,0.0074532613378684815,0.01297219047619047,0.3915119047619048,0.3681666666666667,0.581797619047619,0.040997619047619116,0.10173333333333329,0.04521190476190462,70,84,0.5361428571428567,0.6247619047619043,70.58441558441558,154,18
1707,1707.0,0.35580555555555554,0.4688611111111112,0.5379166666666667,0.3309259259259259,0.46448148148148155,0.5737777777777778,0.008493573302469137,0.008793980709876545,0.01177782638888889,0.010593895747599454,0.007671459533607682,0.012335925925925927,0.3965432098765432,0.37258024691358027,0.5832222222222222,0.04073765432098764,0.0962808641975309,0.04530555555555549,72,81,0.5587499999999994,0.6077777777777773,70.18954248366013,153,17
1708,1708.0,0.35425352112676056,0.47087323943661963,0.5399154929577464,0.3323625,0.465,0.57375,0.008439766712953779,0.008626336044435625,0.01165604919658798,0.010559156093750001,0.007745575,0.012490062500000001,0.4014125,0.3758375,0.5859624999999999,0.04715897887323944,0.09503573943661964,0.04604700704225351,71,80,0.5584507042253516,0.6327499999999995,70.80132450331126,151,17
1709,1709.0,0.3558055555555556,0.471375,0.5377638888888889,0.33413333333333334,0.46674666666666664,0.5698533333333333,0.008493573302469137,0.008524401041666668,0.01182284702932099,0.010714862222222222,0.007425469155555554,0.012134685155555557,0.4032266666666666,0.38188,0.5853466666666666,0.047421111111111025,0.08949499999999999,0.04758277777777764,72,75,0.5545833333333329,0.6403999999999996,70.87074829931973,147,19
1710,1710.0,0.3576478873239437,0.47143661971830986,0.5333239436619719,0.3361506849315068,0.46571232876712326,0.569054794520548,0.008722059115254912,0.00857517556040468,0.011433233088672884,0.010105388252955526,0.0065840679301932825,0.012441476449615314,0.40368493150684936,0.37623287671232875,0.5814520547945206,0.04603704418290566,0.09520374300598111,0.04812811113254867,71,73,0.5676056338028165,0.6368493150684927,71.125,144,20
1711,1711.0,0.3543661971830986,0.47201408450704224,0.5346901408450705,0.33845205479452056,0.46690410958904105,0.566917808219178,0.008958767308073797,0.008689901210077367,0.01144756595913509,0.010720768249202478,0.006713237380371553,0.012334568586976919,0.4105205479452054,0.3836027397260274,0.5847397260273972,0.05615435076210684,0.08841134478101487,0.05004958518232672,71,73,0.5785915492957743,0.6478082191780817,70.91666666666667,144,16
1712,1712.0,0.3543661971830986,0.47201408450704224,0.5346901408450705,0.33551351351351355,0.4693783783783783,0.5678918918918918,0.008958767308073797,0.008689901210077367,0.01144756595913509,0.010974898466033601,0.0070953703433162905,0.012378501826150475,0.40990540540540543,0.39648648648648643,0.5816756756756757,0.055539208222306846,0.07552759802055581,0.04698553483060519,71,74,0.5663380281690136,0.6472972972972969,70.7448275862069,145,17
1713,1713.0,0.356,0.4756086956521739,0.5338550724637681,0.341281690140845,0.47352112676056335,0.5656197183098592,0.009039159420289856,0.008392180214240708,0.010861863053980257,0.011692315016861734,0.007300700257885341,0.012751897639357268,0.42571830985915493,0.3946338028169014,0.5794507042253519,0.06971830985915495,0.08097489283527248,0.04559563176158388,69,71,0.5715942028985502,0.6590140845070418,70.6,140,18
1714,1714.0,0.35526086956521735,0.4735942028985508,0.533536231884058,0.3431044776119404,0.4753731343283582,0.5631641791044776,0.009085178323881539,0.008404675908422601,0.010888451585801304,0.012224601024727113,0.007609099576743152,0.012842614836266428,0.4245671641791045,0.4093582089552239,0.5806567164179104,0.06930629461388715,0.06423599394332691,0.047120484533852425,69,67,0.5592753623188401,0.6902985074626862,69.86029411764706,136,15
1715,1715.0,0.3532142857142857,0.47174285714285713,0.5344428571428571,0.3456470588235294,0.4802058823529412,0.5649705882352942,0.009221796938775513,0.008458362448979592,0.01118333244897959,0.012335287197231834,0.007734134083044982,0.012441616782006918,0.42960294117647063,0.43407352941176475,0.5804411764705881,0.07638865546218493,0.037669327731092384,0.04599831932773102,70,68,0.5737142857142853,0.6611764705882349,70.0,138,15
1716,1716.0,0.35028985507246374,0.4714782608695653,0.536840579710145,0.3456470588235294,0.4802058823529412,0.5649705882352942,0.00875678554925436,0.008576046628859484,0.010942974585171183,0.012335287197231834,0.007734134083044982,0.012441616782006918,0.42960294117647063,0.43407352941176475,0.5804411764705881,0.07931308610400689,0.037404731457800544,0.043600596760443144,69,68,0.5979710144927531,0.6632352941176466,70.75912408759125,137,15
1717,1717.0,0.3524428571428571,0.47482857142857143,0.5331142857142859,0.34558571428571433,0.48082857142857144,0.5645714285714287,0.008712189591836736,0.008423456326530614,0.01145415836734694,0.012604585510204084,0.007574370612244899,0.01216881632653061,0.4268285714285715,0.44077142857142865,0.5742285714285713,0.07438571428571439,0.034057142857142786,0.04111428571428544,70,70,0.5909999999999996,0.6277142857142853,71.00714285714285,140,17
1718,1718.0,0.3506111111111111,0.4736527777777778,0.5342083333333334,0.34684848484848485,0.4859090909090909,0.5642424242424244,0.009233626543209878,0.008250698881172839,0.011195942708333333,0.012612189164370983,0.007453143250688705,0.012788335169880623,0.4423333333333333,0.4459242424242425,0.5839242424242425,0.0917222222222222,0.02772853535353531,0.04971590909090906,72,66,0.5815277777777772,0.618484848484848,70.47826086956522,138,18
1719,1719.0,0.34846478873239434,0.47495774647887323,0.5337605633802815,0.34684848484848485,0.4859090909090909,0.5642424242424244,0.009031995239039872,0.00824429398928784,0.011339196191231896,0.012612189164370983,0.007453143250688705,0.012788335169880623,0.4423333333333333,0.4459242424242425,0.5839242424242425,0.09386854460093896,0.029033504054630732,0.05016367904396091,71,66,0.5673239436619715,0.6363636363636359,71.1970802919708,137,20
1720,1720.0,0.3467397260273973,0.47464383561643836,0.5363698630136986,0.35168750000000004,0.49040625000000004,0.556734375,0.009183671983486583,0.008078640270219555,0.011468178269844247,0.01316755859375,0.007459616210937501,0.010883913818359374,0.451734375,0.45446875000000003,0.5773593749999999,0.10499464897260274,0.020175085616438326,0.0409895119863013,73,64,0.5699999999999995,0.6474999999999995,71.17518248175182,137,17
1721,1721.0,0.34698648648648645,0.4750135135135137,0.5345135135135135,0.3532878787878788,0.4918181818181818,0.5557878787878788,0.009027689006574142,0.00804863495252009,0.011475979547114682,0.013592689853076217,0.007299300275482095,0.010651136822773187,0.4540909090909091,0.45228787878787885,0.5722878787878787,0.10710442260442266,0.022725634725634825,0.037774365274365174,74,66,0.5710810810810807,0.6448484848484844,71.77857142857142,140,16
1722,1722.0,0.3479333333333333,0.47362666666666664,0.5326133333333334,0.3528805970149254,0.4885373134328359,0.5604029850746268,0.00890952888888889,0.007946367288888891,0.011673570488888889,0.013102732011583872,0.007311860548006238,0.010170270438850522,0.45470149253731346,0.4342985074626866,0.5736268656716419,0.10676815920398014,0.03932815920398003,0.04101353233830851,75,67,0.567733333333333,0.6174626865671639,70.91549295774648,142,19
1723,1723.0,0.3467763157894737,0.47586842105263155,0.5322894736842106,0.35375757575757577,0.487969696969697,0.5612272727272727,0.008892699965373962,0.008218719529085873,0.01152783725761773,0.013249729109274565,0.007401059687786961,0.010278842286501376,0.4608939393939394,0.43556060606060604,0.5765757575757577,0.1141176236044657,0.040307814992025515,0.044286283891547096,76,66,0.5694736842105259,0.6263636363636358,71.59859154929578,142,20
1724,1724.0,0.3467702702702703,0.4767297297297297,0.536108108108108,0.3523692307692308,0.4867692307692308,0.5587538461538462,0.00907333911614317,0.008212764791818847,0.01122809642074507,0.013195679053254437,0.007418700591715977,0.010172616331360946,0.4476615384615385,0.42230769230769233,0.5661538461538462,0.1008912681912682,0.054422037422037384,0.03004573804573818,74,65,0.5668918918918914,0.6386153846153841,71.76978417266187,139,21
1725,1725.0,0.34793333333333337,0.4773066666666667,0.5376,0.3538153846153847,0.48923076923076925,0.5599076923076924,0.00905246222222222,0.008127892622222221,0.011243093333333332,0.013227227455621304,0.007438392899408284,0.010389929940828402,0.4482615384615385,0.4262153846153846,0.565123076923077,0.10032820512820512,0.051091282051282105,0.027523076923076983,75,65,0.5535999999999994,0.6699999999999996,71.83571428571429,140,20
1726,1726.0,0.34793333333333337,0.4773066666666667,0.5376,0.35273437500000004,0.485953125,0.56115625,0.00905246222222222,0.008127892622222221,0.011243093333333332,0.013355820068359375,0.007380388427734376,0.0103278505859375,0.445328125,0.41873437500000005,0.566546875,0.09739479166666665,0.058572291666666665,0.02894687500000004,75,64,0.5382666666666661,0.7240624999999996,71.84892086330935,139,18
1727,1727.0,0.3488918918918919,0.47691891891891897,0.5377972972972973,0.3553484848484849,0.48587878787878797,0.5579090909090908,0.009105880204528852,0.008226452885317752,0.011392107560262967,0.013108348255280075,0.006969348943985308,0.010190264462809916,0.4492575757575758,0.42374242424242425,0.569090909090909,0.1003656838656839,0.05317649467649471,0.031293611793611675,74,66,0.5272972972972968,0.7092424242424239,71.30714285714286,140,19
1728,1728.0,0.34987999999999997,0.4782533333333333,0.5378133333333334,0.35321212121212126,0.4886969696969697,0.5604545454545455,0.009056718933333333,0.008248535822222224,0.011240231822222224,0.013201409550045918,0.0069789990817263545,0.010769702479338842,0.449530303030303,0.4286818181818181,0.5730454545454546,0.09965030303030303,0.0495715151515152,0.03523212121212127,75,66,0.5278666666666662,0.711363636363636,71.78014184397163,141,20
1729,1729.0,0.3525675675675675,0.4764594594594594,0.5364594594594595,0.3520757575757576,0.48551515151515146,0.5609848484848484,0.009414596785975166,0.008224059167275383,0.011297761869978086,0.013228645775941232,0.006877128558310377,0.011088863406795227,0.43807575757575756,0.4230606060606061,0.5751666666666666,0.08550819000819004,0.05339885339885331,0.038707207207207106,74,66,0.5283783783783779,0.7080303030303027,71.84285714285714,140,21
1730,1730.0,0.35086301369863016,0.47691780821917806,0.5393287671232876,0.35022222222222227,0.48450793650793655,0.561952380952381,0.00932855657721899,0.008321171326702946,0.010843289172452617,0.013727347442680778,0.0070316785084404134,0.011451410430839,0.4386507936507937,0.42414285714285727,0.5743492063492064,0.08778777995216352,0.0527749510763208,0.0350204392259188,73,63,0.5360273972602734,0.7679365079365074,72.16911764705883,136,17
1731,1731.0,0.3474933333333334,0.47697333333333336,0.5388533333333333,0.35131746031746036,0.483952380952381,0.5636031746031747,0.009693769955555556,0.008782052622222225,0.010943191822222222,0.013586565885613505,0.007110267573696145,0.011732779037540943,0.44303174603174617,0.42207936507936517,0.5872063492063492,0.09553841269841279,0.054893968253968195,0.04835301587301588,75,63,0.5455999999999995,0.7339682539682537,72.39855072463769,138,18
1732,1732.0,0.34696000000000005,0.4728533333333333,0.54072,0.35100000000000003,0.48403174603174604,0.5640317460317461,0.009779345066666667,0.00857121848888889,0.011097054933333335,0.013504126984126985,0.007120030738221215,0.01168879264298312,0.4451746031746033,0.42026984126984135,0.5852063492063493,0.09821460317460323,0.05258349206349194,0.04448634920634931,75,63,0.5506666666666661,0.7361904761904756,72.54347826086956,138,18
1733,1733.0,0.34991891891891896,0.47305405405405404,0.5401621621621621,0.35292537313432837,0.4885373134328358,0.5639253731343283,0.009254858290723159,0.008684024105186268,0.011223676406135866,0.013187352639786145,0.007277472488304746,0.011459352639786145,0.45037313432835824,0.42204477611940294,0.5923283582089552,0.10045421540943927,0.0510092779346511,0.05216619604679318,74,67,0.5341891891891886,0.686567164179104,72.20567375886525,141,21
1734,1734.0,0.3510810810810811,0.4721621621621621,0.541027027027027,0.3518955223880597,0.48731343283582085,0.563,0.009297858290723155,0.008494243973703434,0.01104794521548576,0.012894690576965916,0.007189170416573847,0.011495373134328357,0.4505522388059702,0.42292537313432826,0.5926567164179105,0.09947115772488907,0.04923678902783385,0.051629689390883526,74,67,0.5317567567567562,0.7125373134328353,72.34042553191489,141,16
1735,1735.0,0.34986111111111107,0.47480555555555554,0.5390138888888889,0.3518955223880597,0.48731343283582085,0.563,0.009452064043209878,0.00839065663580247,0.010767374807098766,0.012894690576965916,0.007189170416573847,0.011495373134328357,0.4505522388059702,0.42292537313432826,0.5926567164179105,0.1006911276948591,0.05188018242122727,0.05364282752902161,72,67,0.546805555555555,0.714925373134328,73.53237410071942,139,18
1736,1736.0,0.34860810810810805,0.47283783783783784,0.5388513513513513,0.35298529411764706,0.4873529411764706,0.5630735294117646,0.0093090761504748,0.008305973703433162,0.010506748173849527,0.0127846321366782,0.007083551903114188,0.011326685769896191,0.4554411764705883,0.420735294117647,0.5891617647058824,0.10683306836248024,0.05210254372019085,0.050310413354531125,74,68,0.5564864864864859,0.7030882352941172,73.69014084507042,142,17
1737,1737.0,0.34913157894736835,0.4750131578947368,0.5374342105263158,0.35298529411764706,0.4873529411764706,0.5630735294117646,0.009077719529085872,0.008352539300554017,0.010307745671745153,0.0127846321366782,0.007083551903114188,0.011326685769896191,0.4554411764705883,0.420735294117647,0.5891617647058824,0.10630959752321995,0.05427786377708982,0.05172755417956665,76,68,0.5539473684210521,0.6919117647058819,74.59027777777777,144,19
1738,1738.0,0.345961038961039,0.471012987012987,0.542051948051948,0.3493181818181818,0.48678787878787877,0.5683484848484847,0.009232219261258223,0.008885129701467364,0.011578620678023278,0.012713732093663915,0.007287076216712581,0.010628833103764921,0.448530303030303,0.417,0.5927575757575757,0.10256926406926398,0.05401298701298701,0.0507056277056277,77,66,0.5612987012987006,0.683484848484848,74.38461538461539,143,17
1739,1739.0,0.346987012987013,0.47045454545454546,0.5475714285714285,0.34735820895522385,0.4882686567164179,0.5621791044776119,0.009004142688480352,0.008865442739079105,0.01166905009276438,0.01334670750723992,0.0073552711071508126,0.010073699264869682,0.44367164179104474,0.4267313432835821,0.5848208955223881,0.09668462880403172,0.04372320217096337,0.03724946695095965,77,67,0.5661038961038956,0.6346268656716414,73.89583333333333,144,18
1740,1740.0,0.3497733333333333,0.47108000000000005,0.5429066666666665,0.3471617647058823,0.48775,0.56275,0.008930628622222221,0.009077166933333335,0.010942937955555556,0.013153017949826993,0.007265128676470589,0.00994739338235294,0.44169117647058825,0.4211176470588236,0.5836911764705883,0.09191784313725493,0.04996235294117646,0.04078450980392179,75,68,0.577866666666666,0.6519117647058819,74.0,143,15
1741,1741.0,0.34551351351351356,0.46959459459459457,0.543,0.3471617647058823,0.48775,0.56275,0.009035195763330898,0.00839964645726808,0.010424756756756757,0.013153017949826993,0.007265128676470589,0.00994739338235294,0.44169117647058825,0.4211176470588236,0.5836911764705883,0.0961776629570747,0.048476947535770976,0.040691176470588286,74,68,0.578513513513513,0.6480882352941173,73.77464788732394,142,16
1742,1742.0,0.34551351351351356,0.46959459459459457,0.543,0.3532794117647059,0.4909852941176471,0.5623823529411764,0.009035195763330898,0.00839964645726808,0.010424756756756757,0.013020907223183392,0.006916514489619378,0.009865294982698962,0.46201470588235294,0.4197941176470589,0.5779264705882353,0.11650119236883938,0.0498004769475357,0.03492647058823528,74,68,0.574729729729729,0.6649999999999997,73.97183098591549,142,16
1743,1743.0,0.34389189189189184,0.4690405405405407,0.541,0.3532794117647059,0.4909852941176471,0.5623823529411764,0.008943420745069392,0.008519119978086194,0.010556756756756757,0.013020907223183392,0.006916514489619378,0.009865294982698962,0.46201470588235294,0.4197941176470589,0.5779264705882353,0.1181228139904611,0.0492464228934818,0.03692647058823528,74,68,0.5718918918918913,0.6861764705882347,74.4225352112676,142,15
1744,1744.0,0.3418888888888889,0.46901388888888895,0.54175,0.35644117647058826,0.4942941176470588,0.5586176470588236,0.00904270987654321,0.007943485918209876,0.010815743055555556,0.012926040657439448,0.00683511937716263,0.010391118512110728,0.46294117647058824,0.42175,0.5798235294117646,0.12105228758169934,0.04726388888888894,0.03807352941176467,72,68,0.5629166666666661,0.6882352941176468,74.35714285714286,140,17
1745,1745.0,0.33645205479452056,0.46778082191780834,0.5448356164383561,0.35659701492537316,0.49450746268656715,0.5592985074626865,0.009207234002627136,0.00789639031713267,0.010881151060236441,0.01311731521496993,0.006934040989084429,0.010514687012697706,0.4697462686567165,0.42683582089552236,0.583865671641791,0.13329421386219592,0.04094500102228599,0.039030055203434944,73,67,0.5542465753424651,0.7141791044776113,74.40714285714286,140,16
1746,1746.0,0.3363157894736842,0.4695131578947369,0.5453421052631579,0.35643661971830987,0.4991690140845071,0.5585352112676056,0.009739058171745155,0.008040460353185595,0.01085304085872576,0.011939907954770882,0.007142112279309662,0.010540699464391986,0.4738169014084508,0.4443661971830986,0.5841126760563381,0.1375011119347666,0.0251469607116383,0.03877057079318025,76,71,0.5618421052631574,0.6542253521126759,73.34693877551021,147,15
1747,1747.0,0.3363157894736842,0.4695131578947369,0.5453421052631579,0.35881944444444447,0.4982499999999999,0.5592916666666666,0.009739058171745155,0.008040460353185595,0.01085304085872576,0.011626870177469138,0.007799687500000001,0.010889345486111111,0.48006944444444444,0.4461666666666667,0.5945277777777778,0.14375365497076026,0.0233464912280702,0.049185672514619916,76,72,0.5444736842105257,0.6497222222222218,73.5945945945946,148,18
1748,1748.0,0.3363157894736842,0.4695131578947369,0.5453421052631579,0.35881944444444447,0.4982499999999999,0.5592916666666666,0.009739058171745155,0.008040460353185595,0.01085304085872576,0.011626870177469138,0.007799687500000001,0.010889345486111111,0.48006944444444444,0.4461666666666667,0.5945277777777778,0.14375365497076026,0.0233464912280702,0.049185672514619916,76,72,0.5376315789473679,0.650555555555555,74.5945945945946,148,21
1749,1749.0,0.3329324324324324,0.4712702702702703,0.5417702702702704,0.3652222222222222,0.49795833333333334,0.5586805555555555,0.010423279218407598,0.008833359386413442,0.01011579857560263,0.011261645061728394,0.007768539930555556,0.010963884066358025,0.48663888888888884,0.44972222222222225,0.6023888888888889,0.15370645645645642,0.021548048048048052,0.0606186186186185,74,72,0.5509459459459454,0.6538888888888885,74.1027397260274,146,20
1750,1750.0,0.3328,0.47228,0.5412133333333334,0.3632816901408451,0.49846478873239436,0.5561549295774648,0.0102856,0.008791028266666669,0.010003874488888889,0.011149131918270183,0.007859488196786352,0.010659032334854197,0.4872957746478872,0.45121126760563385,0.5986760563380282,0.15449577464788722,0.02106873239436613,0.05746272300469479,75,71,0.5665333333333327,0.6466197183098589,74.64383561643835,146,19
1751,1751.0,0.3317671232876713,0.47302739726027393,0.5430821917808218,0.36368571428571433,0.4999999999999999,0.5552142857142857,0.010520808782135486,0.00900958829048602,0.010051609682867328,0.010989672653061226,0.007946428571428573,0.009733282653061224,0.48738571428571414,0.4582571428571429,0.592442857142857,0.15561859099804287,0.014770254403131011,0.049360665362035205,73,70,0.5969863013698624,0.6671428571428569,74.1958041958042,143,15
1752,1752.0,0.3374675324675325,0.4781948051948052,0.5396493506493506,0.3548823529411765,0.49689705882352925,0.5586176470588234,0.01113401517962557,0.009472988024962053,0.009924669252825096,0.009747133217993078,0.00838450410899654,0.010405118512110727,0.485279411764706,0.45070588235294123,0.6046470588235294,0.1478118792971735,0.02748892284186394,0.06499770817417883,77,68,0.594415584415584,0.6461764705882348,73.06206896551724,145,14
1753,1753.0,0.3379746835443038,0.4779999999999999,0.5424556962025316,0.3586666666666667,0.49842028985507236,0.5553188405797101,0.010862201890722642,0.009258177215189876,0.009977387277679859,0.010027700483091788,0.008077866834698593,0.010108796891409366,0.49263768115942036,0.45207246376811594,0.5969565217391305,0.15466299761511654,0.025927536231883985,0.05450082553659885,79,69,0.5801265822784804,0.628260869565217,73.4391891891892,148,16
1754,1754.0,0.3384625,0.4787125,0.5433749999999999,0.36042647058823524,0.4971764705882353,0.5544411764705882,0.01074522359375,0.009182554843750001,0.009919434375,0.009961479887543255,0.008166380622837373,0.009780246539792386,0.48891176470588227,0.4539264705882353,0.5916029411764707,0.15044926470588227,0.024786029411764665,0.04822794117647078,80,68,0.5724999999999993,0.6461764705882348,73.62837837837837,148,17
1755,1755.0,0.33885185185185185,0.4747283950617284,0.5397160493827161,0.3598550724637681,0.4969565217391304,0.5544927536231884,0.01021639780521262,0.009801704008535285,0.008802228014022253,0.009839312329342575,0.00805131695022054,0.009638684730098717,0.4818260869565217,0.44785507246376816,0.5882463768115943,0.14297423510466983,0.02687332259796027,0.048530327428878195,81,69,0.5795061728395057,0.6352173913043475,74.30666666666667,150,16
1756,1756.0,0.3410506329113923,0.47748101265822773,0.5376329113924051,0.3598550724637681,0.4969565217391304,0.5544927536231884,0.01038541515782727,0.010231388879987181,0.00869975132190354,0.009839312329342575,0.00805131695022054,0.009638684730098717,0.4818260869565217,0.44785507246376816,0.5882463768115943,0.14077545404512937,0.029625940194459577,0.05061346541918921,79,69,0.5735443037974678,0.6557971014492748,74.27702702702703,148,15
1757,1757.0,0.33772727272727265,0.478025974025974,0.5411298701298702,0.3592794117647059,0.49655882352941183,0.5540588235294118,0.010213808736717829,0.010429246078596731,0.008358294822061057,0.009961142517301038,0.0081588053633218,0.009767437716262975,0.48264705882352943,0.441264705882353,0.5907352941176471,0.14491978609625678,0.03676126814362102,0.0496054239877769,77,68,0.5938961038961034,0.6579411764705878,75.43448275862069,145,16
1758,1758.0,0.3357272727272727,0.47780519480519495,0.5422727272727274,0.3573030303030303,0.4948484848484849,0.5523333333333333,0.010269289256198346,0.010376650362624388,0.00853975678866588,0.0100234536271809,0.008051431588613408,0.009677252525252525,0.4803636363636364,0.42963636363636365,0.5871060606060605,0.14463636363636367,0.048168831168831305,0.04483333333333317,77,66,0.5831168831168826,0.6427272727272724,74.16783216783217,143,16
1759,1759.0,0.3343684210526316,0.4781184210526315,0.5415394736842106,0.35703030303030303,0.4951060606060607,0.5547121212121212,0.01026223268698061,0.010505630713296398,0.008610722126038783,0.010039362718089992,0.007978549357208448,0.009501114095500458,0.4878030303030303,0.4364545454545455,0.591530303030303,0.1534346092503987,0.04166387559808604,0.049990829346092336,76,66,0.5740789473684205,0.664545454545454,74.65492957746478,142,16
1760,1760.0,0.334945205479452,0.4797123287671233,0.5424657534246575,0.3564242424242424,0.49831818181818177,0.5550909090909091,0.010690955901670109,0.010589218615124789,0.008644577594295367,0.009952971533516989,0.008346580578512397,0.009419749311294768,0.48553030303030303,0.4437424242424242,0.5917121212121211,0.15058509755085103,0.03596990452469906,0.04924636778746361,73,66,0.5868493150684925,0.6524242424242419,73.7410071942446,139,16
1761,1761.0,0.33463888888888893,0.4794722222222223,0.5431111111111111,0.35865625,0.49914062499999995,0.55603125,0.010832591820987654,0.010732082561728397,0.008734237654320989,0.0099332568359375,0.008192339599609376,0.008776936523437499,0.484265625,0.44151562499999997,0.5932968750000001,0.14962673611111105,0.03795659722222233,0.05018576388888896,72,64,0.5813888888888883,0.6559374999999995,73.69117647058823,136,16
1762,1762.0,0.3322428571428572,0.4776428571428572,0.5454000000000002,0.35759677419354835,0.49764516129032255,0.5568387096774193,0.010870955306122448,0.010880172448979592,0.008621354285714283,0.01012543418314256,0.008384390218522372,0.009012070759625389,0.48769354838709683,0.4459838709677419,0.5924838709677418,0.15545069124423966,0.03165898617511531,0.04708387096774158,70,62,0.575428571428571,0.6783870967741932,73.45454545454545,132,17
1763,1763.0,0.33466197183098595,0.47881690140845073,0.5452535211267607,0.36006557377049175,0.49611475409836064,0.5557213114754097,0.01112749137075977,0.010823417179131127,0.008501428684784767,0.009909274388605213,0.007984986831496912,0.009472660037624292,0.49718032786885247,0.44029508196721306,0.598950819672131,0.16251835603786652,0.03852181944123767,0.05369729854537031,71,61,0.5814084507042246,0.6611475409836063,73.4469696969697,132,17
1764,1764.0,0.3362602739726028,0.4778767123287671,0.545041095890411,0.35811864406779664,0.4937627118644068,0.555542372881356,0.012110055545130418,0.011114601238506288,0.008434669544004507,0.010102036771042803,0.008071265728239014,0.009645129560471128,0.49291525423728816,0.4360677966101695,0.5914237288135593,0.15665498026468538,0.04180891571859763,0.04638263292314826,73,59,0.5720547945205473,0.660847457627118,73.35606060606061,132,20
1765,1765.0,0.3396216216216216,0.47954054054054057,0.5448108108108107,0.3606610169491525,0.49696610169491523,0.5571016949152542,0.01167391088385683,0.011276221329437546,0.008091477720964208,0.01008988509049124,0.008084948003447287,0.009491311692042516,0.4945423728813559,0.44598305084745765,0.5906949152542372,0.15492075125973426,0.03355748969308292,0.0458841044434265,74,59,0.5817567567567562,0.6537288135593218,73.51127819548873,133,21
1766,1766.0,0.3407123287671233,0.4772876712328768,0.5453150684931507,0.3616333333333333,0.49729999999999996,0.5559166666666666,0.01174579395759054,0.011055109026083693,0.008183503471570652,0.009977498888888887,0.007956776666666669,0.009415976388888886,0.4933499999999999,0.45283333333333337,0.5877,0.15263767123287658,0.024454337899543432,0.0423849315068493,73,60,0.574383561643835,0.7006666666666662,74.6015037593985,133,19
1767,1767.0,0.3434794520547945,0.4788493150684932,0.5464246575342465,0.3608196721311475,0.49931147540983606,0.5554918032786885,0.011640331769562768,0.011128538937887034,0.008360107337211485,0.009853656006449876,0.008069099704380541,0.009272446654125235,0.4858524590163934,0.4598196721311476,0.5907049180327869,0.14237300696159888,0.019029642937345603,0.04428026049854039,73,61,0.5923287671232871,0.657213114754098,75.04477611940298,134,23
1768,1768.0,0.3507972972972973,0.4795,0.5451081081081081,0.35963333333333336,0.5002,0.5557166666666666,0.012170675127830535,0.011094195945945946,0.00839555588020453,0.00993203222222222,0.008155426666666667,0.009423903055555554,0.4839166666666666,0.46131666666666665,0.5904333333333333,0.1331193693693693,0.01818333333333333,0.045325225225225196,74,60,0.596621621621621,0.6509999999999996,74.75373134328358,134,22
1769,1769.0,0.34741666666666665,0.47718055555555555,0.5470694444444444,0.36409836065573775,0.5013770491803278,0.5543278688524589,0.012063326388888889,0.01112820351080247,0.008485259066358025,0.009376875571083042,0.00770993980112873,0.009102712174146736,0.49065573770491805,0.44780327868852465,0.5921147540983607,0.1432390710382514,0.0293772768670309,0.04504530965391629,72,61,0.6138888888888882,0.6749180327868849,74.42105263157895,133,18
1770,1770.0,0.3463333333333333,0.4786805555555556,0.5444861111111111,0.36456666666666676,0.5026666666666666,0.5530166666666667,0.012020055555555556,0.011173911844135805,0.00911572202932099,0.00945231222222222,0.007625188888888889,0.009106216388888885,0.4949833333333333,0.45709999999999995,0.6002500000000001,0.14864999999999995,0.02158055555555566,0.055763888888888946,72,60,0.6056944444444438,0.6793333333333328,73.51515151515152,132,20
1771,1771.0,0.3451285714285714,0.47765714285714284,0.5433571428571428,0.36456666666666676,0.5026666666666666,0.5530166666666667,0.011731054897959186,0.011393682448979592,0.009072429591836736,0.00945231222222222,0.007625188888888889,0.009106216388888885,0.4949833333333333,0.45709999999999995,0.6002500000000001,0.14985476190476188,0.020557142857142885,0.0568928571428573,70,60,0.6211428571428566,0.6926666666666662,73.83846153846154,130,19
1772,1772.0,0.34652857142857146,0.47542857142857137,0.5438000000000001,0.3571639344262295,0.4998360655737705,0.5591311475409836,0.011963934897959185,0.011128673469387755,0.00902453142857143,0.009590137059930125,0.007677317387798979,0.009224146734748721,0.48731147540983605,0.44496721311475407,0.6107540983606558,0.14078290398126458,0.0304613583138173,0.06695409836065569,70,61,0.6118571428571424,0.6837704918032783,74.0381679389313,131,20
1773,1773.0,0.3463333333333333,0.4740694444444444,0.5445138888888889,0.35854098360655734,0.4949180327868853,0.5584098360655739,0.011647,0.011127036844135803,0.009229194251543211,0.009496313894114485,0.00794063262563827,0.00932191400161247,0.4713934426229508,0.4446229508196722,0.6095409836065574,0.12506010928961747,0.029446493624772196,0.06502709471766854,72,61,0.6184722222222216,0.6532786885245897,74.61654135338345,133,20
1774,1774.0,0.3484027777777778,0.47490277777777773,0.5430972222222222,0.35942622950819675,0.493327868852459,0.5551967213114755,0.012073851658950618,0.011042893325617285,0.009061476658950619,0.009574244557914542,0.00784402364955657,0.009147141628594462,0.4658524590163935,0.43819672131147536,0.5989016393442623,0.11744968123861571,0.03670605646630237,0.055804417122040095,72,61,0.6198611111111104,0.6342622950819669,74.55639097744361,133,23
1775,1775.0,0.3474428571428571,0.47468571428571443,0.5428714285714287,0.35783870967741943,0.4960322580645161,0.551725806451613,0.012317046734693879,0.011241501224489794,0.00919782632653061,0.00951484495317378,0.008326224765868888,0.00907945707596254,0.4721612903225806,0.43677419354838715,0.595741935483871,0.12471843317972348,0.03791152073732729,0.05287050691244233,70,62,0.6519999999999994,0.6138709677419352,74.31060606060606,132,20
1776,1776.0,0.34924285714285713,0.47257142857142853,0.538657142857143,0.36201587301587307,0.4985714285714285,0.5499206349206349,0.011963012448979593,0.011070787755102037,0.008753339591836736,0.010445634668682289,0.00859380045351474,0.009137374653565126,0.47461904761904755,0.44000000000000006,0.5969365079365079,0.12537619047619042,0.032571428571428473,0.05827936507936493,70,63,0.6548571428571422,0.5836507936507932,74.65413533834587,133,23
1777,1777.0,0.34924285714285713,0.47257142857142853,0.538657142857143,0.3632295081967214,0.5001147540983606,0.5501147540983605,0.011963012448979593,0.011070787755102037,0.008753339591836736,0.010245685030905673,0.008582757323300189,0.008385249126578875,0.4756065573770492,0.4412622950819672,0.5981967213114753,0.12636370023419208,0.03130913348946135,0.05953957845433233,70,61,0.6491428571428565,0.6037704918032785,75.1526717557252,131,24
1778,1778.0,0.3517462686567164,0.4758358208955224,0.5427014925373135,0.3632295081967214,0.5001147540983606,0.5501147540983605,0.012297801292047227,0.011247510358654489,0.008737313878369348,0.010245685030905673,0.008582757323300189,0.008385249126578875,0.4756065573770492,0.4412622950819672,0.5981967213114753,0.12386028872033283,0.03457352581355522,0.0554952287741618,67,61,0.6461194029850741,0.6295081967213111,75.3515625,128,23
1779,1779.0,0.3517462686567164,0.4758358208955224,0.5427014925373135,0.3632295081967214,0.5001147540983606,0.5501147540983605,0.012297801292047227,0.011247510358654489,0.008737313878369348,0.010245685030905673,0.008582757323300189,0.008385249126578875,0.4756065573770492,0.4412622950819672,0.5981967213114753,0.12386028872033283,0.03457352581355522,0.0554952287741618,67,61,0.6261194029850741,0.6259016393442619,76.3515625,128,29
1780,1780.0,0.35363768115942024,0.47628985507246385,0.5416231884057972,0.3632295081967214,0.5001147540983606,0.5501147540983605,0.012061216551144718,0.010931597143457254,0.00869710438983407,0.010245685030905673,0.008582757323300189,0.008385249126578875,0.4756065573770492,0.4412622950819672,0.5981967213114753,0.12196887621762897,0.03502755999049667,0.056573532905678126,69,61,0.630579710144927,0.6321311475409833,76.84615384615384,130,28
1781,1781.0,0.35802898550724627,0.4762318840579711,0.5371449275362317,0.36088524590163934,0.4960819672131147,0.5494262295081968,0.012235680319260662,0.010775453476160471,0.008414558706154169,0.010562429454447726,0.009970829346949745,0.008415228164471916,0.4778196721311475,0.44309836065573766,0.6012622950819669,0.11979068662390124,0.03313352340223347,0.06411736754573527,69,61,0.643043478260869,0.6544262295081963,76.2,130,23
1782,1782.0,0.3580735294117647,0.476764705882353,0.5355588235294116,0.3575,0.49533333333333324,0.55065,0.012415479887543254,0.010914326989619378,0.008364717128027681,0.010039416666666665,0.010102822222222222,0.008464127499999998,0.4730166666666667,0.43933333333333324,0.5983833333333332,0.11494313725490202,0.03743137254901974,0.06282450980392151,68,60,0.6429411764705876,0.6964999999999996,76.8984375,128,21
1783,1783.0,0.354179104477612,0.4778358208955224,0.5391641791044774,0.3616333333333333,0.49841666666666656,0.54905,0.012496326130541323,0.011143570060147025,0.007965361104923145,0.010396532222222222,0.010005909722222223,0.008287180833333331,0.49185,0.45159999999999995,0.6107499999999999,0.13767089552238804,0.026235820895522455,0.07158582089552246,67,60,0.6517910447761188,0.689833333333333,76.37795275590551,127,20
1784,1784.0,0.3530923076923077,0.4778153846153846,0.5405846153846154,0.36111290322580636,0.4963387096774192,0.5508064516129033,0.01281799147928994,0.010835042840236687,0.008068981301775151,0.010069487252861605,0.009847804630593135,0.008112801248699272,0.49483870967741933,0.45217741935483863,0.6145161290322579,0.14174640198511163,0.02563796526054596,0.0739315136476425,65,62,0.64476923076923,0.7256451612903222,77.09448818897638,127,18
1785,1785.0,0.36052307692307695,0.4786461538461539,0.5441846153846154,0.35994915254237286,0.4918474576271186,0.5507457627118644,0.013415603313609468,0.010875644023668639,0.008129535147928994,0.009689065211146222,0.009624807239299052,0.008205274346452168,0.5014576271186441,0.44172881355932203,0.604457627118644,0.1409345501955671,0.03691734028683186,0.06027301173402866,65,59,0.6364615384615377,0.6901694915254232,75.63709677419355,124,19
1786,1786.0,0.3592380952380953,0.47823809523809524,0.5456825396825397,0.36311475409836064,0.49216393442622947,0.5529508196721312,0.013919356009070292,0.011133419501133788,0.008406089695137314,0.009685117979037892,0.009484530502553077,0.00814906315506584,0.5101147540983607,0.44045901639344265,0.6048688524590162,0.1508766588602654,0.03777907884465259,0.05918631277647657,63,61,0.6363492063492057,0.6826229508196718,74.54032258064517,124,19
1787,1787.0,0.3592380952380953,0.47823809523809524,0.5456825396825397,0.3683770491803279,0.49463934426229506,0.5519508196721311,0.013919356009070292,0.011133419501133788,0.008406089695137314,0.009040529965063155,0.009425607632356895,0.008238964794410103,0.5209508196721312,0.4428688524590164,0.6142295081967212,0.1617127244340359,0.035369242779078824,0.06854696851418152,63,61,0.6298412698412693,0.7062295081967208,75.29838709677419,124,20
1788,1788.0,0.3636923076923077,0.48669230769230765,0.5442153846153847,0.3683770491803279,0.49463934426229506,0.5519508196721311,0.01508904378698225,0.01178738224852071,0.00822386130177515,0.009040529965063155,0.009425607632356895,0.008238964794410103,0.5209508196721312,0.4428688524590164,0.6142295081967212,0.1572585119798235,0.04382345523329123,0.07001412358133652,65,61,0.6204615384615377,0.7009836065573768,75.39682539682539,126,22
1789,1789.0,0.3610597014925373,0.48337313432835816,0.5444029850746269,0.3661754385964912,0.4874561403508772,0.5574736842105263,0.01494614568946313,0.011823189128981955,0.008000479394074405,0.008803092028316405,0.009084353339489074,0.008205863342566943,0.5166842105263157,0.4209122807017544,0.6170175438596491,0.15562450903377845,0.06246085362660375,0.07261455878502221,67,57,0.6183582089552233,0.684210526315789,74.33064516129032,124,23
1790,1790.0,0.36379104477611945,0.47965671641791047,0.5446865671641791,0.36910909090909083,0.4897272727272726,0.5521454545454545,0.014220016039206954,0.011578016484740475,0.008060573401648476,0.008832097190082643,0.00923710743801653,0.007694560661157023,0.5241636363636364,0.42038181818181825,0.605090909090909,0.16037259158751693,0.05927489823609222,0.06040434192672994,67,55,0.6085074626865664,0.7276363636363632,74.6311475409836,122,19
1791,1791.0,0.3646417910447761,0.48189552238805966,0.5420746268656714,0.3696481481481481,0.4889629629629629,0.5553888888888889,0.014130319447538429,0.010974541323234574,0.00853009890844286,0.008972783607681754,0.009211109739368999,0.0072898672839506184,0.5261296296296296,0.4232222222222222,0.6096111111111111,0.1614878385848535,0.05867330016583744,0.06753648424543968,67,54,0.6083582089552232,0.6864814814814812,74.40495867768595,121,25
1792,1792.0,0.3625,0.48153030303030303,0.5418939393939394,0.368719298245614,0.4854561403508772,0.5529473684210526,0.014037068181818184,0.01113188544536272,0.00865715541781451,0.00896578085564789,0.009575967374576793,0.007209839335180054,0.5218070175438596,0.41991228070175435,0.6184561403508773,0.15930701754385962,0.06161802232854868,0.07656220095693789,66,57,0.6233333333333326,0.6656140350877189,74.35772357723577,123,25
1793,1793.0,0.3627384615384615,0.4851230769230769,0.5444769230769231,0.37066666666666664,0.4865263157894737,0.5520350877192982,0.014249270059171596,0.010451215621301775,0.008350003313609468,0.008984502923976609,0.009375863342566945,0.007179718067097568,0.5170175438596492,0.41264912280701754,0.6116491228070174,0.15427908232118764,0.07247395411605934,0.06717219973009436,65,57,0.6364615384615379,0.6873684210526312,74.72950819672131,122,24
1794,1794.0,0.3616969696969697,0.48436363636363633,0.5446212121212122,0.3766,0.4903666666666666,0.5525166666666668,0.014103877869605144,0.010330352617079888,0.008224841368227733,0.009388173333333333,0.009800932222222223,0.006832683055555555,0.5334,0.4144833333333333,0.6015166666666667,0.1717030303030303,0.06988030303030301,0.05689545454545453,66,60,0.6109090909090902,0.679833333333333,75.12698412698413,126,26
1795,1795.0,0.3597794117647059,0.4859117647058824,0.5487794117647059,0.3745573770491803,0.49278688524590164,0.5508032786885246,0.013911054282006919,0.010107492214532872,0.008555907223183393,0.009484607363611931,0.009991708680462242,0.0068968137597420045,0.5315573770491803,0.42311475409836063,0.5981147540983607,0.17177796528447437,0.06279701060752174,0.049335342333654775,68,61,0.6213235294117642,0.6695081967213109,75.5813953488372,129,25
1796,1796.0,0.3589850746268657,0.4835671641791045,0.5468358208955225,0.3766333333333333,0.49195,0.55045,0.014082044553352642,0.010126872354644687,0.008556286478057475,0.00937979888888889,0.010115514166666667,0.007004147499999999,0.5353166666666667,0.42419999999999997,0.5922166666666667,0.17633159203980098,0.05936716417910454,0.04538084577114421,67,60,0.6189552238805962,0.6684999999999998,75.78740157480316,127,26
1797,1797.0,0.35810447761194025,0.4788656716417911,0.5486567164179105,0.3760677966101695,0.4932033898305085,0.5505932203389831,0.013935944308309198,0.009832713299175764,0.00836419558921809,0.009519588623958632,0.010192704395288708,0.007121631140476873,0.5362203389830509,0.4241694915254237,0.5896779661016949,0.17811586137111063,0.0546961801163674,0.0410212496837844,67,59,0.6317910447761187,0.6793220338983047,76.21428571428571,126,25
1798,1798.0,0.3608,0.48163076923076925,0.5470000000000002,0.3806607142857143,0.49376785714285715,0.5466607142857143,0.014004036923076923,0.009452294437869824,0.008421784615384616,0.00998975988520408,0.010248892538265306,0.006736045599489795,0.5427321428571429,0.4348571428571428,0.5987142857142856,0.18193214285714288,0.046773626373626476,0.05171428571428549,65,56,0.6487692307692301,0.6705357142857139,74.7603305785124,121,26
1799,1799.0,0.35923880597014923,0.48064179104477617,0.5473880597014927,0.3799636363636363,0.49334545454545453,0.5477636363636365,0.013666898195589219,0.00930760302962798,0.008198685230563602,0.010144180495867771,0.010425244297520661,0.0067903986776859495,0.5449090909090909,0.4271818181818182,0.6021272727272727,0.18567028493894167,0.05345997286295795,0.05473921302578,67,55,0.6383582089552233,0.6789090909090905,75.5327868852459,122,28
1800,1800.0,0.36117647058823527,0.48127941176470584,0.5435441176470588,0.3798363636363635,0.48934545454545453,0.5505272727272728,0.013512498269896197,0.009066995458477509,0.00807360099480969,0.010163373223140497,0.0094600079338843,0.006540867438016528,0.552509090909091,0.41807272727272726,0.6037454545454545,0.19133262032085568,0.06320668449197858,0.060201336898395685,68,55,0.6423529411764699,0.7289090909090903,75.52032520325203,123,21
1801,1801.0,0.3585151515151515,0.47989393939393943,0.5409696969696969,0.38132075471698107,0.4915471698113208,0.5495283018867925,0.013589492194674011,0.009276488751147843,0.008035574839302114,0.01048606692773229,0.009649719473122109,0.00672628693485226,0.5550943396226415,0.41898113207547166,0.6028679245283018,0.19657918810749003,0.060912807318467765,0.06189822755860497,66,53,0.6381818181818175,0.7428301886792449,75.32773109243698,119,25
1802,1802.0,0.3551846153846154,0.4788615384615385,0.5416923076923077,0.37924528301886795,0.4919811320754716,0.5500754716981132,0.013423135147928995,0.008807934674556213,0.007470582248520711,0.010516298326806693,0.009660773228907085,0.006720484870060519,0.5535094339622642,0.4211698113207547,0.6036415094339623,0.19832481857764878,0.0576917271407838,0.061949201741654636,65,53,0.636615384615384,0.7183018867924525,75.27966101694915,118,31
1803,1803.0,0.3544761904761905,0.48293650793650794,0.542015873015873,0.38233333333333336,0.49590740740740735,0.5500925925925926,0.013745455782312926,0.008543678508440414,0.007704333081380701,0.010826962962962967,0.010298898834019203,0.006596046982167351,0.5539074074074074,0.4255,0.6041481481481482,0.1994312169312169,0.05743650793650795,0.06213227513227526,63,54,0.6204761904761898,0.7159259259259255,75.2905982905983,117,35
1804,1804.0,0.3544761904761905,0.48293650793650794,0.542015873015873,0.38847272727272725,0.49938181818181815,0.5496727272727273,0.013745455782312926,0.008543678508440414,0.007704333081380701,0.01266548561983471,0.01076350876033058,0.006485638347107438,0.5547272727272727,0.4298363636363637,0.6043090909090909,0.20025108225108224,0.05310014430014426,0.062293217893217956,63,55,0.6457142857142852,0.731454545454545,76.3135593220339,118,32
1805,1805.0,0.3544761904761905,0.48293650793650794,0.542015873015873,0.38801851851851843,0.4992962962962963,0.5499444444444445,0.013745455782312926,0.008543678508440414,0.007704333081380701,0.012888684842249656,0.010962430727023319,0.00660168209876543,0.5490185185185186,0.4325555555555556,0.6084999999999999,0.19454232804232807,0.05038095238095236,0.06648412698412698,63,54,0.6485714285714278,0.7618518518518514,77.23076923076923,117,33
1806,1806.0,0.35535384615384613,0.48264615384615384,0.542723076923077,0.3857358490566037,0.4968301886792454,0.5513396226415095,0.01357967479289941,0.00844075171597633,0.007518600236686391,0.012752571733713065,0.01121636739053044,0.006493205411178355,0.5421132075471699,0.4233962264150944,0.6141698113207548,0.18675936139332372,0.059249927431059446,0.07144673439767779,65,53,0.651538461538461,0.765283018867924,77.35593220338983,118,33
1807,1807.0,0.3561269841269841,0.48534920634920636,0.5437777777777777,0.3889074074074074,0.5037777777777778,0.5526111111111112,0.01398106324011086,0.008369909800957418,0.007544934744268078,0.013830639574759947,0.012421617283950618,0.006495200617283951,0.5475555555555555,0.43511111111111106,0.6190740740740741,0.19142857142857134,0.050238095238095304,0.07529629629629642,63,54,0.6539682539682533,0.7861111111111108,77.66666666666667,117,33
1808,1808.0,0.35828125,0.48429687499999996,0.5435625,0.38473684210526315,0.5035263157894737,0.5520175438596491,0.014339670898437504,0.008239396240234375,0.00793377734375,0.014744544783010157,0.012253968605724839,0.006276122499230533,0.539280701754386,0.43638596491228065,0.6303684210526316,0.18099945175438603,0.047910910087719305,0.08680592105263163,64,57,0.6765624999999994,0.7322807017543855,76.68595041322314,121,31
1809,1809.0,0.3615555555555556,0.48101587301587306,0.5413174603174603,0.38473684210526315,0.5035263157894737,0.5520175438596491,0.013881135802469139,0.0076812219702695915,0.007737137314184936,0.014744544783010157,0.012253968605724839,0.006276122499230533,0.539280701754386,0.43638596491228065,0.6303684210526316,0.17772514619883045,0.04462990810359241,0.08905096073517127,63,57,0.6785714285714279,0.7473684210526312,77.425,120,31
1810,1810.0,0.36370769230769234,0.48506153846153843,0.5429999999999999,0.38645762711864395,0.5077457627118644,0.5468474576271187,0.015226945325443789,0.008839965443786983,0.007389876923076924,0.014668044814708417,0.01177734214306234,0.005980705544383798,0.5544067796610169,0.4435593220338983,0.6181016949152544,0.19069908735332458,0.041502216427640126,0.07510169491525442,65,59,0.716615384615384,0.71728813559322,76.71774193548387,124,26
1811,1811.0,0.36592307692307696,0.4807692307692308,0.5414307692307693,0.38576666666666665,0.5082833333333333,0.5492166666666666,0.01529324023668639,0.009341377514792899,0.007518645207100592,0.014443478888888889,0.011576836388888892,0.006602703055555556,0.5515500000000001,0.4543666666666667,0.6156500000000001,0.18562692307692313,0.026402564102564086,0.07421923076923087,65,60,0.6933846153846148,0.6871666666666663,75.672,125,28
1812,1812.0,0.3688333333333334,0.4842121212121212,0.5398030303030303,0.38576666666666665,0.5082833333333333,0.5492166666666666,0.01561204797979798,0.009970318640955007,0.007576946051423325,0.014443478888888889,0.011576836388888892,0.006602703055555556,0.5515500000000001,0.4543666666666667,0.6156500000000001,0.1827166666666667,0.02984545454545451,0.0758469696969698,66,60,0.696515151515151,0.7304999999999996,76.07936507936508,126,24
1813,1813.0,0.36548437500000003,0.483375,0.5422031250000001,0.38029032258064516,0.5040645161290321,0.551274193548387,0.015729687255859378,0.010170984375,0.007568505615234375,0.014894335067637876,0.011884318418314258,0.006520618366285119,0.550258064516129,0.44699999999999995,0.6209032258064516,0.184773689516129,0.036375000000000046,0.07870010080645151,64,62,0.7106249999999994,0.7488709677419352,76.71428571428571,126,22
1814,1814.0,0.36463492063492065,0.4869523809523809,0.542015873015873,0.3784,0.50085,0.5531166666666667,0.015914136558327036,0.010111759637188212,0.007279221970269589,0.01514774,0.011924927500000003,0.006095103055555554,0.5510333333333333,0.43244999999999995,0.6278833333333332,0.18639841269841262,0.05450238095238097,0.08586746031746029,63,60,0.6768253968253964,0.7788333333333328,76.95121951219512,123,23
1815,1815.0,0.3633548387096775,0.4874838709677419,0.5425645161290323,0.37936666666666674,0.49885,0.5537500000000002,0.016067583766909473,0.010257056191467223,0.007377665192507804,0.015086098888888889,0.0125739275,0.005927487499999999,0.5480999999999999,0.44414999999999993,0.6237333333333334,0.18474516129032242,0.04333387096774194,0.08116881720430102,62,60,0.671129032258064,0.7721666666666666,76.13934426229508,122,24
1816,1816.0,0.3655625,0.489109375,0.53990625,0.3785901639344263,0.4986393442622951,0.5507213114754099,0.017312683593750003,0.010833503662109376,0.0075214912109375,0.014874963181940341,0.012370460091373287,0.006380692824509541,0.5436065573770491,0.4421639344262295,0.6159180327868852,0.1780440573770491,0.046945440573770536,0.07601178278688514,64,61,0.6815624999999994,0.7685245901639339,76.288,125,22
1817,1817.0,0.36900000000000005,0.4900454545454546,0.5416969696969698,0.3745555555555556,0.4953015873015873,0.5540634920634921,0.017185121212121214,0.010544194903581269,0.007471938475665749,0.015165580246913583,0.012317924918115394,0.006758567397329304,0.5385238095238095,0.43826984126984125,0.6263015873015874,0.16952380952380947,0.051775613275613364,0.08460461760461757,66,63,0.6634848484848479,0.7257142857142854,75.94573643410853,129,27
1818,1818.0,0.37322727272727274,0.4932272727272727,0.5418939393939394,0.3793846153846154,0.5000615384615384,0.5567076923076923,0.017422387741046833,0.011200387741046834,0.007561094811753903,0.01629679053254438,0.012930303905325445,0.007568422248520709,0.5376461538461538,0.43979999999999997,0.6325692307692309,0.16441888111888103,0.05342727272727271,0.09067529137529151,66,65,0.6477272727272723,0.7055384615384612,75.64885496183206,131,27
1819,1819.0,0.371046875,0.49403125,0.5457968750000001,0.3778125,0.49931249999999994,0.557109375,0.018176294677734378,0.011254217773437498,0.008279599365234376,0.01645733984375,0.01286387109375,0.007620409912109375,0.527109375,0.439703125,0.6405156249999999,0.1560625,0.054328125000000005,0.09471874999999985,64,64,0.6551562499999994,0.7214062499999996,74.921875,128,25
1820,1820.0,0.371258064516129,0.4921290322580646,0.5479193548387097,0.38192187499999997,0.503859375,0.557265625,0.017497320499479708,0.010909951092611867,0.008238041883454734,0.015994072021484375,0.012808527099609376,0.007626913818359373,0.52715625,0.44818749999999996,0.63421875,0.15589818548387097,0.04394153225806463,0.08629939516129037,62,64,0.6695161290322575,0.7378124999999996,74.44444444444444,126,24
1821,1821.0,0.3768225806451613,0.4956774193548388,0.5455967741935485,0.38180000000000003,0.5040615384615386,0.5559538461538461,0.018203565296566075,0.011279670135275754,0.007995369667013526,0.01576096,0.013158242366863908,0.007585551715976331,0.5188615384615385,0.45012307692307685,0.6310461538461538,0.1420389578163772,0.04555434243176193,0.08544937965260535,62,65,0.672096774193548,0.703384615384615,74.24409448818898,127,27
1822,1822.0,0.3765737704918033,0.49596721311475406,0.5460983606557377,0.3780461538461538,0.5019076923076924,0.5579384615384615,0.0184981461972588,0.011459375974200483,0.008110842784197795,0.016284013254437867,0.01416371455621302,0.007495011597633135,0.5205384615384614,0.45146153846153847,0.6391538461538462,0.1439646910466581,0.04450567465321559,0.09305548549810849,61,65,0.6831147540983601,0.689384615384615,73.73809523809524,126,26
1823,1823.0,0.37474193548387097,0.4943870967741935,0.5468548387096774,0.3784153846153846,0.5010769230769231,0.5628923076923077,0.01840448178980229,0.011426850156087407,0.008014930541103018,0.016207781301775148,0.014137947928994086,0.00716394224852071,0.526553846153846,0.4525076923076923,0.6471538461538461,0.15181191066997507,0.041879404466501235,0.10029900744416864,62,65,0.6749999999999996,0.7269230769230766,73.63779527559055,127,23
1824,1824.0,0.37630508474576274,0.49615254237288137,0.5423220338983051,0.379,0.5005873015873016,0.563031746031746,0.01926973743177248,0.011738637747773624,0.00793872680264292,0.01636120634920635,0.014526909045099524,0.007179872008062485,0.5223015873015873,0.4477142857142857,0.6445079365079364,0.14599650255582453,0.04843825665859569,0.10218590260963123,59,63,0.669661016949152,0.7446031746031744,73.17213114754098,122,23
1825,1825.0,0.37523333333333336,0.4953,0.5415333333333334,0.3789230769230769,0.49353846153846154,0.5597384615384616,0.01896734555555556,0.011705343333333331,0.007880115555555555,0.01592450177514793,0.014987448520710059,0.007308931597633135,0.5279230769230769,0.4308153846153846,0.6417999999999999,0.15268974358974358,0.06448461538461542,0.1002666666666665,60,65,0.6454999999999996,0.7493846153846151,72.984,125,22
1826,1826.0,0.37949180327868853,0.5014262295081968,0.5422459016393443,0.373820895522388,0.49314925373134333,0.5585223880597016,0.019329987637731794,0.01210463800053749,0.00802611986025262,0.016139938070839834,0.01437490309645801,0.007236786812207618,0.5272238805970149,0.4405671641791045,0.6353880597014926,0.14773207731832633,0.0608590653290923,0.09314215806214832,61,67,0.6399999999999996,0.6885074626865668,72.390625,128,26
1827,1827.0,0.37518032786885247,0.499344262295082,0.5408032786885246,0.37325757575757573,0.4919545454545455,0.5565151515151516,0.020291590432679387,0.012193045417898412,0.00800861703843053,0.016363221533516988,0.014497073691460057,0.007076492194674013,0.5283333333333333,0.442909090909091,0.6328333333333335,0.15315300546448085,0.05643517138599102,0.09203005464480885,61,66,0.6362295081967207,0.7239393939393935,72.15748031496064,127,22
1828,1828.0,0.378421875,0.50096875,0.539234375,0.3772238805970149,0.4929104477611939,0.5564626865671642,0.020031118896484377,0.0122879990234375,0.007828085693359375,0.017357517041657385,0.014679753174426376,0.007004845622633103,0.5262388059701492,0.45567164179104475,0.6356119402985074,0.14781693097014914,0.04529710820895522,0.09637756529850738,64,67,0.6287499999999995,0.6931343283582087,70.59541984732824,131,23
1829,1829.0,0.38135384615384615,0.5014461538461538,0.5399538461538462,0.3806376811594202,0.4944202898550724,0.556840579710145,0.020273120946745566,0.012113539408284024,0.007740782485207101,0.01716678176853602,0.014283634950640622,0.007234684730098719,0.528550724637681,0.45866666666666667,0.6320144927536231,0.1471968784838349,0.0427794871794871,0.09206064659977686,65,69,0.6109230769230763,0.6857971014492751,70.6268656716418,134,24
1830,1830.0,0.38135384615384615,0.5014461538461538,0.5399538461538462,0.3766470588235294,0.49044117647058827,0.5579852941176471,0.020273120946745566,0.012113539408284024,0.007740782485207101,0.016320404844290655,0.013401187716262978,0.007250661548442906,0.5250588235294118,0.45552941176470585,0.6349264705882353,0.14370497737556565,0.045916742081447914,0.09497262443438903,65,68,0.6139999999999994,0.7022058823529408,71.26315789473684,133,24
1831,1831.0,0.381390625,0.5031874999999999,0.5366718749999999,0.37480597014925365,0.491313432835821,0.55744776119403,0.02086617553710938,0.011981964843749998,0.007594720458984376,0.016333499665849856,0.013549468924036533,0.007339232345734015,0.5304925373134328,0.45425373134328356,0.6303432835820894,0.14910191231343284,0.04893376865671634,0.09367140858208944,64,67,0.6206249999999995,0.7268656716417907,71.47328244274809,131,22
1832,1832.0,0.38428787878787884,0.5078484848484849,0.5372878787878788,0.3800895522388059,0.4973880597014926,0.5539402985074627,0.020519901974288338,0.012321401285583101,0.00742372015610652,0.017110738249053233,0.013514834484294943,0.0068986531521496985,0.5365671641791045,0.4598358208955224,0.6230895522388059,0.1522792853912257,0.0480126639529625,0.08580167345092715,66,67,0.6060606060606056,0.7038805970149249,70.26315789473684,133,23
1833,1833.0,0.38428787878787884,0.5078484848484849,0.5372878787878788,0.38144117647058823,0.4959558823529412,0.5541176470588235,0.020519901974288338,0.012321401285583101,0.00742372015610652,0.017423864186851205,0.013398453935986163,0.006838133217993079,0.5338235294117647,0.45805882352941174,0.6285588235294116,0.14953565062388585,0.04978966131907314,0.09127094474153286,66,68,0.6193939393939388,0.700441176470588,71.22388059701493,134,23
1834,1834.0,0.38587692307692306,0.5117692307692309,0.539323076923077,0.3845970149253731,0.4975671641791044,0.5517761194029851,0.020692477159763314,0.011707285207100588,0.007592864852071008,0.01700668834929828,0.01342188728001782,0.0065673677879260406,0.5367462686567164,0.4586417910447761,0.6233731343283582,0.1508693455797933,0.05312743972445477,0.08405005740528115,65,67,0.6427692307692302,0.7173134328358205,71.99242424242425,132,19
1835,1835.0,0.3815671641791045,0.5093134328358211,0.5384776119402985,0.372390625,0.485625,0.5551875000000001,0.020697857429271556,0.011560991312096234,0.0076879509913120965,0.015859019287109373,0.013154515624999998,0.006946433593749999,0.5316406250000001,0.4443125,0.6288906249999999,0.15007346082089557,0.06500093283582109,0.0904130130597014,67,64,0.630298507462686,0.6942187499999997,71.06870229007633,131,21
1836,1836.0,0.37985507246376815,0.5148550724637682,0.5370724637681159,0.369984126984127,0.4861269841269842,0.5557936507936508,0.020243660155429527,0.012262558706154168,0.0075347628649443405,0.015740110859158482,0.013347190224237842,0.00703317964222726,0.5309206349206349,0.4446984126984127,0.6292063492063491,0.15106556245686675,0.07015665976535546,0.0921338854382332,69,63,0.6201449275362314,0.685396825396825,71.61363636363636,132,24
1837,1837.0,0.37583582089552237,0.5154029850746268,0.5366716417910448,0.3694754098360656,0.4846557377049181,0.5577704918032788,0.02028733125417688,0.012564330140343059,0.007754071285364226,0.01619424939532384,0.013661504434291857,0.006968340768610588,0.5274590163934427,0.4384262295081967,0.637672131147541,0.15162319549792036,0.07697675556643008,0.10100048935649619,67,61,0.6480597014925368,0.7222950819672129,71.8828125,128,20
1838,1838.0,0.37496969696969695,0.5085303030303031,0.5452272727272728,0.3681935483870968,0.4831451612903226,0.5581451612903227,0.01849072635445363,0.012278885445362717,0.00788144834710744,0.016655220603537982,0.013420866024973988,0.006832607960457856,0.527225806451613,0.4328387096774194,0.635290322580645,0.15225610948191604,0.07569159335288372,0.09006304985337221,66,62,0.6643939393939389,0.6982258064516126,71.0234375,128,18
1839,1839.0,0.3732769230769231,0.5056153846153847,0.5475384615384615,0.3673114754098361,0.4822295081967214,0.5590491803278688,0.018586077159763317,0.011907005917159763,0.007650156213017753,0.016880017737167432,0.013588898145659768,0.006893948400967482,0.523655737704918,0.43368852459016394,0.6357540983606556,0.1503788146279949,0.07192686002522075,0.08821563682219402,65,61,0.6593846153846148,0.7242622950819667,71.4920634920635,126,17
1840,1840.0,0.3784603174603174,0.5095079365079365,0.5440158730158731,0.36588709677419357,0.48072580645161295,0.5591774193548387,0.018499200806248423,0.012121361048122952,0.007749031494079114,0.016731519510926118,0.013507650624349632,0.0067837588449531725,0.5188870967741935,0.42800000000000005,0.6305645161290321,0.14042677931387615,0.08150793650793642,0.08654864311315902,63,62,0.6541269841269837,0.6969354838709675,70.272,125,20
1841,1841.0,0.3869,0.5139,0.5425666666666668,0.36344262295081964,0.48188524590163934,0.5591639344262295,0.018500890000000002,0.011643423333333331,0.007934712222222222,0.016635328675087338,0.013645740929857564,0.0068949567320612725,0.5251311475409837,0.42639344262295087,0.6252459016393441,0.13823114754098365,0.08750655737704915,0.08267923497267737,60,61,0.6693333333333328,0.7013114754098355,69.14049586776859,121,21
1842,1842.0,0.38467796610169497,0.5129322033898306,0.5447457627118644,0.3655833333333333,0.48545,0.5594,0.01851821832806665,0.011784571674806088,0.0077842912956047105,0.016633043055555553,0.013098014166666666,0.007006473333333333,0.5277999999999999,0.42743333333333333,0.6217666666666666,0.14312203389830497,0.08549887005649726,0.07702090395480221,59,60,0.6813559322033894,0.7384999999999998,69.40336134453781,119,19
1843,1843.0,0.3873548387096774,0.5139032258064516,0.5444193548387097,0.35837288135593215,0.4821694915254237,0.5551016949152543,0.017931906347554632,0.011339958376690945,0.008760533818938605,0.01518372536627406,0.012372683137029591,0.006502193047974718,0.5361525423728813,0.42777966101694914,0.6212881355932205,0.14879770366320394,0.0861235647895025,0.07686878075451076,62,59,0.658387096774193,0.7338983050847455,68.89256198347107,121,19
1844,1844.0,0.384359375,0.5159218750000001,0.544734375,0.3590677966101695,0.4830677966101695,0.5574745762711865,0.01764976147460938,0.011123790771484374,0.008518913818359375,0.015321012352772192,0.012519792013789138,0.006178113760413672,0.5439322033898305,0.42877966101694925,0.6222372881355933,0.1595728283898305,0.08714221398305083,0.07750291313559332,64,59,0.6692187499999995,0.7040677966101693,69.1219512195122,123,20
1845,1845.0,0.3862539682539682,0.5176349206349207,0.5398888888888889,0.36308333333333337,0.4844,0.5572999999999999,0.016890189468379946,0.011088930209120685,0.008236257495590829,0.01601700972222222,0.012415840000000001,0.006076943333333333,0.5454333333333333,0.4327833333333334,0.6222833333333334,0.15917936507936514,0.08485158730158726,0.08239444444444455,63,60,0.6930158730158728,0.696833333333333,69.72357723577235,123,20
1846,1846.0,0.3892459016393442,0.5165901639344261,0.5414098360655738,0.35967213114754104,0.48119672131147545,0.5561311475409835,0.017132480515990325,0.011344143509809192,0.008426536952432142,0.016452613813490998,0.012827961300725608,0.006059294275732329,0.5401311475409836,0.4266229508196722,0.6190491803278688,0.15088524590163938,0.08996721311475392,0.07763934426229502,61,61,0.6637704918032782,0.7009836065573768,70.07377049180327,122,23
1847,1847.0,0.3894126984126983,0.5147460317460316,0.536,0.35967213114754104,0.48119672131147545,0.5561311475409835,0.016684083648274128,0.011657522801713279,0.007871936507936508,0.016452613813490998,0.012827961300725608,0.006059294275732329,0.5401311475409836,0.4266229508196722,0.6190491803278688,0.15071844912828525,0.0881230809263594,0.08304918032786879,63,61,0.6647619047619044,0.6793442622950816,70.24193548387096,124,26
1848,1848.0,0.3878064516129031,0.5162096774193549,0.5372258064516129,0.3620483870967743,0.478483870967742,0.5568387096774193,0.016790639958376694,0.011710585067637874,0.007904239334027055,0.017270175078043706,0.0131652174817898,0.005804877211238293,0.5365483870967742,0.425983870967742,0.6337580645161291,0.1487419354838711,0.09022580645161288,0.09653225806451626,62,62,0.6622580645161285,0.7275806451612902,70.37903225806451,124,22
1849,1849.0,0.3878064516129031,0.5162096774193549,0.5372258064516129,0.3620483870967743,0.478483870967742,0.5568387096774193,0.016790639958376694,0.011710585067637874,0.007904239334027055,0.017270175078043706,0.0131652174817898,0.005804877211238293,0.5365483870967742,0.425983870967742,0.6337580645161291,0.1487419354838711,0.09022580645161288,0.09653225806451626,62,62,0.6503225806451608,0.7640322580645157,71.37903225806451,124,22
1850,1850.0,0.38378125,0.510234375,0.5353125000000001,0.3636129032258065,0.47841935483870973,0.5504032258064517,0.015581202148437502,0.011488429443359375,0.00760690234375,0.017422463059313213,0.01316075962539022,0.007595498699271592,0.5339354838709676,0.4270483870967742,0.6231612903225808,0.15015423387096755,0.08318598790322584,0.08784879032258075,64,62,0.6695312499999995,0.7485483870967741,70.65079365079364,126,21
1851,1851.0,0.3881060606060606,0.5103636363636364,0.5341060606060607,0.364359375,0.480015625,0.5510468749999999,0.014976822084481178,0.011767867768595041,0.007744246326905417,0.017487198974609375,0.013021046630859373,0.007659700927734376,0.526234375,0.4356875,0.6289375,0.1381283143939394,0.07467613636363635,0.09483143939393934,66,64,0.6619696969696965,0.6876562499999996,69.93076923076923,130,21
1852,1852.0,0.3894202898550725,0.5074927536231882,0.5344202898550725,0.366109375,0.4779375,0.55171875,0.015158852341944973,0.011907815164881326,0.007524997269481199,0.017668378662109373,0.01257830859375,0.007602077148437501,0.5315624999999999,0.427734375,0.632828125,0.14214221014492745,0.07975837862318824,0.09840783514492746,69,64,0.6495652173913039,0.6601562499999996,70.28571428571429,133,24
1853,1853.0,0.3905652173913044,0.5049565217391302,0.5316086956521738,0.3636307692307692,0.47961538461538467,0.5512307692307693,0.014901260239445496,0.012154969124133583,0.007260788909892879,0.017701771360946746,0.012660236686390533,0.007582269822485207,0.534523076923077,0.42672307692307687,0.6363076923076922,0.1439578595317726,0.07823344481605332,0.1046989966555184,69,65,0.6275362318840574,0.6729230769230766,69.6268656716418,134,25
1854,1854.0,0.38992857142857146,0.5052714285714284,0.5317857142857142,0.366296875,0.48015625,0.5504375,0.01471635204081633,0.011988169183673469,0.007159225510204081,0.017516333740234376,0.0128390380859375,0.00765983984375,0.532390625,0.432078125,0.63565625,0.14246205357142855,0.07319330357142839,0.10387053571428584,70,64,0.6159999999999995,0.7048437499999995,69.92537313432835,134,23
1855,1855.0,0.3899295774647887,0.5012394366197181,0.5311830985915492,0.37017460317460316,0.4823174603174603,0.5514761904761903,0.01474922039277921,0.013602097599682601,0.007109727038286055,0.0170787472915092,0.012331835726883345,0.007832439909297053,0.5315873015873015,0.4362539682539683,0.6415396825396825,0.14165772412251282,0.06498546836574987,0.1103565839481333,71,63,0.595633802816901,0.744126984126984,69.88805970149254,134,20
1856,1856.0,0.3924246575342465,0.5043835616438356,0.5302054794520548,0.3672153846153846,0.4813076923076923,0.5532153846153847,0.01444460048789642,0.013704017264027023,0.006942218052167385,0.016951215147928994,0.012040089940828402,0.008333645917159762,0.5342923076923077,0.43592307692307686,0.6453230769230769,0.14186765015806124,0.06846048472075872,0.11511759747102213,73,65,0.5806849315068489,0.7279999999999995,69.72463768115942,138,20
1857,1857.0,0.39316216216216215,0.5037432432432434,0.5272297297297298,0.36513235294117646,0.48010294117647057,0.5493382352941176,0.014210054784514245,0.013556866508400291,0.00689423100803506,0.016682644247404843,0.012300268814878893,0.007967576773356402,0.5381911764705882,0.4342058823529412,0.6373823529411765,0.14502901430842607,0.06953736089030216,0.1101526232114467,74,68,0.5608108108108104,0.7151470588235291,69.79577464788733,142,20
1858,1858.0,0.3948815789473685,0.5023552631578948,0.5291184210526315,0.3646142857142857,0.47718571428571427,0.5504428571428571,0.014214709660664822,0.014223044840720222,0.006429235976454293,0.016219951224489798,0.012257494081632653,0.007827132448979594,0.5362000000000001,0.4302857142857143,0.6455571428571429,0.14131842105263165,0.07206954887218048,0.11643872180451142,76,70,0.5514473684210522,0.6995714285714282,69.65068493150685,146,20
1859,1859.0,0.39810666666666666,0.5039600000000001,0.5257466666666666,0.35950724637681153,0.47446376811594204,0.549072463768116,0.01441561528888889,0.014394731733333332,0.0058762158222222215,0.016596713715605962,0.012422712455366516,0.007761197647553036,0.5240579710144928,0.4269130434782608,0.6442028985507245,0.12595130434782614,0.07704695652173926,0.11845623188405796,75,69,0.5402666666666661,0.708405797101449,69.02777777777777,144,19
1860,1860.0,0.3983421052631579,0.5037894736842106,0.5237499999999999,0.3624571428571428,0.47591428571428573,0.5487428571428572,0.014230093490304711,0.014207508310249306,0.006097898026315789,0.016960048163265306,0.012390421224489797,0.007657819591836734,0.5298142857142858,0.42611428571428567,0.6401999999999999,0.1314721804511279,0.0776751879699249,0.11644999999999994,76,70,0.5403947368421048,0.6921428571428568,70.0,146,21
1861,1861.0,0.40024675324675324,0.5037662337662336,0.5269480519480519,0.35555882352941176,0.4773382352941177,0.5469558823529412,0.013827172879068986,0.014058360937763534,0.006279997301399899,0.016320040657439444,0.013017135596885814,0.007798748053633218,0.5206470588235295,0.435735294117647,0.6333823529411765,0.12040030557677622,0.06803093964858664,0.10643430099312456,77,68,0.5623376623376618,0.688676470588235,69.86896551724138,145,18
1862,1862.0,0.40024675324675324,0.5037662337662336,0.5269480519480519,0.3557971014492754,0.47802898550724643,0.5454057971014493,0.013827172879068986,0.014058360937763534,0.006279997301399899,0.016087379122033188,0.012860926696072255,0.007849110691031294,0.5210434782608696,0.43557971014492747,0.6344057971014493,0.12079672501411637,0.06818652362130617,0.10745774515339734,77,69,0.5598701298701294,0.7046376811594199,70.70547945205479,146,17
1863,1863.0,0.4023698630136986,0.505,0.5246164383561644,0.3608873239436619,0.48052112676056336,0.5437183098591549,0.014475082379433287,0.014399753424657534,0.006358620003753049,0.017192691529458442,0.013551122793096608,0.00816930093235469,0.5228169014084507,0.4410985915492958,0.6246338028169015,0.12044703839475213,0.06390140845070419,0.10001736446073706,73,71,0.566575342465753,0.7233802816901406,70.52777777777777,144,12
1864,1864.0,0.4011643835616439,0.5036164383561644,0.5258904109589041,0.3585,0.47854166666666664,0.5454444444444444,0.013905534621880277,0.013862400825670857,0.006433138675173578,0.017358555555555558,0.013641109375,0.008267385802469137,0.5184305555555555,0.43619444444444444,0.6224166666666666,0.1172661719939116,0.06742199391171999,0.09652625570776252,73,72,0.5591780821917802,0.6929166666666663,71.32413793103449,145,18
1865,1865.0,0.40205633802816904,0.5042957746478872,0.5271126760563379,0.36053424657534244,0.4800821917808219,0.544972602739726,0.013720024995040667,0.013368433644118232,0.006538522515373933,0.017418714580596736,0.013625116532182398,0.008170163632951772,0.5201095890410958,0.43810958904109587,0.6228767123287671,0.1180532510129268,0.06618618560679135,0.09576403627242913,71,73,0.5557746478873234,0.7068493150684928,71.75,144,17
1866,1866.0,0.40046376811594203,0.5052898550724636,0.5289999999999999,0.362472972972973,0.48286486486486485,0.5443783783783783,0.013978944339424492,0.0137080609115732,0.006377130434782608,0.01745770872899927,0.014006252008765522,0.00808553250547845,0.5218918918918919,0.44164864864864867,0.6192972972972972,0.12142812377594986,0.06364120642381493,0.0902972972972973,69,74,0.5636231884057966,0.6998648648648644,72.13286713286713,143,18
1867,1867.0,0.3967692307692308,0.5058,0.5305384615384615,0.36456578947368423,0.48252631578947364,0.5425394736842105,0.012770946745562131,0.013405175384615385,0.00648738698224852,0.017373508829639887,0.013644038781163433,0.008172669494459833,0.5266447368421052,0.4443421052631579,0.6208421052631579,0.1298755060728744,0.0614578947368421,0.09030364372469635,65,76,0.5669230769230765,0.698815789473684,72.0354609929078,141,19
1868,1868.0,0.3985454545454546,0.5069393939393938,0.5269696969696971,0.36352000000000007,0.4798666666666666,0.5433466666666666,0.013296732782369147,0.013421178145087236,0.005529756657483929,0.017522036266666666,0.013288355555555555,0.008232119822222224,0.5260400000000001,0.44100000000000006,0.6208933333333332,0.12749454545454547,0.06593939393939374,0.0939236363636361,66,75,0.5880303030303026,0.6893333333333329,72.26241134751773,141,20
1869,1869.0,0.3982769230769231,0.5073384615384615,0.5284923076923076,0.3670259740259741,0.47927272727272724,0.5429480519480518,0.013496538698224854,0.01361714698224852,0.005461819171597632,0.018164025299375948,0.013171523022432113,0.008025529768932367,0.5282337662337663,0.4349870129870131,0.6152727272727272,0.1299568431568432,0.07235144855144843,0.0867804195804196,65,77,0.5761538461538457,0.714285714285714,72.46478873239437,142,17
1870,1870.0,0.39627272727272733,0.5106666666666666,0.5288484848484848,0.37061842105263154,0.4806052631578947,0.5395394736842105,0.013553137741046833,0.014130828282828281,0.0053873103764921935,0.01783655176592798,0.013270607340720216,0.0076318273891966765,0.537078947368421,0.44182894736842104,0.6034342105263159,0.14080622009569366,0.06883771929824556,0.07458572567783106,66,76,0.5712121212121208,0.7161842105263153,72.78169014084507,142,20
1871,1871.0,0.38904545454545447,0.5090454545454545,0.5306818181818181,0.3654805194805195,0.4802857142857142,0.5402987012987013,0.012849800964187329,0.014231103994490357,0.00535982300275482,0.017393548321808065,0.014422204081632651,0.007966261426884806,0.5305324675324676,0.4371558441558442,0.6108441558441557,0.14148701298701316,0.07188961038961028,0.0801623376623376,66,77,0.5886363636363631,0.7322077922077918,72.34265734265735,143,15
1872,1872.0,0.3833623188405798,0.49547826086956526,0.5304057971014493,0.363325,0.48047500000000004,0.5440125,0.013127071623608485,0.016553727788279772,0.005407284604074774,0.017016644375,0.013942199375,0.008145662343750002,0.52745,0.43556249999999996,0.6193624999999999,0.14408768115942017,0.05991576086956529,0.08895670289855062,69,80,0.5926086956521737,0.6811249999999995,71.5503355704698,149,17
1873,1873.0,0.38122058823529414,0.492485294117647,0.5311323529411766,0.36508974358974366,0.48098717948717945,0.5417435897435898,0.013003613105536332,0.01617907331314879,0.00545037954152249,0.017251517587113744,0.014276576758711376,0.008221652202498356,0.5252179487179488,0.43692307692307697,0.619,0.14399736048265466,0.05556221719457005,0.08786764705882344,68,78,0.5845588235294112,0.6725641025641022,71.08219178082192,146,20
1874,1874.0,0.3822571428571429,0.49535714285714283,0.5315714285714287,0.3662025316455697,0.4811392405063291,0.5418227848101267,0.013927676734693877,0.01675374387755102,0.005145673469387754,0.017129731132831276,0.014097664156385194,0.008118069860599262,0.5271645569620255,0.4395316455696203,0.617253164556962,0.14490741410488256,0.05582549728752251,0.0856817359855333,70,79,0.5775714285714282,0.6487341772151896,70.10738255033557,149,18
1875,1875.0,0.37996969696969696,0.4917878787878788,0.5302727272727273,0.3700394736842106,0.4855657894736842,0.5421184210526316,0.014348847566574839,0.016093227731864092,0.005349561983471074,0.01640619581024931,0.014143350934903046,0.00828928860803324,0.5312368421052631,0.44477631578947374,0.6156578947368422,0.15126714513556616,0.04701156299840503,0.08538516746411484,66,76,0.5919696969696966,0.6605263157894733,69.4225352112676,142,16
1876,1876.0,0.37976190476190486,0.49474603174603166,0.5256507936507936,0.36956000000000006,0.48508,0.5423466666666668,0.014762213151927434,0.016593237087427562,0.004950290753338372,0.016607473066666663,0.014313993599999998,0.008395853155555555,0.528,0.43936,0.6187066666666667,0.14823809523809517,0.05538603174603168,0.09305587301587315,63,75,0.6087301587301583,0.6526666666666663,70.14492753623189,138,19
1877,1877.0,0.37902941176470584,0.49220588235294127,0.5274705882352941,0.36968,0.4828133333333333,0.5420933333333334,0.014238528546712802,0.017021369377162626,0.0047498667820069194,0.016584884266666662,0.014812418488888889,0.00837747128888889,0.5242,0.4376133333333333,0.6212000000000001,0.14517058823529416,0.05459254901960797,0.09372941176470595,68,75,0.6032352941176466,0.586533333333333,68.75524475524476,143,19
1878,1878.0,0.38141791044776113,0.49213432835820903,0.5276716417910449,0.37059210526315794,0.48265789473684206,0.5435263157894737,0.014063108932947205,0.017275071508130985,0.004818011583871687,0.01642905730609418,0.014619330332409974,0.008421249307479227,0.5301052631578947,0.43740789473684205,0.6179473684210527,0.1486873527101336,0.05472643362136698,0.09027572663000782,67,76,0.5973134328358204,0.5873684210526311,69.43356643356644,143,22
1879,1879.0,0.38141791044776113,0.49213432835820903,0.5276716417910449,0.37036,0.48288000000000003,0.5429333333333334,0.014063108932947205,0.017275071508130985,0.004818011583871687,0.0164571904,0.0145570656,0.00858136888888889,0.5212800000000001,0.4398266666666666,0.61092,0.13986208955223894,0.05230766169154244,0.08324835820895515,67,75,0.5802985074626863,0.6126666666666662,69.11267605633803,142,21
1880,1880.0,0.37918461538461534,0.49490769230769227,0.5308769230769231,0.37235526315789474,0.48469736842105265,0.5423552631578948,0.0147600274556213,0.018165129940828403,0.004475246390532543,0.016539229051246537,0.014613237361495847,0.008493518524930748,0.5240526315789474,0.4440263157894736,0.6093947368421052,0.1448680161943321,0.05088137651821867,0.07851781376518208,65,76,0.5978461538461534,0.6302631578947364,69.0354609929078,141,18
1881,1881.0,0.37685714285714284,0.495111111111111,0.5291269841269842,0.37451999999999996,0.48457333333333336,0.5421466666666667,0.015042820861678005,0.018639114638447973,0.004421761652809272,0.016403609600000004,0.014806911288888887,0.008603458488888889,0.5252133333333333,0.44436,0.6075866666666666,0.14835619047619047,0.050751111111111025,0.07845968253968238,63,75,0.5796825396825394,0.6651999999999997,69.2536231884058,138,18
1882,1882.0,0.3708032786885246,0.4965573770491803,0.5301311475409837,0.3777564102564102,0.48621794871794877,0.5419487179487179,0.014543830153184629,0.01927749260951357,0.004349917226552002,0.017427081689677843,0.014510529421433268,0.008284843523997372,0.5290512820512822,0.4453461538461538,0.610051282051282,0.15824800336275757,0.05121122320302651,0.07992013451029834,61,78,0.6147540983606554,0.64025641025641,68.61870503597122,139,18
1883,1883.0,0.3736451612903226,0.49649999999999994,0.5301290322580645,0.3838571428571429,0.4902597402597402,0.5391688311688312,0.01480190634755463,0.018966766129032253,0.0042797575442247646,0.017728122448979592,0.013909542924607865,0.0080392052622702,0.5291428571428572,0.45311688311688303,0.6128051948051948,0.15549769585253465,0.04338311688311691,0.08267616254713028,62,77,0.6077419354838702,0.6287012987012982,68.55395683453237,139,19
1884,1884.0,0.37972131147540983,0.4980327868852459,0.5291311475409837,0.3883974358974359,0.4894871794871794,0.5363846153846155,0.014920463316312816,0.01923806449879065,0.004249490997043806,0.018265136916502302,0.014102198553583167,0.007957441814595664,0.5331923076923077,0.44964102564102565,0.6119230769230769,0.15347099621689791,0.04839176124422023,0.08279192938209323,61,78,0.6029508196721309,0.6387179487179484,67.85611510791367,139,18
1885,1885.0,0.381952380952381,0.4996031746031746,0.5276984126984128,0.3870506329113924,0.4868354430379746,0.5337341772151899,0.0147586485260771,0.019090175862937767,0.004211766187956664,0.018939035410991827,0.014596719756449288,0.008242625540778722,0.5278860759493672,0.4525569620253165,0.6036075949367088,0.14593369499698622,0.047046212577858126,0.07590918223829601,63,79,0.5898412698412694,0.6312658227848097,67.91549295774648,142,18
1886,1886.0,0.37972307692307694,0.4973384615384615,0.5267384615384615,0.37969230769230766,0.4794743589743589,0.5344102564102565,0.014631861775147928,0.018668070059171597,0.004403700828402367,0.01826080276134122,0.01453242882971729,0.008184293228139383,0.5198333333333334,0.44273076923076926,0.6025897435897435,0.14011025641025643,0.054607692307692246,0.075851282051282,65,78,0.5715384615384611,0.6448717948717945,67.81818181818181,143,18
1887,1887.0,0.38629230769230766,0.5032000000000001,0.5249538461538462,0.37969230769230766,0.4794743589743589,0.5344102564102565,0.015584299171597633,0.02017132923076923,0.004238967100591715,0.01826080276134122,0.01453242882971729,0.008184293228139383,0.5198333333333334,0.44273076923076926,0.6025897435897435,0.1335410256410257,0.06046923076923083,0.07763589743589727,65,78,0.5766153846153841,0.6415384615384612,68.60839160839161,143,19
1888,1888.0,0.38536363636363635,0.5023939393939395,0.5266666666666667,0.38096052631578947,0.4816578947368421,0.533921052631579,0.015404231404958677,0.01990793572084481,0.004365434343434343,0.01866014317867036,0.014632593490304708,0.008200204293628808,0.5200394736842107,0.4405,0.6000526315789474,0.1346758373205743,0.0618939393939395,0.07338596491228067,66,76,0.5890909090909086,0.664473684210526,68.92957746478874,142,16
1889,1889.0,0.38604615384615387,0.5005692307692309,0.5264769230769232,0.38096052631578947,0.4816578947368421,0.533921052631579,0.01554149017751479,0.019575752899408282,0.004354526390532545,0.01866014317867036,0.014632593490304708,0.008200204293628808,0.5200394736842107,0.4405,0.6000526315789474,0.1339933198380568,0.060069230769230875,0.07357570850202422,65,76,0.5698461538461534,0.6681578947368418,69.47517730496453,141,19
1890,1890.0,0.3857272727272727,0.5001515151515152,0.5291666666666668,0.38213157894736843,0.4837368421052632,0.5337368421052633,0.015312622589531682,0.01929049219467401,0.004758805555555555,0.018467982686980605,0.014097483379501383,0.008224088642659281,0.5268815789473685,0.4474868421052632,0.6013552631578948,0.14115430622009584,0.05266467304625205,0.072188596491228,66,76,0.5877272727272723,0.6805263157894733,70.26760563380282,142,16
1891,1891.0,0.38771875,0.501328125,0.5254531250000001,0.38132432432432434,0.481945945945946,0.5340810810810812,0.0155657333984375,0.019629751708984376,0.004320404052734374,0.018457056975894816,0.013715645726807888,0.008417533966398832,0.5267162162162162,0.4501621621621622,0.5975810810810811,0.13899746621621623,0.05116596283783781,0.07212795608108102,64,74,0.5832812499999995,0.6921621621621618,70.5,138,19
1892,1892.0,0.39075000000000004,0.49922058823529414,0.5258970588235294,0.38253623188405794,0.4844927536231884,0.5356666666666667,0.01698812867647059,0.020111760164359862,0.004147739403114185,0.018418451585801302,0.01357596009241756,0.008359352657004833,0.5256521739130436,0.45365217391304347,0.6026811594202899,0.1349021739130436,0.04556841432225067,0.07678410059676044,68,69,0.6110294117647055,0.6989855072463762,69.44525547445255,137,15
1893,1893.0,0.39075000000000004,0.49922058823529414,0.5258970588235294,0.38108695652173913,0.48640579710144927,0.5351304347826088,0.01698812867647059,0.020111760164359862,0.004147739403114185,0.018029499684940137,0.014174936777987816,0.008389272841839952,0.5191304347826087,0.460159420289855,0.6025652173913044,0.12838043478260863,0.039061167945439124,0.07666815856777498,68,69,0.5926470588235287,0.7030434782608691,70.2043795620438,137,19
1894,1894.0,0.3934925373134329,0.5006119402985075,0.5254925373134329,0.38675362318840584,0.487695652173913,0.5378550724637681,0.01673022009356204,0.020280297170862105,0.004198518601024726,0.017832765385423225,0.01478992186515438,0.00887423986557446,0.5238405797101449,0.4613333333333333,0.6067101449275363,0.13034804239671194,0.03927860696517421,0.08121760761410335,67,69,0.6143283582089548,0.6769565217391299,70.06617647058823,136,18
1895,1895.0,0.39617910447761195,0.4983283582089552,0.521044776119403,0.38680000000000003,0.4854857142857143,0.5402714285714286,0.016757967921586094,0.020440011583871688,0.004788012920472266,0.017744674285714284,0.014518135510204082,0.008883826326530612,0.5194428571428572,0.45494285714285715,0.6136428571428573,0.12326375266524525,0.043385501066098064,0.09259808102345424,67,70,0.6153731343283577,0.6631428571428568,70.33576642335767,137,20
1896,1896.0,0.3977727272727273,0.49998484848484853,0.5218939393939394,0.39037142857142865,0.48917142857142853,0.5415428571428572,0.016841721074380162,0.02056586340679523,0.004812246326905419,0.01806906204081632,0.014132399183673471,0.00895907673469388,0.5257714285714286,0.46354285714285715,0.6129428571428572,0.12799870129870128,0.03644199134199139,0.09104891774891788,66,70,0.5972727272727266,0.6611428571428567,70.90441176470588,136,22
1897,1897.0,0.39525373134328357,0.5004029850746269,0.5245970149253731,0.38827142857142855,0.4879571428571428,0.5402428571428572,0.01700914457562932,0.020270449543328132,0.005222658498552016,0.017320712040816325,0.013746412448979591,0.008900298163265307,0.5211714285714285,0.4633285714285714,0.6172428571428572,0.12591769722814494,0.03707441364605546,0.09264584221748406,67,70,0.6141791044776115,0.6908571428571424,70.89781021897811,137,16
1898,1898.0,0.3968358208955224,0.5018507462686568,0.5286567164179105,0.3893571428571429,0.4909571428571428,0.5418571428571429,0.01676852528402762,0.02015860458899532,0.005388076186233014,0.017286372448979587,0.013575669591836734,0.00898569387755102,0.5207571428571429,0.4682857142857143,0.6173000000000001,0.12392132196162053,0.03356503198294247,0.08864328358208962,67,70,0.6085074626865666,0.6845714285714282,71.07299270072993,137,16
1899,1899.0,0.39384848484848484,0.4996363636363637,0.5275606060606061,0.39545588235294127,0.4903382352941177,0.5349117647058824,0.01642467401285583,0.020135504132231405,0.005389216023875113,0.016617953935986158,0.013765694420415225,0.007812903979238754,0.5245735294117647,0.47691176470588226,0.6056323529411763,0.13072504456327988,0.022724598930481454,0.07807174688057028,66,68,0.6178787878787873,0.6797058823529407,71.03731343283582,134,17
1900,1900.0,0.3968955223880597,0.5039552238805971,0.5275522388059702,0.39167164179104486,0.48902985074626854,0.5360895522388059,0.016792302517264424,0.021066042771218534,0.005308784584539986,0.016835175762976162,0.014203999108932948,0.0077242307863666735,0.5168507462686568,0.47344776119402987,0.5968507462686566,0.1199552238805971,0.030507462686567233,0.0692985074626864,67,67,0.6046268656716413,0.693880597014925,71.19402985074628,134,18
1901,1901.0,0.39879411764705885,0.5071176470588236,0.5265147058823529,0.39167164179104486,0.48902985074626854,0.5360895522388059,0.01638286937716263,0.020970780276816616,0.005207573313148789,0.016835175762976162,0.014203999108932948,0.0077242307863666735,0.5168507462686568,0.47344776119402987,0.5968507462686566,0.11805662862159794,0.03366988586479369,0.0703360403863037,68,67,0.5852941176470583,0.7126865671641786,71.85925925925926,135,17
1902,1902.0,0.39879411764705885,0.5071176470588236,0.5265147058823529,0.39153030303030306,0.4916515151515151,0.5373787878787879,0.01638286937716263,0.020970780276816616,0.005207573313148789,0.017230158172635443,0.014035984618916435,0.007799901974288338,0.5224848484848486,0.47939393939393943,0.6043636363636362,0.1236907308377897,0.027723707664884134,0.07784893048128327,68,66,0.5704411764705877,0.7057575757575753,72.47014925373135,134,22
1903,1903.0,0.39963768115942033,0.5100434782608696,0.5272173913043479,0.3916363636363636,0.49034848484848487,0.5345151515151516,0.016193825246796897,0.021248969124133585,0.005165677378701954,0.017266413223140497,0.01395780280073462,0.0078883709825528,0.5246818181818181,0.47318181818181815,0.6041969696969697,0.1250441370223978,0.03686166007905145,0.07697957839262182,69,66,0.5721739130434778,0.7196969696969692,73.31111111111112,135,20
1904,1904.0,0.396,0.5075285714285716,0.5299857142857143,0.3966086956521739,0.492072463768116,0.534521739130435,0.01687554285714286,0.0213818206122449,0.0056206712244897955,0.017555020793950854,0.013586878806973323,0.007627293005671078,0.5285797101449274,0.4711739130434782,0.6041159420289853,0.13257971014492742,0.03635465838509333,0.07413022774327105,70,69,0.5907142857142852,0.6801449275362315,73.77697841726619,139,20
1905,1905.0,0.39925352112676066,0.5114225352112676,0.530112676056338,0.39905882352941174,0.4915735294117647,0.5324117647058826,0.01741179488196786,0.02193655385836143,0.005540607022416185,0.017398967128027683,0.013769509299307958,0.00743227162629758,0.5290735294117647,0.47475,0.5996764705882353,0.129820008285004,0.036672535211267565,0.0695637945318972,71,68,0.6039436619718305,0.6788235294117642,74.16546762589928,139,20
1906,1906.0,0.3998888888888889,0.5116666666666666,0.5332500000000001,0.39421212121212124,0.4886666666666667,0.5317878787878789,0.01718962654320988,0.021665694444444446,0.005770520833333332,0.01693840955004591,0.013893949494949496,0.007633318640955004,0.5208030303030302,0.4723636363636363,0.6028030303030304,0.12091414141414131,0.039303030303030284,0.06955303030303028,72,66,0.600555555555555,0.6690909090909086,74.19565217391305,138,22
1907,1907.0,0.40345205479452056,0.5184383561643835,0.5366712328767124,0.39793846153846146,0.4938,0.532723076923077,0.01735016550947645,0.020115862638393694,0.004879398761493714,0.016199196213017755,0.01346052923076923,0.007427677159763314,0.5222153846153846,0.4795692307692308,0.61,0.11876332982086407,0.03886912539515269,0.07332876712328762,73,65,0.6093150684931501,0.6921538461538457,73.91304347826087,138,19
1908,1908.0,0.40631081081081083,0.5232297297297297,0.5380945945945945,0.3982580645161291,0.49130645161290326,0.5327903225806452,0.017454700693937182,0.018953852629656685,0.004817842403214025,0.01664938501560874,0.0139253093132154,0.007767101196670134,0.5228870967741936,0.4712580645161291,0.608774193548387,0.11657628596338282,0.05197166521360058,0.0706795989537925,74,62,0.6071621621621616,0.6848387096774188,74.375,136,21
1909,1909.0,0.4040138888888889,0.5219444444444444,0.5390972222222222,0.39585483870967747,0.4915322580645161,0.533225806451613,0.017739652584876545,0.01901588580246914,0.004886032214506172,0.0162618982830385,0.013781119927159208,0.008878884495317377,0.512790322580645,0.46993548387096784,0.602016129032258,0.10877643369175616,0.05200896057347659,0.06291890681003576,72,62,0.6244444444444439,0.6999999999999994,73.73134328358209,134,18
1910,1910.0,0.4014657534246575,0.5161095890410959,0.5417671232876713,0.39585483870967747,0.4915322580645161,0.533225806451613,0.017167043347720023,0.018689796209420153,0.005024178645149183,0.0162618982830385,0.013781119927159208,0.008878884495317377,0.512790322580645,0.46993548387096784,0.602016129032258,0.11132456915598754,0.0461741051701281,0.06024900574458669,73,62,0.6249315068493145,0.7138709677419349,73.96296296296296,135,17
1911,1911.0,0.40363513513513516,0.517445945945946,0.5404864864864866,0.3989411764705882,0.4937058823529412,0.5386764705882353,0.017278610116873632,0.01856759842951059,0.005076006574141708,0.015791261245674742,0.013690619377162632,0.0085992776816609,0.5113676470588234,0.4744264705882352,0.5994411764705883,0.10773251192368827,0.043019475357710724,0.058954689984101694,74,68,0.6143243243243237,0.694411764705882,73.33098591549296,142,14
1912,1912.0,0.4000131578947369,0.5192631578947369,0.5419078947368422,0.3989999999999999,0.4961617647058824,0.5401176470588236,0.01715564456371191,0.018060562326869804,0.005027136253462603,0.015783617647058823,0.01405687089100346,0.008249368512110727,0.5203970588235294,0.4768676470588235,0.6056029411764705,0.12038390092879248,0.042395510835913364,0.06369504643962831,76,68,0.624210526315789,0.6761764705882348,73.73611111111111,144,13
1913,1913.0,0.40463013698630135,0.5208082191780823,0.5424520547945205,0.4025441176470588,0.49713235294117636,0.5377352941176471,0.01707626046162507,0.018018456370801277,0.0051140011259148055,0.01583130687716263,0.01410802660034602,0.007925018166089967,0.5194264705882352,0.4816029411764706,0.6023382352941178,0.11479633360193386,0.039205278001611665,0.059886180499597264,73,68,0.6191780821917803,0.6444117647058819,73.56737588652483,141,17
1914,1914.0,0.40148,0.5215066666666666,0.5424933333333333,0.4025441176470588,0.49713235294117636,0.5377352941176471,0.016855662933333335,0.01777595662222222,0.005754996622222222,0.01583130687716263,0.01410802660034602,0.007925018166089967,0.5194264705882352,0.4816029411764706,0.6023382352941178,0.11794647058823521,0.03990372549019594,0.05984490196078451,75,68,0.6290666666666662,0.6229411764705877,73.8041958041958,143,18
1915,1915.0,0.4006666666666667,0.5215277777777778,0.5421111111111112,0.40854285714285715,0.5012,0.5377142857142857,0.01623986111111111,0.0165698325617284,0.005954015432098765,0.01660407673469388,0.014312074285714285,0.007726061224489797,0.5245142857142856,0.48815714285714285,0.6044714285714287,0.12384761904761887,0.03337063492063497,0.06236031746031745,72,70,0.6312499999999994,0.604285714285714,73.74647887323944,142,21
1916,1916.0,0.40106849315068493,0.5228630136986302,0.5413424657534247,0.4033142857142857,0.49841428571428575,0.5370999999999999,0.016029022705948585,0.016471214111465567,0.005914992306248827,0.016425301224489798,0.014859785510204082,0.007894175714285714,0.5196999999999999,0.4890142857142856,0.6061571428571428,0.118631506849315,0.03384872798434457,0.06481467710371813,73,70,0.6426027397260269,0.6197142857142852,74.39160839160839,143,17
1917,1917.0,0.40106849315068493,0.5228630136986302,0.5413424657534247,0.39588235294117646,0.49564705882352944,0.5383529411764706,0.016029022705948585,0.016471214111465567,0.005914992306248827,0.014975192041522492,0.014970581314878894,0.008023169550173008,0.5118382352941176,0.4887941176470587,0.6093676470588235,0.11076974214343271,0.034068896051571484,0.06802518130539881,73,68,0.6226027397260269,0.6691176470588232,75.44680851063829,141,18
1918,1918.0,0.401,0.5225945945945947,0.5417702702702702,0.39617647058823524,0.49820588235294117,0.5379264705882354,0.01581275675675676,0.016253889700511323,0.005848420197224251,0.015013410034602078,0.01510401643598616,0.008078303416955018,0.5147058823529411,0.4850735294117648,0.6030588235294116,0.1137058823529411,0.03752106518282988,0.0612885532591414,74,68,0.6289189189189184,0.6885294117647056,75.69014084507042,142,15
1919,1919.0,0.3997733333333333,0.5190533333333334,0.5414666666666667,0.3945,0.4941764705882353,0.5393235294117648,0.014853961955555555,0.016238477155555556,0.005964035555555555,0.015504073529411763,0.01471067474048443,0.008273542387543254,0.5151029411764705,0.47719117647058823,0.609735294117647,0.11532960784313717,0.04186215686274514,0.06826862745098039,75,68,0.6243999999999995,0.6576470588235289,75.67132867132867,143,18
1920,1920.0,0.39629333333333333,0.5174266666666667,0.5419066666666666,0.39366666666666666,0.4948840579710145,0.5411884057971015,0.01446300728888889,0.016366537955555555,0.005988271288888889,0.015326599033816422,0.014531522789329976,0.008390123923545476,0.5118695652173912,0.476463768115942,0.6151304347826086,0.11557623188405791,0.04096289855072471,0.073223768115942,75,69,0.6351999999999994,0.6465217391304344,75.86111111111111,144,17
1921,1921.0,0.3977333333333334,0.5145733333333333,0.5410133333333332,0.39362857142857144,0.49462857142857136,0.5425285714285715,0.014494648888888888,0.016446431288888896,0.006186519822222222,0.015107747755102038,0.014328433469387752,0.008394192040816326,0.5143571428571428,0.4754285714285714,0.6170285714285714,0.11662380952380946,0.039144761904761904,0.07601523809523814,75,70,0.6347999999999995,0.6525714285714281,76.22068965517241,145,16
1922,1922.0,0.39839726027397265,0.5152054794520547,0.5412465753424657,0.39449275362318836,0.4961449275362319,0.543,0.01491862300619253,0.01656093038093451,0.006311500844436104,0.0152744238605335,0.014375138416299095,0.008500289855072464,0.5151449275362318,0.47952173913043483,0.6130869565217391,0.1167476672622591,0.03568374032161992,0.07184038117927338,73,69,0.6723287671232872,0.6511594202898546,75.6830985915493,142,13
1923,1923.0,0.40225,0.5173194444444444,0.5405555555555556,0.3943,0.4910285714285714,0.5430714285714285,0.015106465277777778,0.015923995177469136,0.0061409969135802454,0.015389124285714284,0.01621485632653061,0.008333694897959185,0.49962857142857137,0.47581428571428563,0.6176285714285714,0.09737857142857137,0.04150515873015881,0.07707301587301585,72,70,0.6643055555555549,0.6545714285714282,74.94366197183099,142,14
1924,1924.0,0.4008767123287671,0.5164383561643836,0.5401506849315069,0.3949130434782609,0.4912028985507245,0.5428840579710146,0.01503531356727341,0.015761753049352602,0.006068675924188402,0.015585847511027096,0.01644772694812014,0.00845201554295316,0.501,0.4740434782608695,0.6151739130434782,0.10012328767123291,0.042394877903514094,0.07502322811197137,73,69,0.6519178082191777,0.6726086956521734,75.22535211267606,142,13
1925,1925.0,0.3969027777777778,0.5134861111111112,0.539625,0.3942753623188406,0.49076811594202896,0.5441739130434784,0.01497005999228395,0.015579416473765435,0.0060958454861111105,0.015573735769796263,0.016318583910943082,0.0085236509136736,0.500376811594203,0.4744492753623188,0.610536231884058,0.10347403381642517,0.03903683574879241,0.07091123188405801,72,69,0.6427777777777772,0.667101449275362,74.36170212765957,141,15
1926,1926.0,0.39775000000000005,0.5121944444444444,0.54175,0.3935882352941176,0.4919411764705882,0.5437352941176471,0.014934770833333333,0.015662962191358026,0.00643504861111111,0.015994359861591693,0.016557731833910034,0.00872713581314879,0.502220588235294,0.4818382352941177,0.6126176470588235,0.10447058823529398,0.03035620915032672,0.07086764705882354,72,68,0.645555555555555,0.660588235294117,74.04285714285714,140,15
1927,1927.0,0.3950289855072464,0.5102608695652175,0.5413478260869565,0.3892058823529412,0.48554411764705874,0.5462058823529411,0.01414744843520269,0.01598807687460618,0.006697531190926275,0.015752428200692038,0.016008159818339102,0.009014339965397923,0.49342647058823524,0.47535294117647053,0.6108088235294117,0.09839748508098883,0.03490792838874701,0.06946099744245515,69,68,0.6521739130434778,0.6561764705882348,74.72262773722628,137,18
1928,1928.0,0.3965384615384615,0.5137846153846154,0.542846153846154,0.3930869565217391,0.48927536231884056,0.5480144927536232,0.014137079289940829,0.015478907455621303,0.006974684023668638,0.014922050409577822,0.01576547490023104,0.008972565007351396,0.4968985507246378,0.4835652173913044,0.6163188405797101,0.10036008918617628,0.03021939799331097,0.07347268673355611,65,69,0.6667692307692302,0.6679710144927533,73.95522388059702,134,18
1929,1929.0,0.39728125000000003,0.5152187500000001,0.540640625,0.39204347826086955,0.48773913043478256,0.5497971014492753,0.0143221083984375,0.0155870771484375,0.006767480224609373,0.014858534341524895,0.01506958412098299,0.008764335643772317,0.4921159420289857,0.48476811594202895,0.617159420289855,0.09483469202898565,0.030450634057971104,0.07651879528985506,64,69,0.6632812499999994,0.6792753623188401,74.51127819548873,133,20
1930,1930.0,0.39683870967741935,0.5127741935483872,0.5374516129032259,0.3921142857142857,0.48908571428571423,0.5486428571428571,0.014709586888657648,0.015449497398543188,0.006526150884495316,0.014646615510204082,0.014979421224489793,0.008731058163265304,0.48914285714285727,0.4881142857142857,0.6183571428571428,0.09230414746543791,0.024659907834101435,0.08090552995391698,62,70,0.6727419354838704,0.6877142857142852,75.10606060606061,132,21
1931,1931.0,0.39690322580645165,0.5123870967741936,0.539241935483871,0.3899565217391304,0.4876956521739131,0.5482898550724637,0.01391482934443288,0.015775108220603542,0.006941570499479708,0.013874795211090106,0.014117487082545687,0.008857220331863053,0.4889275362318841,0.480695652173913,0.62031884057971,0.09202431042543247,0.03169144460028056,0.08107690509583898,62,69,0.6922580645161286,0.664492753623188,73.40458015267176,131,22
1932,1932.0,0.39823809523809534,0.5142063492063492,0.5386666666666666,0.3922686567164179,0.487910447761194,0.5502985074626866,0.01380443537414966,0.015729909800957422,0.0068519047619047604,0.014028405435509024,0.014111036756515927,0.008957313878369347,0.4936119402985075,0.4760149253731344,0.6287313432835819,0.09537384506041219,0.03819142383321483,0.0900646766169153,63,67,0.6965079365079359,0.6780597014925369,73.52307692307693,130,21
1933,1933.0,0.39823809523809534,0.5142063492063492,0.5386666666666666,0.3939855072463768,0.48594202898550726,0.5500434782608696,0.01380443537414966,0.015729909800957422,0.0068519047619047604,0.013785927326191976,0.013835996639361478,0.008770882167611849,0.501840579710145,0.472608695652174,0.6279999999999999,0.10360248447204962,0.04159765355417522,0.08933333333333326,63,69,0.695555555555555,0.6940579710144924,73.75757575757575,132,19
1934,1934.0,0.39823809523809534,0.5142063492063492,0.5386666666666666,0.39816666666666667,0.4880757575757576,0.5483939393939393,0.01380443537414966,0.015729909800957422,0.0068519047619047604,0.013734714646464646,0.014283615472910929,0.008966602387511478,0.5041818181818182,0.4670454545454545,0.624378787878788,0.10594372294372284,0.04716089466089474,0.08571212121212135,63,66,0.699365079365079,0.7157575757575753,74.43410852713178,129,18
1935,1935.0,0.400225806451613,0.5149677419354839,0.5381290322580645,0.398796875,0.48528125,0.54984375,0.013778174817898023,0.015947095733610823,0.006944209157127989,0.013877630615234374,0.0141128271484375,0.0091928818359375,0.504140625,0.463796875,0.6242187499999999,0.10391481854838702,0.051170866935483894,0.08608971774193541,62,64,0.6820967741935481,0.7221874999999995,74.32539682539682,126,23
1936,1936.0,0.3970677966101696,0.5118983050847458,0.5398305084745763,0.40218750000000003,0.48464062500000005,0.5493125,0.014031758115484055,0.016446904912381502,0.007105462798046537,0.01442018359375,0.014087792724609374,0.009327371093749998,0.507328125,0.46182812500000003,0.618,0.11026032838983041,0.05007018008474573,0.07816949152542374,59,64,0.6866101694915246,0.7049999999999995,74.00813008130082,123,25
1937,1937.0,0.3967118644067797,0.5113559322033898,0.5392372881355931,0.401,0.4879384615384615,0.5511846153846155,0.014015662740591784,0.0163499580580293,0.007122113185866129,0.013926615384615385,0.01421639621301775,0.008971442840236687,0.5145076923076922,0.4623692307692308,0.6201384615384614,0.11779582790091253,0.04898670143415901,0.08090117340286829,59,65,0.697118644067796,0.7149230769230766,74.41935483870968,124,21
1938,1938.0,0.4011228070175438,0.5166140350877193,0.5401929824561403,0.407734375,0.497140625,0.5528124999999999,0.01393063404124346,0.015918482610033858,0.0073091381963681125,0.013256038818359375,0.013120183349609373,0.00881408984375,0.522765625,0.46743749999999995,0.6177187499999999,0.12164281798245619,0.04917653508771935,0.07752576754385954,57,64,0.6959649122807011,0.7381249999999996,73.84297520661157,121,20
1939,1939.0,0.4037543859649123,0.5150877192982456,0.5401228070175439,0.404828125,0.4961875,0.557421875,0.013444115112342258,0.016359132656201907,0.007301862111418897,0.013327423583984374,0.01304233984375,0.009315431396484376,0.514296875,0.46896874999999993,0.62640625,0.11054248903508768,0.04611896929824566,0.08628344298245616,57,64,0.7128070175438591,0.7384374999999995,73.96694214876032,121,19
1940,1940.0,0.4031071428571429,0.5158035714285715,0.5386071428571428,0.4,0.49193442622950817,0.5569672131147542,0.01366030994897959,0.016622050701530614,0.00730130994897959,0.012945278688524589,0.013711274388605213,0.009764457941413599,0.5122295081967213,0.4593442622950819,0.6247868852459016,0.10912236533957842,0.056459309133489566,0.0861797423887588,56,61,0.7046428571428566,0.797540983606557,73.64102564102564,117,16
1941,1941.0,0.401056603773585,0.5195660377358491,0.5369056603773584,0.40181355932203383,0.49391525423728816,0.5571355932203389,0.013849902456390175,0.017209604129583483,0.007458802420790315,0.01312933812122953,0.013989264004596378,0.010086964665326057,0.5145762711864407,0.46161016949152534,0.6316271186440677,0.11351966741285568,0.05795586824432375,0.0947214582667093,53,59,0.7271698113207543,0.8257627118644063,73.08035714285714,112,14
1942,1942.0,0.39851851851851855,0.5173888888888889,0.5383888888888888,0.40256896551724136,0.4953448275862069,0.5598448275862068,0.013831508916323733,0.01712557098765432,0.00743745987654321,0.01328117627824019,0.014162294887039238,0.00931106212841855,0.5225862068965518,0.4645689655172413,0.6374655172413793,0.12406768837803323,0.05281992337164759,0.09907662835249054,54,58,0.7483333333333329,0.8118965517241377,73.30357142857143,112,15
1943,1943.0,0.399625,0.5161428571428571,0.5407678571428571,0.4022542372881356,0.4989661016949152,0.5639830508474576,0.01372416294642857,0.01789308673469388,0.007570678252551019,0.013108087905774203,0.014468609020396437,0.007334694627980465,0.5304745762711864,0.4714576271186441,0.6450169491525424,0.13084957627118643,0.04468523002421304,0.10424909200968524,56,59,0.7398214285714281,0.8006779661016946,72.91304347826087,115,14
1944,1944.0,0.399140350877193,0.5149122807017544,0.5411929824561404,0.40077049180327873,0.49924590163934424,0.5634918032786885,0.013496541705140044,0.01766397476146507,0.007447980301631269,0.012746537489922062,0.01479956248320344,0.00721936468691212,0.5342950819672131,0.47824590163934433,0.6447540983606557,0.13515473109002007,0.036666379062410104,0.10356111590451522,57,61,0.7142105263157889,0.7731147540983604,73.27966101694915,118,19
1945,1945.0,0.3949152542372881,0.5086101694915255,0.5414576271186441,0.39819354838709686,0.4994193548387097,0.563564516129032,0.013547806377477739,0.01824352599827636,0.008200349899454179,0.012858930280957335,0.01461424349635796,0.007376407127991676,0.5252419354838709,0.4732903225806452,0.6393548387096776,0.13032668124658275,0.035319846910880304,0.09789721159103348,59,62,0.7062711864406774,0.7669354838709673,73.21487603305785,121,18
1946,1946.0,0.39695081967213114,0.5118852459016394,0.5407049180327869,0.40113846153846155,0.49846153846153846,0.5633538461538461,0.013391128728836334,0.0179718392905133,0.008016076861058853,0.012992457751479287,0.014278002366863905,0.007084505562130177,0.5330153846153847,0.47846153846153844,0.6416307692307691,0.13606456494325353,0.03342370744010098,0.10092585119798225,61,65,0.712131147540983,0.7209230769230766,73.31746031746032,126,19
1947,1947.0,0.3968,0.5151666666666667,0.5405,0.399955223880597,0.5007611940298508,0.5628358208955223,0.013230226666666666,0.017992205555555554,0.008002449999999996,0.012657296502561819,0.014093883270216084,0.006898943194475383,0.5259253731343284,0.482865671641791,0.6430149253731342,0.12912537313432843,0.032300995024875656,0.10251492537313422,60,67,0.7314999999999993,0.6964179104477608,72.76377952755905,127,19
1948,1948.0,0.3997166666666666,0.5156833333333334,0.5390666666666667,0.4021304347826087,0.5025217391304349,0.562,0.012934136388888889,0.017839349722222224,0.008064895555555554,0.012490287334593574,0.013849148078134848,0.006789971014492751,0.5236086956521738,0.4905652173913043,0.6473188405797101,0.12389202898550722,0.025118115942029062,0.10825217391304343,60,69,0.7426666666666661,0.6640579710144924,72.13953488372093,129,19
1949,1949.0,0.39498275862068966,0.5151206896551724,0.5403620689655173,0.4022638888888889,0.49679166666666674,0.5631527777777778,0.012458706599286563,0.01827117508917955,0.008282093043995242,0.012173277584876543,0.014077526041666668,0.006593296103395061,0.5234305555555555,0.48163888888888884,0.6414305555555555,0.12844779693486585,0.0334818007662836,0.1010684865900382,58,72,0.7524137931034478,0.6651388888888885,72.46923076923076,130,18
1950,1950.0,0.3938474576271186,0.5136949152542373,0.5416949152542373,0.4019859154929577,0.49643661971830993,0.5627042253521125,0.01232229876472278,0.018079398448721633,0.00824475438092502,0.01233916881571117,0.014266724856179332,0.006671673080737949,0.523549295774648,0.4821971830985916,0.6394225352112676,0.12970183814752945,0.031497732155645664,0.09772761995703028,59,71,0.740338983050847,0.6797183098591545,73.31538461538462,130,19
1951,1951.0,0.39482258064516124,0.5153548387096775,0.5476774193548386,0.4019436619718309,0.4944929577464789,0.5610422535211266,0.011806049167533816,0.01729190634755463,0.00879892819979188,0.011954306685181512,0.013767320372941877,0.006187195397738544,0.5260845070422536,0.46788732394366206,0.6391690140845071,0.1312619263970924,0.047467514766015406,0.0914915947296685,62,71,0.7225806451612898,0.6901408450704223,73.88721804511279,133,16
1952,1952.0,0.39584126984126977,0.511888888888889,0.5527777777777777,0.40504411764705883,0.49514705882352944,0.5576617647058822,0.011244704963466867,0.016794225749559088,0.009558712522045855,0.011984512759515571,0.012724801903114187,0.006157517949826989,0.5237058823529412,0.4644999999999999,0.6407058823529411,0.12786461251167147,0.047388888888889036,0.08792810457516342,63,68,0.7015873015873011,0.6757352941176465,73.26717557251908,131,19
1953,1953.0,0.39269841269841266,0.5135714285714287,0.5584761904761906,0.4037428571428571,0.49550000000000005,0.5540285714285713,0.011265258251448728,0.01655284807256236,0.008782281179138322,0.011737733877551016,0.012371478571428571,0.0064423991836734685,0.5252142857142857,0.47528571428571414,0.6341857142857142,0.1325158730158731,0.038285714285714534,0.07570952380952367,63,70,0.6896825396825389,0.6884285714285713,73.74436090225564,133,16
1954,1954.0,0.39368749999999997,0.51525,0.5599687499999999,0.4026056338028169,0.4962957746478874,0.5559718309859153,0.011744996093750001,0.01665940625,0.008429624023437499,0.011662943066851814,0.012241560404681611,0.006615999206506646,0.5225352112676056,0.47977464788732377,0.6353802816901408,0.12884771126760564,0.03547535211267622,0.07541153169014092,64,71,0.6848437499999994,0.6766197183098587,73.9037037037037,135,16
1955,1955.0,0.39199999999999996,0.5148461538461538,0.5615230769230769,0.40606756756756757,0.49743243243243257,0.5560405405405406,0.011746553846153846,0.016413545562130177,0.008454557159763312,0.011940008948137328,0.011876407596785975,0.006425309167275382,0.5314189189189189,0.4814324324324323,0.6389729729729728,0.13941891891891894,0.033413721413721564,0.07744989604989594,65,74,0.6815384615384611,0.6468918918918916,74.10071942446044,139,18
1956,1956.0,0.3932173913043478,0.520623188405797,0.5588260869565217,0.40835135135135137,0.5025135135135136,0.5586891891891892,0.012689416509136738,0.016202756563747107,0.008258781348456203,0.011831714390065742,0.010890952520087654,0.006476349342585827,0.5343378378378378,0.48645945945945945,0.6447432432432432,0.14112044653349004,0.03416372894633757,0.08591715628672147,69,74,0.7050724637681155,0.6249999999999997,74.35664335664336,143,15
1957,1957.0,0.39371641791044776,0.5237761194029851,0.5583582089552239,0.41275,0.5077236842105265,0.559671052631579,0.012997815103586545,0.01631289017598574,0.00849649855201604,0.012394292763157894,0.01165627891274238,0.006786326004155123,0.5353157894736842,0.4948552631578947,0.6458815789473684,0.14159937156323643,0.028920856245090387,0.0875233699921445,67,76,0.6934328358208949,0.6127631578947366,75.0,143,18
1958,1958.0,0.3925909090909091,0.5259545454545453,0.5581212121212121,0.41305555555555556,0.5061805555555555,0.5616944444444444,0.013109878099173555,0.01624210399449036,0.008621470156106516,0.01266646913580247,0.011900870177469138,0.006955989969135801,0.5391944444444445,0.5018472222222221,0.6453333333333333,0.14660353535353543,0.02410732323232323,0.08721212121212119,66,72,0.687424242424242,0.6756944444444442,74.97826086956522,138,14
1959,1959.0,0.3973125,0.52571875,0.5563906249999999,0.4184583333333333,0.5095,0.565375,0.012619621093750002,0.015972639648437502,0.008375175537109375,0.012813442708333334,0.012405555555555555,0.006490039930555556,0.5389166666666667,0.5013611111111111,0.6464861111111111,0.1416041666666667,0.024357638888888866,0.09009548611111118,64,72,0.6657812499999994,0.6776388888888885,74.80147058823529,136,15
1960,1960.0,0.3975846153846154,0.5198,0.5591230769230768,0.4194729729729729,0.5094324324324323,0.5674324324324324,0.012457904378698226,0.01601692923076923,0.008101892544378698,0.01292649251278305,0.012806245434623813,0.006791083272461649,0.5322162162162162,0.5056351351351351,0.6508243243243242,0.13463160083160075,0.014164864864864901,0.09170124740124741,65,74,0.6759999999999995,0.6317567567567564,74.87050359712231,139,19
1961,1961.0,0.39701562500000004,0.518359375,0.559984375,0.41809333333333326,0.5081466666666665,0.5670133333333333,0.012631515380859375,0.016132292724609375,0.008180265380859374,0.01289499128888889,0.012757831822222223,0.006713533155555554,0.5304133333333333,0.5053066666666667,0.6552799999999999,0.13339770833333325,0.013052708333333274,0.09529562499999988,64,75,0.6503124999999994,0.6655999999999995,75.45323741007195,139,17
1962,1962.0,0.39681249999999996,0.521203125,0.559625,0.41868493150684927,0.5075479452054795,0.5683287671232876,0.012456277343749999,0.016254599365234376,0.008213171874999998,0.01280364045787202,0.012867042221805217,0.0068216179395759035,0.526013698630137,0.5032054794520548,0.655972602739726,0.12920119863013707,0.01799764554794514,0.09634760273972598,64,73,0.6443749999999995,0.6430136986301366,74.96350364963503,137,21
1963,1963.0,0.3979846153846153,0.5224461538461539,0.5609076923076923,0.41868493150684927,0.5075479452054795,0.5683287671232876,0.012300015147928991,0.0161124624852071,0.008413376094674557,0.01280364045787202,0.012867042221805217,0.0068216179395759035,0.526013698630137,0.5032054794520548,0.655972602739726,0.1280290832455217,0.019240674394099044,0.09506491043203369,65,73,0.6435384615384611,0.6449315068493147,75.66666666666667,138,21
1964,1964.0,0.40114705882352936,0.522235294117647,0.5594411764705882,0.41542857142857137,0.5104999999999998,0.5685857142857144,0.01205421366782007,0.016232768166089963,0.008321070069204153,0.013071216326530612,0.013037849999999998,0.007054299795918368,0.5189571428571429,0.5103285714285715,0.6609428571428572,0.11781008403361354,0.011906722689075555,0.10150168067226895,68,70,0.6636764705882348,0.6387142857142855,75.1231884057971,138,18
1965,1965.0,0.4050597014925372,0.5162238805970147,0.5613134328358207,0.41724999999999995,0.5105882352941177,0.5707499999999999,0.011974085987970591,0.015495337937179776,0.008383021162842503,0.013098658088235293,0.013180153979238758,0.006995452205882352,0.5210588235294118,0.5114558823529413,0.6566323529411764,0.11599912203687457,0.004767998244073479,0.0953189201053557,67,68,0.6783582089552234,0.6327941176470584,74.97037037037038,135,19
1966,1966.0,0.4027571428571428,0.5178285714285713,0.5594142857142855,0.4205294117647058,0.5119117647058822,0.567058823529412,0.012383955306122447,0.015156313469387755,0.008348328367346938,0.012971484429065743,0.013179492214532873,0.006806496539792387,0.522014705882353,0.5170882352941177,0.654235294117647,0.11925756302521018,0.0007403361344535675,0.0948210084033615,70,68,0.6722857142857138,0.6089705882352936,74.89855072463769,138,20
1967,1967.0,0.4023823529411765,0.519264705882353,0.5622058823529411,0.42430303030303024,0.5120757575757575,0.5631969696969698,0.012652089100346018,0.014858665224913496,0.008147281141868511,0.013235999081726355,0.013752857897153354,0.006763643021120294,0.5331212121212122,0.5204848484848486,0.6455606060606061,0.1307388591800357,0.0012201426024955886,0.08335472370766495,68,66,0.6983823529411759,0.6031818181818178,74.5223880597015,134,19
1968,1968.0,0.40238571428571435,0.5171285714285714,0.5605857142857142,0.4242424242424242,0.5106969696969698,0.5655606060606062,0.012639465510204081,0.0148553406122449,0.008098214081632651,0.013022335169880623,0.014387786960514234,0.007804306932966023,0.5251212121212122,0.5145151515151515,0.6375151515151515,0.12273549783549786,0.002613419913419901,0.07692943722943724,70,66,0.6818571428571425,0.5877272727272724,74.72058823529412,136,21
1969,1969.0,0.40501428571428577,0.5169714285714285,0.5608714285714286,0.4233384615384615,0.5130307692307693,0.5652000000000001,0.01315098551020408,0.014835713469387758,0.008073797755102039,0.013168746982248519,0.014249660591715979,0.007915790769230767,0.5297076923076923,0.5218153846153846,0.6407846153846153,0.12469340659340655,0.004843956043956044,0.07991318681318671,70,65,0.6824285714285708,0.584307692307692,74.8,135,22
1970,1970.0,0.4058356164383562,0.5177534246575343,0.5601095890410959,0.422171875,0.5114062500000001,0.56590625,0.013234027772565209,0.014699774817038845,0.007793385250516042,0.013286048583984373,0.0143007724609375,0.008007053710937498,0.52259375,0.523015625,0.644828125,0.11675813356164377,0.005262200342465717,0.0847185359589041,73,64,0.6776712328767118,0.5951562499999996,74.76642335766424,137,21
1971,1971.0,0.4051690140845071,0.5163239436619718,0.5574788732394366,0.4231846153846153,0.5130769230769231,0.5662615384615385,0.012048591152549097,0.013842500694306686,0.007631967863519142,0.013147288994082839,0.014259394082840236,0.007891946982248519,0.520723076923077,0.5269846153846154,0.6453538461538462,0.11555406283856984,0.010660671722643622,0.0878749729144096,71,65,0.6818309859154924,0.596307692307692,73.99264705882354,136,21
1972,1972.0,0.405986301369863,0.5165205479452054,0.5569178082191781,0.42509375,0.513171875,0.5632812500000001,0.01174395871645712,0.013674386564083318,0.007445006943141301,0.013115803710937499,0.014481611083984377,0.007437920898437499,0.5255937500000001,0.529015625,0.641296875,0.11960744863013706,0.012495077054794579,0.08437906678082185,73,64,0.6765753424657529,0.5948437499999994,75.08759124087591,137,23
1973,1973.0,0.40973611111111113,0.516625,0.5565416666666666,0.4289838709677419,0.5170806451612903,0.5618709677419356,0.012493277584876542,0.013904623263888891,0.007569553819444445,0.013054435223725284,0.014410783818938606,0.007397305931321539,0.5241290322580645,0.5359032258064516,0.6348064516129032,0.11439292114695337,0.019278225806451554,0.07826478494623657,72,62,0.6726388888888883,0.6188709677419351,74.92537313432835,134,23
1974,1974.0,0.4105138888888889,0.5160416666666667,0.5570694444444446,0.4310952380952381,0.5156507936507936,0.5611587301587303,0.012559972029320987,0.013744012152777778,0.007567647955246914,0.013123609977324265,0.014308798689846313,0.007311339884101788,0.5265396825396826,0.5368095238095238,0.6340952380952382,0.11602579365079374,0.020767857142857116,0.07702579365079354,72,63,0.6722222222222217,0.5806349206349201,75.16296296296296,135,28
1975,1975.0,0.41072972972972976,0.5174189189189189,0.5589324324324326,0.4295555555555556,0.5137936507936508,0.557809523809524,0.012388737764791819,0.013588838020452883,0.007555630569758946,0.013394056437389772,0.014666195515243133,0.007512185941043082,0.5204285714285715,0.5351428571428573,0.6239841269841271,0.1096988416988417,0.017723938223938362,0.06505169455169446,74,63,0.6852702702702698,0.6111111111111108,75.45985401459853,137,22
1976,1976.0,0.41300000000000003,0.5146712328767123,0.5624109589041096,0.4295555555555556,0.5137936507936508,0.557809523809524,0.012356602739726028,0.013070220679301935,0.007198680427847625,0.013394056437389772,0.014666195515243133,0.007512185941043082,0.5204285714285715,0.5351428571428573,0.6239841269841271,0.10742857142857143,0.020471624266144905,0.06157316808001745,73,63,0.6954794520547941,0.5879365079365073,76.43382352941177,136,26
1977,1977.0,0.4127260273972603,0.5123287671232877,0.5642054794520548,0.4343,0.5163333333333333,0.5571333333333334,0.01235269206230062,0.012976522049164947,0.007156300243948207,0.013473176666666666,0.014268822222222224,0.007842715555555555,0.5277166666666666,0.53425,0.6327666666666667,0.11499063926940634,0.021921232876712327,0.06856118721461191,73,60,0.6901369863013694,0.6224999999999994,76.15037593984962,133,26
1978,1978.0,0.40902816901408456,0.5122394366197183,0.5648732394366197,0.43268965517241387,0.5128620689655172,0.5589827586206897,0.012189125967070027,0.012862041261654435,0.007306110692322951,0.012295524375743163,0.01358156718192628,0.007781499702734838,0.5294137931034483,0.5375689655172413,0.6370689655172415,0.12038562408936371,0.025329528897523046,0.07219572608062175,71,58,0.6826760563380275,0.6756896551724133,76.34883720930233,129,27
1979,1979.0,0.4092253521126761,0.5120140845070422,0.5628591549295774,0.4378983050847458,0.5186779661016948,0.5566101694915255,0.012181977385439397,0.01283280261852807,0.0071464590359055745,0.012489277793737432,0.013574048836541225,0.007764034472852628,0.5337627118644067,0.5425762711864407,0.6346949152542374,0.12453735975173064,0.030562186679398473,0.07183576032465999,71,59,0.7036619718309854,0.6888135593220335,77.26153846153846,130,24
1980,1980.0,0.40454054054054056,0.5109864864864865,0.5634054054054055,0.4404827586206897,0.5195,0.5554655172413793,0.012611329437545653,0.012859553871439007,0.0070350518626734835,0.012310525564803805,0.013768215517241379,0.007820593638525563,0.5318620689655172,0.5488620689655173,0.629448275862069,0.12732152842497668,0.03787558247903078,0.06604287045666346,74,58,0.6910810810810805,0.6912068965517235,77.85606060606061,132,23
1981,1981.0,0.40670833333333334,0.5129444444444444,0.5615972222222223,0.439462962962963,0.5232777777777777,0.5542222222222222,0.012787706597222222,0.013072413580246914,0.007106990547839505,0.013011581961591221,0.013283756172839509,0.007882395061728394,0.5372222222222222,0.5477777777777778,0.6268518518518519,0.13051388888888882,0.03483333333333338,0.06525462962962958,72,54,0.676944444444444,0.7568518518518514,77.15873015873017,126,20
1982,1982.0,0.4072428571428572,0.5140714285714285,0.5616999999999999,0.4374150943396227,0.5187924528301886,0.5547169811320755,0.012696355306122448,0.013270009183673472,0.007308952857142859,0.01334646920612317,0.013631258810964756,0.007999410466358135,0.5369056603773584,0.5438679245283019,0.6254716981132076,0.12966280323450124,0.029796495956873392,0.06377169811320771,70,53,0.6781428571428565,0.7611320754716976,76.7560975609756,123,21
1983,1983.0,0.4047462686567164,0.5082537313432837,0.561820895522388,0.4374150943396227,0.5187924528301886,0.5547169811320755,0.011883860993539764,0.01254726397861439,0.0071238783693472925,0.01334646920612317,0.013631258810964756,0.007999410466358135,0.5369056603773584,0.5438679245283019,0.6254716981132076,0.132159391720642,0.03561419318501824,0.06365080259081957,67,53,0.6976119402985068,0.7694339622641504,76.89166666666667,120,19
1984,1984.0,0.40647058823529414,0.5112058823529413,0.5602941176470587,0.43506,0.5196200000000001,0.55622,0.011908307958477509,0.012946663494809689,0.007175295847750864,0.0116642564,0.012701795600000001,0.008386411599999997,0.54444,0.5491400000000001,0.62554,0.1379694117647059,0.037934117647058785,0.06524588235294126,68,50,0.6830882352941172,0.8073999999999997,75.79661016949153,118,17
1985,1985.0,0.408225352112676,0.5152394366197184,0.5568169014084506,0.4300555555555556,0.5142037037037037,0.5603888888888888,0.011954343582622495,0.012803365205316405,0.007219783376314223,0.01169160802469136,0.01404071776406036,0.008406496913580244,0.5387777777777778,0.5402777777777777,0.6467037037037038,0.13055242566510178,0.025038341158059363,0.08988680229525314,71,54,0.6611267605633798,0.707407407407407,75.072,125,21
1986,1986.0,0.4114492753623188,0.5197391304347826,0.557463768115942,0.42539285714285713,0.5127499999999999,0.5602678571428571,0.012487754673387945,0.012956801512287336,0.007055611006091156,0.011882488520408163,0.013722758928571428,0.00870098182397959,0.5332857142857144,0.5326785714285714,0.6398035714285716,0.12183643892339557,0.012939440993788853,0.08233980331262958,69,56,0.6552173913043472,0.7182142857142851,74.544,125,19
1987,1987.0,0.41292647058823523,0.5251470588235293,0.5543529411764705,0.42539285714285713,0.5127499999999999,0.5602678571428571,0.012501862240484428,0.01207441955017301,0.006984610726643598,0.011882488520408163,0.013722758928571428,0.00870098182397959,0.5332857142857144,0.5326785714285714,0.6398035714285716,0.12035924369747913,0.0075315126050421455,0.08545063025210109,68,56,0.6598529411764701,0.721428571428571,74.7741935483871,124,20
1988,1988.0,0.4123529411764706,0.5230147058823529,0.5533088235294117,0.42539285714285713,0.5127499999999999,0.5602678571428571,0.012154463667820067,0.01183648507785467,0.00709330168685121,0.011882488520408163,0.013722758928571428,0.00870098182397959,0.5332857142857144,0.5326785714285714,0.6398035714285716,0.12093277310924377,0.009663865546218564,0.0864947478991599,68,56,0.656911764705882,0.7389285714285708,74.21774193548387,124,18
1989,1989.0,0.4123823529411765,0.5243529411764705,0.5525147058823529,0.4210535714285714,0.5076964285714286,0.5574107142857143,0.012161324394463668,0.012138434256055363,0.007118573313148789,0.01094280070153061,0.012800211415816328,0.008202920599489795,0.5360357142857143,0.5290178571428571,0.6426428571428572,0.1236533613445378,0.004664915966386629,0.09012815126050433,68,56,0.6598529411764701,0.7267857142857138,74.19354838709677,124,20
1990,1990.0,0.4124492753623189,0.5260144927536233,0.5510434782608694,0.421462962962963,0.5047777777777779,0.5544444444444444,0.011835580760344466,0.012105028775467342,0.007101287964713294,0.011063063443072703,0.012991691358024691,0.008150358024691357,0.5365740740740741,0.5216666666666667,0.6406851851851852,0.12412479871175519,0.004347826086956608,0.08964170692431583,69,54,0.6655072463768111,0.717407407407407,74.78048780487805,123,19
1991,1991.0,0.4124492753623189,0.5260144927536233,0.5510434782608694,0.4191764705882353,0.5034509803921569,0.5547058823529412,0.011835580760344466,0.012105028775467342,0.007101287964713294,0.011035204152249133,0.013689620146097654,0.008319384083044981,0.5397843137254903,0.5135098039215686,0.6355686274509804,0.1273350383631714,0.012504688832054689,0.084525149190111,69,51,0.6759420289855067,0.7182352941176465,74.99166666666666,120,20
1992,1992.0,0.40983823529411767,0.5206911764705882,0.5532058823529411,0.42414814814814816,0.5100370370370371,0.5517037037037037,0.011889076773356402,0.012366684039792387,0.0072787223183390995,0.012676644718792866,0.013971183813443073,0.008047689986282577,0.5526851851851852,0.5148333333333333,0.6255740740740742,0.1428469498910675,0.005857843137254903,0.07236819172113307,68,54,0.6652941176470584,0.6918518518518513,74.38524590163935,122,20
1993,1993.0,0.40804411764705883,0.5211617647058825,0.554514705882353,0.42696153846153845,0.5113269230769231,0.5543076923076923,0.01184939511245675,0.012403459126297575,0.007565720371972319,0.012872613905325441,0.014383989275147929,0.00796352071005917,0.5493653846153846,0.5101538461538461,0.6252500000000001,0.1413212669683258,0.011007918552036422,0.07073529411764712,68,52,0.6649999999999995,0.6769230769230764,74.49166666666666,120,23
1994,1994.0,0.40863636363636363,0.5178484848484848,0.5529999999999999,0.42495918367346946,0.5059795918367347,0.5538775510204081,0.012153928374655646,0.012331825528007347,0.007474242424242425,0.01155326364014994,0.015099448563098708,0.00844831153685964,0.5509183673469388,0.5039387755102042,0.6347755102040817,0.14228200371057514,0.013909709338280618,0.0817755102040818,66,49,0.6413636363636359,0.70469387755102,73.0,115,22
1995,1995.0,0.40863636363636363,0.5178484848484848,0.5529999999999999,0.4173725490196078,0.4974901960784314,0.5617450980392157,0.012153928374655646,0.012331825528007347,0.007474242424242425,0.011740547481737793,0.014494093041138021,0.010076111495578622,0.5333529411764706,0.49603921568627446,0.6550588235294118,0.12471657754010695,0.02180926916221032,0.10205882352941187,66,51,0.6296969696969692,0.7135294117647056,73.42735042735043,117,21
1996,1996.0,0.4090149253731344,0.5185223880597015,0.5525671641791045,0.42103999999999997,0.5023000000000001,0.56136,0.011922760971263087,0.01217368233459568,0.00720454399643573,0.0112893984,0.013604129999999999,0.010270070399999998,0.53546,0.49956,0.6494,0.12644507462686566,0.018962388059701518,0.09683283582089552,67,50,0.6449253731343279,0.6995999999999996,72.90598290598291,117,23
1997,1997.0,0.40326865671641793,0.5127462686567164,0.5521194029850746,0.42103999999999997,0.5023000000000001,0.56136,0.011481927823568723,0.01186332368010693,0.00722186633994208,0.0112893984,0.013604129999999999,0.010270070399999998,0.53546,0.49956,0.6494,0.13219134328358212,0.013186268656716349,0.09728059701492542,67,50,0.6710447761194025,0.6755999999999998,73.68376068376068,117,23
1998,1998.0,0.4057794117647059,0.516235294117647,0.5547352941176471,0.42103999999999997,0.5023000000000001,0.56136,0.012046966046712803,0.011642856401384086,0.0070170181660899646,0.0112893984,0.013604129999999999,0.010270070399999998,0.53546,0.49956,0.6494,0.12968058823529416,0.01667529411764701,0.09466470588235287,68,50,0.7063235294117641,0.6575999999999995,74.00847457627118,118,22
1999,1999.0,0.4069545454545454,0.5160454545454545,0.555969696969697,0.4192745098039215,0.501078431372549,0.5627058823529412,0.011971255509641872,0.011624437327823691,0.007068756657483929,0.011192826605151864,0.013761248750480586,0.010104207612456744,0.5258627450980391,0.49511764705882355,0.6449803921568628,0.1189081996434937,0.020927807486630923,0.08901069518716576,66,51,0.6865151515151509,0.6809803921568625,72.96581196581197,117,22
2000,2000.0,0.4055230769230769,0.5151076923076922,0.5555692307692308,0.4184583333333333,0.49552083333333335,0.555375,0.012020187928994083,0.011745234556213019,0.007166922130177514,0.011686998263888889,0.013601457899305556,0.008941567708333332,0.5230625,0.49049999999999994,0.6425625,0.11753942307692311,0.02460769230769222,0.08699326923076922,65,48,0.6941538461538456,0.7070833333333328,72.929203539823,113,22
