Step,Time,Mean_Male_Trait_1,Mean_Male_Trait_2,Mean_Male_Trait_3,Mean_Female_Trait_1,Mean_Female_Trait_2,Mean_Female_Trait_3,Var_Male_Trait_1,Var_Male_Trait_2,Var_Male_Trait_3,Var_Female_Trait_1,Var_Female_Trait_2,Var_Female_Trait_3,Mean_Female_Pref_1,Mean_Female_Pref_2,Mean_Female_Pref_3,Trait_Pref_Gap_1,Trait_Pref_Gap_2,Trait_Pref_Gap_3,Male_Count,Female_Count,Mean_Male_Energy,Mean_Female_Energy,Avg_Age,Population_Count,Total_Food
0,0.0,0.5456,0.44856,0.49099999999999994,0.52128,0.54008,0.57048,0.05995983999999999,0.05961808640000002,0.07135656,0.0761169216,0.09049959359999998,0.0662360096,0.46887999999999996,0.46596,0.5464,0.07672000000000001,0.01739999999999997,0.05540000000000006,25,25,0.85,0.85,53.48,50,30
1,1.0,0.5456,0.44856,0.49099999999999994,0.52128,0.54008,0.57048,0.05995983999999999,0.05961808640000002,0.07135656,0.0761169216,0.09049959359999998,0.0662360096,0.46887999999999996,0.46596,0.5464,0.07672000000000001,0.01739999999999997,0.05540000000000006,25,25,0.8221032528484329,0.91,54.48,50,33
2,2.0,0.5456,0.44856,0.49099999999999994,0.5168461538461538,0.5428846153846154,0.5704615384615385,0.05995983999999999,0.05961808640000002,0.07135656,0.0736808224852071,0.08721548668639055,0.06368847928994083,0.48046153846153844,0.45930769230769225,0.5586923076923077,0.06513846153846153,0.010747692307692236,0.06769230769230777,25,26,0.7882065056968658,0.9961538461538461,54.450980392156865,51,33
3,3.0,0.5456,0.44856,0.49099999999999994,0.5168461538461538,0.5428846153846154,0.5704615384615385,0.05995983999999999,0.05961808640000002,0.07135656,0.0736808224852071,0.08721548668639055,0.06368847928994083,0.48046153846153844,0.45930769230769225,0.5586923076923077,0.06513846153846153,0.010747692307692236,0.06769230769230777,25,26,0.7603097585452986,1.1492307692307693,55.450980392156865,51,31
4,4.0,0.5456,0.44856,0.49099999999999994,0.5120000000000001,0.54325,0.57625,0.05995983999999999,0.05961808640000002,0.07135656,0.06903435714285713,0.08194868749999999,0.059664901785714285,0.47917857142857134,0.4542142857142856,0.5827142857142856,0.06642142857142863,0.005654285714285612,0.09171428571428569,25,28,0.7204130113937315,1.1485714285714288,56.64150943396226,53,33
5,5.0,0.5456,0.44856,0.49099999999999994,0.5166551724137932,0.5486896551724139,0.5726896551724138,0.05995983999999999,0.05961808640000002,0.07135656,0.06726063971462545,0.0799513864447087,0.05796242092746729,0.4780344827586206,0.4471724137931034,0.5680344827586207,0.06756551724137938,0.0013875862068966072,0.07703448275862074,25,29,0.6865162642421645,1.0948275862068964,57.870370370370374,54,40
6,6.0,0.5459999999999999,0.45749999999999996,0.4961538461538461,0.5166551724137932,0.5486896551724139,0.5726896551724138,0.05765769230769231,0.05932317307692308,0.06927613017751479,0.06726063971462545,0.0799513864447087,0.05796242092746729,0.4780344827586206,0.4471724137931034,0.5680344827586207,0.06796551724137934,0.010327586206896555,0.07188063660477456,26,29,0.6602110741255746,1.0679310344827584,58.07272727272727,55,46
7,7.0,0.56088,0.45159999999999995,0.5158,0.5205483870967742,0.5446129032258065,0.5730645161290323,0.0542072256,0.06079104,0.06201192,0.06323418314255982,0.07864275338189387,0.05460251196670135,0.46867741935483864,0.46861290322580645,0.5591612903225807,0.0922025806451614,0.01701290322580651,0.043361290322580626,25,31,0.6815165417642138,1.0706451612903225,58.785714285714285,56,45
8,8.0,0.56088,0.45159999999999995,0.5158,0.5205483870967742,0.5446129032258065,0.5730645161290323,0.0542072256,0.06079104,0.06201192,0.06323418314255982,0.07864275338189387,0.05460251196670135,0.46867741935483864,0.46861290322580645,0.5591612903225807,0.0922025806451614,0.01701290322580651,0.043361290322580626,25,31,0.6930808476245792,1.0829032258064517,59.785714285714285,56,48
9,9.0,0.544,0.451,0.5496428571428572,0.5205483870967742,0.5446129032258065,0.5730645161290323,0.05244592857142857,0.05506442857142857,0.06644344387755102,0.06323418314255982,0.07864275338189387,0.05460251196670135,0.46867741935483864,0.46861290322580645,0.5591612903225807,0.0753225806451614,0.017612903225806442,0.009518433179723451,28,31,0.6862903156115578,1.043548387096774,61.28813559322034,59,51
10,10.0,0.5491333333333334,0.44466666666666665,0.5498333333333334,0.5205483870967742,0.5446129032258065,0.5730645161290323,0.04999851555555555,0.0553000888888889,0.06244640555555556,0.06323418314255982,0.07864275338189387,0.05460251196670135,0.46867741935483864,0.46861290322580645,0.5591612903225807,0.08045591397849472,0.0239462365591398,0.009327956989247266,30,31,0.6917229541884011,1.0751612903225807,61.31147540983606,61,50
11,11.0,0.5331874999999999,0.46643750000000006,0.56525,0.5205483870967742,0.5446129032258065,0.5730645161290323,0.04774533984375,0.05239812109375,0.05880000000000001,0.06323418314255982,0.07864275338189387,0.05460251196670135,0.46867741935483864,0.46861290322580645,0.5591612903225807,0.06451008064516128,0.0021754032258063938,0.006088709677419368,32,31,0.69322932838189,1.0154838709677418,61.3968253968254,63,54
12,12.0,0.5359393939393939,0.45521212121212123,0.5492424242424242,0.5393125000000001,0.53815625,0.57890625,0.04675926905417815,0.054930470156106526,0.05784994123048669,0.06690796484375,0.0774345068359375,0.0541251474609375,0.468375,0.4611875,0.5476875,0.06756439393939395,0.005975378787878738,0.001554924242424205,33,32,0.6746385880355126,0.8928125,60.87692307692308,65,60
13,13.0,0.536735294117647,0.44773529411764706,0.5368235294117647,0.541125,0.5588437500000001,0.5729375,0.04540490051903114,0.055159665224913494,0.06123802768166091,0.06738204687499999,0.0739796943359375,0.051074183593749996,0.48703124999999997,0.4700625,0.5489375,0.049704044117647006,0.02232720588235293,0.012113970588235268,34,32,0.7268392524574984,0.8903125,60.40909090909091,66,58
14,14.0,0.5302857142857142,0.4522,0.5402,0.5316764705882352,0.5588235294117648,0.577970588235294,0.04552191836734694,0.05426141714285715,0.05987598857142857,0.06682751297577856,0.07096032179930796,0.04858644031141869,0.49908823529411767,0.4812058823529412,0.5506470588235294,0.031197478991596583,0.029005882352941215,0.010447058823529365,35,34,0.7278188969306658,0.8073529411764706,60.869565217391305,69,62
15,15.0,0.5269729729729729,0.4596216216216216,0.5364324324324324,0.5305428571428571,0.5627142857142858,0.5726857142857142,0.04423845872899927,0.05446526223520818,0.056896299488677866,0.06496184816326529,0.06944757551020407,0.048147872653061224,0.49631428571428576,0.48622857142857145,0.5519428571428571,0.03065868725868709,0.02660694980694983,0.01551042471042463,37,35,0.7307156033465831,0.7862857142857141,60.638888888888886,72,62
16,16.0,0.5213684210526315,0.45473684210526316,0.5422368421052631,0.5366944444444444,0.5626944444444446,0.5674999999999999,0.04423649584487535,0.05391482548476454,0.05664560180055401,0.06448182330246914,0.06751848996913581,0.04775163888888889,0.5053611111111111,0.4811111111111111,0.5631111111111111,0.01600730994152033,0.02637426900584794,0.02087426900584799,38,36,0.7054079624624303,0.7713888888888887,61.445945945945944,74,65
17,17.0,0.5311219512195122,0.466390243902439,0.5451707317073171,0.5317428571428572,0.5786571428571429,0.5696571428571429,0.04275659488399762,0.05463940868530637,0.05280301963117192,0.06544150530612243,0.060274511020408185,0.04894845387755102,0.5031428571428572,0.4926571428571428,0.5652285714285714,0.027979094076654998,0.0262668989547038,0.0200578397212543,41,35,0.6726488760333035,0.8037142857142855,61.723684210526315,76,65
18,18.0,0.5311219512195122,0.466390243902439,0.5451707317073171,0.5220810810810812,0.563972972972973,0.5557027027027027,0.04275659488399762,0.05463940868530637,0.05280301963117192,0.061822506939371816,0.06071397224251279,0.054182317019722426,0.5087567567567568,0.45881081081081077,0.5606216216216217,0.022365194462755422,0.007579433091628229,0.015450889914304544,41,37,0.6498409332767456,0.8537837837837836,61.243589743589745,78,62
19,19.0,0.5416428571428571,0.48333333333333334,0.5582380952380953,0.5220810810810812,0.563972972972973,0.5557027027027027,0.04204603911564626,0.05813326984126984,0.05175480045351474,0.061822506939371816,0.06071397224251279,0.054182317019722426,0.5087567567567568,0.45881081081081077,0.5606216216216217,0.03288610038610029,0.024522522522522572,0.0023835263835263465,42,37,0.6915684997124399,0.8635135135135134,62.278481012658226,79,56
20,20.0,0.5387142857142857,0.48647619047619045,0.5561666666666666,0.5220810810810812,0.563972972972973,0.5557027027027027,0.0423135850340136,0.05978072562358276,0.05165413888888889,0.061822506939371816,0.06071397224251279,0.054182317019722426,0.5087567567567568,0.45881081081081077,0.5606216216216217,0.0299575289575289,0.027665379665379686,0.0044549549549550704,42,37,0.6718019820580805,0.8786486486486484,64.0253164556962,79,59
21,21.0,0.5326046511627908,0.48667441860465116,0.5575581395348836,0.5208947368421054,0.5646052631578948,0.5571052631578948,0.042897308815575984,0.058392126554894536,0.05053420010816659,0.06024767313019391,0.05913102839335182,0.052829252077562325,0.5172631578947369,0.4538421052631579,0.5673157894736843,0.015341493268053896,0.03283231334149328,0.009757649938800683,43,38,0.667507156231533,0.8610526315789472,63.91358024691358,81,60
22,22.0,0.528095238095238,0.49511904761904757,0.5557619047619048,0.5208947368421054,0.5646052631578948,0.5571052631578948,0.043044276643990936,0.05671600963718821,0.05159865759637189,0.06024767313019391,0.05913102839335182,0.052829252077562325,0.5172631578947369,0.4538421052631579,0.5673157894736843,0.010832080200501082,0.04127694235588969,0.011553884711779538,42,38,0.6341367046136531,0.8936842105263156,65.375,80,64
23,23.0,0.5321111111111111,0.4849555555555556,0.552488888888889,0.5204871794871796,0.5668717948717948,0.5574871794871795,0.04247583209876544,0.054908131358024685,0.05442718320987654,0.058709172912557527,0.057810060486522034,0.05148019855358317,0.5155641025641027,0.4519487179487179,0.5547435897435898,0.016547008547008413,0.0330068376068377,0.0022547008547008085,45,39,0.6116629163715835,0.8653846153846154,65.82142857142857,84,65
24,24.0,0.5348695652173913,0.4921739130434783,0.5593043478260871,0.5171951219512194,0.5829512195121951,0.5607560975609756,0.04189485255198488,0.056059187145557667,0.05533425519848772,0.05605840095181439,0.06003272932778108,0.0492115990481856,0.5008780487804878,0.45680487804878045,0.560170731707317,0.03399151643690346,0.035369034994697846,0.0008663838812299485,46,41,0.6135776029292159,0.8187804878048779,66.75862068965517,87,66
25,25.0,0.5344893617021276,0.49506382978723407,0.5582340425531916,0.5159761904761904,0.582547619047619,0.5572857142857143,0.04101012222725215,0.05525061294703487,0.05420962607514712,0.054072880385487535,0.05861672392290249,0.04700820408163265,0.49404761904761907,0.4556666666666667,0.5675714285714286,0.040441742654508506,0.03939716312056735,0.00933738601823697,47,42,0.5715635061908827,0.8309523809523808,66.06741573033707,89,65
26,26.0,0.5363265306122449,0.5003877551020408,0.5583469387755101,0.5260465116279069,0.5692093023255814,0.541139534883721,0.03981964847980008,0.055158400666388996,0.05533590004164931,0.054624928069226614,0.0626674678204435,0.05401328285559761,0.47595348837209306,0.44665116279069766,0.5380465116279071,0.06037304224015183,0.053736592311343145,0.02030042714760305,49,43,0.5919104707955924,0.7888372093023255,64.98913043478261,92,61
27,27.0,0.5368799999999999,0.5014400000000001,0.5576,0.5197380952380952,0.5811428571428572,0.5529285714285714,0.039038265600000004,0.0541094864,0.054256519999999996,0.054214288548752834,0.05803593197278912,0.049323113945578236,0.47804761904761905,0.45626190476190476,0.549,0.05883238095238086,0.04517809523809535,0.008599999999999941,50,42,0.5858377615201437,0.8488095238095236,65.71739130434783,92,58
28,28.0,0.5368799999999999,0.5014400000000001,0.5576,0.5197380952380952,0.5811428571428572,0.5529285714285714,0.039038265600000004,0.0541094864,0.054256519999999996,0.054214288548752834,0.05803593197278912,0.049323113945578236,0.47804761904761905,0.45626190476190476,0.549,0.05883238095238086,0.04517809523809535,0.008599999999999941,50,42,0.586635525313347,0.8883333333333334,66.71739130434783,92,56
29,29.0,0.5391874999999999,0.5013124999999999,0.5621458333333332,0.5197380952380952,0.5811428571428572,0.5529285714285714,0.039174235677083336,0.05632488151041667,0.055536832899305555,0.054214288548752834,0.05803593197278912,0.049323113945578236,0.47804761904761905,0.45626190476190476,0.549,0.061139880952380876,0.04505059523809518,0.01314583333333319,48,42,0.5743687393100806,0.9635714285714282,66.52222222222223,90,52
30,30.0,0.5435833333333333,0.5003541666666667,0.5540208333333334,0.5197380952380952,0.5811428571428572,0.5529285714285714,0.04042365972222223,0.05669256206597223,0.05272693706597222,0.054214288548752834,0.05803593197278912,0.049323113945578236,0.47804761904761905,0.45626190476190476,0.549,0.06553571428571425,0.0440922619047619,0.005020833333333363,48,42,0.567010149702714,1.0102380952380952,67.15555555555555,90,49
31,31.0,0.537531914893617,0.485468085106383,0.5598297872340426,0.5264883720930231,0.5764651162790698,0.5525581395348836,0.04226165323675871,0.054921355364418285,0.055306354006337696,0.05486727312060572,0.05760527203893997,0.04818182801514331,0.48339534883720925,0.4494651162790698,0.5498372093023257,0.05413656605640771,0.036002968827313186,0.009992577931716928,47,43,0.5730117675539214,1.0241860465116277,67.31111111111112,90,48
32,32.0,0.5328139534883721,0.47341860465116287,0.5626046511627908,0.5291999999999999,0.5811777777777778,0.5575111111111111,0.04394368631692807,0.05160363872363441,0.05923302974580854,0.05272371555555554,0.05725614617283951,0.046580694320987645,0.49082222222222216,0.44660000000000005,0.5565111111111112,0.04199173126614997,0.026818604651162814,0.0060935400516796134,43,45,0.5932700296939293,1.0328888888888885,66.01136363636364,88,47
33,33.0,0.5378723404255319,0.4612978723404256,0.5478085106382979,0.5221489361702127,0.5784468085106382,0.5598936170212766,0.042186749660479854,0.049634166591217735,0.06063475056586691,0.05214336079674061,0.05560377908555909,0.04312362698053418,0.47729787234042553,0.44197872340425526,0.5688510638297872,0.06057446808510636,0.019319148936170316,0.02104255319148929,47,47,0.6225553735238453,0.9242553191489361,65.30851063829788,94,45
34,34.0,0.5357659574468085,0.464531914893617,0.5451489361702129,0.52862,0.5794600000000001,0.5672799999999999,0.04333396650067904,0.04890382344952469,0.059847403349932084,0.051078155599999994,0.05519812840000001,0.041469961599999994,0.50114,0.46293999999999996,0.57656,0.03462595744680852,0.0015919148936170413,0.03141106382978709,47,50,0.6321012670054658,0.9149999999999998,65.0,97,40
35,35.0,0.5331199999999999,0.47845999999999994,0.55036,0.5297058823529411,0.5787254901960786,0.5678823529411764,0.0386571056,0.052142768400000004,0.05732811039999999,0.050135580161476345,0.054142787389465596,0.040674966551326415,0.49641176470588244,0.4699607843137255,0.567156862745098,0.036708235294117486,0.00849921568627443,0.016796862745098062,50,51,0.6267645423860598,0.8901960784313723,64.0,101,35
36,36.0,0.5194489795918367,0.4708367346938776,0.5594489795918368,0.5255740740740741,0.5769814814814817,0.5678333333333333,0.03701432902957101,0.04902932028321533,0.05877216576426489,0.05022909636488341,0.052084573731138555,0.0391816574074074,0.4924629629629631,0.47090740740740744,0.5667037037037037,0.026986016628873566,7.067271352984017e-05,0.007254724111866895,49,54,0.6215024506478788,0.8635185185185185,62.398058252427184,103,34
37,37.0,0.5194489795918367,0.4708367346938776,0.5594489795918368,0.5211698113207547,0.5730377358490566,0.562754716981132,0.03701432902957101,0.04902932028321533,0.05877216576426489,0.05012934852260591,0.05222743253826985,0.03852814738341046,0.48350943396226426,0.4624716981132076,0.5604528301886793,0.03593954562957241,0.008365036580670004,0.0010038505968424927,49,53,0.58331774078315,0.8686792452830185,62.84313725490196,102,38
38,38.0,0.51718,0.47130000000000005,0.5638000000000001,0.5274814814814816,0.5674444444444445,0.5622407407407407,0.036526307599999995,0.04805924999999999,0.05852436000000001,0.04667958299039781,0.05216398765432099,0.03696077537722908,0.47668518518518527,0.44940740740740753,0.5748518518518518,0.040494814814814706,0.02189259259259252,0.011051851851851757,50,54,0.5422303703000526,0.8940740740740739,63.50961538461539,104,37
39,39.0,0.521125,0.4640416666666667,0.5760416666666667,0.5326666666666667,0.5559122807017545,0.5712456140350877,0.035827651041666665,0.04387803993055556,0.05633295659722223,0.046843590643274854,0.05469997476146507,0.03815071160357033,0.4866491228070175,0.4441052631578947,0.5870701754385965,0.03447587719298245,0.01993640350877196,0.011028508771929846,48,57,0.5656555280062722,0.8354385964912278,62.94285714285714,105,36
40,40.0,0.51652,0.47034,0.5867,0.5356896551724138,0.554948275862069,0.5617413793103448,0.033898289600000006,0.042352384400000005,0.050776449999999994,0.04636566230677765,0.05380111801426873,0.039289502080856124,0.4980862068965517,0.4322931034482759,0.5904827586206897,0.01843379310344828,0.03804689655172411,0.0037827586206896635,50,58,0.5563120282264628,0.7849999999999998,62.30555555555556,108,35
41,41.0,0.5182244897959184,0.4633469387755103,0.5876938775510204,0.5362881355932204,0.5526949152542372,0.5600677966101696,0.03444482715535194,0.040771573511037065,0.05176331445231155,0.045600577994829083,0.05318373743177248,0.038786029301924735,0.49886440677966104,0.4321864406779661,0.5914406779661017,0.019360083016257357,0.03116049809754423,0.0037468004150812417,49,59,0.5361787446491347,0.788474576271186,63.03703703703704,108,37
42,42.0,0.5240754716981132,0.472377358490566,0.5867735849056603,0.5360666666666667,0.5542666666666666,0.5594166666666668,0.03532225845496618,0.039906121751513,0.04635262798148808,0.04484346222222222,0.05244309555555557,0.03816460972222222,0.49865,0.43024999999999997,0.5840833333333333,0.02542547169811321,0.042127358490566036,0.0026902515723270515,53,60,0.5807679823725341,0.7331666666666664,63.60176991150443,113,34
43,43.0,0.5202037037037037,0.4777592592592593,0.5877777777777777,0.5360666666666667,0.5542666666666666,0.5594166666666668,0.03507893998628258,0.03647255315500686,0.044733024691358016,0.04484346222222222,0.05244309555555557,0.03816460972222222,0.49865,0.43024999999999997,0.5840833333333333,0.02155370370370374,0.04750925925925931,0.0036944444444444446,54,60,0.5671962675703992,0.7398333333333331,64.00877192982456,114,34
44,44.0,0.522074074074074,0.48764814814814816,0.5762222222222222,0.5322833333333333,0.5606833333333332,0.5663833333333333,0.034456438957476,0.03533441323731139,0.04177235802469136,0.04512853638888889,0.05203274972222223,0.03792913638888888,0.5015166666666667,0.4264833333333333,0.5977333333333334,0.020557407407407302,0.06116481481481484,0.02151111111111126,54,60,0.5564827366674936,0.7691666666666666,63.86842105263158,114,31
45,45.0,0.5226851851851851,0.48529629629629634,0.5731481481481481,0.5322833333333333,0.5606833333333332,0.5663833333333333,0.03409236385459533,0.03452054183813443,0.041512200274348425,0.04512853638888889,0.05203274972222223,0.03792913638888888,0.5015166666666667,0.4264833333333333,0.5977333333333334,0.02116851851851842,0.05881296296296301,0.024585185185185376,54,60,0.5381401677511266,0.7708333333333331,64.78947368421052,114,32
46,46.0,0.5293703703703704,0.4803703703703704,0.5605185185185184,0.5289508196721311,0.5616229508196721,0.5657868852459017,0.033551010973936896,0.03273889986282579,0.04132613854595336,0.04505506315506585,0.05123272668637463,0.03732869228701961,0.4969836065573771,0.42421311475409834,0.604327868852459,0.03238676381299327,0.05615725561627205,0.04380935033394062,54,61,0.5468116047450289,0.783606557377049,64.57391304347826,115,28
47,47.0,0.5367407407407407,0.4920555555555555,0.5679814814814814,0.5341803278688524,0.5620819672131149,0.5639836065573771,0.0328023401920439,0.03460368209876544,0.040137055212620024,0.043224049449072835,0.05110433754367107,0.03734631120666487,0.5036885245901639,0.4231311475409835,0.6072786885245901,0.03305221615057685,0.068924408014572,0.039297207043108684,54,61,0.5594770223412296,0.7842622950819669,65.99130434782609,115,27
48,48.0,0.5316545454545455,0.49338181818181825,0.5684181818181818,0.5335806451612902,0.563467741935484,0.5650483870967743,0.033589426115702474,0.03403830876033058,0.039267043305785114,0.04254882414151925,0.050397216701352755,0.03681311056191468,0.5080806451612903,0.4206935483870967,0.6123064516129031,0.023573900293255234,0.07268826979472154,0.04388826979472127,55,62,0.5430838047534432,0.7882258064516128,66.14529914529915,117,26
49,49.0,0.5360740740740741,0.4925555555555556,0.5666666666666667,0.5332539682539681,0.5630476190476191,0.5653968253968256,0.03313717969821673,0.0346310987654321,0.03982548148148149,0.04188006248425295,0.049608204081632655,0.03623630284706476,0.5080158730158729,0.41871428571428565,0.6106031746031746,0.028058201058201226,0.07384126984126993,0.04393650793650794,54,63,0.503197986377659,0.7980952380952377,66.51282051282051,117,28
50,50.0,0.5380909090909092,0.49510909090909094,0.5682181818181818,0.5314193548387096,0.5608225806451613,0.5668870967741937,0.030754046280991734,0.034281224462809914,0.03928722512396693,0.04234350156087408,0.05009643626430801,0.03668084209157127,0.5090161290322581,0.42143548387096763,0.6179193548387095,0.02907478005865105,0.07367360703812331,0.04970117302052768,55,62,0.4716812680345711,0.7962903225806448,66.09401709401709,117,31
51,51.0,0.5442407407407407,0.5030370370370372,0.5639629629629629,0.5347846153846154,0.5564153846153846,0.564076923076923,0.030142960562414264,0.03367585048010974,0.03950155418381345,0.04111543053254438,0.04946775053254438,0.03672404023668639,0.5168923076923077,0.4171384615384615,0.613323076923077,0.02734843304843304,0.08589857549857566,0.04936011396011408,54,65,0.46341727789608966,0.7827692307692303,67.25210084033614,119,30
52,52.0,0.5416538461538462,0.4960384615384616,0.5589807692307692,0.5453076923076923,0.5582461538461537,0.5589846153846153,0.031034841715976334,0.0329784600591716,0.03920617270710059,0.039617751479289934,0.04839467786982248,0.03635906130177515,0.521723076923077,0.4161076923076923,0.6120923076923077,0.019930769230769196,0.0799307692307693,0.05311153846153849,52,65,0.45081854149649037,0.7658461538461535,66.34188034188034,117,30
53,53.0,0.5324038461538462,0.5027692307692309,0.5598653846153846,0.544734375,0.5655,0.5625312499999999,0.029738856139053253,0.03630702366863905,0.039391308801775146,0.04021541381835937,0.04573065625,0.03610956152343749,0.5279843750000001,0.41604687500000004,0.6113437500000001,0.004419471153846111,0.08672235576923082,0.051478365384615477,52,64,0.44193075317290725,0.7795312499999996,65.73275862068965,116,28
54,54.0,0.5301132075471698,0.5031509433962263,0.5635849056603773,0.5465757575757575,0.555560606060606,0.561060606060606,0.02999338341046635,0.03554080740477038,0.04233865788536846,0.03921254729109274,0.04750954935720845,0.03941435996326906,0.5287727272727274,0.4102878787878788,0.6055000000000001,0.001340480274442446,0.09286306460834753,0.041915094339622816,53,66,0.4540234161834843,0.7425757575757573,65.96638655462185,119,28
55,55.0,0.5280392156862745,0.5034313725490196,0.5597254901960783,0.5295522388059702,0.5491641791044777,0.5592089552238806,0.02956348865820838,0.036963029603998464,0.043406591311034214,0.035472605480062376,0.04503240588104254,0.03921759812875918,0.5341492537313433,0.41352238805970154,0.6168507462686567,0.006110038045068711,0.08990898448931806,0.057125256072578345,51,67,0.4228555088225375,0.7244776119402982,64.77118644067797,118,30
56,56.0,0.5227083333333333,0.5080833333333333,0.5616666666666666,0.52975,0.5536176470588235,0.5613676470588236,0.026801664930555556,0.03888695138888889,0.045889597222222224,0.03495356985294118,0.045699000865051916,0.03895308542387543,0.5409999999999999,0.42145588235294124,0.6160735294117646,0.018291666666666595,0.0866274509803921,0.054406862745097984,48,68,0.435046832451115,0.7624999999999996,65.27586206896552,116,25
57,57.0,0.5130000000000001,0.526531914893617,0.5703829787234042,0.52975,0.5536176470588235,0.5613676470588236,0.0245816170212766,0.03526275961973744,0.0476703214124038,0.03495356985294118,0.045699000865051916,0.03895308542387543,0.5409999999999999,0.42145588235294124,0.6160735294117646,0.027999999999999803,0.10507603254067571,0.045690550688360476,47,68,0.4220925608643137,0.7983823529411762,65.38260869565218,115,22
58,58.0,0.5108444444444445,0.526511111111111,0.5689111111111111,0.52975,0.5536176470588235,0.5613676470588236,0.025125375802469135,0.03625020543209877,0.0477678587654321,0.03495356985294118,0.045699000865051916,0.03895308542387543,0.5409999999999999,0.42145588235294124,0.6160735294117646,0.03015555555555538,0.1050552287581698,0.047162418300653486,45,68,0.451574736205443,0.8091176470588232,65.5575221238938,113,20
59,59.0,0.5096046511627907,0.5362558139534884,0.5696279069767443,0.5279714285714286,0.5571428571428572,0.5622571428571428,0.024741029745808545,0.0349782368848026,0.048575442942130884,0.03482622775510204,0.04564155102040816,0.0378802481632653,0.5431999999999999,0.4272714285714286,0.6194428571428571,0.03359534883720916,0.10898438538205985,0.049814950166112815,43,70,0.4602522765173602,0.7937142857142856,65.66371681415929,113,21
60,60.0,0.5112,0.527075,0.566075,0.5308088235294117,0.552,0.5659117647058822,0.02550686,0.035350019375,0.05159421937499999,0.03324438992214534,0.04431376470588236,0.03768784515570933,0.5616029411764706,0.42324999999999996,0.6243529411764707,0.050402941176470595,0.103825,0.05827794117647067,40,68,0.46483649426346696,0.7576470588235291,63.99074074074074,108,25
61,61.0,0.5091794871794872,0.5359230769230768,0.5791794871794872,0.5308088235294117,0.552,0.5659117647058822,0.025997583168967785,0.033124891518737674,0.04604804470742932,0.03324438992214534,0.04431376470588236,0.03768784515570933,0.5616029411764706,0.42324999999999996,0.6243529411764707,0.05242345399698334,0.11267307692307688,0.04517345399698347,39,68,0.4657466978763106,0.7744117647058821,64.8411214953271,107,25
62,62.0,0.5072749999999999,0.541425,0.5807249999999999,0.5298208955223881,0.5518059701492537,0.5666417910447762,0.025489099375,0.033477344375,0.044989999375,0.033674206727556256,0.04497260414346179,0.03821411049231454,0.5621492537313432,0.42397014925373133,0.6240746268656717,0.05487425373134325,0.11745485074626871,0.043349626865671786,40,67,0.43606703276497205,0.800149253731343,65.86915887850468,107,26
63,63.0,0.5121499999999999,0.5383,0.5766,0.5270434782608696,0.5460579710144928,0.5554057971014493,0.0238197775,0.033517109999999996,0.04603909,0.03317633144297417,0.04518640243646293,0.04157227011132114,0.5555652173913044,0.4137246376811594,0.6069710144927535,0.043415217391304495,0.12457536231884059,0.03037101449275348,40,69,0.43325224123180295,0.8024637681159417,65.59633027522936,109,21
64,64.0,0.5244883720930232,0.5356976744186046,0.5660232558139535,0.5228823529411766,0.5485,0.5556764705882353,0.02441020335316387,0.03448979232017307,0.049462766901027584,0.032469486159169544,0.04543942647058824,0.04217857179930795,0.5533235294117648,0.4173970588235294,0.6072941176470588,0.028835157318741533,0.11830061559507521,0.041270861833105243,43,68,0.41765262889912164,0.7926470588235289,66.50450450450451,111,24
65,65.0,0.5250227272727273,0.5386136363636363,0.5681363636363637,0.5213285714285716,0.5504285714285715,0.5575142857142857,0.02386770402892562,0.03407155526859504,0.048530617768595026,0.032045649183673475,0.04428273061224489,0.041091164081632645,0.5552428571428573,0.42415714285714284,0.6070142857142857,0.030220129870130008,0.1144564935064935,0.03887792207792207,44,70,0.44860266275579813,0.7877142857142855,67.64035087719299,114,19
66,66.0,0.5359512195121952,0.5434634146341464,0.5718048780487804,0.51925,0.5487361111111111,0.5625555555555555,0.02314809518143962,0.03536693158834027,0.04559283997620464,0.03229938194444445,0.044058888695987654,0.04201938580246914,0.5592083333333333,0.41891666666666666,0.5953333333333333,0.023257113821138153,0.12454674796747972,0.02352845528455283,41,72,0.4850647163324907,0.7569444444444441,67.08849557522124,113,21
67,67.0,0.5553333333333333,0.5220952380952382,0.5477142857142857,0.514,0.5465,0.5661621621621621,0.023184984126984127,0.03979037188208617,0.04997158503401361,0.032711000000000004,0.04304822297297297,0.04152067640613586,0.5534189189189189,0.4166351351351351,0.6002702702702702,0.0019144144144144226,0.10546010296010305,0.052555984555984536,42,74,0.5411505885214025,0.7062162162162159,67.59482758620689,116,21
68,68.0,0.5603658536585366,0.522268292682927,0.5398780487804877,0.515012987012987,0.5427532467532468,0.5652727272727274,0.022686768590124924,0.040759610945865554,0.048611326591314695,0.031963545285882945,0.03982070534660145,0.039564484061393144,0.5667792207792208,0.4328701298701298,0.5901298701298702,0.006413367120684188,0.08939816281279717,0.05025182134938244,41,77,0.5142187378532788,0.6920779220779217,68.61016949152543,118,23
69,69.0,0.5614871794871797,0.5114871794871796,0.5282307692307692,0.5101315789473685,0.5495921052631578,0.5601578947368422,0.0221164036817883,0.03883312163050625,0.048034741617357005,0.03054935110803324,0.03674337309556786,0.038070632963988923,0.5655263157894738,0.43301315789473693,0.5857763157894738,0.004039136302294022,0.07847402159244266,0.057545546558704586,39,76,0.5153607780581343,0.7197368421052627,69.16521739130435,115,21
70,70.0,0.5646923076923078,0.5034615384615385,0.5295641025641025,0.5055714285714286,0.5523896103896104,0.5621168831168832,0.022292110453648914,0.03824753057199211,0.04818475871137409,0.031733024118738413,0.03686096508686119,0.037867869455220096,0.5587922077922078,0.43422077922077934,0.5807922077922079,0.0059000999000999865,0.06924075924075918,0.05122810522810539,39,77,0.4993188868072731,0.7244155844155842,69.45689655172414,116,21
71,71.0,0.5692682926829268,0.5022926829268293,0.539609756097561,0.5058205128205129,0.5520384615384615,0.562371794871795,0.021685318262938725,0.03647342653182629,0.04795238429506247,0.0313309677843524,0.03639788313609467,0.03738738740959895,0.5612179487179487,0.433423076923077,0.5853461538461538,0.008050343964978057,0.06886960600375225,0.04573639774859284,41,78,0.49550554900586125,0.7049999999999996,69.9327731092437,119,22
72,72.0,0.575953488372093,0.4957209302325581,0.5296046511627907,0.5071447368421054,0.5494342105263158,0.5596447368421053,0.02074739318550568,0.036726480259599785,0.05115912276906436,0.03177728168282548,0.0370026930401662,0.03804712378808864,0.5588947368421051,0.42723684210526314,0.5843157894736842,0.017058751529987926,0.06848408812729495,0.05471113831089358,43,76,0.509987229499958,0.6780263157894734,69.27731092436974,119,24
73,73.0,0.5724418604651162,0.49546511627906986,0.5297209302325581,0.5047123287671234,0.5487260273972602,0.5621917808219178,0.02163722336398053,0.03659452785289346,0.05118931746890212,0.032701410395946706,0.038357322199286926,0.03942629198723963,0.5521369863013699,0.4303150684931507,0.5813561643835616,0.020304874163746378,0.06515004778591915,0.05163523415100357,43,73,0.5121899175188243,0.7397260273972599,68.9396551724138,116,19
74,74.0,0.567904761904762,0.48964285714285716,0.5304761904761904,0.504945945945946,0.5486351351351351,0.5566351351351352,0.021267229024943313,0.03600818197278912,0.0523835827664399,0.03226348356464572,0.037839583089846605,0.0411474749817385,0.5519189189189189,0.43401351351351347,0.5813108108108108,0.015985842985843157,0.055629343629343686,0.050834620334620384,42,74,0.49458575752778816,0.7322972972972969,69.76724137931035,116,22
75,75.0,0.567904761904762,0.48964285714285716,0.5304761904761904,0.5022597402597403,0.5431818181818181,0.5531428571428573,0.021267229024943313,0.03600818197278912,0.0523835827664399,0.03137032214538708,0.03742308382526564,0.039849083487940626,0.5437922077922077,0.4286233766233765,0.5818701298701299,0.024112554112554307,0.06101948051948064,0.051393939393939436,42,77,0.4470027386909156,0.7488311688311686,69.92436974789916,119,20
76,76.0,0.560139534883721,0.4917441860465116,0.5295581395348836,0.5022597402597403,0.5431818181818181,0.5531428571428573,0.023305189832341807,0.0353562368848026,0.05120075824770146,0.03137032214538708,0.03742308382526564,0.039849083487940626,0.5437922077922077,0.4286233766233765,0.5818701298701299,0.01634732709151332,0.06312080942313508,0.05231199033524625,43,77,0.42850298218301874,0.7457142857142853,70.36666666666666,120,22
77,77.0,0.563609756097561,0.48151219512195115,0.5165609756097561,0.5029866666666666,0.5386133333333333,0.5550666666666667,0.023213311124330754,0.03337849375371802,0.050053953599048184,0.03237118648888889,0.038267623822222215,0.04122334222222223,0.5439466666666667,0.42075999999999997,0.5821200000000001,0.019663089430894343,0.06075219512195118,0.06555902439024397,41,75,0.4527284617024965,0.750133333333333,69.96551724137932,116,21
78,78.0,0.567475,0.47835,0.507925,0.5029866666666666,0.5386133333333333,0.5550666666666667,0.023151099374999998,0.0339524775,0.05059111937500001,0.03237118648888889,0.038267623822222215,0.04122334222222223,0.5439466666666667,0.42075999999999997,0.5821200000000001,0.023528333333333262,0.05759000000000003,0.07419500000000012,40,75,0.4956812732206476,0.7607999999999995,70.11304347826086,115,18
79,79.0,0.5652250000000001,0.471525,0.508925,0.5065384615384615,0.5315128205128204,0.542525641025641,0.022594674375,0.031760799374999996,0.05072826937500001,0.03175701775147929,0.03820117291255753,0.04404317241946089,0.5383589743589744,0.4133846153846154,0.5613589743589744,0.026866025641025693,0.05814038461538462,0.052433974358974456,40,78,0.4793571445031417,0.728333333333333,69.58474576271186,118,21
80,80.0,0.5594358974358974,0.48433333333333334,0.5203076923076921,0.5081410256410257,0.5338974358974359,0.5407692307692308,0.021193784352399738,0.03549458119658119,0.052489802761341214,0.03159727498356345,0.03828365614727152,0.04362566469428007,0.5320256410256411,0.41935897435897435,0.5571794871794872,0.027410256410256295,0.06497435897435899,0.03687179487179504,39,78,0.4593888665051136,0.726538461538461,70.15384615384616,117,22
81,81.0,0.5556923076923077,0.47410256410256396,0.5068461538461538,0.5160897435897437,0.5279102564102565,0.5348461538461537,0.02122795660749507,0.03825111768573307,0.05413418145956607,0.031989389381985534,0.03923159451019066,0.04500489940828402,0.5355000000000002,0.41739743589743594,0.5404102564102564,0.02019230769230751,0.05670512820512802,0.03356410256410258,39,78,0.4481443545583441,0.7465384615384613,69.92307692307692,117,21
82,82.0,0.5596153846153846,0.4701538461538462,0.5080512820512821,0.5197792207792209,0.5264285714285714,0.53812987012987,0.02033228796844181,0.03589869428007889,0.05438979224194608,0.03134308112666554,0.03956985528756958,0.04474832079608704,0.5386753246753248,0.41810389610389614,0.5364025974025973,0.020940059940059874,0.052049950049950056,0.028351315351315187,39,77,0.4561671973539626,0.7436363636363631,70.35344827586206,116,21
83,83.0,0.5619487179487179,0.4725384615384615,0.5073846153846154,0.5168157894736843,0.5301315789473684,0.5403421052631578,0.019747638395792244,0.03626665877712033,0.05434541617357002,0.03107928185595568,0.039034666897506926,0.04496027770083103,0.534513157894737,0.42256578947368423,0.5404342105263157,0.027435560053980956,0.04997267206477729,0.03304959514170025,39,76,0.4648220850727795,0.7698684210526312,70.69565217391305,115,19
84,84.0,0.5599736842105263,0.4830526315789474,0.5124473684210527,0.5169743589743591,0.5228717948717949,0.5431538461538461,0.02077339404432133,0.03501831301939058,0.048750036703601105,0.03281240959894806,0.0394966758711374,0.04207620710059171,0.525897435897436,0.4154358974358975,0.5345897435897435,0.03407624831309031,0.06761673414304992,0.022142375168690887,38,78,0.46297549811949,0.7456410256410252,69.16379310344827,116,21
85,85.0,0.5588205128205128,0.48323076923076924,0.5062564102564102,0.5160632911392405,0.527506329113924,0.5482405063291139,0.02029127547666009,0.03412161341222879,0.04895649835634451,0.03178646434866207,0.03905728793462585,0.042330005447844904,0.5315822784810127,0.42507594936708865,0.5393417721518986,0.027238234339500123,0.058154819863680596,0.033085361895488385,39,79,0.42725489735380323,0.7558227848101261,69.66101694915254,118,21
86,86.0,0.5588205128205128,0.48323076923076924,0.5062564102564102,0.516625,0.529575,0.5473874999999999,0.02029127547666009,0.03412161341222879,0.04895649835634451,0.031414059375,0.038907144375,0.04185836234375,0.5303125000000001,0.4284,0.5393625,0.02850801282051274,0.05483076923076924,0.03310608974358975,39,80,0.40102538624360484,0.7783749999999996,70.87394957983193,119,19
87,87.0,0.5613243243243243,0.47427027027027024,0.49681081081081085,0.5158227848101266,0.528607594936709,0.5417721518987342,0.020198813732651567,0.033870575602629654,0.04984350474799124,0.03217794327832078,0.039518592853709344,0.04321103669283768,0.5354810126582278,0.4194050632911393,0.5381518987341771,0.025843311666096547,0.05486520697913094,0.04134108792336627,37,79,0.4512912562436968,0.7718987341772147,71.53448275862068,116,15
88,88.0,0.5464848484848485,0.4910909090909091,0.504,0.5161282051282051,0.526474358974359,0.5436794871794871,0.020220067952249773,0.034007355371900826,0.041910181818181826,0.0325831117685733,0.03966573652202499,0.043477628040762654,0.5371923076923077,0.41635897435897434,0.5374102564102563,0.009292540792540716,0.07473193473193473,0.0334102564102563,33,78,0.4707147174274924,0.7969230769230765,72.009009009009,111,16
89,89.0,0.5358235294117647,0.47644117647058826,0.4887352941176471,0.516025641025641,0.5265,0.5439743589743589,0.021992262975778543,0.03678165830449827,0.04109101816608997,0.03260548652202498,0.03966001923076922,0.043390153188691646,0.5392051282051282,0.41128205128205114,0.5375128205128205,0.003381598793363527,0.06515912518853711,0.048777526395173354,34,78,0.5210081697634479,0.761282051282051,71.86607142857143,112,18
90,90.0,0.5305,0.47875000000000006,0.4912500000000001,0.516025641025641,0.5265,0.5439743589743589,0.02143275,0.03527885416666666,0.03919574305555555,0.03260548652202498,0.03966001923076922,0.043390153188691646,0.5392051282051282,0.41128205128205114,0.5375128205128205,0.008705128205128254,0.06746794871794892,0.04626282051282038,36,78,0.5142171710506643,0.7810256410256404,72.43859649122807,114,15
91,91.0,0.5194571428571427,0.4805428571428571,0.4868000000000001,0.5195394736842105,0.5244210526315789,0.5434342105263156,0.021626419591836733,0.03654910530612245,0.03848364571428572,0.03289566949445982,0.03990029639889196,0.04419456146121884,0.5420526315789473,0.4154736842105264,0.531,0.022595488721804613,0.06506917293233072,0.044199999999999906,35,76,0.5257606054149695,0.7690789473684206,72.02702702702703,111,13
92,92.0,0.5219090909090909,0.49396969696969695,0.48530303030303035,0.5195394736842105,0.5244210526315789,0.5434342105263156,0.02267426446280992,0.03467742332415059,0.03666402938475666,0.03289566949445982,0.03990029639889196,0.04419456146121884,0.5420526315789473,0.4154736842105264,0.531,0.020143540669856463,0.07849601275917056,0.04569696969696968,33,76,0.5318342900218964,0.7885526315789468,72.57798165137615,109,12
93,93.0,0.5161290322580645,0.49038709677419356,0.4696451612903226,0.5195394736842105,0.5244210526315789,0.5434342105263156,0.023513467221644123,0.03653836628511967,0.03387700312174818,0.03289566949445982,0.03990029639889196,0.04419456146121884,0.5420526315789473,0.4154736842105264,0.531,0.02592359932088284,0.07491341256366718,0.06135483870967745,31,76,0.5120319833916246,0.7978947368421048,73.59813084112149,107,14
94,94.0,0.5077142857142857,0.46900000000000014,0.45814285714285713,0.5215128205128206,0.5255641025641025,0.5439615384615383,0.024802704081632654,0.03489814285714286,0.03460783673469388,0.03262355752794215,0.03895478435239974,0.04410785749506903,0.5428461538461539,0.41410256410256413,0.5295769230769231,0.035131868131868194,0.05489743589743601,0.07143406593406593,28,78,0.5168136018153099,0.7720512820512815,73.47169811320755,106,18
95,95.0,0.50188,0.43648,0.4518000000000001,0.525012987012987,0.5255844155844156,0.5438571428571428,0.0228753856,0.027952169599999993,0.03782448,0.032537597233934894,0.0394606584584247,0.044799706864564,0.5559480519480519,0.41416883116883113,0.5214545454545456,0.054068051948051865,0.02231116883116885,0.06965454545454552,25,77,0.511481941037987,0.7744155844155837,72.17647058823529,102,18
96,96.0,0.5045,0.4378076923076923,0.4636538461538462,0.5238625,0.5293125,0.5506249999999999,0.02216717307692308,0.02692115532544378,0.039882534023668634,0.03140466859375,0.03856358984375,0.042137209375,0.56505,0.40596250000000006,0.5333249999999999,0.060550000000000104,0.03184519230769223,0.06967115384615374,26,80,0.5097513180541416,0.7318749999999994,70.98113207547169,106,18
97,97.0,0.5045,0.4378076923076923,0.4636538461538462,0.5236923076923079,0.5212179487179487,0.5482820512820513,0.02216717307692308,0.02692115532544378,0.039882534023668634,0.032077674556213014,0.036851119165023004,0.042995997370151216,0.5637435897435896,0.3933076923076923,0.5346923076923078,0.059243589743589675,0.044499999999999984,0.0710384615384616,26,78,0.4641619049517263,0.758589743589743,71.57692307692308,104,19
98,98.0,0.5045,0.4378076923076923,0.4636538461538462,0.5224936708860762,0.5229873417721519,0.5487848101265823,0.02216717307692308,0.02692115532544378,0.039882534023668634,0.031783692997917,0.03662884794103509,0.0424714600224323,0.5621139240506329,0.39791139240506335,0.5352025316455697,0.057613924050632925,0.03989629990262894,0.07154868549172355,26,79,0.41280326108008025,0.7817721518987338,72.83809523809524,105,19
99,99.0,0.50324,0.43195999999999996,0.45624000000000003,0.52564,0.5261066666666666,0.55736,0.0228749824,0.031450518399999995,0.039077382400000006,0.033776950400000005,0.03732966862222222,0.041673937066666666,0.5757066666666666,0.39768000000000003,0.5533733333333334,0.07246666666666657,0.03427999999999992,0.09713333333333335,25,75,0.42619533563870143,0.7507999999999995,72.28,100,23
100,100.0,0.49704166666666666,0.433625,0.4424166666666666,0.525162162162162,0.5238513513513514,0.5584054054054054,0.022867623263888887,0.032691651041666665,0.03592849305555556,0.034216271000730464,0.037452640065741415,0.04215513294375456,0.5776756756756757,0.3937162162162162,0.5535405405405405,0.08063400900900902,0.03990878378378376,0.11112387387387385,24,74,0.4596700754079321,0.7532432432432427,72.85714285714286,98,24
101,101.0,0.48199999999999993,0.4694782608695651,0.47178260869565214,0.5237123287671233,0.5194246575342466,0.5582328767123287,0.024460782608695653,0.028710423440453686,0.035884170132325144,0.034529437793206975,0.036515614186526546,0.042730397823231375,0.571890410958904,0.3861917808219178,0.554,0.0898904109589041,0.08328648004764733,0.08221739130434791,23,73,0.48664302873728216,0.7636986301369857,73.40625,96,25
102,102.0,0.483695652173913,0.4726086956521739,0.456695652173913,0.5217567567567567,0.5214324324324324,0.5572972972972974,0.024225603024574664,0.029204759924385627,0.03291925519848771,0.0340840219138057,0.036330434623813,0.0419919926953981,0.5760000000000001,0.3945810810810811,0.548418918918919,0.09230434782608704,0.07802761457109281,0.09172326674500603,23,74,0.45978070694046524,0.7732432432432428,71.84536082474227,97,24
103,103.0,0.48079166666666673,0.478375,0.4627916666666667,0.5217567567567567,0.5214324324324324,0.5572972972972974,0.02341016493055555,0.028752651041666664,0.03240233159722222,0.0340840219138057,0.036330434623813,0.0419919926953981,0.5760000000000001,0.3945810810810811,0.548418918918919,0.09520833333333334,0.08379391891891891,0.08562725225225232,24,74,0.4467647807014783,0.7978378378378371,72.40816326530613,98,23
104,104.0,0.48079166666666673,0.478375,0.4627916666666667,0.5189436619718312,0.5240985915492957,0.5629577464788732,0.02341016493055555,0.028752651041666664,0.03240233159722222,0.03455802499504066,0.035889835350128935,0.039173589763935715,0.5805774647887325,0.3960422535211269,0.5534225352112677,0.09978579812206578,0.08233274647887312,0.090630868544601,24,71,0.44254839052277384,0.8091549295774642,72.2421052631579,95,24
105,105.0,0.49333333333333335,0.45645833333333324,0.4443333333333333,0.5274852941176471,0.5164117647058825,0.5627205882352941,0.024650222222222223,0.03061191493055555,0.033142972222222226,0.03267374978373703,0.03388168339100346,0.0369364660467128,0.5859264705882353,0.3923970588235295,0.5524852941176471,0.09259313725490198,0.06406127450980376,0.10815196078431383,24,68,0.44710914963861886,0.83735294117647,72.76086956521739,92,25
106,106.0,0.5003214285714287,0.4433214285714286,0.45446428571428577,0.5292985074626866,0.5149701492537314,0.5626119402985076,0.023554432397959183,0.029731860969387753,0.03562403443877551,0.03293785119180218,0.03424605881042549,0.03748695388728001,0.583179104477612,0.3938805970149254,0.5478059701492538,0.08285767590618331,0.049440831556503195,0.09334168443496804,28,67,0.4880163004759039,0.8061194029850741,72.53684210526316,95,28
107,107.0,0.5031111111111112,0.4607037037037037,0.4788148148148148,0.5351060606060607,0.5066212121212121,0.5622878787878787,0.024626913580246917,0.027296727023319617,0.036252002743484224,0.03166215541781451,0.03130635651974288,0.03738899288337924,0.5771060606060607,0.40590909090909094,0.5466969696969696,0.07399494949494956,0.054794612794612785,0.06788215488215477,27,66,0.5003303843189479,0.8042424242424236,72.81720430107526,93,30
108,108.0,0.5031111111111112,0.4607037037037037,0.4788148148148148,0.5318153846153847,0.5052,0.5579538461538461,0.024626913580246917,0.027296727023319617,0.036252002743484224,0.030067965917159763,0.03145714461538461,0.03696262863905325,0.5856307692307692,0.4035076923076923,0.5439692307692309,0.082519658119658,0.05719601139601144,0.06515441595441607,27,65,0.5226042270161843,0.8261538461538457,73.03260869565217,92,27
109,109.0,0.4955185185185185,0.4663703703703704,0.47677777777777774,0.5373846153846155,0.49606153846153855,0.5458615384615385,0.024745582990397804,0.028078307270233194,0.03622876543209877,0.030842082840236686,0.03189928852071006,0.03977504236686391,0.5844153846153847,0.3964307692307692,0.5323230769230769,0.08889686609686615,0.06993960113960118,0.055545299145299154,27,65,0.48972121494225046,0.8569230769230765,72.46739130434783,92,22
110,110.0,0.4955185185185185,0.4663703703703704,0.47677777777777774,0.5452539682539683,0.49446031746031743,0.5391269841269842,0.024745582990397804,0.028078307270233194,0.03622876543209877,0.03059701486520534,0.03329094683799445,0.04042830133534896,0.5852698412698415,0.394968253968254,0.5141111111111111,0.08975132275132297,0.07140211640211636,0.03733333333333333,27,63,0.45649739321343763,0.8660317460317453,71.95555555555555,90,25
111,111.0,0.5139642857142857,0.47474999999999995,0.47567857142857134,0.5515079365079365,0.48726984126984135,0.5426666666666667,0.0213557487244898,0.02739940178571428,0.036312718112244895,0.0326310435878055,0.03483495893172084,0.03896714285714286,0.5840317460317461,0.39149206349206356,0.5085079365079366,0.07006746031746047,0.08325793650793639,0.032829365079365236,28,63,0.5564005698101672,0.8368253968253964,72.41758241758242,91,25
112,112.0,0.507758620689655,0.4808965517241379,0.481758620689655,0.5497968750000001,0.4931562500000001,0.55278125,0.02169763139120095,0.02751243757431628,0.03609563139120095,0.03246100561523437,0.0339986005859375,0.0364623583984375,0.5747968750000001,0.39923437500000003,0.5102968750000001,0.06703825431034505,0.08166217672413789,0.028538254310345068,29,64,0.5698174531588013,0.7776562499999994,71.17204301075269,93,28
113,113.0,0.49949999999999994,0.4845,0.48406666666666653,0.53990625,0.495515625,0.558,0.022952316666666663,0.026971916666666665,0.03504692888888888,0.0318263662109375,0.03257878100585938,0.03489640625,0.56140625,0.39254687499999996,0.52409375,0.06190625000000005,0.09195312500000002,0.04002708333333349,30,64,0.5190251834942693,0.7904687499999994,70.77659574468085,94,29
114,114.0,0.49949999999999994,0.4845,0.48406666666666653,0.5327460317460317,0.5017777777777778,0.5536984126984127,0.022952316666666663,0.026971916666666665,0.03504692888888888,0.02905034819853867,0.030586172839506175,0.03426608364827411,0.5593968253968253,0.39263492063492067,0.516968253968254,0.05989682539682539,0.09186507936507932,0.03290158730158743,30,63,0.5057127414756052,0.8026984126984122,71.25806451612904,93,30
115,115.0,0.5081,0.4862666666666667,0.4946999999999999,0.5302698412698413,0.5034126984126983,0.5573968253968256,0.02127495666666667,0.027088528888888887,0.034323410000000006,0.029003339884101795,0.03039948047367095,0.03269020760896952,0.5528888888888888,0.39714285714285713,0.5147142857142858,0.04478888888888877,0.08912380952380955,0.020014285714285873,30,63,0.5232395756481424,0.8271428571428567,70.24731182795699,93,26
116,116.0,0.5081,0.4862666666666667,0.4946999999999999,0.5289384615384615,0.5076307692307692,0.5621538461538461,0.02127495666666667,0.027088528888888887,0.034323410000000006,0.028558734674556212,0.02983749443786982,0.031764345562130175,0.562876923076923,0.4009230769230769,0.5258461538461539,0.054776923076923056,0.0853435897435898,0.031146153846153934,30,65,0.4779458400007171,0.799538461538461,69.32631578947368,95,30
117,117.0,0.4887333333333333,0.5076666666666667,0.4996666666666666,0.5289384615384615,0.5076307692307692,0.5621538461538461,0.018676595555555557,0.02216795555555556,0.033670955555555555,0.028558734674556212,0.02983749443786982,0.031764345562130175,0.562876923076923,0.4009230769230769,0.5258461538461539,0.07414358974358976,0.10674358974358983,0.02617948717948726,30,65,0.5043995605718169,0.8149230769230762,69.85263157894737,95,29
118,118.0,0.48968965517241375,0.51,0.4951724137931034,0.5294848484848483,0.5102878787878788,0.5608030303030302,0.019293179548156954,0.02276903448275862,0.0342260737217598,0.02814543158861341,0.029844326216712583,0.03140167332415059,0.5589393939393938,0.40639393939393936,0.5256818181818181,0.0692497387669801,0.10360606060606065,0.030509404388714745,29,66,0.48573781635494917,0.8230303030303026,70.12631578947368,95,31
119,119.0,0.4836774193548387,0.5195161290322581,0.5010322580645161,0.5304545454545454,0.5046818181818181,0.5581363636363638,0.019124605619146723,0.022624894901144638,0.0325594505723205,0.028181429752066115,0.027935823002754823,0.03126584504132231,0.5588939393939394,0.4193181818181818,0.5174090909090909,0.07521652003910068,0.10019794721407627,0.016376832844574807,31,66,0.542744799442778,0.8075757575757571,69.27835051546391,97,29
120,120.0,0.4838064516129033,0.5322903225806452,0.49954838709677424,0.5260144927536231,0.5030144927536232,0.5533623188405798,0.01644828511966702,0.02080788345473465,0.03719237669094694,0.027539840369670242,0.027327376601554293,0.03125892669607224,0.5469855072463767,0.4237971014492754,0.5140434782608696,0.06317905563347342,0.10849322113136983,0.014495091164095364,31,69,0.5409565351814907,0.765652173913043,70.05,100,31
121,121.0,0.47890322580645167,0.5263870967741935,0.4808387096774194,0.5244626865671641,0.5027761194029851,0.550955223880597,0.01917731321540063,0.021370366285119662,0.0377474901144641,0.028152726219648032,0.028120979728224544,0.03192619202494987,0.547686567164179,0.4255522388059702,0.5129701492537313,0.06878334135772729,0.10083485796822328,0.032131439576311926,31,67,0.5729278233380366,0.7801492537313426,70.4795918367347,98,29
122,122.0,0.48184375,0.52896875,0.48065625,0.5256323529411764,0.5021911764705882,0.5503676470588236,0.0188460693359375,0.020909155273437497,0.0365689130859375,0.027830379541522492,0.02773036051038062,0.031479820717993066,0.5514117647058823,0.42402941176470593,0.5189264705882353,0.06956801470588225,0.10493933823529406,0.03827022058823526,32,68,0.5580338983237714,0.814411764705882,70.62,100,25
123,123.0,0.48290625,0.5275624999999999,0.47743749999999996,0.5245942028985506,0.5051159420289856,0.5495507246376812,0.018962147460937502,0.02050912109375,0.03588362109375,0.027500328082335646,0.02791016047048939,0.03106897206469229,0.5472898550724637,0.42900000000000005,0.5179710144927536,0.06438360507246377,0.09856249999999989,0.040533514492753664,32,69,0.5202268768316579,0.831884057971014,70.8019801980198,101,24
124,124.0,0.4764545454545454,0.5296666666666666,0.48230303030303023,0.5230289855072463,0.5008405797101451,0.5453768115942029,0.019719520661157026,0.02002931313131313,0.035553786960514235,0.026955042638101244,0.028666713715605967,0.033618930476790584,0.5414347826086957,0.4263913043478261,0.5052463768115942,0.0649802371541503,0.10327536231884055,0.022943346508564,33,69,0.49081253747768133,0.8359420289855068,71.16666666666667,102,26
125,125.0,0.47840625000000003,0.5271250000000001,0.47853124999999996,0.5174117647058823,0.5031176470588236,0.5445882352941176,0.020210053710937502,0.020442046875,0.0361953740234375,0.025174271626297574,0.028730515570934256,0.034070418685121104,0.5393235294117648,0.43070588235294116,0.5054264705882354,0.060917279411764724,0.0964191176470589,0.026895220588235458,32,68,0.47399850708065927,0.8633823529411759,71.93,100,25
126,126.0,0.48346875,0.51896875,0.4903437500000001,0.5160142857142856,0.5024714285714286,0.5437428571428571,0.021850936523437503,0.0215602177734375,0.0390672880859375,0.024667471224489798,0.0279967063265306,0.033327705306122446,0.5353714285714286,0.4253857142857143,0.5073714285714287,0.051902678571428607,0.09358303571428567,0.017027678571428617,32,70,0.486847338677763,0.8849999999999996,71.29411764705883,102,20
127,127.0,0.48346875,0.51896875,0.4903437500000001,0.5216764705882352,0.505235294117647,0.5359558823529412,0.021850936523437503,0.0215602177734375,0.0390672880859375,0.024249483564013845,0.028052238754325255,0.032155277465397925,0.5384117647058823,0.43272058823529413,0.5216470588235294,0.054943014705882254,0.08624816176470584,0.031303308823529274,32,68,0.4304217979536068,0.8695588235294113,70.19,100,24
128,128.0,0.49750000000000005,0.5238529411764707,0.5012058823529412,0.520942028985507,0.5072608695652173,0.5379565217391304,0.02316860294117647,0.022226831314878893,0.04048598702422146,0.023934721277042638,0.02792468557025835,0.031961432892249515,0.5363478260869564,0.4381159420289855,0.5230289855072463,0.03884782608695636,0.08573699914748523,0.021823103154305135,34,69,0.4187268645187025,0.8524637681159416,70.22330097087378,103,26
129,129.0,0.5087941176470588,0.5169117647058823,0.5076764705882353,0.520720588235294,0.506014705882353,0.5396911764705883,0.022352104671280276,0.021329786332179933,0.04192968944636678,0.024283318987889272,0.028228190960207608,0.0322238310986159,0.5328823529411766,0.43866176470588236,0.5171911764705882,0.024088235294117744,0.07824999999999993,0.009514705882352925,34,68,0.4363891992469251,0.8639705882352936,70.99019607843137,102,27
130,130.0,0.5038484848484848,0.5161212121212122,0.5052121212121212,0.5248571428571427,0.4966,0.5327142857142857,0.02563928007346189,0.021968227731864094,0.04270362167125804,0.025056636734693875,0.029016382857142854,0.035454518367346935,0.5402,0.4219428571428571,0.5137285714285714,0.036351515151515246,0.09417835497835508,0.0085164502164502,33,70,0.42458369819077696,0.848428571428571,71.33980582524272,103,27
131,131.0,0.4976969696969697,0.5163030303030303,0.5174242424242426,0.5262173913043479,0.49613043478260865,0.533695652173913,0.024867544536271807,0.021962332415059686,0.04434448668503214,0.02573982230623818,0.02896440327662255,0.0361985015752993,0.5498550724637681,0.41010144927536235,0.5226086956521739,0.052158102766798387,0.10620158102766791,0.005184453227931374,33,69,0.4794855370595164,0.8362318840579706,69.88235294117646,102,22
132,132.0,0.4931470588235294,0.5188529411764706,0.5200588235294118,0.5262535211267606,0.500281690140845,0.5351267605633802,0.02481930190311419,0.021530948961937718,0.04326929065743945,0.025107935727038285,0.02874896290418568,0.03529799801626662,0.5606619718309859,0.42587323943661975,0.5225492957746479,0.06751491300745649,0.09297970173985087,0.0024904722452361305,34,71,0.44550562595087534,0.8087323943661968,70.53333333333333,105,26
133,133.0,0.49200000000000005,0.5177058823529412,0.5244411764705882,0.5345915492957748,0.49739436619718297,0.5304507042253521,0.025101647058823534,0.021367560553633216,0.04334159948096886,0.02263948105534616,0.028986126165443365,0.03652785320372941,0.5707887323943662,0.42749295774647894,0.5131830985915494,0.07878873239436618,0.0902129246064623,0.011258077879038764,34,71,0.41085095260995125,0.8074647887323939,69.01904761904763,105,26
134,134.0,0.4770333333333333,0.5307,0.5319999999999999,0.5344347826086957,0.495391304347826,0.5285942028985507,0.02482816555555556,0.018146143333333333,0.04267633333333333,0.023283231253938243,0.029514238185255195,0.03746409619827766,0.5745217391304346,0.4231449275362319,0.5118985507246377,0.09748840579710127,0.10755507246376805,0.02010144927536217,30,69,0.4821285963780516,0.8389855072463763,69.45454545454545,99,22
135,135.0,0.47131034482758616,0.5411034482758621,0.5484827586206896,0.5311449275362318,0.5023623188405796,0.5356666666666667,0.024701731272294886,0.015524920332936983,0.03599749108204518,0.022883776097458515,0.0282681440873766,0.033713845410628024,0.5734202898550724,0.4326521739130436,0.5172028985507247,0.10210994502748627,0.10845127436281848,0.03127986006996497,29,69,0.5073167678640856,0.8249275362318836,69.28571428571429,98,21
136,136.0,0.4754193548387097,0.5364193548387096,0.5531612903225807,0.5308550724637682,0.5036811594202897,0.5346521739130435,0.023117985431841827,0.014891791883454736,0.03393697398543184,0.022900007981516486,0.02840392732619198,0.03344228481411468,0.5791304347826086,0.4266956521739131,0.5288550724637682,0.10371107994389894,0.10972370266479653,0.024306217858812484,31,69,0.51990013779515,0.7942028985507242,68.44,100,22
137,137.0,0.4608333333333333,0.5383333333333333,0.5553333333333333,0.5306666666666667,0.5019710144927536,0.5318550724637682,0.02398193888888889,0.015211422222222225,0.033525688888888884,0.022893323671497587,0.028116028145347617,0.03322832682209619,0.5738695652173912,0.428913043478261,0.5181739130434784,0.11303623188405787,0.10942028985507235,0.03715942028985497,30,69,0.5578503784775674,0.7869565217391301,69.32323232323232,99,22
138,138.0,0.4687096774193549,0.5350967741935483,0.5482903225806451,0.5306666666666667,0.5019710144927536,0.5318550724637682,0.023182980228928195,0.017316280957336106,0.033687173777315296,0.022893323671497587,0.028116028145347617,0.03322832682209619,0.5738695652173912,0.428913043478261,0.5181739130434784,0.10515988779803631,0.1061837307152873,0.030116409537166766,31,69,0.5404287573039751,0.7756521739130429,69.14,100,25
139,139.0,0.4687096774193549,0.5350967741935483,0.5482903225806451,0.5327910447761195,0.4985970149253731,0.5327611940298508,0.023182980228928195,0.017316280957336106,0.033687173777315296,0.023356463800400976,0.028420449543328133,0.03417934595678325,0.583089552238806,0.41907462686567165,0.5240597014925373,0.11437987481945111,0.11602214732787663,0.024230621088107807,31,67,0.4924980981011988,0.821791044776119,69.3061224489796,98,23
140,140.0,0.4716470588235295,0.5409999999999999,0.5436176470588235,0.5298805970149254,0.4938955223880596,0.5306716417910448,0.021661816608996545,0.017208411764705885,0.03382758910034602,0.02307028425038984,0.02709224281577188,0.03405278770327467,0.5789850746268657,0.4190597014925373,0.5291641791044777,0.10733801580333618,0.12194029850746263,0.014453467954345878,34,67,0.5068114884073851,0.8170149253731339,68.79207920792079,101,20
141,141.0,0.4575,0.5607058823529412,0.571529411764706,0.5337846153846154,0.48123076923076924,0.5314923076923076,0.021052955882352942,0.015292972318339104,0.022949543252595156,0.025968322840236684,0.027738792899408282,0.03492043455621302,0.5805230769230768,0.39810769230769233,0.5282153846153845,0.12302307692307679,0.16259819004524884,0.04331402714932142,34,65,0.5471210852345342,0.7721538461538456,66.05050505050505,99,25
142,142.0,0.4499117647058824,0.5619117647058823,0.5699411764705883,0.5312539682539684,0.47498412698412695,0.5354444444444444,0.020699433391003462,0.015561139273356402,0.022739055363321797,0.02719936407155455,0.028032523557571177,0.03403865961199294,0.5775079365079365,0.378968253968254,0.5257777777777778,0.12759617180205413,0.18294351073762832,0.044163398692810496,34,63,0.5162434823336299,0.8465079365079359,65.72164948453609,97,21
143,143.0,0.4438529411764707,0.5627352941176471,0.5748235294117647,0.5382741935483871,0.46935483870967737,0.5315967741935484,0.020176948961937717,0.015512841695501727,0.023702027681660895,0.02496403772112383,0.02692980957336108,0.03402688579604579,0.5854677419354839,0.3752903225806452,0.5299193548387097,0.14161480075901323,0.1874449715370019,0.04490417457305507,34,62,0.5292249498615835,0.8651612903225802,65.89583333333333,96,20
144,144.0,0.44679411764705884,0.5591470588235294,0.5791176470588235,0.533672131147541,0.4708196721311475,0.5283442622950819,0.020675045847750866,0.016725243079584777,0.02207910380622837,0.025340744961031978,0.026966508465466273,0.032766684762160714,0.5910000000000001,0.3729508196721312,0.5366393442622951,0.14420588235294124,0.18619623915139827,0.04247830279652842,34,61,0.5068928589498993,0.8450819672131141,65.83157894736843,95,23
145,145.0,0.4587222222222222,0.5469166666666667,0.5710277777777778,0.533672131147541,0.4708196721311475,0.5283442622950819,0.02249520061728395,0.018538965277777777,0.022085193672839506,0.025340744961031978,0.026966508465466273,0.032766684762160714,0.5910000000000001,0.3729508196721312,0.5366393442622951,0.13227777777777788,0.17396584699453554,0.03438843351548271,36,61,0.5274625422949338,0.8349180327868848,65.68041237113403,97,23
146,146.0,0.462078947368421,0.5357368421052633,0.5687105263157894,0.52815,0.4755333333333334,0.5286333333333333,0.02159207271468144,0.019817772853185596,0.02259467936288088,0.02390296083333333,0.026060615555555555,0.03330769888888889,0.5890166666666666,0.3773666666666667,0.53805,0.12693771929824565,0.1583701754385966,0.030660526315789416,38,60,0.5302842933516675,0.8299999999999995,65.6734693877551,98,24
147,147.0,0.4639166666666667,0.5306388888888889,0.5668888888888889,0.520050847457627,0.48408474576271193,0.5314237288135593,0.02132296527777778,0.020373286265432097,0.023712876543209877,0.02375848893995978,0.024753094513070957,0.031937023843723066,0.5941525423728814,0.3810338983050847,0.5457627118644068,0.1302358757062147,0.14960499058380416,0.02112617702448205,36,59,0.5048010385213842,0.8762711864406776,64.63157894736842,95,22
148,148.0,0.4660000000000001,0.5261666666666669,0.5364722222222222,0.5129838709677419,0.4832741935483872,0.5271290322580645,0.019760166666666665,0.02153275,0.027948915895061727,0.022370402965660768,0.023106424817898024,0.03063204786680541,0.5830161290322581,0.3756774193548387,0.5370806451612903,0.117016129032258,0.15048924731182817,0.0006084229390680429,36,62,0.5149545528815942,0.8119354838709675,64.71428571428571,98,24
149,149.0,0.4637631578947369,0.5246578947368422,0.5266052631578947,0.5065081967213114,0.48862295081967216,0.5284590163934427,0.019600022853185597,0.022290751385041552,0.02865665997229917,0.02013720075248589,0.021711447997850037,0.031024543402311207,0.5797049180327869,0.3796229508196721,0.5375737704918034,0.11594176013805002,0.1450349439171701,0.01096850733390875,38,61,0.519187959313841,0.8362295081967207,65.0,99,22
150,150.0,0.4637631578947369,0.5246578947368422,0.5266052631578947,0.5057096774193548,0.4883387096774194,0.5253387096774195,0.019600022853185597,0.022290751385041552,0.02865665997229917,0.019851302809573354,0.021366191727367322,0.031118062695109264,0.579741935483871,0.3753064516129032,0.5301290322580646,0.11597877758913411,0.149351443123939,0.003523769100169938,38,62,0.48114527656491235,0.8619354838709675,65.62,100,22
151,151.0,0.46143589743589747,0.5248205128205129,0.5271538461538461,0.5021639344262295,0.49131147540983605,0.5242950819672131,0.01930327153188692,0.021720198553583165,0.02793330966469429,0.019397251814028484,0.02116854232733136,0.03156066702499328,0.5762131147540983,0.37924590163934424,0.5312131147540984,0.11477721731820084,0.14557461118116866,0.004059268600252297,39,61,0.44071534782070226,0.8863934426229503,65.93,100,23
152,152.0,0.45255,0.527,0.5293,0.49840322580645163,0.49532258064516127,0.5209354838709678,0.0189849975,0.021532299999999997,0.02740471,0.01832182127991675,0.021717412070759626,0.030144318418314258,0.5852903225806451,0.398016129032258,0.5258064516129033,0.13274032258064505,0.128983870967742,0.003493548387096701,40,62,0.44939974048034115,0.8590322580645159,65.79411764705883,102,23
153,153.0,0.4643684210526316,0.5127105263157893,0.5240263157894738,0.49840322580645163,0.49532258064516127,0.5209354838709678,0.01958623268698061,0.023450205678670358,0.031805236149584484,0.01832182127991675,0.021717412070759626,0.030144318418314258,0.5852903225806451,0.398016129032258,0.5258064516129033,0.12092190152801346,0.11469439728353126,0.0017801358234295073,38,62,0.5062949016633013,0.843870967741935,66.01,100,24
154,154.0,0.4670256410256411,0.5063589743589743,0.5136410256410258,0.49987692307692316,0.4927538461538461,0.524723076923077,0.01935233267587114,0.024381922419460886,0.03508817882971729,0.01790416946745562,0.02079735479289941,0.029271184852071006,0.5727846153846153,0.3874923076923077,0.5146307692307691,0.10575897435897424,0.11886666666666656,0.0009897435897433526,39,65,0.4628207911609699,0.8121538461538457,65.90384615384616,104,26
155,155.0,0.4700833333333333,0.495861111111111,0.5063888888888888,0.49987692307692316,0.4927538461538461,0.524723076923077,0.01995779861111111,0.02467567515432099,0.03683079320987655,0.01790416946745562,0.02079735479289941,0.029271184852071006,0.5727846153846153,0.3874923076923077,0.5146307692307691,0.10270128205128204,0.10836880341880328,0.008241880341880337,36,65,0.46731148386570875,0.8613846153846149,66.76237623762377,101,24
156,156.0,0.475,0.49741176470588233,0.49935294117647056,0.49995454545454543,0.4931515151515152,0.5288030303030302,0.01837129411764706,0.026568948096885814,0.037779757785467126,0.017631891873278238,0.020499795224977038,0.029458279384756654,0.5832424242424241,0.3888030303030303,0.5066363636363637,0.10824242424242414,0.10860873440285201,0.0072834224598931074,34,66,0.5183714368323712,0.8312121212121207,67.85,100,24
157,157.0,0.4787272727272727,0.4949393939393939,0.49636363636363634,0.49995454545454543,0.4931515151515152,0.5288030303030302,0.018884137741046834,0.027032420569329658,0.03801568595041323,0.017631891873278238,0.020499795224977038,0.029458279384756654,0.5832424242424241,0.3888030303030303,0.5066363636363637,0.1045151515151514,0.10613636363636358,0.010272727272727322,33,66,0.5832757169067717,0.8460606060606056,68.6969696969697,99,21
158,158.0,0.47917142857142847,0.4910571428571429,0.5031714285714285,0.49995454545454543,0.4931515151515152,0.5288030303030302,0.01783722775510204,0.025757025306122446,0.0366647706122449,0.017631891873278238,0.020499795224977038,0.029458279384756654,0.5832424242424241,0.3888030303030303,0.5066363636363637,0.10407099567099565,0.1022541125541126,0.0034649350649351707,35,66,0.5745532626720825,0.8427272727272721,68.8019801980198,101,22
159,159.0,0.48122222222222216,0.5012777777777777,0.5182777777777778,0.501390625,0.49009375,0.524984375,0.018274783950617286,0.025047367283950614,0.03745936728395062,0.017986831787109372,0.0208228349609375,0.029526359130859374,0.5883906250000001,0.3866875,0.5081875,0.1071684027777779,0.1145902777777777,0.010090277777777823,36,64,0.5799558416535228,0.8359374999999994,68.91,100,24
160,160.0,0.4773421052631579,0.5082894736842105,0.5161578947368421,0.5028548387096774,0.4908387096774194,0.5308225806451613,0.017816698753462607,0.024955100415512462,0.03565292243767313,0.018469414412070756,0.020533522372528614,0.0283195975546306,0.5867419354838709,0.3813387096774194,0.5161290322580645,0.10939983022071298,0.12695076400679112,2.8862478777647027e-05,38,62,0.5416689527686227,0.8480645161290317,68.36,100,25
161,161.0,0.4795128205128205,0.5062051282051281,0.5139743589743591,0.49990322580645163,0.4915967741935484,0.5304677419354838,0.017538916502301112,0.02448031689677843,0.03491992241946088,0.019224313215400624,0.02068556321540062,0.02824199089490115,0.5823064516129031,0.3860322580645162,0.5135806451612903,0.10279363110008255,0.1201728701406119,0.0003937138130687412,39,62,0.50883556236622,0.8458064516129027,68.79207920792079,101,27
162,162.0,0.4826750000000001,0.5096999999999999,0.517425,0.49334920634920626,0.48976190476190484,0.5301111111111111,0.017490419375,0.02434466,0.034511294375,0.02027206853111615,0.020684816326530613,0.027868892416225744,0.5777460317460315,0.38684126984126993,0.5197619047619049,0.09507103174603138,0.12285873015873,0.0023369047619048455,40,63,0.49777358921671067,0.8430158730158723,68.70873786407768,103,25
163,163.0,0.4872307692307693,0.5052307692307692,0.5255384615384616,0.4955238095238095,0.49007936507936506,0.5293333333333333,0.016919921104536485,0.021215767258382645,0.03285912031558186,0.019528630385487526,0.02073756512975561,0.027786793650793645,0.5786984126984125,0.3927936507936509,0.5101111111111111,0.09146764346764319,0.11243711843711823,0.01542735042735055,39,63,0.48174207905363237,0.8515873015873011,68.94117647058823,102,26
164,164.0,0.48102857142857147,0.515,0.5219142857142857,0.49493846153846155,0.4830615384615385,0.5225538461538461,0.018346827755102043,0.02224811428571428,0.0325032212244898,0.01977147313609467,0.01830291928994083,0.027671447100591714,0.5646615384615385,0.3812461538461539,0.5173846153846154,0.08363296703296708,0.1337538461538461,0.004529670329670221,35,65,0.47228193608866836,0.8332307692307687,67.31,100,26
165,165.0,0.48102857142857147,0.515,0.5219142857142857,0.4925625,0.48543749999999997,0.5279375,0.018346827755102043,0.02224811428571428,0.0325032212244898,0.01971346484375,0.018221964843749997,0.026219871093750003,0.5668124999999999,0.38528125,0.52546875,0.08578392857142847,0.12971875,0.003554464285714376,35,64,0.46794095798536056,0.8957812499999995,67.8989898989899,99,22
166,166.0,0.47537837837837843,0.5167567567567568,0.5162702702702703,0.49377777777777776,0.4907142857142857,0.5329047619047618,0.01862245142439737,0.02155207596785975,0.03402808911614316,0.01993376014109347,0.01846588662131519,0.026540086167800455,0.5672063492063492,0.38693650793650797,0.5427301587301587,0.09182797082797073,0.12982024882024884,0.026459888459888448,37,63,0.4723243052938336,0.8939682539682536,68.33,100,22
167,167.0,0.47912820512820514,0.5192564102564102,0.5187692307692309,0.493421875,0.4875625,0.536609375,0.018035086127547662,0.02106029322813938,0.03341545956607495,0.020649431396484376,0.01714271484375,0.027371425537109376,0.574125,0.386328125,0.5453125,0.09499679487179485,0.1329282852564102,0.026543269230769106,39,64,0.47223375676119644,0.8292187499999996,68.5631067961165,103,24
168,168.0,0.4678684210526315,0.5201842105263158,0.5108157894736841,0.49619402985074623,0.48432835820895526,0.5364328358208954,0.016728430055401658,0.021733781855955675,0.03214493975069252,0.021225499665849856,0.01620920561372243,0.027292036533749165,0.5685970149253731,0.38392537313432834,0.5358059701492537,0.10072859387274158,0.13625883739198746,0.024990180675569573,38,67,0.4798621676766589,0.781791044776119,68.65714285714286,105,27
169,169.0,0.4648378378378378,0.5252972972972973,0.5121621621621621,0.4983484848484848,0.48313636363636364,0.5352121212121211,0.01683154127100073,0.02132772242512783,0.032944838568298024,0.021236105831037647,0.016359602617079885,0.02760571258034894,0.5648484848484847,0.38574242424242416,0.5287727272727271,0.10001064701064694,0.13955487305487319,0.016610565110564912,37,66,0.4516687477654318,0.7934848484848479,68.80582524271844,103,30
170,170.0,0.46557894736842104,0.5142631578947368,0.49918421052631573,0.4986716417910448,0.48734328358208956,0.5330597014925372,0.01728561218836565,0.021495930747922443,0.03504120290858725,0.020926041434617956,0.01728350902205391,0.027499459122298953,0.562044776119403,0.39147761194029845,0.5292537313432834,0.09646582875098192,0.1227855459544383,0.03006952081696762,38,67,0.4724534210455703,0.7850746268656712,69.79047619047618,105,29
171,171.0,0.4537435897435897,0.5172051282051282,0.5117692307692308,0.4978840579710146,0.49240579710144927,0.5340724637681158,0.015066190664036819,0.01982626561472716,0.0355756134122288,0.020393667716866203,0.016735748372190714,0.02735684982146608,0.5701304347826088,0.3936666666666666,0.5348695652173912,0.11638684503901914,0.1235384615384616,0.023100334448160398,39,69,0.46546903717955435,0.7628985507246373,69.75925925925925,108,29
172,172.0,0.44223684210526304,0.522078947368421,0.5132105263157896,0.4938823529411765,0.4973970588235294,0.5404411764705881,0.014202812326869806,0.019137914819944597,0.03290848199445984,0.020050515570934253,0.015447298226643598,0.024122775951557096,0.5753235294117649,0.3920147058823529,0.5429264705882353,0.13308668730650186,0.1300642414860681,0.029715944272445727,38,68,0.45891051554542767,0.7902941176470583,69.51886792452831,106,29
173,173.0,0.43869230769230755,0.5252820512820512,0.5161282051282051,0.4910985915492958,0.49991549295774645,0.5408169014084505,0.014316059171597634,0.019037074293228137,0.03238816305062459,0.02003577901210077,0.016143119619123188,0.02472276929180718,0.5833098591549297,0.39519718309859153,0.5439295774647888,0.14461755146262217,0.13008486818345966,0.02780137233658364,39,71,0.44666585363571526,0.7694366197183095,70.30909090909091,110,29
174,174.0,0.4414166666666667,0.5253055555555556,0.5171111111111111,0.4943424657534247,0.49919178082191773,0.5414246575342466,0.01456440972222222,0.019673434413580243,0.03263848765432099,0.019950992306248822,0.01575204541189717,0.024092107337211482,0.5893835616438357,0.4,0.5406712328767123,0.14796689497716897,0.12530555555555556,0.023560121765601183,36,73,0.4189019279134852,0.7946575342465749,70.59633027522936,109,28
175,175.0,0.4387027027027027,0.5293783783783784,0.521108108108108,0.500112676056338,0.49560563380281686,0.5384647887323942,0.014435938641344043,0.019738883856829804,0.03233150182615047,0.018693536599880975,0.015251309264034913,0.024443319182701845,0.5913661971830986,0.3909295774647888,0.5458309859154931,0.1526634944803959,0.13844880091358963,0.024722877807385024,37,71,0.3770242630286971,0.81112676056338,70.69444444444444,108,30
176,176.0,0.4380909090909091,0.5346060606060606,0.5256060606060605,0.5002112676056338,0.4948169014084507,0.538225352112676,0.014658991735537188,0.019280784205693298,0.03040593572084481,0.018673884943463597,0.015097050981948029,0.024391526681214044,0.5918732394366197,0.3968028169014085,0.53643661971831,0.15378233034571065,0.13780324370465213,0.010830559112249505,33,71,0.3899830775861117,0.8404225352112672,70.63461538461539,104,27
177,177.0,0.4351875,0.5378125,0.523625,0.49812676056338046,0.4968169014084507,0.538112676056338,0.014658714843749997,0.019483402343749998,0.031058734374999997,0.018862195199365207,0.015425783376314228,0.024394719698472525,0.5881126760563379,0.3946901408450705,0.5463521126760564,0.15292517605633787,0.14312235915492955,0.022727112676056427,32,71,0.3882776524127901,0.8164788732394364,71.10679611650485,103,32
178,178.0,0.4431212121212121,0.5376969696969698,0.525,0.49812676056338046,0.4968169014084507,0.538112676056338,0.01347319742883379,0.018542999081726352,0.032063272727272725,0.018862195199365207,0.015425783376314228,0.024394719698472525,0.5881126760563379,0.3946901408450705,0.5463521126760564,0.1449914639351258,0.1430068288518993,0.02135211267605641,33,71,0.41959080678239374,0.8119718309859151,70.84615384615384,104,32
179,179.0,0.43413513513513513,0.5351621621621622,0.5240810810810811,0.49604285714285723,0.5001,0.5444,0.012478549306062818,0.017072730460189922,0.030755912344777214,0.018823326734693877,0.014880861428571429,0.021936554285714283,0.5905428571428571,0.39858571428571427,0.5530714285714287,0.15640772200772202,0.1365764478764479,0.028990347490347568,37,70,0.47522496449674295,0.7752857142857138,70.07476635514018,107,31
180,180.0,0.438078947368421,0.531921052631579,0.5186578947368422,0.4925857142857144,0.500042857142857,0.5385714285714285,0.01272565166204986,0.017012125346260388,0.031034751385041543,0.018293099795918366,0.014890241020408168,0.02176735918367347,0.5884428571428572,0.3937,0.5425714285714285,0.15036390977443614,0.13822105263157897,0.023913533834586276,38,70,0.4579344602626519,0.7895714285714281,70.41666666666667,108,30
181,181.0,0.43517948717948723,0.5317179487179486,0.5255128205128206,0.49047142857142867,0.5040999999999999,0.5434999999999999,0.012541583168967784,0.01641235634451019,0.03160542932281394,0.018151563469387753,0.01386726142857143,0.021318507142857143,0.5940285714285716,0.39395714285714284,0.5530285714285714,0.15884908424908434,0.1377608058608058,0.02751575091575087,39,70,0.45891310911122246,0.765571428571428,70.4862385321101,109,31
182,182.0,0.43317948717948723,0.5353333333333332,0.5297692307692309,0.4914366197183099,0.5031126760563379,0.545056338028169,0.011914301117685737,0.015334786324786326,0.029378126232741615,0.017961119222376514,0.013740184487204921,0.02118779964292799,0.596718309859155,0.3919718309859155,0.557450704225352,0.16353882267966774,0.14336150234741774,0.027681473456121153,39,71,0.4652485385382882,0.788309859154929,70.65454545454546,110,27
183,183.0,0.42855263157894735,0.5437368421052631,0.536921052631579,0.4924383561643836,0.5032465753424659,0.5435205479452053,0.011392931440443212,0.012984193905817173,0.028156441135734078,0.017540164008256705,0.013591254269093637,0.021608550947644963,0.5991506849315069,0.39443835616438355,0.552013698630137,0.17059805335255956,0.14929848594087952,0.015092645998558085,38,73,0.43548469237941434,0.7924657534246572,71.26126126126127,111,28
184,184.0,0.4282564102564102,0.5474871794871794,0.5576410256410257,0.4924383561643836,0.5032465753424659,0.5435205479452053,0.013576857330703481,0.012408095989480606,0.021451922419460884,0.017540164008256705,0.013591254269093637,0.021608550947644963,0.5991506849315069,0.39443835616438355,0.552013698630137,0.1708942746750967,0.15304882332279585,0.005627327010888639,39,73,0.44668188254079577,0.798493150684931,71.42857142857143,112,27
185,185.0,0.4321219512195122,0.5451951219512196,0.5603658536585366,0.49161333333333335,0.5066400000000002,0.5463066666666666,0.013455326591314692,0.012183327781082687,0.021640524687685903,0.017608797155555557,0.013801137066666665,0.02133367928888889,0.6068533333333334,0.4021866666666667,0.5589200000000001,0.17473138211382117,0.14300845528455286,0.0014458536585365556,41,75,0.43107044708033604,0.7830666666666664,71.54310344827586,116,27
186,186.0,0.437875,0.53915,0.560175,0.4875333333333333,0.5053733333333335,0.5411333333333334,0.013623159374999999,0.0124104275,0.022083044375,0.018478435555555558,0.013868287288888887,0.021041075555555556,0.6019866666666666,0.4012266666666667,0.5497333333333334,0.16411166666666654,0.13792333333333334,0.010441666666666571,40,75,0.43312622399070433,0.7977333333333329,71.93913043478261,115,24
187,187.0,0.43765853658536585,0.542829268292683,0.5582926829268293,0.4875333333333333,0.5053733333333335,0.5411333333333334,0.013292761451516954,0.012649214753123141,0.02168615823914337,0.018478435555555558,0.013868287288888887,0.021041075555555556,0.6019866666666666,0.4012266666666667,0.5497333333333334,0.1643281300813007,0.1416026016260163,0.008559349593495913,41,75,0.4421909071286811,0.8217333333333328,72.37931034482759,116,20
188,188.0,0.43621428571428567,0.5352857142857143,0.5539523809523811,0.4851486486486486,0.5067837837837839,0.5462027027027028,0.01308493027210884,0.0133678231292517,0.02086218820861678,0.01855064006574142,0.01342389919649379,0.020546296749452155,0.598837837837838,0.4016486486486487,0.5538378378378379,0.16262355212355228,0.13363706563706557,0.00011454311454317523,42,74,0.4392317938308347,0.7982432432432429,71.45689655172414,116,20
189,189.0,0.44331707317073166,0.5258536585365854,0.5517317073170732,0.4852739726027397,0.5096027397260274,0.5497808219178082,0.013495533610945866,0.013857051754907793,0.01994975728732897,0.01863099343216363,0.012193061362356915,0.02097233552261212,0.6094931506849315,0.39906849315068493,0.5661506849315068,0.16617607751419983,0.12678516538590046,0.014418977614433559,41,73,0.4820716683002693,0.7775342465753421,71.9298245614035,114,20
190,190.0,0.4418333333333334,0.5235476190476189,0.5524761904761905,0.4860131578947368,0.5044473684210526,0.5523157894736842,0.01351904365079365,0.013661342970521538,0.0191120589569161,0.018480618247922437,0.01266719459833795,0.02039955817174515,0.6087236842105263,0.392671052631579,0.5653421052631578,0.16689035087719284,0.13087656641603995,0.012865914786967303,42,76,0.4597720146692015,0.7546052631578943,72.62711864406779,118,21
191,191.0,0.4415750000000001,0.5241,0.5543750000000001,0.4868181818181818,0.5044155844155844,0.5522857142857143,0.013520794374999997,0.014247690000000002,0.019651634375,0.018289863046044862,0.01250276235452859,0.02013469758812616,0.6111428571428571,0.3973376623376624,0.564168831168831,0.169567857142857,0.12676233766233763,0.009793831168830924,40,77,0.43150962445810065,0.7919480519480515,73.14529914529915,117,19
192,192.0,0.4511621621621622,0.5198918918918919,0.5511351351351351,0.4905394736842105,0.5007236842105263,0.5502105263157894,0.013226298027757485,0.014335501826150473,0.021026981738495255,0.01813551159972299,0.012473252596952908,0.02093277146814405,0.6073026315789474,0.39498684210526314,0.5546973684210527,0.15614046941678517,0.12490504978662875,0.0035622332859175376,37,76,0.4469325474385878,0.8014473684210521,71.92035398230088,113,17
193,193.0,0.44466666666666677,0.5218333333333334,0.55225,0.48551315789473687,0.5033815789473683,0.557078947368421,0.013020166666666666,0.014682916666666665,0.020782354166666666,0.016708302458448752,0.011574604397506922,0.01989365166204986,0.6008684210526316,0.39851315789473685,0.5613684210526316,0.15620175438596484,0.12332017543859652,0.009118421052631609,36,76,0.45496992784703344,0.7938157894736837,71.91964285714286,112,17
194,194.0,0.44427027027027033,0.5343243243243243,0.5569459459459459,0.4863378378378379,0.5040810810810811,0.556662162162162,0.012774251278305332,0.01694611102994887,0.015654807888970054,0.017060953433162895,0.01176661504747991,0.019684439919649382,0.5966756756756756,0.40358108108108104,0.5638243243243243,0.15240540540540526,0.13074324324324327,0.006878378378378347,37,74,0.4543487900719242,0.787432432432432,71.44144144144144,111,20
195,195.0,0.44305405405405407,0.5369459459459459,0.5625675675675677,0.48375999999999997,0.5045733333333334,0.5601466666666665,0.012524105186267348,0.016038321402483565,0.015545110299488673,0.016842662400000003,0.011781657955555554,0.01960329848888889,0.6064533333333334,0.40397333333333335,0.57,0.16339927927927933,0.13297261261261256,0.007432432432432301,37,75,0.42306147387863696,0.7890666666666664,72.15178571428571,112,19
196,196.0,0.44278947368421057,0.5358157894736841,0.5565789473684211,0.4837260273972602,0.5054383561643836,0.5572739726027397,0.012197113573407204,0.015663518698060944,0.016462980609418282,0.01636159617188966,0.012345944830174517,0.01913332219928692,0.6067260273972603,0.41534246575342465,0.5686301369863015,0.16393655371304977,0.12047332372025948,0.012051189617880431,38,73,0.40263505032213953,0.7841095890410955,71.41441441441441,111,18
197,197.0,0.43682857142857145,0.5342571428571428,0.5571428571428572,0.4857083333333334,0.5049027777777778,0.5596527777777778,0.00890665632653061,0.016929848163265305,0.016671722448979593,0.016301984375000002,0.012496476658950616,0.018985976658950618,0.6116805555555556,0.4168611111111111,0.5626388888888889,0.1748519841269841,0.11739603174603164,0.005496031746031749,35,72,0.3706076428580892,0.8165277777777773,71.90654205607477,107,19
198,198.0,0.4417878787878788,0.5372121212121213,0.5586666666666666,0.48622857142857145,0.5058999999999999,0.5564142857142855,0.008876409550045913,0.017295682277318643,0.017071252525252528,0.016758004897959183,0.012816689999999997,0.019123414081632654,0.6110142857142858,0.42138571428571425,0.5654428571428571,0.16922640692640706,0.115826406926407,0.006776190476190491,33,70,0.34538867534051276,0.8101428571428567,72.86407766990291,103,25
199,199.0,0.4460645161290323,0.5386129032258065,0.5414516129032259,0.4878450704225352,0.5048591549295774,0.5579295774647886,0.009134253902185223,0.018198753381893865,0.016766183142559832,0.016704891489783776,0.01271200833168022,0.019014797857567944,0.6121690140845071,0.4186197183098591,0.5646478873239437,0.16610449795547477,0.11999318491594735,0.02319627442071781,31,71,0.3198797711549714,0.8205633802816898,73.31372549019608,102,26
200,200.0,0.4460645161290323,0.5386129032258065,0.5414516129032259,0.48398591549295783,0.5036901408450706,0.5555774647887323,0.009134253902185223,0.018198753381893865,0.016766183142559832,0.01636463360444356,0.012961650466177345,0.019213567942868482,0.6074788732394367,0.41802816901408446,0.5585492957746481,0.16141435711040442,0.120584734211722,0.017097682871422215,31,71,0.3324736904105397,0.8642253521126756,73.69607843137256,102,20
201,201.0,0.45285714285714285,0.5353571428571428,0.5165714285714286,0.4870985915492958,0.5002394366197184,0.5571408450704225,0.010450122448979592,0.02006651530612245,0.017727816326530612,0.01657603253322754,0.012329928585598095,0.019498543542947826,0.6039014084507043,0.4104929577464788,0.5591408450704226,0.15104426559356143,0.12486418511066394,0.04256941649899404,28,71,0.41136033940521777,0.8374647887323938,73.91919191919192,99,22
202,202.0,0.46541666666666676,0.51,0.5175416666666667,0.4886811594202899,0.49753623188405793,0.5573913043478261,0.010132243055555558,0.018846500000000002,0.018972498263888887,0.016857956311699222,0.01232181390464188,0.020049310649023315,0.5962028985507247,0.4050144927536232,0.554536231884058,0.13078623188405797,0.10498550724637679,0.036994565217391306,24,69,0.43020511003787837,0.883043478260869,74.13978494623656,93,21
203,203.0,0.4615925925925927,0.49788888888888894,0.5254444444444444,0.48549230769230767,0.4897538461538462,0.5526615384615385,0.0102279451303155,0.015684617283950618,0.01769032098765432,0.016832280710059173,0.011507600946745562,0.01878216236686391,0.5992923076923076,0.40272307692307696,0.5388923076923077,0.13769971509971485,0.09516581196581197,0.01344786324786329,27,65,0.4827440422502676,0.871538461538461,72.76086956521739,92,22
204,204.0,0.46417241379310353,0.49500000000000005,0.5337241379310345,0.4872307692307692,0.48753846153846153,0.5498153846153846,0.009632349583828779,0.015286689655172415,0.01744061355529132,0.016721500591715975,0.011488310059171598,0.019048212071005922,0.6017076923076924,0.40140000000000003,0.5409692307692309,0.13753527851458885,0.09360000000000002,0.00724509283819641,29,65,0.46665725414139914,0.8401538461538458,73.01063829787235,94,25
205,205.0,0.46417241379310353,0.49500000000000005,0.5337241379310345,0.49130303030303035,0.48156060606060613,0.5420303030303031,0.009632349583828779,0.015286689655172415,0.01744061355529132,0.016829302112029387,0.01154876147842057,0.019835453627180904,0.5920757575757576,0.38178787878787873,0.530151515151515,0.12790334378265406,0.11321212121212132,0.0035726227795194188,29,66,0.4443333163054395,0.8248484848484844,73.46315789473684,95,28
206,206.0,0.48264516129032253,0.48858064516129035,0.5335161290322579,0.4899701492537314,0.48146268656716423,0.5433880597014926,0.010823003121748179,0.01477314672216441,0.016788314255983348,0.016695372243261303,0.011377024727110717,0.019661073290265094,0.5886119402985074,0.3824328358208955,0.5342238805970148,0.10596677900818485,0.10614780934039486,0.0007077515647568866,31,67,0.4230534855891928,0.8159701492537308,73.83673469387755,98,29
207,207.0,0.48513333333333325,0.4925333333333334,0.5382666666666667,0.4885915492957747,0.4821690140845071,0.5440704225352113,0.010991848888888886,0.014781248888888895,0.01664832888888889,0.01665457964689546,0.011223548899027972,0.018873699266018645,0.5806056338028168,0.37805633802816896,0.5232535211267605,0.09547230046948357,0.11447699530516442,0.01501314553990618,30,71,0.436074910267336,0.8088732394366193,74.29702970297029,101,26
208,208.0,0.4797586206896552,0.4820689655172414,0.5311034482758621,0.49210958904109586,0.4783698630136987,0.5456027397260274,0.012370734839476812,0.012163995243757431,0.016099196195005945,0.017881056483392756,0.010573548132857945,0.018540129855507598,0.5867945205479452,0.36809589041095886,0.5358219178082191,0.10703589985829004,0.11397307510628252,0.004718469532356995,29,73,0.4382807793849195,0.8179452054794517,74.52941176470588,102,23
209,209.0,0.4797586206896552,0.4820689655172414,0.5311034482758621,0.49079166666666674,0.47862499999999997,0.5454861111111112,0.012370734839476812,0.012163995243757431,0.016099196195005945,0.018002609375000003,0.010715651041666668,0.018796638695987657,0.5867916666666666,0.36683333333333334,0.5347777777777778,0.10703304597701141,0.11523563218390803,0.0036743295019157074,29,72,0.39180431226374063,0.823194444444444,75.13861386138613,101,28
210,210.0,0.4780357142857143,0.48224999999999996,0.5272142857142856,0.4878783783783784,0.4795,0.5462297297297297,0.011964748724489797,0.009858473214285715,0.014460096938775513,0.01800405277574872,0.010737547297297298,0.01999252830533236,0.5893648648648648,0.364445945945946,0.5442567567567569,0.11132915057915055,0.11780405405405397,0.017042471042471252,28,74,0.3992746140236421,0.8152702702702699,74.54901960784314,102,28
211,211.0,0.48283333333333334,0.4887333333333333,0.5226666666666666,0.48645333333333335,0.48224,0.5445066666666667,0.011527738888888889,0.00998052888888889,0.01393288888888889,0.01791427448888889,0.011149942400000001,0.019945663288888887,0.5939733333333334,0.3726266666666667,0.5436533333333334,0.11114000000000002,0.11610666666666658,0.02098666666666682,30,75,0.38777436485839417,0.8146666666666661,74.86666666666666,105,28
212,212.0,0.48334374999999996,0.48153124999999997,0.5130625,0.4878356164383561,0.4771643835616438,0.5446301369863014,0.012351725585937499,0.0101349365234375,0.014478746093750001,0.018301753799962468,0.010486877087633703,0.020288917995871646,0.5926712328767123,0.3585890410958904,0.548,0.10932748287671235,0.12294220890410956,0.034937500000000066,32,73,0.37941760647021816,0.8023287671232872,74.71428571428571,105,30
213,213.0,0.4873448275862068,0.488103448275862,0.5155862068965518,0.484527027027027,0.47770270270270265,0.5403918918918919,0.013322019024970273,0.010582506539833534,0.014138518430439955,0.017828114134404674,0.010518830533235938,0.02031064371804237,0.5937297297297298,0.3749054054054054,0.529581081081081,0.10638490214352303,0.1131980428704566,0.013994874184529271,29,74,0.4060924188530658,0.7772972972972969,74.2135922330097,103,31
214,214.0,0.4752692307692307,0.5015769230769231,0.5103846153846153,0.4834266666666666,0.4799999999999999,0.5416,0.012875119822485208,0.009834397928994083,0.011429852071005915,0.017680004622222224,0.01076912,0.020147840000000004,0.5985066666666667,0.3826133333333333,0.53076,0.12323743589743602,0.11896358974358984,0.020375384615384684,26,75,0.393839839747663,0.8091999999999995,75.54455445544555,101,29
215,215.0,0.47224000000000005,0.507,0.50124,0.47929333333333335,0.4825066666666666,0.5406800000000002,0.013064182399999999,0.010054480000000001,0.010550902400000001,0.017972313955555555,0.010993449955555555,0.0199852576,0.5912933333333334,0.38686666666666664,0.5292266666666666,0.1190533333333334,0.12013333333333337,0.027986666666666604,25,75,0.4643894873680474,0.8081333333333328,75.21,100,28
216,216.0,0.4839583333333333,0.49475,0.49387500000000006,0.4773150684931507,0.4834383561643835,0.5441095890410959,0.01369362326388889,0.009783187500000002,0.010318442708333335,0.018313667855132294,0.011234903734284105,0.0197632208669544,0.5970000000000001,0.3934109589041096,0.5377260273972603,0.11304166666666676,0.10133904109589043,0.04385102739726021,24,73,0.5079629417928936,0.8524657534246571,75.15463917525773,97,24
217,217.0,0.4872692307692308,0.49384615384615393,0.4993076923076924,0.4817162162162162,0.4825540540540541,0.5426621621621622,0.013159581360946745,0.009077668639053255,0.009902443786982249,0.018051716764061358,0.010889301132213295,0.019514196676406137,0.608418918918919,0.3959594594594595,0.5408648648648648,0.12114968814968818,0.09788669438669445,0.04155717255717245,26,74,0.5072376268376707,0.8370270270270266,73.33,100,25
218,218.0,0.4905,0.4884615384615385,0.4925769230769231,0.48614666666666684,0.47788,0.53752,0.012811403846153844,0.01025317159763314,0.010056474852071007,0.018325965155555558,0.011637678933333331,0.020076516266666664,0.6190133333333333,0.38522666666666666,0.5273066666666667,0.1285133333333333,0.10323487179487184,0.03472974358974362,26,75,0.4831965161622555,0.825733333333333,71.84158415841584,101,23
219,219.0,0.5068888888888888,0.4809999999999999,0.4864444444444445,0.4846142857142857,0.47519999999999996,0.5387285714285714,0.013294172839506171,0.010631333333333336,0.009904765432098768,0.019233465510204086,0.011338502857142855,0.019896397755102047,0.6201285714285715,0.3891857142857143,0.5251857142857144,0.11323968253968264,0.09181428571428563,0.038741269841269854,27,70,0.48633603851699797,0.7802857142857138,69.89690721649484,97,27
220,220.0,0.5030357142857144,0.48549999999999993,0.48571428571428577,0.4867042253521127,0.4741267605633802,0.5409154929577465,0.013220248724489793,0.01079839285714286,0.009565418367346938,0.01926832096806189,0.011259434635984923,0.019950950605038677,0.6203943661971832,0.3874225352112676,0.5294084507042255,0.11735865191146888,0.0980774647887323,0.04369416498993972,28,71,0.4621244490915183,0.7770422535211263,70.94949494949495,99,29
221,221.0,0.5010689655172414,0.48055172413793096,0.4896896551724138,0.4872957746478873,0.47446478873239445,0.5351971830985917,0.013566340071343639,0.012007695600475623,0.008740627824019026,0.019218630827216823,0.011284924816504662,0.020855087879389004,0.6135352112676057,0.3862112676056338,0.518887323943662,0.11246624575036424,0.09434045653229717,0.029197668771248186,29,71,0.4622431383175637,0.7736619718309856,70.43,100,29
222,222.0,0.49935714285714283,0.48674999999999996,0.4987857142857142,0.4872957746478873,0.47446478873239445,0.5351971830985917,0.01399694387755102,0.011628973214285715,0.008933382653061225,0.019218630827216823,0.011284924816504662,0.020855087879389004,0.6135352112676057,0.3862112676056338,0.518887323943662,0.11417806841046285,0.10053873239436617,0.020101609657947772,28,71,0.4747419669304053,0.8142253521126757,71.02020202020202,99,26
223,223.0,0.492074074074074,0.48974074074074075,0.49766666666666665,0.4846428571428571,0.4767714285714286,0.5342285714285714,0.014133105624142661,0.012408117969821676,0.008420518518518518,0.01899348673469388,0.011068376326530615,0.02108640489795919,0.611757142857143,0.38877142857142855,0.5173571428571428,0.119683068783069,0.10096931216931221,0.019690476190476203,27,70,0.5204048974241796,0.8071428571428566,71.04123711340206,97,29
224,224.0,0.49924137931034474,0.4874827586206897,0.5007241379310345,0.48983333333333334,0.473736111111111,0.5393472222222223,0.013851907253269917,0.01352162901307967,0.008005717003567182,0.01964222222222222,0.010899277584876542,0.020276309992283952,0.6074722222222222,0.3792638888888889,0.5250416666666666,0.10823084291187746,0.10821886973180078,0.024317528735632088,29,72,0.4692046905798754,0.7927777777777774,70.62376237623762,101,31
225,225.0,0.5011034482758622,0.48355172413793107,0.5032758620689655,0.4953698630136986,0.4634657534246575,0.5357123287671233,0.01476802378121284,0.013570592152199764,0.008038337693222354,0.01954757553011822,0.010837317320322762,0.020050752861700133,0.5943972602739725,0.3629726027397261,0.5312876712328767,0.09329381199811038,0.12057912139820498,0.028011809163911217,29,73,0.46628150598816964,0.7480821917808215,68.36274509803921,102,32
226,226.0,0.5083928571428571,0.47453571428571434,0.5011785714285715,0.4895972222222222,0.4669444444444445,0.5336944444444445,0.014388809948979592,0.012413391581632655,0.008384289540816327,0.01761318499228395,0.010212941358024691,0.01960668441358025,0.5929444444444444,0.3654166666666667,0.5330555555555555,0.0845515873015873,0.10911904761904762,0.03187698412698403,28,72,0.5278675522499136,0.7690277777777773,68.23,100,29
227,227.0,0.5051,0.4908666666666666,0.5081333333333332,0.48793243243243245,0.46948648648648655,0.5315270270270271,0.014659623333333332,0.013635248888888887,0.01125584888888889,0.017299198137326513,0.010605466033601168,0.01961270872899927,0.596635135135135,0.3738513513513514,0.5284729729729729,0.091535135135135,0.11701531531531523,0.020339639639639695,30,74,0.5098228470874905,0.737297297297297,68.13461538461539,104,32
228,228.0,0.49924137931034485,0.49665517241379303,0.5168965517241378,0.4857837837837838,0.4700810810810811,0.5282567567567568,0.015056803804994055,0.01364188109393579,0.011943747919143878,0.016712007304601897,0.010611669101533966,0.018467407048940836,0.6011621621621621,0.3812837837837838,0.5247027027027027,0.10192078285181727,0.11537138863000923,0.007806150978564852,29,74,0.47961219796251187,0.7216216216216211,68.19417475728156,103,36
229,229.0,0.4938888888888889,0.5004444444444445,0.518962962962963,0.4857837837837838,0.4700810810810811,0.5282567567567568,0.015629135802469135,0.013915283950617289,0.010445887517146778,0.016712007304601897,0.010611669101533966,0.018467407048940836,0.6011621621621621,0.3812837837837838,0.5247027027027027,0.10727327327327324,0.11916066066066067,0.005739739739739735,27,74,0.47477805126741246,0.7489189189189185,69.12871287128714,101,36
230,230.0,0.49600000000000005,0.4958571428571429,0.5245,0.4837972972972973,0.4709864864864865,0.5262297297297298,0.015339428571428572,0.013674051020408164,0.010479178571428572,0.015056215668371072,0.01080895927684441,0.019056041818845876,0.5985270270270271,0.36816216216216213,0.5208108108108108,0.10252702702702704,0.12769498069498075,0.003689189189189146,28,74,0.5013763047803516,0.7272972972972969,67.93137254901961,102,34
231,231.0,0.4968275862068966,0.49058620689655175,0.522896551724138,0.4869315068493151,0.4668904109589041,0.5258630136986302,0.014829659928656359,0.013980449464922712,0.010189816884661118,0.01453554325389379,0.009715467442296868,0.019307131919684743,0.5943287671232879,0.3599452054794521,0.5198082191780822,0.09750118091639126,0.13064100141709967,0.003088332546055783,29,73,0.4803200893362997,0.7263013698630133,68.02941176470588,102,37
232,232.0,0.4975357142857143,0.4969642857142857,0.5273928571428572,0.4861891891891892,0.46814864864864864,0.5227837837837838,0.015344748724489793,0.01330003443877551,0.009967452806122448,0.014505693937180424,0.009737207633308983,0.019304169466764064,0.5938513513513514,0.3591891891891892,0.5146756756756756,0.09631563706563706,0.1377750965250965,0.012717181467181593,28,74,0.4749360230343233,0.7666216216216212,67.76470588235294,102,32
233,233.0,0.49032142857142846,0.4969285714285715,0.5288571428571428,0.48658904109589035,0.46810958904109584,0.5253561643835617,0.01387200382653061,0.013300994897959184,0.010322908163265306,0.014692570838806531,0.009870481140927003,0.019078941640082565,0.5940136986301371,0.3625753424657534,0.5206849315068492,0.10369227005870862,0.1343532289628181,0.008172211350293557,28,73,0.47160021948752545,0.7912328767123282,68.22772277227723,101,30
234,234.0,0.49032142857142846,0.4969285714285715,0.5288571428571428,0.48658904109589035,0.46810958904109584,0.5253561643835617,0.01387200382653061,0.013300994897959184,0.010322908163265306,0.014692570838806531,0.009870481140927003,0.019078941640082565,0.5940136986301371,0.3625753424657534,0.5206849315068492,0.10369227005870862,0.1343532289628181,0.008172211350293557,28,73,0.4248441109002195,0.7986301369863009,69.22772277227723,101,34
235,235.0,0.46596296296296297,0.5051851851851852,0.5397037037037037,0.4878571428571428,0.46840000000000004,0.5267714285714287,0.014775072702331962,0.011924817558299038,0.010745986282578878,0.01482000816326531,0.009849525714285715,0.019277233469387756,0.5828857142857142,0.3649428571428571,0.5296571428571427,0.11692275132275126,0.14024232804232806,0.01004656084656097,27,70,0.4588691429628057,0.8178571428571424,68.37113402061856,97,31
236,236.0,0.4715357142857143,0.5034285714285714,0.5418928571428572,0.48738028169014086,0.4715211267605634,0.5256901408450706,0.015085891581632652,0.011582244897959186,0.010491595663265307,0.015277559611188256,0.00986537631422337,0.019442608212656223,0.5803943661971831,0.36691549295774645,0.5151690140845071,0.10885865191146882,0.136513078470825,0.026723843058350072,28,71,0.42957457714184244,0.8374647887323939,68.5050505050505,99,30
237,237.0,0.46692592592592586,0.5112962962962962,0.5427777777777778,0.4861470588235293,0.4710294117647059,0.5234852941176471,0.015049624142661179,0.010277986282578875,0.010858246913580246,0.015602478373702423,0.010285705017301038,0.019242926254325263,0.584985294117647,0.36680882352941174,0.5131617647058824,0.11805936819172114,0.1444874727668845,0.02961601307189543,27,68,0.4724290534992765,0.8507352941176466,68.36842105263158,95,30
238,238.0,0.46692592592592586,0.5112962962962962,0.5427777777777778,0.49045588235294124,0.46970588235294114,0.5270735294117647,0.015049624142661179,0.010277986282578875,0.010858246913580246,0.016205777465397923,0.010145148788927336,0.018666421064013842,0.5752794117647061,0.35464705882352937,0.516779411764706,0.10835348583878024,0.15664923747276688,0.025998366013071816,27,68,0.4274118372863352,0.8772058823529407,67.2421052631579,95,25
239,239.0,0.4618214285714286,0.5170714285714286,0.5351071428571429,0.48770422535211283,0.4703098591549296,0.5238169014084506,0.014771003826530611,0.011428923469387755,0.011490667091836734,0.01631519420749851,0.010444523705613962,0.01832144534814521,0.5705352112676059,0.34932394366197184,0.5075774647887324,0.10871378269617726,0.1677474849094568,0.027529678068410446,28,71,0.43678664687431545,0.8357746478873235,66.8080808080808,99,27
240,240.0,0.4618214285714286,0.5170714285714286,0.5351071428571429,0.4870144927536232,0.46873913043478255,0.5261739130434784,0.014771003826530611,0.011428923469387755,0.011490667091836734,0.01670902877546734,0.010231613106490234,0.017722955261499685,0.5561014492753623,0.33888405797101456,0.5156666666666666,0.09428002070393371,0.17818737060041406,0.019440476190476286,28,69,0.41501087188927077,0.8213043478260865,65.56701030927834,97,28
241,241.0,0.45832,0.51176,0.5150399999999999,0.4870144927536232,0.46873913043478255,0.5261739130434784,0.014975417599999995,0.0120403424,0.008195158400000001,0.01670902877546734,0.010231613106490234,0.017722955261499685,0.5561014492753623,0.33888405797101456,0.5156666666666666,0.09778144927536231,0.17287594202898543,0.0006266666666666643,25,69,0.4561806219780104,0.8447826086956518,67.06382978723404,94,28
242,242.0,0.46352,0.50772,0.51492,0.49114492753623185,0.46495652173913044,0.5221304347826086,0.0169626496,0.013415881600000002,0.008185673600000002,0.01750287754673388,0.01039980970384373,0.016824606175173284,0.5604492753623189,0.3308695652173913,0.5061884057971016,0.09692927536231893,0.17685043478260865,0.008731594202898485,25,69,0.46644509195261086,0.81463768115942,66.47872340425532,94,30
243,243.0,0.4659285714285714,0.5039285714285714,0.52475,0.4913676470588236,0.4654117647058823,0.5248529411764704,0.015560923469387755,0.012613280612244898,0.009156758928571429,0.017756850129757782,0.010538448096885814,0.016560596020761247,0.5607499999999999,0.3302058823529412,0.5129117647058824,0.09482142857142845,0.1737226890756302,0.01183823529411765,28,68,0.45010695082283325,0.8367647058823524,66.85416666666667,96,27
244,244.0,0.46496296296296297,0.4998148148148147,0.521074074074074,0.4957536231884058,0.46260869565217383,0.527014492753623,0.016111146776406033,0.012606595336076819,0.009117550068587107,0.018807605965133378,0.010920006301197225,0.016638304137786185,0.5617681159420289,0.32833333333333337,0.5129565217391304,0.09680515297906594,0.17148148148148135,0.0081175523349436,27,69,0.45017384537462163,0.8778260869565215,67.58333333333333,96,23
245,245.0,0.47195833333333326,0.5027916666666666,0.528875,0.4942222222222223,0.46330555555555564,0.5310972222222222,0.01714020659722222,0.012860331597222224,0.008691442708333335,0.01952475617283951,0.01143212885802469,0.016437115547839512,0.5553055555555555,0.3318888888888889,0.5092916666666667,0.08334722222222224,0.17090277777777774,0.019583333333333286,24,72,0.45446043722576485,0.8324999999999996,67.26041666666667,96,27
246,246.0,0.47195833333333326,0.5027916666666666,0.528875,0.4942222222222223,0.46330555555555564,0.5310972222222222,0.01714020659722222,0.012860331597222224,0.008691442708333335,0.01952475617283951,0.01143212885802469,0.016437115547839512,0.5553055555555555,0.3318888888888889,0.5092916666666667,0.08334722222222224,0.17090277777777774,0.019583333333333286,24,72,0.4077985075765276,0.8541666666666663,68.26041666666667,96,29
247,247.0,0.46541666666666665,0.505375,0.52225,0.4938873239436619,0.46352112676056345,0.5316619718309857,0.01520632638888889,0.012374234375000001,0.010004020833333335,0.019791677444951403,0.011589798849434636,0.016645660384844278,0.5563802816901409,0.3354366197183099,0.5114647887323943,0.09096361502347422,0.16993838028169012,0.010785211267605677,24,71,0.4115567722832014,0.8581690140845067,69.01052631578948,95,31
248,248.0,0.4482727272727272,0.5153181818181817,0.5324999999999999,0.49770833333333336,0.4620833333333333,0.530513888888889,0.013058471074380164,0.012260398760330577,0.00928615909090909,0.018932234375,0.011261437499999999,0.016462499807098768,0.562138888888889,0.3334444444444445,0.5118888888888888,0.11386616161616175,0.1818737373737372,0.020611111111111025,22,72,0.4316800665289637,0.8369444444444439,68.51063829787235,94,34
249,249.0,0.4556666666666667,0.5091904761904762,0.5327619047619048,0.4972876712328767,0.46350684931506847,0.5332465753424658,0.012477555555555556,0.012018154195011338,0.00972684807256236,0.0186856295740289,0.0112530718708951,0.01677465152936761,0.5622328767123288,0.3317808219178083,0.5170821917808218,0.10656621004566208,0.17740965427266792,0.01567971298108295,21,73,0.4443904444436906,0.8420547945205477,69.34042553191489,94,35
250,250.0,0.46545,0.5037,0.5261499999999999,0.49780555555555556,0.4627777777777777,0.5263611111111111,0.011091447499999999,0.011986010000000002,0.009295127500000002,0.01812801774691358,0.011257589506172838,0.016182452932098766,0.5620277777777779,0.32970833333333327,0.5067222222222223,0.09657777777777793,0.17399166666666677,0.0194277777777776,20,72,0.5115506060816377,0.8611111111111107,68.92391304347827,92,33
251,251.0,0.4655,0.50995,0.5177499999999999,0.4959452054794521,0.46731506849315063,0.5290273972602739,0.011096949999999998,0.010719447499999998,0.0114446875,0.018065312066053673,0.012079174704447361,0.015812136235691502,0.5642739726027397,0.3423013698630137,0.5173150684931507,0.09877397260273968,0.16764863013698633,0.0004349315068492565,20,73,0.4862025634505668,0.853561643835616,69.65591397849462,93,34
252,252.0,0.4655,0.50995,0.5177499999999999,0.4944383561643836,0.46728767123287673,0.5256164383561643,0.011096949999999998,0.010719447499999998,0.0114446875,0.017912191405516982,0.012080341902796023,0.015701770688684554,0.5611780821917809,0.33972602739726027,0.5113424657534247,0.09567808219178087,0.17022397260273975,0.006407534246575253,20,73,0.45732761746081396,0.8836986301369858,70.12903225806451,93,34
253,253.0,0.455,0.5076363636363636,0.5168181818181818,0.4919718309859154,0.46871830985915486,0.526169014084507,0.010960545454545452,0.009580776859504132,0.011891512396694216,0.018124280896647492,0.012343385439396948,0.015938872842689945,0.5584366197183099,0.3435774647887324,0.5135352112676056,0.10343661971830992,0.16405889884763114,0.0032829705505762474,22,71,0.5372669181743333,0.8933802816901405,68.73118279569893,93,32
254,254.0,0.4438181818181817,0.5255909090909091,0.5126363636363637,0.4958428571428572,0.46669999999999995,0.5219428571428572,0.007726966942148761,0.008499423553719009,0.01195614049586777,0.01732804673469388,0.01269449571428571,0.01608048244897959,0.5567142857142859,0.33891428571428567,0.4977714285714286,0.11289610389610422,0.18667662337662344,0.014864935064935081,22,70,0.5335068331879426,0.8928571428571426,67.67391304347827,92,32
255,255.0,0.44922222222222213,0.5175925925925926,0.5087037037037037,0.4958428571428572,0.46669999999999995,0.5219428571428572,0.00745395061728395,0.00900883401920439,0.013490949245541839,0.01732804673469388,0.01269449571428571,0.01608048244897959,0.5567142857142859,0.33891428571428567,0.4977714285714286,0.1074920634920638,0.17867830687830694,0.010932275132275071,27,70,0.5452693828976645,0.8617142857142853,67.3917525773196,97,33
256,256.0,0.4473666666666666,0.5176000000000001,0.5164666666666666,0.49733333333333335,0.4683043478260869,0.5232608695652173,0.007781232222222222,0.008241373333333335,0.01423504888888889,0.01742367149758454,0.012698298676748581,0.016191931947069946,0.5597536231884059,0.34050724637681157,0.5036666666666667,0.11238695652173936,0.1770927536231885,0.012799999999999923,30,69,0.5693757331034992,0.8491304347826083,67.87878787878788,99,32
257,257.0,0.4457419354838709,0.5137096774193549,0.5139677419354839,0.49357575757575756,0.46665151515151515,0.520590909090909,0.007609417273673256,0.008429560874089491,0.013963192507804367,0.017439789715335167,0.012184287649219467,0.016557787190082645,0.5525303030303031,0.3305909090909091,0.5014090909090909,0.10678836754643223,0.1831187683284458,0.012558651026392975,31,66,0.5612609633524309,0.8639393939393935,67.35051546391753,97,33
258,258.0,0.4456451612903225,0.5116774193548388,0.5061612903225806,0.49137313432835816,0.4684179104477612,0.5222388059701492,0.007607712799167533,0.00858886368366285,0.014729232049947973,0.01749969659166853,0.012208362664290488,0.016489883270216086,0.5475223880597015,0.33334328358208953,0.5036417910447762,0.10187722676937905,0.17833413577274926,0.0025194992778043712,31,67,0.5337687164230843,0.8305970149253727,68.10204081632654,98,40
259,259.0,0.4416875,0.5082500000000001,0.504,0.48833333333333334,0.46540579710144925,0.5216811594202898,0.00785552734375,0.008684625,0.01441375,0.01653019323671498,0.012265603444654487,0.0156329418189456,0.5456811594202898,0.32834782608695656,0.49028985507246386,0.10399365942028982,0.17990217391304353,0.013710144927536139,32,69,0.5274554572836481,0.812028985507246,68.94059405940594,101,39
260,260.0,0.43403125,0.51115625,0.51734375,0.48895774647887325,0.4650704225352113,0.5181408450704225,0.0071919052734375,0.008529131835937499,0.015142975585937501,0.016086632017456852,0.012339811942074983,0.01562975481055346,0.5467605633802817,0.3261830985915493,0.4830140845070423,0.11272931338028169,0.18497315140845066,0.034329665492957684,32,71,0.5554417122993617,0.7725352112676053,70.36893203883496,103,42
261,261.0,0.4302121212121212,0.5146969696969697,0.5147272727272727,0.4934366197183098,0.4644366197183099,0.5198169014084506,0.006523924701561065,0.008777605142332416,0.014349895316804409,0.015914668518151164,0.012246330489982147,0.015943248165046615,0.5532535211267605,0.3239154929577465,0.49215492957746476,0.1230413999146393,0.19078147673922313,0.02257234314980794,33,71,0.5552302173617482,0.7528169014084504,68.92307692307692,104,45
262,262.0,0.4302121212121212,0.5146969696969697,0.5147272727272727,0.49402857142857154,0.4655142857142857,0.5223857142857142,0.006523924701561065,0.008777605142332416,0.014349895316804409,0.016117142040816327,0.012338821224489796,0.015702494081632656,0.5533714285714286,0.3282571428571429,0.495,0.12315930735930741,0.18643982683982674,0.019727272727272704,33,70,0.5246888144500732,0.792428571428571,69.60194174757281,103,43
263,263.0,0.4254,0.5148571428571428,0.5134000000000001,0.49046666666666683,0.4676666666666666,0.5287999999999999,0.00746944,0.008888579591836735,0.013643668571428572,0.016104035555555556,0.012141982222222222,0.01551581333333333,0.55136,0.3293333333333333,0.5087066666666668,0.12595999999999996,0.18552380952380948,0.004693333333333327,35,75,0.4701961308790611,0.7522666666666662,68.82727272727273,110,45
264,264.0,0.42155882352941176,0.513264705882353,0.5095000000000001,0.4916621621621623,0.4696621621621621,0.5283918918918918,0.007172717128027682,0.009061253460207612,0.01351260294117647,0.016214466946676408,0.012007412892622351,0.015712995069393717,0.5490945945945946,0.3336081081081081,0.513054054054054,0.12753577106518288,0.17965659777424486,0.0035540540540539567,34,74,0.4916569600719824,0.7749999999999996,69.10185185185185,108,43
265,265.0,0.42433333333333334,0.5176111111111111,0.5133611111111112,0.4916621621621623,0.4696621621621621,0.5283918918918918,0.006913777777777777,0.008953015432098766,0.013154230709876544,0.016214466946676408,0.012007412892622351,0.015712995069393717,0.5490945945945946,0.3336081081081081,0.513054054054054,0.1247612612612613,0.18400300300300304,0.00030705705705713626,36,74,0.48807224758733775,0.783378378378378,69.96363636363637,110,42
266,266.0,0.4252222222222223,0.5207222222222222,0.5183333333333334,0.48778378378378384,0.4715405405405406,0.5284054054054054,0.0069319506172839515,0.008180422839506173,0.012534222222222223,0.01592919649379109,0.01202581592403214,0.01571364645726808,0.5415135135135135,0.33755405405405403,0.5052297297297297,0.11629129129129123,0.18316816816816817,0.013103603603603742,36,74,0.472561437314308,0.7828378378378374,70.11818181818182,110,43
267,267.0,0.42345714285714287,0.5164857142857142,0.5213142857142857,0.48778378378378384,0.4715405405405406,0.5284054054054054,0.007017848163265307,0.0077680212244897965,0.012572444081632652,0.01592919649379109,0.01202581592403214,0.01571364645726808,0.5415135135135135,0.33755405405405403,0.5052297297297297,0.11805637065637065,0.17893166023166018,0.016084555984556048,35,74,0.4535402239769075,0.8101351351351346,71.3211009174312,109,43
268,268.0,0.43066666666666664,0.5143888888888889,0.5086111111111111,0.4898378378378379,0.4712837837837839,0.5338243243243244,0.006750444444444444,0.007670570987654323,0.012381182098765434,0.015975162892622356,0.012094581628926222,0.015436036705624545,0.5459999999999999,0.3392567567567567,0.5166756756756757,0.11533333333333329,0.1751321321321322,0.008064564564564614,36,74,0.43169833758873755,0.8071621621621617,71.12727272727273,110,46
269,269.0,0.43248648648648647,0.5102972972972973,0.5147567567567567,0.49205479452054796,0.4733150684931507,0.5342191780821919,0.00686873630387144,0.006757830533235938,0.012602238130021915,0.016038353161944085,0.011416297992118596,0.015855568399324452,0.5502739726027398,0.3450273972602739,0.5220821917808219,0.11778748611625334,0.1652699000370234,0.007325435024065241,37,73,0.4331913365843629,0.7871232876712324,70.65454545454546,110,48
270,270.0,0.4300000000000001,0.5079117647058823,0.5125588235294117,0.4945135135135135,0.47586486486486484,0.533581081081081,0.006823235294117648,0.006920021626297577,0.013436599480968859,0.01609427684441198,0.01128690065741417,0.015468270452885317,0.5576891891891892,0.3445675675675676,0.5208243243243242,0.1276891891891891,0.16334419713831466,0.008265500794912506,34,74,0.415662975984588,0.82527027027027,71.50925925925925,108,45
271,271.0,0.4339354838709678,0.5102903225806452,0.5163225806451613,0.49344000000000005,0.4771333333333333,0.5312666666666667,0.00699354422476587,0.005836399583766908,0.014511766909469306,0.015964966400000002,0.011255475555555556,0.015658408888888888,0.5618666666666666,0.3515066666666667,0.5187733333333333,0.12793118279569882,0.15878365591397853,0.0024507526881719643,31,75,0.4199008521228453,0.849866666666666,71.74528301886792,106,43
272,272.0,0.43574999999999997,0.5169375,0.51971875,0.4972054794520549,0.47609589041095884,0.532013698630137,0.006877062500000002,0.007023746093749998,0.014415827148437501,0.015435697504222181,0.01133474422968662,0.015631520360292736,0.5580136986301371,0.3445068493150685,0.5229999999999999,0.12226369863013709,0.17243065068493157,0.0032812499999999023,32,73,0.41563771249959014,0.8663013698630131,71.86666666666666,105,43
273,273.0,0.42984374999999997,0.50996875,0.53790625,0.4990289855072464,0.4763043478260869,0.5316086956521738,0.006883631835937501,0.0080480302734375,0.013758084960937498,0.015214202058391094,0.0112297479521109,0.015825397605545057,0.5559130434782609,0.35389855072463766,0.5263768115942029,0.1260692934782609,0.1560701992753623,0.011529438405797121,32,69,0.4534189302300843,0.8475362318840576,70.82178217821782,101,45
274,274.0,0.42867647058823527,0.5130294117647058,0.5354411764705883,0.4982205882352942,0.47725000000000006,0.5322205882352942,0.0065499835640138405,0.008289440311418683,0.013511952422145328,0.01539284839965398,0.0113331875,0.01603228957612457,0.5585882352941177,0.35516176470588234,0.5308088235294116,0.12991176470588245,0.1578676470588235,0.004632352941176698,34,68,0.4540127022125344,0.8395588235294114,71.12745098039215,102,46
275,275.0,0.43905555555555553,0.5044444444444446,0.5406111111111112,0.4994782608695653,0.47866666666666674,0.5345072463768116,0.010708274691358023,0.008929524691358026,0.011936237654320987,0.015277321991178323,0.011305410628019322,0.01615549632430162,0.5584492753623188,0.35310144927536236,0.5348695652173912,0.11939371980676328,0.15134299516908223,0.0057415458937200015,36,69,0.500998645545421,0.8272463768115939,71.47619047619048,105,43
276,276.0,0.44261111111111107,0.5033611111111111,0.543611111111111,0.500072463768116,0.4733333333333334,0.5312608695652172,0.011399237654320988,0.009166564043209877,0.011725570987654324,0.015159342575089269,0.011006743961352655,0.016641700063011976,0.5523623188405798,0.34159420289855075,0.527927536231884,0.10975120772946878,0.1617669082125604,0.015683574879227002,36,69,0.4843330369202444,0.8213043478260864,70.95238095238095,105,45
277,277.0,0.4428611111111111,0.4917777777777777,0.5426944444444444,0.4949142857142858,0.47895714285714297,0.5362142857142856,0.011395730709876544,0.008374728395061728,0.012647601080246913,0.016627364081632658,0.01091861244897959,0.01688405408163265,0.5556857142857143,0.3429571428571429,0.5371571428571428,0.11282460317460324,0.1488206349206348,0.005537301587301591,36,70,0.4908675383162844,0.8122857142857138,69.13207547169812,106,41
278,278.0,0.44668571428571424,0.4926571428571428,0.5390571428571428,0.4904084507042254,0.4795915492957747,0.5348732394366196,0.011194729795918368,0.008586168163265306,0.012532682448979591,0.01704466415393771,0.010718466970839122,0.01703951914302718,0.5589718309859154,0.35885915492957754,0.529718309859155,0.11228611670020117,0.13379798792756525,0.009338832997987767,35,71,0.4612198266181368,0.8252112676056333,69.09433962264151,106,39
279,279.0,0.4473055555555556,0.4903611111111111,0.5439166666666666,0.4897222222222223,0.48318055555555556,0.5342916666666667,0.011656545524691357,0.008500175154320989,0.012945743055555558,0.016841367283950623,0.011484147955246913,0.01682687326388889,0.5647361111111111,0.366375,0.5289999999999999,0.11743055555555548,0.12398611111111107,0.01491666666666669,36,72,0.4948201927795827,0.8183333333333329,68.71296296296296,108,37
280,280.0,0.4383888888888889,0.4931388888888889,0.5440277777777777,0.4880416666666666,0.4821666666666666,0.535888888888889,0.01253657098765432,0.008973786265432097,0.01297152700617284,0.015510484375000001,0.010637388888888889,0.01727432098765432,0.5503472222222222,0.3644861111111111,0.5240138888888889,0.11195833333333333,0.12865277777777778,0.020013888888888776,36,72,0.46969561614288924,0.8327777777777773,68.80555555555556,108,36
281,281.0,0.43705714285714287,0.4958857142857142,0.5432,0.4801408450704226,0.48573239436619703,0.5310845070422535,0.012608396734693874,0.008908844081632655,0.013149645714285712,0.013906599880976,0.010149153739337433,0.017245260464193612,0.5454366197183099,0.368112676056338,0.5238028169014086,0.10837947686116706,0.1277730382293762,0.019397183098591397,35,71,0.45382400187383537,0.8588732394366192,67.84905660377359,106,33
282,282.0,0.43519444444444444,0.4988611111111111,0.5522777777777779,0.4789285714285714,0.48559999999999987,0.5335571428571427,0.012705934413580247,0.008475786265432097,0.011040145061728394,0.014000923469387756,0.010292897142857143,0.017057532448979583,0.5463857142857141,0.3672,0.5304285714285716,0.1111912698412697,0.13166111111111106,0.021849206349206285,36,70,0.44939290201348414,0.8589999999999997,68.62264150943396,106,35
283,283.0,0.43834285714285715,0.4868857142857143,0.5512285714285715,0.4792162162162162,0.4850945945945945,0.531864864864865,0.013929596734693878,0.009570615510204081,0.011178804897959181,0.013438493791088385,0.010264112673484295,0.016894035792549306,0.5423243243243243,0.3613243243243243,0.5268918918918919,0.10398146718146717,0.12556138996139,0.024336679536679617,35,74,0.443227238661074,0.8255405405405402,66.95412844036697,109,35
284,284.0,0.44170588235294117,0.4869705882352941,0.5590294117647058,0.47864864864864864,0.4882567567567568,0.5359189189189189,0.0138819723183391,0.009982087370242214,0.010656793252595154,0.013439768444119796,0.009681163805697588,0.01679761504747991,0.5391486486486486,0.3661891891891892,0.5335675675675675,0.09744276629570747,0.12078139904610491,0.02546184419713826,34,74,0.44024666240267224,0.8208108108108103,66.60185185185185,108,32
285,285.0,0.43640625,0.4855625,0.5701875000000001,0.47806849315068495,0.48778082191780825,0.532958904109589,0.014017866210937499,0.01068499609375,0.00942465234375,0.013065050103208856,0.009623760180146367,0.016660614749483955,0.5454931506849315,0.36158904109589035,0.5322191780821918,0.10908690068493154,0.12397345890410966,0.0379683219178083,32,73,0.4440003469179392,0.847534246575342,65.2,105,30
286,286.0,0.4447878787878788,0.47584848484848485,0.5762727272727273,0.4763611111111111,0.4861805555555555,0.5293194444444445,0.015065439853076217,0.008659401285583103,0.007591107438016528,0.013508702932098764,0.009775897955246911,0.016496578510802464,0.5334861111111111,0.36544444444444446,0.5270277777777778,0.08869823232323232,0.1104040404040404,0.04924494949494951,33,72,0.47615320935011923,0.8322222222222219,64.9047619047619,105,30
287,287.0,0.44254838709677424,0.48293548387096774,0.5727096774193547,0.4729600000000001,0.4852533333333332,0.53172,0.014938505723204992,0.008386189386056191,0.007432270551508844,0.013268971733333336,0.009586002488888887,0.016028681599999997,0.5296000000000001,0.3661866666666667,0.5279466666666667,0.08705161290322583,0.11674881720430103,0.04476301075268807,31,75,0.475932637205315,0.8523999999999996,65.66037735849056,106,26
288,288.0,0.44254838709677424,0.48293548387096774,0.5727096774193547,0.4765526315789475,0.4823421052631578,0.5337763157894737,0.014938505723204992,0.008386189386056191,0.007432270551508844,0.01406240512465374,0.010095514542936288,0.016134910491689754,0.5317368421052633,0.3638289473684211,0.5294736842105262,0.08918845500848904,0.11910653650254666,0.04323599320882854,31,76,0.4245403353695662,0.8694736842105257,66.1214953271028,107,27
289,289.0,0.4388620689655172,0.48993103448275865,0.5726206896551724,0.4818800000000001,0.47996,0.53456,0.011799222354340071,0.008155995243757432,0.0078265112960761,0.013605225600000003,0.009854625066666668,0.016914566399999997,0.5379333333333334,0.3592,0.5383599999999998,0.09907126436781616,0.13073103448275863,0.034260689655172594,29,75,0.44212778465672975,0.8395999999999997,65.39423076923077,104,31
290,290.0,0.43534482758620685,0.49148275862068974,0.568,0.4818800000000001,0.47996,0.53456,0.012060225921521995,0.008102594530321045,0.00869806896551724,0.013605225600000003,0.009854625066666668,0.016914566399999997,0.5379333333333334,0.3592,0.5383599999999998,0.10258850574712652,0.13228275862068972,0.02964000000000011,29,75,0.43808254029246113,0.8435999999999996,66.60576923076923,104,33
291,291.0,0.43837931034482763,0.49151724137931035,0.5601379310344827,0.4768831168831168,0.4826103896103896,0.5355064935064935,0.01170906302021403,0.008099491082045185,0.008353222354340072,0.01370163568898634,0.010232289762185865,0.016839626581211,0.540051948051948,0.36512987012987014,0.5454935064935064,0.10167263770712037,0.12638737124944022,0.014644424540976364,29,77,0.40066841307515766,0.8287012987012984,66.86792452830188,106,35
292,292.0,0.4415172413793103,0.4971379310344827,0.5572413793103448,0.47642307692307684,0.48115384615384615,0.5404615384615383,0.01202631866825208,0.009989980975029728,0.008050183115338881,0.013545244082840236,0.010183848126232738,0.015740299802761343,0.5354102564102564,0.3676153846153846,0.5606153846153846,0.0938930150309461,0.1295225464190981,0.00337400530503984,29,78,0.3864591879574131,0.8530769230769224,66.90654205607477,107,32
293,293.0,0.43968965517241376,0.4971724137931035,0.554103448275862,0.4751139240506328,0.48363291139240505,0.5382405063291138,0.011986489892984543,0.009988418549346017,0.007875541022592152,0.013440759173209419,0.010235371575068097,0.01574810671366768,0.5339367088607594,0.3643544303797468,0.5568101265822785,0.09424705368834563,0.1328179834133567,0.0027066783064164657,29,79,0.38904782621493406,0.8481012658227842,67.87962962962963,108,31
294,294.0,0.43325,0.49917857142857136,0.5610714285714286,0.476051282051282,0.4829358974358975,0.5382051282051281,0.011481473214285715,0.010213432397959183,0.005355066326530613,0.013663202498356345,0.010229547172912554,0.015279752794214332,0.5325384615384615,0.3643461538461538,0.5601538461538461,0.09928846153846149,0.13483241758241754,0.000917582417582441,28,78,0.4123636069049403,0.8492307692307688,67.4245283018868,106,30
295,295.0,0.43603333333333333,0.5069,0.5435333333333333,0.4803717948717949,0.48587179487179494,0.5346282051282051,0.010399298888888887,0.01074629,0.008310582222222222,0.013752002794214334,0.010624598948060488,0.014427618178829715,0.5378205128205128,0.3636923076923077,0.563,0.10178717948717947,0.1432076923076923,0.019466666666666632,30,78,0.43572395618348564,0.8425641025641022,67.42592592592592,108,28
296,296.0,0.43643750000000003,0.50759375,0.54528125,0.4823797468354431,0.48405063291139244,0.5312531645569621,0.00994430859375,0.0101499287109375,0.009427014648437499,0.01307393174170806,0.010357161993270308,0.014412720717833682,0.5465443037974682,0.37046835443037973,0.5519240506329114,0.11010680379746818,0.13712539556962022,0.006642800632911339,32,79,0.4463779801983691,0.8489873417721513,67.05405405405405,111,25
297,297.0,0.43741176470588233,0.5078235294117647,0.5427941176470589,0.4805844155844157,0.48653246753246754,0.53287012987013,0.009403006920415223,0.009934910034602076,0.009011222318339101,0.013113671445437682,0.010382352841963231,0.014563697419463652,0.5506103896103897,0.37335064935064943,0.5522337662337662,0.11319862490450733,0.13447288006111524,0.009439648586707317,34,77,0.41772141400873036,0.8409090909090905,67.28828828828829,111,29
298,298.0,0.43731428571428577,0.5040857142857142,0.5389714285714285,0.47777499999999995,0.48735,0.531775,0.009143929795918368,0.009936364081632653,0.009062427755102041,0.013220324375,0.0101014775,0.014286099375,0.5395000000000001,0.3714625,0.5499125,0.10218571428571432,0.13262321428571427,0.01094107142857148,35,80,0.388006521028785,0.8219999999999995,67.01739130434783,115,30
299,299.0,0.43908823529411767,0.5098823529411763,0.5395588235294118,0.4754698795180723,0.48738554216867463,0.5279277108433735,0.007020315743944637,0.008444809688581315,0.009522775951557092,0.012895333430105968,0.009847827260850631,0.014252211641747713,0.5376506024096387,0.370566265060241,0.5343855421686747,0.09856236711552102,0.13931608788093536,0.005173281360737025,34,83,0.39092404335623177,0.8001204819277102,67.31623931623932,117,31
300,300.0,0.43696875,0.50128125,0.5408437500000001,0.47008641975308646,0.49037037037037035,0.5320246913580247,0.0064026552734375,0.0077379521484374995,0.0095886318359375,0.01385449870446578,0.009946578875171466,0.013977925316262761,0.5335432098765432,0.3770864197530864,0.5479382716049384,0.09657445987654323,0.12419483024691363,0.007094521604938286,32,81,0.4481439510171013,0.8016049382716043,68.14159292035399,113,30
301,301.0,0.42434482758620695,0.5011724137931034,0.5351724137931033,0.4693411764705883,0.49132941176470585,0.5321999999999999,0.005006501783590963,0.008238280618311535,0.009798970273483946,0.013280154186851209,0.009933256193771629,0.01380587764705882,0.5369529411764705,0.36939999999999995,0.5552705882352941,0.11260811359026357,0.13177241379310345,0.020098174442190753,29,85,0.4782629008891715,0.8221176470588228,69.36842105263158,114,23
302,302.0,0.427448275862069,0.49706896551724133,0.5328620689655171,0.4699883720930233,0.4916860465116279,0.5335697674418604,0.0053414887039239,0.007422546967895362,0.010328394768133175,0.013161337074094103,0.009828564223904815,0.013804826527852893,0.5354883720930231,0.3671046511627907,0.5586162790697674,0.10804009623095412,0.12996431435445066,0.025754210104250275,29,86,0.4766457976599182,0.8131395348837204,69.24347826086957,115,25
303,303.0,0.4273214285714286,0.49942857142857144,0.5348571428571428,0.47228571428571425,0.4933214285714286,0.5343333333333332,0.005531789540816327,0.007526173469387753,0.010581836734693878,0.01321603741496599,0.009946051445578231,0.014107960317460316,0.5416547619047619,0.36639285714285713,0.5483809523809523,0.11433333333333334,0.1330357142857143,0.013523809523809494,28,84,0.4484881891624192,0.8441666666666663,69.36607142857143,112,25
304,304.0,0.42876923076923074,0.5024230769230769,0.537923076923077,0.4718117647058823,0.4940235294117647,0.535435294117647,0.005856408284023669,0.007978628698224853,0.010668532544378698,0.013079423391003465,0.009870446505190311,0.014043986989619376,0.5428352941176471,0.36598823529411767,0.5536941176470588,0.11406606334841635,0.1364348416289592,0.015771040723981833,26,85,0.46767963524767786,0.8574117647058821,70.35135135135135,111,24
305,305.0,0.42755999999999994,0.5023200000000001,0.5347999999999999,0.47978409090909097,0.48704545454545456,0.536784090909091,0.006052646400000001,0.0082974976,0.01084168,0.014479669292355373,0.010923816115702478,0.014250942019628099,0.5452159090909091,0.36023863636363634,0.5508977272727272,0.11765590909090917,0.14208136363636376,0.01609772727272729,25,88,0.42242084201388863,0.8367045454545451,69.61946902654867,113,27
306,306.0,0.43464285714285705,0.4979285714285715,0.5201428571428571,0.476546511627907,0.4901976744186045,0.5384534883720931,0.005853943877551021,0.007896352040816325,0.011568122448979593,0.013879643185505677,0.010740646971335858,0.01434901527852893,0.5417209302325582,0.36453488372093024,0.557360465116279,0.10707807308970113,0.13339368770764126,0.037217607973421885,28,86,0.44695056471324174,0.8533720930232553,69.41228070175438,114,20
307,307.0,0.4381,0.5058666666666667,0.5157999999999999,0.48096590909090914,0.49061363636363625,0.5383522727272727,0.0056743566666666665,0.008700382222222221,0.011173026666666667,0.013906873837809919,0.011038759814049587,0.014737909994834708,0.5439659090909091,0.36529545454545453,0.5416704545454546,0.10586590909090915,0.14057121212121215,0.02587045454545467,30,88,0.45626374916668727,0.8068181818181815,69.16949152542372,118,21
308,308.0,0.43793333333333334,0.5146666666666666,0.5214,0.48101136363636365,0.4910340909090909,0.5364090909090908,0.005670195555555557,0.010948488888888887,0.009811106666666665,0.013902874870867771,0.010945987474173554,0.014842378099173553,0.5485454545454546,0.36240909090909096,0.5355113636363636,0.11061212121212122,0.15225757575757565,0.014111363636363672,30,88,0.42893641471775756,0.8068181818181812,69.69491525423729,118,22
309,309.0,0.43687096774193546,0.5080645161290323,0.5166774193548387,0.481325581395349,0.48954651162790697,0.5375697674418605,0.005521144640998959,0.011902963579604577,0.01016370239334027,0.013577149810708492,0.010865945511087076,0.015040314899945917,0.548093023255814,0.36303488372093023,0.5375930232558139,0.11122205551387854,0.14502963240810202,0.020915603900975244,31,86,0.3931835495700562,0.8062790697674415,69.88888888888889,117,22
310,310.0,0.43720588235294117,0.5103235294117647,0.5107941176470588,0.4766666666666667,0.4903571428571428,0.5317142857142858,0.005372222318339101,0.01249657179930796,0.00991592820069204,0.01368598412698413,0.010967539115646257,0.014980894557823128,0.5479642857142858,0.3689523809523809,0.5193928571428571,0.11075840336134463,0.1413711484593838,0.008598739495798258,34,84,0.3888322407755336,0.8016666666666664,69.46610169491525,118,21
311,311.0,0.43915625,0.505,0.50846875,0.4759166666666667,0.4907142857142857,0.5333214285714286,0.0056428818359375,0.013311375,0.0089844990234375,0.01382667162698413,0.011035727891156462,0.014643337159863944,0.5404642857142857,0.36498809523809517,0.5219404761904762,0.1013080357142857,0.14001190476190484,0.013471726190476208,32,84,0.41369816947729854,0.8042857142857138,69.66379310344827,116,21
312,312.0,0.4430333333333333,0.5042333333333334,0.5042666666666666,0.4759166666666667,0.4907142857142857,0.5333214285714286,0.005649498888888888,0.014074578888888887,0.00922612888888889,0.01382667162698413,0.011035727891156462,0.014643337159863944,0.5404642857142857,0.36498809523809517,0.5219404761904762,0.09743095238095245,0.13924523809523826,0.01767380952380959,30,84,0.404626701397655,0.8021428571428566,70.07894736842105,114,24
313,313.0,0.44029999999999997,0.5017333333333334,0.4895666666666666,0.4756506024096385,0.4933855421686747,0.5356144578313252,0.005565676666666667,0.01435199555555555,0.00882677888888889,0.013987311656263608,0.010569297140368703,0.014378092321091593,0.5408072289156627,0.3693855421686747,0.5257710843373495,0.10050722891566272,0.13234779116465867,0.03620441767068294,30,83,0.43252795410355244,0.815060240963855,71.31858407079646,113,22
314,314.0,0.44569999999999993,0.4897,0.49770000000000003,0.47531764705882346,0.4900352941176471,0.5328588235294117,0.006354076666666667,0.015753076666666664,0.009255676666666665,0.013969346159169548,0.010502575224913494,0.01454776830449827,0.5359882352941175,0.3623411764705882,0.5224588235294119,0.09028823529411761,0.1273588235294118,0.024758823529411833,30,85,0.42957300397302844,0.7958823529411758,72.0695652173913,115,22
315,315.0,0.44444827586206903,0.47648275862068956,0.507551724137931,0.47588764044943827,0.48698876404494373,0.5363595505617977,0.006588454221165279,0.014509215219976217,0.010828799048751487,0.013363785128140388,0.010409876278247696,0.014230095442494635,0.5443258426966292,0.3584044943820225,0.5392022471910113,0.09987756683456017,0.11807826423866707,0.03165052305308025,29,89,0.47088253380528733,0.7522471910112355,70.2542372881356,118,24
316,316.0,0.4500909090909091,0.4787878787878788,0.5180606060606061,0.4751818181818182,0.48844318181818186,0.5358977272727273,0.007635052341597796,0.012805682277318639,0.011071996326905418,0.01347130785123967,0.010339905862603306,0.014372819085743803,0.5438977272727272,0.35970454545454544,0.5439886363636364,0.09380681818181813,0.11908333333333337,0.02592803030303026,33,88,0.45892134539911206,0.7352272727272723,70.43801652892562,121,25
317,317.0,0.45206250000000003,0.47653125,0.521375,0.4726444444444445,0.48911111111111116,0.5360111111111112,0.00774537109375,0.013037811523437498,0.011055484375,0.014922984691358027,0.01014420987654321,0.01410101098765432,0.5377444444444445,0.35765555555555556,0.5477777777777778,0.08568194444444444,0.11887569444444446,0.026402777777777775,32,90,0.417488098483771,0.7415555555555551,70.68852459016394,122,26
318,318.0,0.4518333333333333,0.47946666666666676,0.5169,0.4711397849462366,0.48868817204301074,0.5417526881720429,0.0077735388888888896,0.012925382222222222,0.010961690000000001,0.01458773314834085,0.009963139322465026,0.014196723783096311,0.5208817204301076,0.35239784946236563,0.5615376344086022,0.0690483870967743,0.12706881720430113,0.044637634408602134,30,93,0.39561055182673394,0.70763440860215,70.95121951219512,123,31
319,319.0,0.45624137931034486,0.47337931034482766,0.5116206896551724,0.4686888888888888,0.49302222222222214,0.5422444444444444,0.0062474244946492275,0.012637407847800238,0.010649752675386445,0.014210569876543209,0.009462443950617285,0.013983095802469137,0.5152,0.3459777777777778,0.5627111111111112,0.05895862068965513,0.1274015325670499,0.051090421455938784,29,90,0.3985414504182793,0.7219999999999994,70.3781512605042,119,27
320,320.0,0.45624137931034486,0.47337931034482766,0.5116206896551724,0.46753333333333347,0.49399999999999994,0.5412555555555556,0.0062474244946492275,0.012637407847800238,0.010649752675386445,0.014569048888888887,0.009635488888888887,0.013938101358024693,0.5159222222222222,0.3471444444444445,0.5623888888888889,0.05968084291187731,0.1262348659003832,0.05076819923371656,29,90,0.36525070735524795,0.7371111111111105,71.3109243697479,119,28
321,321.0,0.46613793103448276,0.4681724137931036,0.5113103448275862,0.4679431818181818,0.4936818181818182,0.5428977272727273,0.008945429250891796,0.013827453032104638,0.01055786920332937,0.014672099044421488,0.009653353305785123,0.014118159994834711,0.5182954545454546,0.3467954545454546,0.5678295454545454,0.052157523510971804,0.12137695924764902,0.056519200626959254,29,88,0.3796960541014412,0.752045454545454,71.48717948717949,117,27
322,322.0,0.46625,0.45835714285714285,0.5162142857142856,0.46749411764705884,0.49399999999999994,0.5503764705882354,0.009262687500000002,0.01220944387755102,0.010191811224489795,0.014655591141868513,0.009742047058823528,0.0143033876816609,0.5197411764705883,0.3469294117647059,0.5814941176470588,0.053491176470588264,0.11142773109243698,0.0652798319327732,28,85,0.4022877186527129,0.7507058823529409,70.53097345132744,113,26
323,323.0,0.47214285714285714,0.46014285714285713,0.5023571428571428,0.47061627906976744,0.49315116279069754,0.5513139534883721,0.009517336734693876,0.012279265306122448,0.010458801020408165,0.01560760857220119,0.009947174824229313,0.014238006084369929,0.5173023255813954,0.3493255813953489,0.5805232558139536,0.0451594684385383,0.11081727574750821,0.07816611295681075,28,86,0.3933348925528807,0.7506976744186041,69.02631578947368,114,24
324,324.0,0.47282142857142856,0.46496428571428566,0.5012857142857142,0.4718045977011494,0.4929540229885056,0.5533218390804597,0.009438646683673469,0.011459105867346938,0.010762704081632653,0.01554965147311402,0.00983618179416039,0.014421068833399397,0.5201379310344829,0.3472298850574713,0.5851149425287356,0.047316502463054355,0.11773440065681434,0.08382922824302141,28,87,0.4225301719379529,0.7478160919540225,70.02608695652174,115,23
325,325.0,0.4706428571428572,0.4680357142857143,0.5103928571428572,0.47202272727272726,0.49305681818181823,0.5505340909090909,0.009814372448979591,0.01137617729591837,0.009153667091836735,0.015377090392561986,0.00972532631714876,0.0149333170196281,0.5208409090909091,0.34460227272727273,0.5805,0.05019805194805188,0.12343344155844155,0.07010714285714281,28,88,0.4120017355269372,0.7417045454545449,69.83620689655173,116,24
326,326.0,0.4692857142857143,0.46732142857142867,0.5126071428571428,0.4706235294117647,0.49032941176470585,0.5528,0.009749132653061226,0.011468575255102042,0.00936845280612245,0.01579743474048443,0.009803162076124567,0.014990018823529414,0.5220823529411766,0.34390588235294123,0.5811882352941176,0.05279663865546225,0.12341554621848744,0.06858109243697474,28,85,0.410249581488401,0.7516470588235288,69.26548672566372,113,22
327,327.0,0.47325925925925927,0.46733333333333343,0.517,0.46638823529411766,0.4913529411764706,0.5541882352941175,0.009668117969821675,0.011893333333333332,0.009175111111111111,0.016174425743944638,0.009855687197231833,0.014730435155709345,0.5184235294117648,0.344764705882353,0.5857529411764705,0.04516427015250557,0.12256862745098046,0.06875294117647046,27,85,0.39127306145672186,0.7831764705882349,69.34821428571429,112,18
328,328.0,0.4654615384615385,0.4660384615384616,0.5172307692307693,0.4681477272727273,0.4889090909090909,0.5526704545454545,0.008398248520710059,0.01230549852071006,0.009526562130177513,0.015715194085743803,0.009905514462809918,0.014973652763429752,0.5208636363636363,0.3385,0.5872499999999999,0.055402097902097824,0.1275384615384616,0.07001923076923067,26,88,0.36251000424835833,0.7706818181818178,69.49122807017544,114,20
329,329.0,0.4529615384615384,0.4743461538461539,0.518076923076923,0.46747674418604657,0.48954651162790713,0.552453488372093,0.009016036982248522,0.010557687869822484,0.009755609467455621,0.015624249459167116,0.010493340859924283,0.015175805976203351,0.513639534883721,0.344,0.5819418604651163,0.060677996422182634,0.13034615384615394,0.06386493738819332,26,86,0.3770152239608207,0.7834883720930227,68.55357142857143,112,20
330,330.0,0.45008000000000004,0.47712000000000004,0.51424,0.46364444444444447,0.48757777777777783,0.5540111111111111,0.009160793600000001,0.010779945599999998,0.0097630624,0.015914740246913583,0.010262732839506173,0.01471821098765432,0.502788888888889,0.35406666666666664,0.5754,0.052708888888888916,0.1230533333333334,0.06115999999999999,25,90,0.4150681922750155,0.7595555555555549,68.4695652173913,115,18
331,331.0,0.45065217391304346,0.479304347826087,0.4965217391304348,0.46272413793103456,0.4890459770114942,0.5576091954022989,0.009914139886578448,0.011612646502835536,0.010428162570888471,0.0159635790725327,0.010253722024045448,0.014258398995904345,0.49917241379310356,0.3593908045977011,0.5787011494252874,0.0485202398800601,0.11991354322838588,0.0821794102948526,23,87,0.43531139014578124,0.7787356321839075,67.5909090909091,110,17
332,332.0,0.4548636363636364,0.47913636363636375,0.49490909090909097,0.4630919540229886,0.48701149425287354,0.5570459770114944,0.009956845041322313,0.012139845041322317,0.01084235537190083,0.01594010648698639,0.01033725274144537,0.014356204782666138,0.5007011494252874,0.35943678160919534,0.5782528735632184,0.045837513061651014,0.1196995820271684,0.08334378265412745,22,87,0.401292699326155,0.800804597701149,68.38532110091744,109,18
333,333.0,0.45217391304347837,0.4820869565217393,0.5005652173913044,0.4644534883720931,0.48587209302325585,0.556186046511628,0.009683100189035915,0.011803557655954632,0.01107476748582231,0.01596417806922661,0.010344506895619254,0.014458802595997834,0.5040000000000001,0.3576279069767441,0.5774069767441861,0.051826086956521744,0.12445904954499515,0.07684175935288162,23,86,0.4144982537011834,0.8241860465116279,68.88990825688073,109,16
334,334.0,0.45217391304347837,0.4820869565217393,0.5005652173913044,0.46984090909090914,0.48678409090909097,0.5571363636363637,0.009683100189035915,0.011803557655954632,0.01107476748582231,0.015371088326446281,0.010045237474173553,0.014830299586776858,0.5159772727272727,0.35755681818181817,0.5767500000000001,0.0638033596837943,0.1245301383399211,0.07618478260869566,23,88,0.34308325317362137,0.8218181818181812,69.26126126126127,111,17
335,335.0,0.4479565217391305,0.48217391304347834,0.49699999999999994,0.46925000000000006,0.48705681818181823,0.5533522727272727,0.009949345935727789,0.011808926275992438,0.010467130434782607,0.015444596590909092,0.010047462680785123,0.015053273631198348,0.5148068181818182,0.35357954545454545,0.569875,0.0668502964426877,0.1285943675889329,0.07287500000000008,23,88,0.337404022432979,0.7952272727272723,69.009009009009,111,19
336,336.0,0.44355,0.49050000000000005,0.51185,0.4700454545454546,0.4879431818181818,0.5532954545454545,0.011072747499999999,0.012949149999999998,0.010240827500000002,0.01505379338842975,0.009692303589876035,0.01499966270661157,0.5175340909090909,0.3557613636363636,0.5700795454545454,0.07398409090909086,0.13473863636363642,0.058229545454545395,20,88,0.3989682323828959,0.8122727272727268,68.97222222222223,108,15
337,337.0,0.4629130434782609,0.4839130434782608,0.5219565217391304,0.4695747126436783,0.4876666666666666,0.5525057471264367,0.014082427221172027,0.012325296786389415,0.009914041587901701,0.014956290395032374,0.00981215325670498,0.014901100541683185,0.5153448275862069,0.3545057471264368,0.5632298850574713,0.05243178410794602,0.12940729635182402,0.04127336331834086,23,87,0.43555563547658854,0.7943678160919537,68.9,110,15
338,338.0,0.4678181818181818,0.4833636363636363,0.520909090909091,0.4695747126436783,0.4876666666666666,0.5525057471264367,0.014169148760330581,0.012878595041322315,0.010339446280991735,0.014956290395032374,0.00981215325670498,0.014901100541683185,0.5153448275862069,0.3545057471264368,0.5632298850574713,0.04752664576802512,0.12885788923719949,0.0423207941483803,22,87,0.4313334634883647,0.79735632183908,70.11926605504587,109,18
339,339.0,0.446952380952381,0.49880952380952365,0.5137619047619049,0.46525287356321837,0.4872758620689655,0.5532183908045977,0.010844045351473921,0.012367963718820863,0.01008132426303855,0.01577453375611045,0.009513349187475227,0.014825550006605891,0.5087586206896553,0.3521609195402298,0.5647931034482759,0.06180623973727428,0.14664860426929383,0.05103119868637107,21,87,0.44891002558462034,0.7550574712643673,69.96296296296296,108,21
340,340.0,0.4583636363636364,0.48977272727272714,0.5250454545454546,0.4661046511627907,0.48820930232558146,0.5545116279069767,0.013085685950413223,0.013520721074380165,0.012296770661157029,0.015996698350459707,0.010074374797187669,0.014758017306652244,0.5078372093023257,0.3500697674418604,0.5733372093023257,0.04947357293868926,0.13970295983086672,0.048291754756871086,22,86,0.4097967366314308,0.7846511627906972,70.02777777777777,108,20
341,341.0,0.45415,0.49529999999999996,0.5249,0.4661046511627907,0.48820930232558146,0.5545116279069767,0.014185727499999998,0.013526710000000003,0.013433190000000001,0.015996698350459707,0.010074374797187669,0.014758017306652244,0.5078372093023257,0.3500697674418604,0.5733372093023257,0.05368720930232568,0.14523023255813955,0.048437209302325646,20,86,0.42882844405568077,0.7937209302325577,70.65094339622641,106,22
342,342.0,0.46316666666666667,0.4972777777777778,0.5242222222222223,0.46582142857142855,0.4841666666666667,0.5588333333333333,0.01381547222222222,0.014988311728395064,0.01295572839506173,0.01655914668367347,0.010194805555555556,0.014653853174603174,0.5129285714285713,0.34794047619047613,0.586654761904762,0.04976190476190462,0.14933730158730169,0.0624325396825397,18,84,0.5038719219339518,0.7959523809523806,70.56862745098039,102,22
343,343.0,0.46557142857142864,0.48857142857142855,0.530095238095238,0.4658072289156626,0.48318072289156627,0.5567710843373493,0.012115482993197278,0.014361102040816328,0.012058657596371883,0.016758637538104224,0.010235979387429235,0.014473164465089273,0.5122530120481928,0.34957831325301203,0.5829879518072288,0.04668158347676421,0.13899311531841652,0.05289271371199089,21,83,0.5398226650500294,0.7712048192771079,70.51923076923077,104,24
344,344.0,0.4642000000000001,0.48955000000000004,0.54145,0.46499999999999986,0.4857261904761905,0.5539642857142857,0.012681759999999997,0.015059047500000002,0.0099540475,0.01678407142857143,0.01059219883786848,0.014569224914965989,0.5246071428571428,0.36128571428571427,0.575059523809524,0.060407142857142715,0.12826428571428578,0.03360952380952398,20,84,0.5782621027318469,0.7854761904761899,70.45192307692308,104,21
345,345.0,0.46461904761904776,0.5060476190476191,0.5394285714285714,0.4654117647058822,0.4858235294117647,0.5508588235294117,0.012081378684807256,0.019785378684807252,0.009561768707482992,0.01660085397923876,0.010468380622837371,0.015207909480968859,0.5232,0.36325882352941175,0.568294117647059,0.058580952380952234,0.14278879551820733,0.02886554621848758,21,85,0.5564789485549739,0.7676470588235289,71.23584905660377,106,25
346,346.0,0.45881818181818196,0.5133636363636364,0.5364545454545454,0.46276744186046503,0.4876395348837209,0.5484883720930231,0.012238876033057849,0.020010049586776855,0.009312884297520663,0.017213806381828015,0.010460928204434831,0.01532971498107085,0.5195348837209303,0.3656395348837209,0.5689069767441861,0.060716701902748305,0.14772410147991544,0.032452431289640704,22,86,0.5274727855662978,0.7646511627906972,71.69444444444444,108,25
347,347.0,0.45743478260869574,0.5109565217391304,0.5411304347826087,0.465367816091954,0.487,0.5495172413793104,0.011748854442344043,0.019267519848771265,0.009388982986767486,0.016559060113621352,0.010282068965517241,0.015177766944114148,0.5239310344827587,0.3624597701149425,0.5752758620689655,0.06649625187406294,0.1484967516241879,0.03414542728635683,23,87,0.49896505163827565,0.7555172413793098,71.37272727272727,110,26
348,348.0,0.44434782608695655,0.5196521739130434,0.5367826086956521,0.462,0.48877011494252876,0.5478045977011494,0.013669792060491489,0.018566574669187146,0.009458170132325142,0.0168027816091954,0.010512590831021271,0.014825513542079536,0.5181724137931034,0.3658620689655172,0.5714942528735633,0.07382458770614686,0.1537901049475262,0.03471164417791117,23,87,0.476153097144419,0.7536781609195397,71.26363636363637,110,27
349,349.0,0.44434782608695655,0.5196521739130434,0.5367826086956521,0.46393181818181817,0.48518181818181816,0.5506590909090909,0.013669792060491489,0.018566574669187146,0.009458170132325142,0.017133881714876033,0.010819512396694216,0.014852315599173554,0.5215795454545454,0.3624204545454546,0.574034090909091,0.07723171936758888,0.15723171936758884,0.03725148221343888,23,88,0.4164770473363332,0.747045454545454,71.46846846846847,111,30
350,350.0,0.4441818181818182,0.5082727272727272,0.5393181818181817,0.46195555555555556,0.4854,0.5508222222222222,0.014290512396694216,0.016432198347107435,0.009740216942148763,0.016914798024691362,0.010743195555555557,0.014762923950617284,0.5229111111111111,0.3607444444444444,0.5823111111111111,0.07872929292929293,0.1475282828282828,0.042992929292929416,22,90,0.3896388153454138,0.765555555555555,70.91964285714286,112,27
351,351.0,0.4440869565217391,0.49995652173913036,0.5407391304347826,0.4605402298850575,0.4865402298850576,0.5521149425287355,0.013630775047258977,0.01620830245746692,0.009935758034026467,0.0175646621746598,0.011035903553970144,0.014488515523847272,0.531367816091954,0.3661034482758621,0.5899540229885057,0.08728085957021497,0.13385307346326825,0.04921489255372313,23,87,0.3828719685256886,0.7624137931034478,69.7909090909091,110,29
352,352.0,0.4448636363636363,0.4815454545454545,0.5493181818181818,0.45684705882352944,0.48596470588235297,0.5475764705882353,0.014161935950413219,0.013648429752066116,0.009090035123966942,0.017473376608996543,0.011306645813148788,0.01451876179930796,0.5294705882352942,0.37017647058823533,0.5750941176470589,0.08460695187165795,0.11136898395721917,0.02577593582887705,22,85,0.4167447364204481,0.7867058823529407,68.80373831775701,107,25
353,353.0,0.43917391304347825,0.4820869565217391,0.5549999999999999,0.4620823529411765,0.48299999999999993,0.5484588235294118,0.014258404536862003,0.01306147069943289,0.00940504347826087,0.01616492262975779,0.01107825882352941,0.01443137771626298,0.5320470588235295,0.3692235294117647,0.5784941176470588,0.09287314578005129,0.11286342710997443,0.023494117647058887,23,85,0.3784095879169546,0.7692941176470584,68.67592592592592,108,30
354,354.0,0.4307727272727273,0.4889545454545454,0.5583181818181817,0.4620823529411765,0.48299999999999993,0.5484588235294118,0.01162335743801653,0.01196477066115703,0.006062853305785126,0.01616492262975779,0.01107825882352941,0.01443137771626298,0.5320470588235295,0.3692235294117647,0.5784941176470588,0.10127433155080223,0.11973101604278075,0.020175935828877112,22,85,0.43780640915317387,0.7955294117647055,69.54205607476635,107,26
355,355.0,0.41109523809523807,0.5028095238095237,0.5436190476190476,0.46239024390243905,0.4825487804878048,0.550158536585366,0.007225419501133788,0.010396725623582764,0.007006140589569161,0.016579433075550272,0.011470272010707912,0.01475264559785842,0.5344756097560976,0.370670731707317,0.5785243902439023,0.12338037166085958,0.1321387921022067,0.034905342624854785,21,82,0.540156269508592,0.8154878048780483,68.51456310679612,103,23
356,356.0,0.41865217391304343,0.4963043478260869,0.5408260869565218,0.4595487804878048,0.4816463414634146,0.5483536585365854,0.008689009451795841,0.010113081285444232,0.006549448015122874,0.016763954937537184,0.011280935901249256,0.014883521267102916,0.5301341463414635,0.36934146341463414,0.5679268292682927,0.11148197242842006,0.12696288441145276,0.027100742311770953,23,82,0.5709857749565145,0.8153658536585361,68.20952380952382,105,21
357,357.0,0.42208695652173905,0.4900434782608695,0.538913043478261,0.4589506172839506,0.48103703703703704,0.5468888888888889,0.009253209829867673,0.01169299810964083,0.006434166351606806,0.016941577808260937,0.011389764060356654,0.014891333333333335,0.5271604938271605,0.3719382716049383,0.5625925925925926,0.1050735373054214,0.11810520665593122,0.023679549114331677,23,81,0.5567546314473517,0.8297530864197524,68.11538461538461,104,21
358,358.0,0.4287307692307693,0.485076923076923,0.5382307692307693,0.46256962025316456,0.48068354430379734,0.5488607594936709,0.008610889053254437,0.01069684023668639,0.007073254437869825,0.01632234641884314,0.011621785931741709,0.015052524915878862,0.5263670886075951,0.37183544303797467,0.5574683544303798,0.09763631937682576,0.11324148003894835,0.019237585199610496,26,79,0.5329035605781635,0.8062025316455691,67.29523809523809,105,24
359,359.0,0.43677777777777776,0.48385185185185187,0.5336296296296297,0.4643205128205129,0.47898717948717934,0.5466923076923077,0.0067400246913580245,0.009818941015089164,0.007213936899862827,0.017143115220249843,0.011877679322813937,0.014960187376725841,0.5270641025641027,0.37173076923076925,0.5475384615384616,0.09028632478632498,0.11212108262108261,0.013908831908831965,27,78,0.5026904109746372,0.7889743589743584,66.67619047619047,105,27
360,360.0,0.43882142857142853,0.48110714285714284,0.5355000000000001,0.46331645569620256,0.480645569620253,0.5469367088607595,0.006612075255102043,0.009671667091836736,0.007050750000000001,0.01710925428617209,0.011604026277840088,0.014966565614484858,0.522481012658228,0.3773670886075949,0.5475189873417722,0.08365958408679947,0.10374005424954796,0.012018987341772092,28,79,0.45504621911931176,0.804936708860759,66.89719626168224,107,27
361,361.0,0.43882142857142853,0.48110714285714284,0.5355000000000001,0.4642875,0.48,0.5479125,0.006612075255102043,0.009671667091836736,0.007050750000000001,0.01696987984375,0.011491900000000001,0.014854704843750002,0.5222999999999999,0.37645,0.5431000000000001,0.08347857142857135,0.10465714285714284,0.007600000000000051,28,80,0.42192546794501384,0.8207499999999996,68.06481481481481,108,27
362,362.0,0.4415357142857143,0.4789642857142857,0.5370357142857143,0.4654810126582278,0.4804936708860759,0.5501518987341772,0.00631903443877551,0.008652677295918369,0.006650534438775511,0.017070730652139078,0.011617870213106875,0.014641546547027722,0.5243417721518988,0.3772911392405063,0.5484303797468355,0.0828060578661845,0.1016731464737794,0.011394665461121223,28,79,0.48162549512526126,0.826075949367088,68.89719626168224,107,24
363,363.0,0.439896551724138,0.48220689655172416,0.538103448275862,0.4663658536585367,0.4796829268292682,0.5440609756097561,0.006176368608799048,0.00864871581450654,0.006453127229488705,0.01688769541939322,0.011930167757287329,0.01437976457465794,0.5230487804878049,0.38281707317073166,0.5268536585365854,0.0831522287636669,0.0993898233809925,0.011249789739276594,29,82,0.4416554946279963,0.7957317073170724,68.29729729729729,111,26
364,364.0,0.44606451612903236,0.477741935483871,0.541516129032258,0.46685,0.47906250000000006,0.548675,0.006356640998959418,0.008547610822060353,0.006568572320499479,0.017224652500000003,0.01220663359375,0.013839994375000003,0.5225875,0.38475000000000004,0.536925,0.07652298387096762,0.09299193548387097,0.004591129032258001,31,80,0.4317280134345133,0.8116249999999994,68.28828828828829,111,25
365,365.0,0.4532068965517241,0.4782068965517242,0.5408275862068966,0.4646951219512195,0.4798048780487805,0.5469756097560975,0.0061151985731272285,0.009104577883472057,0.006008142687277051,0.01715228509815586,0.012029303390838785,0.013618828673408684,0.5241951219512195,0.38482926829268294,0.5383658536585366,0.07098822539949545,0.09337762825904128,0.0024617325483600183,29,82,0.4289064566058696,0.7918292682926823,69.11711711711712,111,29
366,366.0,0.4532068965517241,0.4782068965517242,0.5408275862068966,0.46595061728395065,0.4810246913580247,0.5475308641975308,0.0061151985731272285,0.009104577883472057,0.006008142687277051,0.017234787684804145,0.01205580185947264,0.013761681146166745,0.524246913580247,0.3841851851851852,0.543283950617284,0.07104001702852292,0.09402171136653903,0.002456364410387324,29,81,0.41751869507387124,0.7999999999999995,69.81818181818181,110,32
367,367.0,0.4532068965517241,0.4782068965517242,0.5408275862068966,0.46675308641975305,0.47975308641975306,0.5477530864197532,0.0061151985731272285,0.009104577883472057,0.006008142687277051,0.017204531626276484,0.011910556317634506,0.01383072915714068,0.5241481481481481,0.38317283950617287,0.5429259259259259,0.07094125159642406,0.09503405704555135,0.002098339719029285,29,81,0.4181998990591142,0.8190123456790117,70.2090909090909,110,31
368,368.0,0.4532068965517241,0.4782068965517242,0.5408275862068966,0.4646585365853658,0.48103658536585364,0.5484878048780488,0.0061151985731272285,0.009104577883472057,0.006008142687277051,0.017350078524687687,0.011898742563950028,0.013705786436644855,0.5194024390243902,0.38497560975609757,0.5462682926829269,0.06619554247266612,0.09323128679562664,0.005440706476030233,29,82,0.4188811030443571,0.8319512195121946,71.38738738738739,111,29
369,369.0,0.4532068965517241,0.4782068965517242,0.5408275862068966,0.4646585365853658,0.48103658536585364,0.5484878048780488,0.0061151985731272285,0.009104577883472057,0.006008142687277051,0.017350078524687687,0.011898742563950028,0.013705786436644855,0.5194024390243902,0.38497560975609757,0.5462682926829269,0.06619554247266612,0.09323128679562664,0.005440706476030233,29,82,0.39025196220201386,0.8668292682926824,72.38738738738739,111,27
370,370.0,0.44088461538461543,0.48703846153846153,0.5434615384615384,0.46643373493975904,0.4805301204819277,0.5495903614457832,0.005360409763313609,0.008428421597633134,0.00647201775147929,0.017399450428218905,0.011776417767455362,0.013640338220351284,0.5237228915662651,0.38237349397590364,0.5506265060240965,0.08283827618164963,0.10466496756255789,0.007164967562558022,26,83,0.427409936731961,0.8661445783132525,73.43119266055047,109,28
371,371.0,0.43444000000000005,0.48912000000000005,0.54484,0.46689024390243905,0.48059756097560974,0.5483536585365854,0.0054869664,0.009038745599999998,0.006681494400000001,0.017615317221891733,0.011922923408685306,0.013684131023200477,0.526109756097561,0.3841707317073171,0.5463536585365854,0.091669756097561,0.10494926829268297,0.0015136585365853605,25,82,0.4800252153346643,0.8534146341463408,73.57943925233644,107,28
372,372.0,0.42723999999999995,0.4905999999999999,0.5522,0.4699459459459459,0.47801351351351345,0.5511081081081081,0.003929462400000001,0.008777199999999999,0.007071280000000001,0.017727024105186267,0.012799661979547114,0.01300436669101534,0.5191621621621623,0.3944459459459459,0.5499189189189191,0.09192216216216231,0.09615405405405403,0.002281081081080938,25,74,0.5039053637935361,0.8968918918918913,71.33333333333333,99,27
373,373.0,0.4246538461538461,0.4917307692307692,0.5566153846153846,0.4710684931506849,0.4747260273972602,0.5508356164383562,0.003945534023668639,0.008471581360946745,0.007286698224852072,0.01786828297992119,0.012420555075999248,0.013057835991743295,0.5109178082191781,0.3860547945205479,0.5524109589041096,0.08626396206533199,0.10567597471022128,0.004204425711274995,26,73,0.500042779513703,0.9065753424657528,71.12121212121212,99,27
374,374.0,0.4246538461538461,0.4917307692307692,0.5566153846153846,0.46643243243243243,0.4762837837837838,0.5491081081081082,0.003945534023668639,0.008471581360946745,0.007286698224852072,0.019195813002191378,0.012429851899196494,0.013099231555880206,0.5070945945945947,0.3856486486486487,0.552027027027027,0.08244074844074861,0.10608212058212052,0.004588357588357628,26,74,0.467577503336484,0.9239189189189182,72.26,100,27
375,375.0,0.42524999999999996,0.4862142857142856,0.5560357142857143,0.4698630136986301,0.473013698630137,0.548972602739726,0.003794330357142857,0.008262096938775509,0.00802460586734694,0.018587871645712142,0.011808808031525612,0.01327731431788328,0.5114931506849316,0.38469863013698635,0.5502876712328768,0.08624315068493166,0.10151565557729925,0.005748043052837493,28,73,0.44153278236217464,0.9320547945205473,72.14851485148515,101,29
376,376.0,0.4200384615384615,0.4945,0.5534615384615384,0.4698630136986301,0.473013698630137,0.548972602739726,0.003400652366863905,0.007915557692307692,0.008098940828402368,0.018587871645712142,0.011808808031525612,0.01327731431788328,0.5114931506849316,0.38469863013698635,0.5502876712328768,0.09145468914647009,0.10980136986301364,0.003173867228661642,26,73,0.46118755423680063,0.9531506849315062,72.82828282828282,99,28
377,377.0,0.42269230769230776,0.4926923076923077,0.5553846153846155,0.4708082191780822,0.47445205479452063,0.5528219178082192,0.003507520710059171,0.008042443786982247,0.008455005917159765,0.018499333083130048,0.011949097016325764,0.013720776505911053,0.5137534246575343,0.38315068493150684,0.5584931506849315,0.09106111696522651,0.10954162276080087,0.003108535300316073,26,73,0.49501107033291797,0.9479452054794515,73.60606060606061,99,27
378,378.0,0.42068,0.47895999999999994,0.55764,0.4668082191780822,0.4776986301369863,0.5568767123287671,0.003542537599999999,0.0034611584,0.0086609504,0.01805577143929443,0.011619635203602926,0.013527368361793957,0.5106986301369864,0.38720547945205475,0.5663424657534247,0.09001863013698636,0.0917545205479452,0.008702465753424704,25,73,0.47634574170406724,0.9468493150684925,72.68367346938776,98,29
379,379.0,0.41438461538461535,0.4813461538461538,0.5561153846153847,0.4623013698630138,0.479,0.558027397260274,0.004397082840236686,0.0034703801775147936,0.008385948224852073,0.017497416025520737,0.011458657534246575,0.013616081441170954,0.5053561643835617,0.38838356164383564,0.5681506849315069,0.09097154899894633,0.09296259220231817,0.01203530031612221,26,73,0.4737645840660897,0.9610958904109582,72.3030303030303,99,26
380,380.0,0.4103333333333334,0.47988888888888886,0.5582222222222223,0.46077142857142855,0.4767857142857142,0.5569857142857143,0.004541259259259259,0.003389950617283951,0.008016543209876544,0.018104433469387757,0.011297339795918368,0.013250356938775512,0.5065714285714286,0.38682857142857147,0.5791999999999999,0.09623809523809518,0.0930603174603174,0.02097777777777765,27,70,0.46548729091303936,0.9941428571428568,71.91752577319588,97,29
381,381.0,0.40744827586206905,0.4873103448275863,0.5307931034482758,0.46879452054794524,0.47109589041095884,0.5554794520547944,0.0065574887039239,0.004615593341260404,0.010012439952437576,0.018490902983674236,0.010918936010508536,0.014038742728466882,0.5170410958904109,0.37668493150684934,0.5727397260273973,0.10959282002834186,0.11062541332073694,0.04194662257912152,29,73,0.5033625334481847,0.897260273972602,70.09803921568627,102,33
382,382.0,0.40744827586206905,0.4873103448275863,0.5307931034482758,0.46964383561643835,0.47476712328767123,0.5583150684931506,0.0065574887039239,0.004615593341260404,0.010012439952437576,0.01846165396884969,0.01077993206980672,0.013429667855132296,0.5234246575342466,0.38553424657534247,0.5751917808219179,0.11597638167217755,0.10177609825224382,0.044398677373642115,29,73,0.5047676101952872,0.884383561643835,70.72549019607843,102,35
383,383.0,0.39920689655172414,0.4918620689655172,0.525103448275862,0.4666666666666667,0.4767499999999999,0.5562638888888889,0.007329336504161713,0.0047194982164090364,0.00931202378121284,0.01807102777777778,0.010642631944444444,0.013309055362654322,0.522375,0.38679166666666664,0.5759861111111111,0.12316810344827589,0.10507040229885056,0.050882662835249115,29,72,0.48505683561070834,0.8920833333333328,70.9009900990099,101,37
384,384.0,0.3955172413793104,0.4964137931034483,0.5193793103448275,0.46645833333333336,0.478,0.5544305555555556,0.007011008323424496,0.004527070154577884,0.009532304399524379,0.01808938715277778,0.010559194444444444,0.013251661844135804,0.5319722222222222,0.39715277777777774,0.5682916666666666,0.1364549808429118,0.09926101532567055,0.0489123563218391,29,72,0.4902156098555651,0.8731944444444438,69.94059405940594,101,40
385,385.0,0.3867241379310345,0.502,0.5203793103448277,0.46599999999999997,0.4739154929577463,0.5582957746478874,0.007778130796670632,0.004480068965517242,0.009353545778834722,0.018239183098591547,0.009778837928982343,0.012758630827216828,0.5302816901408451,0.38657746478873234,0.5804507042253519,0.14355755220981065,0.11542253521126766,0.06007139388052429,29,71,0.5168974114583695,0.9042253521126757,69.48,100,37
386,386.0,0.3878148148148149,0.49966666666666665,0.5278518518518519,0.46168918918918916,0.48162162162162164,0.5529594594594596,0.008596299039780523,0.004800074074074072,0.008612274348422499,0.018281727720964206,0.010831397370343315,0.013595606464572684,0.5248918918918919,0.3887432432432432,0.5669189189189189,0.137077077077077,0.11092342342342343,0.039067067067066974,27,74,0.5213904739807981,0.8652702702702697,69.31683168316832,101,41
387,387.0,0.3876923076923078,0.5029230769230769,0.5219615384615385,0.4611643835616439,0.4814520547945206,0.5565616438356165,0.008926520710059173,0.004698378698224851,0.008006729289940827,0.018511781197222743,0.010977644961531243,0.012821643460311505,0.5265342465753424,0.3868219178082191,0.5746849315068493,0.13884193888303464,0.1161011591148578,0.05272339304531082,26,73,0.5142684468850617,0.8758904109589036,70.37373737373737,99,45
388,388.0,0.3927037037037037,0.4942592592592592,0.49944444444444447,0.45904054054054066,0.4840810810810812,0.5564729729729729,0.008911393689986283,0.005223377229080932,0.009016987654320987,0.019035552410518627,0.010768939371804237,0.012720735756026297,0.5191756756756757,0.38849999999999996,0.5639864864864865,0.12647197197197196,0.10575925925925922,0.06454204204204206,27,74,0.6190819927279964,0.8428378378378373,69.75247524752476,101,40
389,389.0,0.3990666666666666,0.48699999999999993,0.5101000000000001,0.4527972972972973,0.4877297297297297,0.5539999999999999,0.008387062222222222,0.005385999999999999,0.009913623333333333,0.018297837289992694,0.010134764791818846,0.012516648648648649,0.5123378378378379,0.39252702702702696,0.5680135135135135,0.1132711711711713,0.09447297297297297,0.05791351351351337,30,74,0.6154697704065029,0.8231081081081075,69.6923076923077,104,40
390,390.0,0.40981818181818186,0.49233333333333335,0.529,0.4547866666666666,0.48736,0.5548266666666666,0.008960573002754822,0.005625676767676767,0.013033030303030303,0.017874461155555556,0.009905750400000001,0.01267734328888889,0.5084799999999999,0.39022666666666667,0.5671866666666667,0.09866181818181807,0.10210666666666668,0.0381866666666667,33,75,0.5858885851650568,0.8255999999999994,69.66666666666667,108,38
391,391.0,0.42085714285714293,0.4816857142857142,0.5401142857142857,0.45563157894736833,0.4882105263157895,0.5575263157894735,0.009532693877551022,0.005777929795918367,0.01269278693877551,0.01769281163434903,0.009829666204986149,0.013057144044321333,0.5052631578947369,0.3889473684210526,0.5728157894736842,0.08440601503759393,0.09273834586466162,0.03270150375939851,35,76,0.5949103146477656,0.8351315789473679,70.17117117117117,111,34
392,392.0,0.4284285714285715,0.4782571428571429,0.5438285714285715,0.4525866666666666,0.49004,0.5556133333333332,0.0090005306122449,0.005770876734693876,0.0129975706122449,0.01722408248888889,0.0097063584,0.012953117155555556,0.5028266666666668,0.39169333333333334,0.57144,0.07439809523809526,0.08656380952380954,0.027611428571428398,35,75,0.598570859900362,0.8838666666666661,71.37272727272727,110,29
393,393.0,0.43188571428571426,0.47680000000000006,0.5427142857142857,0.4518,0.4896266666666666,0.5536266666666666,0.00940392979591837,0.005636902857142857,0.012990375510204082,0.017217306666666668,0.009753753955555555,0.013060873955555555,0.5071066666666667,0.38745333333333337,0.56348,0.07522095238095244,0.08934666666666669,0.020765714285714276,35,75,0.520648941327779,0.8643999999999996,71.25454545454545,110,34
394,394.0,0.42797142857142856,0.47874285714285725,0.5443142857142856,0.449948051948052,0.48889610389610383,0.5516883116883118,0.009235056326530612,0.0056183624489795905,0.012835129795918365,0.016922880418283017,0.010004378815989205,0.012876266486759996,0.5018571428571429,0.39101298701298703,0.5608051948051948,0.07388571428571433,0.08772987012987021,0.01649090909090911,35,77,0.5588372375252304,0.8627272727272721,71.40178571428571,112,30
395,395.0,0.42874999999999996,0.47733333333333344,0.5451388888888888,0.4543875,0.4849625000000001,0.5538875,0.008999743055555558,0.005531833333333333,0.01250239737654321,0.01727021234375,0.01004896109375,0.01281339984375,0.5089750000000001,0.384375,0.5607,0.0802250000000001,0.09295833333333342,0.015561111111111137,36,80,0.5156688111495126,0.8139999999999995,71.3103448275862,116,33
396,396.0,0.42794736842105263,0.4855526315789474,0.5481052631578948,0.4477647058823529,0.4822941176470589,0.5471882352941176,0.00875494459833795,0.00569477354570637,0.012107620498614956,0.017162603460207617,0.009867854671280277,0.013429235155709344,0.5054941176470589,0.3784470588235294,0.5574470588235294,0.07754674922600624,0.10710557275541799,0.009341795665634645,38,85,0.5141414317193048,0.7525882352941173,71.2520325203252,123,35
397,397.0,0.42648717948717957,0.47807692307692323,0.5581538461538462,0.45233333333333337,0.4793928571428571,0.5456666666666666,0.008433019066403683,0.005423968441814594,0.009585360946745562,0.01724276984126984,0.009957000425170068,0.013376341269841274,0.5144642857142857,0.37896428571428564,0.5481428571428573,0.08797710622710614,0.09911263736263759,0.010010989010988958,39,84,0.5020474844557727,0.7699999999999994,71.44715447154472,123,31
398,398.0,0.42823076923076914,0.4771025641025642,0.5589230769230769,0.44824390243902446,0.47979268292682925,0.5433536585365853,0.007838946745562129,0.005282861275476661,0.00948607100591716,0.01625606246281975,0.009721896044021414,0.013443594437834624,0.5148170731707318,0.3789146341463414,0.5451707317073171,0.08658630393996264,0.09818792995622277,0.013752345215759743,39,82,0.5008202351273409,0.7856097560975605,71.94214876033058,121,29
399,399.0,0.4294054054054054,0.48016216216216223,0.5577297297297297,0.4430481927710843,0.4828674698795181,0.5446265060240963,0.008069268078889703,0.0051539737034331625,0.009099224251278307,0.015920961532878503,0.00933093424299608,0.01364370387574394,0.5079277108433736,0.38026506024096385,0.5487108433734939,0.07852230543796823,0.09989710192119838,0.009018886356235822,37,83,0.4841787005417904,0.8090361445783126,72.26666666666667,120,26
400,400.0,0.4294054054054054,0.48016216216216223,0.5577297297297297,0.4449756097560976,0.48343902439024394,0.5446463414634146,0.008069268078889703,0.0051539737034331625,0.009099224251278307,0.01563377989292088,0.00931780725758477,0.0137573749256395,0.5113414634146342,0.37740243902439025,0.5512560975609756,0.08193605800922876,0.10275972313777199,0.006473632168754073,37,82,0.4478325127002313,0.8245121951219505,72.41176470588235,119,27
401,401.0,0.44019512195121946,0.4652926829268293,0.5637073170731707,0.4441686746987953,0.48451807228915666,0.5436987951807228,0.010335913146936347,0.006246548483045806,0.010999914336704343,0.015498814922339963,0.009301020757729712,0.013665246625054433,0.5096867469879518,0.37939759036144577,0.5552048192771084,0.06949162503673234,0.08589509256538352,0.00850249779606227,41,83,0.47200506427476563,0.7677108433734935,73.53225806451613,124,30
402,402.0,0.4396190476190476,0.4659761904761905,0.5651190476190477,0.4445180722891567,0.48138554216867474,0.541855421686747,0.011865664399092974,0.0065233089569160995,0.010848057256235829,0.015195864131223688,0.009041417622296415,0.013980726085063146,0.5074457831325302,0.3693012048192771,0.5485301204819276,0.06782673551348262,0.0966749856569134,0.016588927137120124,42,83,0.4830230719802176,0.7144578313253007,72.08,125,32
403,403.0,0.43697560975609756,0.4673902439024391,0.5627317073170732,0.44277380952380957,0.48259523809523813,0.5452976190476191,0.011861584770969663,0.0065984330755502665,0.010873269482450921,0.0148702464569161,0.009041812358276644,0.01347687570861678,0.5146071428571429,0.3701190476190476,0.5491666666666666,0.07763153310104537,0.09727119628339148,0.013565040650406646,41,84,0.47780021447615656,0.7527380952380948,72.192,125,26
404,404.0,0.4298,0.47442499999999993,0.570225,0.4438433734939759,0.48131325301204825,0.5459277108433735,0.01286141,0.006689594374999999,0.009628874374999999,0.015391192335607491,0.009165588619538392,0.012982476701988682,0.513012048192771,0.37169879518072285,0.553855421686747,0.083212048192771,0.10272620481927708,0.01636957831325303,40,83,0.4833818068905571,0.7306024096385537,71.65040650406505,123,30
405,405.0,0.4286097560975609,0.4790731707317074,0.5624634146341463,0.4406463414634147,0.48297560975609755,0.5440975609756098,0.012477018441403925,0.007111872694824509,0.010823419393218322,0.014194765169541938,0.00901258477096966,0.012930307555026771,0.5220365853658537,0.377609756097561,0.5579390243902439,0.09342682926829282,0.10146341463414643,0.0045243902439023875,41,82,0.48352504110438915,0.728414634146341,70.92682926829268,123,28
406,406.0,0.42139024390243907,0.48497560975609766,0.5613658536585366,0.44219277108433735,0.48060240963855416,0.5484819277108434,0.013545506246281976,0.0076782189173111234,0.010668475907198096,0.015072854405574102,0.009092287705037016,0.013665815938452609,0.5177710843373492,0.3711566265060241,0.5631204819277109,0.09638084043491013,0.11381898325007356,0.0017546282691742743,41,83,0.4842346218801727,0.7231325301204815,71.23387096774194,124,28
407,407.0,0.41885714285714293,0.4838095238095239,0.5593809523809524,0.44086904761904766,0.4800714285714285,0.5472023809523809,0.013486074829931975,0.007551154195011337,0.010575997732426304,0.01486875666099773,0.009014090136054422,0.0138181614229025,0.5182261904761906,0.3705595238095238,0.5574404761904761,0.09936904761904763,0.11325000000000013,0.0019404761904763257,42,84,0.44926461342694957,0.7258333333333329,71.39682539682539,126,28
408,408.0,0.42026315789473684,0.4802105263157895,0.5527894736842106,0.44029268292682916,0.4801707317073171,0.5476219512195122,0.014413088642659283,0.007479692520775623,0.010782587257617729,0.015183158239143364,0.009148629387269482,0.014003186347412256,0.5180000000000001,0.3727560975609756,0.5596951219512195,0.09773684210526329,0.10745442875481387,0.0069056482670089014,38,82,0.46387916466731527,0.7401219512195117,71.13333333333334,120,29
409,409.0,0.4107435897435897,0.4824871794871795,0.5524358974358976,0.4441481481481481,0.4788148148148148,0.5491604938271605,0.016242139381985536,0.0074540959894806025,0.010596861275476658,0.01415170644718793,0.00911081755829904,0.013981961896052433,0.5215802469135803,0.3729629629629629,0.5601358024691359,0.11083665716999058,0.10952421652421662,0.007699905033238252,39,81,0.46723579572446067,0.7395061728395057,71.09166666666667,120,28
410,410.0,0.41218421052631576,0.47852631578947363,0.5464210526315789,0.4461772151898734,0.47536708860759486,0.5460126582278482,0.016658413434903048,0.007825144044321329,0.011718612188365651,0.014119538215029644,0.008819548790257972,0.013790316295465474,0.5274050632911391,0.3708354430379746,0.5551772151898734,0.11522085276482336,0.10769087275149902,0.008756162558294478,38,79,0.45204744770911454,0.7674683544303792,71.58974358974359,117,27
411,411.0,0.41218421052631576,0.47852631578947363,0.5464210526315789,0.44720779220779217,0.4746363636363636,0.543051948051948,0.016658413434903048,0.007825144044321329,0.011718612188365651,0.014437255523697083,0.00880046517119244,0.013792880418283018,0.5326623376623376,0.36929870129870124,0.5492727272727274,0.12047812713602185,0.1092276144907724,0.0028516746411484384,38,77,0.43287238409720286,0.7866233766233762,72.8695652173913,115,30
412,412.0,0.39862162162162157,0.48278378378378367,0.5362702702702702,0.4469480519480519,0.4744285714285714,0.5405064935064935,0.014761262235208182,0.0076547100073046,0.011868899926953981,0.014484568729971328,0.009091543599257883,0.014020743464327879,0.5243766233766233,0.3768051948051948,0.5295974025974026,0.1257550017550017,0.10597858897858886,0.006672867672867566,37,77,0.42807228316220736,0.7881818181818177,72.41228070175438,114,29
413,413.0,0.3881142857142857,0.48805714285714286,0.5428285714285713,0.44882432432432434,0.4730135135135134,0.545,0.014458158367346938,0.007777196734693878,0.012221913469387754,0.014797523192111028,0.009532716033601169,0.01365564864864865,0.5228783783783784,0.36929729729729727,0.5370270270270271,0.13476409266409267,0.11875984555984559,0.005801544401544234,35,74,0.4096021320064788,0.8172972972972968,71.72477064220183,109,29
414,414.0,0.38202941176470584,0.4866176470588236,0.5437647058823529,0.44537333333333334,0.4732133333333332,0.5446933333333334,0.014569146193771629,0.007929294982698962,0.012896591695501732,0.015481513955555552,0.009408567822222219,0.013480532622222225,0.517,0.36832,0.5369733333333334,0.13497058823529418,0.11829764705882362,0.006791372549019514,34,75,0.4208853791428506,0.8193333333333329,72.76146788990826,109,29
415,415.0,0.38202941176470584,0.4866176470588236,0.5437647058823529,0.44537333333333334,0.4732133333333332,0.5446933333333334,0.014569146193771629,0.007929294982698962,0.012896591695501732,0.015481513955555552,0.009408567822222219,0.013480532622222225,0.517,0.36832,0.5369733333333334,0.13497058823529418,0.11829764705882362,0.006791372549019514,34,75,0.3757689375637011,0.8726666666666659,73.76146788990826,109,26
416,416.0,0.3781176470588235,0.4941470588235295,0.5413823529411764,0.4436933333333333,0.4743866666666667,0.54556,0.014166809688581316,0.007306125432525951,0.012263236159169551,0.015782345955555555,0.00946770382222222,0.013202113066666667,0.5182133333333333,0.3678133333333334,0.5377200000000001,0.1400956862745098,0.1263337254901961,0.003662352941176339,34,75,0.3870704318301782,0.8867999999999995,73.1743119266055,109,24
417,417.0,0.3647941176470589,0.4951764705882353,0.5380882352941176,0.44803947368421043,0.46968421052631587,0.5497105263157894,0.010489457612456747,0.006872086505190312,0.011081021626297578,0.01662661686288088,0.008959110803324101,0.01339570567867036,0.5215921052631579,0.3626052631578947,0.5487368421052633,0.15679798761609903,0.13257120743034057,0.010648606811145656,34,76,0.4414631950925139,0.8581578947368416,74.43636363636364,110,25
418,418.0,0.3647941176470589,0.4951764705882353,0.5380882352941176,0.44657534246575337,0.472972602739726,0.5467123287671233,0.010489457612456747,0.006872086505190312,0.011081021626297578,0.014282162131732034,0.008544684180896978,0.013383574779508349,0.522027397260274,0.3675068493150685,0.5459041095890412,0.15723327961321515,0.12766962127316678,0.007815874294923586,34,73,0.39663185497449005,0.9024657534246568,74.19626168224299,107,24
419,419.0,0.361764705882353,0.49641176470588233,0.541,0.4448904109589041,0.47367123287671237,0.5495068493150685,0.01122123875432526,0.006887418685121106,0.010143176470588235,0.014389303058735224,0.009446165884781385,0.013393236254456745,0.524068493150685,0.3649315068493151,0.5405068493150686,0.16230378726833206,0.13148025785656725,0.0004931506849313871,34,73,0.37863776682485273,0.8849315068493147,73.59813084112149,107,26
420,420.0,0.3646969696969697,0.49912121212121213,0.5426363636363636,0.44405405405405407,0.47481081081081083,0.5506486486486487,0.010947302112029385,0.006634409550045914,0.011199504132231404,0.014245915997078158,0.009413315558802045,0.013307417092768444,0.5240405405405406,0.36,0.5364324324324325,0.15934357084357093,0.13912121212121215,0.006203931203931035,33,74,0.40758856135179783,0.8795945945945939,73.72897196261682,107,26
421,421.0,0.35903448275862077,0.5001034482758621,0.5364137931034483,0.4419444444444445,0.47497222222222235,0.5500277777777778,0.009007826397146255,0.005987678953626636,0.011171621878715813,0.014545941358024691,0.009310304783950618,0.01345713811728395,0.5187083333333333,0.3541666666666667,0.5326388888888888,0.15967385057471256,0.14593678160919538,0.0037749042145595046,29,72,0.41055495016646304,0.8587499999999993,71.66336633663366,101,30
422,422.0,0.35514285714285726,0.5036071428571428,0.54125,0.4417,0.47750000000000015,0.5505714285714286,0.008890336734693877,0.0058455242346938776,0.010892330357142859,0.014914809999999999,0.009343135714285715,0.013785273469387753,0.5145,0.35684285714285713,0.5329142857142858,0.1593571428571427,0.14676428571428568,0.008335714285714224,28,70,0.4329772247712076,0.8744285714285709,71.85714285714286,98,31
423,423.0,0.3665161290322581,0.4959677419354838,0.5422258064516129,0.44030434782608696,0.4780579710144928,0.5508115942028986,0.01103599167533819,0.006141708636836628,0.011235916753381892,0.01499461751732829,0.009456750262549884,0.013981022474270112,0.5172898550724637,0.35691304347826086,0.5281594202898551,0.1507737260402056,0.13905469845722296,0.014066386161757816,31,69,0.4183044551067344,0.8457971014492749,72.2,100,35
424,424.0,0.36810344827586206,0.5032413793103447,0.545448275862069,0.4403283582089552,0.4769552238805971,0.5497761194029851,0.011294989298454223,0.005880527942925089,0.010060178359096313,0.014880369792826911,0.008936520383158834,0.014047218534194699,0.5257761194029851,0.3596716417910447,0.5292686567164178,0.15767267112712302,0.14356973751930002,0.016179619145651247,29,67,0.4723108843274732,0.8710447761194027,71.22916666666667,96,31
425,425.0,0.36925,0.5062857142857143,0.5468571428571429,0.44132352941176467,0.47688235294117653,0.5519705882352941,0.011788401785714286,0.0062489183673469385,0.009510622448979591,0.014876042387543253,0.008828486159169549,0.01368611678200692,0.526485294117647,0.3620588235294117,0.5474117647058823,0.15723529411764697,0.14422689075630263,0.000554621848739334,28,68,0.45927297389231075,0.8757352941176467,72.67708333333333,96,32
426,426.0,0.3685517241379311,0.5100344827586207,0.5441034482758621,0.4403043478260869,0.4758695652173913,0.5502028985507246,0.011395557669441144,0.0064269298454221165,0.009394989298454223,0.014731081285444236,0.008770287334593573,0.013700248687250578,0.5254347826086956,0.35827536231884055,0.543463768115942,0.1568830584707645,0.15175912043978018,0.0006396801599201085,29,69,0.4876669897894511,0.900579710144927,72.89795918367346,98,27
427,427.0,0.3685517241379311,0.5100344827586207,0.5441034482758621,0.4416142857142857,0.4750857142857143,0.5522714285714285,0.011395557669441144,0.0064269298454221165,0.009394989298454223,0.01463903693877551,0.008687392653061225,0.013799769183673469,0.5231714285714285,0.3568285714285714,0.5491857142857143,0.15461970443349743,0.15320591133004935,0.005082266009852177,29,70,0.4717110220319444,0.9058571428571423,74.13131313131314,99,28
428,428.0,0.36858620689655175,0.5132758620689656,0.5483103448275862,0.43961971830985913,0.4766901408450704,0.5501126760563381,0.011389966706302022,0.0062735790725327,0.008972558858501782,0.014711334259075576,0.008745227930966078,0.013931621106923229,0.5194788732394365,0.36021126760563377,0.5479718309859155,0.15089266634288478,0.15306459446333182,0.00033851384167071785,29,71,0.47997931459457377,0.9430985915492953,74.49,100,23
429,429.0,0.3651428571428572,0.5092857142857142,0.5441785714285714,0.4372777777777778,0.47987500000000005,0.5493333333333333,0.011452908163265307,0.006035918367346939,0.008797932397959184,0.014896422839506172,0.009343942708333334,0.01378125,0.5123888888888889,0.3624722222222222,0.5473888888888889,0.14724603174603168,0.14681349206349203,0.0032103174603175244,28,72,0.44533635944887046,0.9540277777777774,75.88,100,25
430,430.0,0.37153846153846154,0.5104615384615385,0.5427307692307692,0.4349714285714286,0.48127142857142857,0.5506857142857143,0.01026201775147929,0.006047556213017752,0.008913581360946745,0.015312142040816327,0.009540283469387756,0.013890615510204082,0.4959571428571428,0.36565714285714285,0.5419857142857144,0.12441868131868128,0.14480439560439567,0.0007450549450548349,26,70,0.44163988127224546,0.9352857142857138,74.48958333333333,96,26
431,431.0,0.36963999999999997,0.5084,0.5354800000000001,0.4349714285714286,0.48127142857142857,0.5506857142857143,0.010578790400000003,0.00617896,0.007903209599999999,0.015312142040816327,0.009540283469387756,0.013890615510204082,0.4959571428571428,0.36565714285714285,0.5419857142857144,0.12631714285714285,0.14274285714285712,0.006505714285714337,25,70,0.43232061251405424,0.9652857142857137,76.0,95,26
432,432.0,0.3675172413793103,0.5053103448275862,0.5367241379310345,0.4338028169014085,0.48146478873239434,0.5487042253521126,0.00971880142687277,0.005629455410225923,0.010133717003567183,0.015192073794881971,0.009408530450307479,0.01396981392580837,0.5010845070422535,0.3734225352112676,0.5363943661971833,0.1335672656629432,0.13188780961631857,0.00032977173385118075,29,71,0.4424505377988985,0.9369014084507036,76.14,100,27
433,433.0,0.36541935483870974,0.49738709677419357,0.5404516129032257,0.4343013698630137,0.48115068493150687,0.5444520547945205,0.008544437044745059,0.006495721123829345,0.010920505723204995,0.014835333833739913,0.009338484143366485,0.01431334359166823,0.5044931506849315,0.36569863013698634,0.528013698630137,0.13907379584622176,0.13168846663720724,0.012437914273088713,31,73,0.4673553569252097,0.9027397260273966,74.14423076923077,104,27
434,434.0,0.37087878787878786,0.4997575757575758,0.5496969696969697,0.43318918918918925,0.4815405405405405,0.5445,0.007480470156106521,0.006243092745638201,0.01250984756657484,0.015543558802045289,0.009126464572680789,0.014121709459459458,0.498891891891892,0.36408108108108106,0.5206216216216216,0.12801310401310412,0.13567649467649473,0.029075348075348062,33,74,0.4521296351803912,0.8582432432432427,73.39252336448598,107,30
435,435.0,0.36312500000000003,0.506875,0.553375,0.4342876712328767,0.4799452054794521,0.5483972602739727,0.007410234375000001,0.005228484375,0.012121859375,0.015684999437042598,0.009068133983861889,0.014253472321261023,0.5068219178082192,0.35860273972602735,0.5258493150684932,0.14369691780821914,0.1482722602739726,0.027525684931506755,32,73,0.4477461952687195,0.8610958904109585,72.63809523809523,105,29
436,436.0,0.3605277777777778,0.49697222222222215,0.5528333333333334,0.4371733333333333,0.4779333333333333,0.5516933333333335,0.007001915895061727,0.005462971450617284,0.011045361111111112,0.015614409955555554,0.008978915555555555,0.014552825955555555,0.5092,0.3565733333333333,0.5379466666666667,0.1486722222222222,0.14039888888888885,0.014886666666666715,36,75,0.49664572610499746,0.8302666666666662,72.06306306306307,111,25
437,437.0,0.3721621621621621,0.49394594594594604,0.554810810810811,0.43368918918918925,0.47809459459459447,0.5482837837837838,0.00833883856829803,0.0050223214024835644,0.010650856099342586,0.015408754747991235,0.008762950511322134,0.014394905953250547,0.5026351351351352,0.3581756756756757,0.5348108108108109,0.13047297297297317,0.13577027027027033,0.020000000000000018,37,74,0.5066264646270946,0.8077027027027022,71.47747747747748,111,23
438,438.0,0.3732368421052631,0.4912368421052632,0.5511842105263159,0.4356351351351352,0.4782702702702703,0.5520135135135135,0.00816212811634349,0.005161707063711911,0.010857202908587257,0.015398393900657411,0.008730386413440467,0.013864175493060626,0.5047027027027027,0.358972972972973,0.5438243243243244,0.1314658605974396,0.1322638691322902,0.007359886201991572,38,74,0.5164119784448686,0.7828378378378372,72.26785714285714,112,25
439,439.0,0.3762631578947368,0.49484210526315797,0.5579473684210527,0.4364109589041096,0.47804109589041105,0.5515068493150685,0.008233246537396122,0.005064080332409972,0.010247628808864267,0.015389091386751739,0.00882058735222368,0.013591318446237566,0.5034246575342465,0.3664794520547946,0.5421369863013699,0.12716149963950968,0.12836265320836338,0.015810382119682886,38,73,0.4924162962938682,0.7580821917808215,71.58558558558559,111,27
440,440.0,0.3748378378378378,0.49529729729729743,0.5487027027027028,0.4362222222222222,0.47806944444444455,0.5500138888888889,0.007926676406135865,0.005023019722425128,0.009639668371073776,0.01560022839506173,0.008943036844135801,0.013617374807098764,0.4993333333333333,0.3703888888888889,0.5362222222222222,0.12449549549549549,0.12490840840840856,0.012480480480480671,37,72,0.48611333926356937,0.7712499999999994,71.36697247706422,109,29
441,441.0,0.3799444444444445,0.4945277777777778,0.5520555555555556,0.4323194444444445,0.48115277777777776,0.5466388888888889,0.007181996913580246,0.005140638117283952,0.009491496913580246,0.014747634066358024,0.009617601658950616,0.013400202932098764,0.4970833333333333,0.37429166666666663,0.5342083333333334,0.11713888888888885,0.12023611111111115,0.017847222222222237,36,72,0.4630872904569382,0.7829166666666662,71.95370370370371,108,30
442,442.0,0.3792941176470589,0.48973529411764705,0.5535882352941176,0.43418309859154924,0.48221126760563393,0.5480422535211268,0.007493089965397925,0.00494013581314879,0.009802771626297576,0.014839755207300138,0.009701800436421345,0.012984434834358263,0.5002394366197184,0.3765492957746479,0.542774647887324,0.12094531897265948,0.11318599834299914,0.010813587406793612,34,71,0.4540008523461948,0.798309859154929,72.16190476190476,105,31
443,443.0,0.3822941176470588,0.494235294117647,0.5475,0.43743055555555554,0.48037500000000005,0.5477638888888889,0.00794432525951557,0.005313768166089965,0.008086426470588236,0.014830578510802467,0.009656123263888889,0.012807152584876542,0.5077083333333333,0.3787361111111111,0.5348888888888889,0.12541421568627453,0.11549918300653589,0.012611111111111128,34,72,0.494173739635668,0.7897222222222218,72.35849056603773,106,29
444,444.0,0.3886969696969697,0.49418181818181817,0.5501515151515152,0.43830136986301366,0.4791917808219178,0.5487123287671233,0.009116817263544538,0.005460694214876034,0.008625522497704315,0.014682018765246765,0.009624648151623194,0.012696478889097392,0.509972602739726,0.37502739726027395,0.538027397260274,0.12127563304275629,0.11915442092154421,0.012124117891241126,33,73,0.4770695681076163,0.7763013698630132,74.02830188679245,106,32
445,445.0,0.3886969696969697,0.49418181818181817,0.5501515151515152,0.43823287671232874,0.4818219178082192,0.5521643835616439,0.009116817263544538,0.005460694214876034,0.008625522497704315,0.014695822480765623,0.009816612122349407,0.012458712704072058,0.5071917808219177,0.3729178082191781,0.5506438356164384,0.11849481112494803,0.12126400996264008,0.0004923204649232016,33,73,0.4423937829245437,0.8064383561643831,74.59433962264151,106,32
446,446.0,0.3886969696969697,0.49418181818181817,0.5501515151515152,0.44022857142857147,0.478942857142857,0.5515571428571431,0.009116817263544538,0.005460694214876034,0.008625522497704315,0.014733862040816328,0.009437425306122451,0.012627103877551022,0.5229714285714288,0.3733571428571429,0.5462714285714286,0.13427445887445905,0.12082467532467528,0.003880086580086539,33,70,0.3971119371354105,0.8649999999999995,74.46601941747574,103,29
447,447.0,0.3835161290322581,0.49354838709677423,0.5548387096774193,0.43943478260869573,0.47879710144927534,0.5502173913043478,0.009550894901144644,0.004626312174817899,0.008726264308012485,0.014903289224952742,0.009572712455366516,0.012684459987397607,0.5251304347826087,0.3727971014492754,0.542840579710145,0.14161430575035056,0.12075128564749882,0.01199812996727434,31,69,0.4254718326862152,0.8962318840579705,74.29,100,26
448,448.0,0.37790625,0.49315624999999996,0.5530312500000001,0.43494366197183104,0.4814366197183098,0.5477464788732394,0.0102280224609375,0.0044865068359375,0.008554842773437502,0.015252616544336446,0.009615260067446934,0.012538358262249553,0.5145352112676057,0.37750704225352116,0.5410422535211268,0.1366289612676057,0.1156492077464788,0.011988996478873304,32,71,0.4745465883414993,0.8881690140845065,74.29126213592232,103,22
449,449.0,0.3711290322580646,0.491483870967742,0.5526129032258065,0.4336571428571429,0.4808142857142856,0.5453714285714286,0.009088176899063475,0.0045417336108220605,0.00882520499479709,0.015352996734693878,0.009725122653061224,0.01231697632653061,0.517357142857143,0.37657142857142856,0.5371285714285714,0.14622811059907836,0.11491244239631343,0.015484331797235074,31,70,0.4446136122524223,0.8924285714285708,75.01980198019803,101,26
450,450.0,0.3711290322580646,0.491483870967742,0.5526129032258065,0.4328285714285714,0.47997142857142855,0.5501428571428573,0.009088176899063475,0.0045417336108220605,0.00882520499479709,0.015375570612244899,0.009062999183673467,0.011627636734693877,0.5073571428571428,0.38437142857142853,0.5408428571428571,0.13622811059907824,0.10711244239631346,0.011770046082949404,31,70,0.4382804727963472,0.8967142857142852,75.14851485148515,101,25
451,451.0,0.3670000000000001,0.49358064516129035,0.5585483870967742,0.4328732394366197,0.4801267605633803,0.5496478873239438,0.009240064516129033,0.004700049947970863,0.007919344432882414,0.01515915294584408,0.008937040269787741,0.011481016861733785,0.5112394366197184,0.3926478873239436,0.5352394366197183,0.14423943661971828,0.10093275783734673,0.023308950477055945,31,71,0.4308497558668533,0.8819718309859148,74.46078431372548,102,28
452,452.0,0.36603125000000003,0.48928125,0.5564687500000001,0.4265,0.4828472222222222,0.5460138888888889,0.0089804052734375,0.0051262021484375,0.0078059365234375,0.01628488888888889,0.008696046103395062,0.011790652584876542,0.5019444444444444,0.39820833333333333,0.5325555555555556,0.13591319444444439,0.09107291666666667,0.023913194444444508,32,72,0.41740478473981946,0.9070833333333328,74.15384615384616,104,25
453,453.0,0.3619655172413794,0.49820689655172407,0.5525172413793104,0.42664383561643837,0.4825890410958904,0.5456164383561645,0.00814658501783591,0.0047983709869203325,0.007211835909631391,0.01606329780446613,0.008581721523738036,0.011640510414711955,0.5028356164383562,0.3951643835616438,0.5387671232876712,0.1408700991969768,0.10304251299008027,0.013750118091639174,29,73,0.44000203979542446,0.9180821917808215,75.5,102,24
454,454.0,0.37036666666666673,0.4978333333333333,0.5594,0.4204133333333333,0.48713333333333336,0.5481066666666667,0.008285032222222223,0.005013672222222223,0.006743240000000002,0.017004722488888884,0.008399715555555555,0.010541268622222221,0.4940933333333333,0.3985866666666667,0.53404,0.12372666666666654,0.0992466666666666,0.02536000000000005,30,75,0.48147621565841286,0.888266666666666,75.66666666666667,105,24
455,455.0,0.3715806451612903,0.4917741935483871,0.5586451612903225,0.42521917808219173,0.48101369863013693,0.5507123287671234,0.008361017689906347,0.005098884495317377,0.005849132154006242,0.01770348620754363,0.00757741077125164,0.011599136423343967,0.49530136986301376,0.3962465753424657,0.5375890410958903,0.12372072470172346,0.09552761820592137,0.02105612019443215,31,73,0.4800305470885731,0.8616438356164378,74.75,104,26
456,456.0,0.3782121212121212,0.4927878787878787,0.5753939393939395,0.41958904109589046,0.4786986301369862,0.5507808219178082,0.009611136822773186,0.0047744701561065195,0.006796844811753901,0.018510981797710636,0.00735538862826046,0.011407267029461437,0.4842465753424658,0.38467123287671234,0.5496438356164384,0.10603445413034457,0.10811664591116638,0.025750103777501088,33,73,0.5099010305311574,0.8117808219178078,71.88679245283019,106,26
457,457.0,0.3776176470588236,0.4975,0.5818529411764706,0.4144520547945205,0.4792876712328767,0.5474109589041095,0.009628647923875433,0.004709779411764705,0.006940243079584775,0.017858905235503847,0.00794357477950835,0.012420516044285982,0.4776986301369862,0.3983287671232877,0.5296849315068494,0.1000809830781626,0.09917123287671231,0.05216800966962121,34,73,0.49386671499350426,0.7887671232876707,69.92523364485982,107,27
458,458.0,0.3746285714285715,0.4939142857142857,0.5805999999999999,0.41556338028169015,0.4777042253521126,0.5447464788732395,0.009657319183673468,0.005012364081632653,0.0067953257142857135,0.018267203729418768,0.008073785756794287,0.01248058361436223,0.48119718309859155,0.3976056338028169,0.522380281690141,0.10656861167002007,0.09630865191146881,0.05821971830985895,35,71,0.49810640530907946,0.8523943661971827,69.82075471698113,106,20
459,459.0,0.3735833333333334,0.4963611111111111,0.5804722222222222,0.41878873239436615,0.47929577464788725,0.5461830985915493,0.009427298611111114,0.005082675154320986,0.006607138117283949,0.019159490577266413,0.008376180122991472,0.012849896052370562,0.4851690140845071,0.39829577464788735,0.5303239436619718,0.1115856807511737,0.09806533646322374,0.05014827856025039,36,71,0.496797692157952,0.8284507042253518,69.82242990654206,107,22
460,460.0,0.36534210526315786,0.4916842105263157,0.5775526315789473,0.4183,0.47974285714285714,0.5471142857142858,0.009509119806094184,0.0054991108033241,0.006517089335180053,0.019416238571428573,0.008481648163265304,0.012971901224489794,0.4803142857142857,0.3904142857142857,0.5354142857142858,0.11497218045112784,0.10126992481203001,0.042138345864661475,38,70,0.5354484997253007,0.8178571428571424,69.6574074074074,108,20
461,461.0,0.3602162162162162,0.48975675675675673,0.5749189189189189,0.4143382352941177,0.4800294117647059,0.5487647058823528,0.008767682980277575,0.005506562454346237,0.006429642074506939,0.019841635596885815,0.00867917560553633,0.012552679930795846,0.4678529411764705,0.4013088235294118,0.5256911764705883,0.10763672496025434,0.08844793322734495,0.049227742448330614,37,68,0.5402642069067464,0.8160294117647054,69.37142857142857,105,20
462,462.0,0.3626052631578947,0.4859210526315789,0.5777894736842105,0.4169402985074627,0.47820895522388057,0.5485671641791046,0.008748133656509696,0.0059060200831024924,0.00656532409972299,0.020087309868567608,0.008702224994430833,0.012898872354644689,0.468134328358209,0.403223880597015,0.5264029850746269,0.1055290652003143,0.08269717203456389,0.051386488609583614,38,67,0.5187772304607529,0.7828358208955221,68.32380952380953,105,24
463,463.0,0.36716666666666664,0.49116666666666664,0.5827222222222223,0.41628125000000005,0.4805625,0.54803125,0.00860147222222222,0.0069041944444444454,0.006373089506172839,0.0207752333984375,0.00871746484375,0.0129255615234375,0.4685625,0.409890625,0.52540625,0.10139583333333335,0.08127604166666663,0.05731597222222229,36,64,0.48621516744800186,0.7884374999999996,67.57,100,27
464,464.0,0.36203125,0.4968125,0.582375,0.420140625,0.4805625,0.5485312500000001,0.0088165927734375,0.00720777734375,0.006315546875,0.020630808349609373,0.00871746484375,0.0129892802734375,0.4781875,0.40171875,0.53046875,0.11615624999999996,0.09509374999999998,0.05190624999999993,32,64,0.5104055320933498,0.8140624999999997,67.98958333333333,96,26
465,465.0,0.3569032258064516,0.49338709677419346,0.5810322580645162,0.41478125,0.482578125,0.54578125,0.00825950676378772,0.007064817898022895,0.006461579604578562,0.019151202148437498,0.008382587646484373,0.013199139648437502,0.478171875,0.40025,0.5248593749999999,0.1212686491935484,0.09313709677419346,0.05617288306451629,31,64,0.5234622588148261,0.8237499999999994,68.17894736842105,95,26
466,466.0,0.36016129032258065,0.49441935483870963,0.5781612903225806,0.4130317460317461,0.48160317460317453,0.5435396825396825,0.00796607075962539,0.007238437044745058,0.006318586888657647,0.01925930057949106,0.008454810783572684,0.013087073822121442,0.47634920634920636,0.39871428571428574,0.5213492063492063,0.1161879160266257,0.09570506912442389,0.05681208397337423,31,63,0.568387730935066,0.8426984126984124,68.31914893617021,94,23
467,467.0,0.3666060606060606,0.495030303030303,0.5836060606060606,0.4177903225806452,0.4780806451612903,0.5436129032258064,0.008127450872359963,0.006992211202938477,0.006812662993572084,0.019674843132154004,0.008532364464099895,0.013171688865764825,0.4800806451612904,0.39737096774193553,0.5113870967741936,0.1134745845552298,0.09765933528836745,0.07221896383186699,33,62,0.5442682662717372,0.8045161290322577,68.36842105263158,95,27
468,468.0,0.36951428571428574,0.4991428571428571,0.5788,0.4177903225806452,0.4780806451612903,0.5436129032258064,0.0078088783673469385,0.0069231510204081645,0.006872502857142855,0.019674843132154004,0.008532364464099895,0.013171688865764825,0.4800806451612904,0.39737096774193553,0.5113870967741936,0.11056635944700466,0.10177188940092158,0.0674129032258064,35,62,0.5101115170946869,0.8345161290322575,68.62886597938144,97,26
469,469.0,0.3705405405405406,0.5008648648648648,0.578081081081081,0.416983870967742,0.4773387096774193,0.5436129032258064,0.007406302410518626,0.00699136011687363,0.006659047479912344,0.019683531997918828,0.008586836888657646,0.013171688865764825,0.4803064516129033,0.39479032258064517,0.4976774193548387,0.10976591107236272,0.10607454228421964,0.0804036617262423,37,62,0.5001383829286822,0.8422580645161288,68.60606060606061,99,25
470,470.0,0.36651351351351363,0.5056486486486487,0.5684324324324325,0.4133606557377049,0.4793278688524591,0.5377540983606558,0.00684273630387144,0.006898011687363039,0.005959650840029218,0.01971121418973394,0.008928253157753288,0.012564414942219833,0.48832786885245905,0.38414754098360654,0.4782295081967213,0.12181435533894541,0.12150110766504213,0.09020292423571119,37,61,0.5330857198366615,0.8352459016393439,68.23469387755102,98,23
471,471.0,0.37097368421052646,0.5014473684210526,0.5681052631578948,0.41622033898305083,0.4804237288135593,0.5386101694915254,0.007118709833795013,0.007133773545706372,0.005791041551246537,0.020127798908359668,0.009174752657282388,0.012888237862683139,0.4908813559322034,0.37991525423728806,0.48983050847457626,0.11990767172167693,0.12153211418376458,0.07827475468331851,38,59,0.5385626652521598,0.8228813559322029,67.85567010309278,97,24
472,472.0,0.37710000000000005,0.506625,0.5707,0.41188524590163933,0.4852950819672131,0.5437049180327869,0.007210139999999999,0.007472584375000001,0.005582459999999999,0.019063872077398545,0.008662273582370332,0.013545880139747382,0.48619672131147545,0.38044262295081965,0.49922950819672135,0.10909672131147541,0.12618237704918034,0.07147049180327864,40,61,0.5355799802708997,0.7601639344262292,67.75247524752476,101,27
473,473.0,0.38105,0.5092000000000001,0.5715999999999999,0.4128032786885246,0.48701639344262293,0.544016393442623,0.0074465475,0.0072438599999999995,0.0055299899999999985,0.01907058425154528,0.008408704649287824,0.013460934157484549,0.48155737704918034,0.3879672131147541,0.49649180327868847,0.10050737704918034,0.12123278688524602,0.07510819672131142,40,61,0.541578180522689,0.7581967213114749,69.18811881188118,101,27
474,474.0,0.38105,0.5092000000000001,0.5715999999999999,0.41575000000000006,0.4848333333333333,0.5436833333333334,0.0074465475,0.0072438599999999995,0.0055299899999999985,0.01885875416666666,0.00825813888888889,0.013678516388888892,0.4885666666666666,0.38616666666666666,0.4967333333333333,0.1075166666666666,0.12303333333333344,0.07486666666666658,40,60,0.4957230319944082,0.8256666666666663,69.93,100,26
475,475.0,0.38754054054054055,0.5168648648648648,0.5755945945945945,0.41328571428571437,0.48680952380952375,0.5416825396825398,0.007570140248356466,0.00659244119795471,0.005551214024835645,0.01940839455782313,0.00797894784580499,0.013485835726883345,0.48004761904761895,0.3863015873015873,0.501984126984127,0.0925070785070784,0.1305632775632775,0.07361046761046752,37,63,0.5092314315214479,0.7950793650793647,70.78,100,29
476,476.0,0.38736111111111104,0.5153055555555555,0.5758055555555557,0.41309375,0.48770312499999996,0.543515625,0.007779230709876543,0.006685601080246913,0.005703767746913579,0.0190975224609375,0.007484583740234373,0.013561968505859376,0.483921875,0.3838125,0.49798437500000003,0.09656076388888896,0.13149305555555546,0.07782118055555565,36,64,0.4774227620858755,0.7987499999999995,70.59,100,29
477,477.0,0.38736111111111104,0.5153055555555555,0.5758055555555557,0.41309375,0.48770312499999996,0.543515625,0.007779230709876543,0.006685601080246913,0.005703767746913579,0.0190975224609375,0.007484583740234373,0.013561968505859376,0.483921875,0.3838125,0.49798437500000003,0.09656076388888896,0.13149305555555546,0.07782118055555565,36,64,0.44516661549651537,0.8326562499999997,71.59,100,29
478,478.0,0.38762857142857143,0.5138000000000001,0.5721428571428572,0.41270769230769233,0.48850769230769225,0.5428,0.009039204897959183,0.006427245714285714,0.005542179591836733,0.018813253017751483,0.007410865325443787,0.013386098461538461,0.48983076923076924,0.3912153846153846,0.49250769230769237,0.1022021978021978,0.12258461538461557,0.0796351648351648,35,65,0.46884607662118044,0.8347692307692303,72.05,100,28
479,479.0,0.3872222222222222,0.5146388888888891,0.5644166666666667,0.4116615384615384,0.48963076923076926,0.5438307692307693,0.008668617283950618,0.006156675154320989,0.004650854166666666,0.01839099313609467,0.0074230636686390536,0.013386479053254439,0.49227692307692306,0.3903846153846154,0.4958461538461539,0.10505470085470087,0.1242542735042737,0.0685705128205128,36,65,0.4748591786655927,0.8392307692307689,71.93069306930693,101,26
480,480.0,0.38580555555555557,0.5107222222222221,0.5638888888888889,0.4110615384615385,0.48904615384615385,0.5436615384615385,0.009073823302469137,0.0065105895061728395,0.004663154320987653,0.01837162698224852,0.007473736331360947,0.01334357775147929,0.4916923076923077,0.39124615384615385,0.49503076923076933,0.10588675213675214,0.11947606837606822,0.06885811965811955,36,65,0.5069876512351159,0.8672307692307688,72.10891089108911,101,20
481,481.0,0.3846,0.5099714285714286,0.5667142857142857,0.4114090909090909,0.48971212121212115,0.5460151515151515,0.009280754285714288,0.006676313469387754,0.004509004081632651,0.018034847796143248,0.00734802318640955,0.01320092401285583,0.4947878787878788,0.3872121212121212,0.48863636363636365,0.11018787878787878,0.12275930735930746,0.07807792207792208,35,66,0.5096014233834685,0.8630303030303027,72.20792079207921,101,21
482,482.0,0.3867027027027027,0.5087837837837839,0.5692432432432433,0.4114090909090909,0.48971212121212115,0.5460151515151515,0.008856803506208913,0.007920710007304602,0.005049211102994885,0.018034847796143248,0.00734802318640955,0.01320092401285583,0.4947878787878788,0.3872121212121212,0.48863636363636365,0.1080851760851761,0.12157166257166269,0.08060687960687962,37,66,0.49005371937393405,0.8521212121212116,72.66990291262135,103,24
483,483.0,0.3867105263157895,0.5079210526315789,0.5672368421052632,0.40656249999999994,0.49303125,0.54153125,0.010766047783933518,0.00800728324099723,0.005121180747922437,0.017693277343749998,0.0072123427734375,0.0124962177734375,0.49171875,0.390390625,0.4730625,0.10500822368421048,0.11753042763157895,0.09417434210526315,38,64,0.5089030324238728,0.8784374999999994,72.8921568627451,102,20
484,484.0,0.3822820512820513,0.5064615384615383,0.5618717948717948,0.41116923076923073,0.4919538461538462,0.5437846153846154,0.01020856147271532,0.007828658777120317,0.004565393819855357,0.01756629443786982,0.007366351715976331,0.01049896899408284,0.504353846153846,0.39316923076923077,0.4813692307692307,0.12207179487179476,0.11329230769230753,0.08050256410256412,39,65,0.49842827853584454,0.8647692307692303,71.24038461538461,104,19
485,485.0,0.38946341463414635,0.5071951219512195,0.5681219512195121,0.41617460317460314,0.49298412698412697,0.553793650793651,0.010951858417608568,0.007558254610350981,0.005216838786436644,0.01788931872008063,0.007780872763920381,0.010945465356512972,0.5034285714285714,0.3903650793650794,0.5037301587301588,0.1139651567944251,0.1168300425861401,0.06439179248935334,41,63,0.4538331913858871,0.827460317460317,69.3173076923077,104,21
486,486.0,0.38946341463414635,0.5071951219512195,0.5681219512195121,0.41724193548387095,0.4912903225806452,0.5553709677419357,0.010951858417608568,0.007558254610350981,0.005216838786436644,0.01810608662851197,0.007725625390218521,0.010965265608740896,0.5065967741935483,0.38825806451612904,0.49901612903225806,0.11713335955940196,0.11893705743509048,0.06910582218725408,41,62,0.42011589378664443,0.820322580645161,69.96116504854369,103,26
487,487.0,0.3898461538461539,0.5023333333333333,0.5645384615384617,0.41540625,0.49203125000000003,0.552875,0.011495668639053255,0.007429247863247863,0.005220658777120314,0.0166014912109375,0.0076339052734375,0.010772015624999999,0.49796875000000007,0.39064062499999996,0.48739062499999997,0.10812259615384617,0.11169270833333333,0.07714783653846169,39,64,0.43435922843099706,0.7990624999999996,69.5631067961165,103,26
488,488.0,0.3847380952380952,0.5000238095238095,0.5584285714285715,0.4176153846153846,0.49000000000000005,0.5529384615384616,0.01160505045351474,0.007392261337868481,0.005363197278911564,0.01665842130177515,0.007780523076923077,0.010606550059171597,0.5003538461538461,0.3873538461538461,0.488,0.11561575091575094,0.11266996336996343,0.07042857142857151,42,65,0.419167044046702,0.806307692307692,69.6822429906542,107,24
489,489.0,0.38407692307692315,0.49989743589743596,0.5493076923076923,0.4156875,0.489484375,0.551703125,0.012032122287968442,0.008041784352399736,0.005137546351084812,0.01745674609375,0.007774843505859375,0.010376958740234374,0.49409375,0.391796875,0.481203125,0.11001682692307685,0.10810056089743597,0.06810456730769227,39,64,0.4078952126633496,0.8282812499999996,68.01941747572816,103,22
490,490.0,0.385675,0.499475,0.551175,0.4153174603174603,0.4896031746031746,0.5516984126984128,0.012473819375,0.008096899375,0.004363894374999999,0.01772507382212144,0.00789735046611237,0.010541670949861425,0.4918095238095238,0.3906349206349206,0.474047619047619,0.10613452380952382,0.10884007936507939,0.07712738095238098,40,63,0.422666701949901,0.8276190476190471,67.88349514563107,103,22
491,491.0,0.3860487804878049,0.49868292682926835,0.5483658536585366,0.4148548387096774,0.49,0.5538709677419357,0.011894875669244498,0.008817582391433671,0.004739646638905413,0.017997478928199792,0.008014806451612904,0.010414338189386054,0.4941774193548387,0.38638709677419353,0.480774193548387,0.10812863886703383,0.11229583005507482,0.06759166011014961,41,62,0.4451606685718912,0.8191935483870966,67.3495145631068,103,22
492,492.0,0.38821951219512196,0.49648780487804883,0.5457804878048781,0.4148548387096774,0.49,0.5538709677419357,0.011657683521713267,0.008850883997620466,0.004962366448542534,0.017997478928199792,0.008014806451612904,0.010414338189386054,0.4941774193548387,0.38638709677419353,0.480774193548387,0.10595790715971676,0.1101007081038553,0.06500629425649107,41,62,0.49035881697563105,0.844354838709677,68.00970873786407,103,17
493,493.0,0.3841428571428572,0.49738095238095237,0.5444761904761906,0.41490000000000005,0.49133333333333334,0.5540166666666668,0.012061503401360543,0.008672854875283445,0.004913963718820862,0.018597123333333337,0.007706022222222222,0.010685616388888887,0.49566666666666664,0.3857333333333333,0.49354999999999993,0.11152380952380947,0.11164761904761905,0.050926190476190625,42,60,0.4749488310215589,0.8254999999999996,67.88235294117646,102,21
494,494.0,0.3807857142857143,0.4986428571428571,0.5455,0.41490000000000005,0.49133333333333334,0.5540166666666668,0.01177254931972789,0.00849742006802721,0.005027630952380952,0.018597123333333337,0.007706022222222222,0.010685616388888887,0.49566666666666664,0.3857333333333333,0.49354999999999993,0.11488095238095236,0.11290952380952379,0.05195000000000005,42,60,0.4822138470174325,0.8188333333333327,69.11764705882354,102,23
495,495.0,0.3866744186046511,0.5002790697674417,0.5485348837209302,0.41490000000000005,0.49133333333333334,0.5540166666666668,0.0129551963223364,0.008412247701460249,0.0052975511087074096,0.018597123333333337,0.007706022222222222,0.010685616388888887,0.49566666666666664,0.3857333333333333,0.49354999999999993,0.10899224806201552,0.11454573643410842,0.054984883720930244,43,60,0.4663676193373904,0.862166666666666,70.19417475728156,103,20
496,496.0,0.38873809523809527,0.5111428571428571,0.5496428571428571,0.410984375,0.49178124999999995,0.5544843749999999,0.013537193310657595,0.007330693877551021,0.006513753401360544,0.01815826538085937,0.007946545898437499,0.010122999755859376,0.499046875,0.40323437500000003,0.48884374999999997,0.11030877976190473,0.10790848214285709,0.060799107142857134,42,64,0.4764356656153405,0.8160937499999996,70.58490566037736,106,21
497,497.0,0.3930930232558139,0.5153488372093024,0.5543488372093023,0.41221874999999997,0.49215625,0.5546249999999999,0.012767433207138995,0.007552971335857222,0.006849017847485127,0.017778045898437497,0.0079051005859375,0.010115484374999999,0.5019374999999999,0.38925000000000004,0.50325,0.10884447674418601,0.12609883720930232,0.051098837209302306,43,64,0.4751884349029455,0.8004687499999996,70.2803738317757,107,21
498,498.0,0.393125,0.5103500000000001,0.556925,0.4123939393939393,0.48983333333333334,0.5558636363636363,0.013691709375,0.007281077499999999,0.006969019374999999,0.0172657842056933,0.00789556313131313,0.010100784435261708,0.5069696969696968,0.37974242424242427,0.503560606060606,0.11384469696969685,0.1306075757575758,0.05336439393939396,40,66,0.4684014057356258,0.7992424242424239,71.14150943396227,106,23
499,499.0,0.39775609756097563,0.5111219512195123,0.5536341463414635,0.41058208955223874,0.49064179104477607,0.5548955223880596,0.0125795502676978,0.0074457656157049384,0.007476036882807853,0.017224750723991978,0.007820856760971264,0.010011884606816662,0.502328358208955,0.38191044776119404,0.5025970149253731,0.10457226064797942,0.12921150345831828,0.05103713141609034,41,67,0.4551759931118346,0.7937313432835815,71.64814814814815,108,24
500,500.0,0.40578571428571425,0.5142142857142857,0.5557142857142857,0.41576811594202895,0.488927536231884,0.5562753623188406,0.012158835034013608,0.007439787414965987,0.007229013605442177,0.018158641881957573,0.007849197647553038,0.009826228523419448,0.507159420289855,0.3784347826086957,0.5080289855072464,0.1013737060041407,0.13577950310559006,0.047685300207039316,42,69,0.41064179178064014,0.7715942028985503,70.63963963963964,111,27
501,501.0,0.40672727272727266,0.5118863636363638,0.559409090909091,0.4173098591549296,0.4868732394366197,0.5570140845070422,0.011764789256198345,0.007239464359504133,0.007230787190082646,0.01773877722674072,0.00794070224161873,0.009568605435429478,0.5119577464788732,0.3718028169014085,0.5110704225352113,0.1052304737516005,0.14008354673495527,0.04833866837387968,44,71,0.4639216097834255,0.7501408450704221,71.35652173913043,115,22
502,502.0,0.39943589743589736,0.5110769230769231,0.558923076923077,0.41510958904109585,0.4869041095890412,0.5548630136986302,0.012182758711374093,0.007275096646942802,0.007692019723865877,0.01756667292174892,0.0077403058735222375,0.009473186714205292,0.5077945205479453,0.3684383561643836,0.5108219178082192,0.10835862311204791,0.1426385669125395,0.048101159114857794,39,73,0.5004653847833267,0.7416438356164379,71.52678571428571,112,23
503,503.0,0.397125,0.509775,0.55235,0.41448648648648645,0.48856756756756764,0.5534189189189189,0.012086459375,0.0071593243750000006,0.0091847275,0.01735762819576333,0.007837704894083274,0.009497405588020452,0.5041891891891892,0.373,0.5108378378378379,0.1070641891891892,0.13677499999999998,0.041512162162162136,40,74,0.46937623759019453,0.7517567567567562,71.79824561403508,114,23
504,504.0,0.39695,0.5077999999999999,0.5518500000000001,0.4127066666666666,0.4900133333333334,0.55308,0.0120477975,0.00686026,0.009170827500000001,0.01736060728888889,0.007887879822222223,0.009379273599999998,0.4995333333333334,0.37418666666666667,0.5099733333333333,0.10258333333333336,0.13361333333333325,0.041876666666666784,40,75,0.4758651486409219,0.7813333333333329,71.81739130434782,115,18
505,505.0,0.39495121951219514,0.5076829268292682,0.5542682926829269,0.41641095890410956,0.48920547945205495,0.5533835616438357,0.011913753718024984,0.00669348483045806,0.009181074360499702,0.01699317357853256,0.007797259148057798,0.009615661099643461,0.5050958904109589,0.3785068493150685,0.515876712328767,0.11014467089876379,0.12917607751419968,0.038391580354159904,41,73,0.4488931361695642,0.7876712328767118,71.95614035087719,114,18
506,506.0,0.39465853658536587,0.5049268292682927,0.5548536585365853,0.41730555555555554,0.489125,0.5553750000000001,0.011955200475907198,0.006411287328970852,0.009241295657346818,0.01717076774691358,0.007905081597222221,0.009459706597222221,0.5001666666666665,0.37102777777777773,0.5210277777777778,0.10550813008130067,0.13389905149051495,0.03382588075880755,41,72,0.4448859456782111,0.7926388888888884,72.29203539823008,113,18
507,507.0,0.39565,0.506175,0.553175,0.4149718309859155,0.4901267605633803,0.5522816901408452,0.0122137775,0.006507694375,0.009356794375,0.01702047807974608,0.007944167030351121,0.008904005157706802,0.5018169014084508,0.3719014084507042,0.5148591549295773,0.10616690140845081,0.13427359154929586,0.03831584507042263,40,71,0.4476647764309222,0.8281690140845065,72.84684684684684,111,15
508,508.0,0.38278048780487806,0.5010731707317073,0.5450243902439024,0.4132142857142857,0.4908285714285714,0.5511714285714285,0.012220951814396194,0.0067539702558001204,0.008507438429506246,0.017044311224489798,0.008022684897959183,0.008943684897959183,0.4998285714285714,0.3748,0.5123142857142856,0.11704808362369334,0.1262731707317073,0.03271010452961676,41,70,0.42685540719532367,0.8142857142857137,73.009009009009,111,19
509,509.0,0.3794390243902439,0.5070975609756098,0.5411951219512195,0.4106388888888889,0.48876388888888894,0.5466111111111112,0.012092441403926235,0.007057112433075552,0.008478108268887567,0.016803064043209876,0.007959597029320987,0.00942357098765432,0.5001944444444444,0.3689027777777778,0.5119305555555554,0.12075542005420048,0.13819478319783196,0.029264566395664104,41,72,0.47058158155442653,0.8055555555555549,72.97345132743362,113,15
510,510.0,0.3794390243902439,0.5070975609756098,0.5411951219512195,0.4103472222222222,0.4871666666666667,0.5479722222222222,0.012092441403926235,0.007057112433075552,0.008478108268887567,0.01680830999228395,0.008210249999999999,0.009085221450617282,0.5020416666666666,0.3608611111111111,0.5134722222222222,0.1226026422764227,0.14623644986449869,0.02772289972899733,41,72,0.47039747713045227,0.8226388888888884,73.63716814159292,113,13
511,511.0,0.37968292682926835,0.5041463414634146,0.540609756097561,0.4116285714285714,0.4858857142857142,0.5515285714285714,0.012009240928019036,0.007724807852468769,0.00843935990481856,0.0171510906122449,0.00814435836734694,0.009022134897959184,0.49645714285714276,0.3571,0.5265714285714286,0.11677421602787441,0.14704634146341466,0.014038327526132433,41,70,0.43717521130888504,0.8495714285714282,72.67567567567568,111,12
512,512.0,0.378525,0.5065000000000001,0.537275,0.4066197183098591,0.48270422535211266,0.551718309859155,0.012254499375,0.0076908,0.008194399375000001,0.017546855385836144,0.008542264630033722,0.00891454036897441,0.48807042253521127,0.3528450704225352,0.5169718309859155,0.10954542253521127,0.15365492957746485,0.020303169014084466,40,71,0.4068133874990295,0.8442253521126756,73.41441441441441,111,15
513,513.0,0.3758461538461539,0.5028974358974361,0.5365128205128203,0.4079295774647888,0.4827464788732394,0.5501267605633803,0.011921668639053255,0.008781015121630506,0.008054506245890861,0.017330290815314425,0.00829852727633406,0.009096589565562387,0.49654929577464785,0.35725352112676056,0.5112816901408451,0.12070314192849396,0.1456439147706755,0.02523113037197522,39,71,0.40748448893556416,0.82169014084507,72.99090909090908,110,16
514,514.0,0.37729729729729733,0.4985945945945947,0.5394054054054054,0.40835211267605637,0.48309859154929574,0.549661971830986,0.011940371073776478,0.00840164645726808,0.007672673484295108,0.017126509819480266,0.008310905772664155,0.009200139258083714,0.49621126760563383,0.36054929577464795,0.5111971830985915,0.1189139703083365,0.13804529881994676,0.028208222306813857,37,71,0.405296924519244,0.8445070422535207,72.76851851851852,108,14
515,515.0,0.3801714285714286,0.5048857142857144,0.5464571428571429,0.4036056338028169,0.4863521126760563,0.5501971830985916,0.01173522775510204,0.009003129795918368,0.0074179624489795915,0.01573559095417576,0.008036143622297163,0.009228045625867883,0.4911690140845071,0.3659718309859155,0.5115915492957747,0.11099758551307848,0.13891388329979887,0.0348655935613682,35,71,0.3994815828470523,0.8374647887323939,73.4622641509434,106,18
516,516.0,0.3815,0.5091764705882353,0.5526764705882353,0.4043333333333333,0.4836376811594203,0.5518115942028985,0.011300955882352942,0.007588262975778546,0.007731042387543252,0.015956019323671494,0.007967825246796892,0.009228906532241125,0.48431884057971014,0.35633333333333334,0.5197391304347825,0.10281884057971014,0.152843137254902,0.03293734015345284,34,69,0.444256841118063,0.8228985507246371,73.44660194174757,103,20
517,517.0,0.38339999999999996,0.5053428571428572,0.5517142857142858,0.40399999999999997,0.48245588235294123,0.5481323529411765,0.011101497142857141,0.007463139591836735,0.007392489795918368,0.015869588235294114,0.007980983347750865,0.00974582071799308,0.4842205882352941,0.3640882352941177,0.5090882352941176,0.10082058823529416,0.1412546218487395,0.042626050420168204,35,68,0.4383146194239,0.8054411764705879,72.68932038834951,103,22
518,518.0,0.3843333333333334,0.5018611111111112,0.545388888888889,0.4045294117647059,0.4802205882352941,0.5459411764705883,0.010436611111111112,0.008630008487654321,0.00776645987654321,0.015399455017301037,0.007703613105536331,0.00911540830449827,0.4829705882352941,0.3598382352941176,0.513264705882353,0.09863725490196068,0.14202287581699358,0.03212418300653608,36,68,0.4754647310648058,0.7739705882352936,71.50961538461539,104,22
519,519.0,0.3850857142857143,0.5013714285714286,0.5446285714285715,0.3997727272727273,0.481,0.5461363636363636,0.010714421224489795,0.008867947755102041,0.00796754775510204,0.014910569559228651,0.007798575757575756,0.009370420798898072,0.4798333333333333,0.36583333333333334,0.5081969696969697,0.09474761904761897,0.13553809523809524,0.03643160173160176,35,66,0.46713501694346554,0.7840909090909085,71.46534653465346,101,24
520,520.0,0.39136111111111116,0.49716666666666665,0.5456944444444445,0.3997727272727273,0.481,0.5461363636363636,0.011832341820987656,0.009216805555555556,0.007860989969135803,0.014910569559228651,0.007798575757575756,0.009370420798898072,0.4798333333333333,0.36583333333333334,0.5081969696969697,0.08847222222222212,0.1313333333333333,0.03749747474747478,36,66,0.4916849734887215,0.7807575757575752,71.6078431372549,102,24
521,521.0,0.3921388888888889,0.49438888888888893,0.5443611111111112,0.40044615384615384,0.4826153846153846,0.5467384615384616,0.011921397376543208,0.009937793209876545,0.008023730709876543,0.013264062485207102,0.007576944378698225,0.008982685443786982,0.47432307692307696,0.3670307692307692,0.49350769230769237,0.08218418803418803,0.12735811965811972,0.050853418803418815,36,65,0.48628602845494817,0.7726153846153841,70.72277227722772,101,24
522,522.0,0.3921388888888889,0.49438888888888893,0.5443611111111112,0.39841538461538456,0.4816923076923077,0.5453076923076923,0.011921397376543208,0.009937793209876545,0.008023730709876543,0.013558242840236686,0.007497843786982249,0.008832520710059171,0.4762,0.36375384615384615,0.4924153846153846,0.08406111111111109,0.13063504273504278,0.051945726495726596,36,65,0.4923351618543992,0.7763076923076919,70.83168316831683,101,22
523,523.0,0.39033333333333325,0.49166666666666653,0.5425555555555556,0.4007878787878787,0.48365151515151517,0.5481212121212121,0.012220166666666666,0.009306388888888888,0.008355802469135802,0.013718682277318641,0.007633742194674013,0.009213227731864095,0.4804242424242424,0.37156060606060604,0.49033333333333323,0.09009090909090917,0.1201060606060605,0.052222222222222336,36,66,0.5042293401540031,0.789545454545454,71.2843137254902,102,20
524,524.0,0.3848,0.4897142857142857,0.5341428571428571,0.4000735294117646,0.48461764705882354,0.549264705882353,0.01167261714285714,0.009380775510204083,0.007743551020408165,0.013357626946366783,0.007779912629757783,0.009328459342560554,0.4795735294117647,0.37666176470588236,0.4953823529411764,0.0947735294117647,0.11305252100840335,0.03876050420168076,35,68,0.5342487202520814,0.760147058823529,70.6116504854369,103,22
525,525.0,0.3898235294117647,0.4943529411764706,0.5333235294117646,0.396,0.4855522388059701,0.5465820895522389,0.011132674740484426,0.008903581314878893,0.007947807093425607,0.012720119402985074,0.0076479189128981955,0.009082691022499442,0.48192537313432837,0.379865671641791,0.48637313432835827,0.09210184372256369,0.11448726953467958,0.04695039508340637,34,67,0.4998241629148964,0.7731343283582084,71.4059405940594,101,23
526,526.0,0.382054054054054,0.500945945945946,0.5189459459459459,0.39775,0.48471875,0.548796875,0.011300970051132212,0.008767618699780861,0.009757078159240323,0.012026031250000001,0.0076852646484375006,0.009370599365234374,0.491234375,0.384828125,0.48431250000000003,0.10918032094594599,0.11611782094594597,0.03463344594594586,37,64,0.4746334506632799,0.7532812499999995,70.94059405940594,101,25
527,527.0,0.3820769230769231,0.4984615384615384,0.5204102564102563,0.397625,0.48343749999999996,0.54790625,0.010941455621301775,0.008590145956607495,0.009867165023011177,0.012013453125,0.0077674648437499995,0.009354303710937498,0.491484375,0.38484375000000004,0.47576562499999997,0.10940745192307688,0.11361778846153836,0.04464463141025632,39,64,0.4910799972110915,0.7429687499999995,71.0873786407767,103,24
528,528.0,0.3819230769230769,0.5043333333333333,0.5219230769230768,0.39726153846153844,0.4818461538461538,0.5446,0.01089930177514793,0.007745811965811968,0.009983147928994086,0.011837085443786982,0.0078100378698224854,0.009909993846153846,0.494,0.3802615384615385,0.4730307692307692,0.11207692307692307,0.12407179487179482,0.048892307692307624,39,65,0.4998992501165192,0.7649230769230765,72.24038461538461,104,21
529,529.0,0.3910731707317073,0.5090731707317073,0.5247560975609756,0.4060153846153846,0.4845846153846154,0.5459692307692308,0.011936165377751336,0.0064681653777513394,0.01017335514574658,0.012349922840236687,0.007698950532544377,0.00998464520710059,0.5005692307692309,0.3749846153846154,0.4884923076923077,0.1094960600375236,0.1340885553470919,0.036263789868667906,41,65,0.5016905828617405,0.7221538461538457,70.84905660377359,106,23
530,530.0,0.39921951219512203,0.5100000000000001,0.5266585365853659,0.4060307692307692,0.49093846153846155,0.5406000000000001,0.010988805472932779,0.006493121951219512,0.010098371207614516,0.01242039905325444,0.00718528852071006,0.009466670769230768,0.5070461538461538,0.37087692307692305,0.47292307692307695,0.10782664165103178,0.13912307692307707,0.05373545966228893,41,65,0.47861940682420145,0.741538461538461,71.09433962264151,106,21
531,531.0,0.40415,0.513075,0.531025,0.403640625,0.4929843749999999,0.5403437500000001,0.0106080775,0.0064119693750000015,0.010529274375,0.012243136474609376,0.007025484130859374,0.0096103193359375,0.504765625,0.37390625,0.472078125,0.10061562499999999,0.13916874999999995,0.058946874999999954,40,64,0.4873766593484632,0.7251562499999995,71.17307692307692,104,25
532,532.0,0.40194444444444444,0.5193055555555556,0.5228055555555555,0.401,0.4944761904761905,0.539079365079365,0.010090608024691358,0.006345489969135803,0.010752434413580248,0.011991206349206352,0.006994566893424036,0.009660549256739733,0.5020793650793652,0.37785714285714284,0.4679682539682539,0.1001349206349208,0.14144841269841274,0.0548373015873016,36,63,0.5358728648270057,0.7330158730158727,72.32323232323232,99,27
533,533.0,0.4036470588235294,0.5128529411764706,0.5237058823529412,0.40124193548387094,0.4946451612903226,0.5405967741935483,0.01026487543252595,0.0058843607266435985,0.011300325259515572,0.012180925338189388,0.007105583766909469,0.009671305150884494,0.5008387096774195,0.3833870967741935,0.4735645161290322,0.09719165085389009,0.1294658444022771,0.05014136622390902,34,62,0.544213922283397,0.7730645161290318,72.69791666666667,96,27
534,534.0,0.39609375,0.51721875,0.5220624999999999,0.39912499999999995,0.495734375,0.538171875,0.0095896474609375,0.0059281083984375,0.01196043359375,0.011945765625,0.006974132568359374,0.009751361083984375,0.49631250000000005,0.3871875,0.47150000000000003,0.10021875000000002,0.13003124999999993,0.050562499999999844,32,64,0.5035821360656668,0.7732812499999995,71.96875,96,30
535,535.0,0.3941333333333333,0.5255,0.5265666666666667,0.3992063492063492,0.4956825396825398,0.5393333333333332,0.010073715555555553,0.004830783333333334,0.012431178888888889,0.01213495742000504,0.007084661123708743,0.009819809523809524,0.4970634920634921,0.3865238095238095,0.4751587301587301,0.10293015873015882,0.13897619047619048,0.051407936507936625,30,63,0.5074813683599275,0.7961904761904756,71.70967741935483,93,31
536,536.0,0.3941333333333333,0.5255,0.5265666666666667,0.4036557377049179,0.4941639344262295,0.5436393442622951,0.010073715555555553,0.004830783333333334,0.012431178888888889,0.01257629131953776,0.007059022305831764,0.00963331255038968,0.5031475409836066,0.38857377049180325,0.46806557377049185,0.10901420765027331,0.13692622950819672,0.05850109289617489,30,61,0.5236030409224323,0.8790163934426224,71.6923076923077,91,22
537,537.0,0.3977333333333333,0.5310333333333334,0.5250666666666668,0.3979838709677419,0.49440322580645163,0.5431129032258064,0.009894195555555553,0.004296632222222221,0.012117128888888891,0.012510661030176902,0.007014853537981267,0.009637293704474505,0.5063225806451613,0.4022096774193548,0.46895161290322585,0.10858924731182801,0.12882365591397854,0.05611505376344095,30,62,0.4779982073055669,0.8514516129032254,72.06521739130434,92,26
538,538.0,0.3965,0.52709375,0.52096875,0.3943174603174603,0.49450793650793645,0.5396507936507935,0.0093261875,0.0042639599609375,0.012596092773437501,0.012603899218946838,0.00675809120685311,0.009827465356512974,0.4884444444444444,0.3993492063492064,0.47596825396825404,0.09194444444444438,0.12774454365079363,0.04500049603174594,32,63,0.4709524647228998,0.8196825396825392,71.83157894736843,95,28
539,539.0,0.40056250000000004,0.52290625,0.5195625,0.39362295081967213,0.49698360655737706,0.5389508196721311,0.00837124609375,0.0044147099609375,0.012570121093750001,0.012975316850309058,0.006496901370599299,0.010130964794410105,0.47806557377049186,0.3981639344262295,0.4792131147540984,0.07750307377049181,0.12474231557377052,0.04034938524590165,32,61,0.5045374304933921,0.838524590163934,71.18279569892474,93,25
540,540.0,0.4083333333333333,0.5253030303030304,0.5243636363636364,0.3955833333333334,0.49728333333333335,0.5364333333333333,0.007990828282828282,0.004447423324150597,0.012583201101928374,0.013076609722222222,0.0065978697222222205,0.009863212222222223,0.4792666666666667,0.39733333333333326,0.49941666666666673,0.07093333333333335,0.12796969696969712,0.024946969696969634,33,60,0.513763842426565,0.8251666666666663,71.44086021505376,93,26
541,541.0,0.4092941176470588,0.5235588235294119,0.5244117647058824,0.39338983050847454,0.49923728813559326,0.5310169491525424,0.007786266435986157,0.00441701124567474,0.01221318339100346,0.01341525481183568,0.006433841999425451,0.009575237000861821,0.47916949152542376,0.4070677966101694,0.4873898305084746,0.06987537387836495,0.11649102691924246,0.037021934197407735,34,59,0.5293530808728529,0.7915254237288131,71.34408602150538,93,28
542,542.0,0.4077575757575758,0.525,0.5208484848484848,0.3957704918032786,0.49585245901639347,0.5337377049180327,0.007941941230486685,0.004480242424242425,0.012151583103764923,0.01317411126041387,0.006726158559527009,0.009644947594732597,0.4760163934426229,0.4030163934426229,0.49388524590163946,0.0682588176850471,0.12198360655737711,0.026963238946845325,33,61,0.5049627481534805,0.8413114754098359,71.72340425531915,94,24
543,543.0,0.41425,0.52334375,0.5246875,0.3979677419354838,0.4949032258064515,0.5368709677419355,0.006799125,0.0045297255859375,0.012044964843750002,0.01351470863683663,0.006322958376690946,0.00962188657648283,0.47972580645161295,0.4151451612903226,0.4994354838709678,0.06547580645161294,0.10819858870967741,0.025252016129032162,32,62,0.5069531083834223,0.7911290322580641,71.35106382978724,94,28
544,544.0,0.41639393939393937,0.526878787878788,0.5246666666666666,0.399140625,0.49739062500000003,0.5348593749999999,0.006484905417814507,0.004511439853076217,0.01206931313131313,0.013158652099609376,0.006317238037109375,0.009762277099609376,0.485140625,0.4255,0.49262500000000004,0.06874668560606062,0.10137878787878796,0.03204166666666658,33,64,0.5412120472033349,0.7610937499999996,70.83505154639175,97,27
545,545.0,0.41365625,0.52640625,0.52403125,0.3982698412698412,0.4972698412698412,0.5331904761904762,0.006440225585937499,0.0046450537109374995,0.0124331552734375,0.013318990677752584,0.006416577979339883,0.009738979591836738,0.47971428571428576,0.4275079365079365,0.48574603174603176,0.06605803571428576,0.09889831349206346,0.03828521825396819,32,63,0.5426014496443419,0.8187301587301584,71.28421052631579,95,24
546,546.0,0.41391176470588237,0.5258235294117647,0.527264705882353,0.40098387096774196,0.49966129032258055,0.5383548387096775,0.006102198096885814,0.004404439446366781,0.012255018166089968,0.013611402965660772,0.006425127211238293,0.009845228928199792,0.4755161290322581,0.42920967741935484,0.4934677419354838,0.06160436432637573,0.09661385199240985,0.03379696394686915,34,62,0.5000135137440456,0.8306451612903224,69.69791666666667,96,23
547,547.0,0.4146060606060606,0.5326060606060606,0.5223030303030303,0.4008852459016394,0.4995901639344262,0.5366557377049181,0.0057807842056932955,0.003441329660238751,0.013433908172635445,0.01383393765116904,0.00653014350980919,0.00982763558183284,0.47081967213114756,0.43362295081967206,0.5005081967213114,0.05621361152508697,0.09898310978638858,0.021794833581718853,33,61,0.5211050384628212,0.8434426229508193,71.07446808510639,94,22
548,548.0,0.4150689655172415,0.5220344827586207,0.519448275862069,0.40391525423728813,0.5025254237288136,0.5329322033898305,0.005062202140309157,0.002570240190249703,0.011839143876337695,0.013400484343579431,0.006416995116345877,0.0096876564205688,0.47261016949152546,0.440864406779661,0.49667796610169485,0.05754120397428397,0.08117007597895975,0.02277030976037414,29,59,0.530576895780374,0.851694915254237,68.79545454545455,88,24
549,549.0,0.41440000000000005,0.5190666666666667,0.5245333333333334,0.40391525423728813,0.5025254237288136,0.5329322033898305,0.005058106666666665,0.0024637288888888884,0.012481382222222222,0.013400484343579431,0.006416995116345877,0.0096876564205688,0.47261016949152546,0.440864406779661,0.49667796610169485,0.05821016949152541,0.07820225988700569,0.02785536723163856,30,59,0.5330384905365906,0.8588135593220334,69.24719101123596,89,25
550,550.0,0.40428125,0.5201875,0.51525,0.4037,0.5043000000000001,0.5327166666666667,0.006385452148437502,0.00236458984375,0.013042999999999999,0.013179876666666668,0.006495843333333332,0.009528936388888888,0.4672,0.44098333333333334,0.4961333333333332,0.06291875000000002,0.07920416666666669,0.01911666666666678,32,60,0.589802639211384,0.8456666666666663,70.25,92,22
551,551.0,0.408,0.521090909090909,0.5116666666666667,0.4000491803278689,0.5061967213114753,0.5291803278688525,0.006375333333333333,0.002517840220385675,0.012548464646464646,0.01298011233539371,0.006149764579414135,0.01001047567858103,0.46647540983606556,0.44149180327868853,0.49739344262295077,0.058475409836065584,0.07959910581222052,0.014273224043715949,33,61,0.594038792945375,0.7888524590163931,70.17021276595744,94,22
552,552.0,0.4111290322580646,0.5181935483870967,0.5126774193548387,0.3989310344827586,0.5021206896551724,0.5297241379310345,0.00628598335067638,0.0025014464099895935,0.012958670135275754,0.013600374554102257,0.005780761296076098,0.01021223424494649,0.46055172413793105,0.4466206896551725,0.509448275862069,0.049422691879866476,0.07157285873192426,0.003229143492769704,31,58,0.5699954481388912,0.8053448275862065,69.03370786516854,89,26
553,553.0,0.41075757575757577,0.5133939393939394,0.5149999999999999,0.39759322033898303,0.5028983050847458,0.5298135593220339,0.005981395775941231,0.002840784205693296,0.013072424242424243,0.013744885377765014,0.005630599827635737,0.010388151680551563,0.45361016949152544,0.45059322033898314,0.4978474576271187,0.04285259373394967,0.06280071905495627,0.01715254237288122,33,59,0.5413649832630795,0.7738983050847454,69.16304347826087,92,28
554,554.0,0.399875,0.5140312499999999,0.5123125,0.3968,0.5025333333333334,0.5289666666666667,0.006764609375000001,0.0028839677734374992,0.01265546484375,0.013552926666666666,0.005544615555555554,0.010257332222222224,0.4587166666666667,0.4473500000000001,0.5048,0.058841666666666737,0.06668124999999986,0.007512499999999922,32,60,0.5308542716820264,0.7738333333333328,70.02173913043478,92,31
555,555.0,0.40415151515151515,0.5141818181818181,0.5164848484848484,0.3955000000000001,0.5045833333333334,0.5267333333333333,0.00714485583103765,0.0027973002754820933,0.012829037649219468,0.013483116666666671,0.005708376388888887,0.010417462222222222,0.45365000000000005,0.4346333333333333,0.5093333333333334,0.0494984848484849,0.07954848484848476,0.00715151515151502,33,60,0.5028739912713891,0.7781666666666663,70.43010752688173,93,32
556,556.0,0.40744117647058825,0.5141764705882351,0.5240294117647057,0.3930491803278689,0.5036721311475411,0.5229180327868852,0.007291834775086505,0.0027150276816608997,0.014330087370242215,0.014134604138672402,0.005902384305294275,0.01056925557645794,0.443655737704918,0.43922950819672135,0.5019508196721311,0.036214561234329756,0.07494696239151377,0.022078592092574678,34,61,0.4706641030335811,0.7829508196721309,70.91578947368421,95,32
557,557.0,0.410375,0.5163437499999999,0.529375,0.39352459016393443,0.5036557377049181,0.524311475409836,0.0074883593750000015,0.0026259755859374995,0.013675546875,0.014205167428110722,0.005902061811341035,0.010917296425692018,0.44116393442622953,0.4288688524590164,0.5069508196721311,0.03078893442622954,0.08747489754098348,0.02242418032786897,32,61,0.4984668068102842,0.8249180327868848,70.74193548387096,93,25
558,558.0,0.4076451612903225,0.5186129032258064,0.5296129032258066,0.39352459016393443,0.5036557377049181,0.524311475409836,0.0093878418314256,0.0034745598335067635,0.01356933402705515,0.014205167428110722,0.005902061811341035,0.010917296425692018,0.44116393442622953,0.4288688524590164,0.5069508196721311,0.03351877313590701,0.08974405076679004,0.022662083553675494,31,61,0.5541370784164835,0.7901639344262293,71.48913043478261,92,29
559,559.0,0.40151612903225803,0.5125483870967741,0.5219354838709678,0.39352459016393443,0.5036557377049181,0.524311475409836,0.009186572320499482,0.004269989594172736,0.014425737773152968,0.014205167428110722,0.005902061811341035,0.010917296425692018,0.44116393442622953,0.4288688524590164,0.5069508196721311,0.0396478053939715,0.08367953463775768,0.014984664198836706,31,61,0.5135524968690884,0.7914754098360651,72.26086956521739,92,33
560,560.0,0.4053125,0.5138125,0.5250625,0.3941290322580645,0.5024516129032258,0.5243387096774194,0.00934627734375,0.004186089843749999,0.014278058593750002,0.013998338189386058,0.005895312174817898,0.010741256243496358,0.4449677419354839,0.4225967741935484,0.5092258064516129,0.039655241935483865,0.0912157258064516,0.015836693548387126,32,62,0.4708116732469294,0.7985483870967739,72.44680851063829,94,35
561,561.0,0.40958823529411764,0.5113529411764707,0.5322941176470588,0.390578125,0.50425,0.518078125,0.009494242214532872,0.004037169550173011,0.01533114878892734,0.014010900146484376,0.0058144687499999985,0.011622165771484377,0.441890625,0.423921875,0.49703125000000004,0.03230238970588234,0.08743106617647067,0.03526286764705877,34,64,0.44742149138999787,0.7995312499999996,71.3265306122449,98,34
562,562.0,0.3988611111111111,0.5089722222222223,0.5228611111111112,0.390578125,0.50425,0.518078125,0.009731286265432099,0.00457313811728395,0.015325452932098768,0.014010900146484376,0.0058144687499999985,0.011622165771484377,0.441890625,0.423921875,0.49703125000000004,0.04302951388888887,0.08505034722222227,0.025829861111111185,36,64,0.5140361572095903,0.7904687499999995,72.02,100,31
563,563.0,0.3976842105263158,0.5137105263157895,0.5207631578947369,0.3853709677419355,0.5007903225806453,0.5109354838709678,0.010033847645429366,0.005024784626038782,0.014613286011080336,0.01323365270551509,0.005614294745057231,0.01083986680541103,0.4374193548387097,0.41201612903225804,0.4804032258064517,0.03973514431239389,0.10169439728353147,0.040359932088285255,38,62,0.4770436607201965,0.7785483870967738,70.08,100,33
564,564.0,0.39999999999999997,0.50725,0.5261388888888889,0.38508333333333333,0.5016,0.5078,0.010234222222222223,0.004863965277777778,0.014400286265432098,0.013616176388888885,0.005778106666666666,0.01068309333333333,0.436,0.4187,0.47906666666666664,0.03600000000000003,0.08854999999999996,0.04707222222222229,36,60,0.4802978597395469,0.7713333333333329,67.89583333333333,96,37
565,565.0,0.3996470588235294,0.506235294117647,0.5275000000000001,0.3846949152542373,0.5018474576271187,0.5069322033898306,0.01070816955017301,0.004926474048442907,0.015006014705882358,0.01367438149956909,0.0053099258833668485,0.010901995403619648,0.4429491525423729,0.41932203389830514,0.47103389830508474,0.04330209371884347,0.08691326021934187,0.05646610169491534,34,59,0.4987720225702217,0.7767796610169488,66.91397849462365,93,36
566,566.0,0.3981470588235294,0.5038529411764706,0.5277941176470589,0.387672131147541,0.5021311475409836,0.5143114754098361,0.010601360726643598,0.005110125432525952,0.015117987024221454,0.013838744961031978,0.005203130341306099,0.012229657081429724,0.445983606557377,0.41581967213114757,0.47604918032786886,0.0478365477338476,0.08803326904532305,0.05174493731919,34,61,0.4945006785958804,0.7663934426229505,66.77894736842106,95,35
567,567.0,0.399,0.5072424242424242,0.5306060606060605,0.387672131147541,0.5021311475409836,0.5143114754098361,0.01089787878787879,0.004874365472910929,0.015307269054178148,0.013838744961031978,0.005203130341306099,0.012229657081429724,0.445983606557377,0.41581967213114757,0.47604918032786886,0.04698360655737699,0.0914227521112766,0.054556880278191666,33,61,0.4635230201592499,0.8283606557377045,68.0,94,33
568,568.0,0.399,0.5072424242424242,0.5306060606060605,0.3888730158730159,0.5047142857142858,0.5159523809523809,0.01089787878787879,0.004874365472910929,0.015307269054178148,0.014535793398841017,0.005386108843537413,0.012716045351473922,0.44358730158730153,0.413015873015873,0.48123809523809524,0.04458730158730151,0.09422655122655116,0.04936796536796528,33,63,0.48482896140878107,0.8430158730158727,67.83333333333333,96,29
569,569.0,0.3876764705882353,0.5079117647058823,0.5255588235294117,0.3925846153846154,0.5050615384615383,0.5170461538461538,0.011121807093425607,0.004747433391003461,0.014937011245674743,0.014580704378698227,0.0055136885207100585,0.012363090177514791,0.45180000000000003,0.42926153846153847,0.47492307692307695,0.06412352941176475,0.07865022624434381,0.0506357466063348,34,65,0.461666216736291,0.8346153846153842,66.65656565656566,99,29
570,570.0,0.38809375,0.50496875,0.52221875,0.3986363636363636,0.5024848484848484,0.5204090909090908,0.010213959960937501,0.004815905273437501,0.015365858398437501,0.015114140495867769,0.005422795224977042,0.01234663567493113,0.4573787878787879,0.42053030303030303,0.47798484848484846,0.06928503787878787,0.08443844696969693,0.0442339015151515,32,66,0.4505537860461003,0.8066666666666663,66.05102040816327,98,34
571,571.0,0.3889310344827586,0.5073448275862069,0.5202413793103449,0.39749999999999996,0.5043823529411764,0.5203676470588234,0.010937236623067777,0.005244708680142687,0.01600997621878716,0.014950455882352942,0.00589458910034602,0.011985938365051903,0.45594117647058824,0.4202941176470589,0.48097058823529404,0.06701014198782962,0.08705070993914804,0.039270791075050826,29,68,0.47445591717069485,0.8267647058823525,66.21649484536083,97,29
572,572.0,0.37849999999999995,0.5071,0.5059,0.39797101449275357,0.5054492753623188,0.5199565217391303,0.010648050000000003,0.005320956666666668,0.016694956666666667,0.01474886872505776,0.005886566267590841,0.01182372274732199,0.45455072463768115,0.42150724637681164,0.47568115942028977,0.0760507246376812,0.08559275362318836,0.03021884057971025,30,69,0.4863973940615927,0.8204347826086952,66.41414141414141,99,28
573,573.0,0.3681333333333333,0.5067333333333334,0.5085,0.3974428571428571,0.5076,0.5197714285714284,0.00944171555555556,0.005343262222222224,0.016719916666666668,0.014512675306122444,0.005694497142857142,0.011657833469387755,0.4598285714285715,0.41914285714285715,0.49232857142857134,0.09169523809523816,0.08759047619047622,0.016171428571428614,30,70,0.5054596130249774,0.8328571428571425,66.81,100,26
574,574.0,0.3626896551724137,0.5107241379310344,0.5095862068965518,0.39784507042253514,0.5060563380281691,0.5207042253521126,0.00887828299643282,0.005049717003567182,0.017261070154577885,0.014319595715135889,0.005781095417575877,0.011554546320174568,0.45809859154929583,0.42076056338028167,0.4957183098591548,0.09540893637688214,0.08996357455075277,0.013867897037396937,29,71,0.4719730432209754,0.8669014084507037,67.37,100,25
575,575.0,0.3655999999999999,0.5143333333333333,0.5134333333333333,0.40181333333333336,0.50988,0.5171066666666667,0.009655973333333335,0.004921622222222223,0.018020112222222225,0.015179805155555556,0.006087252266666667,0.011952015288888888,0.45117333333333326,0.43102666666666667,0.5029733333333333,0.08557333333333333,0.08330666666666664,0.010460000000000025,30,75,0.4908880066091869,0.817733333333333,68.03809523809524,105,26
576,576.0,0.35575,0.5198750000000001,0.50325,0.4010266666666666,0.51104,0.5181333333333333,0.00893375,0.005088671875000001,0.014843499999999999,0.01539837262222222,0.006073425066666665,0.011976408888888887,0.45152,0.4304,0.5028400000000001,0.09576999999999997,0.08947500000000008,0.00040999999999991044,32,75,0.519465484295839,0.8025333333333329,68.73831775700934,107,24
577,577.0,0.3510909090909091,0.5223030303030304,0.5053939393939394,0.3992702702702703,0.5106486486486487,0.5173648648648648,0.009357658402203857,0.005123120293847568,0.014540784205693297,0.015375089116143171,0.006144011687363038,0.012093961468224982,0.44860810810810803,0.4241216216216216,0.5078513513513513,0.09751719901719891,0.09818140868140879,0.0024574119574118924,33,74,0.4818212829263843,0.8021621621621617,69.1588785046729,107,27
578,578.0,0.3533030303030303,0.5191212121212121,0.5083636363636364,0.39728,0.51492,0.5210133333333332,0.009261665748393022,0.005506288337924702,0.013888170798898073,0.015581428266666668,0.0059857536,0.013642546488888888,0.45025333333333334,0.4275466666666667,0.5063066666666667,0.09695030303030305,0.09157454545454541,0.0020569696969696682,33,75,0.44751458874856115,0.8038666666666663,67.42592592592592,108,25
579,579.0,0.3541515151515151,0.5203030303030304,0.5118181818181818,0.39294444444444443,0.5144722222222222,0.51625,0.009531946740128559,0.005564877869605142,0.01421226997245179,0.015691580246913577,0.006168027006172839,0.013563854166666667,0.4400833333333333,0.42780555555555555,0.5048194444444445,0.08593181818181822,0.09249747474747483,0.0069987373737373515,33,72,0.455799417478238,0.8116666666666661,67.37142857142857,105,25
580,580.0,0.3659411764705882,0.5191176470588234,0.5235588235294119,0.3956111111111111,0.5147916666666668,0.5185,0.011379643598615916,0.005439103806228375,0.01594377595155709,0.015514098765432098,0.006142387152777777,0.013796166666666665,0.44263888888888897,0.4323055555555555,0.505361111111111,0.07669771241830076,0.08681209150326785,0.018197712418300815,34,72,0.422589992669295,0.8012499999999996,67.79245283018868,106,26
581,581.0,0.36121875000000003,0.5234062500000001,0.5163125,0.3976438356164384,0.511013698630137,0.5206027397260273,0.011645733398437502,0.0054288662109375,0.01561183984375,0.015979681366109964,0.006501301182210545,0.014195938074685685,0.44653424657534246,0.42728767123287664,0.5050958904109589,0.08531549657534243,0.09611857876712343,0.011216609589041027,32,73,0.42488551584176637,0.8145205479452051,67.58095238095238,105,25
582,582.0,0.3620606060606061,0.5265454545454545,0.5256060606060606,0.39594594594594595,0.5108783783783784,0.5219054054054053,0.01160339026629936,0.0050433388429752075,0.014431693296602387,0.015974186267348426,0.00641478250547845,0.014127977538349162,0.4442162162162162,0.42509459459459453,0.5107972972972973,0.08215561015561013,0.10145085995086,0.01480876330876335,33,74,0.4064732730852125,0.8209459459459455,69.23364485981308,107,25
583,583.0,0.3709032258064515,0.5322903225806452,0.541483870967742,0.3963888888888889,0.5122361111111111,0.5237638888888889,0.012625635796045786,0.0044397544224765864,0.0140714110301769,0.01641020987654321,0.0065247359182098764,0.014360513695987655,0.43740277777777775,0.43016666666666664,0.5125277777777778,0.06649955197132623,0.1021236559139786,0.02895609318996417,31,72,0.46896208528601785,0.835833333333333,69.12621359223301,103,23
584,584.0,0.36861290322580637,0.5339999999999999,0.5387419354838708,0.40027536231884064,0.510391304347826,0.5266086956521739,0.012461914672216445,0.004300774193548387,0.014381868886576485,0.016411243016173072,0.006668122243226212,0.014495426591052301,0.4318115942028985,0.4259565217391304,0.5197391304347826,0.06319869097709213,0.10804347826086952,0.019002805049088245,31,69,0.4372019612145902,0.8501449275362314,68.49,100,26
585,585.0,0.3746,0.5273,0.5431333333333334,0.40270588235294114,0.5074411764705882,0.5303235294117647,0.012630906666666669,0.004465943333333333,0.014198115555555554,0.015738354671280277,0.007099717128027682,0.01505213062283737,0.43191176470588233,0.4253970588235294,0.5192058823529412,0.05731176470588234,0.10190294117647059,0.023927450980392173,30,68,0.43475232646966033,0.8263235294117645,67.45918367346938,98,29
586,586.0,0.37765517241379304,0.5294137931034483,0.5492068965517242,0.4022647058823529,0.5071470588235293,0.5318970588235294,0.012786432818073727,0.004485897740784781,0.013581060642092748,0.01595663581314879,0.007135860726643598,0.014673827638408304,0.4396617647058823,0.4295,0.522985294117647,0.06200659229208927,0.09991379310344828,0.026221602434077118,29,68,0.4441590452279395,0.8548529411764703,67.98969072164948,97,26
587,587.0,0.37765517241379304,0.5294137931034483,0.5492068965517242,0.40242028985507244,0.5064492753623188,0.531927536231884,0.012786432818073727,0.004485897740784781,0.013581060642092748,0.015727026254988445,0.007065551774837219,0.014461226633060282,0.43756521739130433,0.4305507246376811,0.5238115942028986,0.05991004497751129,0.09886306846576715,0.025395302348825588,29,69,0.4104080785103069,0.8901449275362314,68.57142857142857,98,24
588,588.0,0.38234375,0.5268125,0.551625,0.40225714285714287,0.5048714285714285,0.5307142857142858,0.014797100585937502,0.00429802734375,0.013100171874999999,0.015504191020408165,0.007136397755102039,0.014356204081632651,0.43911428571428573,0.42469999999999997,0.5164714285714286,0.05677053571428575,0.10211250000000005,0.03515357142857145,32,70,0.4382205075621112,0.8727142857142853,68.19607843137256,102,23
589,589.0,0.38996875000000003,0.5238750000000001,0.5600625,0.4006478873239437,0.5059999999999999,0.5314084507042254,0.015282717773437503,0.004076796875,0.011854058593749998,0.015467101368776034,0.007125042253521126,0.01418773457647292,0.43516901408450703,0.4261267605633803,0.5168169014084506,0.045200264084507,0.09774823943661981,0.04324559859154942,32,71,0.4416655702342823,0.8777464788732391,68.53398058252426,103,22
590,590.0,0.39435483870967736,0.5190645161290323,0.5630967741935485,0.4031527777777778,0.5092222222222222,0.5321388888888889,0.01516009989594173,0.003467802289281998,0.011941829344432879,0.014702768325617281,0.007544033950617283,0.013788341820987655,0.44156944444444446,0.42961111111111117,0.5161388888888889,0.0472146057347671,0.0894534050179211,0.04695788530465961,31,72,0.4594555491198419,0.8701388888888885,69.07766990291262,103,19
591,591.0,0.38993333333333335,0.5175666666666667,0.5614000000000001,0.3979583333333333,0.5105833333333334,0.5334583333333334,0.01505939555555556,0.0035138455555555554,0.01225064,0.013609151041666665,0.007068104166666666,0.014384526041666667,0.43633333333333335,0.42613888888888884,0.5066250000000001,0.0464,0.09142777777777789,0.05477500000000002,30,72,0.4519830236338169,0.8363888888888884,69.32352941176471,102,21
592,592.0,0.3743103448275863,0.5186896551724138,0.5519310344827586,0.40112499999999995,0.5098194444444445,0.532625,0.01481083472057075,0.00340490368608799,0.011916615933412604,0.012763387152777776,0.00711806462191358,0.014287928819444443,0.44448611111111114,0.42162499999999997,0.5126666666666667,0.07017576628352484,0.09706465517241386,0.03926436781609188,29,72,0.46422859557582535,0.8547222222222217,69.45544554455445,101,20
593,593.0,0.37058064516129036,0.5266774193548387,0.5525161290322581,0.40223611111111107,0.5093055555555556,0.5331805555555555,0.014371856399583773,0.0038563475546305927,0.01162599167533819,0.012671652584876542,0.007305712191358023,0.014496509066358024,0.44188888888888883,0.4251388888888889,0.5150972222222223,0.07130824372759847,0.1015385304659498,0.03741890681003579,31,72,0.45492248988336137,0.8322222222222219,68.15533980582525,103,21
594,594.0,0.36765517241379303,0.525,0.548,0.4052285714285715,0.5084857142857143,0.5354285714285714,0.013839743162901307,0.0036907586206896548,0.011489241379310344,0.012606747755102038,0.007486135510204081,0.014292987755102042,0.44739999999999996,0.426,0.5144142857142856,0.07974482758620693,0.09900000000000003,0.03358571428571444,29,70,0.44202164553004547,0.8679999999999995,68.38383838383838,99,21
595,595.0,0.3762962962962963,0.5294074074074073,0.5614444444444444,0.408887323943662,0.5090281690140844,0.5395352112676056,0.014847912208504803,0.0038054266117969813,0.009955580246913578,0.013366240825233086,0.007401294981154531,0.015272192422138463,0.45104225352112676,0.42856338028169016,0.5197183098591548,0.07474595722483046,0.10084402712571716,0.04172613458528962,27,71,0.4085920794766882,0.8564788732394363,68.57142857142857,98,25
596,596.0,0.37526923076923074,0.5276538461538461,0.5635,0.4112112676056337,0.5070422535211268,0.5419014084507041,0.015390504437869825,0.0038687647928994087,0.010224403846153845,0.013503124380083316,0.007387533425907559,0.01514101844872049,0.4551971830985915,0.4201408450704225,0.5139999999999999,0.07992795232936073,0.10751300108342365,0.0495000000000001,26,71,0.39077181965954044,0.8870422535211263,68.55670103092784,97,24
597,597.0,0.36472,0.5208799999999999,0.55416,0.41071014492753627,0.5068550724637682,0.5493333333333332,0.0149046816,0.003909305599999999,0.0099556544,0.014014669607225371,0.007454036967023736,0.01403433816425121,0.45452173913043475,0.42311594202898545,0.5253043478260869,0.08980173913043477,0.09776405797101445,0.02885565217391306,25,69,0.44250683855600065,0.9171014492753621,68.72340425531915,94,20
598,598.0,0.36488461538461536,0.5149999999999999,0.547576923076923,0.40975714285714293,0.5051857142857142,0.5485571428571427,0.014332102071005918,0.004623307692307692,0.010656167159763315,0.013877126734693877,0.007539836938775508,0.013875418163265305,0.4554714285714286,0.4171714285714285,0.5182999999999999,0.09058681318681322,0.09782857142857138,0.02927692307692309,26,70,0.4220701883253003,0.8978571428571424,69.61458333333333,96,24
599,599.0,0.37349999999999994,0.5043076923076923,0.5468076923076923,0.4086986301369863,0.5039178082191781,0.5451917808219178,0.013814019230769236,0.004555136094674556,0.011870309171597633,0.01334862150497279,0.007398595984237192,0.013815059110527304,0.4585890410958904,0.41835616438356166,0.5174657534246575,0.08508904109589044,0.08595152792413069,0.029341938883034824,26,73,0.4156266377049963,0.8493150684931502,68.35353535353535,99,28
600,600.0,0.3704814814814814,0.5045555555555555,0.5431111111111111,0.4129333333333333,0.5026666666666667,0.5486000000000001,0.013539286694101512,0.0043880246913580246,0.01178595061728395,0.013870462222222223,0.007294942222222223,0.013905199999999998,0.4628666666666666,0.41395999999999994,0.5218266666666667,0.09238518518518518,0.0905955555555556,0.02128444444444444,27,75,0.4085586898783313,0.8551999999999994,68.91176470588235,102,26
601,601.0,0.36848,0.50684,0.545,0.41124324324324324,0.4992972972972973,0.5501756756756757,0.014516329600000002,0.0045206944,0.01218768,0.013744346238130018,0.006966154857560264,0.014241766435354271,0.4627972972972973,0.40874324324324324,0.5209054054054054,0.09431729729729732,0.09809675675675672,0.02409459459459462,25,74,0.42907787252145113,0.8739189189189184,69.24242424242425,99,26
602,602.0,0.36848,0.50684,0.545,0.414972602739726,0.4969452054794521,0.5547397260273972,0.014516329600000002,0.0045206944,0.01218768,0.014333780071307938,0.006819586038656407,0.014969863764308502,0.46239726027397265,0.41035616438356165,0.5233287671232876,0.09391726027397268,0.09648383561643831,0.021671232876712465,25,73,0.3979326685025829,0.893287671232876,69.12244897959184,98,26
603,603.0,0.3723703703703704,0.5053333333333333,0.5381851851851852,0.4171666666666667,0.4973194444444445,0.556486111111111,0.01395289986282579,0.00452237037037037,0.011951039780521262,0.014181444444444444,0.006904078510802468,0.014955138695987654,0.4626527777777778,0.41390277777777773,0.5259166666666667,0.0902824074074074,0.09143055555555557,0.012268518518518512,27,72,0.3785069115589951,0.905555555555555,69.73737373737374,99,27
604,604.0,0.3714642857142857,0.5022142857142857,0.5306428571428572,0.4171666666666667,0.4973194444444445,0.556486111111111,0.013718248724489793,0.004681811224489797,0.013587301020408166,0.014181444444444444,0.006904078510802468,0.014955138695987654,0.4626527777777778,0.41390277777777773,0.5259166666666667,0.09118849206349211,0.088311507936508,0.004726190476190495,28,72,0.39018147404792486,0.9563888888888885,70.33,100,21
605,605.0,0.36572413793103453,0.5061034482758621,0.5319310344827586,0.4133783783783784,0.49654054054054053,0.5588648648648649,0.014585165279429251,0.004885541022592152,0.01309792627824019,0.014628316289262233,0.007126167275383491,0.014607738495252008,0.44960810810810803,0.4204054054054054,0.5214054054054054,0.0838839701770735,0.08569804287045668,0.010525629077353216,29,74,0.43516881981902505,0.9164864864864858,69.44660194174757,103,20
606,606.0,0.3701724137931035,0.5072758620689656,0.5364827586206896,0.41107894736842104,0.4974473684210527,0.5592763157894737,0.01412745303210464,0.004773717003567182,0.013086939357907253,0.014830677977839336,0.006970747229916897,0.014262752596952904,0.45113157894736833,0.4292894736842105,0.521736842105263,0.08095916515426482,0.07798638838475508,0.01474591651542656,29,76,0.4052173080630163,0.8742105263157889,70.72380952380952,105,27
607,607.0,0.3516785714285714,0.5067142857142858,0.5143928571428572,0.40640789473684213,0.4977368421052632,0.5565263157894736,0.010717932397959184,0.004909704081632653,0.010180024234693882,0.014094925727146811,0.007005720221606647,0.013357459833795014,0.4441710526315789,0.430421052631579,0.5171973684210526,0.09249248120300751,0.0762932330827068,0.002804511278195365,28,76,0.4745350206112561,0.8521052631578943,71.10576923076923,104,28
608,608.0,0.33977777777777773,0.5057037037037037,0.5081111111111112,0.40215999999999996,0.4996000000000001,0.5564133333333333,0.007149283950617285,0.0050629492455418375,0.009452172839506171,0.012911467733333333,0.0068353066666666665,0.013534589155555556,0.44328,0.43316000000000004,0.5180400000000001,0.10350222222222227,0.07254370370370361,0.009928888888888876,27,75,0.4649661197509755,0.859333333333333,71.41176470588235,102,31
609,609.0,0.3405714285714286,0.5017857142857143,0.5064285714285715,0.4011168831168831,0.5002727272727273,0.5542207792207792,0.006910959183673469,0.005296596938775509,0.009191030612244898,0.012646934390285039,0.007003471074380165,0.013420691516275932,0.44222077922077924,0.4330649350649351,0.5156363636363637,0.10164935064935066,0.06872077922077918,0.00920779220779222,28,77,0.4559015151025651,0.8642857142857137,71.91428571428571,105,29
610,610.0,0.3269655172413793,0.5013793103448276,0.49748275862068975,0.4019871794871795,0.49856410256410255,0.5543461538461537,0.0073070677764566,0.005544304399524374,0.007899215219976219,0.012881807527942145,0.0070340920447074275,0.01396402120315582,0.44098717948717947,0.43671794871794883,0.5135769230769229,0.11402166224580018,0.0646613616268788,0.016094164456233184,29,78,0.4794390586131401,0.8361538461538456,71.42056074766356,107,30
611,611.0,0.3246,0.4975333333333333,0.49900000000000005,0.39843589743589747,0.4972692307692307,0.5589230769230767,0.007225773333333334,0.005788448888888887,0.007702666666666665,0.013915758711374094,0.006968837771203154,0.013136814595660748,0.4387564102564103,0.4391538461538461,0.5251153846153844,0.11415641025641032,0.05837948717948721,0.026115384615384374,30,78,0.43464395828729036,0.8369230769230762,71.44444444444444,108,30
612,612.0,0.321,0.5,0.5008571428571428,0.398283950617284,0.4969382716049382,0.5528271604938271,0.0075449285714285705,0.0054659999999999995,0.007622551020408162,0.013429882335009906,0.006825736930345983,0.013038933089468067,0.4412222222222222,0.4265185185185185,0.5066049382716049,0.12022222222222217,0.07348148148148148,0.005747795414462131,28,81,0.3982626142283606,0.8223456790123451,71.11926605504587,109,32
613,613.0,0.32141379310344825,0.5009655172413793,0.5041034482758621,0.39746835443037976,0.4967721518987341,0.5539367088607595,0.0072895529131985735,0.005303619500594529,0.007654782401902495,0.013742932542861718,0.006856910110559202,0.01331185675372536,0.4392658227848102,0.4304303797468354,0.509759493670886,0.11785202968136194,0.07053513749454388,0.005656045395023956,29,79,0.40107981902149026,0.836708860759493,71.57407407407408,108,29
614,614.0,0.3236896551724138,0.5045172413793103,0.492551724137931,0.3980512820512821,0.4972435897435896,0.5532948717948718,0.00722786920332937,0.005443973840665873,0.010307695600475623,0.013892279421433265,0.0069272611768573305,0.013449977153188693,0.4410384615384616,0.42932051282051287,0.5071666666666665,0.11734880636604778,0.07519672855879744,0.01461494252873552,29,78,0.39963595155066345,0.8349999999999996,71.80373831775701,107,31
615,615.0,0.3210769230769231,0.5004230769230769,0.48646153846153845,0.3964605263157895,0.5002368421052631,0.5511578947368422,0.007271686390532544,0.005856936390532543,0.011007325443786983,0.014120169494459834,0.006670075484764543,0.01340550138504155,0.44565789473684214,0.4308684210526316,0.5057631578947368,0.12458097165991905,0.06955465587044524,0.019301619433198358,26,76,0.4255341682103135,0.8338157894736837,72.15686274509804,102,33
616,616.0,0.32584,0.49644,0.48295999999999994,0.388958904109589,0.5041643835616438,0.551972602739726,0.0069726944,0.0056787263999999995,0.011128838400000002,0.013976998311127793,0.006509835991743291,0.012888793769938074,0.44101369863013695,0.4362876712328767,0.5037945205479453,0.11517369863013693,0.060152328767123286,0.020834520547945323,25,73,0.4326486256754412,0.8432876712328763,71.28571428571429,98,33
617,617.0,0.33034615384615384,0.49119230769230765,0.48469230769230764,0.38874999999999993,0.5020394736842105,0.5498026315789474,0.007212149408284024,0.006148770710059172,0.010775828402366865,0.013467766447368421,0.006460590547091412,0.01256778999307479,0.456828947368421,0.4286184210526316,0.5044868421052633,0.12648279352226716,0.06257388663967606,0.019794534412955644,26,76,0.4167053732144407,0.8146052631578943,71.03921568627452,102,33
618,618.0,0.33048,0.49248,0.48347999999999997,0.38874999999999993,0.5020394736842105,0.5498026315789474,0.0075001696,0.006351609599999999,0.011168649599999999,0.013467766447368421,0.006460590547091412,0.01256778999307479,0.456828947368421,0.4286184210526316,0.5044868421052633,0.126348947368421,0.06386157894736838,0.021006842105263324,25,76,0.428404047823684,0.8209210526315784,71.62376237623762,101,35
619,619.0,0.33692307692307694,0.4951923076923077,0.48803846153846153,0.393027027027027,0.49877027027027027,0.5521756756756756,0.005819686390532546,0.0064420014792899395,0.011091960059171598,0.013094458728999269,0.006072960737764793,0.012631198867786703,0.46117567567567563,0.4228243243243243,0.5045135135135136,0.1242525987525987,0.07236798336798339,0.016475051975052057,26,74,0.46417323523243276,0.8147297297297293,72.23,100,36
620,620.0,0.33692307692307694,0.4951923076923077,0.48803846153846153,0.393027027027027,0.49877027027027027,0.5521756756756756,0.005819686390532546,0.0064420014792899395,0.011091960059171598,0.013094458728999269,0.006072960737764793,0.012631198867786703,0.46117567567567563,0.4228243243243243,0.5045135135135136,0.1242525987525987,0.07236798336798339,0.016475051975052057,26,74,0.4783855293980962,0.828513513513513,73.23,100,36
621,621.0,0.34088461538461534,0.4978461538461539,0.48034615384615387,0.391986301369863,0.4968767123287672,0.5514931506849315,0.005812871301775149,0.006853130177514792,0.010458610946745562,0.01212691762056671,0.006316793019328204,0.012609893788703322,0.4563424657534246,0.43234246575342467,0.5125753424657535,0.11545785036880923,0.06550368809272922,0.03222918861959967,26,73,0.47932774657004507,0.7972602739726022,71.66666666666667,99,37
622,622.0,0.34600000000000003,0.49348,0.48364000000000007,0.39162162162162156,0.4958243243243244,0.5513108108108108,0.005365040000000001,0.0066316095999999995,0.010594870399999998,0.011972748721694666,0.006312279948867786,0.012441916910153396,0.45413513513513504,0.43006756756756753,0.511891891891892,0.10813513513513501,0.06341243243243244,0.028251891891891923,25,74,0.4488495732040718,0.8093243243243237,72.41414141414141,99,39
623,623.0,0.3461666666666667,0.49416666666666664,0.4897916666666667,0.39121917808219175,0.4963698630136986,0.5524520547945205,0.005634555555555557,0.0073281388888888875,0.011819414930555555,0.012124773878776505,0.006376726215049727,0.012515973728654532,0.4574246575342465,0.42909589041095886,0.508972602739726,0.11125799086757981,0.06507077625570779,0.019180936073059318,24,73,0.45263942286157616,0.8454794520547939,72.84536082474227,97,39
624,624.0,0.34488,0.49607999999999997,0.48712000000000005,0.39121917808219175,0.4963698630136986,0.5524520547945205,0.005448905600000001,0.0071228735999999985,0.011517945600000001,0.012124773878776505,0.006376726215049727,0.012515973728654532,0.4574246575342465,0.42909589041095886,0.508972602739726,0.11254465753424647,0.06698410958904111,0.021852602739725946,25,73,0.4206406287214262,0.8589041095890405,73.77551020408163,98,40
625,625.0,0.34488,0.49607999999999997,0.48712000000000005,0.3897027027027027,0.49855405405405406,0.5517837837837838,0.005448905600000001,0.0071228735999999985,0.011517945600000001,0.012128803506208912,0.006638814645726808,0.012379439737034332,0.45124324324324316,0.4293108108108108,0.5112837837837838,0.10636324324324314,0.06676918918918917,0.024163783783783754,25,74,0.4110404075486697,0.8836486486486481,74.13131313131314,99,38
626,626.0,0.3427692307692308,0.48588461538461536,0.48023076923076924,0.38841891891891894,0.49414864864864866,0.5537432432432433,0.005410639053254437,0.006481409763313609,0.010909408284023672,0.011825729912344778,0.006867694119795472,0.01338616380569759,0.44181081081081075,0.4261081081081081,0.504418918918919,0.09904158004157992,0.05977650727650724,0.02418814968814975,26,74,0.41600875509981106,0.8801351351351345,72.89,100,37
627,627.0,0.33915999999999996,0.48383999999999994,0.47496000000000005,0.38949295774647885,0.491112676056338,0.5530985915492957,0.0052883744,0.006631974399999998,0.010623478399999999,0.012023940091251736,0.007061198571711962,0.013197835350128943,0.4355774647887324,0.4178169014084506,0.5053521126760565,0.09641746478873242,0.06602309859154931,0.03039211267605646,25,71,0.4019279486352022,0.8978873239436613,71.44791666666667,96,37
628,628.0,0.34010714285714283,0.4907142857142856,0.48432142857142857,0.3907,0.48845714285714287,0.5540857142857142,0.00817545280612245,0.006433704081632651,0.0111217181122449,0.012092267142857143,0.006661391020408163,0.013317192653061222,0.4335857142857143,0.41327142857142857,0.5088428571428573,0.09347857142857147,0.07744285714285704,0.024521428571428694,28,70,0.43112948603202605,0.890571428571428,70.84693877551021,98,37
629,629.0,0.338551724137931,0.4939999999999999,0.48124137931034483,0.3869428571428572,0.4900428571428571,0.5498571428571429,0.007961281807372177,0.006514137931034482,0.011003838287752678,0.012267711020408162,0.0068314410204081645,0.012845036734693878,0.4342857142857143,0.4036714285714286,0.5063000000000001,0.09573399014778328,0.09032857142857126,0.025058620689655253,29,70,0.40021972744908674,0.889428571428571,69.42424242424242,99,35
630,630.0,0.3433928571428571,0.4958214285714285,0.48067857142857157,0.3911739130434783,0.4887971014492754,0.551695652173913,0.008099309948979592,0.006338718112244896,0.010917075255102044,0.011909042218021424,0.006850219701743331,0.012613718966603656,0.44455072463768114,0.3959420289855073,0.5088550724637682,0.10115786749482403,0.09987939958592124,0.02817650103519659,28,69,0.42543380996191676,0.861884057971014,69.08247422680412,97,40
631,631.0,0.34416129032258064,0.4935161290322581,0.48777419354838714,0.39811267605633793,0.48735211267605627,0.5553943661971832,0.008002522372528617,0.006416185223725284,0.012077142559833505,0.011939761951993652,0.006791890101170403,0.013327055742908156,0.45873239436619717,0.3819014084507042,0.5079718309859155,0.11457110404361653,0.11161472058155392,0.020197637437528337,31,71,0.4371039269805928,0.8266197183098588,67.7843137254902,102,41
632,632.0,0.34755172413793106,0.49258620689655175,0.5124137931034484,0.39811267605633793,0.48735211267605627,0.5553943661971832,0.008720454221165278,0.006544932223543398,0.008160656361474434,0.011939761951993652,0.006791890101170403,0.013327055742908156,0.45873239436619717,0.3819014084507042,0.5079718309859155,0.11118067022826611,0.11068479844584755,0.004441962117532894,29,71,0.4761002591534414,0.860140845070422,67.67,100,36
633,633.0,0.34755172413793106,0.49258620689655175,0.5124137931034484,0.39945833333333336,0.4856111111111111,0.5574166666666667,0.008720454221165278,0.006544932223543398,0.008160656361474434,0.011456442708333334,0.006745598765432099,0.013255520833333334,0.4601527777777778,0.38111111111111107,0.5098194444444445,0.11260105363984674,0.11147509578544068,0.0025943486590038756,29,72,0.4389776301259291,0.8491666666666661,67.06930693069307,101,38
634,634.0,0.3441428571428572,0.4973214285714286,0.5118571428571429,0.40015492957746474,0.48567605633802813,0.5585211267605634,0.008694908163265305,0.006128432397959182,0.008443122448979592,0.011582863320769689,0.006840303511208095,0.013354390398730412,0.4559295774647887,0.3828732394366197,0.504112676056338,0.11178672032193149,0.11444818913480886,0.007744466800804872,28,71,0.42822720001481335,0.8742253521126756,67.81818181818181,99,38
635,635.0,0.3400357142857143,0.49910714285714286,0.5091785714285715,0.40176119402985067,0.48367164179104477,0.559089552238806,0.00962796301020408,0.006549095663265306,0.008357503826530612,0.012150151926932503,0.006848339942080641,0.013387096458008467,0.4614328358208955,0.3794477611940299,0.5033432835820895,0.12139712153518123,0.11965938166311296,0.005835287846482018,28,67,0.4283069910523759,0.910746268656716,66.91578947368421,95,35
636,636.0,0.3419310344827586,0.49379310344827587,0.5082413793103449,0.4015441176470588,0.4831764705882353,0.5571470588235293,0.009396546967895363,0.007113957193816883,0.008093907253269918,0.011974630406574392,0.006764057093425605,0.013443037197231836,0.4636323529411765,0.3767352941176471,0.49708823529411766,0.12170131845841792,0.11705780933062876,0.01115314401622719,29,68,0.40726236300074037,0.9210294117647055,67.43298969072166,97,35
637,637.0,0.3466666666666666,0.4907,0.4983666666666667,0.40080597014925373,0.4855671641791044,0.5595373134328357,0.010228088888888891,0.007156743333333332,0.009639365555555555,0.012155439964357313,0.006616424593450657,0.013329770995767432,0.46197014925373137,0.3738059701492537,0.4905671641791045,0.11530348258706474,0.11689402985074632,0.007799502487562171,30,67,0.46671041669187774,0.8892537313432831,66.98969072164948,97,37
638,638.0,0.34823333333333323,0.4891333333333334,0.4957333333333333,0.40459420289855075,0.48526086956521736,0.5537536231884057,0.010359845555555558,0.006995115555555554,0.009510595555555557,0.011997429531611006,0.006623352236925016,0.014868823356437721,0.4669710144927536,0.38130434782608696,0.4817536231884059,0.11873768115942035,0.10782898550724646,0.013979710144927382,30,69,0.4490429062428983,0.8718840579710141,65.65656565656566,99,37
639,639.0,0.3489411764705882,0.4963235294117647,0.4913823529411765,0.40521428571428575,0.4885285714285715,0.5535285714285715,0.010550525951557093,0.007596689446366783,0.008545530276816607,0.01081302551020408,0.006752506326530611,0.014371734897959183,0.46885714285714286,0.38508571428571425,0.4783714285714286,0.11991596638655466,0.11123781512605047,0.013010924369747878,34,70,0.45617550853254374,0.8179999999999996,64.82692307692308,104,36
640,640.0,0.3489411764705882,0.4963235294117647,0.4913823529411765,0.40505555555555556,0.4864166666666667,0.5521944444444444,0.010550525951557093,0.007596689446366783,0.008545530276816607,0.010617608024691357,0.0063909652777777775,0.014538823302469136,0.4702083333333334,0.3835694444444444,0.4730972222222223,0.1212671568627452,0.11275408496732031,0.018285130718954212,34,72,0.39916005427575935,0.8097222222222217,65.13207547169812,106,39
641,641.0,0.3543529411764706,0.5008529411764706,0.495764705882353,0.40505555555555556,0.4864166666666667,0.5521944444444444,0.010640934256055362,0.008035243079584774,0.008264415224913493,0.010617608024691357,0.0063909652777777775,0.014538823302469136,0.4702083333333334,0.3835694444444444,0.4730972222222223,0.1158553921568628,0.1172834967320262,0.022667483660130716,34,72,0.4215434365475587,0.8077777777777774,65.66981132075472,106,39
642,642.0,0.3469428571428571,0.5016857142857143,0.49388571428571443,0.40505555555555556,0.4864166666666667,0.5521944444444444,0.01083502530612245,0.00754758693877551,0.008447301224489794,0.010617608024691357,0.0063909652777777775,0.014538823302469136,0.4702083333333334,0.3835694444444444,0.4730972222222223,0.12326547619047629,0.11811626984126988,0.020788492063492148,35,72,0.5357159927845752,0.8052777777777772,66.4766355140187,107,32
643,643.0,0.3491764705882353,0.5049411764705883,0.4929705882352942,0.4030958904109589,0.4868904109589041,0.555972602739726,0.010979086505190314,0.007398643598615917,0.008666440311418685,0.011243127791330455,0.006275193469694126,0.014928026646650406,0.47443835616438357,0.38945205479452055,0.47880821917808214,0.12526188557614826,0.11548912167606779,0.014162369057212076,34,73,0.5416166956968849,0.8089041095890408,66.26168224299066,107,31
644,644.0,0.3571428571428572,0.5084,0.4989428571428572,0.4020405405405406,0.4879729729729729,0.5574459459459458,0.010864751020408165,0.007244354285714286,0.009688111020408162,0.011061903761869978,0.006241026296566837,0.015050111943024105,0.46933783783783783,0.3912837837837837,0.48172972972972977,0.11219498069498063,0.11711621621621626,0.017213127413127416,35,74,0.5867536098473322,0.7864864864864861,66.1559633027523,109,29
645,645.0,0.3608684210526316,0.5099210526315789,0.5039473684210527,0.40132432432432436,0.4902432432432432,0.5578783783783784,0.010631272160664817,0.0073107042936288065,0.01025473407202216,0.011148651570489406,0.006510184075967859,0.014883593316289263,0.4806621621621621,0.4010540540540541,0.48016216216216223,0.1197937411095305,0.10886699857752485,0.023785206258890468,38,74,0.5430831275430806,0.795405405405405,64.96428571428571,112,28
646,646.0,0.36657894736842106,0.5099210526315789,0.498157894736842,0.4023013698630137,0.49079452054794515,0.5611506849315069,0.011313243767313021,0.007435967451523545,0.010593132963988918,0.011263333833739914,0.006451944079564646,0.01531251154062676,0.4733150684931506,0.40986301369863015,0.4840410958904109,0.10673612112472952,0.10005803893294879,0.014116798846431133,38,73,0.5522312177808919,0.8280821917808214,65.30630630630631,111,24
647,647.0,0.3643846153846154,0.5055641025641026,0.5017435897435897,0.40197222222222223,0.492361111111111,0.5627222222222222,0.011206134122287967,0.007966656147271533,0.010810088099934253,0.011411860339506173,0.0063623973765432095,0.015344895061728394,0.4734027777777778,0.4095,0.488625,0.10901816239316237,0.09606410256410258,0.013118589743589704,39,72,0.5127254656234673,0.8366666666666662,65.89189189189189,111,26
648,648.0,0.3666578947368421,0.5046578947368421,0.5087631578947368,0.4029315068493151,0.4916575342465753,0.5616849315068493,0.011299488227146813,0.008144277700831025,0.009172864958448754,0.011321789829236255,0.006310882717207732,0.015212161005817227,0.4746575342465753,0.4042328767123287,0.4822465753424658,0.10799963950973318,0.10042501802451337,0.026516582552271017,38,73,0.5039326087706114,0.855479452054794,66.57657657657657,111,25
649,649.0,0.3666578947368421,0.5046578947368421,0.5087631578947368,0.40463013698630135,0.49324657534246574,0.5616438356164384,0.011299488227146813,0.008144277700831025,0.009172864958448754,0.011264781009570275,0.006226815912929255,0.015202229311315449,0.47491780821917806,0.40531506849315063,0.4812054794520548,0.10825991348233593,0.09934282624369145,0.027557678442682032,38,73,0.4686108987473339,0.8910958904109585,66.7927927927928,111,23
650,650.0,0.36634146341463414,0.5015365853658538,0.5171951219512194,0.4013013698630137,0.4948493150684931,0.5615753424657534,0.01117700535395598,0.00845400475907198,0.010931376561570496,0.01172330643647964,0.006340210170763746,0.015228956652279978,0.466917808219178,0.40708219178082194,0.4875616438356164,0.10057634480454386,0.09445439358503183,0.029633478115603018,41,73,0.4735363212564425,0.844520547945205,66.44736842105263,114,24
651,651.0,0.3665121951219512,0.503219512195122,0.5150243902439026,0.39925333333333335,0.4959066666666667,0.5559599999999999,0.011186249851279001,0.007996659131469363,0.010643145746579416,0.011792589155555554,0.006585844622222222,0.015522171733333335,0.46808,0.4019333333333333,0.47816000000000003,0.10156780487804878,0.10128617886178864,0.036864390243902534,41,75,0.4725333279059531,0.8299999999999995,66.61206896551724,116,23
652,652.0,0.3775909090909092,0.5047954545454546,0.5236818181818181,0.3971052631578948,0.4974736842105264,0.5545526315789473,0.01635674173553719,0.008622753615702479,0.013268898760330577,0.011983488919667589,0.006683354570637119,0.015466484072022163,0.46192105263157895,0.40281578947368424,0.4800526315789474,0.08433014354066976,0.10197966507177036,0.04362918660287074,44,76,0.48078036286464515,0.7988157894736837,65.575,120,23
653,653.0,0.3723095238095238,0.5047857142857143,0.5178571428571429,0.39679487179487183,0.49350000000000005,0.5525641025641025,0.01647402324263039,0.008370073129251702,0.013135884353741498,0.01175621433267587,0.006702916666666667,0.015328784352399745,0.4631025641025641,0.3928333333333334,0.47308974358974365,0.0907930402930403,0.11195238095238086,0.044767399267399255,42,78,0.4810028307645926,0.8016666666666663,64.53333333333333,120,20
654,654.0,0.3710243902439025,0.5085609756097561,0.5185609756097561,0.39215000000000005,0.49597499999999994,0.5515000000000001,0.016952414039262342,0.008270636525877454,0.012963270672218918,0.0123127525,0.006833049375,0.01499875,0.45836249999999995,0.3990125,0.4735250000000001,0.08733810975609746,0.10954847560975611,0.04503597560975603,41,80,0.4946303963268916,0.7883749999999996,64.26446280991736,121,20
655,655.0,0.3710243902439025,0.5085609756097561,0.5185609756097561,0.3925421686746988,0.4953012048192772,0.5543975903614458,0.016952414039262342,0.008270636525877454,0.012963270672218918,0.012120947016983597,0.006760981564813472,0.014738046741181595,0.45939759036144584,0.39333734939759035,0.4907469879518072,0.08837320011754335,0.11522362621216575,0.027813987657948902,41,83,0.45945004680013335,0.8016867469879511,64.93548387096774,124,16
656,656.0,0.37147500000000006,0.507025,0.5273999999999999,0.39422891566265067,0.4916746987951808,0.5579397590361446,0.017476499375000003,0.008186124375000001,0.012574990000000003,0.011839646392800114,0.006710123094788795,0.014729767455363627,0.46453012048192766,0.39290361445783123,0.49177108433734934,0.0930551204819276,0.11412138554216872,0.03562891566265053,40,83,0.4673168491250858,0.798072289156626,65.33333333333333,123,14
657,657.0,0.3734358974358975,0.505,0.5307948717948717,0.3914022988505748,0.4914942528735633,0.556080459770115,0.01777080999342538,0.008231999999999998,0.012436419460880999,0.012753895626899192,0.007161146518694678,0.014386211917029993,0.47345977011494256,0.3819310344827586,0.4871954022988505,0.10002387267904506,0.12306896551724139,0.043599469496021226,39,87,0.4267300376134575,0.7680459770114936,64.62698412698413,126,16
658,658.0,0.37107692307692314,0.506025641025641,0.5324102564102564,0.3914022988505748,0.4914942528735633,0.556080459770115,0.018078686390532544,0.007964691650230112,0.012611677843523999,0.012753895626899192,0.007161146518694678,0.014386211917029993,0.47345977011494256,0.3819310344827586,0.4871954022988505,0.10238284703801942,0.12409460654288235,0.04521485411140591,39,87,0.41881177317928137,0.7836781609195397,66.07142857142857,126,15
659,659.0,0.3706944444444445,0.5026111111111111,0.54325,0.39246590909090917,0.4894204545454546,0.5563068181818182,0.019295878858024692,0.007980682098765433,0.011352631944444445,0.01270738520144628,0.00745392549070248,0.014227189953512397,0.47464772727272725,0.37772727272727274,0.48234090909090904,0.10395328282828276,0.12488383838383837,0.06090909090909097,36,88,0.4433778680320304,0.7680681818181813,66.87096774193549,124,18
660,660.0,0.37529729729729727,0.5005405405405406,0.5447837837837837,0.39331818181818184,0.4864886363636364,0.5531022727272727,0.01959383053323594,0.007993113221329437,0.01285184514243974,0.012604444214876033,0.0077409771435950426,0.014462432722107439,0.47811363636363635,0.37264772727272727,0.47589772727272733,0.10281633906633908,0.12789281326781338,0.06888605651105634,37,88,0.44869592699849964,0.7459090909090904,67.04,125,20
661,661.0,0.3720285714285714,0.49534285714285725,0.5482857142857143,0.39274444444444445,0.48933333333333334,0.5525111111111111,0.020215456326530615,0.0077409110204081635,0.012970432653061224,0.01233976802469136,0.007943066666666667,0.014300427654320989,0.4792444444444444,0.37043333333333334,0.472788888888889,0.10721587301587304,0.12490952380952391,0.07549682539682528,35,90,0.4332962387966576,0.7464444444444439,68.4,125,21
662,662.0,0.37081818181818177,0.5027575757575757,0.5418181818181818,0.3891413043478261,0.4901304347826086,0.5487717391304349,0.02118723966942149,0.007706971533516988,0.01303596694214876,0.012600643076559547,0.008298309073724008,0.01401465441871456,0.4762499999999999,0.37170652173913055,0.4735869565217392,0.10543181818181813,0.1310510540184452,0.06823122529644254,33,92,0.44324826173636916,0.746630434782608,69.0,125,19
663,663.0,0.3697058823529411,0.5008529411764706,0.545235294117647,0.38626666666666665,0.48958888888888885,0.5453444444444445,0.02060491349480969,0.0076000077854671295,0.013037885813148789,0.012390084444444447,0.008455886543209874,0.013593559135802468,0.4709222222222222,0.3659777777777779,0.47202222222222223,0.10121633986928108,0.1348751633986927,0.07321307189542481,34,90,0.4215239964993227,0.7687777777777771,69.20161290322581,124,17
664,664.0,0.37466666666666665,0.4981212121212121,0.544909090909091,0.38668888888888886,0.48941111111111113,0.545188888888889,0.020392585858585863,0.007576591368227733,0.013429355371900828,0.012410792098765434,0.008458197654320989,0.013592397654320987,0.46810000000000007,0.36616666666666664,0.4624,0.09343333333333342,0.13195454545454544,0.08250909090909103,33,90,0.383783348409867,0.790333333333333,70.08943089430895,123,17
665,665.0,0.3725625,0.49778125000000006,0.54325,0.38668888888888886,0.48941111111111113,0.545188888888889,0.020883746093750002,0.007809545898437501,0.013758187500000001,0.012410792098765434,0.008458197654320989,0.013592397654320987,0.46810000000000007,0.36616666666666664,0.4624,0.09553750000000005,0.13161458333333342,0.08085000000000003,32,90,0.349093226066618,0.8092222222222217,71.18852459016394,122,18
666,666.0,0.37353125,0.4980312500000001,0.54553125,0.38668888888888886,0.48941111111111113,0.545188888888889,0.021072561523437502,0.0077740927734375,0.013557936523437501,0.012410792098765434,0.008458197654320989,0.013592397654320987,0.46810000000000007,0.36616666666666664,0.4624,0.09456875000000009,0.13186458333333345,0.08313125000000005,32,90,0.35732597119174403,0.7981111111111107,72.78688524590164,122,21
667,667.0,0.3724285714285715,0.4978571428571429,0.5370357142857143,0.38320454545454546,0.4908409090909091,0.5427954545454546,0.017125602040816326,0.006634908163265306,0.014628391581632655,0.011989799070247931,0.008590474690082645,0.013617435433884299,0.4709318181818182,0.36689772727272724,0.4582159090909092,0.09850324675324668,0.13095941558441565,0.07881980519480508,28,88,0.39008471264738376,0.786704545454545,72.42241379310344,116,23
668,668.0,0.39188,0.501,0.53616,0.3852444444444445,0.4875777777777778,0.5430333333333333,0.0152341856,0.005490720000000001,0.0157124544,0.01164131802469136,0.00821811061728395,0.01462721,0.4710777777777778,0.36748888888888886,0.4611666666666666,0.07919777777777781,0.13351111111111114,0.07499333333333336,25,90,0.39029211617906684,0.782555555555555,72.79130434782608,115,25
669,669.0,0.40547826086956523,0.49247826086956514,0.5426521739130434,0.38744943820224714,0.4848314606741573,0.5444157303370787,0.013969901701323253,0.004387032136105861,0.01653361814744802,0.011408966544628203,0.007973847998990025,0.01475527660648908,0.47439325842696634,0.3582808988764045,0.4647078651685394,0.0689149975574011,0.13419736199316062,0.07794430874450403,23,89,0.36971001345380033,0.829662921348314,72.48214285714286,112,22
670,670.0,0.4096818181818182,0.49104545454545456,0.5440909090909091,0.3849090909090909,0.48447727272727276,0.5423749999999999,0.014198489669421487,0.004539225206611571,0.017237537190082645,0.010964264462809918,0.008053294938016528,0.014552302556818185,0.47136363636363643,0.360875,0.4624204545454545,0.061681818181818227,0.13017045454545456,0.08167045454545457,22,88,0.3618257008855909,0.8437499999999996,73.32727272727273,110,22
671,671.0,0.4064347826086957,0.4883913043478261,0.537,0.3861123595505618,0.48503370786516853,0.543876404494382,0.013813115311909261,0.004496846880907373,0.017594260869565222,0.01089630198207297,0.007990886504229263,0.01387889483651054,0.4761685393258427,0.35351685393258425,0.4633483146067416,0.06973375671714699,0.13487445041524188,0.07365168539325845,23,89,0.36342549550615527,0.8184269662921342,72.83035714285714,112,24
672,672.0,0.4075000000000001,0.49849999999999994,0.5461818181818181,0.38368888888888886,0.486788888888889,0.5417,0.014488704545454551,0.003774613636363636,0.018374239669421488,0.011200836543209873,0.008154233209876544,0.01402514333333333,0.4732555555555556,0.36268888888888884,0.46904444444444443,0.06575555555555551,0.1358111111111111,0.07713737373737367,22,90,0.39842274796461263,0.8119999999999995,73.32142857142857,112,23
673,673.0,0.3938571428571428,0.500095238095238,0.5688571428571428,0.37939130434782603,0.48878260869565227,0.5424782608695652,0.018086693877551022,0.0037043718820861673,0.017034789115646258,0.01179897731568998,0.008172278827977317,0.013747771266540641,0.46346739130434783,0.3638804347826087,0.47321739130434776,0.06961024844720504,0.13621480331262936,0.09563975155279508,21,92,0.44502329359007703,0.7845652173913038,72.43362831858407,113,25
674,674.0,0.40365,0.49899999999999994,0.569,0.37827659574468087,0.4887340425531917,0.538031914893617,0.0169771275,0.0038643999999999996,0.017886100000000002,0.011679157537347214,0.008188514373019467,0.014619796853779985,0.4614468085106383,0.3655,0.4642872340425531,0.05779680851063829,0.13349999999999995,0.10471276595744683,20,94,0.4809658252390004,0.7834042553191485,72.71052631578948,114,24
675,675.0,0.402952380952381,0.5116190476190476,0.5563809523809523,0.37970652173913044,0.4919021739130436,0.5404565217391303,0.01683709297052154,0.0033985215419501127,0.015392045351473923,0.012505033435727788,0.008226936082230624,0.014575900283553878,0.4657391304347826,0.37095652173913046,0.47542391304347825,0.0627867494824016,0.14066252587991718,0.08095703933747406,21,92,0.5223699579276601,0.780652173913043,72.57522123893806,113,24
676,676.0,0.408,0.5099047619047619,0.5624285714285714,0.3787849462365593,0.4918172043010754,0.5393763440860215,0.01664047619047619,0.0037097052154194993,0.017352625850340135,0.012677523644351948,0.00806462249971095,0.014530385246849348,0.45953763440860207,0.36808602150537634,0.47822580645161283,0.051537634408602095,0.14181874039938552,0.08420276497695856,21,93,0.5451562895815562,0.7652688172043005,72.30701754385964,114,25
677,677.0,0.41356521739130436,0.5005652173913043,0.5661304347826086,0.3798947368421054,0.48977894736842115,0.5381157894736842,0.01582137618147448,0.004307897920604914,0.0169281134215501,0.012535104709141268,0.00808937218836565,0.014303428698060939,0.462,0.36055789473684213,0.46972631578947355,0.04843478260869566,0.1400073226544622,0.09640411899313506,23,95,0.5251503515082973,0.7601052631578942,72.61016949152543,118,24
678,678.0,0.41087500000000005,0.50525,0.5745,0.37798936170212755,0.49008510638297875,0.5405638297872339,0.017430276041666668,0.004513937499999999,0.016105666666666667,0.012917691376188322,0.008267205522861023,0.014918692734268902,0.4609468085106384,0.3605,0.478159574468085,0.05007180851063836,0.14475,0.09634042553191502,24,94,0.5269027256054509,0.7546808510638292,71.26271186440678,118,24
679,679.0,0.41248000000000007,0.50692,0.5768,0.37863440860215053,0.49243010752688177,0.5413333333333332,0.0167948896,0.0044003136,0.0155884,0.01257292010637068,0.008093685975257253,0.014619103942652327,0.4603010752688173,0.3631290322580644,0.47909677419354835,0.04782107526881724,0.14379096774193562,0.09770322580645163,25,93,0.48329648963562044,0.761612903225806,71.5677966101695,118,25
680,680.0,0.42177777777777786,0.5068148148148148,0.5845925925925926,0.37875824175824174,0.49015384615384616,0.5393516483516483,0.016963950617283955,0.004092299039780521,0.01519461179698217,0.012691743750754738,0.008392525781910399,0.014699502717063155,0.4631318681318681,0.3573736263736264,0.46380219780219784,0.04135409035409021,0.14944118844118842,0.12079039479039472,27,91,0.4692839417072215,0.7541758241758236,71.16101694915254,118,26
681,681.0,0.4214814814814815,0.5101851851851853,0.586925925925926,0.37711235955056177,0.4895056179775281,0.5399550561797754,0.017426101508916325,0.004051336076817558,0.016231846364883402,0.01268391995960106,0.008371530867314734,0.01511842494634516,0.465808988764045,0.3576404494382022,0.4692696629213483,0.04432750728256346,0.15254473574698307,0.11765626300457765,27,89,0.48826643341584713,0.7467415730337074,70.26724137931035,116,24
682,682.0,0.43528,0.5177200000000001,0.6074800000000001,0.3802777777777777,0.4869222222222223,0.5433888888888888,0.018217161600000004,0.004080601599999999,0.014987129600000003,0.012759333950617284,0.008251693950617284,0.015409859876543208,0.4654555555555555,0.36288888888888887,0.47315555555555566,0.03017555555555551,0.1548311111111112,0.13432444444444447,25,90,0.5140022369469857,0.7358888888888883,69.3391304347826,115,24
683,683.0,0.42311111111111116,0.5135185185185185,0.5947777777777778,0.38364835164835165,0.48725274725274736,0.5471978021978021,0.019222024691358027,0.004134175582990398,0.016138320987654324,0.013146689530249972,0.008193199855089964,0.015982180654510326,0.47347252747252755,0.36726373626373626,0.47297802197802197,0.05036141636141639,0.14625478225478222,0.12179975579975588,27,91,0.483797939990896,0.6940659340659336,68.16101694915254,118,27
684,684.0,0.4149285714285715,0.50925,0.5886428571428572,0.3827045454545455,0.4853636363636364,0.5450568181818182,0.0191362806122449,0.004266330357142857,0.016724729591836733,0.013093844524793386,0.008278481404958678,0.01600573540805785,0.4722386363636364,0.3647613636363637,0.4685681818181818,0.05731006493506491,0.1444886363636363,0.12007467532467547,28,88,0.4899959750035506,0.6879545454545449,67.39655172413794,116,25
685,685.0,0.4186129032258066,0.5034838709677419,0.5955483870967743,0.381561797752809,0.4859438202247191,0.54438202247191,0.018220172736732577,0.004341862643080124,0.016472376690946932,0.013061639439464716,0.0082150867314733,0.015865966418381516,0.4731348314606742,0.3606629213483146,0.4633033707865168,0.05452192823486762,0.14282094961942732,0.13224501631025748,31,89,0.4793467479036396,0.6666292134831455,67.51666666666667,120,27
686,686.0,0.41315625,0.5000625000000001,0.5935937499999999,0.38239534883720927,0.4845348837209304,0.5508837209302324,0.0185738193359375,0.0045690585937500005,0.016076053710937503,0.013447262303948082,0.007897806922660898,0.014793056246619795,0.4738372093023256,0.36436046511627906,0.47881395348837197,0.06068095930232559,0.135702034883721,0.11477979651162795,32,86,0.4408375401677773,0.7060465116279065,67.85593220338983,118,27
687,687.0,0.403375,0.50315625,0.58840625,0.38212643678160924,0.48552873563218396,0.5514597701149424,0.016691234375,0.005230444335937499,0.015370553710937502,0.013394501255119567,0.007995651473114016,0.014623627691901175,0.4738505747126437,0.36705747126436783,0.47911494252873554,0.07047557471264371,0.13609877873563214,0.10929130747126448,32,87,0.4534322780834371,0.6966666666666663,68.6890756302521,119,28
688,688.0,0.4006060606060606,0.49890909090909086,0.5870606060606061,0.3838705882352941,0.4843882352941177,0.5515411764705882,0.016430784205693296,0.0056491735537190085,0.014962723599632693,0.013718112664359863,0.00802179044982699,0.014165824775086506,0.4693764705882352,0.3688823529411765,0.48717647058823527,0.0687704099821746,0.13002673796791436,0.0998841354723708,33,85,0.42641409093487664,0.6877647058823524,68.2457627118644,118,30
689,689.0,0.39932258064516135,0.4908709677419355,0.5823548387096774,0.3845058823529412,0.4825764705882353,0.552670588235294,0.016284154006243497,0.005257854318418315,0.016009906347554635,0.013785214671280278,0.008048902975778547,0.01400069148788927,0.46970588235294114,0.3609411764705882,0.480835294117647,0.07038330170777979,0.1299297912713473,0.10151954459203039,31,85,0.4416496910235442,0.6642352941176467,67.86206896551724,116,34
690,690.0,0.39567741935483874,0.4902258064516129,0.5786451612903226,0.38645121951219513,0.4820975609756098,0.5513658536585366,0.016094605619146725,0.005152755463059313,0.016061841831425602,0.013853979327781082,0.007917307555026771,0.01417891493158834,0.46632926829268295,0.368,0.4791463414634146,0.07065184893784421,0.1222258064516129,0.099498819826908,31,82,0.4517632489314939,0.6881707317073167,68.15044247787611,113,33
691,691.0,0.397741935483871,0.4847419354838709,0.5827419354838709,0.3795609756097561,0.48473170731707316,0.5476951219512195,0.01588109469302809,0.00524580437044745,0.015585030176899063,0.013982880428316476,0.008233854848304582,0.013691992415229028,0.45374390243902446,0.37052439024390244,0.4829268292682927,0.05600196695515347,0.11421754523996847,0.09981510621557815,31,82,0.434829428057973,0.6974390243902434,67.64601769911505,113,30
692,692.0,0.3900967741935484,0.4896129032258064,0.5777419354838709,0.37725316455696206,0.4873164556962025,0.5467974683544303,0.016514409989594175,0.006008817898022896,0.015392449531737781,0.014306087806441277,0.008133178336805002,0.013679022272071784,0.451253164556962,0.37535443037974686,0.4895569620253164,0.06115639036341364,0.11425847284605956,0.08818497345855447,31,79,0.4287047510534189,0.7167088607594931,67.64545454545454,110,31
693,693.0,0.3900967741935484,0.4896129032258064,0.5777419354838709,0.37725316455696206,0.4873164556962025,0.5467974683544303,0.016514409989594175,0.006008817898022896,0.015392449531737781,0.014306087806441277,0.008133178336805002,0.013679022272071784,0.451253164556962,0.37535443037974686,0.4895569620253164,0.06115639036341364,0.11425847284605956,0.08818497345855447,31,79,0.39895602520060514,0.7473417721518982,68.64545454545454,110,30
694,694.0,0.40018750000000003,0.48090625,0.5728437500000001,0.3776375,0.48886250000000003,0.5472625,0.01540577734375,0.006291647460937501,0.015747319335937503,0.014134131093750002,0.007804243593750001,0.01329631859375,0.4514875,0.3741,0.48469999999999996,0.05129999999999996,0.10680624999999999,0.08814375000000013,32,80,0.4079574995501226,0.7023749999999994,69.20535714285714,112,32
695,695.0,0.399774193548387,0.4836774193548386,0.5751612903225806,0.3776375,0.48886250000000003,0.5472625,0.015897271592091568,0.006248863683662852,0.01608342559833507,0.014134131093750002,0.007804243593750001,0.01329631859375,0.4514875,0.3741,0.48469999999999996,0.051713306451612984,0.10957741935483861,0.0904612903225806,31,80,0.422918889511473,0.7323749999999996,70.1981981981982,111,29
696,696.0,0.39436666666666664,0.48343333333333327,0.5679000000000001,0.37204938271604937,0.4911111111111111,0.5416172839506173,0.015520698888888889,0.006455312222222223,0.014985023333333332,0.014548219783569577,0.007833037037037036,0.01353789056546258,0.443320987654321,0.39123456790123456,0.4840246913580246,0.04895432098765434,0.0921987654320987,0.08387530864197545,30,81,0.40949266489738834,0.7183950617283946,69.27927927927928,111,30
697,697.0,0.387103448275862,0.4821379310344827,0.5637931034482758,0.3708518518518519,0.4894567901234568,0.5394938271604938,0.014473265160523184,0.00662756718192628,0.01499575029726516,0.014461879286694105,0.007479951836610272,0.013786570949550372,0.4389259259259259,0.38466666666666666,0.4815802469135802,0.05182247765006387,0.09747126436781606,0.08221285653469562,29,81,0.38940954355184637,0.7516049382716045,69.4,110,28
698,698.0,0.38318518518518513,0.4858888888888888,0.5604814814814815,0.3729753086419753,0.4861234567901234,0.5445308641975309,0.015322669410150891,0.006850024691358026,0.013639953360768176,0.014233653711324496,0.007724923030025911,0.013044323121475385,0.443679012345679,0.38951851851851854,0.5022098765432098,0.060493827160493896,0.09637037037037027,0.05827160493827166,27,81,0.3795755611223288,0.7550617283950611,70.60185185185185,108,29
699,699.0,0.38264,0.48444000000000004,0.5522400000000001,0.3733375,0.4866,0.5443125,0.014953990399999999,0.0066628063999999996,0.013648582400000003,0.01440094859375,0.00780309,0.01320351484375,0.44532499999999997,0.3876,0.49894999999999995,0.06268499999999999,0.09684000000000004,0.053290000000000115,25,80,0.42418132382391144,0.8068749999999995,71.55238095238096,105,24
700,700.0,0.3907142857142857,0.4711071428571429,0.55825,0.3734871794871794,0.48485897435897446,0.543,0.014114989795918369,0.007522524234693878,0.012794116071428574,0.014450070348454962,0.007695044214332676,0.013330435897435896,0.45169230769230767,0.38143589743589745,0.4927820512820513,0.06097802197802199,0.08967124542124544,0.0654679487179487,28,78,0.4259234763507589,0.7973076923076919,70.67924528301887,106,26
701,701.0,0.3901428571428572,0.4735,0.5562142857142856,0.3745128205128205,0.48539743589743595,0.5409615384615385,0.014160051020408163,0.0073894642857142865,0.013570668367346942,0.014624429322813937,0.007620598454963841,0.013621857495069034,0.45285897435897426,0.3814358974358974,0.4924358974358975,0.06271611721611708,0.09206410256410258,0.06377838827838805,28,78,0.4191068206165518,0.8133333333333328,71.5377358490566,106,24
702,702.0,0.3791481481481482,0.4707037037037037,0.5485925925925925,0.3745769230769231,0.48764102564102574,0.5382692307692307,0.014476052126200274,0.007491986282578876,0.011782982167352539,0.014635192800788954,0.007481409598948061,0.012758248027613411,0.45402564102564097,0.38,0.4937307692307692,0.07487749287749279,0.09070370370370368,0.054861823361823325,27,78,0.4042477476356197,0.8025641025641022,71.80952380952381,105,27
703,703.0,0.37567999999999996,0.4722,0.54404,0.37302469135802474,0.48602469135802473,0.5364074074074074,0.012922777599999997,0.007792000000000002,0.0120253184,0.014171357415028197,0.007276987044657827,0.012554537722908094,0.44904938271604933,0.3821481481481482,0.49313580246913585,0.07336938271604937,0.09005185185185183,0.050904197530864115,25,81,0.4517625188583337,0.7776543209876539,72.71698113207547,106,28
704,704.0,0.37455555555555553,0.4795185185185185,0.5347037037037037,0.37182278481012654,0.4858607594936709,0.5330506329113924,0.01198135802469136,0.007930620027434844,0.012576801097393689,0.014401842012498,0.0074461451690434255,0.01240954174010575,0.4499493670886075,0.3786582278481012,0.4841772151898735,0.07539381153305197,0.1008602906704173,0.05052648851383018,27,79,0.4472692147845445,0.7988607594936703,72.4245283018868,106,28
705,705.0,0.3882,0.48924000000000006,0.5416799999999999,0.3719480519480519,0.4854415584415584,0.5313896103896104,0.011953360000000001,0.007609302400000002,0.0148859776,0.014710880418283018,0.00742375307809074,0.013712004047900152,0.448922077922078,0.3814415584415585,0.48254545454545456,0.06072207792207801,0.10779844155844154,0.059134545454545384,25,77,0.4476818083989007,0.7894805194805192,71.27450980392157,102,30
706,706.0,0.3882,0.48924000000000006,0.5416799999999999,0.3719480519480519,0.4854415584415584,0.5313896103896104,0.011953360000000001,0.007609302400000002,0.0148859776,0.014710880418283018,0.00742375307809074,0.013712004047900152,0.448922077922078,0.3814415584415585,0.48254545454545456,0.06072207792207801,0.10779844155844154,0.059134545454545384,25,77,0.44254053309884,0.8149350649350643,72.27450980392157,102,29
707,707.0,0.3927692307692308,0.4932692307692307,0.5329230769230769,0.37402631578947365,0.4841842105263157,0.5323684210526316,0.010703177514792899,0.0091054275147929,0.014899994082840238,0.014571867728531857,0.007399702908587259,0.013818653739612184,0.45189473684210535,0.3799605263157895,0.4817105263157895,0.059125506072874534,0.11330870445344116,0.051212550607287466,26,76,0.5982874236376385,0.7849999999999996,73.19607843137256,102,27
708,708.0,0.39046428571428576,0.49560714285714275,0.5218928571428572,0.3721410256410257,0.4835384615384615,0.5378846153846154,0.010027177295918368,0.008677238520408165,0.01723452423469388,0.014236069855358316,0.007250145956607497,0.014528332840236685,0.45760256410256406,0.3728205128205128,0.48461538461538456,0.0671382783882783,0.12278663003662993,0.0372774725274726,28,78,0.5654326670320916,0.7746153846153842,72.56603773584905,106,27
709,709.0,0.39266666666666666,0.49648148148148147,0.5268148148148148,0.3725,0.48606250000000006,0.5426125,0.010262740740740742,0.008977212620027434,0.017194521262002747,0.014787575,0.00729860859375,0.015620787343749998,0.46407500000000007,0.37670000000000003,0.49176249999999994,0.0714083333333334,0.11978148148148143,0.03505231481481491,27,80,0.5061078461143054,0.7737499999999995,72.2803738317757,107,28
710,710.0,0.3948461538461538,0.49696153846153845,0.5311538461538462,0.37348750000000003,0.48596249999999996,0.544675,0.010529207100591714,0.009316267751479292,0.017347514792899407,0.01482807484375,0.007306211093750001,0.015748069375,0.4710375,0.3741375,0.493975,0.0761913461538462,0.12282403846153844,0.0371788461538462,26,80,0.5318675045645501,0.7967499999999994,72.56603773584905,106,24
711,711.0,0.39812000000000003,0.49976,0.52636,0.3746582278481013,0.4870886075949368,0.5474177215189872,0.010671705600000001,0.009485302400000001,0.017443910400000002,0.01517718698926454,0.007477701009453613,0.016460445761897133,0.4744810126582278,0.37197468354430385,0.4932405063291139,0.07636101265822776,0.12778531645569613,0.033119493670886124,25,79,0.5008718893090193,0.7765822784810122,72.59615384615384,104,29
712,712.0,0.39912,0.50124,0.5210400000000001,0.3766625,0.48553750000000007,0.547525,0.010425465600000001,0.0094941824,0.016945958400000002,0.01530482359375,0.007574298593750001,0.016255599375,0.4779125000000001,0.3692875,0.49273749999999994,0.0787925000000001,0.13195250000000003,0.02830250000000012,25,80,0.4982603717270501,0.7964999999999994,73.52380952380952,105,27
713,713.0,0.40133333333333326,0.497,0.5240740740740741,0.376475,0.48385,0.5493625,0.009972296296296297,0.009065703703703706,0.017000513031550066,0.015265849375000001,0.0080778275,0.016329306093750003,0.48027499999999995,0.3719375,0.4989875,0.07894166666666669,0.12506250000000002,0.025086574074074164,27,80,0.5213744427263437,0.8133749999999994,72.61682242990655,107,23
714,714.0,0.4024285714285714,0.49282142857142863,0.5143928571428572,0.37382278481012665,0.48375949367088605,0.5477468354430378,0.009578244897959184,0.008766503826530613,0.01811780994897959,0.014896348341611925,0.008179423169363886,0.016327176414036217,0.4762405063291139,0.3731139240506329,0.49484810126582285,0.0738119349005425,0.11970750452079576,0.01954475587703436,28,79,0.5106095135000495,0.8377215189873414,72.75700934579439,107,21
715,715.0,0.3938709677419354,0.49396774193548393,0.5224193548387097,0.3686913580246914,0.48674074074074075,0.5467530864197532,0.011889854318418314,0.008079063475546306,0.017252888657648284,0.015170015851242186,0.008266611796982166,0.01624423532998018,0.47214814814814815,0.3651234567901234,0.4891358024691358,0.07827718040621273,0.1288442851453605,0.03328355236957392,31,81,0.47383430749205,0.8090123456790118,71.86607142857143,112,21
716,716.0,0.3938709677419354,0.49396774193548393,0.5224193548387097,0.37247560975609756,0.48506097560975614,0.552390243902439,0.011889854318418314,0.008079063475546306,0.017252888657648284,0.014988542088042836,0.008103496281975014,0.016333164782867338,0.4768536585365854,0.3678658536585366,0.4984634146341464,0.08298269079464998,0.12610188827694735,0.02395594020456332,31,82,0.43527529016402783,0.8126829268292676,71.38938053097345,113,23
717,717.0,0.39234375,0.49553125,0.524625,0.3711058823529412,0.48428235294117655,0.5517647058823528,0.011590600585937501,0.007902374023437502,0.016864546875,0.014511977024221454,0.007974037923875434,0.01594919169550173,0.4775176470588236,0.36432941176470585,0.49639999999999995,0.08517389705882361,0.13120183823529413,0.028225000000000056,32,85,0.43275638930988036,0.7970588235294109,71.47008547008546,117,22
718,718.0,0.39342424242424245,0.4951818181818182,0.523969696969697,0.3718414634146342,0.4853170731707318,0.5538780487804879,0.011276729109274564,0.007666815426997246,0.01636724150596878,0.014969743158834028,0.008097948245092208,0.016292570493753718,0.47654878048780486,0.3706951219512195,0.5044390243902439,0.0831245380635624,0.12448669623059871,0.019530672579453068,33,82,0.42747297092305164,0.8037804878048775,71.23478260869565,115,19
719,719.0,0.3791379310344828,0.49965517241379315,0.5257931034482758,0.3742560975609756,0.4847682926829268,0.5537439024390244,0.012424532699167656,0.006872639714625446,0.01409919857312723,0.015336531975014873,0.008199519482450922,0.016275751487209996,0.4828536585365854,0.3695,0.49821951219512195,0.10371572750210262,0.13015517241379315,0.02757359125315384,29,82,0.455418283913481,0.8303658536585359,70.22522522522523,111,17
720,720.0,0.37423076923076926,0.5036153846153846,0.5277307692307692,0.37325925925925924,0.4865555555555556,0.5535555555555555,0.013411485207100591,0.006805621301775149,0.015457119822485208,0.015390315500685875,0.007859111111111112,0.01648027160493827,0.4747901234567901,0.37161728395061727,0.5078271604938271,0.10055935422602086,0.1319981006647673,0.01990360873694208,26,81,0.4382580142909949,0.8176543209876537,69.66355140186916,107,22
721,721.0,0.3615925925925926,0.510962962962963,0.5294444444444445,0.37355696202531646,0.4883417721518987,0.5586962025316455,0.014086093278463649,0.004903887517146777,0.014846024691358024,0.015427512578112482,0.007697136356353149,0.01583178112481974,0.4798860759493672,0.37022784810126574,0.5075316455696202,0.11829348335677464,0.1407351148616972,0.021912798874824335,27,79,0.42589237870564073,0.8287341772151895,68.64150943396227,106,22
722,722.0,0.3487037037037037,0.5172962962962964,0.5256296296296297,0.37671052631578944,0.48922368421052626,0.5602368421052631,0.01550768998628258,0.004566578875171469,0.014441936899862827,0.015498653047091415,0.007674726281163435,0.016134312326869803,0.48817105263157895,0.37063157894736837,0.5125657894736843,0.13946734892787527,0.146664717348928,0.013063840155945416,27,76,0.4262552364585509,0.8114473684210521,68.75728155339806,103,26
723,723.0,0.3424,0.5121,0.525,0.37468,0.49293333333333333,0.5600933333333333,0.015314306666666664,0.004423623333333334,0.013158133333333334,0.01571115093333333,0.007432835555555555,0.016282164622222223,0.48341333333333336,0.37582666666666664,0.4978533333333334,0.14101333333333338,0.13627333333333336,0.027146666666666597,30,75,0.4249226051295268,0.7879999999999996,67.25714285714285,105,28
724,724.0,0.33280000000000004,0.5077,0.5177666666666666,0.37430263157894733,0.4928815789473684,0.5625526315789473,0.012196226666666669,0.003938743333333334,0.010349912222222226,0.015702421572022163,0.007391235976454294,0.01581456301939058,0.4774736842105263,0.3734473684210526,0.4996184210526316,0.14467368421052623,0.13425263157894746,0.018148245614034997,30,76,0.4397869942759995,0.7930263157894731,66.5,106,27
725,725.0,0.33277777777777784,0.5085925925925926,0.5164814814814815,0.3760945945945946,0.49071621621621625,0.5642567567567568,0.012179135802469135,0.0042786117969821685,0.009988842249657069,0.015982058619430244,0.007217554601899196,0.016131298940832726,0.4828378378378378,0.377527027027027,0.5032567567567569,0.15006006006005995,0.1310655655655656,0.01322472472472469,27,74,0.4492671199604753,0.7947297297297292,66.89108910891089,101,29
726,726.0,0.32888461538461533,0.5140769230769231,0.5149999999999999,0.37717567567567567,0.4908918918918919,0.5645540540540541,0.012238332840236687,0.0036310710059171605,0.010313769230769234,0.015907171840759682,0.007131285609934259,0.015740409240321402,0.48708108108108106,0.3823918918918919,0.5057702702702703,0.15819646569646573,0.13168503118503122,0.009229729729729574,26,74,0.46678046254918687,0.8371621621621618,66.3,100,24
727,727.0,0.32376,0.5074799999999999,0.53092,0.3758666666666667,0.4931466666666666,0.5634133333333334,0.0112194624,0.0042198496000000005,0.0087389536,0.01582187555555556,0.007412418488888887,0.015626829155555553,0.48138666666666663,0.38320000000000004,0.5090800000000001,0.15762666666666664,0.12427999999999989,0.02183999999999986,25,75,0.4523495522291576,0.8366666666666661,65.78,100,26
728,728.0,0.33488,0.50776,0.5318,0.37697402597402596,0.4934675324675324,0.5623506493506495,0.012257625600000002,0.004219782400000001,0.0087436,0.015698778546129197,0.007230820374430763,0.01567238353853938,0.4807402597402597,0.3915064935064935,0.509818181818182,0.14586025974025968,0.11625350649350646,0.021981818181818102,25,77,0.42425907502629223,0.8422077922077917,66.11764705882354,102,26
729,729.0,0.3406666666666667,0.5045833333333334,0.53375,0.3753815789473684,0.49286842105263146,0.560342105263158,0.014821222222222222,0.004584243055555556,0.009894854166666666,0.015710078081717455,0.007298324792243768,0.015567961911357339,0.4766447368421052,0.39653947368421055,0.5090789473684211,0.1359780701754385,0.10804385964912283,0.02467105263157887,24,76,0.4179879859018711,0.85328947368421,66.09,100,26
730,730.0,0.3222083333333334,0.5058333333333334,0.5225000000000001,0.37231578947368427,0.4942499999999999,0.5549736842105264,0.01496633159722222,0.00409788888888889,0.009816916666666668,0.01500095290858726,0.007195924342105262,0.014877130886426594,0.4707105263157894,0.40192105263157896,0.5026052631578948,0.14850219298245604,0.1039122807017544,0.0198947368421053,24,76,0.4283956524263845,0.8403947368421049,66.12,100,29
731,731.0,0.32264000000000004,0.51164,0.52148,0.3758082191780822,0.4926301369863014,0.5553424657534246,0.014372150399999997,0.0047431904000000006,0.0094492096,0.01512114130230813,0.007415054982173015,0.015408060799399511,0.47358904109589034,0.4083835616438356,0.5053424657534248,0.1509490410958903,0.10325643835616438,0.01613753424657527,25,73,0.4167588356700189,0.8767123287671228,65.51020408163265,98,28
732,732.0,0.32264000000000004,0.51164,0.52148,0.37885135135135134,0.49121621621621625,0.5560675675675676,0.014372150399999997,0.0047431904000000006,0.0094492096,0.015592829254930605,0.007460791088385681,0.015238225164353544,0.4774594594594594,0.4099054054054054,0.5091891891891893,0.15481945945945935,0.10173459459459461,0.012290810810810737,25,74,0.3663968800914018,0.8809459459459453,66.17171717171718,99,31
733,733.0,0.3280434782608696,0.5106086956521739,0.5191304347826087,0.37766666666666665,0.4903866666666667,0.5564266666666666,0.014636041587901698,0.005105803402646503,0.0100296786389414,0.015488782222222225,0.007412237155555554,0.01504459128888889,0.47654666666666656,0.40996,0.50924,0.14850318840579696,0.10064869565217394,0.009890434782608648,23,75,0.41213943971754047,0.8914666666666661,67.70408163265306,98,30
734,734.0,0.33242307692307693,0.5048076923076923,0.5201153846153846,0.3719078947368421,0.49252631578947365,0.5525657894736842,0.01369732100591716,0.006065001479289941,0.011027717455621302,0.01454860993767313,0.007108275623268699,0.014613824619113574,0.4687763157894737,0.41073684210526323,0.506328947368421,0.13635323886639678,0.09407085020242906,0.013786437246963601,26,76,0.4272472949907755,0.8310526315789469,67.90196078431373,102,32
735,735.0,0.32848148148148154,0.5065555555555554,0.5251481481481483,0.3720405405405406,0.49358108108108095,0.5458243243243243,0.013593953360768175,0.005919802469135803,0.011277829903978054,0.01397625511322133,0.007108865047479914,0.013568469138056977,0.4669189189189189,0.4127027027027027,0.4954189189189189,0.13843743743743736,0.09385285285285272,0.029729229229229326,27,74,0.40759595248248076,0.8670270270270264,68.0,101,28
736,736.0,0.32577419354838716,0.5121290322580644,0.5195806451612904,0.3728266666666667,0.4917333333333332,0.5459066666666667,0.015488239334027052,0.006329144640998961,0.011282372528616028,0.013835636622222222,0.00726672888888889,0.013388057955555558,0.46832,0.4084933333333333,0.48932,0.14254580645161286,0.10363569892473107,0.030260645161290456,31,75,0.41790815514280993,0.8803999999999994,68.80188679245283,106,23
737,737.0,0.32330303030303026,0.516909090909091,0.5144242424242425,0.37415384615384617,0.4921923076923075,0.5450128205128204,0.015262453627180898,0.00636177961432507,0.011303456382001838,0.013454514792899405,0.007013052761341223,0.012993628040762656,0.4696666666666667,0.40075641025641023,0.48205128205128206,0.14636363636363642,0.11615268065268075,0.03237296037296039,33,78,0.42506934042915834,0.8407692307692302,69.7927927927928,111,24
738,738.0,0.3230666666666666,0.5225,0.5052666666666666,0.36970000000000003,0.49463749999999995,0.5399125,0.015111662222222221,0.006347649999999998,0.009835528888888891,0.013561885000000001,0.00681470609375,0.013107704843750002,0.4656874999999999,0.39621249999999997,0.474975,0.1426208333333333,0.1262875,0.03029166666666666,30,80,0.42224015431165046,0.8114999999999994,70.34545454545454,110,28
739,739.0,0.3201666666666666,0.5223,0.5057333333333333,0.37061728395061727,0.4931604938271605,0.538962962962963,0.014746938888888889,0.006364210000000001,0.00983972888888889,0.013461767108672458,0.006551295229385765,0.013838998628257887,0.4678765432098765,0.39892592592592596,0.47359259259259257,0.14770987654320988,0.12337407407407402,0.03214074074074069,30,81,0.40910384208333905,0.8361728395061724,70.01801801801801,111,24
740,740.0,0.31670370370370365,0.5271481481481481,0.5058888888888888,0.36804938271604937,0.49487654320987656,0.5417901234567901,0.01593006035665295,0.006692792866941015,0.010849654320987655,0.013986935832952296,0.0065365773510135654,0.013757770766651422,0.4575061728395062,0.40640740740740744,0.48713580246913585,0.14080246913580252,0.1207407407407407,0.018753086419752985,27,81,0.45178172245702847,0.8322222222222216,69.98148148148148,108,25
741,741.0,0.31670370370370365,0.5271481481481481,0.5058888888888888,0.3667692307692308,0.4949871794871795,0.5414871794871795,0.01593006035665295,0.006692792866941015,0.010849654320987655,0.013800895463510848,0.006440551117685734,0.01381981393819855,0.45871794871794863,0.4069102564102564,0.48275641025641025,0.14201424501424498,0.12023789173789173,0.02313247863247858,27,78,0.40739470507507475,0.8561538461538458,69.6952380952381,105,26
742,742.0,0.3151481481481482,0.5286296296296296,0.5037777777777778,0.36592105263157887,0.5003552631578948,0.5359342105263157,0.015954718792866942,0.00681164060356653,0.011336617283950618,0.014071572714681437,0.006299860630193906,0.013857377250692521,0.4621052631578947,0.4134736842105264,0.4715526315789474,0.1469571150097465,0.11515594541910318,0.03222514619883038,27,76,0.43921026879497804,0.8490789473684207,69.8252427184466,103,25
743,743.0,0.3161481481481481,0.5324444444444444,0.5026666666666667,0.3620263157894737,0.49769736842105267,0.5314342105263158,0.01585042249657064,0.00696395061728395,0.011226,0.014219367728531851,0.006390368940443214,0.013467535145429362,0.4569078947368421,0.41028947368421054,0.46910526315789475,0.140759746588694,0.12215497076023385,0.03356140350877196,27,76,0.4162412098614006,0.8651315789473678,70.41747572815534,103,24
744,744.0,0.3056296296296296,0.5368888888888889,0.5034814814814816,0.3592077922077922,0.49722077922077923,0.5306753246753246,0.017152381344307268,0.006531358024691358,0.011176990397805212,0.014638450328891888,0.0063246395682239834,0.01333640107944004,0.4535974025974026,0.4127922077922078,0.4667662337662338,0.14796777296777303,0.12409668109668104,0.03671524771524787,27,77,0.4298133730027104,0.8659740259740255,71.3173076923077,104,24
745,745.0,0.314037037037037,0.535962962962963,0.511,0.3597236842105263,0.4994342105263157,0.5333684210526316,0.01992122085048011,0.006444183813443072,0.010323777777777777,0.014975147333795017,0.006077982513850415,0.013466680055401662,0.4576447368421053,0.4202763157894737,0.4819342105263158,0.14360769980506832,0.11568664717348925,0.02906578947368421,27,76,0.4623677908669173,0.8840789473684206,71.59223300970874,103,21
746,746.0,0.29959259259259263,0.5442222222222222,0.5052222222222221,0.36278666666666665,0.4997866666666667,0.5358000000000002,0.018875871056241427,0.006203135802469135,0.009874395061728396,0.01482611448888889,0.006196247822222223,0.01352224,0.4645066666666667,0.41218666666666665,0.48808,0.16491407407407405,0.13203555555555552,0.017142222222222114,27,75,0.4242554170992831,0.8837333333333328,70.96078431372548,102,25
747,747.0,0.30526923076923074,0.5488076923076923,0.4955769230769231,0.36141891891891886,0.4995,0.5359189189189191,0.019972735207100592,0.005805616863905326,0.01021155177514793,0.01488616234477721,0.006273817567567568,0.013703912344777207,0.4632837837837838,0.4177567567567567,0.49428378378378385,0.15801455301455308,0.1310509355509356,0.0012931392931392338,26,74,0.46013945336498774,0.8841891891891887,71.51,100,27
748,748.0,0.2994230769230769,0.5449999999999999,0.49357692307692314,0.3660266666666667,0.50032,0.53636,0.020327551775147924,0.005336538461538461,0.009989859467455621,0.014815332622222224,0.006091390933333332,0.013875670399999998,0.4744000000000001,0.4242,0.48045333333333323,0.1749769230769232,0.12079999999999991,0.013123589743589903,26,75,0.4403137967346692,0.8823999999999995,69.87128712871286,101,24
749,749.0,0.30576923076923074,0.5437307692307691,0.49269230769230765,0.36432876712328766,0.49954794520547946,0.5331780821917809,0.023321715976331356,0.005597658284023668,0.009668982248520709,0.0145264672546444,0.006194549071120285,0.013626009382623379,0.4775479452054794,0.41928767123287675,0.47538356164383566,0.17177871443624865,0.12444309799789238,0.01730874604847199,26,73,0.41803619200715353,0.8817808219178077,69.4040404040404,99,26
750,750.0,0.30468000000000006,0.53944,0.49252,0.3704189189189189,0.49674324324324337,0.5328648648648648,0.024223737599999996,0.005342886399999999,0.010054969600000001,0.015009351533966401,0.005862434075967859,0.014796657414170926,0.4807972972972973,0.4176891891891892,0.478635135135135,0.17611729729729725,0.12175081081081085,0.01388486486486501,25,74,0.39790985968294196,0.8767567567567561,70.0,99,27
751,751.0,0.29779999999999995,0.54756,0.50044,0.36945333333333336,0.4975466666666668,0.5316666666666666,0.02246576,0.006160886399999999,0.0096005664,0.014878221155555555,0.005832034488888889,0.014705608888888888,0.47834666666666664,0.4175333333333333,0.4724133333333332,0.1805466666666667,0.13002666666666673,0.02802666666666681,25,75,0.425761727773747,0.8553333333333328,69.65,100,30
752,752.0,0.29787499999999995,0.5432916666666667,0.49974999999999997,0.36964864864864866,0.5013108108108109,0.5307702702702702,0.023401692708333328,0.00596212326388889,0.009988687500000001,0.015553660336011684,0.005767646639883126,0.014602285062089115,0.48239189189189174,0.42489189189189186,0.4818513513513514,0.1845168918918918,0.11839977477477487,0.017898648648648596,24,74,0.392649732752218,0.8879729729729725,69.68367346938776,98,32
753,753.0,0.30288,0.5479600000000001,0.49244,0.3647012987012987,0.5019220779220779,0.5347012987012987,0.023467945599999998,0.0061560384,0.0102936864,0.01560153415415753,0.00559378613594198,0.014419222465845843,0.47551948051948034,0.4248571428571428,0.4925714285714286,0.17263948051948036,0.12310285714285729,0.00013142857142861564,25,77,0.4694008585900869,0.8737662337662331,69.40196078431373,102,26
754,754.0,0.3043913043478261,0.5511739130434783,0.4968260869565218,0.3667792207792208,0.5022727272727272,0.5331428571428571,0.0246018034026465,0.006361882797731569,0.01043275236294896,0.015394821386405803,0.005682432113341204,0.014870927643784781,0.48510389610389604,0.43146753246753244,0.48602597402597414,0.18071259175606996,0.11970638057594585,0.010800112930547667,23,77,0.4584851585746831,0.8659740259740255,69.76,100,30
755,755.0,0.3095,0.5520909090909091,0.4974545454545455,0.3674605263157895,0.4998815789473684,0.5364868421052631,0.025119795454545457,0.006631719008264463,0.01089788429752066,0.015588537915512466,0.005918051765927979,0.015186828774238227,0.48834210526315786,0.42301315789473687,0.4871842105263157,0.17884210526315786,0.1290777511961722,0.010270334928229763,22,76,0.4261225265182102,0.8538157894736839,70.60204081632654,98,34
756,756.0,0.2987272727272728,0.5552272727272729,0.5105,0.368,0.49957333333333337,0.53528,0.025434652892561985,0.006611902892561983,0.009502613636363637,0.01577426666666667,0.005989737955555557,0.015278628266666665,0.4901466666666666,0.4215733333333333,0.48598666666666673,0.19141939393939383,0.1336539393939396,0.02451333333333322,22,75,0.4133594623006616,0.8999999999999996,70.26804123711341,97,30
757,757.0,0.2710416666666666,0.5497916666666667,0.510125,0.3642027027027028,0.49877027027027027,0.5328648648648648,0.021250373263888886,0.007232914930555556,0.008859359375,0.014905972425127832,0.0060223120891161434,0.015047630387143901,0.48614864864864865,0.4180405405405405,0.4799459459459458,0.21510698198198203,0.13175112612612616,0.030179054054054244,24,74,0.5085886179281385,0.8782432432432428,70.63265306122449,98,30
758,758.0,0.27359999999999995,0.54848,0.50872,0.35888000000000003,0.5015333333333334,0.5313466666666667,0.020557439999999996,0.0069848896,0.0085523616,0.01581717226666667,0.005742702222222222,0.015079559822222224,0.48143999999999987,0.4259066666666667,0.497,0.2078399999999999,0.12257333333333326,0.011719999999999953,25,75,0.48953717927428664,0.8690666666666662,69.26,100,29
759,759.0,0.27707692307692305,0.555923076923077,0.5001538461538462,0.358012987012987,0.5021948051948052,0.5323506493506495,0.01959068639053254,0.00465384023668639,0.007630976331360947,0.015514532298869963,0.00561059841457244,0.01472609782425367,0.47389610389610376,0.42254545454545456,0.49824675324675327,0.1968191808191807,0.1333776223776224,0.0019070929070929,26,77,0.5030133165494912,0.8296103896103891,68.32038834951456,103,31
760,760.0,0.27452000000000004,0.55904,0.49948,0.358012987012987,0.5021948051948052,0.5323506493506495,0.0202043296,0.0045873984000000005,0.0079244096,0.015514532298869963,0.00561059841457244,0.01472609782425367,0.47389610389610376,0.42254545454545456,0.49824675324675327,0.19937610389610372,0.13649454545454542,0.0012332467532467084,25,77,0.4974517243478861,0.8680519480519475,69.47058823529412,102,29
761,761.0,0.27253846153846156,0.5602692307692307,0.5036923076923077,0.35905333333333334,0.5028,0.5382133333333334,0.019525402366863905,0.004448735207100591,0.008063213017751479,0.015875917155555554,0.0056753866666666665,0.013586647822222221,0.47601333333333323,0.4248133333333333,0.5097066666666666,0.20347487179487167,0.13545589743589742,0.00601435897435898,26,75,0.46249371947442375,0.8677333333333327,69.24752475247524,101,32
762,762.0,0.30396551724137927,0.5455172413793103,0.5210689655172415,0.3599466666666667,0.5042799999999998,0.5424399999999999,0.0220802401902497,0.005309284185493461,0.009581857312722947,0.015983117155555556,0.005509508266666668,0.0122524864,0.48034666666666664,0.4182933333333333,0.5097066666666666,0.17638114942528738,0.12722390804597705,0.011362298850574826,29,75,0.5083382544294446,0.8298666666666661,68.26923076923077,104,34
763,763.0,0.30396551724137927,0.5455172413793103,0.5210689655172415,0.36018181818181816,0.501116883116883,0.5444285714285716,0.0220802401902497,0.005309284185493461,0.009581857312722947,0.015658824085005903,0.005444414909765559,0.012833491651205935,0.47770129870129874,0.41624675324675325,0.5131818181818181,0.17373578145991947,0.1292704881325571,0.007887147335423395,29,77,0.4478505332616473,0.8280519480519476,69.27358490566037,106,35
764,764.0,0.3147586206896551,0.5406206896551724,0.5208275862068966,0.3651772151898734,0.5014556962025316,0.5460000000000002,0.0227523900118906,0.0052218216409036875,0.009591728894173604,0.01632520910110559,0.005318754366287454,0.012609746835443037,0.4839367088607595,0.4204177215189874,0.5213417721518987,0.1691780881711044,0.12020296813618503,0.0005141859450020769,29,79,0.4513619902944306,0.814177215189873,69.88888888888889,108,36
765,765.0,0.32665517241379305,0.5355517241379311,0.5227241379310344,0.3662405063291139,0.49873417721518976,0.5488481012658228,0.022224019024970273,0.00561300594530321,0.009723441141498217,0.01637261304278161,0.005447182502804037,0.012222837686268223,0.4856708860759494,0.4147974683544304,0.5304177215189871,0.15901571366215633,0.12075425578350069,0.00769358358795269,29,79,0.4194318877149594,0.8359493670886071,69.28703703703704,108,34
766,766.0,0.3279677419354839,0.5333548387096774,0.5252258064516129,0.36453846153846153,0.49952564102564095,0.550871794871795,0.021314805411030178,0.00536616441207076,0.009974626430801247,0.016353658777120316,0.005467531393819856,0.012056009204470742,0.4843846153846154,0.4201153846153846,0.5362948717948718,0.15641687344913152,0.11323945409429276,0.01106906534325891,31,78,0.42762295861398103,0.8449999999999994,69.97247706422019,109,33
767,767.0,0.32270967741935486,0.5281612903225805,0.5285483870967742,0.36539506172839503,0.4983703703703704,0.5489753086419754,0.019409689906347546,0.00578432882414152,0.010483731529656608,0.016178559975613474,0.005348973936899862,0.011846073464410913,0.4848271604938272,0.41091358024691355,0.5230987654320987,0.16211748307447232,0.11724771007566698,0.005449621664675552,31,81,0.42423017539832875,0.8222222222222219,70.94642857142857,112,34
768,768.0,0.32615625000000004,0.5249062499999999,0.530875,0.36680722891566264,0.4988554216867469,0.5494578313253011,0.0191713818359375,0.005932022460937501,0.010323921875,0.015255143562200611,0.005365569458557121,0.01170121207722456,0.4924096385542168,0.4098313253012048,0.5124939759036146,0.16625338855421679,0.1150749246987951,0.018381024096385423,32,83,0.4220922541184394,0.8130120481927703,71.08695652173913,115,32
769,769.0,0.3317333333333333,0.5187666666666666,0.5330999999999999,0.36487951807228913,0.49772289156626504,0.5517951807228917,0.019610995555555556,0.005656112222222222,0.010312156666666666,0.015589961387719552,0.005400200319349688,0.011431825518943246,0.4878554216867469,0.4102771084337349,0.5204337349397591,0.15612208835341357,0.10848955823293172,0.012666265060240822,30,83,0.4158342254474031,0.8153012048192765,72.11504424778761,113,34
770,770.0,0.3317333333333333,0.5187666666666666,0.5330999999999999,0.3658214285714286,0.4965357142857143,0.5521666666666667,0.019610995555555556,0.005656112222222222,0.010312156666666666,0.015478003826530614,0.005452891581632653,0.011307186507936506,0.49232142857142847,0.41215476190476186,0.5232976190476192,0.16058809523809514,0.10661190476190474,0.00980238095238073,30,84,0.3658492465468692,0.8292857142857137,73.07894736842105,114,35
771,771.0,0.3276666666666667,0.5226666666666667,0.5343333333333333,0.3618470588235294,0.4967529411764706,0.5482941176470588,0.01760496296296296,0.006026222222222223,0.010048444444444445,0.01476862366782007,0.005405621314878892,0.011171995847750863,0.4819294117647059,0.40818823529411763,0.512,0.15426274509803917,0.1144784313725491,0.022333333333333316,27,85,0.3470855100508936,0.8594117647058818,74.29464285714286,112,33
772,772.0,0.3235172413793103,0.5208620689655172,0.5203793103448275,0.35784523809523816,0.4953809523809524,0.5484761904761906,0.018265077288941736,0.006250187871581451,0.012295545778834722,0.014295773667800457,0.00544516439909297,0.011342844671201814,0.47798809523809527,0.4006785714285714,0.5210238095238096,0.15447085385878495,0.12018349753694585,0.0006444991789820165,29,84,0.3786749855279915,0.8170238095238088,73.26548672566372,113,33
773,773.0,0.33474074074074067,0.5174444444444443,0.5101111111111111,0.36372619047619054,0.49589285714285714,0.5502738095238096,0.019343303155006857,0.006420543209876543,0.01199935802469136,0.014855175028344672,0.005428690901360544,0.011106103599773242,0.48952380952380947,0.4078928571428572,0.5296904761904762,0.1547830687830688,0.10955158730158704,0.019579365079365085,27,84,0.4359053802208667,0.8044047619047612,73.0,111,32
774,774.0,0.3305555555555555,0.5186666666666666,0.5118148148148148,0.3610975609756098,0.497670731707317,0.5444634146341464,0.019478469135802468,0.006323851851851853,0.012571928669410152,0.01498669779892921,0.005466513533610946,0.010882980368828078,0.4841097560975609,0.411439024390244,0.5166585365853658,0.15355420054200541,0.10722764227642262,0.004843721770550924,27,82,0.4490202386756976,0.8206097560975605,73.44954128440367,109,31
775,775.0,0.3167083333333333,0.5180833333333333,0.5132499999999999,0.3593292682926829,0.4964390243902439,0.5471707317073171,0.01717787326388889,0.006827576388888891,0.013986854166666667,0.015185903777513384,0.005440270672218918,0.010825678167757287,0.4780609756097561,0.4050365853658537,0.5229390243902439,0.16135264227642276,0.11304674796747965,0.009689024390243994,24,82,0.4662813318937517,0.8293902439024385,72.76415094339623,106,31
776,776.0,0.31976,0.5156400000000001,0.5133999999999999,0.35650000000000004,0.49781250000000005,0.5477124999999999,0.0167142624,0.006697750400000001,0.01342792,0.0154318,0.00519525234375,0.01074557984375,0.471025,0.40916250000000004,0.519775,0.15126500000000004,0.10647750000000006,0.0063750000000001306,25,80,0.48693962743313385,0.8086249999999996,72.41904761904762,105,34
777,777.0,0.3292962962962963,0.5141481481481482,0.5073333333333333,0.35530379746835444,0.49878481012658243,0.5466329113924051,0.01768702331961591,0.006251385459533609,0.012214222222222224,0.015512667200769107,0.005185384073065214,0.01078835891684025,0.4689493670886076,0.4140506329113923,0.5259746835443038,0.13965307079231132,0.10009751523675592,0.018641350210970464,27,79,0.4877773545587321,0.8210126582278477,72.73584905660377,106,33
778,778.0,0.33421428571428574,0.5167142857142858,0.5081785714285715,0.3551818181818182,0.5002207792207793,0.5462207792207793,0.016111239795918365,0.006422632653061226,0.011688360969387756,0.015612044864226682,0.005137159048743465,0.010473548659133077,0.46431168831168834,0.4197532467532467,0.5285194805194805,0.1300974025974026,0.09696103896103908,0.02034090909090902,28,77,0.47779503067590223,0.8488311688311685,73.25714285714285,105,32
779,779.0,0.33846666666666664,0.5161,0.49783333333333335,0.3551818181818182,0.5002207792207793,0.5462207792207793,0.01582618222222222,0.006323756666666666,0.011121805555555553,0.015612044864226682,0.005137159048743465,0.010473548659133077,0.46431168831168834,0.4197532467532467,0.5285194805194805,0.1258450216450217,0.09634675324675329,0.03068614718614715,30,77,0.49134939637409203,0.8470129870129867,74.27102803738318,107,32
780,780.0,0.3401515151515152,0.5164242424242423,0.506939393939394,0.35429113924050637,0.49988607594936707,0.5432784810126583,0.014431522497704316,0.005862001836547292,0.01169563269054178,0.015350155744271747,0.005082531325108156,0.0105291629546547,0.46073417721518983,0.42050632911392405,0.5227721518987342,0.12058266206367463,0.09591791331031829,0.015832757959340138,33,79,0.5321587365163544,0.8187341772151894,73.48214285714286,112,27
781,781.0,0.3315625,0.5148125,0.5105,0.3573947368421054,0.49898684210526306,0.5424868421052632,0.013524808593749998,0.006019277343750001,0.01170775,0.015411002077562326,0.005053644563711912,0.010909591932132964,0.46461842105263146,0.4126184210526315,0.5251973684210527,0.13305592105263148,0.10219407894736848,0.014697368421052737,32,76,0.5258458522103008,0.8434210526315785,74.44444444444444,108,28
782,782.0,0.342125,0.5193125000000001,0.5104687499999999,0.3605270270270271,0.4973513513513514,0.5429054054054053,0.014288609375,0.00510971484375,0.011700749023437498,0.015355762783053326,0.004958038714390065,0.010964031592403214,0.46802702702702703,0.41489189189189185,0.5281621621621622,0.12590202702702702,0.10442060810810821,0.017693412162162248,32,74,0.5191236074280174,0.833513513513513,74.09433962264151,106,29
783,783.0,0.3498,0.5171428571428571,0.5193714285714286,0.35986111111111113,0.4967361111111111,0.5404027777777777,0.012805188571428571,0.005358351020408163,0.011866462040816326,0.014805730709876544,0.005091416473765433,0.011730546103395063,0.4692361111111112,0.40444444444444444,0.5197222222222222,0.11943611111111119,0.11269841269841269,0.0003507936507936016,35,72,0.5386216501620548,0.8030555555555551,72.66355140186916,107,29
784,784.0,0.3559473684210527,0.5140526315789473,0.5223157894736842,0.3584285714285715,0.49827142857142853,0.5407142857142857,0.012486418282548477,0.005065207756232686,0.011233952908587258,0.014989844897959181,0.005132712040816327,0.01069814693877551,0.46761428571428565,0.40047142857142853,0.5232571428571429,0.11166691729323297,0.11358120300751878,0.0009413533834586874,38,70,0.5232646733161287,0.7702857142857138,72.46296296296296,108,33
785,785.0,0.35612820512820514,0.5124358974358975,0.5238461538461539,0.3584285714285715,0.49827142857142853,0.5407142857142857,0.012167496383957923,0.005034656147271531,0.011034899408284024,0.014989844897959181,0.005132712040816327,0.01069814693877551,0.46761428571428565,0.40047142857142853,0.5232571428571429,0.1114860805860805,0.11196446886446892,0.0005890109890109851,39,70,0.4969175408678863,0.7759999999999996,73.62385321100918,109,35
786,786.0,0.3672631578947369,0.5161315789473685,0.5291842105263158,0.36090140845070423,0.4988450704225352,0.5372535211267606,0.011278720221606647,0.004706324792243767,0.01069509764542936,0.014708173378297955,0.005139173179924618,0.01098934417774251,0.4705492957746479,0.4099154929577465,0.5171971830985916,0.10328613787991098,0.10621608598962201,0.011987027427724173,38,71,0.5024500912921823,0.8102816901408444,73.26605504587155,109,31
787,787.0,0.37343243243243246,0.513945945945946,0.5321081081081082,0.36261111111111105,0.4975000000000001,0.5356527777777776,0.01013727246165084,0.004651997078159239,0.010659285609934259,0.014665737654320986,0.005220916666666667,0.01058080999228395,0.47495833333333337,0.41525,0.5119861111111111,0.10152590090090091,0.098695945945946,0.020121996996997016,37,72,0.4537758413817734,0.8199999999999995,73.4770642201835,109,32
788,788.0,0.3757179487179487,0.5086153846153848,0.5312307692307693,0.3639189189189189,0.4984459459459461,0.5315405405405405,0.010384817882971728,0.004912441814595661,0.010084895463510846,0.014358615047479912,0.0051162470781592395,0.0113709780861943,0.4745405405405405,0.4178783783783784,0.5072432432432432,0.09882259182259179,0.09073700623700642,0.02398752598752607,39,74,0.438547133432845,0.7878378378378373,73.2566371681416,113,34
789,789.0,0.37069230769230765,0.5077948717948718,0.5362307692307693,0.36243421052631575,0.49740789473684227,0.5305263157894737,0.009994879684418145,0.00496693228139382,0.010592587771203154,0.01451737725069252,0.005216109937673132,0.011411091412742382,0.47603947368421057,0.42189473684210527,0.5073552631578947,0.10534716599190291,0.08590013495276655,0.02887550607287459,39,76,0.45579345462141174,0.8147368421052628,74.05217391304348,115,27
790,790.0,0.3786842105263158,0.5057105263157895,0.540657894736842,0.36243421052631575,0.49740789473684227,0.5305263157894737,0.007766952908587257,0.00492820567867036,0.01010696191135734,0.01451737725069252,0.005216109937673132,0.011411091412742382,0.47603947368421057,0.42189473684210527,0.5073552631578947,0.09735526315789478,0.08381578947368423,0.033302631578947306,38,76,0.43481776895930746,0.8539473684210521,74.98245614035088,114,25
791,791.0,0.37575,0.5040250000000001,0.5424249999999999,0.35940259740259733,0.499,0.5300519480519481,0.0081648875,0.005003724374999999,0.010252044374999996,0.014761617136110643,0.005296051948051949,0.012031893405296,0.463896103896104,0.4391948051948052,0.5028181818181818,0.088146103896104,0.06483019480519486,0.039606818181818104,40,77,0.44898334852264965,0.7872727272727269,74.73504273504274,117,28
792,792.0,0.37502564102564107,0.5083589743589743,0.5449230769230768,0.360975,0.497575,0.5322250000000001,0.00834535831689678,0.005181512163050625,0.009851763313609466,0.014809624375,0.005253744374999999,0.011941624375,0.4652375,0.44148750000000003,0.509575,0.09021185897435896,0.06687147435897423,0.03534807692307684,39,80,0.4381264685149864,0.7791249999999994,74.73109243697479,119,27
793,793.0,0.37502564102564107,0.5083589743589743,0.5449230769230768,0.35955421686746986,0.49793975903614457,0.534698795180723,0.00834535831689678,0.005181512163050625,0.009851763313609466,0.014681813325591524,0.005102514443315429,0.011722740600958048,0.46160240963855426,0.44244578313253013,0.5112168674698794,0.08657676861291319,0.06591319122644412,0.033706209453197467,39,83,0.38123187495795474,0.7973493975903607,75.11475409836065,122,25
794,794.0,0.36808108108108106,0.5090270270270271,0.5495675675675674,0.35955421686746986,0.49793975903614457,0.534698795180723,0.0077759123447772105,0.00544943170197224,0.008527488677867056,0.014681813325591524,0.005102514443315429,0.011722740600958048,0.46160240963855426,0.44244578313253013,0.5112168674698794,0.0935213285574732,0.06658124389449693,0.03835070009768804,37,83,0.3558697275624644,0.8195180722891561,76.775,120,26
795,795.0,0.3686363636363636,0.5068787878787879,0.5423939393939394,0.35803658536585364,0.49693902439024396,0.536658536585366,0.007877261707988982,0.004954409550045914,0.007881632690541781,0.015059084027364663,0.005187715794170137,0.01179044437834622,0.4549268292682927,0.43390243902439024,0.5138048780487805,0.0862904656319291,0.07297634885439769,0.028589061345158928,33,82,0.36151655520718967,0.838414634146341,77.05217391304348,115,26
796,796.0,0.360625,0.5129062499999999,0.550875,0.35503658536585364,0.49709756097560975,0.5362073170731708,0.007747546874999999,0.0055273349609375,0.007006296874999999,0.015092303539559787,0.005183746579417014,0.011909505800118975,0.44819512195121947,0.4409512195121951,0.5127073170731707,0.08757012195121949,0.07195503048780477,0.03816768292682926,32,82,0.36990416767663564,0.82280487804878,77.1140350877193,114,28
797,797.0,0.35696875,0.5138437499999999,0.5548437499999999,0.3551309523809524,0.4978214285714286,0.5381785714285715,0.0076692802734375,0.0054685068359374995,0.006852631835937499,0.014856756660997733,0.005097289540816325,0.011796789540816324,0.44429761904761894,0.44266666666666665,0.5169404761904762,0.08732886904761894,0.07117708333333328,0.03790327380952363,32,84,0.400319889332744,0.8299999999999993,77.58620689655173,116,23
798,798.0,0.35696875,0.5138437499999999,0.5548437499999999,0.35465882352941175,0.5000705882352942,0.5403529411764707,0.0076692802734375,0.0054685068359374995,0.006852631835937499,0.015161448304498268,0.004991877370242214,0.011843193079584776,0.43658823529411755,0.43645882352941173,0.5141411764705883,0.07961948529411755,0.0773849264705882,0.040702573529411534,32,85,0.4143385306223083,0.805294117647058,76.73504273504274,117,20
799,799.0,0.35219354838709677,0.5148064516129032,0.5530967741935484,0.35671084337349396,0.4963734939759037,0.5392409638554216,0.007186994797086366,0.005615252861602498,0.0069760228928199795,0.01536950674989113,0.004648643634780084,0.012318038321962549,0.4446867469879517,0.4277349397590361,0.5075301204819279,0.09249319860085492,0.08707151185386708,0.0455666537116205,31,83,0.3927348915055561,0.8032530120481921,76.0,114,22
800,800.0,0.33962068965517245,0.5177586206896552,0.5506206896551724,0.363475,0.494475,0.5398000000000001,0.005095890606420927,0.005721493460166468,0.007342166468489892,0.014657849375,0.004708549375,0.012546010000000002,0.4595375,0.42844999999999994,0.5029125000000001,0.11991681034482754,0.08930862068965523,0.04770818965517232,29,80,0.407329815844227,0.8211249999999994,75.91743119266054,109,20
801,801.0,0.34224,0.51776,0.54596,0.363475,0.494475,0.5398000000000001,0.005632262400000001,0.0056533824,0.0070131584,0.014657849375,0.004708549375,0.012546010000000002,0.4595375,0.42844999999999994,0.5029125000000001,0.1172975,0.08931000000000006,0.043047499999999905,25,80,0.4619266339032035,0.8386249999999993,76.47619047619048,105,20
802,802.0,0.33758333333333335,0.5192083333333334,0.5439583333333333,0.3677848101265823,0.4955316455696203,0.5396075949367091,0.0053248263888888885,0.005836498263888888,0.007205206597222222,0.014257485338888003,0.004750350264380708,0.012714263739785287,0.4758734177215188,0.428873417721519,0.5031898734177216,0.13829008438818546,0.09033491561181439,0.04076845991561173,24,79,0.45037696349846607,0.8597468354430374,76.33980582524272,103,21
803,803.0,0.3346086956521739,0.521913043478261,0.542695652173913,0.36935443037974686,0.4971645569620254,0.5406582278481014,0.005343977315689981,0.005914688090737239,0.007480211720226843,0.013825621214548951,0.004803099503284731,0.012752857875340489,0.4765316455696202,0.4328481012658228,0.5056329113924052,0.1419229499174463,0.08906494221243816,0.03706274078150784,23,79,0.4602985825480812,0.8630379746835437,77.06862745098039,102,21
804,804.0,0.3305,0.5262,0.5345499999999999,0.36619480519480524,0.5003636363636363,0.5393766233766235,0.00490615,0.006082959999999999,0.0079947475,0.013781975037949068,0.004231763872491145,0.01294898802496205,0.47006493506493496,0.4413376623376623,0.5105844155844157,0.13956493506493495,0.0848623376623377,0.023965584415584162,20,77,0.43904479522799644,0.848831168831168,77.91752577319588,97,26
805,805.0,0.3267,0.53345,0.52445,0.3661558441558441,0.5028831168831167,0.5395974025974027,0.0046849100000000005,0.0070102475,0.0071218475,0.01350039129701467,0.004296362961713611,0.012585850902344408,0.48488311688311697,0.4345194805194804,0.500012987012987,0.15818311688311698,0.09893051948051956,0.02443701298701295,20,77,0.47277503307695207,0.8177922077922073,74.49484536082474,97,26
806,806.0,0.3358636363636363,0.5244090909090909,0.5316363636363636,0.36502597402597403,0.5032467532467533,0.539818181818182,0.005247845041322315,0.007190696280991735,0.007105413223140496,0.013446362961713611,0.004263588463484567,0.012641395513577331,0.4864155844155844,0.43770129870129865,0.4995584415584416,0.1505519480519481,0.08670779220779229,0.03207792207792198,22,77,0.4686593503224674,0.8123376623376617,74.43434343434343,99,27
807,807.0,0.3346,0.5284,0.5274499999999999,0.36467532467532465,0.5034415584415584,0.5419350649350649,0.005741840000000001,0.007658939999999999,0.0075925475,0.013448011469050433,0.00428001281835048,0.012898060718502274,0.48410389610389604,0.44045454545454543,0.5067922077922078,0.14950389610389603,0.08794545454545455,0.02065779220779207,20,77,0.4650549565253158,0.8398701298701293,74.81443298969072,97,27
808,808.0,0.3304285714285714,0.5298095238095237,0.5329523809523808,0.368,0.5047307692307693,0.5399743589743589,0.00581643537414966,0.007333963718820861,0.007836521541950114,0.012657025641025643,0.004250812130177514,0.012998255752794213,0.49001282051282047,0.43189743589743584,0.4993076923076923,0.15958424908424906,0.09791208791208789,0.03364468864468856,21,78,0.46687295294996156,0.8379487179487172,75.68686868686869,99,27
809,809.0,0.3273,0.5239,0.5441499999999999,0.3688481012658228,0.5047721518987343,0.5401772151898733,0.006508810000000001,0.007731989999999999,0.009678627499999998,0.012552913635635314,0.004197137958660472,0.012836930620092933,0.48979746835443033,0.43130379746835434,0.49298734177215187,0.16249746835443035,0.09259620253164569,0.051162658227848046,20,79,0.5029904779718671,0.823417721518987,75.1010101010101,99,29
810,810.0,0.3301304347826087,0.5224782608695652,0.5504347826086956,0.36414285714285716,0.5071948051948053,0.538103896103896,0.006184461247637052,0.007643293005671076,0.010688680529300568,0.012672148423005567,0.004167299713273739,0.012904898296508687,0.4804285714285715,0.4283896103896104,0.4868181818181818,0.1502981366459628,0.0940886504799548,0.06361660079051379,23,77,0.5047373268952919,0.7951948051948047,73.63,100,30
811,811.0,0.3301304347826087,0.5224782608695652,0.5504347826086956,0.3667066666666667,0.5055466666666667,0.5372399999999999,0.006184461247637052,0.007643293005671076,0.010688680529300568,0.01040810062222222,0.004116701155555556,0.012949622400000001,0.48349333333333333,0.4237866666666667,0.4782533333333333,0.15336289855072466,0.09869159420289847,0.0721814492753623,23,75,0.453056091323674,0.8126666666666661,72.70408163265306,98,30
812,812.0,0.3251363636363636,0.5279545454545456,0.5495000000000001,0.36705333333333334,0.5050133333333334,0.53504,0.005891935950413222,0.007300952479338843,0.011154431818181819,0.010390157155555557,0.004156466488888889,0.013603638399999998,0.48617333333333335,0.4259733333333333,0.47318666666666664,0.16103696969696973,0.10198121212121225,0.07631333333333346,22,75,0.44344964391673,0.8145333333333328,73.20618556701031,97,32
813,813.0,0.3201428571428572,0.5272380952380952,0.5573333333333333,0.36705333333333334,0.5050133333333334,0.53504,0.006632598639455782,0.007367324263038551,0.010970888888888888,0.010390157155555557,0.004156466488888889,0.013603638399999998,0.48617333333333335,0.4259733333333333,0.47318666666666664,0.16603047619047617,0.10126476190476186,0.0841466666666667,21,75,0.41499565446805275,0.8251999999999995,72.91666666666667,96,33
814,814.0,0.3393333333333333,0.5252916666666667,0.5615416666666667,0.3721111111111111,0.5046111111111111,0.5364305555555555,0.00958113888888889,0.0066003732638888896,0.009756831597222222,0.009275737654320987,0.004124015432098765,0.013213967399691358,0.4866527777777778,0.4257916666666667,0.4690277777777777,0.1473194444444445,0.09950000000000003,0.092513888888889,24,72,0.4047544784525654,0.8049999999999995,71.03125,96,33
815,815.0,0.34077272727272734,0.5324090909090908,0.5559090909090909,0.3720135135135135,0.5027567567567568,0.537,0.00933726652892562,0.006544423553719009,0.010224900826446282,0.010234364682249817,0.00413645434623813,0.01289045945945946,0.4879459459459459,0.4292972972972973,0.4749729729729729,0.1471732186732186,0.10311179361179351,0.08093611793611799,22,74,0.3813819009841017,0.7948648648648644,70.86458333333333,96,37
816,816.0,0.34923809523809524,0.5317619047619048,0.5742857142857142,0.37557142857142856,0.503357142857143,0.5382285714285715,0.007819609977324265,0.0071328480725623596,0.009547156462585034,0.010072473469387755,0.004168029591836736,0.013299662040816328,0.4951999999999999,0.4319142857142857,0.46478571428571436,0.14596190476190468,0.09984761904761907,0.10949999999999982,21,70,0.3877824216644402,0.8225714285714282,70.05494505494505,91,37
817,817.0,0.3604761904761905,0.5212380952380953,0.5886666666666666,0.37562686567164183,0.5037462686567163,0.5332537313432837,0.007132916099773242,0.007558086167800454,0.008454031746031746,0.010014144352862553,0.004010577411450212,0.01312108487413678,0.4931492537313432,0.4333880597014925,0.4556268656716418,0.1326730632551527,0.08785003553660276,0.13303980099502477,21,67,0.45849723750159094,0.8352238805970145,68.32954545454545,88,34
818,818.0,0.3604761904761905,0.5212380952380953,0.5886666666666666,0.37727272727272726,0.5063181818181819,0.5342575757575756,0.007132916099773242,0.007558086167800454,0.008454031746031746,0.009912258953168045,0.004109732093663912,0.013204918503213958,0.4909848484848485,0.4415151515151516,0.46487878787878784,0.13050865800865802,0.0797229437229437,0.12378787878787872,21,66,0.4527792993903127,0.8462121212121207,68.29885057471265,87,33
819,819.0,0.3604761904761905,0.5212380952380953,0.5886666666666666,0.37130303030303036,0.5095757575757577,0.5338636363636363,0.007132916099773242,0.007558086167800454,0.008454031746031746,0.009060908172635444,0.003933789715335169,0.013354178374655646,0.47745454545454546,0.44062121212121214,0.46368181818181814,0.11697835497835496,0.08061688311688314,0.12498484848484842,21,66,0.39229945651712983,0.8603030303030299,67.36781609195403,87,35
820,820.0,0.3703181818181818,0.5194545454545455,0.5957272727272727,0.36934375,0.5102187499999999,0.5328906250000001,0.0075763078512396725,0.007278975206611571,0.008831834710743799,0.009217100585937499,0.0040377958984375,0.013708253662109374,0.47546875,0.440828125,0.46834374999999995,0.10515056818181817,0.07862642045454549,0.1273835227272727,22,64,0.418595797496592,0.8698437499999995,67.22093023255815,86,37
821,821.0,0.3899047619047619,0.5010952380952381,0.5843809523809524,0.37117460317460316,0.5111111111111112,0.5295238095238095,0.01046741950113379,0.006776276643990931,0.00849271201814059,0.008759445704207608,0.004057590828924162,0.013871678004535145,0.4824126984126984,0.43796825396825395,0.4582222222222222,0.09250793650793648,0.0631269841269842,0.12615873015873025,21,63,0.44109963025210824,0.8831746031746026,66.53571428571429,84,38
822,822.0,0.39545,0.49355000000000004,0.5834,0.37117460317460316,0.5111111111111112,0.5295238095238095,0.010345047500000001,0.0059195475000000004,0.00889714,0.008759445704207608,0.004057590828924162,0.013871678004535145,0.4824126984126984,0.43796825396825395,0.4582222222222222,0.08696269841269838,0.05558174603174609,0.12517777777777783,20,63,0.4398602894489517,0.9187301587301583,66.81927710843374,83,37
823,823.0,0.41105,0.4939499999999999,0.5879,0.37152459016393447,0.5112786885245902,0.5265245901639345,0.0080947475,0.005911747500000001,0.007354489999999998,0.008954577264176294,0.004329938726148883,0.014517626444504165,0.48160655737704916,0.43842622950819665,0.4534426229508196,0.07055655737704913,0.05552377049180324,0.13445737704918037,20,61,0.5094320048661185,0.8998360655737702,65.54320987654322,81,36
824,824.0,0.41105,0.4939499999999999,0.5879,0.3698666666666667,0.5091,0.5321666666666667,0.0080947475,0.005911747500000001,0.007354489999999998,0.00898114888888889,0.004112556666666666,0.014476872222222225,0.46840000000000004,0.4370666666666666,0.4667833333333333,0.05735000000000001,0.056883333333333286,0.1211166666666667,20,60,0.4555450529132192,0.8976666666666662,65.225,80,41
825,825.0,0.4276,0.4937499999999999,0.58605,0.3659491525423729,0.5111525423728814,0.5308644067796611,0.007438540000000002,0.0058912875,0.007263747499999999,0.00821255673656995,0.003929485205400747,0.01462049008905487,0.463457627118644,0.4356440677966101,0.4613050847457627,0.03585762711864404,0.05810593220338983,0.12474491525423725,20,59,0.4709546929888228,0.889152542372881,65.31645569620254,79,44
826,826.0,0.42161111111111116,0.4985555555555555,0.5818333333333333,0.3706842105263157,0.5132280701754386,0.5289298245614035,0.007655682098765431,0.006268246913580248,0.007874249999999998,0.007847058171745153,0.0037156848261003382,0.015006767005232381,0.4810175438596492,0.4410350877192982,0.4591754385964912,0.05940643274853802,0.05752046783625725,0.12265789473684213,18,57,0.46712657926927215,0.913333333333333,62.653333333333336,75,46
827,827.0,0.42664705882352943,0.4975882352941176,0.5812941176470589,0.37048214285714287,0.5121607142857144,0.52625,0.007649522491349481,0.006620124567474049,0.008332207612456746,0.007984856823979591,0.003717099170918367,0.014865401785714287,0.479375,0.44110714285714286,0.4547857142857143,0.05272794117647056,0.056481092436974745,0.12650840336134456,17,56,0.5067186845710234,0.932678571428571,63.52054794520548,73,47
828,828.0,0.4300625,0.497875,0.5871249999999999,0.37048214285714287,0.5121607142857144,0.52625,0.00792930859375,0.007032484375000001,0.008274984374999999,0.007984856823979591,0.003717099170918367,0.014865401785714287,0.479375,0.44110714285714286,0.4547857142857143,0.04931249999999998,0.05676785714285715,0.1323392857142856,16,56,0.5213834345449821,0.9780357142857137,64.29166666666667,72,46
829,829.0,0.4348823529411765,0.494,0.5928235294117645,0.3698035714285714,0.5136428571428572,0.5279464285714286,0.007834574394463669,0.006859058823529412,0.00830779238754325,0.00799862213010204,0.0035054438775510197,0.015195872130102041,0.4728571428571428,0.44312500000000005,0.4489464285714285,0.03797478991596631,0.05087499999999995,0.143877100840336,17,56,0.47909716540599506,0.944285714285714,63.57534246575342,73,52
830,830.0,0.44429411764705884,0.49988235294117656,0.5858823529411765,0.36750877192982456,0.5125438596491229,0.5264210526315789,0.008350560553633219,0.0066832802768166085,0.009423280276816609,0.0081531972914743,0.0035115814096645117,0.015059577100646353,0.468157894736842,0.43950877192982457,0.44631578947368417,0.023863777089783156,0.060373581011351984,0.13956656346749235,17,57,0.45664361958637917,0.9335087719298241,64.0,74,56
831,831.0,0.4353999999999999,0.5033500000000001,0.5756,0.37169811320754714,0.509811320754717,0.5274905660377358,0.007691539999999999,0.005839627500000001,0.013473539999999997,0.0081279466002136,0.0035873983624065504,0.015510438590245638,0.47707547169811315,0.44641509433962256,0.4628867924528302,0.04167547169811325,0.05693490566037751,0.11271320754716979,20,53,0.4532257329481668,0.9177358490566034,62.15068493150685,73,56
832,832.0,0.4343809523809523,0.5018095238095239,0.5806666666666667,0.37126785714285715,0.5095178571428571,0.5187321428571429,0.007346045351473924,0.005609011337868482,0.013345365079365078,0.007832446109693877,0.0034410353954081626,0.01607462468112245,0.46869642857142857,0.4432857142857142,0.4465178571428572,0.03431547619047626,0.0585238095238097,0.13414880952380948,21,56,0.47049730458155087,0.9166071428571423,62.22077922077922,77,53
833,833.0,0.43822727272727274,0.49863636363636366,0.5786818181818183,0.3714655172413793,0.5082241379310345,0.519051724137931,0.007852811983471075,0.005565958677685951,0.01258730785123967,0.007598766052318668,0.0034244152794292502,0.01586115249702735,0.4667586206896552,0.4406896551724137,0.4400344827586207,0.028531347962382436,0.05794670846394995,0.13864733542319757,22,58,0.5009508452890702,0.8639655172413789,62.9375,80,57
834,834.0,0.42975,0.50475,0.5718333333333333,0.3750508474576271,0.5056271186440677,0.5133559322033898,0.008106104166666668,0.005660270833333332,0.01420097222222222,0.00830140419419707,0.003548267739155415,0.014956805515656422,0.4715593220338983,0.43925423728813556,0.43564406779661013,0.041809322033898255,0.06549576271186447,0.13618926553672317,24,59,0.5247124878242403,0.8545762711864402,62.65060240963855,83,55
835,835.0,0.4343999999999999,0.5086799999999999,0.55716,0.37555,0.5104,0.5183500000000001,0.00824448,0.005263577600000001,0.0140642944,0.008253214166666667,0.0034673399999999997,0.014376760833333333,0.46869999999999995,0.44104999999999994,0.4373333333333334,0.03430000000000005,0.06762999999999997,0.11982666666666658,25,60,0.5176565195453413,0.8073333333333329,60.09411764705882,85,57
836,836.0,0.42162962962962963,0.5119259259259259,0.5365925925925926,0.3749016393442623,0.511983606557377,0.5222295081967213,0.009219936899862826,0.004997920438957476,0.014993352537722908,0.00814313786616501,0.003560966944369793,0.015044111260413866,0.46255737704918026,0.43596721311475406,0.44044262295081976,0.04092774741955063,0.07595871281117184,0.09614996964177286,27,61,0.524908163994879,0.7901639344262291,60.20454545454545,88,57
837,837.0,0.42162962962962963,0.5119259259259259,0.5365925925925926,0.3717666666666667,0.5119,0.52215,0.009219936899862826,0.004997920438957476,0.014993352537722908,0.007679345555555556,0.0036198899999999993,0.015294460833333336,0.45495,0.43161666666666665,0.4328000000000001,0.03332037037037039,0.08030925925925925,0.10379259259259255,27,60,0.47897308127418226,0.801833333333333,60.60919540229885,87,61
838,838.0,0.4225925925925926,0.5188148148148147,0.5372962962962963,0.3717666666666667,0.5119,0.52215,0.009173500685871059,0.004827484224965707,0.01503213443072702,0.007679345555555556,0.0036198899999999993,0.015294460833333336,0.45495,0.43161666666666665,0.4328000000000001,0.032357407407407446,0.08719814814814808,0.1044962962962962,27,60,0.49666020868546956,0.8451666666666662,61.13793103448276,87,58
839,839.0,0.42311538461538467,0.5207307692307692,0.5383076923076924,0.37349152542372877,0.5115593220338983,0.521271186440678,0.00951894822485207,0.0049140428994082835,0.015582674556213018,0.007630995690893421,0.003674280379201378,0.015507350186727954,0.46266101694915257,0.43659322033898307,0.4305254237288136,0.0395456323337679,0.08413754889178615,0.10778226857887879,26,59,0.5066179442572672,0.901016949152542,61.141176470588235,85,55
840,840.0,0.4208888888888889,0.5196666666666666,0.5367037037037037,0.3738448275862069,0.5108275862068965,0.5238793103448276,0.009295283950617284,0.004761481481481482,0.015072430727023321,0.007755200059453032,0.003706039239001189,0.015373381985731271,0.46391379310344827,0.437603448275862,0.43794827586206897,0.043024904214559345,0.0820632183908046,0.09875542784163471,27,58,0.48785048174578205,0.8977586206896548,61.09411764705882,85,58
841,841.0,0.4203928571428572,0.5217142857142857,0.5364642857142857,0.3719661016949153,0.5095762711864407,0.5266271186440679,0.00896995280612245,0.004704632653061224,0.014535677295918367,0.007828473427176099,0.00373404079287561,0.015550742315426604,0.46147457627118643,0.4386271186440678,0.4406440677966102,0.04108171912832925,0.0830871670702179,0.09582021791767553,28,59,0.46350925732536147,0.9467796610169488,62.45977011494253,87,54
842,842.0,0.4175483870967742,0.5205806451612902,0.5344193548387097,0.371327868852459,0.5100655737704918,0.5264426229508197,0.008222763787721125,0.004405598335067638,0.013865920915712801,0.0076707777479172266,0.0036188809459822627,0.015133984412792262,0.45613114754098355,0.44099999999999995,0.4347213114754098,0.03858276044420933,0.07958064516129026,0.0996980433632999,31,61,0.45122803186122973,0.921475409836065,62.619565217391305,92,54
843,843.0,0.4175483870967742,0.5205806451612902,0.5344193548387097,0.3706612903225806,0.5088870967741935,0.530467741935484,0.008222763787721125,0.004405598335067638,0.013865920915712801,0.007574159469302811,0.003645229188345473,0.015878184443288243,0.45874193548387093,0.442516129032258,0.4385645161290323,0.04119354838709671,0.0780645161290322,0.09585483870967743,31,62,0.43268896363802034,0.9538709677419351,63.645161290322584,93,52
844,844.0,0.4048620689655172,0.5246896551724137,0.5325172413793102,0.37101639344262294,0.5081639344262295,0.5279672131147541,0.0062033602853745545,0.003984007134363854,0.014699835909631389,0.007690507927976352,0.0036725632894383225,0.015750818597151304,0.46113114754098355,0.4407213114754098,0.4349672131147541,0.05626907857546637,0.0839683436970039,0.09755002826455611,29,61,0.433393577888714,0.9506557377049176,63.888888888888886,90,56
845,845.0,0.4048620689655172,0.5246896551724137,0.5325172413793102,0.37101639344262294,0.5081639344262295,0.5279672131147541,0.0062033602853745545,0.003984007134363854,0.014699835909631389,0.007690507927976352,0.0036725632894383225,0.015750818597151304,0.46113114754098355,0.4407213114754098,0.4349672131147541,0.05626907857546637,0.0839683436970039,0.09755002826455611,29,61,0.4048468564575306,0.9880327868852455,64.88888888888889,90,56
846,846.0,0.394,0.5235185185185185,0.5341481481481481,0.3709344262295082,0.5061147540983607,0.5244262295081967,0.004950592592592593,0.004253879286694101,0.015479015089163236,0.007703700618113411,0.0036423966675624823,0.015992998656275195,0.46467213114754097,0.4369016393442623,0.42765573770491805,0.07067213114754095,0.0866168791742562,0.1064924104432301,27,61,0.41951746240420884,0.9854098360655733,65.5909090909091,88,57
847,847.0,0.394,0.5235185185185185,0.5341481481481481,0.3709344262295082,0.5061147540983607,0.5244262295081967,0.004950592592592593,0.004253879286694101,0.015479015089163236,0.007703700618113411,0.0036423966675624823,0.015992998656275195,0.46467213114754097,0.4369016393442623,0.42765573770491805,0.07067213114754095,0.0866168791742562,0.1064924104432301,27,61,0.3923972295726212,1.0145901639344257,66.5909090909091,88,58
848,848.0,0.3801153846153846,0.5286538461538461,0.5272692307692307,0.36765,0.5053666666666667,0.5202166666666668,0.0033191789940828407,0.003837918639053255,0.015086735207100594,0.007351927499999999,0.003459898888888889,0.015353136388888888,0.4593999999999999,0.4399666666666667,0.4199333333333333,0.07928461538461534,0.08868717948717947,0.10733589743589739,26,60,0.3828587794805752,0.984333333333333,66.40697674418605,86,63
849,849.0,0.37687999999999994,0.5277999999999999,0.5236,0.36745161290322575,0.5043064516129033,0.5174032258064517,0.0038018656,0.00415328,0.015261120000000001,0.007128215400624349,0.0033998254422476586,0.015544498699271594,0.4542903225806451,0.4386774193548387,0.4109838709677419,0.07741032258064517,0.08912258064516121,0.11261612903225804,25,62,0.42811546250571547,0.9751612903225803,66.65517241379311,87,62
850,850.0,0.37164,0.52532,0.5378799999999999,0.36665625,0.504,0.5158281250000001,0.0048368704,0.0044536576,0.012712425599999999,0.0070132255859375004,0.0032988749999999997,0.015407454833984376,0.46221875,0.43503125,0.40793749999999995,0.09057874999999999,0.09028875000000003,0.12994249999999996,25,64,0.47304941051696026,0.9371874999999995,67.57303370786516,89,62
851,851.0,0.37164,0.52532,0.5378799999999999,0.36665625,0.504,0.5158281250000001,0.0048368704,0.0044536576,0.012712425599999999,0.0070132255859375004,0.0032988749999999997,0.015407454833984376,0.46221875,0.43503125,0.40793749999999995,0.09057874999999999,0.09028875000000003,0.12994249999999996,25,64,0.4876357039004023,0.9718749999999995,68.57303370786516,89,60
852,852.0,0.3698148148148148,0.5268518518518519,0.5446296296296296,0.36771212121212127,0.5033484848484848,0.5170151515151515,0.005551632373113854,0.004309829903978052,0.013269418381344308,0.006950992883379248,0.0032172270431588615,0.01512168158861341,0.4590606060606061,0.43618181818181817,0.4099393939393939,0.0892457912457913,0.09067003367003373,0.1346902356902357,27,66,0.5242796271146706,0.959393939393939,69.2258064516129,93,57
853,853.0,0.368,0.5277692307692308,0.5454230769230769,0.36743283582089553,0.5024179104477612,0.518223880597015,0.00567623076923077,0.004452869822485207,0.013762782544378698,0.006852394742704389,0.0032263626642904876,0.014992412564045444,0.4605970149253732,0.4338358208955224,0.4047164179104477,0.0925970149253732,0.09393340987370835,0.1407066590126292,26,67,0.58578025484193,0.9649253731343276,70.3763440860215,93,54
854,854.0,0.3591111111111111,0.517962962962963,0.5498518518518518,0.3592428571428572,0.5000571428571429,0.5226285714285713,0.006569802469135803,0.005877665294924553,0.014127829903978052,0.007576441020408163,0.003218396734693877,0.015190119183673469,0.44642857142857145,0.43058571428571435,0.40768571428571426,0.08731746031746035,0.08737724867724861,0.14216613756613755,27,70,0.6139140086970971,0.9182857142857139,69.72164948453609,97,52
855,855.0,0.35616,0.50804,0.55284,0.35850724637681164,0.49808695652173907,0.5263188405797101,0.006939094399999999,0.004955878399999999,0.012645334400000001,0.007658887628649444,0.0032992967863894134,0.015008275152278932,0.44401449275362315,0.4258115942028986,0.4120144927536232,0.08785449275362317,0.08222840579710144,0.14082550724637682,25,69,0.5810510360191188,0.9505797101449269,69.11702127659575,94,50
856,856.0,0.36224999999999996,0.5110833333333333,0.5500416666666667,0.3591449275362319,0.4975217391304348,0.5282753623188405,0.006301020833333333,0.004930826388888888,0.012976456597222222,0.007727978996009243,0.0033199886578449906,0.014801677798781767,0.4476376811594203,0.4337536231884058,0.423,0.08538768115942036,0.07732971014492751,0.12704166666666666,24,69,0.6148939831899984,0.9730434782608691,69.53763440860214,93,47
857,857.0,0.35615384615384615,0.5065000000000001,0.5522692307692308,0.3591449275362319,0.4975217391304348,0.5282753623188405,0.006336207100591714,0.0048220961538461525,0.012296581360946746,0.007727978996009243,0.0033199886578449906,0.014801677798781767,0.4476376811594203,0.4337536231884058,0.423,0.09148383500557417,0.07274637681159424,0.12926923076923086,26,69,0.6373362333709913,0.954492753623188,71.03157894736842,95,49
858,858.0,0.3594193548387097,0.5006451612903225,0.5662903225806453,0.3577857142857143,0.49820000000000003,0.5297571428571427,0.006911275754422476,0.00488306763787721,0.011545238293444329,0.007745054081632653,0.0033043028571428574,0.014741726734693875,0.44425714285714285,0.4310714285714286,0.4228571428571428,0.08483778801843317,0.06957373271889394,0.14343317972350245,31,70,0.6047323786887061,0.9802857142857138,69.53465346534654,101,42
859,859.0,0.3638387096774193,0.49809677419354836,0.5655161290322581,0.35768115942028983,0.49750724637681165,0.5290579710144927,0.007537683662851196,0.004979248699271592,0.011515669094693025,0.007856536021844149,0.0033185977735769793,0.014921156059651334,0.4378260869565217,0.4296666666666667,0.4178115942028985,0.07398737727910237,0.06843010752688167,0.14770453482935963,31,69,0.5984284819218939,0.988260869565217,70.67,100,45
860,860.0,0.36036666666666667,0.49446666666666667,0.5662333333333333,0.35938571428571425,0.49637142857142863,0.5281,0.007807232222222221,0.005015782222222221,0.010969845555555555,0.007698751224489796,0.0032793763265306125,0.014910747142857136,0.4382285714285714,0.43262857142857136,0.4210428571428571,0.07786190476190474,0.0618380952380953,0.14519047619047615,30,70,0.6083780188910616,0.9604285714285709,70.45,100,48
861,861.0,0.35850000000000004,0.49233333333333335,0.5644666666666667,0.3563194444444444,0.495375,0.5237499999999999,0.007876049999999999,0.004816955555555555,0.011668915555555555,0.007814078510802468,0.003324706597222222,0.015260520833333334,0.4317361111111111,0.42476388888888894,0.41505555555555557,0.07323611111111106,0.0675694444444444,0.1494111111111111,30,72,0.6110937805730106,0.9573611111111107,71.12745098039215,102,47
862,862.0,0.3673225806451614,0.49277419354838703,0.5628064516129032,0.35475342465753423,0.49521917808219185,0.5233287671232876,0.007743573361082203,0.0045551425598335075,0.011176414151925078,0.007883610433477201,0.003280910865077876,0.015064248076562205,0.42968493150684933,0.4248904109589042,0.41508219178082195,0.062362350861687954,0.06788378258948286,0.14772425983208126,31,73,0.6531671176954675,0.9827397260273968,71.3173076923077,104,40
863,863.0,0.36534374999999997,0.49715624999999997,0.5648124999999999,0.35583561643835615,0.496041095890411,0.5275753424657534,0.007858100585937498,0.0048130693359375,0.01076065234375,0.007714630512291237,0.0034318202289360103,0.014140326515293676,0.4351232876712329,0.4252328767123288,0.4227123287671233,0.0697795376712329,0.07192337328767118,0.14210017123287666,32,73,0.6556109850255266,0.9426027397260268,70.64761904761905,105,42
864,864.0,0.36225,0.49046875,0.5686875,0.3560675675675676,0.4954864864864865,0.527391891891892,0.0078970625,0.005131561523437499,0.01095633984375,0.0076143062454346235,0.0034078984660336014,0.013951697772096422,0.44214864864864867,0.4271351351351351,0.42733783783783785,0.07989864864864865,0.06333361486486488,0.14134966216216216,32,74,0.6186744660137955,0.9432432432432426,70.32075471698113,106,44
865,865.0,0.36333333333333334,0.4921818181818182,0.5637878787878788,0.35577333333333333,0.4949200000000001,0.5277466666666667,0.00769531313131313,0.0050699669421487605,0.011392530762167128,0.007519188622222222,0.0033862069333333335,0.013774989155555556,0.4392666666666667,0.42486666666666667,0.4241066666666667,0.07593333333333335,0.06731515151515155,0.13968121212121215,33,75,0.5878377458534358,0.9702666666666661,70.9074074074074,108,41
866,866.0,0.3625294117647058,0.49811764705882355,0.560735294117647,0.35547368421052633,0.4964605263157895,0.527342105263158,0.0067837197231833905,0.004541280276816609,0.011048724048442907,0.007435722991689751,0.003669064231301939,0.013958435595567868,0.4341842105263158,0.42486842105263156,0.42114473684210524,0.07165479876160996,0.07324922600619199,0.13959055727554176,34,76,0.55968175515949,0.953026315789473,70.5909090909091,110,42
867,867.0,0.36171428571428565,0.4958,0.5545714285714285,0.35594805194805196,0.49667532467532466,0.5283636363636364,0.006612489795918365,0.00459416,0.01202481632653061,0.007356257041659638,0.0036249205599595217,0.01385646517119244,0.4371818181818181,0.4246103896103896,0.42323376623376624,0.07546753246753246,0.07118961038961041,0.13133766233766225,35,77,0.529747183008331,0.9462337662337659,71.02678571428571,112,44
868,868.0,0.36305555555555546,0.4920833333333333,0.5566944444444445,0.3542375,0.4958625,0.5311,0.006098996913580247,0.004702631944444445,0.010574545524691358,0.007318606093749999,0.0036018685937499995,0.01417264,0.43827499999999997,0.4279875000000001,0.42279999999999995,0.0752194444444445,0.06409583333333324,0.13389444444444454,36,80,0.5209864205004894,0.9296249999999995,70.63793103448276,116,42
869,869.0,0.3646857142857142,0.49237142857142846,0.5605142857142856,0.35645,0.49383750000000004,0.5334625000000001,0.006177586938775509,0.004834004897959183,0.010351392653061222,0.0074059225,0.00351021109375,0.013975773593750001,0.449075,0.4229625,0.433375,0.08438928571428578,0.06940892857142844,0.12713928571428562,35,80,0.48777384320970796,0.9058749999999997,69.71304347826087,115,45
870,870.0,0.3608055555555555,0.4920833333333332,0.5631944444444444,0.35776543209876543,0.49225925925925934,0.5330987654320988,0.006532934413580247,0.004702631944444444,0.01031526774691358,0.0074529202865416845,0.003666142661179698,0.01381381740588325,0.4547654320987654,0.423962962962963,0.43776543209876545,0.09395987654320992,0.06812037037037022,0.125429012345679,36,81,0.45950809616252514,0.8990123456790118,70.2905982905983,117,47
871,871.0,0.3578055555555556,0.48877777777777776,0.5541944444444442,0.35776543209876543,0.49225925925925934,0.5330987654320988,0.006467545524691358,0.004540061728395062,0.010563101080246915,0.0074529202865416845,0.003666142661179698,0.01381381740588325,0.4547654320987654,0.423962962962963,0.43776543209876545,0.09695987654320981,0.06481481481481477,0.11642901234567876,36,81,0.4805353812621928,0.9049382716049379,71.58974358974359,117,46
872,872.0,0.36650000000000005,0.4963947368421053,0.5652631578947367,0.3597590361445783,0.4907710843373494,0.5341204819277109,0.00724046052631579,0.0047612389196675904,0.011223614958448754,0.007237821454492671,0.003988272898824213,0.014002081869647263,0.455590361445783,0.42408433734939754,0.42859036144578316,0.08909036144578297,0.07231039949270773,0.13667279644895353,38,83,0.5098789821289484,0.8780722891566257,69.84297520661157,121,44
873,873.0,0.3641666666666667,0.4986388888888889,0.5649166666666666,0.3623181818181818,0.4904772727272727,0.5356136363636363,0.007424249999999999,0.004858064043209877,0.011519743055555557,0.0070829669421487605,0.0041166585743801646,0.01371664617768595,0.46085227272727275,0.4267840909090909,0.43565909090909094,0.09668560606060606,0.07185479797979799,0.12925757575757568,36,88,0.4845709047772332,0.8348863636363633,70.71774193548387,124,48
874,874.0,0.36117142857142864,0.4983714285714285,0.5666857142857142,0.3634065934065935,0.48995604395604386,0.5304505494505495,0.007313399183673468,0.004994290612244899,0.011736215510204082,0.006857845670812705,0.004097580485448618,0.013955522279917885,0.4634065934065934,0.4196923076923077,0.4194945054945055,0.10223516483516476,0.07867912087912082,0.14719120879120873,35,91,0.4636393400616353,0.8248351648351643,70.85714285714286,126,47
875,875.0,0.3604,0.49534285714285714,0.5627428571428572,0.36601111111111106,0.49319999999999997,0.5367444444444445,0.0077254399999999975,0.004019139591836736,0.012327276734693877,0.007352655432098764,0.004381537777777778,0.015351790246913579,0.46703333333333336,0.4184,0.42514444444444444,0.10663333333333336,0.07694285714285715,0.13759841269841278,35,90,0.45181386225602616,0.8191111111111105,69.224,125,46
876,876.0,0.36133333333333334,0.49724999999999997,0.5636111111111112,0.36612643678160917,0.49320689655172406,0.5336551724137931,0.007541333333333334,0.004034798611111113,0.012011237654320989,0.007434248381556349,0.004372256044391599,0.015533007530717402,0.4637931034482758,0.4134137931034483,0.41443678160919545,0.10245977011494245,0.08383620689655169,0.14917432950191573,36,87,0.42866336887266226,0.8586206896551721,69.35772357723577,123,41
877,877.0,0.367,0.5001538461538461,0.5666666666666667,0.36633720930232555,0.49351162790697667,0.5358720930232558,0.007603384615384616,0.004392694280078897,0.012422376068376068,0.007190549080584099,0.004413621957815037,0.016213367360735535,0.4743372093023255,0.4169999999999999,0.4168604651162791,0.10733720930232549,0.08315384615384613,0.14980620155038754,39,86,0.47358999097272897,0.8412790697674416,69.56,125,37
878,878.0,0.3681515151515151,0.49821212121212116,0.5663636363636363,0.3675,0.493,0.5357142857142857,0.00818467401285583,0.0044740459136822786,0.010606595041322315,0.007185273809523811,0.004192571428571429,0.016307608843537415,0.4763095238095237,0.41955952380952377,0.4163928571428571,0.10815800865800856,0.07865259740259739,0.14997077922077917,33,84,0.5006565514716566,0.85797619047619,70.14529914529915,117,37
879,879.0,0.37684375000000003,0.50109375,0.5584687500000001,0.37113095238095234,0.49147619047619057,0.5390595238095238,0.006919131835937498,0.004374147460937501,0.010849061523437498,0.007626018565759636,0.004185844671201814,0.015456698837868477,0.4741071428571427,0.41139285714285717,0.4261785714285715,0.0972633928571427,0.08970089285714283,0.13229017857142855,32,84,0.4649254348820011,0.8534523809523804,70.07758620689656,116,38
880,880.0,0.37684375000000003,0.50109375,0.5584687500000001,0.3692857142857143,0.49346428571428574,0.5400238095238095,0.006919131835937498,0.004374147460937501,0.010849061523437498,0.00764934693877551,0.004154653486394557,0.01548338038548753,0.4657380952380952,0.4036666666666666,0.4203571428571429,0.08889434523809514,0.09742708333333339,0.1381116071428572,32,84,0.40546006532545775,0.9071428571428565,69.37931034482759,116,30
881,881.0,0.38021212121212117,0.5063030303030303,0.5565757575757576,0.37017073170731707,0.4930243902439025,0.5393414634146342,0.007040530762167124,0.004302696051423323,0.010637274563820017,0.007754751338488993,0.004217121356335515,0.015534005353955977,0.4676585365853658,0.401719512195122,0.4242439024390243,0.08744641537324466,0.10458351810790828,0.1323318551367333,33,82,0.4023018912402207,0.8936585365853653,69.63478260869566,115,32
882,882.0,0.38645161290322577,0.510741935483871,0.5719677419354839,0.37042682926829273,0.49359756097560975,0.5355121951219513,0.0077684412070759615,0.004052901144640998,0.009641837669094695,0.007759464158239143,0.004243703896490184,0.016349079119571685,0.4694024390243902,0.40157317073170734,0.4196219512195122,0.08295082612116444,0.1091687647521637,0.15234579071597176,31,82,0.4272440027030526,0.9149999999999995,70.60176991150442,113,29
883,883.0,0.38677419354838705,0.5083225806451612,0.5652580645161291,0.37042682926829273,0.49359756097560975,0.5355121951219513,0.0060919167533818935,0.004506928199791883,0.009037546305931324,0.007759464158239143,0.004243703896490184,0.016349079119571685,0.4694024390243902,0.40157317073170734,0.4196219512195122,0.08262824547600317,0.10674940991345389,0.14563611329661696,31,82,0.4445700483915544,0.8962195121951215,71.19469026548673,113,33
884,884.0,0.3895142857142857,0.5121714285714286,0.5635428571428571,0.37410465116279074,0.49790697674418605,0.5332093023255815,0.005692649795918367,0.004640313469387755,0.009136191020408163,0.00789437276906436,0.004322968090859925,0.015953421308815576,0.47313953488372107,0.4011511627906977,0.41854651162790685,0.08362524916943537,0.11102026578073093,0.14499634551495028,35,86,0.4464707264034227,0.8898837209302319,70.47107438016529,121,23
885,885.0,0.3875,0.5142499999999999,0.56153125,0.37656321839080453,0.4979885057471264,0.5354827586206897,0.0056303125,0.004527249999999999,0.009632499023437501,0.007850131060906328,0.00429764354604307,0.016097169242964723,0.48054022988505757,0.401183908045977,0.42462068965517236,0.09304022988505756,0.1130660919540229,0.13691056034482768,32,87,0.44540987955844497,0.894482758620689,68.84033613445378,119,22
886,886.0,0.3905625,0.518375,0.559875,0.37710465116279074,0.49869767441860463,0.5326860465116279,0.00608337109375,0.004656671875,0.009477484375000001,0.007915907652785287,0.004303862087614926,0.015603866549486207,0.4789418604651164,0.3996279069767441,0.4217325581395348,0.08837936046511641,0.11874709302325592,0.1381424418604652,32,86,0.4059086482662626,0.8870930232558135,68.94067796610169,118,25
887,887.0,0.3946774193548387,0.5176774193548388,0.5744516129032259,0.3804204545454546,0.49922727272727274,0.5342613636363637,0.005756992715920916,0.004796734651404787,0.0075365057232049965,0.008020402763429753,0.004444971074380166,0.01538160214359504,0.49035227272727266,0.40452272727272726,0.4313636363636364,0.09567485337243398,0.11315469208211154,0.1430879765395895,31,88,0.47632473375836354,0.8753409090909087,68.8655462184874,119,21
888,888.0,0.396,0.519896551724138,0.5653103448275861,0.3790333333333334,0.5004777777777778,0.5316555555555555,0.005636896551724138,0.004604161712247324,0.007064007134363854,0.007928254444444444,0.004427271728395061,0.01533964802469136,0.49104444444444445,0.40382222222222225,0.42625555555555555,0.09504444444444443,0.11607432950191571,0.13905478927203058,29,90,0.5048652432235777,0.8541111111111105,69.1344537815126,119,22
889,889.0,0.389625,0.5165312499999999,0.57334375,0.3806923076923077,0.499043956043956,0.5311648351648353,0.006210609375,0.0046788115234375,0.007055663085937501,0.007800037193575655,0.004523558507426639,0.015181148653544257,0.4969230769230769,0.40646153846153843,0.42956043956043954,0.10729807692307691,0.11006971153846146,0.1437833104395605,32,91,0.4876248888465243,0.8318681318681312,70.1951219512195,123,23
890,890.0,0.38546875,0.5152187500000001,0.57978125,0.381043956043956,0.49804395604395607,0.531923076923077,0.0056301240234375004,0.0045594833984375,0.006623545898437501,0.007700261804129937,0.004541646419514551,0.015300884192730345,0.49403296703296706,0.4056263736263736,0.42796703296703287,0.10856421703296704,0.10959237637362645,0.15181421703296716,32,91,0.48304382892269393,0.8373626373626369,70.20325203252033,123,23
891,891.0,0.38084375,0.5093749999999999,0.58159375,0.38453260869565226,0.4989021739130435,0.5325760869565218,0.0060570693359375,0.004673984375000001,0.006704428710937502,0.007712857632325141,0.004578870864839319,0.015232852906427218,0.5046521739130434,0.41236956521739127,0.43719565217391304,0.12380842391304342,0.09700543478260865,0.14439809782608698,32,92,0.4596517675783157,0.8422826086956516,70.00806451612904,124,23
892,892.0,0.3794166666666667,0.5019999999999998,0.5770277777777779,0.38383157894736847,0.500642105263158,0.5304315789473685,0.006590743055555555,0.004809944444444445,0.006222082561728397,0.007532834792243767,0.004561050858725761,0.015088519002770084,0.505378947368421,0.4110105263157895,0.4310526315789473,0.12596228070175436,0.09098947368421029,0.14597514619883062,36,95,0.4468079358624104,0.8031578947368415,69.51908396946565,131,24
893,893.0,0.374,0.49734285714285703,0.5781428571428572,0.3840729166666667,0.50109375,0.5303958333333334,0.006704571428571429,0.005294568163265306,0.006151436734693878,0.007547734266493056,0.004544564127604167,0.015136780815972223,0.5048645833333333,0.4096354166666667,0.43036458333333333,0.13086458333333328,0.08770744047619033,0.14777827380952385,35,96,0.42471742954936054,0.7971874999999996,68.83206106870229,131,25
894,894.0,0.37427027027027027,0.4977567567567567,0.5707297297297298,0.38321649484536086,0.5028659793814433,0.5346185567010309,0.006374575602629657,0.0050978597516435345,0.006890089116143172,0.00767369539802317,0.0043627758529067905,0.01570718439791689,0.49801030927835055,0.4068041237113402,0.4320309278350514,0.12374003900808028,0.09095263304541645,0.13869880189467837,37,97,0.4558523379647081,0.7861855670103088,69.35820895522389,134,21
895,895.0,0.3712631578947369,0.5043421052631579,0.5591578947368421,0.385404255319149,0.5036595744680852,0.5360106382978723,0.00721287811634349,0.00497375138504155,0.006586080332409972,0.007370538705296513,0.004441990493435945,0.015739989248528742,0.5035851063829787,0.41128723404255313,0.4398723404255319,0.1323219484882418,0.0930548712206048,0.11928555431131016,38,94,0.4512702458247539,0.7722340425531911,69.99242424242425,132,22
896,896.0,0.3683333333333334,0.5033888888888889,0.552361111111111,0.38639361702127667,0.5025212765957447,0.5369893617021277,0.007056000000000001,0.00409407098765432,0.007526897376543212,0.007516047193300134,0.004371441036668175,0.015586074354911727,0.5118191489361703,0.413723404255319,0.44809574468085106,0.1434858156028369,0.08966548463356988,0.10426536643025991,36,94,0.48755974001512964,0.7507446808510635,69.43076923076923,130,21
897,897.0,0.3697837837837838,0.5037297297297296,0.5560270270270269,0.38868131868131867,0.5023296703296702,0.5345934065934066,0.007387196493791089,0.004412899926953981,0.007288620891161431,0.007504700640019321,0.004491539669122086,0.015859230286197318,0.5137802197802199,0.4159670329670329,0.44334065934065936,0.14399643599643613,0.08776269676269671,0.11268636768636753,37,91,0.5150398760777556,0.736483516483516,69.015625,128,22
898,898.0,0.3611351351351351,0.49743243243243235,0.5343243243243242,0.38935555555555557,0.504088888888889,0.5329111111111111,0.006264765522279036,0.004176029218407596,0.009381570489408327,0.007359984691358024,0.004375125432098765,0.016109414320987656,0.5124666666666666,0.41609999999999997,0.43518888888888885,0.1513315315315315,0.08133243243243238,0.09913543543543535,37,90,0.5214593293736576,0.7414444444444439,67.55905511811024,127,18
899,899.0,0.3597297297297297,0.4954324324324325,0.5364324324324325,0.39007865168539335,0.5036067415730338,0.5353820224719102,0.006271602629656684,0.0040811102994886776,0.009730461650840029,0.007395623027395532,0.004403362201742204,0.015740932710516353,0.513876404494382,0.41634831460674154,0.4387865168539326,0.15414667476465227,0.07908411782569097,0.09764591557849994,37,89,0.50710809396863,0.7298876404494378,67.0,126,21
900,900.0,0.3583055555555556,0.491638888888889,0.5387777777777778,0.38913333333333333,0.5038111111111111,0.5339,0.006352101080246915,0.003915230709876543,0.010056006172839506,0.007424093333333334,0.004336797654320987,0.015652712222222226,0.5066666666666666,0.41375555555555565,0.43316666666666664,0.148361111111111,0.07788333333333336,0.10561111111111116,36,90,0.5023822577061605,0.7189999999999996,67.02380952380952,126,22
901,901.0,0.3586315789473684,0.4946052631578949,0.5416842105263159,0.3893555555555557,0.5052777777777778,0.5320666666666666,0.006187706371191137,0.0039357652354570635,0.010007268698060942,0.0074106513580246905,0.004344000617283951,0.015716817777777777,0.5060444444444443,0.4123888888888889,0.4337666666666666,0.14741286549707588,0.08221637426900597,0.1079175438596493,38,90,0.5060029138339566,0.7163333333333328,67.0390625,128,20
902,902.0,0.35666666666666663,0.49502777777777784,0.5447222222222224,0.3877272727272727,0.5060113636363636,0.5392045454545454,0.00645611111111111,0.003830138117283951,0.009219811728395063,0.007692561983471074,0.004384602143595041,0.014519049070247935,0.4980227272727273,0.41087499999999993,0.4459090909090909,0.14135606060606065,0.08415277777777791,0.09881313131313152,36,88,0.49378603985328456,0.7282954545454541,66.79032258064517,124,20
903,903.0,0.35955263157894735,0.4987105263157895,0.5434473684210528,0.3892528735632184,0.5067241379310347,0.5379885057471264,0.006278878808864265,0.003999047783933518,0.008996563019390582,0.007576165940018496,0.00439029171621086,0.014555804465583305,0.5035172413793102,0.4111954022988505,0.4455862068965517,0.14396460980036285,0.087515124016939,0.09786116152450108,38,87,0.47535918975933705,0.7337931034482754,66.488,125,20
904,904.0,0.36816216216216213,0.5044054054054055,0.5361891891891892,0.38720689655172413,0.5084597701149427,0.5368965517241379,0.006871865595325056,0.004241700511322132,0.009329720964207451,0.0070737962742766555,0.004268478266613819,0.014837403091557667,0.4993908045977011,0.4086896551724138,0.43873563218390815,0.13122864243553894,0.09571575023299167,0.09745355700528108,37,87,0.46905195125553584,0.7149425287356318,66.65322580645162,124,23
905,905.0,0.3703888888888889,0.5090555555555555,0.5405000000000001,0.3859540229885058,0.510609195402299,0.5348735632183907,0.006641626543209876,0.004002774691358025,0.010012527777777776,0.006953722024045449,0.00473260589245607,0.014958317347073589,0.49751724137931025,0.40902298850574714,0.4310689655172413,0.12712835249042137,0.10003256704980834,0.10943103448275882,36,87,0.46550903990697695,0.7159770114942524,67.3089430894309,123,23
906,906.0,0.3655263157894737,0.5034999999999998,0.5392368421052631,0.38806666666666667,0.5071333333333333,0.5362,0.007089038781163436,0.00446146052631579,0.00983860180055402,0.0070071955555555555,0.005250604444444444,0.014546293333333331,0.5015111111111111,0.4133666666666666,0.43332222222222216,0.13598479532163743,0.09013333333333323,0.10591461988304096,38,90,0.4495427923255832,0.6899999999999996,67.125,128,24
907,907.0,0.363578947368421,0.5011052631578948,0.5360263157894738,0.3891910112359551,0.5050449438202247,0.5368202247191012,0.0066744542936288094,0.0046808310249307475,0.00988760457063712,0.006846626436056055,0.005188627193536169,0.014535765433657368,0.5144719101123596,0.4181685393258427,0.4396853932584269,0.1508929627439386,0.08293672383205214,0.09634092253104687,38,89,0.4326505724165657,0.6915730337078647,67.60629921259843,127,23
908,908.0,0.3696111111111111,0.4979166666666667,0.5438611111111111,0.3877555555555555,0.5059,0.5396333333333333,0.0063142932098765436,0.0045251319444444445,0.010133786265432099,0.006729051358024692,0.005031912222222222,0.013899321111111113,0.5118111111111111,0.4166555555555555,0.4402111111111111,0.1422,0.08126111111111117,0.10365000000000002,36,90,0.42423067390683483,0.6766666666666663,66.41269841269842,126,25
909,909.0,0.3707058823529412,0.49944117647058817,0.5414705882352941,0.388314606741573,0.505191011235955,0.5423483146067416,0.00637591349480969,0.004469423010380622,0.010425719723183392,0.0065497437192273715,0.00506154778437066,0.013472721373563945,0.5090786516853933,0.4154831460674158,0.44207865168539323,0.13837276933245213,0.08395803040317235,0.09939193654990092,34,89,0.39763248301271686,0.694269662921348,65.9430894308943,123,26
910,910.0,0.37522857142857147,0.5045142857142857,0.5444571428571429,0.3878735632183908,0.5051149425287357,0.5377471264367816,0.006889204897959185,0.005216764081632654,0.01043110530612245,0.006641305852820717,0.005091618972123134,0.013731844100938037,0.5028045977011494,0.41296551724137925,0.4315287356321839,0.1275760262725779,0.09154876847290644,0.11292840722495895,35,87,0.4154028385344194,0.7216091954022985,65.18032786885246,122,20
911,911.0,0.3775833333333334,0.5036388888888887,0.5444444444444445,0.38852873563218393,0.5069770114942529,0.5395172413793103,0.006891909722222224,0.005098675154320987,0.01014135802469136,0.006559145725987581,0.004905240850838948,0.013541973840665873,0.5021264367816092,0.41303448275862065,0.42916091954022995,0.1245431034482758,0.0906044061302681,0.11528352490421456,36,87,0.41684572818250537,0.7436781609195398,65.70731707317073,123,15
912,912.0,0.3784705882352941,0.5056764705882353,0.5467058823529412,0.3881411764705882,0.5078,0.540670588235294,0.0060067785467128034,0.004844277681660901,0.010041031141868514,0.006613556539792387,0.004978748235294117,0.01371662089965398,0.5060235294117646,0.41463529411764705,0.43460000000000004,0.12755294117647054,0.09104117647058824,0.11210588235294111,34,85,0.46001421483792726,0.723176470588235,66.15966386554622,119,17
913,913.0,0.37588235294117645,0.5070882352941176,0.5422941176470588,0.38946987951807227,0.5093012048192772,0.5421566265060241,0.006074986159169551,0.005153786332179932,0.011245442906574395,0.006730176803599943,0.005477608070837566,0.013754951371752068,0.5079638554216868,0.41901204819277105,0.4352168674698794,0.13208150248051032,0.08807618710134657,0.1070772501771794,34,83,0.47604944304844776,0.7246987951807224,65.76068376068376,117,14
914,914.0,0.37239999999999995,0.5061714285714286,0.5436857142857143,0.38851219512195123,0.5064268292682927,0.5385853658536587,0.006313725714285715,0.005035113469387755,0.010989986938775512,0.006718371802498513,0.005247415377751338,0.013619925639500298,0.5073536585365853,0.41441463414634144,0.4268048780487805,0.13495365853658536,0.09175679442508716,0.11688083623693385,35,82,0.4627838291931854,0.7487804878048777,66.66666666666667,117,12
915,915.0,0.3727272727272727,0.506909090909091,0.5431515151515153,0.38699999999999996,0.5060120481927711,0.5415783132530121,0.006665168044077136,0.00509777961432507,0.011121219467401286,0.006821975903614458,0.0052094335897808096,0.013619496879082597,0.5046867469879518,0.4154939759036144,0.43991566265060245,0.1319594742606791,0.09141511500547655,0.10323585250091283,33,83,0.44922228834220324,0.7210843373493971,67.07758620689656,116,17
916,916.0,0.37834375,0.51021875,0.54734375,0.38828915662650604,0.5051204819277109,0.5456265060240963,0.005961475585937501,0.0054014833984375,0.0089779755859375,0.006703000725794745,0.005370925243141239,0.01368748700827406,0.5100843373493976,0.4225421686746987,0.44692771084337346,0.13174058734939764,0.08767658132530137,0.10041603915662656,32,83,0.43511382276611676,0.7203614457831321,67.0,115,18
917,917.0,0.3842424242424242,0.5091515151515151,0.5465454545454546,0.3871807228915663,0.5045060240963856,0.5515180722891566,0.0058726685032139585,0.005450674012855831,0.008805944903581268,0.006938605893453332,0.005463262011903033,0.013198032805922485,0.5155421686746987,0.42730120481927714,0.4684337349397591,0.1312997444322745,0.081850310332238,0.07811171960569546,33,83,0.43826264366168355,0.691927710843373,67.08620689655173,116,22
918,918.0,0.3804375,0.50846875,0.5465,0.38754216867469876,0.5055180722891568,0.5533132530120484,0.005578433593750001,0.0056056240234375,0.0090810625,0.006907260269995646,0.005426803890259835,0.01304395006532153,0.5137831325301204,0.42792771084337344,0.4737469879518072,0.13334563253012044,0.08054103915662658,0.07275301204819279,32,83,0.4017024510697859,0.7410843373493972,67.68695652173913,115,18
919,919.0,0.37975000000000003,0.51015625,0.54240625,0.38754216867469876,0.5055180722891568,0.5533132530120484,0.0055978125,0.0056079443359375,0.008974241210937501,0.006907260269995646,0.005426803890259835,0.01304395006532153,0.5137831325301204,0.42792771084337344,0.4737469879518072,0.1340331325301204,0.08222853915662653,0.06865926204819278,32,83,0.41031482476560655,0.7487951807228911,68.75652173913043,115,18
920,920.0,0.3815625,0.50721875,0.5294375,0.3894285714285714,0.5077380952380954,0.5529404761904763,0.005394933593750001,0.0054416083984375006,0.00977143359375,0.00712038775510204,0.005771264739229024,0.012900198837868481,0.5155714285714285,0.42740476190476184,0.4756309523809523,0.13400892857142843,0.07981398809523821,0.053806547619047684,32,84,0.4220947204298824,0.7290476190476186,69.29310344827586,116,20
921,921.0,0.37825,0.50359375,0.5263125,0.38597674418604655,0.5049302325581396,0.5510697674418605,0.0047583125,0.0046180537109375,0.00934565234375,0.007356208761492699,0.005665971876690102,0.012967064899945917,0.5043488372093022,0.42620930232558135,0.4712558139534884,0.12609883720930226,0.0773844476744186,0.05505668604651154,32,86,0.3856259530444302,0.7279069767441857,70.20338983050847,118,21
922,922.0,0.37203125,0.49675,0.5258125,0.38725882352941177,0.5039529411764706,0.5526588235294118,0.004110467773437499,0.0045449375,0.00917021484375,0.007301391833910034,0.0056504919031141855,0.012902460069204154,0.5041999999999999,0.4269058823529412,0.4768,0.1321687499999999,0.06984411764705883,0.049012500000000014,32,85,0.41634248659216344,0.731647058823529,71.52991452991454,117,19
923,923.0,0.3751428571428571,0.5004642857142858,0.5275,0.3866511627906976,0.5030697674418604,0.5512674418604651,0.0033433367346938775,0.004279820153061225,0.009063535714285715,0.007254273661438617,0.005498878853434289,0.012921544753921044,0.49391860465116283,0.4253023255813954,0.4807558139534884,0.11877574750830572,0.07516196013289039,0.04674418604651159,28,86,0.41585236599406655,0.7476744186046508,72.45614035087719,114,20
924,924.0,0.374962962962963,0.5014074074074074,0.5332962962962962,0.38754117647058817,0.5019411764705881,0.5528588235294117,0.0034662578875171465,0.004413426611796983,0.008458504801097395,0.007276577716262976,0.005649796539792387,0.013221744775086506,0.4931764705882354,0.4222705882352943,0.47556470588235294,0.11821350762527238,0.07913681917211313,0.05773159041394321,27,85,0.4357594311888054,0.7711764705882348,72.52678571428571,112,17
925,925.0,0.383,0.5083333333333333,0.5117083333333333,0.3877469879518071,0.5021325301204819,0.5531325301204818,0.002796166666666667,0.004252305555555556,0.008977373263888888,0.007354598635505879,0.005894066773116562,0.01307712701408042,0.49108433734939766,0.4210602409638555,0.4732168674698795,0.10808433734939765,0.08727309236947778,0.03849146586345381,24,83,0.4404010056831844,0.7942168674698789,72.39252336448598,107,18
926,926.0,0.37796,0.50572,0.5184,0.38605952380952374,0.5009166666666666,0.5536309523809523,0.0032939583999999997,0.0042461216000000005,0.009692960000000002,0.007503389314058957,0.0059466001984126975,0.012942066184807258,0.4889285714285715,0.4200833333333334,0.47670238095238093,0.11096857142857147,0.08563666666666653,0.04169761904761904,25,84,0.4418453472651454,0.8060714285714281,72.77981651376147,109,16
927,927.0,0.3744782608695652,0.5068260869565218,0.5096521739130434,0.38845882352941175,0.5022470588235294,0.5561882352941176,0.0033974669187145554,0.004598665406427221,0.009568748582230623,0.007127777716262976,0.00580940955017301,0.013032364567474045,0.4940117647058824,0.42374117647058823,0.48277647058823525,0.11953350383631717,0.08308491048593353,0.026875703324808153,23,85,0.41988237880257523,0.793647058823529,73.45370370370371,108,21
928,928.0,0.3734074074074074,0.5003333333333334,0.5027407407407407,0.3914096385542169,0.5018433734939759,0.5533855421686746,0.00324557475994513,0.004427111111111111,0.009347377229080935,0.006894675569748876,0.005895818841631586,0.012918429670489184,0.5024819277108434,0.42378313253012045,0.4829999999999999,0.12907452030343602,0.07655020080321295,0.019740740740740836,27,83,0.46793887937078654,0.7944578313253007,74.03636363636363,110,20
929,929.0,0.3710769230769231,0.5037692307692309,0.5040384615384614,0.3896746987951807,0.5000000000000001,0.5546024096385542,0.0032237633136094675,0.004278639053254438,0.009661421597633139,0.007035352010451445,0.0060042891566265055,0.012571637102627377,0.5035662650602409,0.4252409638554217,0.4804819277108433,0.13248934198331785,0.07852826691380915,0.02355653382761813,26,83,0.43577687152462186,0.7985542168674694,74.61467889908256,109,22
930,930.0,0.37296153846153846,0.4976153846153847,0.5109615384615385,0.38885882352941176,0.49827058823529424,0.5516705882352941,0.003297113905325444,0.003715928994082841,0.009752113905325445,0.006905933010380625,0.005998009134948097,0.012779397370242217,0.5069411764705882,0.42563529411764706,0.480835294117647,0.13397963800904977,0.07198009049773763,0.03012624434389144,26,85,0.44396022327330675,0.7919999999999994,74.83783783783784,111,21
931,931.0,0.36996296296296294,0.5007037037037038,0.5137777777777778,0.3895529411764706,0.4988941176470589,0.5531294117647059,0.0034087764060356652,0.003826282578875171,0.009597135802469138,0.007010458961937716,0.005975459377162631,0.012740300899653978,0.5034588235294116,0.42897647058823524,0.48411764705882343,0.1334958605664487,0.07172723311546852,0.029660130718954347,27,85,0.4607216312880891,0.8007058823529405,74.58928571428571,112,19
932,932.0,0.37299999999999994,0.5018571428571429,0.5221428571428571,0.3924268292682927,0.5000975609756098,0.5485609756097561,0.003536071428571429,0.0037255510204081627,0.011143693877551023,0.006841000743604997,0.0060906734086853065,0.01225139262343843,0.5034268292682926,0.4296097560975609,0.48250000000000004,0.1304268292682927,0.07224738675958198,0.03964285714285709,28,82,0.4264186420083379,0.8193902439024385,74.44545454545455,110,18
933,933.0,0.37244827586206897,0.5037586206896552,0.5173448275862068,0.3914024390243903,0.4986463414634147,0.5483048780487805,0.003944040428061832,0.003704527942925089,0.010179191438763377,0.006998581945270672,0.006168667608566329,0.012305650951814398,0.5046097560975609,0.42793902439024384,0.4849268292682926,0.1321614802354919,0.07581959629941132,0.0324179983179142,29,82,0.4271111609638191,0.8096341463414629,74.02702702702703,111,20
934,934.0,0.37896551724137933,0.49537931034482763,0.5291379310344827,0.3914810126582278,0.4968607594936709,0.549493670886076,0.004415895362663496,0.003345683709869203,0.009921912009512484,0.007203920525556803,0.006300955295625701,0.01260012337766384,0.5045443037974682,0.43026582278480996,0.48963291139240495,0.12557878655608884,0.06511348756001767,0.039505019642077754,29,79,0.4555258204502282,0.8313924050632907,74.5,108,21
935,935.0,0.38106666666666666,0.49533333333333335,0.5349666666666665,0.39294805194805194,0.49572727272727274,0.5503896103896104,0.004396728888888888,0.0032342222222222225,0.01057643222222222,0.007305997301399899,0.006215003541912633,0.012856185866081971,0.5084025974025972,0.4318181818181818,0.4988831168831168,0.12733593073593052,0.06351515151515152,0.03608354978354966,30,77,0.42042125884241016,0.8649350649350643,74.19626168224299,107,20
936,936.0,0.3781379310344828,0.4901379310344828,0.5384137931034483,0.39592,0.4971066666666665,0.5533600000000001,0.00432363614744352,0.00312322235434007,0.012563070154577884,0.007570900266666665,0.006505668622222222,0.0127289504,0.5148399999999999,0.43678666666666666,0.5126799999999999,0.13670206896551707,0.05335126436781612,0.025733793103448366,29,75,0.43094150360821337,0.844266666666666,74.16346153846153,104,21
937,937.0,0.3784827586206897,0.49024137931034484,0.5404827586206896,0.39592,0.4971066666666665,0.5533600000000001,0.004342042806183114,0.003123493460166468,0.012027422116527945,0.007570900266666665,0.006505668622222222,0.0127289504,0.5148399999999999,0.43678666666666666,0.5126799999999999,0.13635724137931016,0.05345471264367818,0.027802758620689705,29,75,0.42804355896304097,0.8549333333333329,75.10576923076923,104,22
938,938.0,0.3784827586206897,0.49024137931034484,0.5404827586206896,0.39483098591549287,0.49953521126760553,0.5469014084507042,0.004342042806183114,0.003123493460166468,0.012027422116527945,0.00671704185677445,0.006710164253124379,0.011849384645903592,0.523676056338028,0.43719718309859157,0.5034929577464787,0.14519329771733835,0.05304419621175327,0.03698980087421089,29,71,0.4348862056818119,0.877746478873239,74.57,100,21
939,939.0,0.38093548387096776,0.4800967741935484,0.5453548387096774,0.3936285714285714,0.4983142857142856,0.5469857142857143,0.004029931321540062,0.0034164099895941723,0.0117956482830385,0.006710347755102041,0.00670018693877551,0.01201815693877551,0.5198999999999998,0.43265714285714285,0.49871428571428567,0.13896451612903205,0.04743963133640555,0.046640552995391715,31,70,0.4333523097433553,0.8869999999999995,74.67326732673267,101,22
940,940.0,0.38725,0.4850625,0.5509062499999999,0.3948405797101449,0.49782608695652153,0.5487681159420289,0.005016250000000001,0.0044216210937500005,0.0118776474609375,0.0067047716866204575,0.006780607435412728,0.01196994622978366,0.5190579710144926,0.43530434782608696,0.5017971014492753,0.1318079710144926,0.04975815217391305,0.04910914855072468,32,69,0.4434517089605316,0.8794202898550719,73.85148514851485,101,25
941,941.0,0.3847428571428571,0.48600000000000004,0.548342857142857,0.3952676056338028,0.4962535211267603,0.5476338028169013,0.0054047053061224495,0.004459828571428572,0.011441025306122449,0.006562872049196589,0.006709428684784764,0.01176707716722873,0.5190563380281689,0.4365492957746479,0.503169014084507,0.13431348088531175,0.04945070422535214,0.04517384305835004,35,71,0.458464832910798,0.8661971830985911,73.72641509433963,106,22
942,942.0,0.3885,0.48726470588235293,0.5445,0.39631343283582093,0.4941940298507461,0.5497164179104477,0.005069602941176471,0.0045350181660899665,0.011260661764705882,0.006731886834484295,0.006701499665849856,0.011691665849855202,0.5278955223880597,0.4389701492537313,0.5067014925373134,0.1393955223880597,0.04829455662862164,0.03779850746268654,34,67,0.44109085766821987,0.8107462686567158,73.57425742574257,101,28
943,943.0,0.385735294117647,0.4836470588235294,0.5444117647058823,0.3962727272727273,0.4926212121212122,0.5450303030303032,0.005048135813148789,0.004274228373702423,0.011260477508650519,0.006379955922865013,0.006734083792470156,0.01134224150596878,0.5237424242424242,0.44362121212121214,0.505409090909091,0.13800713012477722,0.040025846702317236,0.03900267379679123,34,66,0.48162909518239505,0.8236363636363632,73.63,100,23
944,944.0,0.38963888888888887,0.4911111111111111,0.549861111111111,0.3977462686567164,0.49302985074626865,0.5489701492537313,0.005030286265432099,0.004984098765432099,0.011473397376543208,0.006280726665181555,0.006718924482067274,0.011439700601470261,0.5372238805970149,0.4467910447761194,0.5130746268656716,0.147584991708126,0.04432006633499169,0.0367864842454394,36,67,0.45686390015425427,0.8076119402985068,73.36893203883496,103,25
945,945.0,0.39305882352941174,0.4953823529411765,0.5525294117647059,0.39476470588235296,0.4924558823529412,0.5489705882352941,0.005286114186851211,0.005066294982698962,0.009739955017301035,0.006783974048442908,0.0066421892301038055,0.011271469723183394,0.5293235294117647,0.4452794117647059,0.5134117647058823,0.136264705882353,0.05010294117647057,0.03911764705882359,34,68,0.47236422141138285,0.7826470588235289,73.48039215686275,102,29
946,946.0,0.39448484848484844,0.4936666666666667,0.5351818181818182,0.39464179104477615,0.49577611940298516,0.5479850746268657,0.004846916437098256,0.0048356161616161615,0.009323300275482092,0.0068842000445533515,0.005991696146134996,0.011373656493651147,0.5251492537313434,0.4393582089552239,0.507731343283582,0.13066440524649492,0.054308457711442826,0.027450474898236155,33,67,0.49924998014491945,0.7971641791044771,73.77,100,28
947,947.0,0.3946060606060606,0.49209090909090913,0.5384242424242424,0.3941060606060606,0.4959393939393939,0.5493333333333333,0.004837814508723601,0.004778506887052342,0.00937969880624426,0.006969276629935722,0.0060806932966023875,0.011424191919191919,0.5198333333333334,0.4421363636363636,0.5078181818181818,0.12522727272727274,0.04995454545454553,0.030606060606060526,33,66,0.5069359045369454,0.7860606060606055,74.0,99,32
948,948.0,0.3982777777777778,0.49841666666666673,0.5450277777777777,0.39149999999999996,0.495765625,0.5493593750000001,0.00477520061728395,0.004866965277777779,0.009216693672839504,0.0069319375,0.006257835693359375,0.011621417724609374,0.5164531250000001,0.44453125000000004,0.5102187499999999,0.11817534722222228,0.053885416666666686,0.034809027777777724,36,64,0.5094648388257066,0.8145312499999994,74.21,100,29
949,949.0,0.39951428571428577,0.49937142857142863,0.5467142857142857,0.39149999999999996,0.495765625,0.5493593750000001,0.004856592653061225,0.004973204897959184,0.009377632653061223,0.0069319375,0.006257835693359375,0.011621417724609374,0.5164531250000001,0.44453125000000004,0.5102187499999999,0.1169388392857143,0.05484017857142859,0.036495535714285765,35,64,0.506061536983953,0.8570312499999994,74.71717171717172,99,27
950,950.0,0.3989696969696969,0.49824242424242426,0.5443636363636364,0.39298360655737713,0.5021639344262294,0.5552459016393443,0.0050777263544536265,0.00521739577594123,0.008998231404958677,0.006902901370599303,0.006320989518946519,0.011212021499596882,0.5225573770491803,0.44737704918032783,0.5217704918032787,0.12358768007948334,0.05086537506209643,0.02259314456035766,33,61,0.5315533860393931,0.8819672131147535,74.84042553191489,94,25
951,951.0,0.39545161290322584,0.4945483870967742,0.5399677419354839,0.392,0.5010166666666667,0.5552666666666667,0.005036570239334027,0.004246892819979189,0.009224289281997918,0.006935833333333334,0.006475883055555556,0.011242195555555556,0.5214666666666666,0.4404833333333334,0.5124666666666667,0.1260150537634408,0.054065053763440785,0.027501075268817177,31,60,0.5131172472145767,0.877166666666666,75.3076923076923,91,30
952,952.0,0.392125,0.49640625,0.5437812499999999,0.38967213114754096,0.5016393442622951,0.5604426229508196,0.004287234375000001,0.0041630537109375,0.0095102958984375,0.006272646600376243,0.0063765912389142695,0.011523459822628328,0.515655737704918,0.4385901639344263,0.5114754098360657,0.12353073770491801,0.0578160860655737,0.03230584016393423,32,61,0.5041973102749455,0.8449180327868848,74.3763440860215,93,33
953,953.0,0.39384375,0.496,0.543625,0.3883442622950819,0.4997213114754099,0.5602786885245902,0.0041033818359375,0.004144937499999999,0.009526296875,0.005961996237570546,0.006515479709755443,0.01155734856221446,0.5162295081967213,0.4430491803278688,0.5072622950819672,0.12238575819672132,0.05295081967213122,0.03636270491803284,32,61,0.44765732182317414,0.8452459016393438,74.08602150537635,93,36
954,954.0,0.393030303030303,0.4908181818181818,0.5417272727272728,0.39163333333333333,0.5008166666666667,0.5587333333333332,0.004000211202938475,0.0048785730027548204,0.009352865013774105,0.005401465555555555,0.006550883055555557,0.011604295555555555,0.5242333333333333,0.44476666666666664,0.5067,0.13120303030303032,0.04605151515151518,0.035027272727272796,33,60,0.42658678734076333,0.9191666666666661,74.3010752688172,93,30
955,955.0,0.39770588235294113,0.49426470588235294,0.5445588235294119,0.39503333333333335,0.50225,0.56005,0.0046039723183391,0.005127076989619376,0.009342364186851212,0.005496598888888889,0.0066532875,0.011414680833333335,0.54015,0.44506666666666667,0.5118166666666666,0.1424441176470589,0.04919803921568627,0.032742156862745286,34,60,0.3923261790106694,0.8648333333333329,72.90425531914893,94,34
956,956.0,0.4027741935483871,0.500741935483871,0.5326451612903226,0.39503225806451614,0.5037419354838709,0.5596451612903226,0.004507916753381894,0.004695094693028095,0.0085698418314256,0.005320095733610821,0.0065203527575442245,0.011089777315296567,0.5344032258064516,0.44370967741935485,0.502016129032258,0.1316290322580645,0.05703225806451617,0.03062903225806457,31,62,0.3860448922165598,0.8869354838709671,73.41935483870968,93,33
957,957.0,0.3970882352941177,0.49694117647058816,0.5344705882352941,0.39598412698412694,0.5073968253968254,0.5576190476190476,0.004187786332179931,0.004857349480968858,0.009817660899653979,0.0050449680020156215,0.006370779037540942,0.011170299319727895,0.5327142857142858,0.43758730158730164,0.4954761904761904,0.13562605042016812,0.05935387488328653,0.03899439775910374,34,63,0.42888704206187744,0.8279365079365075,72.95876288659794,97,35
958,958.0,0.3961714285714285,0.49162857142857147,0.5277999999999999,0.39316393442622954,0.506344262295082,0.5556885245901639,0.003961856326530614,0.004518976326530612,0.008724445714285713,0.0054883337812416015,0.00670452082773448,0.009951329212577265,0.5232295081967213,0.4238032786885246,0.4940327868852459,0.1270580796252928,0.0678252927400469,0.03376721311475406,35,61,0.45204670626108046,0.8029508196721307,71.76041666666667,96,38
959,959.0,0.39464705882352935,0.4878529411764706,0.5267058823529412,0.39451666666666657,0.5082333333333333,0.5543666666666667,0.003997051903114188,0.004152948961937717,0.008939148788927336,0.005614416388888889,0.006638578888888889,0.010120532222222223,0.50655,0.4243333333333333,0.4877000000000001,0.1119029411764706,0.06351960784313732,0.03900588235294117,34,60,0.43026673234436746,0.8028333333333328,71.93617021276596,94,39
960,960.0,0.39728125000000003,0.48809375,0.53434375,0.3966229508196722,0.5064754098360656,0.553622950819672,0.004117514648437501,0.0044092724609375005,0.0083467255859375,0.005922628325718893,0.006878282182209083,0.009873972588013974,0.5101967213114753,0.42275409836065575,0.49718032786885247,0.11291547131147528,0.06533965163934424,0.03716342213114754,32,61,0.43281635717840505,0.7739344262295077,71.58064516129032,93,41
961,961.0,0.39728125000000003,0.48809375,0.53434375,0.3955396825396825,0.5064603174603175,0.5525714285714285,0.004117514648437501,0.0044092724609375005,0.0083467255859375,0.006013454774502394,0.00681107382212144,0.009608911564625853,0.5146349206349206,0.4248571428571429,0.49653968253968256,0.11735367063492053,0.06323660714285712,0.03780406746031745,32,63,0.4097373839663402,0.7823809523809521,71.77894736842106,95,41
962,962.0,0.39372727272727276,0.48751515151515157,0.528090909090909,0.3955396825396825,0.5064603174603175,0.5525714285714285,0.004396925619834712,0.004286370982552801,0.009344931129476583,0.006013454774502394,0.00681107382212144,0.009608911564625853,0.5146349206349206,0.4248571428571429,0.49653968253968256,0.1209076479076478,0.06265800865800869,0.0315512265512265,33,63,0.41390099094771665,0.8385714285714281,72.9375,96,35
963,963.0,0.39083333333333325,0.48176666666666673,0.5299666666666666,0.39695161290322584,0.5077096774193549,0.5505000000000001,0.004490738888888889,0.004193045555555556,0.009836965555555554,0.006150917013527576,0.006874689906347554,0.009787637096774195,0.5025483870967742,0.4165,0.48446774193548386,0.11171505376344093,0.06526666666666675,0.04549892473118272,30,62,0.4532450755796714,0.9119354838709673,73.08695652173913,92,29
964,964.0,0.39332352941176474,0.48038235294117654,0.5253529411764707,0.39731746031746035,0.5060793650793651,0.545936507936508,0.004044336505190311,0.003779706747404845,0.009585698961937715,0.006061581758629379,0.0069303587805492565,0.010923456286218191,0.5009523809523809,0.4163015873015873,0.47973015873015873,0.10762885154061619,0.06408076563958925,0.04562278244631196,34,63,0.5560862364016252,0.875396825396825,72.54639175257732,97,24
965,965.0,0.3920857142857143,0.48120000000000007,0.5246857142857143,0.39612698412698416,0.5066190476190477,0.5452380952380954,0.003980878367346938,0.003694445714285714,0.00932695836734694,0.00593353943058705,0.006888965986394558,0.01088516553287982,0.5012380952380954,0.4115555555555555,0.47477777777777774,0.10915238095238106,0.06964444444444456,0.04990793650793657,35,63,0.5411652361212366,0.8926984126984123,72.83673469387755,98,22
966,966.0,0.3932058823529411,0.4808529411764706,0.5191176470588235,0.3946557377049181,0.5053770491803279,0.5405081967213116,0.003995810553633218,0.00369406660899654,0.008906162629757785,0.006021996237570546,0.00706112012899758,0.010432676162321956,0.49447540983606564,0.4080655737704918,0.4652459016393443,0.10126952748312451,0.0727873674059788,0.053871745419479145,34,61,0.5316391178914582,0.9380327868852453,72.7578947368421,95,22
967,967.0,0.3971470588235294,0.48199999999999993,0.5277647058823529,0.39490322580645165,0.5046451612903227,0.5427580645161288,0.004013125432525952,0.003878588235294117,0.00894759169550173,0.006716990634755464,0.007150519250780438,0.010278505983350677,0.49535483870967745,0.4089838709677419,0.4785645161290322,0.09820777988614804,0.07301612903225801,0.04920018975332069,34,62,0.5417856005259257,0.8891935483870964,71.51041666666667,96,26
968,968.0,0.3978108108108108,0.4827837837837838,0.5307567567567567,0.3958888888888889,0.5065238095238096,0.5429365079365078,0.004140315558802047,0.004043791088385683,0.008504346238130024,0.006670606701940036,0.007255836734693877,0.010117329302091204,0.4936666666666667,0.4112222222222222,0.47239682539682537,0.09585585585585588,0.07156156156156157,0.05835993135993134,37,63,0.5364982307242196,0.8482539682539678,72.28,100,29
969,969.0,0.3978108108108108,0.4827837837837838,0.5307567567567567,0.39703174603174607,0.5068412698412698,0.546047619047619,0.004140315558802047,0.004043791088385683,0.008504346238130024,0.006612411690602168,0.007276355757117661,0.009840489795918367,0.49949206349206354,0.4111428571428571,0.48030158730158734,0.10168125268125272,0.0716409266409267,0.05045516945516937,37,63,0.4876541292555361,0.8603174603174598,72.03,100,33
970,970.0,0.3999166666666667,0.47922222222222227,0.5319444444444446,0.3971230769230769,0.5013076923076922,0.5412769230769231,0.00391157638888889,0.003992006172839506,0.008424496913580245,0.0064107233136094675,0.008031905325443787,0.010593861775147932,0.49393846153846155,0.4085846153846154,0.4692307692307693,0.09402179487179485,0.07063760683760689,0.06271367521367527,36,65,0.5091616904264122,0.8621538461538457,71.55445544554455,101,31
971,971.0,0.4035277777777778,0.47866666666666674,0.537,0.39801587301587305,0.4976190476190476,0.5476031746031748,0.004404693672839507,0.003959722222222222,0.008530944444444445,0.006588618795666416,0.007554965986394558,0.00974623935500126,0.49290476190476196,0.40931746031746036,0.47853968253968254,0.08937698412698414,0.06934920634920638,0.05846031746031749,36,63,0.5497052421706728,0.8561904761904757,71.31313131313131,99,28
972,972.0,0.40416216216216216,0.480027027027027,0.5371891891891891,0.398546875,0.49949999999999994,0.548359375,0.004545703433162893,0.00392953981008035,0.007922477720964207,0.007230779052734376,0.0075765625,0.009555167724609376,0.5025937500000001,0.41446874999999994,0.47959375000000004,0.0984315878378379,0.06555827702702705,0.05759543918918908,37,64,0.5356366601247619,0.8454687499999995,71.41584158415841,101,29
973,973.0,0.4030540540540541,0.480027027027027,0.5361351351351351,0.398546875,0.49949999999999994,0.548359375,0.004283672753834917,0.0040733235938641334,0.007743954711468225,0.007230779052734376,0.0075765625,0.009555167724609376,0.5025937500000001,0.41446874999999994,0.47959375000000004,0.09953969594594597,0.06555827702702705,0.05654138513513507,37,64,0.5343903694490706,0.8582812499999994,71.9009900990099,101,27
974,974.0,0.39915789473684216,0.47710526315789464,0.5432368421052631,0.39359999999999995,0.4958461538461539,0.5449692307692307,0.004566185595567869,0.0040805152354570625,0.00731754916897507,0.007860886153846156,0.007865637869822485,0.009545291360946747,0.502,0.40798461538461533,0.48313846153846146,0.10284210526315785,0.06912064777327931,0.06009838056680167,38,65,0.5476648582429109,0.8347692307692303,70.47572815533981,103,25
975,975.0,0.4017567567567568,0.4774054054054053,0.542054054054054,0.39455384615384614,0.49498461538461536,0.547923076923077,0.0044329408327246165,0.0041873761869978075,0.0074621592403214,0.007826400946745563,0.007904261301775148,0.00973170177514793,0.5119076923076923,0.4120461538461538,0.49186153846153846,0.11015093555093547,0.06535925155925154,0.050192515592515585,37,65,0.5053931729791132,0.8539999999999995,70.56862745098039,102,25
976,976.0,0.39758333333333334,0.4737777777777777,0.5393888888888888,0.396109375,0.495046875,0.5491406249999999,0.003911631944444445,0.0038167839506172835,0.007406626543209875,0.007791409912109376,0.008027513427734376,0.009787402099609377,0.516984375,0.41134375,0.49075,0.11940104166666671,0.06243402777777768,0.04863888888888879,36,64,0.5155912032765547,0.8512499999999996,70.89,100,27
977,977.0,0.3978333333333333,0.4731111111111111,0.5479722222222222,0.3968412698412699,0.4987619047619048,0.5484126984126984,0.003930527777777779,0.003862709876543209,0.007008693672839507,0.007896800201562106,0.007821356009070296,0.008853861426051903,0.5172698412698412,0.41296825396825393,0.48446031746031754,0.1194365079365079,0.060142857142857165,0.06351190476190466,36,63,0.48635785315613245,0.8731746031746028,70.06060606060606,99,27
978,978.0,0.3885641025641025,0.47038461538461535,0.5407179487179488,0.40103225806451614,0.5015645161290322,0.548016129032258,0.005330040762656147,0.0036951084812623268,0.007309279421433268,0.00843561186264308,0.00824111680541103,0.008993435223725288,0.5326451612903226,0.4158064516129032,0.493,0.14408105872622007,0.05457816377171215,0.047717948717948766,39,62,0.4702824117613471,0.8087096774193545,69.63366336633663,101,32
979,979.0,0.39069230769230767,0.4689487179487179,0.5375641025641027,0.39858064516129027,0.5043064516129031,0.5459677419354839,0.005310366863905326,0.00363235634451019,0.007271117685733069,0.0082189209157128,0.008471793184183143,0.008958579604578566,0.5322258064516129,0.42064516129032253,0.4845,0.1415334987593052,0.048303556658395363,0.05306410256410271,39,62,0.49015669114102084,0.779354838709677,68.93069306930693,101,33
980,980.0,0.3919189189189189,0.473054054054054,0.535054054054054,0.39977049180327867,0.5030819672131147,0.5481967213114752,0.005568020452885319,0.0032501051862673476,0.0069678349159970785,0.008265881752217145,0.008517714592851383,0.008797403923676434,0.5333278688524591,0.4194098360655737,0.4905245901639344,0.1414089499335402,0.05364421798848029,0.044529463890119636,37,61,0.5041709714289843,0.8454098360655732,68.95918367346938,98,26
981,981.0,0.3942631578947368,0.4777894736842106,0.5387631578947368,0.4002166666666666,0.5038833333333332,0.5487666666666666,0.005404825484764544,0.003814271468144044,0.006916180747922436,0.008391503055555556,0.008620503055555557,0.008924212222222222,0.5263000000000001,0.4169666666666666,0.48595000000000005,0.13203684210526329,0.060822807017544,0.052813157894736784,38,60,0.49751959981793514,0.8323333333333328,68.26530612244898,98,28
982,982.0,0.4003333333333334,0.4809487179487181,0.5467692307692308,0.3976949152542372,0.496,0.5485593220338983,0.005106632478632479,0.003669638395792242,0.006171459566074951,0.008207974719908072,0.008472983050847458,0.009201805802930193,0.5196610169491526,0.4062372881355933,0.47840677966101697,0.11932768361581919,0.07471142981312479,0.06836245110821382,39,59,0.5018899995667236,0.8174576271186436,65.90816326530613,98,28
983,983.0,0.40184999999999993,0.48555000000000004,0.550325,0.39630508474576276,0.49264406779661013,0.5484915254237288,0.005063977500000001,0.004305597499999999,0.006430369375,0.008122517092789428,0.007979483481758115,0.009837470267164607,0.5182372881355932,0.40352542372881356,0.47125423728813565,0.11638728813559329,0.08202457627118648,0.0790707627118643,40,59,0.4863573897612657,0.7811864406779657,65.57575757575758,99,31
984,984.0,0.3992142857142857,0.4842857142857144,0.551047619047619,0.39795,0.49471666666666664,0.5504499999999999,0.005810454081632653,0.004460585034013605,0.006587283446712017,0.008146780833333334,0.008099936388888888,0.009899814166666666,0.5262666666666667,0.405,0.4761666666666667,0.12705238095238097,0.07928571428571435,0.07488095238095233,42,60,0.47367037489506747,0.7776666666666663,65.38235294117646,102,31
985,985.0,0.398439024390244,0.485390243902439,0.5555365853658537,0.39818965517241384,0.49389655172413793,0.5501551724137931,0.005926929208804285,0.0045181403926234385,0.005901614515169542,0.008418222651605233,0.008355265160523186,0.010092889714625445,0.5310344827586208,0.40527586206896554,0.4816724137931034,0.13259545836837677,0.08011438183347347,0.07386417157275033,41,58,0.4638234498529108,0.7755172413793099,65.76767676767676,99,36
986,986.0,0.39205,0.48737499999999995,0.551975,0.3993666666666667,0.49199999999999994,0.5536833333333333,0.005966347500000001,0.004092384375,0.005947574375,0.008534065555555555,0.008244966666666666,0.009707316388888889,0.5332833333333334,0.40625,0.4866,0.14123333333333343,0.08112499999999995,0.06537500000000002,40,60,0.4987808501389016,0.7229999999999995,65.37,100,36
987,987.0,0.3955813953488372,0.49197674418604653,0.5571395348837209,0.3994426229508197,0.49332786885245894,0.5556065573770491,0.005805034072471607,0.004326301784748513,0.006783701460248783,0.008394509002956196,0.008215597420048374,0.009770107497984416,0.540360655737705,0.4096065573770492,0.49067213114754094,0.1447792603888678,0.08237018680899733,0.06646740373617999,43,61,0.5370852069910367,0.700491803278688,65.98076923076923,104,33
988,988.0,0.3907441860465115,0.48900000000000005,0.552953488372093,0.39988333333333337,0.49453333333333327,0.5571999999999999,0.007054608977825852,0.004603069767441861,0.007118974580854516,0.008522569722222224,0.008263882222222222,0.009778060000000002,0.5374333333333333,0.40950000000000003,0.4888833333333333,0.1466891472868218,0.07950000000000002,0.06407015503875974,43,60,0.5321122818308603,0.7136666666666663,67.15533980582525,103,35
989,989.0,0.3915454545454544,0.49150000000000005,0.5528636363636363,0.39988333333333337,0.49453333333333327,0.5571999999999999,0.006921884297520661,0.004767204545454546,0.006957526859504131,0.008522569722222224,0.008263882222222222,0.009778060000000002,0.5374333333333333,0.40950000000000003,0.4888833333333333,0.1458878787878789,0.08200000000000002,0.06398030303030305,44,60,0.5258421150973708,0.7153333333333329,68.0576923076923,104,36
990,990.0,0.3969767441860465,0.4926046511627907,0.5545581395348838,0.39988333333333337,0.49453333333333327,0.5571999999999999,0.005784906435911304,0.004824378583017847,0.006992990805840995,0.008522569722222224,0.008263882222222222,0.009778060000000002,0.5374333333333333,0.40950000000000003,0.4888833333333333,0.14045658914728681,0.08310465116279064,0.06567480620155047,43,60,0.48669582184881527,0.7453333333333331,68.69902912621359,103,38
991,991.0,0.39593181818181816,0.49093181818181814,0.5532045454545456,0.39708474576271185,0.49284745762711857,0.5568983050847456,0.0057003817148760325,0.004835063533057851,0.006912844524793388,0.008197094513070956,0.008233417408790576,0.009938328641195062,0.533,0.4073898305084746,0.4816779661016949,0.13706818181818187,0.08354198767334353,0.07152657935285067,44,59,0.4699273367712975,0.7542372881355929,69.57281553398059,103,38
992,992.0,0.40070454545454537,0.4889545454545454,0.5552954545454545,0.39707017543859646,0.4893684210526316,0.5534561403508772,0.0056877990702479345,0.004646997933884297,0.00724216270661157,0.00839795998768852,0.008111951985226223,0.009860634041243458,0.5391929824561404,0.41494736842105256,0.48673684210526313,0.13848843700159508,0.07400717703349285,0.06855861244019135,44,57,0.4626513982543506,0.7491228070175434,67.92079207920793,101,39
993,993.0,0.4021395348837209,0.48976744186046517,0.5513255813953488,0.3984035087719298,0.4865614035087719,0.5479122807017544,0.005760166576527853,0.004782085451595457,0.007835614926987563,0.008142661742074486,0.0087124567559249,0.01064436072637735,0.5400350877192982,0.4133859649122807,0.4756491228070176,0.1378955528355773,0.07638147694818448,0.07567645858833122,43,57,0.47566929516984313,0.7775438596491223,68.04,100,36
994,994.0,0.40577272727272723,0.48804545454545456,0.5526818181818182,0.40055932203389827,0.4840847457627118,0.5414745762711864,0.006133493801652893,0.004303179752066116,0.0077310351239669416,0.008171297328353921,0.00925912841137604,0.011308418845159436,0.5407796610169492,0.41338983050847466,0.47110169491525417,0.13500693374422196,0.0746556240369799,0.081580123266564,44,59,0.4764208024032891,0.7837288135593217,67.72815533980582,103,33
995,995.0,0.40631111111111107,0.4844444444444444,0.5447777777777778,0.3993508771929824,0.484298245614035,0.5387719298245615,0.006079280987654321,0.004082291358024691,0.00840883950617284,0.008184718990458603,0.009577612803939673,0.011437719913819637,0.5277017543859649,0.4107368421052631,0.46238596491228073,0.12139064327485383,0.07370760233918128,0.08239181286549707,45,57,0.4588379990084325,0.7712280701754383,66.93137254901961,102,37
996,996.0,0.4111521739130435,0.4787391304347827,0.5483913043478261,0.4002280701754386,0.4848245614035088,0.5381052631578948,0.006337781190926276,0.00439423629489603,0.007789325141776938,0.007958772545398583,0.00950439027393044,0.01138763804247461,0.5251754385964912,0.4074736842105263,0.45971929824561397,0.1140232646834477,0.0712654462242564,0.08867200610221215,46,57,0.45402165080606205,0.7863157894736837,67.11650485436893,103,35
997,997.0,0.4093488372093023,0.473906976744186,0.5429069767441862,0.4002280701754386,0.4848245614035088,0.5381052631578948,0.006660459707950243,0.004108782044348296,0.007651479718766904,0.007958772545398583,0.00950439027393044,0.01138763804247461,0.5251754385964912,0.4074736842105263,0.45971929824561397,0.11582660138718887,0.0664332925336597,0.08318767849857223,43,57,0.45170729337252086,0.792631578947368,68.95,100,39
998,998.0,0.4104634146341464,0.4746585365853659,0.5436341463414635,0.3992631578947368,0.4840701754385965,0.5353859649122807,0.006926931588340274,0.00410651754907793,0.007972329565734683,0.008075036011080334,0.00950732840874115,0.01153581594336719,0.5263333333333333,0.4142631578947369,0.45736842105263154,0.11586991869918695,0.060395378690629,0.08626572528883192,41,57,0.45251339832216614,0.7836842105263154,68.79591836734694,98,40
999,999.0,0.40863157894736846,0.4765,0.5421052631578948,0.4001896551724138,0.4832758620689655,0.5375,0.007609864265927977,0.0043833026315789475,0.007418357340720223,0.007984739892984543,0.009379372175980975,0.01159166379310345,0.5305689655172413,0.41556896551724143,0.4595172413793103,0.12193738656987285,0.06093103448275855,0.08258802177858443,38,58,0.4917105525323337,0.772068965517241,69.17708333333333,96,41
1000,1000.0,0.4110731707317073,0.4817560975609755,0.5465853658536586,0.39869090909090904,0.480490909090909,0.5344545454545454,0.007239970255800119,0.004461013682331945,0.007773998810232007,0.0072199590082644635,0.009377922644628098,0.011665629752066116,0.5250181818181817,0.4122,0.44578181818181817,0.11394501108647442,0.06955609756097547,0.10080354767184041,41,55,0.48960577963028024,0.7949090909090905,69.02083333333333,96,39
1001,1001.0,0.4122682926829268,0.48560975609756096,0.5474878048780487,0.3994464285714286,0.4831607142857143,0.5332678571428572,0.007299318262938728,0.004694676977989292,0.007751371802498515,0.007122425701530613,0.009602492028061222,0.011534767538265307,0.5223392857142857,0.4129821428571429,0.4394821428571428,0.11007099303135887,0.07262761324041805,0.10800566202090589,41,56,0.48276314272244236,0.8494642857142853,69.43298969072166,97,34
1002,1002.0,0.4102439024390244,0.48746341463414633,0.5478292682926829,0.4031929824561403,0.4843157894736842,0.535140350877193,0.007711306365258773,0.004585175490779298,0.00772019036287924,0.007783524161280395,0.009508742382271469,0.011528752231455833,0.5281052631578946,0.41538596491228075,0.447438596491228,0.11786136071887021,0.07207744972186558,0.10039067180145483,41,57,0.4657958726097717,0.8228070175438592,68.98979591836735,98,38
1003,1003.0,0.41193023255813954,0.48502325581395345,0.5476744186046512,0.40622413793103446,0.48429310344827586,0.5355862068965517,0.007650111411573824,0.004803232017306652,0.007415010275824771,0.008173035969084424,0.009344827883472054,0.01134131153388823,0.5309655172413792,0.4148793103448276,0.4502413793103448,0.11903528468323965,0.07014394546912583,0.09743303929430636,43,58,0.4588299349895308,0.8156896551724133,68.88118811881188,101,38
1004,1004.0,0.41129268292682925,0.4769512195121951,0.5425121951219511,0.4107068965517241,0.4854655172413793,0.5363275862068966,0.008015524092801903,0.004549070791195716,0.006304981558596075,0.007424724435196194,0.0093521453626635,0.011392530618311535,0.5459310344827586,0.41686206896551725,0.45451724137931027,0.13463835155592935,0.06008915054667785,0.08799495374264088,41,58,0.4722649688263939,0.8246551724137927,69.02020202020202,99,38
1005,1005.0,0.41269047619047616,0.4774047619047619,0.5421904761904761,0.4083333333333333,0.48612280701754385,0.5356666666666667,0.007904785147392294,0.004449193310657596,0.006159106575963721,0.007228222222222222,0.009491160357032933,0.011567064327485381,0.5444561403508772,0.41745614035087714,0.45194736842105254,0.13176566416040103,0.05994862155388475,0.09024310776942357,42,57,0.46938528752769004,0.8298245614035082,69.35353535353535,99,40
1006,1006.0,0.412,0.4790238095238095,0.5418571428571428,0.4053728813559322,0.4865254237288135,0.5357966101694915,0.00792804761904762,0.004607166099773243,0.00623178911564626,0.007285589773053719,0.009190995116345876,0.011142907785119218,0.5308813559322034,0.42184745762711867,0.4437796610169491,0.11888135593220345,0.05717635189669085,0.09807748184019371,42,59,0.42760295270136484,0.8261016949152539,68.92079207920793,101,39
1007,1007.0,0.4152444444444444,0.4804888888888889,0.5423333333333333,0.40617241379310337,0.48810344827586205,0.5376724137931035,0.008396984691358024,0.0049529609876543205,0.005819511111111112,0.007373487514863258,0.009202541022592152,0.011127427170035674,0.5275689655172414,0.423396551724138,0.4416034482758621,0.112324521072797,0.05709233716475093,0.10072988505747121,45,58,0.453229031764247,0.8149999999999994,69.85436893203884,103,39
1008,1008.0,0.4165333333333333,0.4822222222222221,0.5396666666666666,0.40617241379310337,0.48810344827586205,0.5376724137931035,0.00834056,0.004958661728395062,0.006448844444444446,0.007373487514863258,0.009202541022592152,0.011127427170035674,0.5275689655172414,0.423396551724138,0.4416034482758621,0.1110356321839081,0.058825670498084126,0.09806321839080451,45,58,0.43542675899461664,0.8346551724137928,70.7378640776699,103,40
1009,1009.0,0.4212666666666667,0.48342222222222225,0.5390666666666666,0.4054561403508772,0.48784210526315785,0.5343684210526316,0.008279973333333333,0.005014288395061728,0.006355084444444445,0.007473090181594337,0.009360027700831027,0.010689495844875345,0.5201754385964913,0.4209473684210526,0.4369298245614035,0.09890877192982461,0.06247485380116963,0.10213684210526308,45,57,0.4733615220339095,0.8266666666666661,71.3921568627451,102,37
1010,1010.0,0.4264883720930232,0.4795813953488372,0.5402558139534883,0.40732142857142856,0.48373214285714283,0.5326964285714286,0.008190947539210383,0.0050807084910762575,0.0065395857220119005,0.008327432397959184,0.009027767538265305,0.010381854272959184,0.5181964285714286,0.41351785714285716,0.44589285714285715,0.09170805647840535,0.06606353820598004,0.09436295681063117,43,56,0.4719212489295197,0.810178571428571,69.94949494949495,99,38
1011,1011.0,0.4264883720930232,0.4795813953488372,0.5402558139534883,0.4065090909090909,0.48283636363636356,0.5340909090909092,0.008190947539210383,0.0050807084910762575,0.0065395857220119005,0.008441886280991734,0.009146973223140495,0.010461719008264465,0.5228909090909091,0.41265454545454544,0.4467636363636364,0.09640253699788587,0.06692684989429176,0.0934921775898519,43,55,0.43823223254626853,0.8138181818181812,70.51020408163265,98,43
1012,1012.0,0.42521428571428566,0.4775714285714286,0.537595238095238,0.4058596491228071,0.48192982456140354,0.531578947368421,0.008316168367346936,0.005027959183673468,0.0063909075963718845,0.008314857494613729,0.009204661742074486,0.010697506925207757,0.5139298245614036,0.41387719298245623,0.42885964912280694,0.08871553884711791,0.06369423558897236,0.10873558897243107,42,57,0.4520995861614012,0.7989473684210521,69.95959595959596,99,41
1013,1013.0,0.433625,0.48150000000000004,0.5498999999999999,0.4059642857142857,0.48433928571428575,0.5303928571428572,0.006731784374999999,0.004946549999999999,0.00549929,0.00846271301020408,0.009038117028061224,0.010808345663265306,0.5086607142857142,0.41837500000000005,0.42803571428571424,0.07503571428571426,0.06312499999999999,0.1218642857142857,40,56,0.4598604054453784,0.8516071428571423,70.10416666666667,96,38
1014,1014.0,0.4303488372093023,0.4846511627906977,0.5522093023255814,0.4106551724137931,0.48536206896551726,0.5317068965517241,0.006992692266089779,0.00473590156841536,0.006317932936722554,0.008829260404280618,0.009365713733650418,0.010549241676575507,0.5193103448275862,0.41475862068965524,0.43574137931034485,0.08896150761828392,0.06989254210104245,0.11646792301523656,43,58,0.4736946088288955,0.823620689655172,69.97029702970298,101,36
1015,1015.0,0.4365952380952381,0.4872857142857142,0.5519285714285713,0.4094237288135594,0.4857966101694915,0.5296610169491526,0.006137145691609977,0.004558775510204081,0.006643256802721088,0.008767566216604423,0.009217924734271762,0.010613207124389547,0.5183559322033898,0.4162372881355933,0.4291694915254237,0.08176069410815173,0.07104842615012091,0.1227590799031476,42,59,0.48314214877004114,0.7976271186440672,70.42574257425743,101,38
1016,1016.0,0.4365952380952381,0.4872857142857142,0.5519285714285713,0.40895000000000004,0.4879166666666667,0.5261666666666668,0.006137145691609977,0.004558775510204081,0.006643256802721088,0.009150714166666666,0.009157509722222222,0.010432472222222227,0.51465,0.4139333333333333,0.41991666666666666,0.07805476190476196,0.07335238095238089,0.13201190476190466,42,60,0.4420708294431921,0.7848333333333329,70.8529411764706,102,43
1017,1017.0,0.433175,0.484425,0.5465,0.4107096774193549,0.4875806451612904,0.5299516129032259,0.006197894374999999,0.004487344375,0.006339450000000002,0.00904423829344433,0.008891695109261185,0.010566368626430801,0.5270645161290323,0.4149516129032258,0.429741935483871,0.09388951612903229,0.0694733870967742,0.11675806451612897,40,62,0.4597000807397425,0.7772580645161286,71.25490196078431,102,43
1018,1018.0,0.4288333333333333,0.48664285714285715,0.5448809523809524,0.40932786885245903,0.48545901639344263,0.5277213114754099,0.006295186507936507,0.00439946768707483,0.0060905810657596385,0.009074122010212307,0.008758379467884976,0.01043118462778823,0.5193114754098361,0.4136885245901639,0.4242295081967214,0.09047814207650284,0.07295433255269324,0.12065144418423096,42,61,0.48720758543916903,0.7832786885245896,72.18446601941747,103,41
1019,1019.0,0.42157142857142854,0.48390476190476195,0.5335714285714286,0.40932786885245903,0.48545901639344263,0.5277213114754099,0.006418149659863945,0.00451075283446712,0.006809768707482995,0.009074122010212307,0.008758379467884976,0.01043118462778823,0.5193114754098361,0.4136885245901639,0.4242295081967214,0.09774004683840759,0.07021623731459803,0.10934192037470719,42,61,0.4761491778058156,0.7945901639344258,72.50485436893204,103,42
1020,1020.0,0.4223720930232559,0.49337209302325574,0.5369999999999999,0.41050847457627115,0.4903728813559323,0.5294915254237288,0.0063114429421308816,0.005534047593293672,0.007000558139534884,0.009333910945130709,0.008254674518816433,0.010661673656995115,0.5121864406779661,0.4199491525423729,0.4224915254237288,0.08981434765471025,0.07342294048088283,0.11450847457627111,43,59,0.46605569954624176,0.8069491525423724,71.69607843137256,102,42
1021,1021.0,0.4198913043478261,0.4988043478260869,0.535586956521739,0.41210526315789475,0.4894035087719299,0.5307719298245613,0.006125444706994327,0.005670113894139886,0.0077205467863894145,0.009289216989843028,0.00812974946137273,0.010856842720837184,0.5125087719298246,0.41875438596491227,0.43224561403508777,0.09261746758199846,0.08004996186117463,0.10334134248665128,46,57,0.4823020262732659,0.8454385964912277,71.24271844660194,103,35
1022,1022.0,0.4125,0.4903478260869565,0.5335434782608695,0.4142105263157895,0.48563157894736836,0.5302456140350877,0.006165728260869566,0.005756705103969753,0.008241639413988658,0.00969697322253001,0.008280759002770083,0.010860536164973839,0.5110175438596491,0.41356140350877196,0.4253333333333334,0.09851754385964917,0.07678642257818452,0.10821014492753606,46,57,0.5085609286413678,0.8170175438596486,69.6504854368932,103,36
1023,1023.0,0.4123124999999999,0.4927916666666667,0.53375,0.4112909090909092,0.48269090909090906,0.5285090909090909,0.005999881510416667,0.005973414930555555,0.008803895833333334,0.009565115371900827,0.008093886280991738,0.011143013553719012,0.5026181818181819,0.4174000000000001,0.4140909090909091,0.09030568181818194,0.07539166666666658,0.11965909090909083,48,55,0.4988154351449179,0.8629090909090903,68.6116504854369,103,32
1024,1024.0,0.40982,0.49838,0.53238,0.4105789473684211,0.4807017543859649,0.5278596491228069,0.0059141476,0.005395195600000001,0.008942555600000002,0.009553471837488458,0.00813768297937827,0.010902892582333026,0.5028771929824561,0.4153508771929824,0.4230175438596492,0.09305719298245613,0.08302912280701757,0.10936245614035078,50,57,0.5118671688902168,0.8259649122807013,67.5607476635514,107,30
1025,1025.0,0.40928571428571425,0.5012857142857143,0.5335102040816326,0.4079285714285715,0.47742857142857137,0.5225178571428571,0.00602057142857143,0.005083142857142856,0.009061188671386923,0.009861102040816324,0.008149423469387754,0.010481999681122452,0.4900714285714286,0.410375,0.40417857142857144,0.08078571428571435,0.09091071428571434,0.1293316326530612,49,56,0.4938917814912393,0.857321428571428,67.1047619047619,105,29
1026,1026.0,0.40934,0.5040600000000001,0.53398,0.4044727272727273,0.47812727272727273,0.521909090909091,0.0059003044,0.005358616399999999,0.008890779599999999,0.010259812892561983,0.008104547438016528,0.010823900826446284,0.4876909090909091,0.4107636363636364,0.40470909090909096,0.07835090909090914,0.09329636363636368,0.12927090909090905,50,55,0.4705655443893626,0.8719999999999997,67.04761904761905,105,27
1027,1027.0,0.40378846153846154,0.49955769230769237,0.5321730769230769,0.4038135593220339,0.47784745762711867,0.5192033898305085,0.006444820636094673,0.00575163128698225,0.008645835428994084,0.010405982189026138,0.007982197069807526,0.010401687446136168,0.4826101694915254,0.39784745762711865,0.4003389830508475,0.07882170795306387,0.10171023468057372,0.13183409387222944,52,59,0.4914915706633929,0.8145762711864404,66.84684684684684,111,24
1028,1028.0,0.4043673469387755,0.5007755102040816,0.5306122448979592,0.40615517241379306,0.4768448275862069,0.5209655172413793,0.006278803831736776,0.00598768429820908,0.009018645564348188,0.010261889714625444,0.008060510404280618,0.010397826397146256,0.4903448275862069,0.40094827586206894,0.4053275862068966,0.08597748064743138,0.09982723434201268,0.12528465869106264,49,58,0.5070805400099708,0.8443103448275857,66.41121495327103,107,22
1029,1029.0,0.40777083333333336,0.5038333333333332,0.5312708333333332,0.40669999999999995,0.47136666666666666,0.5242,0.005842009982638889,0.005654263888888888,0.009185280815972223,0.011306809999999999,0.007896465555555555,0.010588226666666667,0.49406666666666665,0.39301666666666674,0.4217000000000001,0.0862958333333333,0.11081666666666651,0.10957083333333317,48,60,0.47310493329691444,0.8421666666666663,66.89814814814815,108,22
1030,1030.0,0.40997959183673466,0.5048775510204081,0.5343469387755101,0.40722950819672127,0.4739180327868852,0.522704918032787,0.00595695876718034,0.005591209496043315,0.009452022490628906,0.011138275194840095,0.0081575834453104,0.01054876538564902,0.49439344262295076,0.3933934426229509,0.4169836065573771,0.0844138507862161,0.1114841083974572,0.117363332218133,49,61,0.4608727464846153,0.8406557377049174,68.13636363636364,110,22
1031,1031.0,0.413265306122449,0.5103877551020408,0.5353265306122449,0.4070819672131147,0.4797540983606557,0.5282622950819673,0.0064942765514369,0.005337788421491045,0.010932260724698042,0.011159419510884172,0.008182841171728027,0.010171045955388336,0.5060655737704918,0.3987213114754099,0.4242131147540984,0.09280026764804278,0.11166644362663092,0.11111341585814649,49,61,0.47233993789563994,0.8101639344262291,67.32727272727273,110,23
1032,1032.0,0.4027551020408163,0.503265306122449,0.5324489795918368,0.40474193548387094,0.4784193548387096,0.5279032258064517,0.007383858392336526,0.005782847980008329,0.010768900458142442,0.011313449531737773,0.008159533818938603,0.010014861602497397,0.499258064516129,0.3940161290322581,0.42772580645161296,0.09650296247531265,0.10924917709019094,0.10472317314022384,49,62,0.48056658487652415,0.8056451612903222,67.63963963963964,111,21
1033,1033.0,0.399595744680851,0.501468085106383,0.5367659574468084,0.4015,0.48136666666666655,0.5251333333333333,0.007732708918062472,0.006161866002716161,0.010331966500679041,0.011322716666666665,0.007941898888888889,0.009555882222222223,0.50715,0.4064666666666667,0.42421666666666674,0.10755425531914897,0.09500141843971627,0.1125492907801417,47,60,0.4763907598804416,0.7851666666666662,65.69158878504673,107,25
1034,1034.0,0.399595744680851,0.501468085106383,0.5367659574468084,0.3990819672131148,0.4795573770491802,0.5257213114754099,0.007732708918062472,0.006161866002716161,0.010331966500679041,0.011487911314162859,0.008008115560333243,0.009419971513034132,0.5023278688524591,0.402016393442623,0.4249180327868853,0.10273212417160804,0.09945169166375994,0.11184792465992316,47,61,0.45980331480416825,0.8206557377049176,66.98148148148148,108,22
1035,1035.0,0.3963541666666666,0.49997916666666664,0.5382916666666667,0.39715,0.47976666666666656,0.5245666666666666,0.008065478732638888,0.006137687065972221,0.01022612326388889,0.010984560833333332,0.008264645555555556,0.009153645555555555,0.49369999999999997,0.39830000000000004,0.41868333333333335,0.09734583333333335,0.1016791666666666,0.11960833333333337,48,60,0.4485655391085639,0.8424999999999996,67.53703703703704,108,20
1036,1036.0,0.3945652173913043,0.502195652173913,0.540304347826087,0.398741935483871,0.4778387096774193,0.5265645161290322,0.008271506616257088,0.006285939981096408,0.009988472589792062,0.011634481789802288,0.008436199791883455,0.009325278095733611,0.4961451612903226,0.39538709677419354,0.42637096774193545,0.10157994389901831,0.10680855539971951,0.1139333800841516,46,62,0.42289156612852075,0.8225806451612899,67.72222222222223,108,22
1037,1037.0,0.3946808510638297,0.5001702127659574,0.5378085106382979,0.39682258064516124,0.47432258064516125,0.5273225806451614,0.008096132186509732,0.006340907197827071,0.010062495246717974,0.011643242715920918,0.00887979916753382,0.009459541103017688,0.49445161290322587,0.3904354838709678,0.42003225806451616,0.09977076183939615,0.10973472889498959,0.11777625257378177,47,62,0.39186991146687083,0.826129032258064,68.54128440366972,109,25
1038,1038.0,0.39344444444444443,0.4971555555555556,0.5348888888888889,0.39896666666666664,0.4772833333333333,0.5286,0.008229358024691357,0.006165775802469135,0.010112854320987654,0.011807165555555554,0.00890103638888889,0.009531740000000002,0.5061,0.3983166666666667,0.4287333333333334,0.11265555555555556,0.09883888888888887,0.10615555555555545,45,60,0.3963363678512275,0.861333333333333,69.13333333333334,105,23
1039,1039.0,0.39202272727272724,0.4965227272727273,0.5310454545454546,0.39896666666666664,0.4772833333333333,0.5286,0.008325431301652891,0.006287885847107438,0.009677952479338845,0.011807165555555554,0.00890103638888889,0.009531740000000002,0.5061,0.3983166666666667,0.4287333333333334,0.11407727272727275,0.09820606060606057,0.10231212121212119,44,60,0.41697946253353274,0.8996666666666662,70.32692307692308,104,19
1040,1040.0,0.3855909090909091,0.49506818181818174,0.5332954545454545,0.3944126984126983,0.4731428571428571,0.5274126984126983,0.007621741735537188,0.00631524535123967,0.009609889979338843,0.011694274124464605,0.00883612244897959,0.009238655076845553,0.48757142857142854,0.3915714285714285,0.42539682539682544,0.10198051948051945,0.10349675324675323,0.10789862914862902,44,63,0.40609509176069947,0.8861904761904761,70.96261682242991,107,18
1041,1041.0,0.38821428571428573,0.49121428571428566,0.541047619047619,0.3931212121212122,0.47137878787878784,0.5241212121212121,0.007832692176870748,0.0062875017006802725,0.008691950113378685,0.011510136822773185,0.008583598943985308,0.009333258034894399,0.482590909090909,0.38613636363636367,0.4138484848484848,0.09437662337662328,0.10507792207792199,0.1271991341991342,42,66,0.41607686362496565,0.8563636363636361,71.4074074074074,108,19
1042,1042.0,0.39855555555555555,0.4992666666666667,0.5452888888888888,0.3961617647058824,0.47516176470588234,0.5282794117647059,0.007596380246913581,0.006031084444444445,0.009428738765432099,0.0114805767733564,0.008855282655709342,0.009660407223183393,0.4934999999999999,0.3863823529411765,0.41983823529411757,0.09494444444444433,0.11288431372549018,0.12545065359477126,45,68,0.4471211741922134,0.7897058823529408,70.04424778761062,113,21
1043,1043.0,0.4006739130434782,0.501217391304348,0.5484565217391304,0.3977910447761194,0.4733283582089552,0.5279850746268657,0.007782350189035917,0.006063300567107752,0.0095362915879017,0.011471419024281579,0.008758877255513478,0.009798701269770551,0.49676119402985064,0.3826716417910448,0.42388059701492536,0.09608728098637243,0.11854574951330316,0.12457592472420503,46,67,0.44612541888244783,0.7840298507462682,70.5575221238938,113,22
1044,1044.0,0.4006739130434782,0.501217391304348,0.5484565217391304,0.4021884057971014,0.47705797101449277,0.5308260869565218,0.007782350189035917,0.006063300567107752,0.0095362915879017,0.011043805082965761,0.008797967653854233,0.010051882797731566,0.5225507246376812,0.39121739130434785,0.432463768115942,0.12187681159420294,0.1100000000000001,0.1159927536231884,46,69,0.43428171910063185,0.7686956521739127,70.89565217391305,115,22
1045,1045.0,0.3980444444444445,0.4956222222222222,0.5450888888888888,0.4035342465753424,0.47709589041095896,0.5336438356164384,0.008110709135802469,0.006478412839506172,0.00874576987654321,0.010786468005254268,0.008849648339275661,0.0102166950647401,0.521917808219178,0.39215068493150684,0.43519178082191784,0.12387336377473351,0.10347153729071534,0.109897108066971,45,73,0.46056840347646094,0.7446575342465749,70.02542372881356,118,19
1046,1046.0,0.3942439024390244,0.4936341463414634,0.5529756097560976,0.4051971830985916,0.4833380281690141,0.5348028169014085,0.007393306365258775,0.0068975490779298035,0.00831387745389649,0.01039359492164253,0.008692646300337234,0.010502524499107319,0.5341971830985914,0.4054084507042253,0.4341830985915493,0.13995328065956703,0.08822569563723809,0.11879251116454831,41,71,0.4430234470134876,0.741408450704225,69.39285714285714,112,23
1047,1047.0,0.3958292682926829,0.49370731707317067,0.5525609756097561,0.40555555555555556,0.4825138888888889,0.5326527777777778,0.0076389220701963126,0.006888011897679952,0.008219563355145747,0.010258358024691357,0.008620138695987652,0.010684865547839505,0.5304444444444445,0.4010138888888889,0.4315277777777778,0.1346151761517616,0.09269342818428178,0.12103319783197836,41,72,0.41750643459243975,0.7593055555555552,69.39823008849558,113,22
1048,1048.0,0.3977380952380952,0.49976190476190463,0.5495238095238095,0.40555555555555556,0.4825138888888889,0.5326527777777778,0.007198383786848074,0.006901657596371882,0.008380344671201814,0.010258358024691357,0.008620138695987652,0.010684865547839505,0.5304444444444445,0.4010138888888889,0.4315277777777778,0.13270634920634927,0.09874801587301574,0.11799603174603174,42,72,0.43770260731676053,0.7823611111111107,69.02631578947368,114,17
1049,1049.0,0.4039090909090909,0.5033636363636365,0.5403863636363637,0.4061081081081081,0.48139189189189185,0.5346621621621621,0.0067500371900826445,0.00722314049586777,0.009303373450413223,0.010016420745069393,0.008453670745069393,0.0109773588385683,0.5384864864864864,0.3993108108108109,0.4367972972972973,0.13457739557739556,0.10405282555282558,0.1035890663390664,44,74,0.47360870729146903,0.7147297297297294,67.96610169491525,118,19
1050,1050.0,0.40366666666666673,0.5062666666666666,0.5334666666666668,0.40674324324324324,0.4812702702702704,0.5339324324324324,0.006862399999999999,0.007471440000000001,0.009025537777777778,0.009220163805697588,0.008578575602629658,0.011046306245434625,0.5317837837837838,0.39582432432432435,0.4268918918918919,0.12811711711711704,0.11044234234234229,0.10657477477477484,45,74,0.4702404911966499,0.6598648648648645,67.28571428571429,119,23
1051,1051.0,0.40580434782608704,0.5078260869565218,0.5362826086956521,0.40721917808219177,0.4813287671232877,0.535054794520548,0.006659287807183365,0.007280448015122875,0.008861246219281664,0.009329705385625822,0.008695837117658098,0.011104407956464626,0.5376849315068493,0.39457534246575343,0.42860273972602747,0.13188058368076222,0.11325074449076833,0.10767986896962467,46,73,0.46831398815752623,0.6452054794520543,67.19327731092437,119,25
1052,1052.0,0.4072954545454547,0.5120681818181819,0.533159090909091,0.4075135135135135,0.48181081081081084,0.5375540540540541,0.006154435433884297,0.007186563533057851,0.009038497417355372,0.009209952520087656,0.00859528853177502,0.01141032815924032,0.5421891891891892,0.39499999999999996,0.4314324324324325,0.13489373464373455,0.11706818181818196,0.10172665847665846,44,74,0.4746440257078009,0.659324324324324,67.67796610169492,118,24
1053,1053.0,0.41106666666666675,0.5111111111111112,0.5355333333333334,0.4075263157894737,0.4825921052631579,0.5342105263157895,0.00664344,0.007067165432098765,0.009085671111111112,0.00898822299168975,0.008410162569252078,0.011566850415512465,0.5367368421052631,0.3996973684210526,0.42286842105263167,0.12567017543859632,0.1114137426900586,0.11266491228070175,45,76,0.45067409210260884,0.650131578947368,68.09917355371901,121,25
1054,1054.0,0.4086000000000001,0.5122444444444446,0.5306888888888889,0.4071282051282051,0.4831923076923077,0.5316666666666667,0.006407617777777779,0.006957918024691359,0.009985592098765433,0.008859188691650227,0.008236129684418145,0.011521940170940171,0.5322948717948717,0.3992564102564102,0.412448717948718,0.1236948717948716,0.11298803418803444,0.11824017094017086,45,78,0.4524332903345289,0.638333333333333,67.6829268292683,123,25
1055,1055.0,0.4125111111111111,0.5131333333333334,0.5333111111111112,0.40783116883116877,0.48396103896103904,0.5312987012987014,0.006106027654320986,0.006791360000000001,0.01000656987654321,0.0089356987687637,0.008296998482037445,0.01166101467363805,0.5392077922077921,0.39998701298701295,0.40810389610389614,0.12669668109668103,0.1131463203463205,0.12520721500721504,45,77,0.42264125789265805,0.6396103896103892,68.21311475409836,122,27
1056,1056.0,0.4124680851063829,0.513340425531915,0.538468085106383,0.40833333333333327,0.48392307692307707,0.532423076923077,0.006402036215482118,0.0064271181530104115,0.010821270258035311,0.008840555555555555,0.008190737672583827,0.011608859467455622,0.5432051282051281,0.40308974358974353,0.41052564102564104,0.13073704309874523,0.11025068194217141,0.12794244408074196,47,78,0.40106193230208825,0.6379487179487175,67.472,125,26
1057,1057.0,0.4138837209302325,0.5078837209302325,0.5385348837209303,0.407078947368421,0.4807368421052632,0.5325789473684212,0.005377312060573283,0.0056367539210384,0.010710527852893455,0.009004230609418282,0.007997614958448751,0.011683349030470913,0.5405526315789473,0.4028815789473684,0.41090789473684214,0.12666891064871477,0.10500214198286406,0.12762698898408814,43,76,0.41895122133903046,0.6289473684210523,67.67226890756302,119,29
1058,1058.0,0.4169772727272727,0.5075,0.540340909090909,0.4073378378378378,0.4799594594594595,0.5312972972972974,0.005666613119834711,0.005514977272727273,0.01060736105371901,0.009230115595325055,0.00817944430241052,0.011328587289992694,0.539108108108108,0.4027162162162162,0.41135135135135137,0.12213083538083536,0.10478378378378372,0.12898955773955767,44,74,0.38072215967136364,0.6678378378378373,67.6864406779661,118,27
1059,1059.0,0.4125813953488372,0.5070232558139535,0.534674418604651,0.40835616438356165,0.4787671232876712,0.5347671232876712,0.005639917793401839,0.005407464575446188,0.010401382368848026,0.009291736160630512,0.00843483617939576,0.010538178645149185,0.5373150684931507,0.3961506849315069,0.4171780821917809,0.1247336731443135,0.11087257088244656,0.11749633641287016,43,73,0.4410727248435228,0.6612328767123283,67.25,116,24
1060,1060.0,0.4102857142857142,0.5087380952380952,0.5342619047619047,0.4107808219178082,0.4784931506849316,0.5332602739726028,0.005992442176870748,0.005364764739229026,0.010763859977324262,0.009883020454118973,0.00837490748733346,0.010273014449240007,0.534027397260274,0.3925753424657535,0.4140684931506849,0.12374168297455984,0.11616275277234173,0.12019341161121982,42,73,0.4546803466753571,0.6535616438356161,66.26086956521739,115,25
1061,1061.0,0.40345454545454545,0.5019545454545455,0.5256136363636364,0.4111666666666667,0.4770416666666666,0.5297222222222222,0.007387702479338843,0.005727907024793389,0.010113691632231407,0.009427416666666667,0.00807787326388889,0.010914783950617284,0.5233194444444444,0.3919722222222222,0.40819444444444447,0.119864898989899,0.10998232323232332,0.11741919191919198,44,72,0.4586692706756983,0.6376388888888884,65.78448275862068,116,25
1062,1062.0,0.4053720930232558,0.501953488372093,0.5325348837209303,0.40861971830985916,0.48066197183098586,0.5283239436619719,0.006970745267712276,0.0057974862087614935,0.009629272038939969,0.008941700456258679,0.007815857567942869,0.01095309224360246,0.521394366197183,0.39780281690140845,0.404943661971831,0.11602227317392727,0.10415067147068452,0.12759122174909926,43,71,0.47202988606417934,0.6419718309859149,66.66666666666667,114,26
1063,1063.0,0.4036341463414635,0.4978780487804879,0.5322926829268292,0.41013043478260874,0.48043478260869565,0.5312753623188406,0.007244085663295657,0.005520253420582987,0.009605036287923856,0.00903231632010082,0.008100564587271581,0.011422895190086114,0.5298985507246378,0.39608695652173914,0.42340579710144927,0.12626440438317427,0.10179109225874877,0.10888688582537992,41,69,0.4929159295555032,0.6733333333333329,66.65454545454546,110,20
1064,1064.0,0.4075238095238096,0.4984761904761906,0.5333095238095238,0.4065694444444444,0.4799583333333334,0.5305833333333333,0.007691916099773241,0.005403487528344671,0.009418737528344672,0.00932432851080247,0.007815123263888888,0.0110921875,0.5311666666666667,0.39319444444444446,0.43194444444444446,0.12364285714285705,0.10528174603174612,0.10136507936507932,42,72,0.45490476208437447,0.6643055555555551,67.1842105263158,114,21
1065,1065.0,0.4075238095238096,0.4984761904761906,0.5333095238095238,0.4076266666666666,0.48004,0.5300133333333333,0.007691916099773241,0.005403487528344671,0.009418737528344672,0.00902092728888889,0.007534225066666667,0.010939346488888889,0.5304533333333332,0.39952000000000004,0.42349333333333333,0.1229295238095236,0.09895619047619053,0.10981619047619046,42,75,0.43460913810876206,0.6511999999999997,67.85470085470085,117,22
1066,1066.0,0.410825,0.4998,0.5321,0.40813888888888894,0.4802361111111111,0.533,0.007830544374999998,0.00561266,0.00983584,0.009313730709876544,0.0072821248070987655,0.011120027777777779,0.5325277777777777,0.39459722222222227,0.4275416666666667,0.12170277777777772,0.10520277777777776,0.10455833333333331,40,72,0.4156213364798962,0.6648611111111108,67.57142857142857,112,25
1067,1067.0,0.4104102564102564,0.5032051282051282,0.5352307692307694,0.40985714285714286,0.48405714285714274,0.5294857142857143,0.007769677843523997,0.00594770151216305,0.009734946745562127,0.008880208163265303,0.006799568163265307,0.011758878367346936,0.5305428571428571,0.39831428571428573,0.4270571428571428,0.12013260073260068,0.10489084249084246,0.1081736263736266,39,70,0.4528005651311054,0.6595714285714283,66.87155963302752,109,22
1068,1068.0,0.41308108108108105,0.5049729729729729,0.5342702702702703,0.4108985507246376,0.48431884057971003,0.5304637681159421,0.007911858290723156,0.005666620891161432,0.01019473776479182,0.008932989708044532,0.0068933186305398025,0.011862335643772315,0.532231884057971,0.3997391304347826,0.43160869565217397,0.1191508029768899,0.10523384253819035,0.10266157461809633,37,69,0.48364973198694966,0.7008695652173909,66.19811320754717,106,17
1069,1069.0,0.41308108108108105,0.5049729729729729,0.5342702702702703,0.41268656716417906,0.483268656716418,0.531358208955224,0.007911858290723156,0.005666620891161432,0.01019473776479182,0.009087886834484296,0.006872375584762754,0.012009543328135442,0.5387164179104476,0.3960000000000001,0.441134328358209,0.1256353368293665,0.10897297297297287,0.09313594191206132,37,67,0.4516390433676553,0.7394029850746265,66.35576923076923,104,16
1070,1070.0,0.40838461538461535,0.5056666666666666,0.525,0.4108059701492537,0.48102985074626853,0.5324626865671642,0.007914800788954634,0.005639811965811967,0.011337794871794874,0.008736783247939407,0.0065725364223657825,0.012108218756961461,0.5343432835820895,0.4004925373134329,0.43685074626865666,0.12595866819747414,0.10517412935323373,0.08814925373134336,39,67,0.46477561860741945,0.7516417910447758,66.33962264150944,106,12
1071,1071.0,0.4079210526315789,0.5084210526315789,0.5244473684210528,0.40812121212121216,0.48137878787878785,0.5310757575757575,0.008137967451523542,0.005826349030470915,0.012026563019390582,0.008386227731864095,0.006663962580348945,0.012162797291092743,0.529530303030303,0.39866666666666667,0.4291363636363636,0.12160925039872411,0.10975438596491222,0.09531100478468918,38,66,0.489461848000993,0.7559090909090905,67.28846153846153,104,12
1072,1072.0,0.4062682926829269,0.5081463414634145,0.5196829268292683,0.4094117647058824,0.48161764705882354,0.5345,0.008208928019036289,0.005688612730517548,0.011468558001189769,0.00819456574394464,0.006670030276816609,0.01230325,0.5385294117647058,0.4034264705882353,0.4357205882352941,0.1322611190817789,0.10471987087517926,0.08396233859397423,41,68,0.46772646195577383,0.7024999999999997,67.66055045871559,109,17
1073,1073.0,0.4130975609756098,0.5085365853658537,0.5204146341463415,0.4094848484848485,0.4785151515151515,0.5308484848484849,0.00836350267697799,0.0056532242712671035,0.011503608566329567,0.008442704315886134,0.006507764921946741,0.012124280073461892,0.5285606060606061,0.4010757575757576,0.4267272727272728,0.11546304508499627,0.10746082779009608,0.0936873614190687,41,66,0.4401636072914321,0.7283333333333328,68.24299065420561,107,18
1074,1074.0,0.4150975609756098,0.514390243902439,0.5148780487804878,0.41010769230769234,0.47826153846153846,0.531276923076923,0.00772311243307555,0.004828286734086854,0.011826350981558598,0.008546988402366862,0.006603639289940828,0.012298692544378698,0.5302615384615385,0.4013692307692308,0.4332923076923077,0.11516397748592866,0.11302101313320823,0.08158574108818012,41,65,0.44852986900704006,0.7624615384615381,69.20754716981132,106,16
1075,1075.0,0.4149,0.5142,0.518675,0.4082878787878788,0.47975757575757577,0.5311060606060606,0.00791459,0.0049475100000000004,0.011530919375,0.008632750459136822,0.006649062442607896,0.012114246326905416,0.5264242424242425,0.4048939393939394,0.4302575757575758,0.11152424242424247,0.10930606060606057,0.08841742424242421,40,66,0.4026313198643627,0.7789393939393935,69.31132075471699,106,17
1076,1076.0,0.4177297297297298,0.5133783783783785,0.5263783783783784,0.4082878787878788,0.47975757575757577,0.5311060606060606,0.008156629656683711,0.005281694667640615,0.010993964937910888,0.008632750459136822,0.006649062442607896,0.012114246326905416,0.5264242424242425,0.4048939393939394,0.4302575757575758,0.10869451269451263,0.1084844389844391,0.09612080262080264,37,66,0.3746997093264685,0.8119696969696965,70.13592233009709,103,17
1077,1077.0,0.41033333333333344,0.5124615384615385,0.5250512820512822,0.408546875,0.47946875,0.5294218749999999,0.008801299145299146,0.005032043392504933,0.010991074293228138,0.008899185302734374,0.0068540615234375,0.012263087646484375,0.52309375,0.39956250000000004,0.43462500000000004,0.11276041666666659,0.11289903846153848,0.09042628205128211,39,64,0.3609635994790394,0.8173437499999995,69.46601941747574,103,18
1078,1078.0,0.41278947368421054,0.5148421052631579,0.5305000000000001,0.408546875,0.47946875,0.5294218749999999,0.008508429362880888,0.004948975069252078,0.010720355263157896,0.008899185302734374,0.0068540615234375,0.012263087646484375,0.52309375,0.39956250000000004,0.43462500000000004,0.11030427631578948,0.11527960526315784,0.09587500000000004,38,64,0.369572981111901,0.8246874999999996,71.16666666666667,102,19
1079,1079.0,0.41248571428571434,0.5091714285714285,0.5285714285714286,0.41001612903225804,0.48146774193548386,0.5285483870967742,0.008122021224489798,0.004428027755102042,0.010942016326530612,0.008342177159209157,0.006694636056191467,0.012548699271592094,0.5250483870967743,0.4038548387096774,0.42785483870967744,0.11256267281105992,0.10531658986175108,0.10071658986175114,35,62,0.3540009046577903,0.8354838709677416,70.72164948453609,97,22
1080,1080.0,0.40665625,0.50796875,0.516,0.40967213114754103,0.48240983606557375,0.5309836065573771,0.0079369755859375,0.0047791552734375,0.008722625000000001,0.008471597420048372,0.00674935662456329,0.01238673743617307,0.5293278688524591,0.40901639344262297,0.43088524590163935,0.12267161885245909,0.098952356557377,0.08511475409836067,32,61,0.39419678587576257,0.842131147540983,71.05376344086021,93,25
1081,1081.0,0.40549999999999997,0.5048,0.5077666666666666,0.41121311475409833,0.48321311475409834,0.5340163934426229,0.008211050000000001,0.004794826666666667,0.00761237888888889,0.008491807041117978,0.0066685283525933885,0.012186573501746843,0.5368852459016393,0.41611475409836063,0.4360983606557377,0.13138524590163936,0.0886852459016394,0.07166830601092888,30,61,0.4194967732582816,0.8644262295081963,71.21978021978022,91,23
1082,1082.0,0.40582142857142856,0.5094285714285715,0.5132142857142856,0.4025333333333333,0.47914999999999996,0.5319166666666667,0.007204146683673471,0.005016673469387755,0.00944259693877551,0.008845348888888889,0.006806060833333334,0.01304040972222222,0.5309,0.40404999999999996,0.44158333333333327,0.12507857142857148,0.10537857142857149,0.07163095238095235,28,60,0.4841170653415688,0.846333333333333,69.01136363636364,88,22
1083,1083.0,0.40582142857142856,0.5094285714285715,0.5132142857142856,0.40222950819672126,0.4799672131147541,0.5332950819672131,0.007204146683673471,0.005016673469387755,0.00944259693877551,0.008705881752217145,0.006734556302069336,0.012940634238108033,0.5320163934426229,0.40634426229508197,0.4479344262295082,0.1261949648711943,0.10308430913348948,0.06527985948477744,28,61,0.4336790143275141,0.8465573770491798,70.29213483146067,89,26
1084,1084.0,0.4074137931034483,0.511551724137931,0.5148275862068965,0.40232786885245897,0.47857377049180316,0.5297049180327869,0.0070267253269916796,0.004969902497027349,0.009189866825208086,0.00869756463316313,0.006672605213652244,0.012308765385649017,0.5237213114754099,0.39849180327868844,0.44791803278688525,0.11630751837196163,0.1130599208592426,0.06690955342001126,29,61,0.4286464473371333,0.8763934426229505,70.56666666666666,90,23
1085,1085.0,0.40299999999999997,0.5093214285714286,0.5133928571428571,0.3989677419354839,0.4779999999999999,0.5263387096774192,0.006837,0.005781860969387756,0.009358667091836735,0.009000998959417273,0.006402612903225807,0.012080675598335066,0.5152741935483871,0.3927580645161291,0.4470967741935484,0.11227419354838714,0.11656336405529949,0.06629608294930872,28,62,0.4676748336874759,0.8617741935483868,69.36666666666666,90,24
1086,1086.0,0.40299999999999997,0.5093214285714286,0.5133928571428571,0.3989677419354839,0.4779999999999999,0.5263387096774192,0.006837,0.005781860969387756,0.009358667091836735,0.009000998959417273,0.006402612903225807,0.012080675598335066,0.5152741935483871,0.3927580645161291,0.4470967741935484,0.11227419354838714,0.11656336405529949,0.06629608294930872,28,62,0.5119299441413917,0.8901612903225803,70.36666666666666,90,21
1087,1087.0,0.40392857142857147,0.5089642857142856,0.5123214285714287,0.3971587301587301,0.47817460317460314,0.5236984126984128,0.00697170918367347,0.005804820153061225,0.00931764668367347,0.008766704963466867,0.006307064751826656,0.012171924918115393,0.5133968253968255,0.39792063492063495,0.44214285714285717,0.10946825396825405,0.1110436507936507,0.07017857142857153,28,63,0.4998380554348344,0.8819047619047615,69.43956043956044,91,24
1088,1088.0,0.4068518518518519,0.5112222222222221,0.5196296296296297,0.3978333333333333,0.47750000000000004,0.5221818181818182,0.006990644718792869,0.005877061728395062,0.00816727023319616,0.008404805555555553,0.00608934090909091,0.01196096694214876,0.5139848484848485,0.40474242424242424,0.4350909090909091,0.10713299663299658,0.1064797979797979,0.08453872053872058,27,66,0.47365886410764757,0.8825757575757571,70.45161290322581,93,24
1089,1089.0,0.4087666666666667,0.5065666666666667,0.5258999999999999,0.3978333333333333,0.47750000000000004,0.5221818181818182,0.006846445555555558,0.006972045555555556,0.007444156666666668,0.008404805555555553,0.00608934090909091,0.01196096694214876,0.5139848484848485,0.40474242424242424,0.4350909090909091,0.10521818181818177,0.10182424242424248,0.09080909090909084,30,66,0.4964563598573978,0.8731818181818177,71.19791666666667,96,24
1090,1090.0,0.4090000000000001,0.5059310344827586,0.5216896551724137,0.3978333333333333,0.47750000000000004,0.5221818181818182,0.00708089655172414,0.007200340071343637,0.007169041617122472,0.008404805555555553,0.00608934090909091,0.01196096694214876,0.5139848484848485,0.40474242424242424,0.4350909090909091,0.1049848484848484,0.10118861024033432,0.08659874608150464,29,66,0.5304566633764176,0.8910606060606057,71.8,95,22
1091,1091.0,0.4080625,0.49971875,0.52546875,0.3998260869565217,0.47230434782608693,0.5221739130434784,0.007273496093750001,0.007186264648437499,0.006964686523437499,0.008156839319470699,0.005976936357908002,0.011714694391934467,0.512,0.3971449275362318,0.4406521739130435,0.10393750000000002,0.10257382246376817,0.08481657608695653,32,69,0.5178721243676256,0.8489855072463763,71.72277227722772,101,21
1092,1092.0,0.4053939393939394,0.5046666666666668,0.5255151515151515,0.402,0.47282857142857143,0.521357142857143,0.006413693296602388,0.007321616161616161,0.009138249770431586,0.008340171428571429,0.006171256326530613,0.011405372448979588,0.5188714285714285,0.39784285714285716,0.4438,0.11347748917748912,0.10682380952380965,0.08171515151515152,33,70,0.5221804256329898,0.8267142857142852,70.97087378640776,103,21
1093,1093.0,0.40508333333333335,0.5009444444444446,0.5276388888888888,0.402,0.47282857142857143,0.521357142857143,0.006510520833333334,0.008082274691358023,0.008997230709876543,0.008340171428571429,0.006171256326530613,0.011405372448979588,0.5188714285714285,0.39784285714285716,0.4438,0.11378809523809519,0.10310158730158747,0.0838388888888888,36,70,0.5233148499558647,0.7981428571428568,71.78301886792453,106,24
1094,1094.0,0.40508333333333335,0.5009444444444446,0.5276388888888888,0.4033380281690141,0.4732816901408451,0.5213239436619719,0.006510520833333334,0.008082274691358023,0.008997230709876543,0.008348026582027377,0.006098709383058918,0.011244810553461614,0.523943661971831,0.39743661971830985,0.4475352112676056,0.1188603286384976,0.10350782472613479,0.08010367762128318,36,71,0.5017190891389638,0.8045070422535207,72.29906542056075,107,25
1095,1095.0,0.40508333333333335,0.5009444444444446,0.5276388888888888,0.4071285714285714,0.47787142857142867,0.5230285714285714,0.006510520833333334,0.008082274691358023,0.008997230709876543,0.007897083469387757,0.00588016918367347,0.011662684897959182,0.531942857142857,0.40955714285714284,0.4406142857142857,0.1268595238095237,0.0913873015873018,0.08702460317460309,36,70,0.5079011060998406,0.8201428571428567,72.68867924528301,106,23
1096,1096.0,0.4075263157894737,0.5026052631578949,0.5270526315789473,0.4074571428571429,0.4773714285714286,0.518942857142857,0.0066880387811634355,0.007317607340720222,0.009392207756232687,0.007748591020408164,0.005881090612244899,0.011938682448979589,0.5196714285714285,0.4028,0.4318142857142857,0.11214511278195477,0.0998052631578949,0.09523834586466162,38,70,0.49961406099254957,0.7961428571428568,72.60185185185185,108,23
1097,1097.0,0.40979487179487184,0.5005641025641027,0.5312564102564102,0.4082714285714286,0.47787142857142856,0.5191571428571428,0.006712111768573308,0.007288297172912558,0.009822908612754767,0.007863626326530612,0.005808969183673469,0.011992446734693879,0.5173285714285714,0.4010142857142857,0.43041428571428575,0.10753369963369952,0.09954981684981695,0.10084212454212449,39,70,0.48243074415294745,0.8075714285714282,72.9908256880734,109,23
1098,1098.0,0.41794999999999993,0.503325,0.540175,0.4120735294117648,0.4753382352941177,0.5163088235294118,0.005229497500000001,0.007413719375,0.008978194374999998,0.008178185769896193,0.005748253243944637,0.012166625216262975,0.5195,0.3959558823529411,0.4326617647058824,0.10155000000000003,0.10736911764705892,0.10751323529411755,40,68,0.5254366452044185,0.8016176470588232,71.81481481481481,108,20
1099,1099.0,0.4210238095238095,0.5063809523809523,0.5401190476190476,0.4112753623188406,0.47207246376811596,0.5148260869565218,0.005196023242630386,0.008270759637188208,0.0089244858276644,0.008121706784289017,0.006191922285234194,0.011964665406427221,0.5208115942028987,0.3957101449275362,0.4227391304347827,0.09978778467908916,0.11067080745341606,0.11737991718426494,42,69,0.5293093054486591,0.7618840579710141,71.21621621621621,111,21
1100,1100.0,0.4192439024390244,0.5044146341463415,0.5431219512195122,0.41127536231884065,0.4702898550724637,0.5113478260869565,0.005267550267697799,0.008367071980963712,0.009809765615704936,0.008121706784289015,0.00615156815795001,0.012549618147448012,0.520449275362319,0.39446376811594197,0.41371014492753627,0.10120537292329462,0.1099508660303995,0.12941180629197596,41,69,0.5192557416911343,0.8013043478260864,70.69090909090909,110,18
1101,1101.0,0.42356521739130437,0.501608695652174,0.5447608695652174,0.4080579710144928,0.4671594202898551,0.5126666666666667,0.004940767485822306,0.008241151228733458,0.010445051512287334,0.008447735769796263,0.006037148498214661,0.012405845410628022,0.5185797101449275,0.3891014492753623,0.41801449275362323,0.09501449275362317,0.11250724637681175,0.12674637681159417,46,69,0.5165640474115674,0.7555072463768112,69.84347826086956,115,20
1102,1102.0,0.4220666666666667,0.5039111111111112,0.5440222222222222,0.40795652173913044,0.4688405797101449,0.5103768115942028,0.0049472622222222215,0.008180436543209877,0.010652066172839507,0.008439316950220543,0.006131293425750892,0.012096814534761602,0.513072463768116,0.3881739130434782,0.40957971014492756,0.09100579710144929,0.115737198067633,0.13444251207729463,45,69,0.49771260837746417,0.7624637681159416,70.2719298245614,114,21
1103,1103.0,0.42190476190476195,0.5071666666666668,0.5457380952380952,0.4115671641791045,0.47156716417910444,0.5116716417910447,0.004739562358276645,0.007959472222222222,0.010557145691609978,0.008232842503898418,0.00605746936957006,0.012395772777901536,0.5231492537313435,0.39376119402985066,0.41673134328358213,0.10124449182658152,0.11340547263681611,0.1290067519545131,42,67,0.5010102994606052,0.7753731343283579,69.8440366972477,109,24
1104,1104.0,0.42229268292682925,0.5057073170731707,0.5445365853658537,0.4102985074626866,0.47146268656716417,0.5108059701492537,0.004848841165972635,0.008064158239143367,0.010754004759071982,0.008180657161951436,0.006049532189797283,0.01261779817331254,0.5203880597014926,0.39488059701492534,0.4174626865671642,0.09809537677466335,0.1108267200582454,0.12707389879868952,41,67,0.4872077783322078,0.7744776119402982,69.99074074074075,108,27
1105,1105.0,0.42178571428571426,0.5055476190476191,0.5381190476190477,0.40825373134328363,0.47150746268656707,0.5077611940298506,0.005087168367346939,0.008466533446712018,0.011376819160997734,0.00829015950100245,0.006058667854756071,0.01277176386723101,0.5126716417910449,0.3940597014925373,0.4090597014925373,0.09088592750533059,0.11148791755508186,0.12905934612651043,42,67,0.5203332195506156,0.7658208955223876,70.70642201834862,109,26
1106,1106.0,0.4201219512195121,0.5112926829268292,0.5341951219512195,0.4069848484848485,0.47284848484848485,0.5063787878787879,0.00514449732302201,0.009331524092801904,0.010716059488399762,0.008307893709825528,0.006029977043158862,0.012837235307621672,0.5133030303030304,0.3948333333333333,0.4128939393939394,0.09318107908351825,0.11645934959349585,0.12130118255728012,41,66,0.55262463838176,0.7672727272727269,71.25233644859813,107,25
1107,1107.0,0.4181333333333333,0.5077555555555555,0.5266666666666667,0.40560937500000005,0.474953125,0.5038125,0.005254471111111112,0.00886294024691358,0.011038444444444444,0.007822925537109376,0.006003107177734375,0.012711683593749998,0.503875,0.395765625,0.406703125,0.08574166666666666,0.1119899305555555,0.11996354166666673,45,64,0.5317892544452645,0.7214062499999996,70.62385321100918,109,30
1108,1108.0,0.4188,0.5055999999999999,0.5239333333333334,0.40560937500000005,0.474953125,0.5038125,0.005265848888888889,0.008497262222222222,0.01120135111111111,0.007822925537109376,0.006003107177734375,0.012711683593749998,0.503875,0.395765625,0.406703125,0.08507499999999996,0.10983437499999993,0.11723020833333336,45,64,0.5142520597924846,0.7451562499999995,71.23853211009174,109,29
1109,1109.0,0.41937777777777785,0.4989777777777778,0.5300444444444445,0.40560937500000005,0.474953125,0.5038125,0.005541923950617284,0.008555843950617287,0.009841109135802469,0.007822925537109376,0.006003107177734375,0.012711683593749998,0.503875,0.395765625,0.406703125,0.08449722222222211,0.10321215277777779,0.12334131944444454,45,64,0.5225589216144627,0.7345312499999995,71.56880733944953,109,31
1110,1110.0,0.42328260869565226,0.4952826086956522,0.5305434782608696,0.4053846153846154,0.4746,0.5051538461538462,0.005846115784499053,0.00819959404536862,0.0096422915879017,0.007705805917159763,0.005918732307692308,0.012631268639053252,0.5100615384615385,0.3959846153846154,0.41089230769230767,0.08677892976588619,0.09929799331103684,0.1196511705685619,46,65,0.5190288307394911,0.7150769230769227,70.92792792792793,111,32
1111,1111.0,0.4261111111111112,0.4994222222222223,0.5308444444444445,0.40925,0.4770625,0.504328125,0.005608009876543208,0.007593532839506171,0.009852398024691355,0.0078511875,0.0058274335937500005,0.012247376708984375,0.513328125,0.39565625,0.414453125,0.0872170138888888,0.10376597222222234,0.11639131944444447,45,64,0.5368261607912836,0.7076562499999994,71.27522935779817,109,32
1112,1112.0,0.42452272727272733,0.5011590909090909,0.5272045454545455,0.4078360655737706,0.4751147540983607,0.5025573770491804,0.005621931301652892,0.007630361053719007,0.009480117252066116,0.008152137059930127,0.005778921257726418,0.01186670572426767,0.5097704918032787,0.39244262295081966,0.4128852459016394,0.08524776453055138,0.10871646795827128,0.11431929955290615,44,61,0.5257783097872234,0.7440983606557372,70.97142857142858,105,31
1113,1113.0,0.4262500000000001,0.500590909090909,0.5291363636363636,0.40939344262295085,0.47677049180327874,0.5044262295081968,0.00566550568181818,0.0075262417355371905,0.009423435950413223,0.007952435366836872,0.005519160440741739,0.011868605213652244,0.5168524590163934,0.3929344262295082,0.4122131147540985,0.09060245901639336,0.10765648286140078,0.11692324888226513,44,61,0.5170728604611132,0.7537704918032782,71.21904761904761,105,29
1114,1114.0,0.4207674418604651,0.49746511627906975,0.5262558139534883,0.40939344262295085,0.47677049180327874,0.5044262295081968,0.006994597079502433,0.008061272038939967,0.009927446187128177,0.007952435366836872,0.005519160440741739,0.011868605213652244,0.5168524590163934,0.3929344262295082,0.4122131147540985,0.09608501715592832,0.10453069004956156,0.11404269919938981,43,61,0.5233163779377096,0.7550819672131144,71.99038461538461,104,31
1115,1115.0,0.41834883720930244,0.49197674418604653,0.5203255813953488,0.40939344262295085,0.47677049180327874,0.5044262295081968,0.006977482963764196,0.007805371552190375,0.00919566143861547,0.007952435366836872,0.005519160440741739,0.011868605213652244,0.5168524590163934,0.3929344262295082,0.4122131147540985,0.09850362180709099,0.09904231795653834,0.1081124666412503,43,61,0.5119371499922744,0.7449180327868847,71.99038461538461,104,34
1116,1116.0,0.4146136363636364,0.4932500000000001,0.5169318181818181,0.4087166666666667,0.4787,0.50335,0.007281737086776857,0.007919869318181817,0.009387018078512395,0.00805703638888889,0.005384043333333335,0.011995760833333332,0.5227999999999999,0.3971166666666666,0.40831666666666666,0.10818636363636353,0.09613333333333346,0.10861515151515144,44,60,0.510895027682119,0.7694999999999994,73.36538461538461,104,32
1117,1117.0,0.4060227272727273,0.49222727272727274,0.5124545454545454,0.4062459016393444,0.47360655737704926,0.4986229508196721,0.008867931301652891,0.008026721074380166,0.00983647520661157,0.00816061166353131,0.005562599301263103,0.011582366030636924,0.5170491803278688,0.3862950819672131,0.41590163934426233,0.11102645305514153,0.10593219076005961,0.09655290611028305,44,61,0.51011733060791,0.7681967213114751,74.22857142857143,105,31
1118,1118.0,0.3996666666666668,0.4944523809523809,0.503357142857143,0.40770491803278697,0.4721147540983607,0.5030491803278688,0.009885174603174602,0.008226342970521541,0.011921610544217687,0.00836348669712443,0.005614396667562483,0.011309391023918298,0.5308524590163936,0.38722950819672136,0.4287377049180328,0.13118579234972677,0.10722287275565956,0.07461943793911013,42,61,0.5122415506553598,0.7668852459016389,73.3495145631068,103,33
1119,1119.0,0.39993023255813953,0.49309302325581394,0.5012093023255815,0.4054193548387098,0.4725967741935484,0.5063709677419355,0.009911227690643589,0.008134642509464574,0.010550398053001623,0.008551308012486993,0.005823885796045786,0.011645943028095731,0.5319677419354839,0.38017741935483873,0.4387903225806452,0.13203750937734438,0.11291560390097521,0.062418979744936265,43,62,0.49111608637599385,0.7630645161290319,72.12380952380953,105,31
1120,1120.0,0.39518181818181813,0.4907727272727273,0.5010681818181819,0.4013278688524591,0.46842622950819673,0.5012131147540985,0.010655512396694215,0.008181266528925618,0.010311472623966941,0.008439499059392636,0.005899293738242408,0.011522298844396666,0.5214262295081967,0.375655737704918,0.44660655737704913,0.1262444113263786,0.1151169895678093,0.05446162444113278,44,61,0.44896424706615046,0.8088524590163929,72.54285714285714,105,31
1121,1121.0,0.3929333333333333,0.4878,0.49906666666666677,0.40000000000000013,0.46643548387096767,0.4940967741935484,0.010641173333333333,0.008388293333333333,0.010258595555555555,0.00967441935483871,0.005665503902185224,0.011788151925078042,0.5193225806451613,0.37180645161290315,0.4483064516129032,0.12638924731182805,0.11599354838709686,0.05076021505376355,45,62,0.44557976922342496,0.7843548387096773,73.17757009345794,107,31
1122,1122.0,0.38483333333333336,0.4875238095238095,0.4929761904761905,0.40000000000000013,0.46643548387096767,0.4940967741935484,0.010280710317460319,0.008777868480725624,0.010397689909297052,0.00967441935483871,0.005665503902185224,0.011788151925078042,0.5193225806451613,0.37180645161290315,0.4483064516129032,0.134489247311828,0.11571735791090637,0.04466973886328729,42,62,0.46621565357100636,0.796612903225806,74.40384615384616,104,32
1123,1123.0,0.39195121951219514,0.4833658536585366,0.4904634146341463,0.40275806451612906,0.46559677419354834,0.4960483870967742,0.011197509815585961,0.007860475907198097,0.01034888280785247,0.009498570499479709,0.005734305150884495,0.01203572346514048,0.5200322580645161,0.3719354838709677,0.44783870967741934,0.128081038552321,0.11143036978756893,0.04262470495672693,41,62,0.4834718526203079,0.7956451612903224,74.69902912621359,103,31
1124,1124.0,0.3878095238095238,0.480904761904762,0.49838095238095237,0.40096825396825403,0.46309523809523806,0.49582539682539684,0.011735154195011338,0.00774465759637188,0.010014331065759639,0.009533237087427565,0.0059494829931972795,0.011923763164525071,0.5215079365079366,0.366111111111111,0.44684126984126976,0.13369841269841276,0.114793650793651,0.05153968253968261,42,63,0.4554969422340372,0.7684126984126979,74.24761904761905,105,34
1125,1125.0,0.3883720930232558,0.4793023255813954,0.5010232558139535,0.401953125,0.461703125,0.49564062500000006,0.011785489453758789,0.00763928069226609,0.011351464575446188,0.009445388427734375,0.0059786149902343756,0.011739605224609375,0.5250625,0.3681875,0.45040625,0.13669040697674417,0.1111148255813954,0.05061700581395345,43,64,0.4779579393331772,0.7796874999999995,74.91588785046729,107,30
1126,1126.0,0.3848863636363636,0.4778181818181819,0.49875,0.40451562500000005,0.462125,0.495734375,0.012040100723140495,0.0075603760330578505,0.011315687500000001,0.009715812255859376,0.0058871406250000004,0.011735538818359374,0.5334375,0.364765625,0.45948437499999994,0.14855113636363643,0.11305255681818194,0.03926562500000008,44,64,0.45922454409581376,0.7962499999999996,74.99074074074075,108,29
1127,1127.0,0.39141860465116285,0.4745581395348838,0.5077441860465117,0.406,0.4602121212121212,0.49533333333333335,0.010925173607355326,0.0070360140616549495,0.010949306652244454,0.010081606060606062,0.00582586409550046,0.01144779797979798,0.5331969696969697,0.36262121212121207,0.46649999999999997,0.14177836504580688,0.11193692741367173,0.041244186046511755,43,66,0.4362588396347492,0.8224242424242421,73.79816513761467,109,24
1128,1128.0,0.3894047619047619,0.47204761904761916,0.5065952380952381,0.4027424242424243,0.4615757575757576,0.4897272727272728,0.011010907596371881,0.006932521541950113,0.011153240929705214,0.010465160927456384,0.005801607897153352,0.011094955922865014,0.5206515151515152,0.3608939393939394,0.4567121212121212,0.13124675324675328,0.11115367965367978,0.04988311688311692,42,66,0.43406117021188784,0.8451515151515147,73.85185185185185,108,22
1129,1129.0,0.385725,0.4692,0.504425,0.39998507462686567,0.46010447761194034,0.49047761194029854,0.011116849374999998,0.00687271,0.010793994375,0.010828372911561598,0.005775227890398752,0.010956040543550902,0.5128656716417911,0.3589701492537313,0.4619253731343284,0.1271406716417911,0.11022985074626873,0.0424996268656716,40,67,0.45364527730672083,0.8299999999999995,73.70093457943925,107,23
1130,1130.0,0.3852564102564103,0.4718974358974361,0.4994615384615385,0.400463768115942,0.4584202898550725,0.4917101449275363,0.010820190664036819,0.006838758711374095,0.010942966469428009,0.010745234194496958,0.005681142197017433,0.011214843520268853,0.5241739130434784,0.35963768115942024,0.4679855072463769,0.1389175027870681,0.11225975473801586,0.031476031215161626,39,69,0.42732193578225547,0.8134782608695647,73.76851851851852,108,24
1131,1131.0,0.3852564102564103,0.4718974358974361,0.4994615384615385,0.3983432835820895,0.45725373134328356,0.48944776119402994,0.010820190664036819,0.006838758711374095,0.010942966469428009,0.00984930006683003,0.00531374159055469,0.01127135174871909,0.5141194029850746,0.3547910447761194,0.46094029850746265,0.12886299272866436,0.11710639112131671,0.03852123995407586,39,67,0.3924187387194814,0.806567164179104,73.24528301886792,106,28
1132,1132.0,0.3892702702702703,0.46891891891891896,0.494972972972973,0.3983432835820895,0.45725373134328356,0.48944776119402994,0.010708737764791818,0.007560128560993426,0.011118783053323594,0.00984930006683003,0.00531374159055469,0.01127135174871909,0.5141194029850746,0.3547910447761194,0.46094029850746265,0.12484913271480436,0.11412787414279957,0.03403267446551034,37,67,0.41463627507030687,0.8104477611940294,72.9326923076923,104,29
1133,1133.0,0.3901578947368421,0.46628947368421053,0.4958947368421053,0.3977727272727273,0.4568333333333333,0.49003030303030304,0.010456080332409972,0.007616995152354572,0.010857620498614958,0.009976721074380164,0.005382411616161616,0.011419393021120293,0.5173636363636362,0.3497727272727273,0.4669999999999999,0.12720574162679416,0.11651674641148324,0.028894736842105362,38,66,0.4057907303776303,0.8395454545454542,73.39423076923077,104,26
1134,1134.0,0.39008571428571426,0.4702571428571429,0.48962857142857147,0.3965757575757576,0.45575757575757575,0.4889545454545455,0.009637964081632653,0.008025505306122449,0.011026004897959182,0.009930456382001837,0.005330335169880625,0.011277376721763084,0.5130606060606061,0.34780303030303034,0.46495454545454545,0.12297489177489185,0.12245411255411254,0.024674025974026015,35,66,0.4900111834050765,0.8589393939393934,73.32673267326733,101,20
1135,1135.0,0.37703030303030305,0.46742424242424246,0.475939393939394,0.39636363636363636,0.4568636363636364,0.4832272727272727,0.008369059687786961,0.008229395775941232,0.009819572084481174,0.009933625344352617,0.005439148071625345,0.010602599862258954,0.5023939393939394,0.34865151515151516,0.4573181818181818,0.12536363636363634,0.11877272727272731,0.018621212121212205,33,66,0.46778838703431913,0.8422727272727268,71.94949494949495,99,24
1136,1136.0,0.38112903225806444,0.47448387096774186,0.479483870967742,0.39701515151515154,0.46130303030303027,0.4773939393939394,0.008607273673257025,0.007937927159209155,0.010239346514047865,0.009762348255280075,0.0054412718089990805,0.011539390266299358,0.5052878787878787,0.3550151515151515,0.4447727272727272,0.12415884652981429,0.11946871945259036,0.03471114369501477,31,66,0.4924475320566098,0.8377272727272723,71.72164948453609,97,23
1137,1137.0,0.379969696969697,0.4696666666666667,0.47115151515151515,0.39427419354838716,0.45979032258064517,0.48420967741935483,0.008116696051423324,0.00820440404040404,0.010769158861340682,0.010028682882414151,0.005622068938605619,0.011388262486992717,0.5168064516129033,0.34524193548387094,0.4709677419354838,0.13683675464320627,0.12442473118279573,0.00018377321603135766,33,62,0.5050841225713149,0.8172580645161285,69.91578947368421,95,24
1138,1138.0,0.379969696969697,0.4696666666666667,0.47115151515151515,0.3941311475409836,0.459672131147541,0.48760655737704917,0.008116696051423324,0.00820440404040404,0.010769158861340682,0.010191818865896264,0.005713367911851652,0.010859550120935235,0.5157377049180327,0.3445737704918033,0.47714754098360646,0.1357680079483357,0.12509289617486335,0.005996025832091301,33,61,0.4618558142431267,0.8819672131147538,70.52127659574468,94,23
1139,1139.0,0.3688787878787879,0.4687575757575758,0.4674545454545455,0.39601666666666674,0.46135,0.48668333333333336,0.00841447015610652,0.008279335169880626,0.010150308539944905,0.009938016388888889,0.005820460833333333,0.011014949722222224,0.5124333333333334,0.3535833333333333,0.46799999999999997,0.1435545454545455,0.11517424242424251,0.0005454545454544601,33,60,0.49667682585031275,0.8881666666666662,71.16129032258064,93,22
1140,1140.0,0.3603235294117647,0.46588235294117647,0.46188235294117647,0.3949344262295082,0.4607868852459016,0.48652459016393446,0.009221395328719724,0.008284456747404844,0.009788456747404844,0.009845372749260955,0.0057440693361999464,0.010835888739586136,0.507032786885246,0.3477868852459016,0.4695245901639344,0.1467092574734813,0.11809546769527485,0.007642237222757919,34,61,0.49255543962963616,0.8826229508196717,71.97894736842105,95,23
1141,1141.0,0.3603235294117647,0.46588235294117647,0.46188235294117647,0.3971451612903226,0.465758064516129,0.4933709677419355,0.009221395328719724,0.008284456747404844,0.009788456747404844,0.009486124089490114,0.0061876995317377715,0.011203910770031215,0.5236935483870969,0.35516129032258065,0.4737258064516129,0.1633700189753322,0.11072106261859582,0.01184345351043642,34,62,0.4704310205948625,0.8846774193548382,71.17708333333333,96,24
1142,1142.0,0.35294117647058826,0.4656764705882353,0.4497058823529412,0.39455,0.4638833333333333,0.4936666666666667,0.009010584775086506,0.00821663062283737,0.008455972318339099,0.009577414166666668,0.0062753697222222215,0.01153498888888889,0.5202833333333334,0.35555,0.47715,0.16734215686274517,0.11012647058823533,0.02744411764705884,34,60,0.4816104870964513,0.8671666666666661,70.56382978723404,94,28
1143,1143.0,0.3435151515151515,0.47175757575757576,0.45272727272727276,0.3958305084745763,0.4662203389830509,0.49322033898305095,0.009253280073461892,0.0077756988062442625,0.007436077134986226,0.009641361103131282,0.00605403619649526,0.01171854467107153,0.5248305084745762,0.3596949152542373,0.47715254237288135,0.18131535695942474,0.11206266050333846,0.024425269645608594,33,59,0.5417761571985916,0.8557627118644063,71.23913043478261,92,29
1144,1144.0,0.3399705882352941,0.4705,0.4537352941176471,0.39328813559322046,0.4670169491525424,0.4907796610169492,0.009395734429065744,0.007599191176470588,0.007250900519031143,0.009796747486354495,0.006047474288997414,0.012377527721918986,0.5188305084745762,0.36066101694915254,0.4787966101694915,0.17885992023928216,0.10983898305084744,0.025061316051844362,34,59,0.5449856041763574,0.8777966101694911,71.21505376344086,93,26
1145,1145.0,0.3405588235294118,0.47202941176470586,0.4596764705882353,0.3951186440677966,0.46716949152542375,0.4913898305084747,0.009502481833910035,0.007778852076124567,0.008050512975778547,0.009986375754093653,0.006043022120080435,0.012484814133869575,0.5247457627118645,0.36715254237288136,0.48438983050847456,0.18418693918245266,0.1048768693918245,0.024713359920239264,34,59,0.512950723388594,0.8618644067796607,71.03225806451613,93,30
1146,1146.0,0.3414473684210526,0.46457894736842104,0.4517631578947368,0.39537931034482765,0.465948275862069,0.4934827586206897,0.008928036703601108,0.007742401662049862,0.007975917590027701,0.010154545778834722,0.006059221462544589,0.012441629013079668,0.5274137931034483,0.3655344827586207,0.4901379310344828,0.18596642468239566,0.09904446460980032,0.038374773139745966,38,58,0.5340973542400511,0.8048275862068961,70.54166666666667,96,34
1147,1147.0,0.3437857142857143,0.4645,0.45542857142857135,0.39005263157894743,0.46798245614035083,0.4907017543859649,0.008827311224489796,0.007548250000000002,0.00777695918367347,0.01008054108956602,0.0061882628501077255,0.012690349646044938,0.5193333333333333,0.3709473684210526,0.4685964912280701,0.175547619047619,0.09355263157894744,0.013167919799498773,42,57,0.5521792071614141,0.7678947368421049,68.51515151515152,99,31
1148,1148.0,0.33656097560975606,0.46102439024390246,0.45424390243902446,0.3886964285714286,0.46916071428571426,0.4933392857142857,0.009385709696609162,0.007350267697798928,0.007849647828673407,0.010155711415816325,0.006219634885204081,0.012520438456632652,0.5200535714285716,0.3705535714285714,0.47496428571428567,0.1834925958188155,0.09047081881533103,0.02072038327526121,41,56,0.5445509675635952,0.7949999999999994,68.57731958762886,97,31
1149,1149.0,0.33656097560975606,0.46102439024390246,0.45424390243902446,0.3886964285714286,0.46916071428571426,0.4933392857142857,0.009385709696609162,0.007350267697798928,0.007849647828673407,0.010155711415816325,0.006219634885204081,0.012520438456632652,0.5200535714285716,0.3705535714285714,0.47496428571428567,0.1834925958188155,0.09047081881533103,0.02072038327526121,41,56,0.514613370224993,0.8285714285714281,69.57731958762886,97,32
1150,1150.0,0.33438461538461534,0.45864102564102566,0.45002564102564097,0.38401785714285713,0.46691071428571423,0.49014285714285716,0.009326390532544379,0.006189101906640368,0.007883717291255754,0.010168410395408164,0.006062295599489796,0.011927443877551023,0.5068035714285715,0.36607142857142855,0.47296428571428567,0.17241895604395613,0.09256959706959711,0.022938644688644705,39,56,0.5290835376318394,0.871071428571428,69.16842105263157,95,28
1151,1151.0,0.33642500000000003,0.45145,0.4551,0.3792982456140351,0.4635087719298246,0.48903508771929827,0.009382994375,0.0065374975,0.008469939999999999,0.009001402277623886,0.005908109572176054,0.011625121575869498,0.503140350877193,0.36747368421052634,0.4665438596491228,0.16671535087719297,0.08397631578947368,0.011443859649122812,40,57,0.5283964096834343,0.8443859649122802,69.04123711340206,97,29
1152,1152.0,0.33315384615384613,0.44966666666666666,0.4580769230769231,0.3759,0.46295000000000003,0.4872333333333333,0.009340899408284023,0.006391760683760683,0.008883301775147928,0.00890415666666667,0.005727980833333333,0.01141797888888889,0.5012666666666666,0.3627333333333334,0.45403333333333334,0.1681128205128205,0.08693333333333325,0.004043589743589759,39,60,0.4992884544812473,0.8456666666666662,68.95959595959596,99,28
1153,1153.0,0.34318421052631576,0.45465789473684215,0.465421052631579,0.37320967741935485,0.46111290322580656,0.48656451612903223,0.008859413434903046,0.006733435595567866,0.008691770083102493,0.009052456035379812,0.005264487252861603,0.011848729708636836,0.5005,0.36064516129032265,0.4475806451612903,0.1573157894736842,0.0940127334465195,0.0178404074702887,38,62,0.5119556438331051,0.8041935483870964,68.75,100,29
1154,1154.0,0.34318421052631576,0.45465789473684215,0.465421052631579,0.3758032786885246,0.46057377049180337,0.48706557377049176,0.008859413434903046,0.006733435595567866,0.008691770083102493,0.008783797366299381,0.005332769148078473,0.012027405536146195,0.5048032786885246,0.363360655737705,0.45150819672131143,0.16161906816220883,0.09129723899913716,0.013912855910267585,38,61,0.48276608568768187,0.8247540983606552,69.26262626262626,99,32
1155,1155.0,0.3367179487179487,0.4534615384615385,0.46428205128205136,0.37345901639344264,0.463327868852459,0.48655737704918034,0.01022112557527942,0.006615171597633138,0.008518202498356345,0.008603625369524321,0.005333171190540178,0.011734443429185703,0.5034098360655738,0.3631147540983607,0.4449016393442623,0.16669188734762508,0.09034678436317783,0.019380411937789055,39,61,0.46502328324630315,0.814918032786885,68.53,100,33
1156,1156.0,0.3367179487179487,0.4534615384615385,0.46428205128205136,0.3693220338983051,0.46379661016949153,0.4834576271186441,0.01022112557527942,0.006615171597633138,0.008518202498356345,0.008317675955185292,0.005420806090203964,0.011782180407928756,0.49549152542372876,0.3600338983050848,0.4343559322033898,0.15877357670578007,0.09342764015645372,0.02992611907866155,39,59,0.4997155465299785,0.8669491525423724,68.91836734693878,98,29
1157,1157.0,0.3367179487179487,0.4534615384615385,0.46428205128205136,0.36476666666666663,0.4642166666666666,0.47994999999999993,0.01022112557527942,0.006615171597633138,0.008518202498356345,0.00839477888888889,0.0053537697222222225,0.011445847500000002,0.48401666666666665,0.3554,0.4308666666666667,0.14729871794871796,0.09806153846153853,0.03341538461538468,39,60,0.4882539636598075,0.874333333333333,69.1919191919192,99,26
1158,1158.0,0.339475,0.453375,0.4646,0.36562711864406783,0.4623389830508474,0.4816101694915254,0.010262049375000002,0.006450084375000001,0.00830919,0.008492640620511346,0.00523296983625395,0.011474475150818732,0.48845762711864404,0.3546271186440678,0.4375084745762712,0.14898262711864402,0.09874788135593215,0.027091525423728835,40,59,0.47737257126989585,0.8791525423728809,69.1919191919192,99,29
1159,1159.0,0.339475,0.453375,0.4646,0.3626949152542373,0.4595762711864407,0.47622033898305083,0.010262049375000002,0.006450084375000001,0.00830919,0.007939398448721631,0.00538468486067222,0.011247188738868142,0.48430508474576267,0.3552881355932203,0.42950847457627106,0.14483008474576264,0.09808686440677966,0.03509152542372895,40,59,0.49385231046921635,0.8805084745762709,69.83838383838383,99,26
1160,1160.0,0.3415121951219512,0.4529268292682927,0.46397560975609753,0.362135593220339,0.4579152542372881,0.47593220338983055,0.009363908387864368,0.006556701963117191,0.0082119750148721,0.008023439241597242,0.005257670784257397,0.01115572421717897,0.4842711864406779,0.34203389830508474,0.43884745762711863,0.1427589913187267,0.11089293096320796,0.025128152128978898,41,59,0.4987368635820679,0.862203389830508,69.99,100,26
1161,1161.0,0.34256097560975607,0.45221951219512196,0.461829268292683,0.36056666666666665,0.45795,0.4722,0.009643856038072576,0.006305000594883997,0.007614873289708507,0.008034945555555556,0.005170114166666667,0.011791626666666666,0.48158333333333325,0.3466833333333333,0.43285,0.13902235772357718,0.10553617886178868,0.02897926829268299,41,60,0.5109898094336489,0.8523333333333329,69.67326732673267,101,26
1162,1162.0,0.337609756097561,0.4527804878048781,0.4626585365853658,0.3591333333333333,0.46009999999999995,0.46893333333333326,0.009798189173111243,0.006292659131469362,0.0077023712076145145,0.00850244888888889,0.004992056666666666,0.012501995555555555,0.4882166666666666,0.34796666666666654,0.43496666666666667,0.15060691056910558,0.10481382113821158,0.027691869918699152,41,60,0.5330530744153467,0.8416666666666663,68.89108910891089,101,24
1163,1163.0,0.33511627906976743,0.449093023255814,0.4617209302325581,0.3554333333333333,0.4621666666666667,0.46453333333333335,0.009479032990805842,0.006496968090859923,0.0074903407247160604,0.008793145555555555,0.005479238888888889,0.011434848888888889,0.4795499999999999,0.3513,0.42463333333333336,0.1444337209302325,0.09779302325581402,0.03708759689922475,43,60,0.5087035215959259,0.8286666666666663,68.90291262135922,103,26
1164,1164.0,0.34085714285714286,0.4515238095238095,0.46111904761904754,0.35506779661016946,0.46245762711864413,0.46359322033898304,0.008863551020408164,0.006282916099773242,0.007629295351473923,0.008934164895145074,0.005567027865555875,0.011575631140476876,0.47793220338983045,0.3529491525423729,0.4232881355932203,0.1370750605326876,0.09857465698143658,0.037830912025827224,42,59,0.5015587712619156,0.8605084745762709,68.43564356435644,101,26
1165,1165.0,0.34288636363636366,0.4526818181818182,0.4604318181818181,0.3551129032258064,0.4640806451612904,0.46311290322580645,0.009124873450413223,0.005921671487603305,0.007326836260330577,0.008647293704474503,0.005644267689906347,0.011225777575442249,0.4928709677419355,0.3546290322580645,0.4294032258064516,0.14998460410557185,0.09805278592375366,0.03102859237536648,44,62,0.5143898431699262,0.8054838709677415,68.0377358490566,106,26
1166,1166.0,0.3450232558139535,0.45460465116279064,0.4588837209302326,0.354546875,0.46528125,0.4641875,0.009136162249864792,0.005896704164413196,0.0073917771768523535,0.008786029052734377,0.0063075771484375,0.011239089843750001,0.48828124999999994,0.3596875,0.430109375,0.14325799418604646,0.09491715116279065,0.028774345930232592,43,64,0.5232325363927327,0.7968749999999996,69.35514018691589,107,26
1167,1167.0,0.34500000000000003,0.4548095238095237,0.4486190476190477,0.3541111111111111,0.46406349206349207,0.46590476190476193,0.008556333333333332,0.0057410113378684804,0.007576569160997731,0.008913336860670194,0.006312789619551525,0.011228752834467122,0.49133333333333334,0.35590476190476183,0.43269841269841275,0.14633333333333332,0.09890476190476188,0.015920634920634946,42,63,0.5457408497759656,0.8096825396825394,69.58095238095238,105,25
1168,1168.0,0.3463255813953488,0.4504883720930232,0.44632558139534884,0.3517903225806452,0.4614516129032257,0.4636612903225807,0.008528266089778257,0.005365831260140615,0.007639335857220119,0.008717778616024975,0.005984828303850157,0.011092772372528616,0.48637096774193556,0.35709677419354846,0.429758064516129,0.14004538634658675,0.09339159789947477,0.016567516879219812,43,62,0.5595395985493256,0.761612903225806,69.72380952380952,105,29
1169,1169.0,0.3463255813953488,0.4504883720930232,0.44632558139534884,0.352328125,0.46182812500000003,0.46829687500000006,0.008528266089778257,0.005365831260140615,0.007639335857220119,0.008490439208984376,0.005916579833984375,0.011462271240234375,0.50165625,0.36459375000000005,0.44318749999999996,0.15533066860465122,0.08589462209302318,0.0031380813953488795,43,64,0.5338550713248624,0.7699999999999996,70.44859813084112,107,29
1170,1170.0,0.3532444444444444,0.4565111111111111,0.45571111111111107,0.3574626865671642,0.46083582089552244,0.47077611940298514,0.009032495802469136,0.005172160987654321,0.00900464987654321,0.009173323234573401,0.005849808866117175,0.011105905101358879,0.5079701492537313,0.36758208955223887,0.4525522388059701,0.15472570480928688,0.08892902155887222,0.0031588723051409473,45,67,0.5401762354076395,0.7141791044776117,69.57142857142857,112,31
1171,1171.0,0.3536046511627907,0.4533488372093023,0.4550697674418604,0.35883582089552235,0.45843283582089545,0.4729253731343284,0.00917033207138994,0.005147250405624663,0.009403041644131964,0.00925530140343061,0.006138812653152149,0.011145233236801071,0.503,0.3636567164179105,0.46107462686567163,0.14939534883720929,0.08969212079139183,0.006004859423811237,43,67,0.553933102725913,0.7177611940298503,69.7,110,32
1172,1172.0,0.35150000000000003,0.45121428571428573,0.45557142857142857,0.35774626865671644,0.4585373134328358,0.47088059701492546,0.009198202380952382,0.005073882653061225,0.009616102040816326,0.009217801292047228,0.006150517264424148,0.011114164847404767,0.4935820895522388,0.35573134328358214,0.4544179104477612,0.14208208955223878,0.0954829424307036,0.0011535181236673742,42,67,0.5276622534961741,0.7499999999999997,69.10091743119266,109,30
1173,1173.0,0.3495348837209302,0.44732558139534884,0.45481395348837217,0.35629411764705887,0.4598088235294118,0.4733382352941177,0.008645969713358572,0.004496917252568956,0.010799453758788534,0.00887011937716263,0.006030448745674741,0.011247988538062284,0.48491176470588243,0.3581323529411765,0.4589264705882353,0.1353768809849522,0.08919322845417232,0.0041125170998631555,43,68,0.5490056068310355,0.6882352941176467,67.82882882882883,111,30
1174,1174.0,0.3480232558139535,0.44541860465116284,0.45586046511627915,0.3577205882352941,0.46145588235294127,0.47764705882352937,0.008565185505678745,0.004700475932936723,0.010590492157923202,0.008971377811418683,0.005906483347750864,0.01157552249134948,0.49764705882352933,0.3614558823529412,0.4576911764705882,0.14962380300957584,0.08396272229822166,0.001830711354309067,43,68,0.5669535293807847,0.6870588235294113,67.7927927927928,111,30
1175,1175.0,0.35026666666666667,0.4471777777777778,0.45733333333333337,0.3572794117647059,0.4590882352941177,0.4760735294117647,0.008292995555555556,0.004561701728395062,0.011361822222222222,0.008984171929065745,0.006180051038062284,0.012032979887543253,0.5019264705882351,0.356985294117647,0.4605441176470588,0.15165980392156847,0.09019248366013077,0.0032107843137254566,45,68,0.5737643166594848,0.7223529411764703,67.929203539823,113,24
1176,1176.0,0.3558409090909091,0.4559545454545454,0.4579772727272726,0.36074242424242425,0.4575757575757576,0.48084848484848486,0.00700608832644628,0.005528407024793389,0.011369431301652893,0.00881364577594123,0.005909426078971533,0.011604219467401285,0.5068939393939393,0.35737878787878785,0.46889393939393936,0.15105303030303024,0.09857575757575754,0.010916666666666741,44,66,0.5541969545765497,0.7372727272727269,66.89090909090909,110,24
1177,1177.0,0.35484444444444446,0.45406666666666656,0.4568444444444444,0.36735384615384614,0.4571230769230769,0.4855076923076923,0.006894086913580248,0.005562373333333333,0.011173242469135803,0.008701520946745561,0.005972538698224852,0.011171880710059173,0.5156,0.35552307692307694,0.471876923076923,0.16075555555555548,0.09854358974358962,0.01503247863247864,45,65,0.5371554522245219,0.7515384615384612,67.39090909090909,110,24
1178,1178.0,0.35689583333333336,0.45858333333333334,0.45275,0.369515625,0.45646875,0.48654687500000005,0.006675051649305555,0.005729659722222222,0.011328145833333336,0.008533718505859374,0.0060380302734375,0.011276247802734375,0.519921875,0.360375,0.47296875000000005,0.16302604166666662,0.09820833333333334,0.020218750000000063,48,64,0.5076307058025251,0.7493749999999996,67.4375,112,26
1179,1179.0,0.36471739130434777,0.4583478260869565,0.452804347826087,0.36744615384615387,0.4575076923076923,0.48615384615384616,0.006067898393194706,0.0058380964083175795,0.012393287807183365,0.008676524023668638,0.006014219171597634,0.011112653254437872,0.5171230769230769,0.36469230769230765,0.46661538461538465,0.15240568561872914,0.09365551839464886,0.013811036789297682,46,65,0.5432252119165129,0.7481538461538457,67.31531531531532,111,24
1180,1180.0,0.3625652173913044,0.45471739130434796,0.4504782608695653,0.366015873015873,0.45888888888888896,0.4841904761904761,0.005734941398865785,0.0052189418714555765,0.013269553875236298,0.008601983875031494,0.006140574955908289,0.010996789115646256,0.511952380952381,0.3626190476190476,0.46976190476190477,0.14938716356107667,0.09209834368530034,0.019283643892339497,46,63,0.5431676337859068,0.737460317460317,67.34862385321101,109,25
1181,1181.0,0.3570454545454545,0.4620227272727275,0.4466136363636364,0.3678524590163934,0.46195081967213114,0.4862295081967213,0.006013225206611571,0.004797840392561984,0.013521555268595041,0.008651732330018811,0.006040604138672401,0.011011258801397474,0.5159836065573771,0.36726229508196717,0.4752131147540983,0.15893815201192257,0.0947604321907603,0.028599478390461897,44,61,0.5750671781374634,0.7777049180327865,68.03809523809524,105,23
1182,1182.0,0.35328571428571426,0.4615000000000001,0.43700000000000006,0.3678524590163934,0.46195081967213114,0.4862295081967213,0.0058055374149659856,0.004715535714285714,0.012105857142857144,0.008651732330018811,0.006040604138672401,0.011011258801397474,0.5159836065573771,0.36726229508196717,0.4752131147540983,0.16269789227166281,0.0942377049180329,0.03821311475409822,42,61,0.5828762739322206,0.7986885245901635,69.62135922330097,103,24
1183,1183.0,0.3527954545454545,0.4630909090909091,0.4362954545454546,0.366828125,0.463703125,0.487328125,0.005547253615702479,0.004951719008264462,0.011785571797520662,0.008330548583984375,0.0061710524902343755,0.010721282958984373,0.5201562500000001,0.363859375,0.48200000000000004,0.16736079545454557,0.09923153409090912,0.04570454545454544,44,64,0.5662980348332575,0.7898437499999995,69.37037037037037,108,21
1184,1184.0,0.3527954545454545,0.4630909090909091,0.4362954545454546,0.3689206349206349,0.46409523809523806,0.48801587301587296,0.005547253615702479,0.004951719008264462,0.011785571797520662,0.008182549256739733,0.00625916553287982,0.010861190224237843,0.5236825396825397,0.3696190476190477,0.4837460317460318,0.17088708513708523,0.09347186147186143,0.047450577200577215,44,63,0.5469221552670729,0.781587301587301,69.96261682242991,107,24
1185,1185.0,0.3510714285714286,0.4642380952380953,0.4433095238095239,0.37389062500000003,0.46840625,0.488578125,0.005736685374149659,0.005096848072562357,0.011249023242630387,0.008380222412109374,0.006137522460937499,0.010905868896484375,0.534234375,0.383765625,0.47534374999999995,0.18316294642857145,0.08047247023809528,0.03203422619047608,42,64,0.5261905515510895,0.7634374999999995,68.69811320754717,106,26
1186,1186.0,0.344780487804878,0.4649024390243903,0.4475609756097561,0.3724603174603174,0.469904761904762,0.48865079365079367,0.005687976204640096,0.005045356335514575,0.011249807257584772,0.008382311917359535,0.006091229024943311,0.01107863995968758,0.5308253968253969,0.381936507936508,0.47217460317460314,0.18604490902051884,0.0829659310878823,0.02461362756484703,41,63,0.5745038527315652,0.7611111111111106,68.60576923076923,104,25
1187,1187.0,0.34523809523809523,0.4647380952380953,0.4536428571428572,0.3711093750000001,0.46978125000000004,0.48721875000000003,0.005561133786848073,0.004926336167800454,0.012498515306122449,0.008366316162109375,0.0059970146484375,0.0110347333984375,0.527421875,0.37596874999999996,0.468546875,0.1821837797619048,0.08876934523809532,0.014904017857142793,42,64,0.5446087016659439,0.7599999999999996,69.24528301886792,106,27
1188,1188.0,0.34395348837209305,0.4600930232558139,0.4585116279069767,0.3722903225806451,0.46937096774193554,0.48708064516129035,0.00549274202271498,0.0037410611141157376,0.014378156841535967,0.00859149635796046,0.005976039802289282,0.011323299947970863,0.537,0.3723064516129032,0.48177419354838713,0.19304651162790698,0.0877865716429107,0.023262565641410438,43,62,0.5313068347272814,0.7774193548387092,68.84761904761905,105,28
1189,1189.0,0.3437272727272727,0.4602272727272728,0.46129545454545456,0.37274999999999997,0.47031666666666666,0.4858333333333333,0.005523743801652894,0.0036591301652892554,0.015335299070247933,0.008826920833333333,0.006099383055555555,0.011605638888888888,0.5449166666666667,0.37535,0.4760999999999999,0.201189393939394,0.0848772727272728,0.014804545454545348,44,60,0.5330372236831904,0.8083333333333331,67.86538461538461,104,26
1190,1190.0,0.3425581395348838,0.4596511627906978,0.46293023255813953,0.37291935483870964,0.4698225806451613,0.49203225806451606,0.005592060573282856,0.003729622498647918,0.01557434396971336,0.00855865478668054,0.005987404006243496,0.012428224765868887,0.5406935483870967,0.3762096774193549,0.48519354838709666,0.19813540885221292,0.08344148537134288,0.02226331582895713,43,62,0.5187017956906906,0.8080645161290319,67.9047619047619,105,26
1191,1191.0,0.34895238095238096,0.45911904761904754,0.48647619047619045,0.3704516129032258,0.4703548387096775,0.4928548387096774,0.0048227120181405896,0.0034910096371882074,0.018646439909297055,0.008742183142559833,0.005952712799167535,0.012168382154006244,0.5348709677419353,0.3783064516129032,0.4868870967741935,0.18591858678955436,0.08081259600614432,0.00041090629800305534,42,62,0.5528748053924673,0.7690322580645157,67.5673076923077,104,26
1192,1192.0,0.35789473684210527,0.46852631578947357,0.4911315789473683,0.3694920634920635,0.47096825396825404,0.49271428571428566,0.0046177783933518,0.004816986149584486,0.01840890373961219,0.008660503905265812,0.005881554547745024,0.011976458049886621,0.5285396825396824,0.3764444444444444,0.4908412698412698,0.17064494569757716,0.09208187134502915,0.00029030910609850746,38,63,0.5525797682208948,0.7919047619047616,67.20792079207921,101,26
1193,1193.0,0.3588918918918919,0.4756756756756756,0.49681081081081074,0.37589393939393934,0.4718333333333334,0.49331818181818177,0.0038836639883126365,0.00485789481373265,0.019752964207450697,0.009166609963269054,0.005732138888888889,0.011443762396694215,0.5452878787878789,0.37827272727272726,0.4951060606060605,0.18639598689598696,0.09740294840294833,0.0017047502047502494,37,66,0.5916287922318005,0.7527272727272724,66.6116504854369,103,26
1194,1194.0,0.35877499999999996,0.47000000000000003,0.49540000000000006,0.377078125,0.47335937499999997,0.496609375,0.004524024375,0.005161899999999999,0.01948619,0.009191853271484376,0.005972323974609376,0.010354800537109375,0.5413281249999999,0.37584375000000003,0.500140625,0.18255312499999998,0.09415625,0.004740624999999943,40,64,0.5557204371162542,0.7581249999999995,65.36538461538461,104,26
1195,1195.0,0.360875,0.46482499999999993,0.48834999999999995,0.37979999999999997,0.4724923076923077,0.49740000000000006,0.004495359375000001,0.006185644374999998,0.020076627500000003,0.00952459076923077,0.005928557633136096,0.010235501538461539,0.5455538461538462,0.37633846153846157,0.5027384615384615,0.18467884615384617,0.08848653846153837,0.014388461538461517,40,65,0.5512548592635462,0.7567692307692304,66.42857142857143,105,27
1196,1196.0,0.36257142857142854,0.4634999999999999,0.4899761904761904,0.37979999999999997,0.4724923076923077,0.49740000000000006,0.004455530612244898,0.0062542499999999985,0.01958978514739229,0.00952459076923077,0.005928557633136096,0.010235501538461539,0.5455538461538462,0.37633846153846157,0.5027384615384615,0.18298241758241762,0.08716153846153835,0.012762271062271069,42,65,0.5409620384675452,0.7536923076923072,67.05607476635514,107,28
1197,1197.0,0.3631666666666667,0.46647619047619043,0.4879999999999999,0.3832131147540983,0.47434426229508203,0.5024590163934426,0.004489615079365079,0.006251344671201813,0.01992766666666667,0.00961957753292126,0.006101996237570546,0.010325428648212846,0.5585737704918032,0.3842950819672131,0.5238196721311476,0.19540710382513654,0.08218110850897731,0.03581967213114767,42,61,0.5330039885104613,0.7775409836065572,65.64077669902913,103,24
1198,1198.0,0.36502439024390243,0.46251219512195124,0.4832682926829268,0.3832131147540983,0.47434426229508203,0.5024590163934426,0.00398626769779893,0.006488005948839974,0.019733659726353363,0.00961957753292126,0.006101996237570546,0.010325428648212846,0.5585737704918032,0.3842950819672131,0.5238196721311476,0.1935493802479008,0.07821711315473812,0.04055137944822074,41,61,0.5164585325985837,0.7952459016393438,66.20588235294117,102,26
1199,1199.0,0.36505,0.46262500000000006,0.47777499999999995,0.3855166666666666,0.47365,0.5048166666666667,0.0040858975,0.0066496843749999975,0.018989774375,0.009456216388888892,0.006174294166666666,0.01015844972222222,0.5587000000000001,0.3844333333333333,0.53115,0.1936500000000001,0.07819166666666677,0.05337500000000006,40,60,0.5231204056737706,0.8463333333333328,67.29,100,22
1200,1200.0,0.37215217391304345,0.4588913043478261,0.4800652173913043,0.38565625000000003,0.47165625,0.5013124999999999,0.004383607277882799,0.006565575141776936,0.01847562618147448,0.0096487255859375,0.0060712880859374995,0.00985055859375,0.5530937499999999,0.376140625,0.536453125,0.1809415760869565,0.0827506793478261,0.056387907608695664,46,64,0.5283264994786505,0.7731249999999995,66.30909090909091,110,20
1201,1201.0,0.37129166666666663,0.4618125,0.47866666666666663,0.38526984126984126,0.4754285714285714,0.5057936507936508,0.004433248263888889,0.006764152343749999,0.017223305555555554,0.009810577979339888,0.005891578231292517,0.009047084404132022,0.5495714285714286,0.3806190476190477,0.5479523809523809,0.17827976190476197,0.08119345238095232,0.06928571428571423,48,63,0.5475336790134034,0.7411111111111105,66.4054054054054,111,22
1202,1202.0,0.3728636363636364,0.4601136363636364,0.4816363636363637,0.38143076923076924,0.47652307692307694,0.5069692307692307,0.00444620867768595,0.007327873450413223,0.017138095041322313,0.010265475976331363,0.006120341775147929,0.008812522130177516,0.5413999999999999,0.38153846153846155,0.5549692307692308,0.16853636363636348,0.07857517482517484,0.07333286713286707,44,65,0.520313191012003,0.7650769230769227,66.33944954128441,109,22
1203,1203.0,0.3723170731707317,0.4560243902439025,0.4860487804878049,0.3814090909090909,0.48003030303030303,0.506530303030303,0.004678655562165378,0.007418023795359904,0.01666624152290303,0.010126090220385674,0.006221635445362718,0.00909540059687787,0.5384545454545454,0.3793333333333333,0.5501515151515152,0.1661374722838137,0.07669105691056921,0.06410273466371025,41,66,0.5092997785246974,0.776363636363636,66.22429906542057,107,24
1204,1204.0,0.37539999999999996,0.4561333333333334,0.4804,0.3854545454545455,0.4810757575757576,0.5097272727272727,0.005143217777777778,0.008238515555555553,0.01641544,0.009916278236914601,0.0060061609274563825,0.00904662258953168,0.5517878787878788,0.3787121212121212,0.5607424242424243,0.17638787878787887,0.07742121212121217,0.08034242424242427,45,66,0.494706850365428,0.7659090909090904,66.90090090090091,111,23
1205,1205.0,0.3795208333333333,0.45997916666666666,0.48072916666666665,0.3887352941176471,0.4816764705882354,0.511235294117647,0.0057553328993055555,0.008308562065972221,0.015435155815972221,0.00999042993079585,0.005935307093425607,0.008941356401384081,0.5602205882352941,0.379264705882353,0.5640882352941176,0.18069975490196077,0.08071446078431366,0.0833590686274509,48,68,0.46085887968642697,0.7783823529411762,67.45689655172414,116,20
1206,1206.0,0.3790416666666667,0.45437500000000003,0.47460416666666666,0.38638571428571433,0.4826142857142857,0.5092142857142856,0.006063414930555556,0.0070955677083333335,0.01412707248263889,0.009932865510204083,0.005811408367346939,0.009281968367346937,0.5611714285714285,0.3757571428571429,0.5690714285714285,0.18212976190476182,0.07861785714285713,0.09446726190476179,48,70,0.44152098010978175,0.7495714285714281,67.79661016949153,118,24
1207,1207.0,0.3788541666666667,0.4563333333333333,0.47583333333333333,0.38575000000000004,0.4825294117647059,0.5101764705882355,0.006350082899305556,0.007101472222222221,0.014289847222222221,0.009835305147058823,0.005814425605536333,0.009036910034602075,0.5579558823529411,0.36894117647058833,0.5737941176470587,0.17910171568627442,0.08739215686274499,0.09796078431372535,48,68,0.4593725041186019,0.7272058823529408,67.87068965517241,116,25
1208,1208.0,0.377304347826087,0.4486304347826088,0.4620434782608696,0.3844393939393939,0.4849090909090909,0.5103939393939394,0.006218863894139887,0.007009232986767487,0.014186258979206052,0.009954670569329662,0.005749597796143251,0.009305481175390267,0.5599393939393938,0.3723181818181819,0.5720454545454545,0.18263504611330683,0.0763122529644269,0.11000197628458491,46,66,0.48825914006943416,0.7207575757575754,68.15178571428571,112,27
1209,1209.0,0.3735111111111111,0.44859999999999994,0.4595555555555555,0.38284057971014496,0.4873333333333334,0.5103333333333333,0.006101272098765432,0.007162773333333334,0.012326735802469136,0.009689815164881328,0.0058358743961352665,0.009804483091787438,0.5571449275362319,0.37734782608695655,0.5710579710144927,0.18363381642512078,0.07125217391304339,0.11150241545893724,45,69,0.4778968897563985,0.6855072463768112,68.62280701754386,114,31
1210,1210.0,0.37357142857142855,0.4508571428571428,0.47207142857142853,0.3838529411764706,0.48864705882352955,0.5100735294117648,0.006444911564625851,0.0067590748299319724,0.010702018707482993,0.009761596020761248,0.005802610726643599,0.009944009299307959,0.5619852941176471,0.3788529411764706,0.5678676470588234,0.18841386554621853,0.07200420168067218,0.09579621848739489,42,68,0.4585947246629936,0.7136764705882349,68.3,110,32
1211,1211.0,0.37436585365853653,0.44809756097560977,0.47104878048780496,0.3838529411764706,0.48864705882352955,0.5100735294117648,0.006693402736466388,0.0068723807257584785,0.010749948839976205,0.009761596020761248,0.005802610726643599,0.009944009299307959,0.5619852941176471,0.3788529411764706,0.5678676470588234,0.18761944045911055,0.06924461979913915,0.09681886657101846,41,68,0.4399268935944497,0.7422058823529408,68.5137614678899,109,31
1212,1212.0,0.37065853658536585,0.447780487804878,0.46836585365853656,0.3838529411764706,0.48864705882352955,0.5100735294117648,0.006467346817370613,0.006875195716835217,0.010345939321832242,0.009761596020761248,0.005802610726643599,0.009944009299307959,0.5619852941176471,0.3788529411764706,0.5678676470588234,0.19132675753228123,0.06892754662840739,0.09950179340028686,41,68,0.4876818978326358,0.7560294117647054,69.25688073394495,109,27
1213,1213.0,0.3664634146341464,0.44685365853658543,0.460609756097561,0.375943661971831,0.4857887323943662,0.5120845070422534,0.0058941998810232,0.006828807852468768,0.010249896490184415,0.01070810950208292,0.005482363816703036,0.010068978774052766,0.543492957746479,0.38050704225352117,0.5640704225352112,0.1770295431123326,0.06634661628306426,0.10346066643765023,41,71,0.46530078133788844,0.729014084507042,67.5625,112,28
1214,1214.0,0.3664634146341464,0.44685365853658543,0.460609756097561,0.3784507042253522,0.4863521126760563,0.5121267605633802,0.0058941998810232,0.006828807852468768,0.010249896490184415,0.010441374330489982,0.005471016861733784,0.010065209283872245,0.5529295774647888,0.3845633802816901,0.5623521126760562,0.18646616283064238,0.062290278254895304,0.10174235657849523,41,71,0.492411957831429,0.7411267605633799,68.08035714285714,112,25
1215,1215.0,0.36680952380952386,0.44638095238095243,0.460404761904762,0.37723188405797103,0.4843043478260869,0.5097101449275361,0.0057587732426303846,0.006675378684807258,0.010007574263038548,0.010666062171812646,0.005161168241965974,0.010149046418819575,0.5475362318840579,0.3823768115942029,0.5572173913043479,0.180726708074534,0.06400414078674954,0.0968126293995859,42,69,0.46786782160294665,0.7707246376811591,67.72972972972973,111,25
1216,1216.0,0.3648048780487805,0.4424390243902439,0.45926829268292685,0.3781641791044776,0.4837014925373134,0.511865671641791,0.005730449732302201,0.006185563355145746,0.010197415823914334,0.010953002895967923,0.004995164624638005,0.010242743149922033,0.5447462686567164,0.38077611940298506,0.5607761194029849,0.1799413906079359,0.06166290498725885,0.10150782672005804,41,67,0.46048005829414906,0.8235820895522383,68.28703703703704,108,22
1217,1217.0,0.3648048780487805,0.4424390243902439,0.45926829268292685,0.37682352941176467,0.48255882352941176,0.5116176470588234,0.005730449732302201,0.006185563355145746,0.010197415823914334,0.010912351211072664,0.005009187716262977,0.01009623615916955,0.539985294117647,0.3751764705882353,0.5630588235294116,0.17518041606886647,0.06726255380200863,0.10379053084648476,41,68,0.4877235827163706,0.8155882352941174,68.94495412844037,109,21
1218,1218.0,0.36560000000000004,0.439725,0.45785,0.37717391304347825,0.4830289855072464,0.5097681159420289,0.00559429,0.005686199375,0.010384127499999998,0.010762549464398237,0.004951622348246168,0.010182525939928586,0.5426666666666666,0.3759275362318841,0.5560724637681158,0.1770666666666666,0.0637974637681159,0.09822246376811583,40,69,0.493791574996718,0.8050724637681155,69.13761467889908,109,22
1219,1219.0,0.36560000000000004,0.439725,0.45785,0.37892647058823536,0.4834558823529412,0.5119705882352941,0.00559429,0.005686199375,0.010384127499999998,0.010708891652249135,0.0050118657006920425,0.009997557958477506,0.5478088235294116,0.37373529411764705,0.5604264705882355,0.1822088235294116,0.06598970588235292,0.10257647058823549,40,68,0.489087531719392,0.8070588235294112,69.75925925925925,108,24
1220,1220.0,0.35751219512195126,0.44365853658536586,0.4570975609756098,0.38105714285714287,0.4817285714285713,0.5139571428571429,0.004739274241522903,0.006124761451516954,0.010559892920880427,0.010472939591836733,0.00530956918367347,0.009861926734693877,0.5523714285714284,0.3748285714285714,0.5658,0.19485923344947714,0.06882996515679446,0.1087024390243902,41,70,0.47731657389614546,0.7777142857142852,70.95495495495496,111,26
1221,1221.0,0.35077499999999995,0.4476,0.4587,0.3813768115942029,0.4827536231884058,0.513,0.003893474375,0.0060881400000000006,0.01011921,0.01061756815795001,0.005312968283973956,0.009940724637681158,0.5559565217391303,0.37915942028985505,0.5678550724637682,0.2051815217391304,0.06844057971014494,0.10915507246376821,40,69,0.5013212588908621,0.809420289855072,72.60550458715596,109,24
1222,1222.0,0.35077499999999995,0.4476,0.4587,0.3823134328358209,0.4827164179104477,0.5081194029850746,0.003893474375,0.0060881400000000006,0.01011921,0.01063779728224549,0.0054137255513477395,0.010891060369792826,0.5632089552238806,0.3875223880597015,0.5636119402985075,0.21243395522388064,0.06007761194029848,0.10491194029850748,40,67,0.5179396921070097,0.8416417910447758,72.76635514018692,107,20
1223,1223.0,0.3538780487804878,0.4554878048780487,0.47258536585365846,0.3823134328358209,0.4827164179104477,0.5081194029850746,0.004040985127900059,0.005219323022010708,0.0135279500297442,0.01063779728224549,0.0054137255513477395,0.010891060369792826,0.5632089552238806,0.3875223880597015,0.5636119402985075,0.2093309064433928,0.06796541681834717,0.09102657444484902,41,67,0.5354922272174716,0.8156716417910442,74.12962962962963,108,23
1224,1224.0,0.3538780487804878,0.4554878048780487,0.47258536585365846,0.37902941176470584,0.48457352941176474,0.5027058823529411,0.004040985127900059,0.005219323022010708,0.0135279500297442,0.010473352076124568,0.005541656358131488,0.011060531141868512,0.5583529411764706,0.3929411764705883,0.5485882352941177,0.20447489239598282,0.06254662840746039,0.07600286944045925,41,68,0.5343660540994629,0.8013235294117643,74.55963302752293,109,23
1225,1225.0,0.3498048780487805,0.4592682926829268,0.4711951219512196,0.38095588235294114,0.48457352941176474,0.5028382352941175,0.003923425342058299,0.005209025580011898,0.012724254610350979,0.010718042171280277,0.005541656358131488,0.011077135596885812,0.5684558823529412,0.39970588235294124,0.5492647058823529,0.21865100430416068,0.05956241032998555,0.07806958393113328,41,68,0.545062055666037,0.8072058823529406,74.81651376146789,109,21
1226,1226.0,0.3529756097560975,0.4607560975609756,0.4721707317073171,0.37868115942028985,0.485840579710145,0.49721739130434783,0.0041175359904818565,0.005198574657941702,0.012799019631171924,0.01112615921024995,0.005406134005461037,0.011410546943919344,0.5607536231884058,0.39869565217391306,0.5401594202898551,0.20777801343230834,0.06206044538706251,0.06798868858253798,41,69,0.5124605803467212,0.7785507246376807,73.95454545454545,110,25
1227,1227.0,0.3529756097560975,0.4607560975609756,0.4721707317073171,0.38202985074626866,0.48438805970149257,0.5015223880597015,0.0041175359904818565,0.005198574657941702,0.012799019631171924,0.010887461795500115,0.005492565827578525,0.010864577856983738,0.5699552238805968,0.39313432835820894,0.5532537313432837,0.21697961412449934,0.06762176920276664,0.0810829996359666,41,67,0.4941947679676499,0.7910447761194025,74.85185185185185,108,27
1228,1228.0,0.3524761904761905,0.4605714285714286,0.4750952380952381,0.38291176470588234,0.48497058823529426,0.5030441176470589,0.004374201814058957,0.004978197278911566,0.01294780045351474,0.010746109861591694,0.005311528546712803,0.010910306877162627,0.5723676470588235,0.39789705882352944,0.5586176470588236,0.21989145658263298,0.06267436974789914,0.08352240896358543,42,68,0.49238144150163,0.7492647058823526,73.46363636363637,110,29
1229,1229.0,0.3425,0.4575526315789474,0.47110526315789475,0.38228787878787873,0.4832575757575757,0.5021212121212121,0.003787197368421052,0.0053545630193905834,0.012060567867036012,0.01005572015610652,0.0050128578971533515,0.010944045913682279,0.5715757575757576,0.39312121212121215,0.5648484848484848,0.2290757575757576,0.06443141945773523,0.09374322169059007,38,66,0.5159737863284214,0.7824242424242419,72.85576923076923,104,26
1230,1230.0,0.33908108108108104,0.4592432432432433,0.4681081081081081,0.37690625,0.4833906250000001,0.501375,0.0034453718042366695,0.005390670562454346,0.01204517750182615,0.0093678974609375,0.004973894287109375,0.011020140624999997,0.5646875,0.39546875000000004,0.5628124999999999,0.22560641891891897,0.06377449324324325,0.09470439189189184,37,64,0.5136916887328933,0.7981249999999995,73.45544554455445,101,27
1231,1231.0,0.33799999999999997,0.4600789473684211,0.46881578947368424,0.37619047619047624,0.4841269841269841,0.5006031746031746,0.0033979473684210525,0.005274651662049861,0.01174672922437673,0.00948380498866213,0.005018142605190223,0.011156937767699672,0.5608571428571429,0.3919365079365079,0.5620634920634922,0.22285714285714298,0.06814243943191317,0.09324770258980791,38,63,0.5563069016443135,0.8217460317460313,73.99009900990099,101,22
1232,1232.0,0.33790243902439027,0.45541463414634137,0.46878048780487813,0.3752380952380952,0.48476190476190467,0.49893650793650796,0.003518819750148721,0.005216096371207616,0.010938171326591315,0.009523260770975057,0.005031546485260771,0.010867837238599144,0.5544444444444444,0.3946031746031747,0.550952380952381,0.21654200542005414,0.06081145954316669,0.08217189314750284,41,63,0.5360971999003795,0.7725396825396821,72.95192307692308,104,27
1233,1233.0,0.3358333333333333,0.45845238095238083,0.46790476190476193,0.3759677419354838,0.4856935483870968,0.49929032258064515,0.0036105674603174607,0.005470247732426304,0.010709181405895692,0.009643321540062434,0.005058018990634756,0.011035238293444327,0.5604354838709676,0.40096774193548385,0.5507903225806452,0.22460215053763433,0.05748463901689699,0.08288556067588326,42,62,0.5225473655203765,0.793870967741935,73.0576923076923,104,27
1234,1234.0,0.334175,0.4552250000000001,0.46985,0.3739193548387097,0.48459677419354835,0.4956451612903225,0.0038020443749999995,0.005538024375000001,0.0109730275,0.009788525754422475,0.00529085353798127,0.010732454734651403,0.5528064516129032,0.3925483870967742,0.5426129032258064,0.2186314516129032,0.0626766129032259,0.07276290322580636,40,62,0.5801792797969576,0.8109677419354833,73.32352941176471,102,24
1235,1235.0,0.33714999999999995,0.460225,0.478275,0.3791311475409836,0.485983606557377,0.4964426229508196,0.0035809275,0.004940774375,0.010525449374999999,0.009257720505240527,0.005262212846009137,0.010750935232464393,0.5652622950819671,0.4019344262295082,0.5450491803278689,0.22811229508196718,0.058290573770491794,0.06677418032786886,40,61,0.57726524752096,0.8608196721311471,73.8019801980198,101,22
1236,1236.0,0.33504999999999996,0.4559,0.473025,0.3794137931034483,0.4893620689655172,0.4994482758620689,0.0039444975,0.00426349,0.011079274375,0.008687208085612366,0.005349679250891795,0.010753902497027347,0.5739310344827586,0.39363793103448275,0.5501379310344828,0.23888103448275866,0.06226206896551728,0.07711293103448286,40,58,0.5576836299054231,0.8122413793103445,71.51020408163265,98,24
1237,1237.0,0.33452631578947367,0.45821052631578957,0.4713157894736842,0.38189830508474576,0.4858474576271186,0.4988135593220338,0.0041464072022160655,0.004378534626038782,0.011574900277008311,0.008851311692042516,0.005325519103705831,0.010742456765297326,0.5761525423728814,0.3937118644067796,0.5575593220338984,0.2416262265834077,0.06449866190900999,0.08624353256021416,38,59,0.5344877368488774,0.8088135593220334,70.36082474226804,97,25
1238,1238.0,0.3341621621621622,0.4520540540540539,0.4757837837837838,0.3769354838709677,0.48466129032258065,0.49851612903225795,0.004257973703433162,0.004506321402483565,0.01131227757487217,0.009029995837669095,0.005181385275754422,0.010505830385015607,0.5704193548387098,0.3829838709677419,0.5516612903225806,0.23625719267654754,0.06907018308631202,0.07587750653879682,37,62,0.5234540949937238,0.8030645161290317,70.75757575757575,99,22
1239,1239.0,0.3368918918918919,0.4565675675675675,0.4805945945945946,0.3764754098360656,0.4799344262295082,0.5021803278688524,0.004605880204528854,0.00447154273192111,0.011358781592403215,0.009228085460897609,0.0052403891427035745,0.010936705186777747,0.5574754098360656,0.37547540983606564,0.5596393442622951,0.2205835179441737,0.08109215773150186,0.07904474966770053,37,61,0.539195211439888,0.808524590163934,69.94897959183673,98,22
1240,1240.0,0.3355641025641026,0.4555897435897435,0.4799230769230769,0.3729836065573771,0.48481967213114757,0.5000163934426229,0.005034143326758711,0.004288241946088098,0.010812942800788953,0.009735589895189465,0.004952934694974469,0.011021196452566513,0.535393442622951,0.3815737704918033,0.5411803278688525,0.1998293400588484,0.07401597309794022,0.06125725094577561,39,61,0.5891394837763239,0.8039344262295077,69.57,100,15
1241,1241.0,0.3355641025641026,0.4555897435897435,0.4799230769230769,0.3748620689655173,0.4862931034482759,0.49874137931034485,0.005034143326758711,0.004288241946088098,0.010812942800788953,0.010068015457788348,0.005082896848989298,0.011378295184304398,0.54,0.3784827586206896,0.543448275862069,0.20443589743589746,0.07710698496905394,0.06352519893899211,39,58,0.5594737873759679,0.8029310344827582,69.20618556701031,97,19
1242,1242.0,0.3322051282051282,0.452076923076923,0.4787435897435898,0.3735084745762713,0.4862203389830509,0.5001694915254237,0.004888932281393819,0.00387607100591716,0.01062501117685733,0.010003639758690031,0.004997053145647802,0.011303733984487216,0.5338813559322033,0.3754067796610168,0.5469661016949152,0.2016762277270751,0.07667014341590617,0.06822251195132539,39,59,0.5332187171249398,0.8111864406779659,70.10204081632654,98,20
1243,1243.0,0.33520512820512816,0.45351282051282044,0.4763846153846155,0.37308620689655175,0.4867241379310345,0.5005862068965518,0.005133701512163051,0.0038910190664036815,0.01031157001972387,0.010165596016646848,0.005068234244946492,0.011488380499405468,0.5287241379310345,0.37513793103448273,0.5442586206896551,0.1935190097259063,0.0783748894783377,0.06787400530503962,39,58,0.5291287626462107,0.8043103448275857,70.4639175257732,97,23
1244,1244.0,0.3391388888888888,0.4555277777777778,0.4810000000000001,0.37478947368421056,0.4862982456140351,0.5039649122807017,0.005253452932098766,0.00393402700617284,0.010558222222222222,0.010175674976915974,0.0051466303477993225,0.011027823330255463,0.5356842105263159,0.3723859649122807,0.5525263157894738,0.19654532163742705,0.0831418128654971,0.07152631578947366,36,57,0.5284519211331292,0.8463157894736839,70.79569892473118,93,23
1245,1245.0,0.3417894736842105,0.4560263157894737,0.4824473684210527,0.3736428571428571,0.485875,0.5022142857142857,0.00552037673130194,0.004506499307479222,0.010918668282548475,0.01028244387755102,0.0052283236607142845,0.011050061224489796,0.5345357142857142,0.36953571428571425,0.5484821428571428,0.19274624060150375,0.08649060150375948,0.06603477443609013,38,56,0.5400741342506419,0.817678571428571,69.64893617021276,94,25
1246,1246.0,0.348325,0.45957500000000007,0.48427499999999996,0.3724642857142858,0.4859464285714286,0.49926785714285715,0.006227019374999999,0.004568494375,0.010493999374999998,0.010202427295918368,0.005242336415816326,0.010385588966836735,0.5340535714285715,0.3690535714285715,0.5481964285714286,0.18572857142857147,0.09052142857142859,0.06392142857142863,40,56,0.5287922357595747,0.8119642857142854,69.82291666666667,96,25
1247,1247.0,0.348,0.4573076923076923,0.47597435897435897,0.3724642857142858,0.4859464285714286,0.49926785714285715,0.006382461538461537,0.004480007889546352,0.008007050624589087,0.010202427295918368,0.005242336415816326,0.010385588966836735,0.5340535714285715,0.3690535714285715,0.5481964285714286,0.18605357142857148,0.08825412087912082,0.07222206959706962,39,56,0.5889059684640328,0.8187499999999995,70.48421052631579,95,23
1248,1248.0,0.3509230769230769,0.45384615384615384,0.47512820512820514,0.372603448275862,0.4919137931034482,0.4942241379310345,0.00646160946745562,0.003919771203155819,0.008201752794214331,0.011265066884661118,0.005835389120095125,0.010841794589774079,0.5269310344827586,0.36760344827586205,0.5394655172413794,0.17600795755968168,0.08624270557029179,0.06433731211317423,39,58,0.5784028787717995,0.8015517241379306,71.1340206185567,97,25
1249,1249.0,0.3477692307692307,0.45189743589743586,0.4714615384615385,0.3699310344827586,0.4912413793103448,0.4940689655172413,0.006183100591715976,0.003903681788297173,0.008339581854043394,0.011172960760998812,0.005832803804994056,0.010826167657550536,0.5143965517241379,0.3608103448275863,0.5383275862068966,0.16662732095490718,0.09108709106984958,0.06686604774535809,39,58,0.576661049538338,0.812068965517241,71.57731958762886,97,23
1250,1250.0,0.3505263157894737,0.45310526315789473,0.47176315789473683,0.3731694915254237,0.4905254237288136,0.4921864406779661,0.00604935457063712,0.003949515235457063,0.008555496537396122,0.01061525940821603,0.005768418845159438,0.010934524561907497,0.5059322033898306,0.35613559322033905,0.5419491525423729,0.1554058876003569,0.09696966993755568,0.07018599464763603,38,59,0.5802936341536191,0.8276271186440675,72.41237113402062,97,22
1251,1251.0,0.3505263157894737,0.45310526315789473,0.47176315789473683,0.36950877192982456,0.4902105263157895,0.4904912280701754,0.00604935457063712,0.003949515235457063,0.008555496537396122,0.01055758325638658,0.00595455216989843,0.011202881502000618,0.49664912280701756,0.3509473684210527,0.5372105263157895,0.14612280701754388,0.10215789473684206,0.06544736842105264,38,57,0.5904205183797626,0.8296491228070172,72.63157894736842,95,23
1252,1252.0,0.35584615384615387,0.45769230769230773,0.4633076923076923,0.37868421052631573,0.48847368421052634,0.4887017543859649,0.006969668639053255,0.004418777120315582,0.008564930966469427,0.01101874238227147,0.006095231763619576,0.01223947245306248,0.5096140350877193,0.34514035087719297,0.5391754385964912,0.15376788124156543,0.11255195681511476,0.07586774628879889,39,57,0.5748981918133371,0.8001754385964909,72.77083333333333,96,26
1253,1253.0,0.3534473684210527,0.456921052631579,0.4615526315789473,0.37878571428571434,0.48801785714285717,0.4906428571428571,0.0069286682825484775,0.0045118621883656505,0.00867019459833795,0.011214918367346937,0.0061922318239795915,0.012243265306122448,0.5141785714285714,0.35130357142857144,0.5413571428571429,0.1607312030075187,0.10561748120300757,0.07980451127819554,38,56,0.5733853964076472,0.8396428571428567,73.43617021276596,94,26
1254,1254.0,0.35238888888888886,0.464138888888889,0.4680555555555555,0.38119298245614036,0.49154385964912284,0.48950877192982456,0.007256182098765431,0.0037321751543209877,0.00795171913580247,0.01125836626654355,0.006062388427208372,0.012471899045860265,0.5082105263157894,0.3539298245614035,0.5234561403508772,0.15582163742690058,0.1102090643274855,0.05540058479532167,36,57,0.5379649753140536,0.8485964912280698,72.2258064516129,93,26
1255,1255.0,0.34030303030303033,0.463030303030303,0.4723636363636363,0.3854666666666667,0.48951666666666666,0.48491666666666666,0.006147726354453626,0.0037262718089990815,0.009499201101928376,0.01133454888888889,0.006341383055555555,0.012033576388888889,0.5146833333333334,0.35191666666666666,0.51625,0.17438030303030305,0.11111363636363636,0.04388636363636367,33,60,0.5908030424107359,0.8334999999999997,72.09677419354838,93,23
1256,1256.0,0.34030303030303033,0.463030303030303,0.4723636363636363,0.3859672131147541,0.49011475409836064,0.48673770491803275,0.006147726354453626,0.0037262718089990815,0.009499201101928376,0.011163769416823434,0.006258888470841172,0.012035275463585059,0.5177868852459017,0.3532950819672131,0.5211475409836065,0.17748385494287133,0.10973522106308992,0.048783904619970175,33,61,0.5739647036945621,0.8272131147540979,72.55319148936171,94,26
1257,1257.0,0.34076470588235297,0.4678529411764706,0.4736176470588235,0.38656666666666667,0.49168333333333336,0.48745,0.0059739446366782,0.004384184256055364,0.009271706747404844,0.01131591222222222,0.006258449722222223,0.012605480833333332,0.5323833333333333,0.3579666666666667,0.5178666666666666,0.19161862745098035,0.10988627450980387,0.04424901960784311,34,60,0.5613285307143181,0.8196666666666664,72.63829787234043,94,27
1258,1258.0,0.3438611111111112,0.4701111111111111,0.4733611111111111,0.38989999999999997,0.49033333333333334,0.48628333333333335,0.005805064043209876,0.004569654320987653,0.009974619598765432,0.011154356666666667,0.0062922222222222225,0.012955169722222222,0.5346666666666667,0.37028333333333335,0.51425,0.19080555555555556,0.09982777777777774,0.040888888888888864,36,60,0.5661923132021833,0.8068333333333331,73.3125,96,28
1259,1259.0,0.3418571428571429,0.4693714285714286,0.47302857142857146,0.38968852459016395,0.4886229508196722,0.48160655737704916,0.005826351020408165,0.004680519183673469,0.010255627755102043,0.011124673474872346,0.006383447997850038,0.01306115667831228,0.5233934426229508,0.36927868852459017,0.49493442622950823,0.18153629976580793,0.10009274004683844,0.021905854800936764,35,61,0.5447687414771734,0.7944262295081964,73.61458333333333,96,32
1260,1260.0,0.3418571428571429,0.4693714285714286,0.47302857142857146,0.3881451612903226,0.4873225806451614,0.4804516129032258,0.005826351020408165,0.004680519183673469,0.010255627755102043,0.011090543444328822,0.006383637877211238,0.012931860561914673,0.5196129032258064,0.3691774193548387,0.49866129032258066,0.17775576036866353,0.10019400921658989,0.0256327188940092,35,62,0.5262874057664846,0.8127419354838706,74.02061855670104,97,32
1261,1261.0,0.3355000000000001,0.46911764705882353,0.4736176470588235,0.3894354838709677,0.48591935483870974,0.4759516129032258,0.00458325,0.0048159273356401374,0.010545118512110726,0.010692761966701351,0.0063974289802289286,0.012228981529656608,0.5260645161290323,0.362741935483871,0.501016129032258,0.1905645161290322,0.10637571157495251,0.02739848197343453,34,62,0.5040078676394703,0.8262903225806448,73.83333333333333,96,34
1262,1262.0,0.33964705882352936,0.46638235294117647,0.47291176470588236,0.3852741935483871,0.48701612903225816,0.4778387096774193,0.004948110726643598,0.004985471453287197,0.00986643339100346,0.010770618366285121,0.0063481449011446416,0.012050103017689905,0.5169354838709677,0.3591451612903226,0.5008709677419355,0.1772884250474383,0.10723719165085388,0.02795920303605315,34,62,0.514504078195451,0.8391935483870965,72.51041666666667,96,32
1263,1263.0,0.3390833333333333,0.46849999999999997,0.4677777777777778,0.3783114754098361,0.48888524590163945,0.47303278688524597,0.004680965277777777,0.004823749999999999,0.009767061728395062,0.011446607901101854,0.005792691749529696,0.013329867777479172,0.5155737704918033,0.37634426229508194,0.49275409836065576,0.17649043715847001,0.09215573770491803,0.024976320582877964,36,61,0.5414591596120137,0.7845901639344258,70.10309278350516,97,33
1264,1264.0,0.33951428571428577,0.46817142857142857,0.4714571428571429,0.3749322033898305,0.48689830508474574,0.4735254237288136,0.0047749926530612245,0.004939170612244898,0.009716362448979592,0.010868537776501007,0.005839142200517093,0.013605842573972994,0.5051525423728813,0.3719322033898305,0.4937118644067796,0.16563825665859555,0.09623922518159805,0.022254721549636702,35,59,0.5472651993778406,0.8088135593220334,68.68085106382979,94,29
1265,1265.0,0.3398235294117647,0.46758823529411764,0.46597058823529414,0.3765833333333334,0.48825,0.4705166666666667,0.00491208650519031,0.00507253633217993,0.008948557958477509,0.010848243055555557,0.005849620833333334,0.013913183055555554,0.5039166666666667,0.37929999999999997,0.48629999999999995,0.164093137254902,0.08828823529411767,0.020329411764705818,34,60,0.5562403588364285,0.8531666666666665,69.32978723404256,94,24
1266,1266.0,0.3451764705882353,0.4701176470588235,0.4653235294117647,0.37410000000000004,0.48601666666666676,0.4691833333333334,0.004842498269896193,0.005498221453287197,0.008951983564013841,0.010430256666666667,0.006274549722222222,0.013894116388888886,0.4976833333333333,0.3729833333333333,0.48156666666666664,0.152506862745098,0.0971343137254902,0.01624313725490195,34,60,0.5349073348659513,0.8741666666666662,68.55319148936171,94,25
1267,1267.0,0.34705714285714284,0.46982857142857143,0.4733714285714286,0.3695161290322581,0.48588709677419367,0.46811290322580645,0.004824396734693877,0.005343970612244897,0.010898347755102039,0.010506281997918832,0.006120358220603537,0.013414100156087409,0.4961290322580645,0.367483870967742,0.4854032258064516,0.14907188940092164,0.10234470046082944,0.012031797235023012,35,62,0.5281821513755955,0.8401612903225804,68.50515463917526,97,26
1268,1268.0,0.3424324324324324,0.4733513513513514,0.4635135135135135,0.3701612903225807,0.4851129032258065,0.46751612903225803,0.006321272461650838,0.005216227903579254,0.011331493060628195,0.010545199791883455,0.006049906607700311,0.013503991675338188,0.49674193548387097,0.37809677419354837,0.48150000000000004,0.1543095030514386,0.09525457715780306,0.01798648648648654,37,62,0.5118673003288566,0.8249999999999996,68.23232323232324,99,27
1269,1269.0,0.3432631578947369,0.46907894736842104,0.4581052631578948,0.37180952380952387,0.48192063492063497,0.4572063492063491,0.0061286675900277,0.005117967451523544,0.012060252077562327,0.01042974149659864,0.006979755605946084,0.012448893927941547,0.492047619047619,0.3773492063492063,0.4677460317460317,0.14878446115288213,0.09172974101921472,0.009640768588136894,38,63,0.5083698793194235,0.7898412698412697,67.4950495049505,101,31
1270,1270.0,0.34022857142857144,0.473,0.4617428571428572,0.3638833333333334,0.4849166666666667,0.4567,0.006043090612244898,0.0050923999999999995,0.012961105306122447,0.010159703055555556,0.007026076388888888,0.01304031,0.48823333333333324,0.3817666666666667,0.4602,0.1480047619047618,0.09123333333333328,0.0015428571428571791,35,60,0.5374423980916944,0.8084999999999997,66.71578947368421,95,32
1271,1271.0,0.34375,0.4717222222222222,0.4669444444444445,0.3638103448275862,0.48525862068965525,0.4545172413793104,0.006309243055555556,0.005008089506172839,0.013548052469135801,0.010230567479191438,0.006682088287752676,0.013042353151010698,0.48027586206896555,0.3860862068965517,0.46106896551724136,0.13652586206896555,0.0856360153256705,0.005875478927203137,36,58,0.5282844965837686,0.8208620689655168,66.62765957446808,94,33
1272,1272.0,0.3386756756756757,0.4679189189189189,0.4774324324324325,0.36138983050847456,0.4844576271186441,0.4525084745762712,0.006764921840759677,0.004512236669101534,0.013393002191380569,0.010396983625395002,0.006606044814708418,0.01305533467394427,0.47225423728813565,0.389,0.45442372881355925,0.13357856161245996,0.07891891891891889,0.02300870361887325,37,59,0.560414464442577,0.7830508474576269,66.85416666666667,96,35
1273,1273.0,0.33866666666666667,0.46492307692307694,0.47802564102564116,0.36018333333333336,0.48639999999999994,0.45771666666666666,0.006502119658119657,0.004494583826429979,0.013001153188691652,0.01023091638888889,0.006566440000000001,0.01361646972222222,0.48715,0.3999,0.46251666666666663,0.14848333333333336,0.06502307692307696,0.015508974358974525,39,60,0.5192588537308416,0.8038333333333331,67.21212121212122,99,33
1274,1274.0,0.3397804878048781,0.47012195121951217,0.4774878048780488,0.3601147540983607,0.48667213114754093,0.4582622950819672,0.00624373230220107,0.0045964485425342054,0.013625908387864366,0.010063478634775597,0.006463236764310669,0.013411111529158826,0.4902131147540984,0.4006557377049181,0.4690491803278688,0.15043262694922033,0.06946621351459409,0.008438624550180018,41,61,0.5502805176923341,0.7718032786885243,67.51960784313725,102,33
1275,1275.0,0.33815909090909096,0.4748863636363636,0.4777272727272728,0.3594677419354839,0.48359677419354835,0.4602258064516129,0.0059153610537190085,0.004867418904958677,0.013872061983471075,0.0099267005723205,0.006935918054110304,0.013429981269510928,0.4936935483870968,0.39825806451612905,0.47019354838709676,0.15553445747800582,0.07662829912023456,0.007533724340176018,44,62,0.5398607703335275,0.7566129032258062,68.04716981132076,106,33
1276,1276.0,0.33830232558139534,0.476186046511628,0.47993023255813955,0.3594677419354839,0.48359677419354835,0.4602258064516129,0.0060520248783126,0.00490629096809086,0.013981134667387776,0.0099267005723205,0.006935918054110304,0.013429981269510928,0.4936935483870968,0.39825806451612905,0.47019354838709676,0.15539122280570145,0.07792798199549894,0.009736684171042786,43,62,0.5555065136876256,0.7849999999999996,68.86666666666666,105,31
1277,1277.0,0.3358666666666667,0.4745777777777779,0.4791111111111111,0.36003278688524604,0.48421311475409834,0.45978688524590167,0.006062693333333334,0.004961621728395062,0.013375520987654323,0.010069638269282451,0.0070260693361999475,0.01363820048374093,0.4989836065573771,0.4038688524590164,0.46499999999999997,0.1631169398907104,0.0707089253187615,0.01411111111111113,45,61,0.5652608175602256,0.7767213114754096,69.08490566037736,106,31
1278,1278.0,0.33982978723404256,0.4702553191489363,0.4815744680851064,0.3613333333333334,0.48301666666666665,0.45366666666666666,0.006280439112720688,0.005223339067451335,0.012870925305568132,0.010161755555555553,0.006813349722222223,0.013987888888888887,0.5061333333333333,0.39916666666666667,0.46595000000000003,0.16630354609929077,0.07108865248226964,0.015624468085106369,47,60,0.544925637844853,0.7516666666666665,68.22429906542057,107,29
1279,1279.0,0.3409583333333333,0.4721458333333333,0.4845625,0.36419999999999997,0.4823,0.45239999999999997,0.0060823732638888885,0.005211249565972222,0.012054912760416666,0.010272026666666666,0.00675911,0.01345344,0.5095833333333334,0.3982333333333333,0.47059999999999996,0.16862500000000008,0.07391250000000005,0.013962500000000044,48,60,0.5334019388528048,0.7156666666666663,68.13888888888889,108,34
1280,1280.0,0.34222448979591835,0.4726530612244898,0.48553061224489796,0.36419999999999997,0.4823,0.45239999999999997,0.006035194502290711,0.0051172469804248236,0.011853881715951685,0.010272026666666666,0.00675911,0.01345344,0.5095833333333334,0.3982333333333333,0.47059999999999996,0.16735884353741504,0.07441972789115653,0.014930612244898,49,60,0.5252350190613327,0.7506666666666663,69.35779816513761,109,31
1281,1281.0,0.3462549019607843,0.4732156862745097,0.48337254901960786,0.36177049180327864,0.4816885245901639,0.45370491803278684,0.006729758554402153,0.004930639753940791,0.01168086120722799,0.010457783391561408,0.006670739048642838,0.01333506046761623,0.5174426229508198,0.39998360655737697,0.4772950819672131,0.17118772099003549,0.07323207971713275,0.006077467052394758,51,61,0.5115244190286565,0.7604918032786881,68.66071428571429,112,29
1282,1282.0,0.3462549019607843,0.4732156862745097,0.48337254901960786,0.3602131147540984,0.4789180327868852,0.4509180327868853,0.006729758554402153,0.004930639753940791,0.01168086120722799,0.010129151303413061,0.006592075248589089,0.012968927707605483,0.513688524590164,0.40257377049180326,0.46470491803278685,0.16743362262937972,0.07064191578270645,0.018667630986821004,51,61,0.5144745576195853,0.7881967213114751,68.92857142857143,112,26
1283,1283.0,0.3499038461538462,0.46844230769230766,0.47692307692307695,0.3602131147540984,0.4789180327868852,0.4509180327868853,0.00635924075443787,0.005296900517751478,0.011353455621301774,0.010129151303413061,0.006592075248589089,0.012968927707605483,0.513688524590164,0.40257377049180326,0.46470491803278685,0.16378467843631783,0.0658685372005044,0.012218158890290098,52,61,0.4886563305565796,0.7911475409836063,69.80530973451327,113,26
1284,1284.0,0.3499038461538462,0.46844230769230766,0.47692307692307695,0.36100000000000004,0.4785,0.4552580645161291,0.00635924075443787,0.005296900517751478,0.011353455621301774,0.010003548387096774,0.0064964112903225825,0.013908739854318418,0.5163064516129032,0.40499999999999997,0.47027419354838707,0.16640260545905705,0.06344230769230769,0.0066488833746898846,52,62,0.4908905990052105,0.7772580645161287,71.04385964912281,114,27
1285,1285.0,0.35751923076923087,0.4678846153846154,0.4768846153846154,0.3674516129032258,0.47995161290322585,0.4578709677419355,0.005293672707100592,0.005299486686390532,0.010407448224852074,0.009252247658688864,0.006698981529656609,0.014323854318418315,0.529274193548387,0.40558064516129033,0.46580645161290307,0.17175496277915614,0.06230397022332507,0.011078163771712335,52,62,0.5018111871144346,0.7693548387096769,71.07894736842105,114,28
1286,1286.0,0.3579454545454546,0.4673999999999999,0.48072727272727284,0.36773134328358204,0.4818358208955224,0.45811940298507464,0.005090633388429752,0.005416421818181818,0.009978525619834713,0.008754494987747828,0.006693390955669415,0.013949567832479392,0.5214925373134329,0.40649253731343277,0.44710447761194033,0.1635470827679783,0.06090746268656716,0.033622795115332504,55,67,0.4986435618054195,0.6852238805970146,70.86065573770492,122,30
1287,1287.0,0.3538070175438596,0.4616491228070176,0.47733333333333333,0.3671363636363636,0.4818030303030303,0.4560454545454545,0.005791980301631271,0.0055318768851954445,0.010498888888888893,0.008863420798898073,0.006794733930211203,0.01387274035812672,0.5172424242424242,0.405,0.4402878787878788,0.16343540669856454,0.05664912280701756,0.03704545454545455,57,66,0.4940275782021107,0.6833333333333328,70.82926829268293,123,30
1288,1288.0,0.3538070175438596,0.4616491228070176,0.47733333333333333,0.3652222222222222,0.48696825396825405,0.4524761904761904,0.005791980301631271,0.0055318768851954445,0.010498888888888893,0.009145569664902996,0.006421078357268834,0.012702852607709751,0.5114285714285715,0.4037301587301587,0.4311111111111111,0.15762155388471183,0.05791896407685887,0.04622222222222222,57,63,0.4546773277831495,0.6985714285714284,70.725,120,31
1289,1289.0,0.3565,0.461448275862069,0.47696551724137926,0.3666666666666666,0.48441666666666666,0.4495666666666666,0.006105491379310344,0.005438799048751487,0.01032558501783591,0.009291855555555556,0.006548576388888889,0.012771545555555557,0.4925166666666667,0.39393333333333336,0.41084999999999994,0.13601666666666673,0.06751494252873563,0.06611551724137932,58,60,0.4573041967199783,0.7273333333333328,70.47457627118644,118,26
1290,1290.0,0.35610526315789476,0.4628947368421053,0.4754385964912281,0.36652459016393435,0.4858524590163935,0.44698360655737707,0.006203567867036011,0.005412866112650046,0.01037150938750385,0.00910959365761892,0.006333568395592584,0.01296250792797635,0.49286885245901646,0.401655737704918,0.40473770491803274,0.1367635893011217,0.06123899913718728,0.07070089157319537,57,61,0.4346127029065835,0.7273770491803275,71.23728813559322,118,26
1291,1291.0,0.3579642857142857,0.4641071428571429,0.4756428571428572,0.3677377049180327,0.4872786885245902,0.44921311475409836,0.006279998724489796,0.00545788137755102,0.010507908163265309,0.00923301316850309,0.006284889545821016,0.012707905401773717,0.4869016393442623,0.4026885245901639,0.3961147540983606,0.1289373536299766,0.061418618266978975,0.07952810304449659,56,61,0.4360565692504655,0.737868852459016,71.87179487179488,117,25
1292,1292.0,0.35654716981132073,0.4641698113207547,0.47920754716981123,0.3649999999999999,0.48720634920634925,0.4506031746031746,0.006914587397650409,0.004821273050907796,0.010669598433606264,0.009840571428571428,0.006085655832703453,0.01237055681531872,0.4965238095238095,0.4041746031746032,0.40049206349206345,0.13997663971248875,0.0599952081461515,0.07871548367774778,53,63,0.45222208609957126,0.7046031746031743,70.71551724137932,116,26
1293,1293.0,0.35570588235294115,0.46713725490196084,0.4727843137254902,0.3649999999999999,0.48720634920634925,0.4506031746031746,0.007089776239907727,0.0049423929257977695,0.01015095347943099,0.009840571428571428,0.006085655832703453,0.01237055681531872,0.4965238095238095,0.4041746031746032,0.40049206349206345,0.14081792717086833,0.06296265172735765,0.07229225023342672,51,63,0.46033251873124076,0.7211111111111107,70.58771929824562,114,25
1294,1294.0,0.3465306122448979,0.46651020408163263,0.4672244897959184,0.36625806451612897,0.48851612903225805,0.44988709677419364,0.008392330695543524,0.004659147855060391,0.010158908788005,0.009899578563995839,0.006075733610822061,0.012537777575442246,0.5009677419354839,0.41069354838709676,0.3954032258064516,0.15443712969058598,0.055816655694535866,0.07182126398946681,49,62,0.45584135094315265,0.741290322580645,70.58558558558559,111,25
1295,1295.0,0.3473199999999999,0.46709999999999996,0.46798,0.36618333333333336,0.48818333333333336,0.4517833333333333,0.0082550176,0.004583009999999999,0.009983699600000001,0.009979383055555556,0.006033549722222223,0.012598203055555555,0.5114833333333333,0.4229833333333334,0.39371666666666666,0.16416333333333338,0.04411666666666658,0.07426333333333335,50,60,0.4459094610100251,0.7336666666666664,70.66363636363636,110,27
1296,1296.0,0.3459,0.46956,0.46774,0.36618333333333336,0.48818333333333336,0.4517833333333333,0.00817013,0.004662566399999999,0.0099937124,0.009979383055555556,0.006033549722222223,0.012598203055555555,0.5114833333333333,0.4229833333333334,0.39371666666666666,0.1655833333333333,0.0465766666666666,0.07402333333333333,50,60,0.45777533447791013,0.760333333333333,71.39090909090909,110,24
1297,1297.0,0.34858823529411764,0.4699607843137254,0.4699411764705882,0.3667936507936508,0.48603174603174604,0.45363492063492067,0.008371261822376009,0.004579174932718185,0.010040016147635524,0.009539465356512976,0.005972824389014865,0.012506104812295289,0.5202063492063491,0.4254285714285715,0.40482539682539687,0.17161811391223147,0.04453221288515391,0.06511577964519133,51,63,0.43142635099545534,0.7407936507936504,71.32456140350877,114,25
1298,1298.0,0.3471428571428572,0.4687755102040816,0.45851020408163257,0.3671666666666667,0.4832,0.45255000000000006,0.008773755102040816,0.004741643481882549,0.009797882548937945,0.009305838888888888,0.0060289266666666685,0.012212214166666667,0.5172666666666667,0.42173333333333335,0.40310000000000007,0.17012380952380945,0.04704217687074824,0.0554102040816325,49,60,0.4567667182324073,0.7809999999999995,69.97247706422019,109,20
1299,1299.0,0.3508823529411765,0.4693921568627451,0.4570196078431373,0.36659677419354836,0.48209677419354846,0.44970967741935486,0.009154495963091118,0.004287963860053826,0.009619862360630529,0.009034756763787722,0.006003087408949011,0.012096496357960456,0.506483870967742,0.4179354838709678,0.39490322580645165,0.15560151802656547,0.05145667299177731,0.062116382036685625,51,62,0.4447138073710299,0.7316129032258063,69.38053097345133,113,23
1300,1300.0,0.3525294117647058,0.46698039215686277,0.4516666666666666,0.36448387096774193,0.48164516129032264,0.45137096774193547,0.009842758938869664,0.00455911726259131,0.008606183006535949,0.009001120707596254,0.005970454734651405,0.01268113657648283,0.5061290322580645,0.41567741935483876,0.3945161290322581,0.15359962049335868,0.051302972802024005,0.05715053763440853,51,62,0.4376514720758248,0.7132258064516124,69.59292035398231,113,26
1301,1301.0,0.3525294117647058,0.46698039215686277,0.4516666666666666,0.36106451612903223,0.4778064516129033,0.45038709677419353,0.009842758938869664,0.00455911726259131,0.008606183006535949,0.00947828616024974,0.005814801248699272,0.01297507596253902,0.5014193548387097,0.41377419354838707,0.394516129032258,0.14888994307400388,0.0532061986084757,0.05715053763440858,51,62,0.42164673810901865,0.7196774193548385,69.76106194690266,113,26
1302,1302.0,0.3585416666666667,0.46464583333333337,0.4619583333333333,0.35977966101694914,0.4802372881355933,0.4512033898305085,0.008876331597222223,0.004390020399305555,0.007441081597222223,0.009846714162596951,0.005533333524849181,0.013361178971559896,0.5044406779661016,0.4248305084745763,0.38376271186440675,0.1458990112994349,0.03981532485875705,0.07819562146892656,48,59,0.4394327564426545,0.7696610169491521,70.6355140186916,107,24
1303,1303.0,0.3590869565217392,0.46758695652173915,0.46326086956521734,0.36086666666666667,0.4804333333333334,0.44765000000000005,0.00925442722117202,0.004341590264650284,0.007698844990548206,0.009752315555555556,0.005443378888888889,0.013883460833333333,0.5073166666666666,0.4248166666666667,0.37945,0.14822971014492742,0.042770289855072474,0.08381086956521733,46,60,0.4657194954109314,0.781333333333333,71.93396226415095,106,22
1304,1304.0,0.36024999999999996,0.46897727272727274,0.4647272727272727,0.36476190476190484,0.48277777777777786,0.44877777777777783,0.00951386931818182,0.0043853403925619835,0.007982925619834711,0.009793673469387757,0.00534090299823633,0.013388807760141093,0.506063492063492,0.41953968253968255,0.38882539682539685,0.14581349206349203,0.0494375901875902,0.07590187590187586,44,63,0.4666165242638817,0.7719047619047616,71.96261682242991,107,22
1305,1305.0,0.3480731707317073,0.46948780487804886,0.46097560975609764,0.36412500000000003,0.480984375,0.456890625,0.010571287328970851,0.004647664485425342,0.008192706722189172,0.010523953124999999,0.005365452880859375,0.013437316162109376,0.5208593749999999,0.426109375,0.39554687499999996,0.1727862042682926,0.04337842987804885,0.06542873475609767,41,64,0.46804568519778783,0.7484374999999996,71.36190476190477,105,23
1306,1306.0,0.34562790697674417,0.4685581395348838,0.45655813953488367,0.3632903225806452,0.4757096774193549,0.4532741935483871,0.011167303407247163,0.00435815359653867,0.008582711736073553,0.010620109261186263,0.005151851196670135,0.013274005463059312,0.512467741935484,0.41551612903225815,0.3832903225806452,0.16683983495873977,0.053042010502625636,0.07326781695423845,43,62,0.47484547601199373,0.7451612903225803,69.95238095238095,105,22
1307,1307.0,0.34562790697674417,0.4685581395348838,0.45655813953488367,0.36587096774193545,0.47470967741935494,0.45390322580645165,0.011167303407247163,0.00435815359653867,0.008582711736073553,0.010245499479708636,0.005250270551508846,0.013336797086368367,0.5130483870967742,0.4079193548387097,0.3908548387096774,0.16742048012003008,0.060638784696174064,0.06570330082520626,43,62,0.44046795893338697,0.7445161290322578,70.39047619047619,105,25
1308,1308.0,0.34761363636363635,0.4678863636363637,0.4547045454545454,0.36832786885245894,0.47098360655737703,0.45404918032786884,0.011083055268595042,0.004278509814049587,0.008535389979338844,0.010696417092179524,0.00577627841977963,0.013267554958344531,0.524016393442623,0.4034426229508197,0.39460655737704914,0.17640275707898662,0.06444374068554404,0.06009798807749628,44,61,0.44686111363080805,0.7693442622950815,70.75238095238095,105,21
1309,1309.0,0.34548780487804875,0.47148780487804876,0.4568536585365854,0.37029999999999996,0.47095,0.45925000000000005,0.010942493753718027,0.004615518143961927,0.009346320047590721,0.010894576666666664,0.005877880833333334,0.012940320833333333,0.53225,0.39980000000000004,0.40885000000000005,0.18676219512195125,0.07168780487804871,0.048003658536585336,41,60,0.43962901394682624,0.7479999999999997,69.92079207920793,101,25
1310,1310.0,0.343,0.47222500000000006,0.45365,0.3702542372881355,0.46993220338983055,0.4567457627118644,0.0112161,0.004686624374999999,0.0093736775,0.011079104854926743,0.00591535133582304,0.01278337604136742,0.5264915254237288,0.39747457627118643,0.3999830508474576,0.18349152542372876,0.07475042372881363,0.05366694915254239,40,59,0.45075919804521725,0.7710169491525419,70.03030303030303,99,26
1311,1311.0,0.34558536585365857,0.47092682926829277,0.45107317073170733,0.364,0.469542372881356,0.45725423728813563,0.011209901249256395,0.004639726353361093,0.009410653182629389,0.01276308474576271,0.005934248204538928,0.01264507095662166,0.5197627118644068,0.3933050847457627,0.39964406779661016,0.17417734601074825,0.07762174452253007,0.05142910293509717,41,59,0.44830122758493984,0.7723728813559319,70.27,100,24
1312,1312.0,0.34867441860465115,0.4713720930232558,0.4524186046511626,0.36499999999999994,0.4684237288135593,0.4566440677966101,0.011521661438615466,0.004591489453758788,0.009083266630611143,0.01275708474576271,0.0059364475725366276,0.012630364837690318,0.5291016949152543,0.3910847457627119,0.407406779661017,0.18042727631060312,0.08028734726054387,0.04501182499014561,43,59,0.4601832553955547,0.7669491525423724,70.11764705882354,102,20
1313,1313.0,0.3512820512820513,0.4733846153846154,0.44723076923076915,0.3560166666666666,0.4701666666666666,0.4560333333333333,0.012358971729125577,0.004839928994082841,0.00853063905325444,0.013950049722222222,0.005864872222222223,0.012331465555555554,0.5150166666666667,0.3913333333333334,0.40146666666666664,0.16373461538461537,0.08205128205128198,0.045764102564102516,39,60,0.4392320923245714,0.7503333333333331,69.29292929292929,99,24
1314,1314.0,0.34564864864864864,0.47254054054054057,0.4457297297297297,0.3542131147540983,0.47039344262295074,0.45760655737704914,0.01236428195763331,0.004468788897005113,0.008919224251278305,0.01391652835259339,0.0057718124160172,0.012277812416017197,0.5154426229508197,0.39240983606557384,0.40993442622950815,0.16979397430217102,0.08013070447496673,0.03579530350022153,37,61,0.42831648668479627,0.7699999999999997,69.90816326530613,98,25
1315,1315.0,0.3435,0.4808947368421052,0.4496842105263158,0.3549672131147541,0.4686065573770492,0.45659016393442625,0.012183407894736842,0.004329094182825484,0.007781005540166206,0.013992556302069335,0.005371550120935233,0.012090995968825584,0.508672131147541,0.38465573770491807,0.3991967213114754,0.16517213114754092,0.09623899913718714,0.05048748921484042,38,61,0.43372739820518724,0.7667213114754096,68.73737373737374,99,25
1316,1316.0,0.34975675675675677,0.47867567567567565,0.44910810810810814,0.35749180327868846,0.4688688524590164,0.46150819672131144,0.013438886778670564,0.004360056975894813,0.007850582907231557,0.013824774522977696,0.005396868046224134,0.013241331900026874,0.511360655737705,0.39311475409836066,0.40947540983606556,0.16160389898094818,0.08556092157731499,0.03963269827204258,37,61,0.4305702488297419,0.7739344262295077,68.59183673469387,98,26
1317,1317.0,0.3569714285714285,0.47765714285714284,0.4524857142857142,0.3593548387096773,0.46825806451612906,0.4603064516129032,0.012835856326530613,0.004525882448979591,0.008081221224489798,0.013813519250780438,0.005332578563995837,0.01311585770031218,0.5112580645161291,0.391741935483871,0.4050645161290322,0.1542866359447006,0.08591520737327185,0.047421198156682,35,62,0.3916895575997444,0.79258064516129,68.01030927835052,97,26
1318,1318.0,0.3569714285714285,0.47765714285714284,0.4524857142857142,0.35761904761904756,0.4643809523809524,0.45971428571428563,0.012835856326530613,0.004525882448979591,0.008081221224489798,0.013279219954648527,0.0051665532879818605,0.012706934240362813,0.5063968253968254,0.38811111111111113,0.40928571428571425,0.1494253968253969,0.0895460317460317,0.04319999999999996,35,63,0.41175068266474185,0.7969841269841267,68.20408163265306,98,23
1319,1319.0,0.34861111111111104,0.4783888888888889,0.4561944444444444,0.3553870967741936,0.4636451612903226,0.45577419354838705,0.012099293209876542,0.0043891265432098765,0.009103212191358026,0.01313059209157128,0.005218003121748179,0.013413787721123827,0.5059516129032259,0.39456451612903226,0.4127096774193547,0.15734050179211484,0.08382437275985666,0.04348476702508969,36,62,0.447056194771962,0.8038709677419352,66.6938775510204,98,20
1320,1320.0,0.35578125,0.48262499999999997,0.45828125,0.3571269841269842,0.46428571428571436,0.455063492063492,0.011197670898437501,0.004192859375,0.009850077148437502,0.013109856890904513,0.005160616780045351,0.01323218644494835,0.500904761904762,0.39920634920634923,0.40625396825396815,0.14512351190476197,0.08341865079365074,0.05202728174603183,32,63,0.4862736883614054,0.7896825396825393,67.10526315789474,95,23
1321,1321.0,0.3550322580645161,0.477258064516129,0.4531290322580645,0.35303174603174603,0.45928571428571435,0.45406349206349206,0.011730869927159212,0.00350006243496358,0.010554370447450572,0.012144030738221213,0.004673473922902494,0.013344313429075333,0.4967460317460317,0.3973809523809525,0.3996349206349206,0.1417137736815156,0.07987711213517651,0.05349411162314388,31,63,0.5178805318179583,0.7896825396825392,66.32978723404256,94,22
1322,1322.0,0.3575483870967741,0.4739354838709677,0.44648387096774184,0.3625882352941176,0.45823529411764713,0.454,0.012197408949011446,0.0030554797086368374,0.009701217481789804,0.012722006920415226,0.0044049152249134955,0.013489676470588234,0.5005588235294117,0.39261764705882357,0.3921617647058824,0.1430104364326376,0.0813178368121441,0.05432210626185946,31,68,0.47125441835353193,0.7866176470588232,66.37373737373737,99,20
1323,1323.0,0.355969696969697,0.46948484848484845,0.4492727272727272,0.36029850746268655,0.45813432835820894,0.4545522388059701,0.01149693847566575,0.00323746189164371,0.009833834710743802,0.012555373579861884,0.004469967030519047,0.01367027712185342,0.4942835820895522,0.3932686567164179,0.3884179104477612,0.1383138851198552,0.07621619176843053,0.06085481682496602,33,67,0.46022700080868884,0.7883582089552233,66.69,100,19
1324,1324.0,0.35080645161290325,0.46954838709677416,0.45683870967741946,0.35826153846153846,0.4602,0.4572769230769231,0.011751768990634752,0.003437731529656608,0.00950923204994797,0.012142316213017751,0.004364590769230769,0.013837000236686388,0.49423076923076925,0.40273846153846155,0.38843076923076925,0.143424317617866,0.06680992555831261,0.06840794044665022,31,65,0.49135612145580654,0.8187692307692304,66.65625,96,17
1325,1325.0,0.33984375,0.46775,0.4509375,0.3588059701492537,0.4604776119402985,0.4603283582089552,0.0151101318359375,0.0034305625000000013,0.01029162109375,0.011868663844954334,0.004372816662953887,0.01394992203163288,0.4917014925373135,0.39967164179104475,0.3952686567164179,0.1518577425373135,0.06807835820895525,0.05566884328358207,32,67,0.46283194497149227,0.82865671641791,67.60606060606061,99,16
1326,1326.0,0.32513333333333333,0.46420000000000006,0.44576666666666676,0.36213043478260865,0.4645797101449275,0.4588985507246377,0.01799391555555556,0.00352296,0.011173912222222221,0.011909562696912415,0.004825113211510187,0.013662786809493805,0.5014347826086957,0.4002898550724638,0.39984057971014497,0.17630144927536234,0.06391014492753627,0.04592608695652178,30,69,0.4304352649440947,0.8084057971014489,67.27272727272727,99,20
1327,1327.0,0.3189032258064516,0.4667741935483872,0.44341935483870976,0.3595142857142857,0.4643,0.4565571428571429,0.01857789386056192,0.003608110301768992,0.010978759625390218,0.012211678367346938,0.004761581428571428,0.01384587530612245,0.4948428571428572,0.40184285714285717,0.3950428571428572,0.1759396313364056,0.06493133640553,0.04837649769585256,31,70,0.42584315040256665,0.8064285714285712,68.08910891089108,101,20
1328,1328.0,0.31317241379310345,0.4675172413793104,0.44186206896551733,0.3627042253521126,0.4648028169014085,0.4608309859154931,0.018111728894173604,0.0038208014268727715,0.01149722235434007,0.012751982939892879,0.004900327316008729,0.014028703828605434,0.49243661971830976,0.3947042253521127,0.39098591549295775,0.1792642059252063,0.0728130160271977,0.05087615347255958,29,71,0.4182696805341037,0.8284507042253517,68.2,100,18
1329,1329.0,0.31307142857142856,0.46428571428571436,0.4428571428571429,0.36104285714285705,0.4660000000000001,0.4630285714285715,0.018707280612244897,0.003662989795918368,0.012023408163265309,0.012738183877551018,0.00486857142857143,0.01388622775510204,0.4918428571428571,0.39562857142857144,0.39449999999999996,0.17877142857142853,0.06865714285714292,0.04835714285714293,28,70,0.44904854814639866,0.819285714285714,68.86734693877551,98,22
1330,1330.0,0.30617241379310345,0.45403448275862074,0.44696551724137934,0.3608285714285714,0.4651714285714286,0.4608,0.016825797859690843,0.005188240190249704,0.012395757431629012,0.012746084897959182,0.00482479918367347,0.014367217142857143,0.49069999999999997,0.3967285714285715,0.38991428571428566,0.18452758620689652,0.05730591133004925,0.05705123152709368,29,70,0.4892668062715025,0.8029999999999997,68.23232323232324,99,23
1331,1331.0,0.3055862068965518,0.4530344827586208,0.44410344827586207,0.35929999999999995,0.4646571428571429,0.4611142857142857,0.01681920808561237,0.005156309155766944,0.011331265160523187,0.012726409999999999,0.004800025306122451,0.014319472653061223,0.4865,0.39110000000000006,0.4018,0.18091379310344818,0.061934482758620735,0.04230344827586208,29,70,0.4962037597904371,0.8038571428571425,67.34343434343434,99,24
1332,1332.0,0.29688888888888887,0.44466666666666665,0.4436296296296296,0.3600704225352112,0.46459154929577473,0.46477464788732387,0.016088172839506174,0.004366222222222223,0.01175623319615912,0.012588713350525688,0.00473272049196588,0.015055667526284467,0.4889014084507043,0.3923802816901409,0.4078732394366197,0.19201251956181542,0.05228638497652577,0.03575639019300991,27,71,0.5599935143601572,0.7890140845070419,68.61224489795919,98,26
1333,1333.0,0.3015185185185185,0.45255555555555554,0.44481481481481483,0.3600985915492958,0.46387323943661973,0.4665633802816901,0.01604462002743484,0.006526024691358025,0.011708299039780521,0.012833638167030353,0.005203293790914502,0.015387795278714544,0.490281690140845,0.39378873239436624,0.41226760563380277,0.18876317162232648,0.05876682316118931,0.03254720918101206,27,71,0.602449118070222,0.7436619718309855,67.91836734693878,98,26
1334,1334.0,0.2966551724137931,0.4565172413793103,0.44451724137931037,0.35847222222222225,0.46377777777777773,0.464138888888889,0.015265743162901307,0.007489491082045184,0.011254594530321047,0.012843193672839506,0.005131672839506173,0.015591425154320986,0.49208333333333343,0.3919722222222222,0.408125,0.19542816091954035,0.0645450191570881,0.03639224137931035,29,72,0.582553619537344,0.7379166666666662,67.99009900990099,101,27
1335,1335.0,0.2902413793103448,0.4503793103448276,0.4456206896551724,0.35801408450704225,0.4625633802816903,0.46101408450704223,0.013963079667063021,0.008121063020214033,0.011214718192627825,0.013008971632612578,0.0050977671097004575,0.015107985717119618,0.4902816901408451,0.3908169014084507,0.4030140845070422,0.20004031083050028,0.059562408936376876,0.042606605148130194,29,71,0.5831858969460817,0.7515492957746475,68.53,100,28
1336,1336.0,0.2906875,0.4448125,0.443125,0.35820833333333335,0.4630833333333333,0.4618749999999999,0.012775402343750002,0.00782652734375,0.012782234375,0.012830970486111112,0.005046159722222223,0.014950776041666669,0.4871666666666667,0.38591666666666663,0.39831944444444445,0.1964791666666667,0.05889583333333337,0.04480555555555554,32,72,0.5675711028830717,0.7568055555555551,68.15384615384616,104,26
1337,1337.0,0.2906875,0.4448125,0.443125,0.3591267605633803,0.46392957746478874,0.4617464788732395,0.012775402343750002,0.00782652734375,0.012782234375,0.012950955762745487,0.005065671097004562,0.015160161079150962,0.48969014084507034,0.3901971830985916,0.39783098591549293,0.19900264084507036,0.05461531690140842,0.04529401408450706,32,71,0.5263343909519194,0.785633802816901,68.75728155339806,103,27
1338,1338.0,0.28667741935483865,0.4478709677419354,0.4338709677419355,0.3591267605633803,0.46392957746478874,0.4617464788732395,0.012997573361082208,0.00855204786680541,0.012051080124869927,0.012950955762745487,0.005065671097004562,0.015160161079150962,0.48969014084507034,0.3901971830985916,0.39783098591549293,0.2030127214902317,0.05767378464334383,0.03603998182644258,31,71,0.541155140565461,0.7839436619718305,68.90196078431373,102,30
1339,1339.0,0.2739677419354839,0.45,0.42903225806451617,0.3577605633802817,0.46352112676056345,0.46197183098591543,0.014581515088449534,0.00852058064516129,0.012968031217481791,0.013174858163062887,0.005035629835350129,0.015196280896647488,0.48664788732394365,0.38632394366197187,0.4077887323943662,0.21268014538845975,0.06367605633802814,0.021243525670149976,31,71,0.5438968804681316,0.7645070422535206,67.27450980392157,102,31
1340,1340.0,0.2711,0.45066666666666666,0.4338000000000001,0.3567605633802816,0.4623802816901407,0.46352112676056345,0.014903623333333336,0.008716822222222219,0.013398293333333335,0.014165759571513585,0.00499677087879389,0.015085207300138856,0.4872253521126759,0.3864929577464789,0.4169014084507043,0.21612535211267592,0.06417370892018776,0.016898591549295794,30,71,0.4969256861918119,0.74169014084507,65.52475247524752,101,35
1341,1341.0,0.2866969696969697,0.449939393939394,0.4296666666666667,0.35974999999999996,0.4614444444444445,0.4628055555555556,0.01611166574839302,0.008255875114784202,0.01352470707070707,0.014603520833333335,0.004989552469135803,0.014912045524691359,0.49384722222222227,0.3844583333333333,0.41509722222222223,0.2071502525252526,0.06548106060606068,0.014569444444444468,33,72,0.5341738938845653,0.7540277777777773,65.94285714285714,105,29
1342,1342.0,0.30791666666666667,0.45222222222222225,0.4420833333333333,0.3592,0.45585333333333333,0.46083999999999986,0.015469354166666664,0.00811833950617284,0.013340298611111112,0.014702000000000002,0.005996231822222222,0.014372534399999998,0.49552,0.38156,0.41176,0.18760333333333334,0.07066222222222224,0.030323333333333258,36,75,0.5513167416367951,0.702133333333333,63.88288288288288,111,30
1343,1343.0,0.3055428571428571,0.45491428571428577,0.43742857142857144,0.3597297297297297,0.45801351351351355,0.4592297297297296,0.015708476734693878,0.008089392653061222,0.012941444897959184,0.014879629656683708,0.005727283601168737,0.014372285062089114,0.49267567567567566,0.3833108108108108,0.41002702702702704,0.18713281853281855,0.07160347490347496,0.02740154440154441,35,74,0.5392162227805007,0.7264864864864861,64.60550458715596,109,29
1344,1344.0,0.3055428571428571,0.45491428571428577,0.43742857142857144,0.3617105263157894,0.45763157894736856,0.45927631578947353,0.015708476734693878,0.008089392653061222,0.012941444897959184,0.014633837257617731,0.00617502216066482,0.01416783154432133,0.5012631578947369,0.3832499999999999,0.4163026315789474,0.19572030075187974,0.07166428571428585,0.02112593984962402,35,76,0.48480418613757714,0.712894736842105,65.2072072072072,111,32
1345,1345.0,0.29582857142857144,0.4548,0.43951428571428575,0.3602739726027398,0.4571643835616438,0.4553287671232876,0.017241856326530615,0.008058160000000002,0.013309735510204082,0.015180171514355413,0.0062628496903734295,0.014401015199849876,0.4916301369863014,0.38509589041095893,0.41400000000000003,0.19580156555772998,0.06970410958904105,0.02551428571428571,35,73,0.5374513159201019,0.6999999999999996,63.68518518518518,108,30
1346,1346.0,0.2928648648648649,0.45981081081081077,0.43781081081081086,0.35886486486486485,0.45733783783783777,0.45533783783783777,0.016941197954711468,0.008183937180423668,0.013655612856099343,0.015218360116873633,0.006270493973703433,0.014206899379108833,0.4974054054054054,0.38528378378378375,0.4134864864864865,0.2045405405405405,0.07452702702702702,0.024324324324324353,37,74,0.5259054934156896,0.7041891891891888,63.846846846846844,111,27
1347,1347.0,0.29578378378378384,0.4595675675675676,0.43486486486486486,0.35739189189189186,0.4571216216216217,0.4547702702702702,0.01730708838568298,0.008188407596785977,0.01307136011687363,0.015709238312636962,0.006262377100073047,0.014120690467494522,0.5006081081081082,0.3885135135135135,0.41447297297297303,0.20482432432432435,0.07105405405405413,0.020391891891891833,37,74,0.4994176508407568,0.7309459459459455,64.1981981981982,111,27
1348,1348.0,0.2973947368421053,0.4618421052631579,0.4351315789473684,0.3585466666666666,0.4595733333333333,0.45606666666666673,0.016947659972299165,0.00816434349030471,0.012730009002770085,0.015636621155555554,0.006362617955555556,0.013924515555555553,0.5113733333333332,0.3878933333333334,0.41675999999999996,0.2139785964912279,0.07394877192982446,0.01837157894736846,38,75,0.561664094946256,0.734933333333333,65.0,113,20
1349,1349.0,0.29643243243243245,0.46435135135135136,0.4308918918918919,0.3579610389610389,0.45594805194805194,0.4561428571428572,0.017370515704894084,0.008145741417092768,0.01239101533966399,0.015513569910608871,0.006690620678023274,0.013593083487940631,0.5094155844155843,0.37964935064935074,0.4171558441558441,0.21298315198315187,0.08470200070200062,0.013736047736047807,37,77,0.5604664933071933,0.7457142857142853,65.8157894736842,114,18
1350,1350.0,0.291,0.46411111111111114,0.42852777777777784,0.35852702702702705,0.45610810810810815,0.45243243243243236,0.016761111111111112,0.008369876543209875,0.01252841589506173,0.014425870891161433,0.00695209642074507,0.012911515704894084,0.5063108108108108,0.3780675675675676,0.4169459459459459,0.21531081081081077,0.08604354354354354,0.011581831831831924,36,74,0.5614598278136987,0.7525675675675672,65.4090909090909,110,21
1351,1351.0,0.29074285714285714,0.46408571428571427,0.4292571428571429,0.3564054054054055,0.4571891891891892,0.4496891891891892,0.015932019591836735,0.008130478367346938,0.01285693387755102,0.014200835646457268,0.0072663696128561,0.01281034934258583,0.5093783783783784,0.37759459459459455,0.4250135135135135,0.21863552123552127,0.08649111969111972,0.004243629343629374,35,74,0.5441721390307559,0.7641891891891888,64.8440366972477,109,22
1352,1352.0,0.2915675675675676,0.45808108108108103,0.4339189189189189,0.35397333333333336,0.45562666666666674,0.4519733333333333,0.015290515704894082,0.008326344777209642,0.012606615047479914,0.01412223928888889,0.007258953955555555,0.012679145955555554,0.4927999999999999,0.3731466666666667,0.42364,0.20123243243243233,0.08493441441441435,0.010278918918918911,37,75,0.5148088748107262,0.7095999999999997,64.83928571428571,112,26
1353,1353.0,0.2946315789473685,0.4614210526315789,0.42815789473684207,0.3570526315789474,0.4558289473684212,0.4523552631578947,0.013613916897506927,0.008495980609418283,0.011990027700831027,0.013839628808864263,0.007162247056786704,0.013029465893351801,0.5068684210526316,0.3748947368421053,0.42796052631578946,0.2122368421052631,0.08652631578947362,0.00019736842105261276,38,76,0.547742006836824,0.6932894736842101,63.48245614035088,114,22
1354,1354.0,0.2956666666666668,0.46115384615384614,0.42433333333333334,0.3571578947368421,0.4556184210526316,0.45015789473684215,0.013305555555555557,0.008280848126232742,0.012238427350427348,0.013810764542936286,0.007170130713296398,0.013041580332409975,0.5031315789473684,0.3729605263157895,0.419,0.20746491228070157,0.08819331983805662,0.005333333333333357,39,76,0.5203332467107932,0.7173684210526311,64.13913043478261,115,21
1355,1355.0,0.30118421052631583,0.4628157894736842,0.42663157894736853,0.3536081081081081,0.45827027027027034,0.4522162162162162,0.012468413434903047,0.008391045013850415,0.012354495844875347,0.013674859934258581,0.007007332359386415,0.013085061358655952,0.49758108108108107,0.37421621621621626,0.4197297297297297,0.19639687055476523,0.08859957325746792,0.006901849217638811,38,74,0.5386903196419466,0.7510810810810806,63.94642857142857,112,15
1356,1356.0,0.3026190476190476,0.46190476190476204,0.4267142857142857,0.35236486486486485,0.45764864864864874,0.45097297297297306,0.011605331065759637,0.009592181405895692,0.012757775510204083,0.013602718224981741,0.00695009276844412,0.013034323593864134,0.49681081081081085,0.37578378378378385,0.41936486486486485,0.19419176319176323,0.08612097812097819,0.007349420849420862,42,74,0.5487159770127936,0.7272972972972969,64.25,116,15
1357,1357.0,0.3032790697674419,0.4633720930232558,0.4291395348837209,0.35236486486486485,0.45764864864864874,0.45097297297297306,0.011582294213088153,0.00930976852352623,0.014576910762574368,0.013602718224981741,0.00695009276844412,0.013034323593864134,0.49681081081081085,0.37578378378378385,0.41936486486486485,0.19353174104336895,0.08758830923947197,0.009774670018856069,43,74,0.5246735372036524,0.7289189189189184,64.44444444444444,117,16
1358,1358.0,0.30290909090909096,0.46195454545454545,0.4287727272727272,0.35325,0.4582763157894738,0.4512500000000001,0.011198400826446282,0.009471952479338843,0.014202948347107437,0.013273845394736843,0.006798884175900278,0.013290213815789473,0.504328947368421,0.37489473684210534,0.41927631578947366,0.20141985645933008,0.08705980861244011,0.00949641148325353,44,76,0.5085334984171722,0.7086842105263155,65.74166666666666,120,18
1359,1359.0,0.3012954545454546,0.45911363636363645,0.43279545454545454,0.3539210526315789,0.45711842105263156,0.4512368421052632,0.010967026342975207,0.009529827995867768,0.013287526342975205,0.013299230609418284,0.00700892018698061,0.01329004916897507,0.5070789473684211,0.37397368421052635,0.41636842105263155,0.20578349282296649,0.0851399521531101,0.016427033492822984,44,76,0.49629540477993755,0.6897368421052626,66.51666666666667,120,20
1360,1360.0,0.3012954545454546,0.45911363636363645,0.43279545454545454,0.3548552631578948,0.45911842105263156,0.4526578947368421,0.010967026342975207,0.009529827995867768,0.013287526342975205,0.013398465893351802,0.007060446502770082,0.01364546191135734,0.5166052631578948,0.3773157894736842,0.4207631578947368,0.2153098086124402,0.08179784688995223,0.012032296650717755,44,76,0.46279547359456347,0.7021052631578942,66.7,120,21
1361,1361.0,0.29302272727272727,0.45831818181818185,0.42449999999999993,0.3541428571428572,0.4596883116883116,0.4528181818181818,0.01204511311983471,0.009514262396694215,0.013140659090909087,0.013542408163265305,0.007018162590656097,0.013517161747343567,0.5116623376623377,0.3824155844155844,0.4089999999999999,0.21863961038961044,0.07590259740259747,0.015500000000000014,44,77,0.4619606654671758,0.6635064935064932,65.63636363636364,121,24
1362,1362.0,0.2947954545454545,0.45915909090909096,0.429159090909091,0.3510129870129871,0.458038961038961,0.45598701298701283,0.012332617252066113,0.009577770144628099,0.013696679235537192,0.013843363467701132,0.0071183231573621174,0.01291886996120762,0.509,0.3812077922077922,0.40945454545454546,0.21420454545454548,0.07795129870129874,0.01970454545454553,44,77,0.47886101162087463,0.6640259740259735,65.50413223140495,121,23
1363,1363.0,0.2949148936170213,0.4561063829787235,0.42540425531914894,0.35209210526315793,0.4572894736842106,0.45568421052631575,0.012561567224988681,0.009769329108193753,0.01334802806699864,0.013876899411357344,0.007255074099722993,0.013073505540166206,0.5159999999999999,0.38078947368421057,0.4079736842105263,0.22108510638297862,0.07531690929451296,0.017430571108622617,47,76,0.4936466004924363,0.6409210526315786,65.11382113821138,123,22
1364,1364.0,0.2979782608695652,0.4552608695652175,0.4238478260869564,0.3534675324675325,0.4566103896103896,0.45212987012987005,0.012393586483931948,0.009948105860113422,0.013524346408317579,0.013704093101703492,0.007167640411536517,0.013616762354528588,0.5253376623376623,0.3816493506493507,0.39446753246753247,0.22735940146809713,0.07361151891586681,0.02938029361942396,46,77,0.46682409647975986,0.662337662337662,65.95934959349593,123,22
1365,1365.0,0.2991111111111111,0.45948888888888895,0.4231333333333332,0.3539473684210527,0.45748684210526314,0.451328947368421,0.012609965432098766,0.00934687209876543,0.013801404444444443,0.014025049861495843,0.007225960353185597,0.013514957583102491,0.5270131578947369,0.3780263157894737,0.3983421052631579,0.2279020467836258,0.08146257309941524,0.02479122807017531,45,76,0.45421954993688707,0.6714473684210522,65.79338842975207,121,21
1366,1366.0,0.3003863636363636,0.4594318181818183,0.42102272727272716,0.35227777777777786,0.4565138888888889,0.44854166666666667,0.012823373450413223,0.00955915444214876,0.013914613119834707,0.01457506172839506,0.007278388695987657,0.013302053819444444,0.5191666666666666,0.3792916666666667,0.38856944444444447,0.21878030303030294,0.08014015151515158,0.03245328282828269,44,72,0.4612981508431482,0.6898611111111106,65.77586206896552,116,21
1367,1367.0,0.2991162790697674,0.4580465116279071,0.4207209302325581,0.3513561643835617,0.457986301369863,0.4464109589041096,0.013050614386154676,0.009697021092482423,0.014234201189832341,0.014436558078438732,0.007334780634265341,0.013446707825107899,0.5141917808219177,0.3836986301369863,0.38363013698630133,0.21507550175215034,0.07434788149092081,0.03709079324625675,43,73,0.40457955612111246,0.6969863013698626,66.37068965517241,116,22
1368,1368.0,0.2980227272727273,0.46118181818181814,0.42611363636363625,0.3482972972972973,0.4587837837837837,0.44951351351351343,0.012803158574380165,0.008991785123966941,0.014901918904958678,0.01449542512783053,0.007140277574872169,0.013587411979547114,0.5139594594594594,0.3919864864864865,0.3972837837837838,0.21593673218673215,0.06919533169533165,0.028829852579852433,44,74,0.46019131127695184,0.6987837837837834,65.08474576271186,118,15
1369,1369.0,0.30325,0.4579318181818181,0.4254999999999999,0.34785135135135137,0.4557972972972974,0.452472972972973,0.010725960227272728,0.009544472623966944,0.013068204545454548,0.014474531957633308,0.007503377830533237,0.013406924945215486,0.5066756756756756,0.3888918918918919,0.4065540540540541,0.2034256756756756,0.06903992628992622,0.018945945945945786,44,74,0.48269537939353363,0.6736486486486483,65.05932203389831,118,17
1370,1370.0,0.2908,0.45840000000000003,0.4147111111111111,0.3540779220779221,0.45487012987012987,0.45768831168831164,0.013481671111111112,0.009116062222222223,0.012418160987654319,0.014384383538539386,0.007329801315567552,0.014251747006240512,0.5170909090909092,0.3804155844155844,0.41557142857142854,0.22629090909090915,0.07798441558441566,0.0008603174603174502,45,77,0.472505658665727,0.6267532467532464,65.5327868852459,122,19
1371,1371.0,0.2908,0.45840000000000003,0.4147111111111111,0.35100000000000003,0.4548051948051948,0.4571428571428571,0.013481671111111112,0.009116062222222223,0.012418160987654319,0.013725948051948053,0.0073358191937932206,0.014146382189239333,0.5073896103896103,0.3774025974025974,0.4118571428571428,0.21658961038961028,0.08099740259740262,0.0028539682539682754,45,77,0.45038504913745087,0.6199999999999994,66.02459016393442,122,21
1372,1372.0,0.2839285714285714,0.4535714285714287,0.4062619047619047,0.3509610389610391,0.45618181818181813,0.4548441558441558,0.012686828231292515,0.009261721088435374,0.010150717120181405,0.013735647832686795,0.007565733175914995,0.014121066621689998,0.5084675324675325,0.3819480519480519,0.40289610389610386,0.2245389610389611,0.07162337662337676,0.00336580086580085,42,77,0.44835187579590013,0.6670129870129867,66.66386554621849,119,17
1373,1373.0,0.2817317073170732,0.45219512195121947,0.4040975609756098,0.34850000000000003,0.453171052631579,0.45680263157894735,0.012793562165377751,0.009408059488399761,0.010201551457465794,0.014118960526315788,0.00781372074099723,0.014146395256232685,0.5125789473684211,0.38423684210526315,0.4052631578947368,0.23084724005134794,0.06795827984595632,0.0011655969191270432,41,76,0.4130305780962534,0.6961842105263154,66.51282051282051,117,17
1374,1374.0,0.282725,0.44745,0.404975,0.34906493506493513,0.45157142857142857,0.45687012987012987,0.013072949374999998,0.0087200975,0.010425024375,0.013959852926294487,0.00790671243042672,0.01396302209478833,0.5083506493506493,0.3798571428571429,0.40280519480519483,0.22562564935064933,0.06759285714285712,0.002169805194805141,40,77,0.4038813845560007,0.7083116883116879,67.0,117,17
1375,1375.0,0.280609756097561,0.4499024390243902,0.39953658536585357,0.3451866666666667,0.45083999999999996,0.4539066666666667,0.01293306722189173,0.008747990481856037,0.01135380963712076,0.013690311822222221,0.0079388544,0.013898031288888888,0.5028666666666667,0.37390666666666666,0.39425333333333334,0.22225691056910568,0.07599577235772353,0.005283252032520225,41,75,0.4203607565130084,0.7250666666666662,67.05172413793103,116,15
1376,1376.0,0.2720681818181818,0.45163636363636356,0.3950227272727272,0.34406756756756757,0.44967567567567573,0.45131081081081087,0.013445881714876035,0.008313822314049587,0.011468158574380166,0.013781387326515706,0.00794446238130022,0.013580457450693938,0.5019729729729729,0.37193243243243246,0.38959459459459456,0.22990479115479112,0.0797039312039311,0.0054281326781326356,44,74,0.41309165790890306,0.7209459459459455,67.2457627118644,118,16
1377,1377.0,0.267875,0.44782500000000003,0.3954,0.34545205479452057,0.44957534246575337,0.45349315068493157,0.014531359375000002,0.006917644375000001,0.01196404,0.013828329893038092,0.008052545693375868,0.013414058172264967,0.5003561643835616,0.3734246575342466,0.39336986301369864,0.2324811643835616,0.07440034246575344,0.002030136986301334,40,73,0.43465396167015424,0.7408219178082187,67.12389380530973,113,16
1378,1378.0,0.2685121951219512,0.4426097560975609,0.40707317073170723,0.3448552631578947,0.4476842105263158,0.4529078947368421,0.015367566924449733,0.007240774538964902,0.011907140987507437,0.013465281682825488,0.007947137119113571,0.013336899411357342,0.5006710526315789,0.3780263157894737,0.41280263157894737,0.23215885750962767,0.06458344030808721,0.005729460847240131,41,76,0.4572896538317917,0.7127631578947365,68.23076923076923,117,15
1379,1379.0,0.26620512820512815,0.4493846153846155,0.39664102564102566,0.3462133333333333,0.44713333333333327,0.4496933333333333,0.01579995792241946,0.0064900315581854036,0.012188589086127547,0.013383314488888888,0.008057475555555556,0.012885545955555555,0.4960266666666666,0.37472,0.4038933333333334,0.22982153846153847,0.0746646153846155,0.0072523076923077245,39,75,0.46672965140385897,0.6925333333333328,68.28947368421052,114,20
1380,1380.0,0.25605555555555554,0.4550277777777778,0.39386111111111105,0.34171999999999997,0.44894666666666655,0.4507866666666667,0.015537052469135802,0.006550082561728396,0.013014286265432098,0.012653961600000001,0.008080423822222222,0.012999394488888887,0.5035333333333334,0.37298666666666674,0.41178666666666663,0.24747777777777785,0.08204111111111106,0.017925555555555583,36,75,0.44528741520173715,0.6922666666666663,68.36036036036036,111,22
1381,1381.0,0.24638235294117644,0.45282352941176474,0.39079411764705885,0.34013157894736845,0.4469868421052631,0.4504078947368421,0.014764236159169549,0.006818145328719724,0.012407634083044981,0.0126496932132964,0.00843606561634349,0.01305921520083102,0.49511842105263154,0.36732894736842114,0.41296052631578944,0.2487360681114551,0.08549458204334359,0.022166408668730597,34,76,0.43658745927302944,0.7074999999999996,68.4090909090909,110,21
1382,1382.0,0.25645161290322577,0.4564193548387097,0.3927096774193548,0.3427105263157894,0.4486315789473684,0.4500789473684212,0.014044828303850156,0.007229662851196671,0.012475883454734651,0.012358679362880886,0.008421890581717452,0.013185362188365652,0.497,0.36593421052631586,0.41357894736842105,0.24054838709677423,0.09048514431239385,0.020869269949066238,31,76,0.4588535496921763,0.7193421052631574,68.6822429906542,107,19
1383,1383.0,0.2603,0.45346666666666663,0.3966333333333333,0.3427105263157894,0.4486315789473684,0.4500789473684212,0.014053876666666666,0.007200382222222223,0.01241449888888889,0.012358679362880886,0.008421890581717452,0.013185362188365652,0.497,0.36593421052631586,0.41357894736842105,0.23670000000000002,0.08753245614035077,0.016945614035087764,30,76,0.4334535355537656,0.7519736842105258,69.90566037735849,106,19
1384,1384.0,0.27120689655172414,0.4509310344827586,0.4010344827586207,0.34348000000000006,0.44844000000000006,0.44978666666666667,0.013391681331747922,0.007237167657550537,0.012274447086801428,0.012478462933333333,0.008531393066666665,0.013354674488888888,0.49294666666666664,0.3678666666666667,0.4105066666666667,0.2217397701149425,0.08306436781609194,0.009472183908045995,29,75,0.4675113961577468,0.7559999999999995,70.38461538461539,104,20
1385,1385.0,0.2746,0.4525333333333333,0.40146666666666664,0.34271621621621623,0.44740540540540535,0.44605405405405407,0.013109440000000002,0.006901182222222222,0.01172564888888889,0.012603338385682979,0.008566403214024836,0.012490213294375456,0.49099999999999994,0.3649864864864865,0.40502702702702703,0.21639999999999993,0.08754684684684677,0.003560360360360393,30,74,0.49287917074508625,0.7395945945945941,70.48076923076923,104,22
1386,1386.0,0.26831034482758626,0.4498620689655172,0.39431034482758615,0.3383611111111111,0.44941666666666674,0.4452222222222222,0.014122558858501787,0.005772187871581452,0.010899593341260404,0.012892202932098766,0.008677020833333333,0.011976533950617284,0.4759305555555555,0.3675833333333334,0.4013194444444445,0.20762021072796927,0.08227873563218385,0.007009099616858361,29,72,0.5390416643387969,0.751805555555555,70.21782178217822,101,22
1387,1387.0,0.2828076923076923,0.4628076923076923,0.39353846153846156,0.3351304347826087,0.447536231884058,0.4424202898550724,0.009187847633136095,0.005211232248520711,0.009796633136094674,0.013159910522999372,0.008769582020583913,0.010979200168031927,0.4684782608695652,0.3655072463768117,0.39546376811594197,0.18567056856187286,0.09730044593088061,0.0019253065774804123,26,69,0.5740826886426184,0.7868115942028979,68.41052631578947,95,17
1388,1388.0,0.2828076923076923,0.4628076923076923,0.39353846153846156,0.3354285714285714,0.44951428571428576,0.4404857142857142,0.009187847633136095,0.005211232248520711,0.009796633136094674,0.012978044897959184,0.008914278367346937,0.011080592653061225,0.4743285714285714,0.3651857142857144,0.40179999999999993,0.19152087912087906,0.09762197802197792,0.008261538461538376,26,70,0.5662555795290527,0.7794285714285709,69.11458333333333,96,20
1389,1389.0,0.2828076923076923,0.4628076923076923,0.39353846153846156,0.3354285714285714,0.44951428571428576,0.4404857142857142,0.009187847633136095,0.005211232248520711,0.009796633136094674,0.012978044897959184,0.008914278367346937,0.011080592653061225,0.4743285714285714,0.3651857142857144,0.40179999999999993,0.19152087912087906,0.09762197802197792,0.008261538461538376,26,70,0.5257361627231794,0.8022857142857137,70.11458333333333,96,22
1390,1390.0,0.26940740740740743,0.45648148148148143,0.39551851851851855,0.3353768115942029,0.44915942028985506,0.4426376811594202,0.011229204389574761,0.005373879286694101,0.009870842249657064,0.013165944969544213,0.009034655744591471,0.010917013652593992,0.4719710144927536,0.3646956521739131,0.4056811594202898,0.20256360708534615,0.09178582930756835,0.01016264090177127,27,69,0.5572989952535815,0.7871014492753619,70.29166666666667,96,23
1391,1391.0,0.28146666666666664,0.4572,0.39810000000000006,0.3396029411764706,0.44938235294117646,0.4442058823529412,0.011481315555555555,0.005676426666666666,0.009392023333333334,0.012127209991349482,0.00916408910034602,0.010907869377162632,0.4778676470588236,0.36205882352941177,0.41117647058823525,0.19640098039215698,0.09514117647058823,0.01307647058823519,30,68,0.5519589817284017,0.7982352941176465,69.84693877551021,98,21
1392,1392.0,0.28359999999999996,0.4573,0.3947333333333333,0.3396029411764706,0.44938235294117646,0.4442058823529412,0.011935573333333335,0.0056944766666666684,0.009404928888888888,0.012127209991349482,0.00916408910034602,0.010907869377162632,0.4778676470588236,0.36205882352941177,0.41117647058823525,0.19426764705882366,0.09524117647058822,0.01644313725490193,30,68,0.5521883605176447,0.8267647058823525,70.18367346938776,98,20
1393,1393.0,0.2895333333333333,0.45313333333333333,0.3944000000000001,0.34057971014492755,0.4505507246376812,0.4434057971014493,0.012605248888888889,0.006125448888888888,0.009359973333333334,0.012016330602814537,0.009124102499474901,0.01079331358958202,0.4830289855072465,0.3615217391304348,0.41824637681159416,0.19349565217391318,0.09161159420289855,0.023846376811594072,30,69,0.5467069203381734,0.8378260869565213,71.0909090909091,99,20
1394,1394.0,0.2853548387096774,0.4577096774193548,0.40054838709677426,0.34111111111111114,0.4509444444444445,0.4435138888888889,0.01205835796045786,0.006199044745057232,0.008807602497398542,0.012452432098765431,0.008847858024691358,0.010568555362654322,0.4988333333333333,0.36762500000000004,0.4292083333333333,0.21347849462365587,0.09008467741935478,0.028659946236559042,31,72,0.5060216312488879,0.8052777777777772,69.83495145631068,103,22
1395,1395.0,0.2866470588235294,0.45755882352941185,0.40855882352941175,0.3386901408450704,0.44952112676056344,0.43804225352112675,0.011539463667820068,0.005817187716262976,0.009668481833910036,0.01283049553659988,0.008378728426899424,0.011087589763935729,0.4958591549295775,0.3693802816901408,0.42622535211267604,0.20921209610604807,0.08817854183927104,0.017666528583264285,34,71,0.49638282712779824,0.788309859154929,69.25714285714285,105,23
1396,1396.0,0.2909714285714286,0.45828571428571435,0.4065428571428571,0.33883561643835614,0.4481506849315068,0.4368630136986302,0.011845570612244897,0.0056689469387755115,0.009530419591836734,0.012491808594483017,0.00821782660911991,0.010850310001876527,0.4926438356164384,0.3610821917808219,0.4188356164383562,0.20167240704500977,0.09720352250489245,0.012292759295499112,35,73,0.4682949536547456,0.7828767123287667,69.45370370370371,108,24
1397,1397.0,0.2909714285714286,0.45828571428571435,0.4065428571428571,0.34047222222222223,0.44925000000000004,0.4363472222222222,0.011845570612244897,0.0056689469387755115,0.009530419591836734,0.01246977700617284,0.008243743055555556,0.01098158777006173,0.49579166666666663,0.36501388888888886,0.41776388888888893,0.20482023809523803,0.09327182539682549,0.01122103174603184,35,72,0.42747422704017907,0.8327777777777773,70.11214953271028,107,22
1398,1398.0,0.28202857142857146,0.46137142857142854,0.4016285714285714,0.34294594594594596,0.4493108108108109,0.43622972972972973,0.01261602775510204,0.005380290612244899,0.010484976326530612,0.012379024105186268,0.0080216196128561,0.010829312089116144,0.4998243243243243,0.36324324324324325,0.4098378378378379,0.21779575289575281,0.09812818532818529,0.008209266409266502,35,74,0.461751141713445,0.8097297297297292,69.45871559633028,109,22
1399,1399.0,0.2867428571428572,0.46345714285714285,0.3964285714285714,0.34196103896103897,0.450961038961039,0.4363376623376623,0.013013105306122449,0.005038591020408163,0.009861273469387756,0.01208679068982965,0.007854764715803677,0.011649158711418452,0.49157142857142855,0.3668961038961039,0.39650649350649353,0.20482857142857136,0.09656103896103896,7.792207792212125e-05,35,77,0.4529665412869152,0.7815584415584411,68.78571428571429,112,23
1400,1400.0,0.2967894736842106,0.4677631578947368,0.40592105263157896,0.34196103896103897,0.450961038961039,0.4363376623376623,0.01350758725761773,0.005424970221606648,0.010866072714681436,0.01208679068982965,0.007854764715803677,0.011649158711418452,0.49157142857142855,0.3668961038961039,0.39650649350649353,0.19478195488721795,0.10086705399863294,0.009414559125085431,38,77,0.5007682824756678,0.7862337662337656,69.25217391304348,115,18
1401,1401.0,0.30847499999999994,0.46530000000000005,0.4189,0.3438243243243243,0.45245945945945953,0.43594594594594593,0.013726899375,0.00558051,0.01168779,0.012481820489408326,0.007802248356464573,0.01151453761869978,0.4928783783783784,0.3555675675675676,0.3876216216216216,0.18440337837837845,0.10973243243243247,0.03127837837837838,40,74,0.5176708324495296,0.7798648648648643,67.21052631578948,114,18
1402,1402.0,0.31593333333333334,0.46211111111111114,0.417488888888889,0.34206756756756757,0.45127027027027017,0.4378513513513513,0.01332921777777778,0.0061036987654321,0.012234560987654316,0.012281360299488677,0.00778289992695398,0.011684504930606281,0.49460810810810807,0.34943243243243244,0.39451351351351355,0.17867477477477473,0.1126786786786787,0.022975375375375473,45,74,0.5467272698078838,0.7293243243243238,67.26050420168067,119,19
1403,1403.0,0.31404444444444446,0.46324444444444446,0.4156888888888889,0.343625,0.4483055555555556,0.43793055555555555,0.013342398024691357,0.0060307624691358025,0.012267280987654323,0.012518067708333334,0.0076488788580246925,0.011479842399691359,0.5041527777777778,0.3534305555555556,0.3943888888888889,0.19010833333333332,0.10981388888888888,0.021299999999999986,45,72,0.5216616253587476,0.7423611111111106,68.41880341880342,117,23
1404,1404.0,0.3188837209302326,0.4615348837209303,0.41979069767441857,0.34502702702702703,0.44390540540540535,0.4401486486486486,0.01191228880475933,0.005925085992428339,0.012453142239048136,0.01257726953981008,0.00766597753834916,0.011425613038714392,0.5054189189189189,0.34994594594594597,0.3840540540540541,0.18653519798868629,0.11158893777498435,0.035736643620364494,43,74,0.5043951013352015,0.7259459459459453,69.22222222222223,117,23
1405,1405.0,0.3200227272727273,0.4585227272727273,0.4200227272727273,0.3476621621621621,0.44229729729729733,0.43906756756756754,0.011722431301652896,0.006095476756198348,0.011961340392561986,0.012636061541270999,0.007783695398100803,0.011165306245434624,0.5113108108108109,0.34640540540540543,0.3781621621621622,0.19128808353808358,0.11211732186732187,0.04186056511056513,44,74,0.4928073203187879,0.7337837837837833,69.7457627118644,118,23
1406,1406.0,0.3247272727272727,0.4578863636363637,0.4200227272727273,0.34243835616438356,0.4426301369863013,0.44109589041095887,0.012852698347107443,0.006155555268595041,0.01196134039256198,0.012757287295927941,0.008267548132857946,0.010592990805029087,0.49471232876712334,0.3491232876712329,0.3762054794520548,0.16998505603985065,0.1087630759651308,0.043817247820672534,44,73,0.4726741218253913,0.7373972602739721,69.51282051282051,117,24
1407,1407.0,0.3280444444444444,0.45891111111111116,0.4185333333333334,0.346375,0.43904166666666666,0.4423888888888889,0.013051242469135799,0.006064969876543211,0.011793137777777778,0.01220509548611111,0.007761928819444444,0.010632515432098765,0.5012083333333333,0.3470972222222222,0.3738194444444444,0.17316388888888884,0.11181388888888893,0.044713888888889,45,72,0.4671103719768214,0.7474999999999995,70.17948717948718,117,23
1408,1408.0,0.3322,0.45699999999999996,0.41544444444444445,0.3485492957746479,0.4385774647887324,0.4459859154929578,0.013021137777777778,0.006175644444444447,0.01190118024691358,0.011684839119222374,0.007856356675262847,0.010890549097401309,0.49635211267605645,0.34047887323943665,0.37345070422535215,0.16415211267605645,0.11652112676056331,0.0419937402190923,45,71,0.449446068054418,0.7601408450704222,69.68103448275862,116,22
1409,1409.0,0.3268444444444444,0.45813333333333334,0.4145999999999999,0.3464583333333333,0.437625,0.44536111111111115,0.012652664691358026,0.006258293333333334,0.011910284444444447,0.011823803819444444,0.007802651041666667,0.010770341820987654,0.4986388888888889,0.3393888888888889,0.36801388888888886,0.17179444444444453,0.11874444444444443,0.04658611111111105,45,72,0.45451066349835006,0.7588888888888884,69.67521367521367,117,21
1410,1410.0,0.32895652173913037,0.45823913043478265,0.4143260869565217,0.34919718309859155,0.4353380281690141,0.44615492957746483,0.01257834593572779,0.006122747164461247,0.01165474149338374,0.012147932949811544,0.007637125173576671,0.01083407458837532,0.49553521126760575,0.33823943661971834,0.3718450704225353,0.16657868952847538,0.11999969381506431,0.04248101653398639,46,71,0.4486274754233526,0.7373239436619714,69.57264957264957,117,22
1411,1411.0,0.3350612244897959,0.45597959183673475,0.412938775510204,0.35094444444444445,0.43820833333333337,0.4441111111111111,0.012860588088296545,0.00583091795085381,0.011286832986255727,0.011835719135802468,0.007601220486111111,0.010894848765432098,0.5020972222222222,0.34554166666666664,0.35686111111111113,0.16703599773242628,0.11043792517006812,0.0560776643990929,49,72,0.4393547614100442,0.6936111111111107,68.7603305785124,121,25
1412,1412.0,0.3410212765957446,0.45555319148936163,0.4172553191489362,0.35333783783783784,0.44005405405405407,0.44905405405405413,0.012426871887732003,0.005894800362154822,0.011206360344047081,0.011559493973703431,0.007442429510591675,0.011154051132213296,0.5224189189189189,0.3557432432432432,0.37870270270270273,0.1813976423231743,0.09980994824611844,0.03855261644623348,47,74,0.4466968274913992,0.6987837837837834,68.71900826446281,121,20
1413,1413.0,0.3413404255319148,0.45348936170212756,0.42108510638297875,0.35652702702702704,0.4422972972972973,0.44967567567567573,0.012210479855138071,0.006307483929379811,0.010657992756903574,0.012350843864134403,0.007203857560262966,0.011187165084002922,0.5193783783783783,0.3543783783783784,0.3708513513513514,0.1780379528464635,0.09911098332374918,0.05023375503162736,47,74,0.45833229363413674,0.7004054054054049,68.91735537190083,121,19
1414,1414.0,0.3425106382978723,0.4521063829787233,0.4193191489361702,0.3548666666666667,0.44232,0.4488400000000001,0.011973100950656403,0.00628894612947035,0.01011302580353101,0.01239016888888889,0.007107844266666667,0.011089681066666666,0.5125066666666666,0.3565466666666667,0.36590666666666666,0.16999602836879424,0.09555971631205662,0.05341248226950357,47,75,0.4502379867158997,0.7106666666666662,70.0,122,18
1415,1415.0,0.3407608695652174,0.4512826086956521,0.41430434782608694,0.3503972602739726,0.4423561643835617,0.4472054794520548,0.01208948629489603,0.006393767958412098,0.009150907372400758,0.011853855882904859,0.007023051229123664,0.011027505723400262,0.5123150684931506,0.36186301369863016,0.37035616438356167,0.17155419892793317,0.08941959499702196,0.04394818344252527,46,73,0.4395122322105155,0.7397260273972598,70.67226890756302,119,19
1416,1416.0,0.3408,0.4505777777777777,0.41468888888888894,0.3487042253521127,0.4442112676056338,0.44940845070422536,0.01235807111111111,0.00651299950617284,0.009347458765432099,0.012061842094822455,0.006992166633604443,0.010727875421543348,0.5066760563380283,0.36592957746478866,0.37554929577464796,0.16587605633802827,0.08464820031298903,0.03913959311424098,45,71,0.41837145459059794,0.7453521126760561,70.73275862068965,116,21
1417,1417.0,0.3408,0.4505777777777777,0.41468888888888894,0.35164788732394375,0.44346478873239437,0.4516901408450704,0.01235807111111111,0.00651299950617284,0.009347458765432099,0.011669298551874627,0.007029995239039874,0.01038767863519143,0.5126619718309862,0.3596760563380281,0.3773380281690141,0.17186197183098617,0.09090172143974956,0.03735086071987487,45,71,0.406869833591076,0.7394366197183093,71.31896551724138,116,23
1418,1418.0,0.34409090909090917,0.4483636363636363,0.4199772727272727,0.35452702702702704,0.445554054054054,0.44610810810810814,0.012151582644628097,0.0064404132231404955,0.008301385847107438,0.011397843864134406,0.006901193024105187,0.011095799123447775,0.5145405405405405,0.36486486486486486,0.3638918918918919,0.17044963144963138,0.08349877149877144,0.05608538083538078,44,74,0.39859542798913117,0.7301351351351347,71.12711864406779,118,22
1419,1419.0,0.3368571428571429,0.4443333333333333,0.420404761904762,0.35229166666666667,0.4442777777777777,0.44729166666666664,0.012473979591836734,0.005741126984126984,0.008524145691609978,0.011373317708333332,0.007028950617283952,0.011278512152777777,0.5130555555555555,0.3690416666666667,0.36583333333333334,0.17619841269841258,0.07529166666666659,0.05457142857142866,42,72,0.4071431038960474,0.7229166666666662,71.7719298245614,114,25
1420,1420.0,0.3417317073170732,0.44651219512195117,0.42100000000000004,0.3478243243243243,0.44525675675675674,0.4487162162162162,0.012280147531231408,0.005689176680547294,0.008154048780487805,0.011827631300219136,0.006959758400292186,0.012669041088385683,0.5105675675675675,0.37555405405405407,0.36924324324324326,0.1688358602504943,0.07095814106789711,0.05175675675675678,41,74,0.40991537962989105,0.7190540540540535,72.6086956521739,115,25
1421,1421.0,0.3415897435897436,0.44517948717948724,0.4138205128205128,0.34494520547945207,0.4436301369863013,0.4507397260273973,0.014018600920447072,0.005935788297172914,0.007265326758711374,0.011160407956464625,0.0068032467629949335,0.012572137736911241,0.507890410958904,0.3836027397260274,0.37519178082191784,0.16630066736916038,0.06157674745345987,0.038628731998594956,39,73,0.4130971733343872,0.7191780821917804,72.57142857142857,112,27
1422,1422.0,0.3315277777777778,0.44922222222222213,0.4101111111111111,0.34612328767123285,0.4441780821917808,0.4547808219178082,0.013039971450617282,0.006159283950617284,0.0075320987654321015,0.011236902608369298,0.006846091574404204,0.012335650591105272,0.506986301369863,0.3857808219178082,0.38368493150684935,0.1754585235920852,0.06344140030441392,0.026426179604261746,36,73,0.4196363778711607,0.7230136986301365,72.72477064220183,109,27
1423,1423.0,0.3315277777777778,0.44922222222222213,0.4101111111111111,0.34435135135135136,0.4438648648648648,0.4531351351351351,0.013039971450617282,0.006159283950617284,0.0075320987654321015,0.01131425493060628,0.006760738495252011,0.012366657414170928,0.5031891891891892,0.3892432432432432,0.3798108108108108,0.1716614114114114,0.059978978978978914,0.030300300300300287,36,74,0.40200398150003924,0.7563513513513509,73.17272727272727,110,24
1424,1424.0,0.3273142857142857,0.4468285714285714,0.41042857142857136,0.3417837837837838,0.4438648648648649,0.4514864864864864,0.012067129795918367,0.005853856326530613,0.007807787755102041,0.010626493791088383,0.006760738495252009,0.012700709276844413,0.49304054054054064,0.386,0.37770270270270273,0.16572625482625492,0.0608285714285714,0.032725868725868634,35,74,0.44252918533286284,0.7628378378378374,73.39449541284404,109,22
1425,1425.0,0.33026470588235285,0.4466470588235294,0.40958823529411764,0.3379861111111111,0.44709722222222226,0.45105555555555554,0.012117371107266437,0.0060248754325259515,0.008012712802768166,0.010387208140432098,0.006264393325617286,0.012868858024691357,0.4867777777777778,0.3887222222222222,0.3803888888888889,0.15651307189542496,0.057924836601307206,0.029199346405228754,34,72,0.42470594967339514,0.7873611111111107,73.64150943396227,106,23
1426,1426.0,0.32827272727272727,0.4428484848484848,0.40975757575757576,0.33658571428571427,0.44609999999999994,0.4548857142857142,0.01218674380165289,0.006314431588613407,0.008051274563820017,0.010579328367346937,0.006325775714285715,0.013092444081632654,0.4808,0.38987142857142854,0.37777142857142854,0.15252727272727273,0.05297705627705629,0.03198614718614723,33,70,0.4521315881875183,0.8169999999999996,73.33009708737865,103,21
1427,1427.0,0.32827272727272727,0.4428484848484848,0.40975757575757576,0.3362608695652174,0.4450724637681159,0.4564202898550724,0.01218674380165289,0.006314431588613407,0.008051274563820017,0.010725265280403276,0.006343545473639993,0.013117345095568157,0.4813043478260869,0.3860434782608696,0.3812608695652174,0.15303162055335962,0.056805006587615225,0.02849670619235839,33,69,0.4262236477605188,0.8262318840579705,73.97058823529412,102,23
1428,1428.0,0.32738235294117646,0.44170588235294117,0.4166470588235294,0.3359275362318841,0.4463913043478261,0.4583043478260869,0.011854471453287198,0.006171795847750866,0.009380816608996539,0.010717661415668977,0.0066278034026465045,0.01312728418399496,0.4940289855072464,0.3873188405797101,0.38234782608695655,0.16664663256606993,0.05438704177323106,0.03429923273657287,34,69,0.4047181865295922,0.8327536231884054,74.00970873786407,103,23
1429,1429.0,0.32738235294117646,0.44170588235294117,0.4166470588235294,0.33702941176470586,0.44673529411764706,0.457985294117647,0.011854471453287198,0.006171795847750866,0.009380816608996539,0.010791499134948099,0.006717106401384083,0.013313308607266438,0.500264705882353,0.3886176470588235,0.37508823529411767,0.1728823529411765,0.05308823529411766,0.04155882352941176,34,68,0.3635576402760049,0.8660294117647053,74.67647058823529,102,23
1430,1430.0,0.3246857142857143,0.43960000000000005,0.42231428571428575,0.3365074626865672,0.4459402985074627,0.4570149253731343,0.011215815510204081,0.0061547542857142866,0.010057015510204081,0.010934040989084428,0.006774384495433282,0.013447984851860103,0.5037611940298508,0.39385074626865674,0.37971641791044775,0.17907547974413646,0.04574925373134331,0.04259786780383801,35,67,0.4026748755673211,0.8591044776119398,75.51960784313725,102,24
1431,1431.0,0.31943750000000004,0.44115625,0.4255,0.3347121212121212,0.4474393939393939,0.456060606060606,0.01166343359375,0.006342694335937501,0.009718375,0.010883750459136822,0.00672645844811754,0.013590723599632688,0.5023484848484848,0.3990757575757576,0.38136363636363635,0.18291098484848478,0.042080492424242444,0.04413636363636364,32,66,0.44980849373889586,0.8998484848484843,76.55102040816327,98,21
1432,1432.0,0.3255454545454546,0.4383333333333334,0.42678787878787877,0.3346363636363637,0.44806060606060605,0.45883333333333337,0.012503823691460055,0.00640549494949495,0.009476955004591368,0.011901170798898074,0.006555753902662995,0.013238411616161613,0.4983636363636363,0.39606060606060606,0.3768030303030303,0.1728181818181817,0.04227272727272735,0.049984848484848465,33,66,0.48412985678282255,0.8971212121212117,76.02020202020202,99,18
1433,1433.0,0.34144117647058825,0.43929411764705883,0.4348529411764706,0.3328382352941177,0.44480882352941176,0.4589558823529411,0.009855775951557092,0.006361207612456748,0.010074831314878891,0.011473841479238758,0.0063633016868512105,0.013329718641868509,0.49125,0.3882205882352941,0.37355882352941183,0.14980882352941177,0.05107352941176474,0.06129411764705878,34,68,0.45879115120528835,0.853382352941176,74.25490196078431,102,22
1434,1434.0,0.3515625,0.4375625,0.44159375,0.3328484848484849,0.4483787878787878,0.4569848484848485,0.00863543359375,0.007239746093750001,0.010878553710937499,0.011820249770431588,0.00596572015610652,0.013525802800734617,0.4911515151515151,0.3858333333333333,0.36180303030303035,0.13958901515151512,0.051729166666666715,0.07979071969696966,32,66,0.44215900267068964,0.8680303030303025,72.96938775510205,98,22
1435,1435.0,0.3547741935483872,0.4367741935483872,0.4356129032258064,0.3331363636363636,0.4463939393939394,0.4606212121212121,0.008583916753381896,0.007453400624349637,0.010084817898022893,0.011847026859504133,0.005770753902662995,0.014443598943985309,0.48803030303030304,0.3898333333333333,0.3606363636363637,0.13325610948191585,0.04694086021505389,0.07497653958944273,31,66,0.44178547308099264,0.8716666666666661,73.62886597938144,97,23
1436,1436.0,0.35366666666666674,0.43270000000000003,0.43090000000000006,0.3323125,0.44671875000000005,0.456828125,0.008832022222222223,0.007187276666666668,0.009732423333333334,0.012176089843749998,0.0059351083984375,0.014392048583984374,0.48403125,0.39560937500000004,0.35390625,0.13036458333333328,0.03709062499999999,0.07699375000000008,30,64,0.44802746872354543,0.9109374999999995,73.68085106382979,94,22
1437,1437.0,0.357969696969697,0.43118181818181817,0.42924242424242426,0.33422727272727276,0.44336363636363635,0.4571666666666667,0.008407241505968778,0.006714997245179064,0.010331213957759412,0.012207539256198347,0.006123201101928375,0.013940775252525251,0.4747121212121212,0.3898787878787878,0.355,0.1167424242424242,0.04130303030303034,0.07424242424242428,33,66,0.43463810733544883,0.869393939393939,72.13131313131314,99,25
1438,1438.0,0.36751428571428574,0.4358,0.43257142857142855,0.3346153846153846,0.4463384615384616,0.45560000000000006,0.008633164081632652,0.006645188571428572,0.010525959183673467,0.012463190532544379,0.0064781315976331355,0.013995655384615384,0.47541538461538463,0.3992,0.36367692307692306,0.10790109890109889,0.03660000000000002,0.06889450549450549,35,65,0.4555702623291527,0.8689230769230765,72.05,100,24
1439,1439.0,0.3638529411764706,0.43638235294117644,0.4320294117647059,0.33470769230769226,0.4463384615384616,0.45727692307692314,0.008844948961937717,0.006136118512110727,0.010765969723183392,0.01248485301775148,0.0064781315976331355,0.013569923313609466,0.47758461538461533,0.39796923076923074,0.3669384615384616,0.11373167420814473,0.0384131221719457,0.06509095022624428,34,65,0.4572544126160319,0.8426153846153841,71.83838383838383,99,29
1440,1440.0,0.3527352941176471,0.4391764705882353,0.424,0.33629230769230767,0.44366153846153844,0.4605692307692308,0.009643488754325259,0.005907557093425607,0.010805352941176469,0.012418145325443787,0.005961331597633137,0.013356152899408284,0.4887384615384615,0.4005230769230769,0.37890769230769233,0.13600316742081442,0.03865339366515835,0.045092307692307654,34,65,0.5080615423982624,0.8066153846153842,70.20202020202021,99,30
1441,1441.0,0.35368571428571427,0.43588571428571427,0.4291714285714286,0.33335820895522383,0.44529850746268657,0.45388059701492545,0.009398672653061223,0.00610695836734694,0.011405913469387753,0.012425304522165292,0.005482985520160393,0.01404652305635999,0.4798507462686567,0.40370149253731347,0.36355223880597015,0.12616503198294243,0.0321842217484008,0.06561918976545844,35,67,0.48890392148969725,0.7907462686567159,71.19607843137256,102,28
1442,1442.0,0.35002857142857136,0.43691428571428576,0.43088571428571426,0.3343333333333333,0.4458985507246377,0.45740579710144935,0.009112370612244899,0.005896306938775512,0.01197152979591837,0.0123163961352657,0.005389714345725688,0.014056038227263179,0.4825942028985507,0.401,0.3759420289855072,0.13256563146997935,0.03591428571428573,0.054943685300207046,35,69,0.4742520136093939,0.800579710144927,71.02884615384616,104,27
1443,1443.0,0.35017647058823526,0.438,0.4256764705882353,0.3370882352941176,0.4445588235294118,0.46038235294117646,0.009379615916955018,0.006028470588235295,0.011373865916955017,0.011973845155709342,0.005345128892733564,0.013651412629757786,0.4873823529411765,0.39898529411764705,0.3799999999999999,0.13720588235294123,0.03901470588235295,0.04567647058823543,34,68,0.4902041882295527,0.8232352941176466,71.2843137254902,102,26
1444,1444.0,0.35017647058823526,0.438,0.4256764705882353,0.33952238805970153,0.4477611940298507,0.46414925373134325,0.009379615916955018,0.006028470588235295,0.011373865916955017,0.011629055468924038,0.005221704165738472,0.01373108220093562,0.4972985074626866,0.4026865671641791,0.3985373134328357,0.14712203687445136,0.03531343283582089,0.027139157155399607,34,67,0.44426811438954944,0.8535820895522385,71.97029702970298,101,27
1445,1445.0,0.3486388888888889,0.43677777777777776,0.4182777777777778,0.33753030303030307,0.4477424242424242,0.46006060606060606,0.008926841820987654,0.005869172839506174,0.011825700617283951,0.011704582415059686,0.0053237063820018365,0.012950662993572084,0.48699999999999993,0.405530303030303,0.3922272727272727,0.13836111111111105,0.031247474747474746,0.0260505050505051,36,66,0.48453581607457136,0.8409090909090904,72.12745098039215,102,24
1446,1446.0,0.3586944444444445,0.43583333333333335,0.42047222222222225,0.3351384615384615,0.44919999999999993,0.4611384615384615,0.006902323302469136,0.005913194444444446,0.011777971450617285,0.01156845775147929,0.005117206153846154,0.012806642366863906,0.4734769230769231,0.4049076923076923,0.39196923076923074,0.11478247863247859,0.03092564102564105,0.02850299145299151,36,65,0.4787061175161913,0.8616923076923072,72.03960396039604,101,23
1447,1447.0,0.3571351351351352,0.43256756756756765,0.4194864864864865,0.33510144927536234,0.4475797101449275,0.45992753623188404,0.006803306062819577,0.006137326515704895,0.01149462819576333,0.011809163621088003,0.00511149002310439,0.012226704893929843,0.46753623188405796,0.40473913043478255,0.38607246376811594,0.11040109674892279,0.0278284371327851,0.03341402271837057,37,69,0.4551388502601428,0.8566666666666662,72.05660377358491,106,20
1448,1448.0,0.35392105263157897,0.4366315789473685,0.4202368421052632,0.33624242424242423,0.4484696969696969,0.45853030303030307,0.007006493767313021,0.0065869168975069255,0.011212970221606649,0.011635729109274564,0.0050703096877869605,0.012711612718089989,0.45830303030303027,0.3996515151515152,0.3683181818181818,0.1043819776714513,0.03698006379585328,0.051918660287081364,38,66,0.4739324182435466,0.8866666666666662,71.65384615384616,104,18
1449,1449.0,0.35547500000000004,0.438875,0.42604999999999993,0.33624242424242423,0.4484696969696969,0.45853030303030307,0.006968499375000001,0.006762709375,0.0118938975,0.011635729109274564,0.0050703096877869605,0.012711612718089989,0.45830303030303027,0.3996515151515152,0.3683181818181818,0.10282803030303023,0.03922348484848481,0.057731818181818106,40,66,0.4833869696269682,0.8681818181818178,72.9622641509434,106,20
1450,1450.0,0.352076923076923,0.43805128205128196,0.4408205128205128,0.33334782608695657,0.44740579710144923,0.4554927536231884,0.007109455621301776,0.0064247153188691656,0.014657326758711377,0.011319270321361057,0.005089922285234195,0.012579670237345094,0.454304347826087,0.3885652173913044,0.36188405797101453,0.10222742474916396,0.04948606465997757,0.0789364548494983,39,69,0.5303239387977039,0.848260869565217,73.66666666666667,108,17
1451,1451.0,0.3424,0.44109999999999994,0.439325,0.33334782608695657,0.44740579710144923,0.4554927536231884,0.00863359,0.0062239899999999996,0.014598519375000002,0.011319270321361057,0.005089922285234195,0.012579670237345094,0.454304347826087,0.3885652173913044,0.36188405797101453,0.11190434782608699,0.05253478260869554,0.0774409420289855,40,69,0.5238353265676613,0.8586956521739126,74.11926605504587,109,17
1452,1452.0,0.3508048780487805,0.4398048780487804,0.43921951219512195,0.3342428571428572,0.45014285714285707,0.45699999999999996,0.008896010707911958,0.005961327781082689,0.014141146936347417,0.011207269591836735,0.0052041224489795925,0.013554571428571425,0.45431428571428584,0.39988571428571423,0.37170000000000003,0.10350940766550532,0.039919163763066146,0.06751951219512192,41,70,0.5209049264619133,0.8354285714285711,74.87387387387388,111,16
1453,1453.0,0.3537727272727273,0.43922727272727274,0.44436363636363635,0.33694520547945206,0.44884931506849324,0.4578219178082192,0.009641221074380164,0.005626993801652893,0.013598504132231405,0.011211092887971476,0.005408319759804841,0.013211077875774066,0.4628493150684932,0.39468493150684936,0.37898630136986294,0.1090765877957659,0.04454234122042339,0.0653773349937734,44,73,0.5294016124071514,0.7730136986301366,74.11111111111111,117,18
1454,1454.0,0.35756521739130437,0.44269565217391305,0.4479565217391305,0.3355526315789474,0.44747368421052647,0.45507894736842114,0.009656028355387524,0.0056610812854442335,0.013504302457466921,0.011024536703601106,0.005261749307479224,0.013653967451523547,0.465592105263158,0.39268421052631586,0.3823684210526316,0.1080268878718536,0.05001144164759719,0.0655881006864989,46,76,0.5086824534053447,0.7239473684210523,73.73770491803279,122,22
1455,1455.0,0.36233333333333334,0.4431666666666667,0.4495208333333333,0.33893243243243243,0.4473243243243243,0.45610810810810815,0.009850097222222224,0.005432347222222223,0.01316066623263889,0.010204684623813002,0.005395300219138057,0.013783663988312638,0.472554054054054,0.3933513513513513,0.3906486486486486,0.11022072072072064,0.04981531531531541,0.05887218468468469,48,74,0.5044457118292541,0.6956756756756752,73.24590163934427,122,24
1456,1456.0,0.3682040816326531,0.4481632653061224,0.45722448979591834,0.33794520547945206,0.4459178082191781,0.4516849315068493,0.009414652228238235,0.0051852386505622655,0.013736582257392757,0.010388298367423532,0.005530595984237193,0.013301037718145994,0.4732191780821918,0.39423287671232876,0.3872602739726027,0.10501509644953871,0.05393038859379362,0.06996421582331563,49,73,0.5203342335635425,0.6694520547945201,72.45081967213115,122,26
1457,1457.0,0.36606249999999996,0.44710416666666664,0.45749999999999996,0.3385774647887324,0.44404225352112675,0.455112676056338,0.00938605859375,0.0052383016493055545,0.014019041666666667,0.010358722872445943,0.005547279904780799,0.012841226740726047,0.4811267605633802,0.38890140845070437,0.3974929577464789,0.11506426056338026,0.05820275821596227,0.06000704225352105,48,71,0.5090025604744602,0.6999999999999995,72.96638655462185,119,26
1458,1458.0,0.3616739130434783,0.4455869565217391,0.45228260869565207,0.3411621621621622,0.4473243243243244,0.4582297297297297,0.009328393667296786,0.005058633742911154,0.013771246219281665,0.010278514243973705,0.005611408327246166,0.013472014791818848,0.4891351351351351,0.39266216216216215,0.4054189189189189,0.12746122209165683,0.05292479435957692,0.046863689776733164,46,74,0.5109045408252849,0.6787837837837833,73.26666666666667,120,28
1459,1459.0,0.35911627906976745,0.4445348837209302,0.45590697674418595,0.3445844155844156,0.4473636363636364,0.45840259740259737,0.009532986479177934,0.005255737155219039,0.014165386695511088,0.01066567144543768,0.005517556080283353,0.012971149603643107,0.5050519480519481,0.3994285714285714,0.4113506493506493,0.14593566898218063,0.045106312292358786,0.044556327393536654,43,77,0.4953966271891485,0.7012987012987009,73.08333333333333,120,25
1460,1460.0,0.3599024390243903,0.44690243902439014,0.45753658536585357,0.341987012987013,0.44799999999999995,0.4584675324675326,0.009894527067221891,0.005138722189173112,0.013174590124925641,0.011122376454714117,0.005650129870129871,0.012580352841963231,0.5094285714285715,0.40614285714285714,0.4002857142857143,0.14952613240418117,0.040759581881533,0.057250871080139265,41,77,0.4630379885308783,0.7085714285714282,72.70338983050847,118,26
1461,1461.0,0.355875,0.449375,0.45727499999999993,0.33785897435897444,0.45037179487179485,0.4612692307692309,0.009476859374999999,0.005016534375000001,0.013501149375000004,0.010317326265614725,0.0059345412557527955,0.012385504437869824,0.4953076923076924,0.40446153846153843,0.3988205128205128,0.1394326923076924,0.044913461538461597,0.05845448717948715,40,78,0.4201980473263096,0.7146153846153843,73.03389830508475,118,28
1462,1462.0,0.35002564102564104,0.4505897435897435,0.45474358974358964,0.33603896103896114,0.44766233766233765,0.4596623376623377,0.008351255752794214,0.005086139381985538,0.013591011176857331,0.010409310170349132,0.006116924945184685,0.01220676910102884,0.5007662337662339,0.39868831168831165,0.4002857142857142,0.15074059274059282,0.05190143190143187,0.05445787545787545,39,77,0.40993977791837605,0.7471428571428567,73.50862068965517,116,24
1463,1463.0,0.3477179487179487,0.451153846153846,0.4597948717948718,0.33673333333333344,0.44600000000000006,0.4603866666666667,0.008276817882971731,0.005135925049309665,0.014330829717291257,0.010345662222222224,0.006035413333333334,0.012258583822222219,0.5071866666666667,0.39684,0.4015733333333333,0.15946871794871798,0.05431384615384599,0.05822153846153849,39,75,0.40027993003571166,0.7462666666666664,73.56140350877193,114,24
1464,1464.0,0.3477179487179487,0.451153846153846,0.4597948717948718,0.3347368421052632,0.44609210526315796,0.4597105263157895,0.008276817882971731,0.005135925049309665,0.014330829717291257,0.010508483379501384,0.005956636253462604,0.012131574099722991,0.5031578947368421,0.39197368421052636,0.39835526315789466,0.15543994601889344,0.059180161943319654,0.06143960863697712,39,76,0.37977896437667713,0.7515789473684207,74.35652173913043,115,25
1465,1465.0,0.3507297297297297,0.44875675675675686,0.4571891891891892,0.3347837837837838,0.4458513513513514,0.4630135135135135,0.008371710737764793,0.004848940832724617,0.014778477720964214,0.01076473703433163,0.0060557211468224995,0.011860932249817385,0.5054594594594594,0.39379729729729734,0.4048918918918919,0.15472972972972965,0.054959459459459514,0.05229729729729732,37,74,0.38410382002244386,0.7751351351351347,75.18018018018019,111,25
1466,1466.0,0.35014285714285714,0.44971428571428573,0.46251428571428577,0.32963513513513515,0.44467567567567573,0.4570945945945946,0.008638008163265307,0.004326832653061223,0.015075506938775513,0.010681015522279036,0.006148732651570489,0.01189940997078159,0.4972702702702703,0.39216216216216215,0.3957432432432433,0.14712741312741318,0.05755212355212358,0.06677104247104249,35,74,0.3801496667298029,0.7975675675675671,74.77981651376147,109,23
1467,1467.0,0.3565151515151515,0.44499999999999995,0.4582424242424242,0.33258904109589044,0.4440547945205479,0.45198630136986306,0.006297583103764923,0.0051916363636363635,0.011260304866850325,0.010749036592231186,0.006223668230437231,0.011693712141114655,0.5002191780821917,0.3875479452054795,0.3799041095890411,0.14370402656704023,0.057452054794520424,0.07833831465338309,33,73,0.4269453351076986,0.7927397260273968,73.72641509433963,106,23
1468,1468.0,0.35416129032258065,0.4471935483870968,0.4591612903225807,0.33464000000000005,0.4434533333333333,0.4520399999999999,0.0065543933402705526,0.00500273673257024,0.011898264308012491,0.0102425504,0.006567287822222223,0.011610811733333334,0.5115999999999998,0.3758266666666667,0.39256,0.1574387096774192,0.0713668817204301,0.06660129032258066,31,75,0.44211823487962537,0.7758666666666664,73.91509433962264,106,21
1469,1469.0,0.35286666666666666,0.4447666666666667,0.4624,0.3307702702702703,0.4448648648648649,0.45033783783783776,0.006720915555555557,0.004986912222222223,0.011969706666666668,0.010297636413440468,0.0064912790357925495,0.01197679127100073,0.5100945945945946,0.37570270270270273,0.39582432432432435,0.15722792792792795,0.06906396396396397,0.06657567567567563,30,74,0.42055064952984217,0.7964864864864861,73.28846153846153,104,19
1470,1470.0,0.3594333333333334,0.44789999999999996,0.46803333333333336,0.33118918918918916,0.4421216216216216,0.45358108108108103,0.007132645555555556,0.005097623333333335,0.013313632222222227,0.010273315558802044,0.006488566289262235,0.011970567750182615,0.5215945945945945,0.3742027027027027,0.4088108108108108,0.16216126126126107,0.07369729729729724,0.05922252252252258,30,74,0.4084260344444059,0.7764864864864862,73.5673076923077,104,23
1471,1471.0,0.360344827586207,0.44710344827586207,0.47431034482758616,0.33320547945205475,0.4431780821917809,0.4531917808219177,0.007353674197384067,0.005254368608799049,0.012590696789536268,0.010113204353537249,0.006494858697691875,0.012123333083130045,0.5222739726027397,0.3747945205479452,0.41221917808219183,0.16192914501653266,0.07230892772791686,0.06209116674539433,29,73,0.41123359197257775,0.8138356164383558,73.67647058823529,102,21
1472,1472.0,0.36068965517241375,0.44737931034482753,0.46358620689655167,0.3276338028169014,0.44167605633802814,0.44753521126760565,0.007420903686087991,0.005290649227110583,0.011527897740784781,0.009842654632017458,0.006569430271771473,0.011993600872842692,0.5001408450704224,0.3747464788732394,0.39774647887323944,0.1394511898980087,0.07263283147158811,0.06583972802331223,29,71,0.4007004553197322,0.8128169014084505,73.43,100,22
1473,1473.0,0.355962962962963,0.441074074074074,0.4663333333333333,0.3282142857142857,0.4406428571428571,0.4445,0.007602183813443074,0.0050905130315500695,0.012060370370370374,0.009975625510204082,0.006470401020408164,0.01294067857142857,0.4954571428571429,0.36132857142857144,0.3831571428571428,0.1394941798941799,0.07974550264550256,0.08317619047619051,27,70,0.38954344514551537,0.8002857142857139,73.14432989690722,97,26
1474,1474.0,0.3549629629629629,0.4448148148148147,0.4623703703703704,0.32942647058823527,0.439514705882353,0.4438823529411765,0.007716109739368999,0.005079706447187931,0.012780455418381345,0.0101392151816609,0.006427779195501732,0.01278504498269896,0.49092647058823535,0.3676176470588235,0.37894117647058817,0.13596350762527243,0.07719716775599123,0.0834291938997822,27,68,0.3970001801453686,0.8573529411764702,72.05263157894737,95,21
1475,1475.0,0.35378571428571426,0.4457499999999999,0.4645357142857143,0.3321940298507463,0.4402388059701493,0.44231343283582086,0.007477954081632654,0.004921901785714286,0.012450605867346939,0.009769708621073736,0.006488062374693695,0.01280848384940967,0.4838358208955224,0.3619253731343283,0.36974626865671645,0.13005010660980815,0.0838246268656716,0.09478944562899783,28,67,0.4206152722927957,0.8449253731343279,72.12631578947368,95,22
1476,1476.0,0.3447333333333333,0.4398333333333333,0.4609,0.3321940298507463,0.4402388059701493,0.44231343283582086,0.008244262222222222,0.005264138888888892,0.012232290000000003,0.009769708621073736,0.006488062374693695,0.01280848384940967,0.4838358208955224,0.3619253731343283,0.36974626865671645,0.13910248756218913,0.07790796019900498,0.09115373134328353,30,67,0.44974102702773716,0.8413432835820892,71.70103092783505,97,22
1477,1477.0,0.3528620689655172,0.44186206896551733,0.4661034482758621,0.33222857142857143,0.4409428571428572,0.44404285714285713,0.006546256837098694,0.00532218787158145,0.011841816884661122,0.009511347755102042,0.006383653877551021,0.01327521244897959,0.4796285714285715,0.37382857142857134,0.36822857142857146,0.12676650246305432,0.06803349753694599,0.09787487684729063,29,70,0.40675651868179064,0.8211428571428568,72.08080808080808,99,26
1478,1478.0,0.3515416666666667,0.44212500000000005,0.47425,0.33222857142857143,0.4409428571428572,0.44404285714285713,0.007524081597222222,0.0059776927083333336,0.011457020833333336,0.009511347755102042,0.006383653877551021,0.01327521244897959,0.4796285714285715,0.37382857142857134,0.36822857142857146,0.12808690476190482,0.0682964285714287,0.10602142857142854,24,70,0.42947131332284566,0.8582857142857138,71.63829787234043,94,25
1479,1479.0,0.3515416666666667,0.44212500000000005,0.47425,0.33297058823529413,0.43886764705882353,0.44125,0.007524081597222222,0.0059776927083333336,0.011457020833333336,0.009574057958477506,0.006230085423875433,0.0125821875,0.48063235294117657,0.36382352941176466,0.36542647058823524,0.12909068627450987,0.07830147058823539,0.10882352941176476,24,68,0.42872424916704927,0.8749999999999996,71.41304347826087,92,25
1480,1480.0,0.36366666666666664,0.4466666666666667,0.4760416666666667,0.3366376811594203,0.44178260869565217,0.4432608695652174,0.009097805555555555,0.006505472222222222,0.011071289930555556,0.009712694812014283,0.006198112161310649,0.012589062381852551,0.4856086956521739,0.3683043478260869,0.3676521739130435,0.12194202898550727,0.07836231884057981,0.1083894927536232,24,69,0.40323706441438595,0.8439130434782605,70.33333333333333,93,31
1481,1481.0,0.365,0.44712,0.47240000000000004,0.33539130434782605,0.44215942028985505,0.4437826086956521,0.00877656,0.006250185600000002,0.010946720000000004,0.00965789035916824,0.0062116992228523436,0.012519648393194707,0.4787101449275361,0.37181159420289855,0.36779710144927535,0.11371014492753612,0.07530840579710146,0.10460289855072469,25,69,0.3680839806078361,0.821884057971014,70.25531914893617,94,37
1482,1482.0,0.36700000000000005,0.4456956521739131,0.47343478260869565,0.33539130434782605,0.44215942028985505,0.4437826086956521,0.009297652173913044,0.006646037807183366,0.011884158790170131,0.00965789035916824,0.0062116992228523436,0.012519648393194707,0.4787101449275361,0.37181159420289855,0.36779710144927535,0.11171014492753606,0.07388405797101455,0.1056376811594203,23,69,0.3767039720024478,0.874347826086956,71.80434782608695,92,34
1483,1483.0,0.3610399999999999,0.43996,0.46676,0.3355555555555555,0.4422916666666667,0.4443472222222222,0.0091279584,0.0065467584000000025,0.012449302400000003,0.009447830246913582,0.006110484375,0.012234504436728393,0.46687500000000004,0.3601944444444445,0.36227777777777775,0.10583500000000012,0.07976555555555553,0.10448222222222225,25,72,0.399255186501702,0.8252777777777774,69.6701030927835,97,34
1484,1484.0,0.3557692307692307,0.44053846153846155,0.4674615384615385,0.33289041095890404,0.4417534246575343,0.4441506849315069,0.009471408284023668,0.006303325443786982,0.01198278698224852,0.00982982360668043,0.006047637830737475,0.012069689622818538,0.4617945205479452,0.36269863013698633,0.35827397260273974,0.10602528977871445,0.07783983140147521,0.10918756585879874,26,73,0.3835005678185218,0.8209589041095886,70.17171717171718,99,36
1485,1485.0,0.3371,0.4236,0.47655000000000014,0.33070270270270263,0.4430270270270271,0.4440135135135135,0.008595990000000001,0.006018340000000003,0.009887147499999999,0.010046371073776478,0.006084323593864135,0.01190795927684441,0.45566216216216215,0.3652162162162162,0.35343243243243244,0.11856216216216214,0.05838378378378378,0.1231175675675677,20,74,0.45841115822902945,0.8462162162162158,70.56382978723404,94,34
1486,1486.0,0.3311363636363636,0.42236363636363633,0.473909090909091,0.33163157894736833,0.44268421052631585,0.4413421052631579,0.008284754132231405,0.006272776859504134,0.010313173553719008,0.00981415373961219,0.005933005540166206,0.011942646121883654,0.4544078947368422,0.36853947368421053,0.3455394736842105,0.12327153110047856,0.0538241626794258,0.1283696172248805,22,76,0.4513439358011331,0.8294736842105259,70.91836734693878,98,35
1487,1487.0,0.33395833333333336,0.41679166666666667,0.46449999999999997,0.33757894736842103,0.4442631578947368,0.44126315789473675,0.007729956597222222,0.006417081597222224,0.010439583333333334,0.009592849030470913,0.006060983379501386,0.011949641274238226,0.4635394736842106,0.36578947368421055,0.34900000000000003,0.12958114035087726,0.05100219298245612,0.11549999999999994,24,76,0.4899984656302289,0.8344736842105259,70.36,100,33
1488,1488.0,0.3366,0.41768,0.46344,0.3373333333333333,0.4454533333333332,0.44028,0.00758824,0.006179337600000002,0.0100489664,0.009758728888888889,0.0061375011555555555,0.011666868266666665,0.4678799999999999,0.36517333333333335,0.3456533333333333,0.1312799999999999,0.052506666666666646,0.1177866666666667,25,75,0.49251032640972103,0.8427999999999997,70.69,100,32
1489,1489.0,0.3358076923076923,0.41173076923076923,0.46807692307692306,0.33845205479452056,0.4452054794520548,0.44027397260273976,0.007144078402366864,0.006183658284023669,0.00943507100591716,0.009818823043723026,0.006246629011071497,0.011970061925314315,0.4726027397260274,0.364027397260274,0.3516575342465753,0.1367950474183351,0.047703371970495234,0.11641938883034775,26,73,0.5070429931030688,0.8312328767123283,70.34343434343434,99,32
1490,1490.0,0.3358076923076923,0.41173076923076923,0.46807692307692306,0.3403611111111111,0.44404166666666667,0.4424166666666667,0.007144078402366864,0.006183658284023669,0.00943507100591716,0.00968914737654321,0.0062345121527777785,0.01180115972222222,0.4764027777777778,0.3595972222222222,0.3553194444444444,0.14059508547008548,0.052133547008547054,0.11275747863247865,26,72,0.46550814833632737,0.828194444444444,70.88775510204081,98,36
1491,1491.0,0.3358461538461538,0.4120384615384616,0.47173076923076934,0.3403098591549296,0.4424084507042254,0.44308450704225355,0.007151360946745562,0.006216344674556214,0.0094394275147929,0.009825425114064668,0.006130269787740529,0.011935260464193614,0.4785352112676056,0.35592957746478876,0.3589859154929577,0.14268905742145183,0.056108884073672816,0.11274485373781162,26,71,0.47743143284123557,0.8498591549295769,71.26804123711341,97,34
1492,1492.0,0.34308333333333335,0.4097083333333333,0.4755,0.3384,0.4450714285714286,0.44157142857142856,0.006622326388888888,0.006583706597222224,0.009265333333333332,0.009359697142857143,0.0060682377551020406,0.012052987755102041,0.4845285714285715,0.35337142857142856,0.3590571428571428,0.14144523809523812,0.05633690476190473,0.11644285714285718,24,70,0.5042589020785966,0.8472857142857139,72.24468085106383,94,34
1493,1493.0,0.35012,0.4152,0.4656,0.33679999999999993,0.4460714285714286,0.4424857142857143,0.0075581856000000005,0.007068080000000002,0.00900424,0.00908321714285714,0.0060330948979591854,0.012372935510204082,0.4910571428571429,0.36557142857142855,0.36749999999999994,0.14093714285714293,0.049628571428571466,0.09810000000000008,25,70,0.5553090600865845,0.8389999999999995,72.21052631578948,95,34
1494,1494.0,0.35096428571428573,0.4191785714285715,0.4602857142857143,0.3353714285714286,0.4474857142857143,0.4411428571428571,0.007018605867346939,0.006520575255102043,0.008445418367346937,0.009183462040816326,0.005709849795918368,0.012340208163265304,0.49055714285714286,0.36975714285714284,0.3638142857142857,0.13959285714285713,0.04942142857142867,0.0964714285714286,28,70,0.5460021532828907,0.8051428571428566,72.46938775510205,98,37
1495,1495.0,0.3533548387096774,0.4183225806451613,0.46306451612903227,0.33588732394366194,0.4471690140845071,0.44288732394366204,0.007335712799167533,0.0066168636836628535,0.00851418938605619,0.009121085895655624,0.0063362531243800835,0.012335480261852806,0.5006619718309859,0.36978873239436616,0.3745915492957746,0.14730713312130855,0.04853384825079515,0.08847296683325767,31,71,0.5693774929617783,0.7446478873239433,71.75490196078431,102,42
1496,1496.0,0.3646,0.42403333333333326,0.46173333333333333,0.33588732394366194,0.4471690140845071,0.44288732394366204,0.009083773333333333,0.006259498888888891,0.008725462222222223,0.009121085895655624,0.0063362531243800835,0.012335480261852806,0.5006619718309859,0.36978873239436616,0.3745915492957746,0.13606197183098595,0.0542446009389671,0.08714178403755873,30,71,0.5620433100889006,0.7781690140845067,71.44554455445545,101,40
1497,1497.0,0.3616129032258064,0.42490322580645157,0.4551612903225806,0.33490277777777777,0.44741666666666663,0.440625,0.009058430801248699,0.00608028095733611,0.009739748178980228,0.009063226658950617,0.006252604166666668,0.012527539930555555,0.4953472222222223,0.37469444444444444,0.3715833333333334,0.1337343189964159,0.05020878136200713,0.08357795698924725,31,72,0.5370548952066353,0.8024999999999997,72.19417475728156,103,38
1498,1498.0,0.35474193548387095,0.4231612903225806,0.44774193548387103,0.33490277777777777,0.44741666666666663,0.440625,0.009521223725286162,0.006017683662851197,0.010458707596253902,0.009063226658950617,0.006252604166666668,0.012527539930555555,0.4953472222222223,0.37469444444444444,0.3715833333333334,0.14060528673835138,0.048466845878136156,0.07615860215053766,31,72,0.5164813125810142,0.8074999999999997,72.46601941747574,103,40
1499,1499.0,0.35474193548387095,0.4231612903225806,0.44774193548387103,0.33567605633802816,0.4478732394366198,0.439830985915493,0.009521223725286162,0.006017683662851197,0.010458707596253902,0.009147824637968658,0.006325659988097599,0.012658591152549095,0.4891408450704226,0.3685352112676056,0.363112676056338,0.13439890958655165,0.05462607905497502,0.08462925942753302,31,71,0.4748017360551316,0.8138028169014082,72.95098039215686,102,43
1500,1500.0,0.3476333333333333,0.41869999999999996,0.4497,0.3361304347826087,0.44979710144927537,0.440304347826087,0.00827209888888889,0.005601276666666669,0.010688476666666665,0.00863553371140517,0.005963697962612896,0.013008675488342782,0.4862318840579711,0.36891304347826087,0.3621449275362319,0.13859855072463778,0.04978695652173909,0.08755507246376809,30,69,0.5319371772816408,0.8485507246376807,73.65656565656566,99,37
1501,1501.0,0.3455161290322581,0.4175483870967741,0.45503225806451614,0.3334477611940298,0.4515074626865671,0.43932835820895527,0.007952314255983351,0.005540441207075963,0.01315719250780437,0.008526545778569835,0.005964667854756071,0.013200668300289597,0.4886716417910449,0.36126865671641795,0.36122388059701493,0.1431555127587868,0.05627973038035616,0.0938083774675012,31,67,0.5906585158083312,0.8485074626865666,73.38775510204081,98,34
1502,1502.0,0.3459090909090909,0.41575757575757577,0.46512121212121205,0.3339384615384615,0.45090769230769234,0.4404307692307693,0.0074742644628099176,0.0055513351698806244,0.014907318640955002,0.00868605775147929,0.006135037633136095,0.01333590674556213,0.4996769230769232,0.35507692307692307,0.3708923076923077,0.1537678321678323,0.0606806526806527,0.09422890442890436,33,65,0.5733641731550112,0.8763076923076918,73.41836734693878,98,33
1503,1503.0,0.34440625,0.41862499999999997,0.4649375,0.3321076923076923,0.44958461538461536,0.43579999999999997,0.007633303710937499,0.005453484375000001,0.015372058593749998,0.008676988402366864,0.006027196686390532,0.012415452307692308,0.4881076923076923,0.3504615384615385,0.3573384615384615,0.14370144230769227,0.06816346153846148,0.10759903846153851,32,65,0.5589152327300735,0.8935384615384612,74.19587628865979,97,35
1504,1504.0,0.341969696969697,0.4164242424242424,0.47175757575757576,0.3305,0.451140625,0.431328125,0.008071362718089989,0.005164304866850322,0.014564910927456381,0.008200687500000001,0.006038808349609376,0.012122095458984374,0.484421875,0.358375,0.34775,0.14245217803030302,0.05804924242424242,0.12400757575757576,33,64,0.5703797958204884,0.8817187499999996,73.28865979381443,97,36
1505,1505.0,0.33144117647058824,0.41194117647058826,0.46876470588235297,0.3302388059701492,0.4456119402985075,0.42835820895522386,0.007312540657439447,0.004906937716262976,0.01422323875432526,0.007944808643350414,0.006641103141011361,0.012063214969926484,0.47453731343283584,0.34611940298507465,0.34191044776119406,0.1430961369622476,0.0658217734855136,0.1268542581211589,34,67,0.600278531617092,0.8611940298507459,72.99009900990099,101,33
1506,1506.0,0.32966666666666666,0.41291666666666665,0.4607777777777778,0.32945454545454533,0.4464545454545455,0.4314090909090909,0.007064944444444445,0.005245631944444445,0.014525506172839505,0.00802397520661157,0.006694157024793389,0.011622362947658402,0.4717727272727273,0.3470909090909091,0.3446060606060606,0.14210606060606062,0.06582575757575754,0.1161717171717172,36,66,0.6082454701274211,0.8783333333333329,73.30392156862744,102,32
1507,1507.0,0.322775,0.4134749999999999,0.45285000000000003,0.3301764705882352,0.4460294117647059,0.4289705882352941,0.007698174375,0.005986499375000001,0.0137126275,0.007807557093425605,0.0065089991349480975,0.011631352076124568,0.4721323529411765,0.33732352941176474,0.3436911764705882,0.14935735294117652,0.07615147058823518,0.10915882352941181,40,68,0.5851691389021537,0.818382352941176,74.06481481481481,108,36
1508,1508.0,0.3217435897435897,0.4119487179487179,0.44376923076923075,0.32849999999999996,0.4421515151515152,0.42662121212121207,0.00802721630506246,0.005738817882971729,0.01300222879684418,0.008104886363636364,0.006378825528007347,0.011738598943985306,0.46821212121212125,0.33106060606060606,0.33578787878787875,0.14646853146853156,0.08088811188811185,0.107981351981352,39,66,0.6128780722211749,0.8046969696969691,73.06666666666666,105,37
1509,1509.0,0.32269230769230767,0.4183333333333334,0.44594871794871804,0.32804477611940297,0.4411940298507463,0.4236567164179104,0.007720571992110453,0.006440735042735044,0.012464510190664038,0.00794386366674092,0.006325141456894632,0.011144494096680774,0.465223880597015,0.3295074626865671,0.33091044776119405,0.14253157290470736,0.08882587064676628,0.115038270187524,39,67,0.581248526935843,0.8049253731343279,72.5754716981132,106,37
1510,1510.0,0.32269230769230767,0.4183333333333334,0.44594871794871804,0.3283088235294117,0.4398823529411765,0.4196617647058824,0.007720571992110453,0.006440735042735044,0.012464510190664038,0.00779453698096886,0.006354456747404845,0.011377106185121107,0.46580882352941183,0.32345588235294115,0.32880882352941176,0.14311651583710416,0.09487745098039224,0.11713989441930628,39,68,0.5452617584039855,0.8129411764705878,72.5607476635514,107,38
1511,1511.0,0.3211621621621622,0.415054054054054,0.45227027027027034,0.32780597014925367,0.43801492537313436,0.42022388059701493,0.008109271000730462,0.0069865916727538365,0.012194737764791819,0.007893678770327466,0.0062121639563377145,0.01152542748941858,0.46752238805970153,0.31922388059701495,0.33291044776119405,0.14636022589753933,0.09583017345703904,0.11935982250907629,37,67,0.5540818477205876,0.8511940298507459,73.4326923076923,104,36
1512,1512.0,0.3261621621621622,0.4137027027027026,0.4558378378378378,0.3215970149253732,0.4384776119402985,0.41810447761194036,0.008517649379108837,0.006955181884587292,0.011266784514243972,0.007383404767208733,0.006163891289819559,0.011608780129204722,0.45320895522388055,0.3285074626865672,0.32588059701492544,0.12704679306171834,0.08519524001613538,0.12995724082291238,37,67,0.5646350037085215,0.8440298507462684,73.97115384615384,104,35
1513,1513.0,0.3309428571428572,0.41354285714285716,0.4583428571428571,0.3239558823529412,0.4380588235294118,0.42175,0.008790339591836735,0.007415562448979593,0.01217308244897959,0.0076735715830449835,0.006314731833910035,0.01185659926470588,0.46094117647058824,0.32925,0.33777941176470594,0.12999831932773104,0.08429285714285717,0.12056344537815117,35,68,0.5198532559163901,0.847647058823529,73.12621359223301,103,36
1514,1514.0,0.3284444444444445,0.4159166666666667,0.4540833333333333,0.3230845070422536,0.43754929577464785,0.42225352112676057,0.008764635802469136,0.007406798611111112,0.012469965277777776,0.00775049990081333,0.006315458837532237,0.011388583614362228,0.4636901408450705,0.3271971830985915,0.33342253521126775,0.135245696400626,0.08871948356807519,0.12066079812206554,36,71,0.4721080389078955,0.8525352112676053,74.20560747663552,107,35
1515,1515.0,0.3270555555555556,0.41763888888888895,0.4514444444444444,0.3182535211267607,0.43580281690140843,0.4214225352112676,0.00863894135802469,0.007631452932098764,0.013030802469135802,0.008080386431263638,0.006325425907558024,0.01158846935131918,0.4628169014084506,0.31726760563380274,0.3379014084507044,0.135761345852895,0.10037128325508621,0.11354303599374005,36,71,0.47030399133607076,0.8629577464788728,73.82242990654206,107,33
1516,1516.0,0.33335135135135135,0.40948648648648656,0.45089189189189177,0.31862500000000005,0.4342222222222223,0.4251388888888889,0.00857071439006574,0.007599763330898466,0.012709393718042365,0.00844262326388889,0.006147839506172839,0.01237936959876543,0.4739722222222223,0.317125,0.3495138888888889,0.14062087087087094,0.09236148648648657,0.10137800300300287,37,72,0.48914627003668165,0.816944444444444,72.55963302752293,109,35
1517,1517.0,0.33448648648648655,0.4134324324324325,0.45062162162162156,0.3171621621621622,0.4329189189189189,0.42655405405405405,0.008634466033601167,0.007241002191380572,0.012754127100073044,0.00830073046018992,0.006043263696128561,0.012145436267348429,0.4725270270270271,0.3106081081081081,0.35050000000000003,0.13804054054054055,0.10282432432432437,0.10012162162162153,37,74,0.47294575203102734,0.7970270270270265,72.65765765765765,111,38
1518,1518.0,0.32676315789473676,0.4117631578947369,0.4547631578947368,0.3183918918918919,0.43550000000000005,0.4277162162162162,0.007851759695290856,0.007050917590027702,0.013324286011080334,0.008462508582907232,0.006061060810810812,0.012050392439737035,0.4839594594594595,0.322027027027027,0.3597702702702703,0.15719630156472275,0.08973613086770987,0.0949928876244665,38,74,0.49813634331527357,0.7690540540540536,71.14285714285714,112,39
1519,1519.0,0.3288292682926829,0.4135609756097562,0.45663414634146343,0.31886666666666663,0.4343733333333334,0.4268133333333334,0.00856999524092802,0.0067414170136823335,0.013864036882807854,0.008366355555555555,0.006074180622222222,0.011950045155555557,0.47972,0.31809333333333334,0.3565066666666667,0.1508907317073171,0.09546764227642285,0.10012747967479674,41,75,0.5076152224147193,0.779733333333333,71.55172413793103,116,34
1520,1520.0,0.32072727272727275,0.41277272727272735,0.45270454545454547,0.3169864864864865,0.43362162162162166,0.4257297297297297,0.009670471074380167,0.00642994834710744,0.013221571797520659,0.008214283601168734,0.006113883856829802,0.01202346749452155,0.47698648648648645,0.31866216216216214,0.35086486486486484,0.1562592137592137,0.0941105651105652,0.10183968058968063,44,74,0.48220372749454793,0.7687837837837833,71.23728813559322,118,36
1521,1521.0,0.32072727272727275,0.41277272727272735,0.45270454545454547,0.3166486486486486,0.43351351351351347,0.4291351351351351,0.009670471074380167,0.00642994834710744,0.013221571797520659,0.008201660336011688,0.006115303871439007,0.012129495252008765,0.48832432432432427,0.3148918918918919,0.36339189189189186,0.16759705159705152,0.09788083538083547,0.08931265356265361,44,74,0.44900618934372627,0.7898648648648645,71.34745762711864,118,36
1522,1522.0,0.32072727272727275,0.41277272727272735,0.45270454545454547,0.3144027777777778,0.43044444444444446,0.4357638888888889,0.009670471074380167,0.00642994834710744,0.013221571797520659,0.00824418499228395,0.005815885802469136,0.013011985918209876,0.4858055555555556,0.3206805555555555,0.37995833333333334,0.16507828282828285,0.09209217171717182,0.07274621212121213,44,72,0.4578541057383594,0.7865277777777773,71.19827586206897,116,32
1523,1523.0,0.31834883720930235,0.4104186046511628,0.45097674418604644,0.3140857142857143,0.42969999999999997,0.43888571428571427,0.010278273661438617,0.006493964305029748,0.013840580854515953,0.00816490693877551,0.005868095714285714,0.013556329795918367,0.505542857142857,0.3148428571428571,0.4010857142857143,0.1871940199335546,0.09557574750830572,0.04989102990033212,43,70,0.4821766606463775,0.7815714285714283,68.67256637168141,113,33
1524,1524.0,0.3188571428571429,0.4126190476190475,0.45164285714285707,0.3140857142857143,0.42969999999999997,0.43888571428571427,0.010511884353741497,0.006440378684807258,0.014151039115646257,0.00816490693877551,0.005868095714285714,0.013556329795918367,0.505542857142857,0.3148428571428571,0.4010857142857143,0.18668571428571407,0.0977761904761904,0.050557142857142745,42,70,0.511769965657566,0.811571428571428,70.07142857142857,112,29
1525,1525.0,0.3204666666666667,0.41377777777777774,0.4502666666666667,0.31179710144927536,0.42833333333333334,0.4354927536231884,0.011613893333333332,0.006187995061728397,0.012530773333333332,0.007916596513337535,0.005822396135265701,0.012946945599663936,0.49872463768115943,0.3120434782608696,0.3937536231884058,0.17825797101449276,0.10173429951690816,0.056513043478260916,45,69,0.5132489810502172,0.8184057971014489,69.35964912280701,114,27
1526,1526.0,0.3258,0.41788888888888887,0.4494444444444445,0.3136363636363636,0.42992424242424243,0.44106060606060604,0.013041804444444444,0.005445254320987656,0.012633313580246915,0.008095898071625343,0.006183433654729109,0.013103026629935718,0.511439393939394,0.3127878787878788,0.40410606060606064,0.185639393939394,0.10510101010101008,0.045338383838383844,45,66,0.551199550194932,0.8127272727272723,68.5945945945946,111,24
1527,1527.0,0.32722727272727276,0.41911363636363635,0.4380909090909091,0.31181538461538455,0.42523076923076925,0.44355384615384613,0.013152539256198343,0.005330600723140496,0.012281855371900826,0.008516181301775148,0.006288115976331361,0.011919970177514791,0.5079999999999999,0.3034615384615385,0.4095384615384615,0.18077272727272714,0.11565209790209785,0.02855244755244757,44,65,0.541001194751308,0.8081538461538458,66.73394495412845,109,24
1528,1528.0,0.3327674418604652,0.41737209302325573,0.43327906976744196,0.3122857142857143,0.42606349206349203,0.44496825396825396,0.013649759870200107,0.005054373174689023,0.011756340724716064,0.008766648526077095,0.006262027714789621,0.012157141849332323,0.5127936507936508,0.30342857142857144,0.41604761904761905,0.1800262089331856,0.1139435215946843,0.017231450719822905,43,63,0.5379727879289683,0.8242857142857137,66.22641509433963,106,23
1529,1529.0,0.32948888888888894,0.41177777777777774,0.4276444444444446,0.314984126984127,0.42746031746031743,0.4392063492063492,0.01282736098765432,0.004868706172839506,0.012306940246913579,0.008738555303602923,0.006065835726883346,0.013282766943814561,0.517063492063492,0.29482539682539677,0.42042857142857154,0.18757460317460306,0.11695238095238097,0.007215873015873064,45,63,0.5564486840965602,0.7938095238095235,64.50925925925925,108,22
1530,1530.0,0.3309318181818182,0.408090909090909,0.4376818181818182,0.31687692307692306,0.4283692307692307,0.4360307692307693,0.012655108987603303,0.004679673553719009,0.011195989669421487,0.008893307928994083,0.005913094437869823,0.013199599053254435,0.5123076923076924,0.2943384615384615,0.41589230769230773,0.18137587412587414,0.11375244755244751,0.0217895104895105,44,65,0.5709017006606774,0.7976923076923074,64.5045871559633,109,20
1531,1531.0,0.33208888888888893,0.4093333333333332,0.4407777777777778,0.31576470588235284,0.42620588235294116,0.43101470588235297,0.012432792098765426,0.004643600000000001,0.01136892839506173,0.008798415224913496,0.005888810553633218,0.01342748507785467,0.507779411764706,0.2819264705882353,0.4137205882352941,0.17569052287581705,0.12740686274509794,0.027057189542483706,45,68,0.5459711822217526,0.7691176470588231,64.60176991150442,113,22
1532,1532.0,0.33497777777777776,0.4084222222222222,0.4447555555555556,0.31794202898550716,0.4269855072463768,0.43044927536231886,0.012891932839506175,0.004491221728395062,0.010937206913580246,0.008993272001680317,0.0058447968914093675,0.013254624238605333,0.5088115942028986,0.2816811594202899,0.4107246376811594,0.1738338164251208,0.1267410628019323,0.034030917874396216,45,69,0.5169716757789398,0.7737681159420285,64.78947368421052,114,23
1533,1533.0,0.33088888888888895,0.4090888888888889,0.4420444444444445,0.31594285714285714,0.42765714285714285,0.433,0.012893343209876543,0.004349592098765433,0.011258753580246915,0.009994282448979593,0.005871968163265307,0.013724657142857139,0.5047428571428572,0.2880428571428572,0.41489999999999994,0.1738539682539682,0.12104603174603168,0.027144444444444582,45,70,0.5125974468965835,0.7405714285714284,63.8,115,25
1534,1534.0,0.33674999999999994,0.4045,0.4409545454545455,0.3145070422535211,0.42685915492957743,0.43385915492957744,0.013405778409090907,0.0041558409090909085,0.010111179752066116,0.0099978274151954,0.005833839317595717,0.013583022416187262,0.5030704225352113,0.2846338028169014,0.41366197183098585,0.16632042253521134,0.1198661971830986,0.027292573623559635,44,71,0.507730318698397,0.7167605633802813,64.7304347826087,115,30
1535,1535.0,0.3317045454545454,0.4128409090909091,0.43509090909090914,0.3226438356164384,0.42354794520547945,0.43568493150684934,0.013016026342975207,0.004477542871900828,0.008963446280991737,0.010817736160630512,0.005765179208106587,0.014210106211296678,0.5163972602739726,0.28099999999999997,0.43035616438356167,0.18469271481942717,0.13184090909090912,0.004734744707347471,44,73,0.5375018390012781,0.687534246575342,63.136752136752136,117,27
1536,1536.0,0.3357777777777778,0.4132666666666666,0.43522222222222223,0.323,0.4254266666666667,0.4376133333333333,0.013456795061728394,0.004386017777777778,0.008765017283950616,0.010924320000000001,0.005743497955555558,0.014101330488888888,0.5160800000000001,0.28944,0.4318666666666667,0.1803022222222223,0.12382666666666664,0.003355555555555556,45,75,0.5055310465371196,0.657733333333333,63.333333333333336,120,32
1537,1537.0,0.3330666666666666,0.41451111111111116,0.43879999999999997,0.323,0.4254266666666667,0.4376133333333333,0.013827795555555553,0.004189672098765433,0.008460826666666667,0.010924320000000001,0.005743497955555558,0.014101330488888888,0.5160800000000001,0.28944,0.4318666666666667,0.18301333333333347,0.1250711111111112,0.006933333333333291,45,75,0.5026340019776244,0.6617333333333328,64.75833333333334,120,33
1538,1538.0,0.3363023255813954,0.4104883720930232,0.44244186046511635,0.319554054054054,0.4246621621621622,0.4368648648648649,0.014010722552731208,0.0038693196322336395,0.00852075824770146,0.010597003834915995,0.005618223703433162,0.014473116873630386,0.5132702702702704,0.28643243243243244,0.4277837837837838,0.176967944688875,0.12405593966059075,0.014658076681332566,43,74,0.515667602095705,0.6756756756756754,65.66666666666667,117,34
1539,1539.0,0.33327906976744187,0.4142325581395349,0.44151162790697673,0.32316216216216215,0.4237297297297298,0.4383513513513513,0.014281550027041642,0.003952736614386154,0.008706761492698755,0.01026608181154127,0.005520683710737766,0.014462390065741414,0.5234459459459461,0.28185135135135136,0.430972972972973,0.1901668761785042,0.13238120678818355,0.010538654934003744,43,74,0.5229100973560667,0.6589189189189185,65.54700854700855,117,35
1540,1540.0,0.3359767441860465,0.4197674418604651,0.45072093023255816,0.32453424657534247,0.42415068493150687,0.44295890410958905,0.01409616224986479,0.004316922660897783,0.008359689561925366,0.010444550197035092,0.005663059485832238,0.014448148996059297,0.536972602739726,0.28176712328767123,0.44293150684931504,0.20099585855367952,0.13800031857279388,0.0077894233832431214,43,73,0.5516385735990845,0.6593150684931504,64.95689655172414,116,32
1541,1541.0,0.3326829268292683,0.4241951219512195,0.44834146341463416,0.32484285714285716,0.42310000000000003,0.44268571428571435,0.014394801903628792,0.004100108268887568,0.008644761451516953,0.010445332448979591,0.005570147142857142,0.014522701224489796,0.5293571428571431,0.2839142857142857,0.4428571428571428,0.19667421602787477,0.14028083623693383,0.005484320557491373,41,70,0.5567433102006698,0.6875714285714282,63.909909909909906,111,32
1542,1542.0,0.3279268292682927,0.423609756097561,0.44534146341463404,0.32289855072463763,0.4246666666666667,0.4411884057971014,0.012870994646044017,0.004124579417013683,0.008568810232004759,0.010445743331232932,0.005580396135265701,0.014146558706154168,0.5231449275362319,0.29176811594202895,0.43043478260869567,0.19521809826793918,0.13184164015553207,0.014906680805938377,41,69,0.5627436272921612,0.6875362318840577,63.88181818181818,110,31
1543,1543.0,0.3247,0.42417499999999997,0.446725,0.32289855072463763,0.4246666666666667,0.4411884057971014,0.012765859999999999,0.004214594375,0.008704549375,0.010445743331232932,0.005580396135265701,0.014146558706154168,0.5231449275362319,0.29176811594202895,0.43043478260869567,0.19844492753623189,0.13240688405797102,0.016290217391304318,40,69,0.5405828593871268,0.7037681159420286,64.5137614678899,109,33
1544,1544.0,0.3247,0.42417499999999997,0.446725,0.32299999999999995,0.424044776119403,0.4432686567164179,0.012765859999999999,0.004214594375,0.008704549375,0.010756597014925375,0.005711057696591669,0.014403062151926932,0.5283582089552239,0.29202985074626864,0.4350149253731343,0.2036582089552239,0.13214514925373133,0.011710074626865685,40,67,0.5118512413414853,0.7298507462686565,64.8785046728972,107,34
1545,1545.0,0.32177500000000003,0.42715,0.447975,0.32391044776119404,0.42562686567164176,0.4433432835820895,0.013226474375,0.004076777500000001,0.008406174375,0.010871394965471152,0.005493248830474494,0.01440816573847182,0.5340149253731343,0.29310447761194025,0.4434328358208955,0.2122399253731343,0.13404552238805972,0.004542164179104524,40,67,0.5102061586521598,0.7313432835820892,65.08411214953271,107,34
1546,1546.0,0.3254146341463415,0.42665853658536584,0.45165853658536587,0.3237462686567164,0.42516417910447757,0.4387462686567164,0.01343375490779298,0.003987005353955979,0.008743883402736467,0.010897114724883045,0.005395062597460459,0.013415622187569613,0.5217910447761194,0.29285074626865676,0.4289850746268657,0.1963764106297779,0.13380779031670909,0.022673461958500174,41,67,0.5150610568015739,0.7388059701492533,65.6574074074074,108,32
1547,1547.0,0.318225,0.42795000000000005,0.450025,0.3237462686567164,0.42516417910447757,0.4387462686567164,0.012792524375,0.004360697500000001,0.009108224375,0.010897114724883045,0.005395062597460459,0.013415622187569613,0.5217910447761194,0.29285074626865676,0.4289850746268657,0.2035660447761194,0.1350992537313433,0.021039925373134316,40,67,0.5571264369649553,0.7426865671641788,66.27102803738318,107,27
1548,1548.0,0.3135384615384616,0.4342051282051283,0.4417435897435898,0.32559701492537313,0.42553731343283574,0.43853731343283586,0.012397889546351083,0.004555598948060488,0.008312600920447074,0.01100567342392515,0.005410099353976387,0.01335738293606594,0.5217910447761193,0.2938059701492537,0.42797014925373134,0.20825258323765766,0.1403991580558746,0.013773440489858457,39,67,0.6014630454301608,0.7465671641791041,65.87735849056604,106,26
1549,1549.0,0.3135384615384616,0.4342051282051283,0.4417435897435898,0.32559701492537313,0.42553731343283574,0.43853731343283586,0.012397889546351083,0.004555598948060488,0.008312600920447074,0.01100567342392515,0.005410099353976387,0.01335738293606594,0.5217910447761193,0.2938059701492537,0.42797014925373134,0.20825258323765766,0.1403991580558746,0.013773440489858457,39,67,0.5731122526828605,0.763880597014925,66.87735849056604,106,28
1550,1550.0,0.30660526315789477,0.4346315789473685,0.4436578947368421,0.3259117647058824,0.4256176470588235,0.4412794117647059,0.010849449445983378,0.0046683905817174525,0.008388435595567867,0.010850462802768166,0.005330971453287196,0.013664730752595156,0.5276029411764706,0.29314705882352937,0.43566176470588236,0.22099767801857578,0.1414845201238391,0.007996130030959725,38,68,0.5816687023173389,0.7572058823529408,67.37735849056604,106,30
1551,1551.0,0.30382051282051287,0.4331282051282051,0.4347179487179487,0.32466666666666666,0.42510144927536225,0.43994202898550727,0.010420608809993424,0.004911496383957923,0.008494407626561472,0.01079862801932367,0.005271830287754675,0.013588315479941186,0.5229710144927535,0.29773913043478256,0.4305797101449276,0.21915050167224065,0.13538907469342254,0.004138238573021147,39,69,0.5850930476323638,0.7808695652173907,68.32407407407408,108,26
1552,1552.0,0.3067441860465116,0.4241860465116279,0.4305116279069768,0.3193333333333333,0.42177777777777775,0.436,0.011021678745267714,0.005974104921579232,0.008098389399675499,0.011414333333333332,0.005504978395061729,0.012885666666666663,0.5014444444444445,0.2929583333333333,0.41675,0.19470025839793287,0.13122771317829457,0.01376162790697677,43,72,0.5912736971947576,0.732083333333333,68.32173913043478,115,22
1553,1553.0,0.30423255813953487,0.42827906976744184,0.42583720930232566,0.32134722222222223,0.4217638888888888,0.4398055555555555,0.010888504056246619,0.005898526771227692,0.009086322336398053,0.011398865547839507,0.0055030970293209885,0.013069073302469135,0.5095138888888889,0.28802777777777777,0.4287083333333333,0.20528133074935406,0.14025129198966407,0.0028711240310076436,43,72,0.5987949540040909,0.7305555555555552,68.36521739130434,115,21
1554,1554.0,0.30423255813953487,0.42827906976744184,0.42583720930232566,0.3188611111111111,0.41874999999999996,0.4370694444444444,0.010888504056246619,0.005898526771227692,0.009086322336398053,0.01139689737654321,0.005567937499999999,0.0131562868441358,0.5043888888888888,0.2940694444444445,0.418875,0.2001563307493539,0.13420962532299735,0.0069622093023256615,43,72,0.5662744688400616,0.744444444444444,68.26086956521739,115,22
1555,1555.0,0.3061333333333333,0.4275333333333334,0.42455555555555563,0.3220675675675676,0.41932432432432437,0.43804054054054054,0.01110109333333333,0.0056670044444444454,0.00885718024691358,0.011576035975164352,0.005479894813732652,0.012491282140248356,0.5033243243243243,0.29558108108108105,0.41448648648648645,0.19719099099099097,0.13195225225225232,0.01006906906906918,45,74,0.56780936217932,0.7341891891891887,68.7983193277311,119,19
1556,1556.0,0.31086363636363634,0.4269545454545454,0.42400000000000004,0.3247323943661972,0.42040845070422533,0.43616901408450703,0.010346481404958677,0.005780725206611572,0.009044590909090907,0.01202782979567546,0.0055146641539377105,0.012854281293394167,0.5017464788732394,0.3047183098591549,0.4093802816901408,0.19088284250960308,0.12223623559539054,0.014619718309859253,44,71,0.5327061125786492,0.7647887323943658,68.11304347826086,115,19
1557,1557.0,0.3115116279069767,0.4248837209302325,0.42669767441860473,0.322735294117647,0.4187352941176471,0.4379705882352941,0.010568621957815032,0.005726474851270958,0.008934722552731204,0.011576047577854673,0.005120341695501731,0.012272999134948096,0.5058823529411764,0.30098529411764696,0.4075882352941176,0.19437072503419978,0.12389842681258556,0.01910943912448715,43,68,0.5855243159198976,0.7610294117647056,68.34234234234235,111,16
1558,1558.0,0.3091363636363636,0.42486363636363633,0.4257727272727273,0.3243913043478261,0.41414492753623183,0.4372898550724638,0.010571026859504132,0.005596345041322315,0.008768448347107436,0.011197078764965344,0.005294993488762866,0.012113307288384792,0.5060144927536232,0.2974492753623188,0.406463768115942,0.1968781291172596,0.12741436100131753,0.01930895915678532,44,69,0.5642625853533819,0.7463768115942024,68.84070796460178,113,19
1559,1559.0,0.32011111111111107,0.4286444444444444,0.4311555555555555,0.32648529411764704,0.414,0.4380735294117647,0.011105565432098766,0.005097918024691358,0.009120486913580247,0.011069338019031141,0.005473941176470588,0.012177362240484428,0.5095441176470589,0.2962205882352941,0.41251470588235284,0.1894330065359478,0.13242385620915026,0.018640849673202675,45,68,0.5516536234686152,0.7110294117647054,67.29203539823008,113,22
1560,1560.0,0.3188043478260869,0.42678260869565215,0.42860869565217385,0.32648529411764704,0.414,0.4380735294117647,0.01094098345935728,0.005143083175803404,0.00921410775047259,0.011069338019031141,0.005473941176470588,0.012177362240484428,0.5095441176470589,0.2962205882352941,0.41251470588235284,0.19073976982097196,0.13056202046035803,0.016093989769821015,46,68,0.5256738205058152,0.7322058823529408,68.23684210526316,114,22
1561,1561.0,0.3185454545454545,0.42611363636363636,0.4222954545454545,0.3277647058823529,0.41125,0.4379264705882353,0.011419475206611568,0.005288282541322314,0.008483844524793387,0.010990974048442905,0.005540628676470588,0.012201479887543254,0.513514705882353,0.28797058823529414,0.41619117647058823,0.19496925133689852,0.13814304812834222,0.006104278074866243,44,68,0.5282782376560275,0.7439705882352937,68.22321428571429,112,22
1562,1562.0,0.3246046511627907,0.4256976744186046,0.41590697674418614,0.3267910447761194,0.4127014925373134,0.43797014925373123,0.011054843699296917,0.005604489994591673,0.008794782044348293,0.011184045889953219,0.005485970594787259,0.012152118511918022,0.5076567164179105,0.29877611940298504,0.4115074626865671,0.18305206525511986,0.12692155501561958,0.004399514057619014,43,67,0.5373750125665728,0.7285074626865667,67.7909090909091,110,22
1563,1563.0,0.3213953488372093,0.4237209302325582,0.41958139534883726,0.32642647058823526,0.4102794117647059,0.4373676470588234,0.011074099513250404,0.005799038399134668,0.008870150351541374,0.011028479887543255,0.005798348399653978,0.011997732482698961,0.5066764705882354,0.298985294117647,0.40620588235294114,0.18528112175102607,0.12473563611491117,0.013375512995896122,43,68,0.5279942835424194,0.719411764705882,68.27027027027027,111,24
1564,1564.0,0.3221136363636364,0.41702272727272727,0.4168181818181819,0.32677272727272727,0.41015151515151516,0.4344848484848484,0.010787100723140496,0.006800113119834712,0.009036876033057849,0.011049478650137744,0.00591615886134068,0.012033825528007346,0.501030303030303,0.302590909090909,0.4003484848484849,0.17891666666666667,0.11443181818181825,0.016469696969697023,44,66,0.4994576414876356,0.7406060606060602,67.7909090909091,110,24
1565,1565.0,0.3186444444444445,0.4174666666666667,0.4224444444444444,0.3279076923076923,0.41069230769230775,0.4361230769230769,0.009175073580246914,0.006490737777777779,0.009554735802469136,0.011134453017751478,0.005987874556213018,0.01204183100591716,0.5019538461538462,0.3026923076923077,0.40567692307692305,0.1833094017094017,0.114774358974359,0.016767521367521354,45,65,0.5295802359072319,0.7303076923076919,67.22727272727273,110,23
1566,1566.0,0.31360465116279074,0.4166279069767442,0.41474418604651164,0.331703125,0.409671875,0.43703125,0.008940285559762035,0.006739024337479719,0.00865939967550027,0.010372083740234374,0.006013751708984376,0.012176374023437499,0.507859375,0.29754687500000004,0.40965625,0.19425472383720926,0.11908103197674413,0.005087936046511643,43,64,0.5244184467635223,0.7690624999999995,67.5233644859813,107,23
1567,1567.0,0.31360465116279074,0.4166279069767442,0.41474418604651164,0.3296515151515152,0.4098939393939394,0.441530303030303,0.008940285559762035,0.006739024337479719,0.00865939967550027,0.010280833103764923,0.006247912993572085,0.012605733930211204,0.5077878787878788,0.2952727272727273,0.41425757575757577,0.19418322762508805,0.12135517970401688,0.00048661028893587366,43,66,0.5120040956411317,0.7839393939393935,68.11926605504587,109,21
1568,1568.0,0.3168666666666667,0.40997777777777783,0.41964444444444454,0.32877272727272727,0.41239393939393937,0.4457272727272727,0.008483537777777779,0.006957088395061728,0.009286095802469134,0.010267145316804407,0.006254693296602387,0.012168168044077134,0.518409090909091,0.3004242424242424,0.4267575757575758,0.20154242424242436,0.1095535353535354,0.007113131313131238,45,66,0.5369071294004828,0.7284848484848481,67.990990990991,111,25
1569,1569.0,0.30707317073170737,0.40451219512195113,0.4139756097560976,0.33328125,0.4098125,0.44489062500000004,0.007883433670434268,0.006768201070791196,0.008609926234384295,0.0105350771484375,0.00623062109375,0.012521909912109375,0.533109375,0.289125,0.44071875,0.22603620426829263,0.11538719512195111,0.026743140243902397,41,64,0.5348527164773587,0.7643749999999995,65.55238095238096,105,23
1570,1570.0,0.30819047619047624,0.4026428571428571,0.4141428571428572,0.3312307692307692,0.4059076923076923,0.44501538461538465,0.007746916099773245,0.006750324829931973,0.008406074829931972,0.010642085207100591,0.007110606863905326,0.012330261301775147,0.5289846153846154,0.2860615384615385,0.43941538461538465,0.22079413919413915,0.1165813186813186,0.02527252747252745,42,65,0.5199852322772481,0.7859999999999995,66.58878504672897,107,21
1571,1571.0,0.30709302325581395,0.3980930232558139,0.4151627906976744,0.32984375,0.40446875000000004,0.44351562499999997,0.007617340183883181,0.007462782044348296,0.008254275824770145,0.0106833193359375,0.0070871240234375,0.012376718505859375,0.52809375,0.28623437500000004,0.4341875,0.22100072674418608,0.11185864825581388,0.019024709302325582,43,64,0.4967585144349552,0.7874999999999995,67.42056074766356,107,23
1572,1572.0,0.32110869565217387,0.3960869565217392,0.42106521739130426,0.3304615384615385,0.40429230769230773,0.44447692307692305,0.00924840122873346,0.00715742722117202,0.00907958270321361,0.010543386982248522,0.006980083786982248,0.012245449467455621,0.5348,0.2866461538461539,0.4407230769230769,0.21369130434782618,0.10944080267558531,0.019657859531772626,46,65,0.5177780043741328,0.748615384615384,67.09009009009009,111,23
1573,1573.0,0.32034042553191483,0.3954893617021277,0.420595744680851,0.3305671641791045,0.40297014925373137,0.44564179104477614,0.009078777727478499,0.00702156903576279,0.008896538705296515,0.010429738026286477,0.00728014836266429,0.012026170193807084,0.5346119402985074,0.28131343283582094,0.4456268656716418,0.21427151476659262,0.11417592886630673,0.0250311209907908,47,67,0.48659303558860145,0.7755223880597011,67.2719298245614,114,20
1574,1574.0,0.32227083333333334,0.3945833333333333,0.4156041666666666,0.33270149253731346,0.40135820895522384,0.44632835820895533,0.009164530815972223,0.007081701388888889,0.009168155815972221,0.01084749298284696,0.007183961238583204,0.012166250389841836,0.5328507462686567,0.2847462686567165,0.44698507462686565,0.21057991293532335,0.1098370646766168,0.031380907960199045,48,67,0.4846460963953023,0.7498507462686561,66.63478260869566,115,23
1575,1575.0,0.3271428571428572,0.3976530612244898,0.4161020408163265,0.3380428571428572,0.40708571428571433,0.4449142857142857,0.010116857142857144,0.0073894918783840085,0.008992948771345271,0.011386098163265307,0.00678170693877551,0.011935135510204083,0.5338428571428573,0.29581428571428575,0.4483571428571429,0.2067000000000001,0.10183877551020404,0.032255102040816386,49,70,0.47837204292766367,0.7535714285714281,66.34453781512605,119,18
1576,1576.0,0.32778000000000007,0.39948,0.41601999999999995,0.3358169014084508,0.40730985915492957,0.44523943661971827,0.009934411600000002,0.0074052496,0.0088134196,0.011572572108708589,0.006689706804205515,0.011774435627851618,0.528774647887324,0.29267605633802823,0.4463098591549296,0.2009946478873239,0.10680394366197177,0.030289859154929655,50,71,0.4604105051668545,0.7647887323943656,66.63636363636364,121,17
1577,1577.0,0.32803773584905654,0.396622641509434,0.4136981132075471,0.3358169014084508,0.40730985915492957,0.44523943661971827,0.010259470274118904,0.007194574581701674,0.009558059807760767,0.011572572108708589,0.006689706804205515,0.011774435627851618,0.528774647887324,0.29267605633802823,0.4463098591549296,0.20073691203826743,0.10394658517140576,0.032611745947382476,53,71,0.4596058909254482,0.7257746478873237,66.36290322580645,124,20
1578,1578.0,0.3363333333333333,0.39890740740740743,0.41116666666666674,0.3345694444444444,0.4064861111111111,0.4450277777777778,0.011010629629629629,0.007424009945130316,0.009309398148148145,0.01152232851080247,0.006644972029320988,0.011614082561728396,0.5216388888888888,0.2973472222222222,0.4435138888888889,0.18530555555555545,0.10156018518518523,0.03234722222222214,54,72,0.47745442080674894,0.6897222222222218,66.83333333333333,126,21
1579,1579.0,0.33415094339622636,0.39962264150943394,0.4086981132075472,0.3390266666666666,0.40895999999999993,0.44596,0.01090016589533642,0.007752310430758277,0.009132210751156994,0.011850025955555555,0.0067672384,0.01117518506666667,0.5333199999999999,0.29608,0.4576666666666667,0.19916905660377354,0.10354264150943393,0.048968553459119546,53,75,0.46085908302013845,0.6862666666666661,68.375,128,21
1580,1580.0,0.33974074074074073,0.40727777777777774,0.40938888888888897,0.3411973684210526,0.41015789473684205,0.44523684210526315,0.011323043895747604,0.007076274691358025,0.010044274691358025,0.012047500519390582,0.006785817174515235,0.011067364958448756,0.5310657894736842,0.30027631578947367,0.4537236842105264,0.19132504873294348,0.10700146198830407,0.04433479532163742,54,76,0.4714950335644581,0.6713157894736836,67.9076923076923,130,20
1581,1581.0,0.33293877551020407,0.4045510204081632,0.4004081632653061,0.3411973684210526,0.41015789473684205,0.44523684210526315,0.009566465639316951,0.007145308621407747,0.009838772178259058,0.012047500519390582,0.006785817174515235,0.011067364958448756,0.5310657894736842,0.30027631578947367,0.4537236842105264,0.19812701396348015,0.10427470461868954,0.053315520945220296,49,76,0.509804036371146,0.684210526315789,68.176,125,19
1582,1582.0,0.33216,0.4013399999999999,0.39751999999999993,0.33852,0.4083733333333333,0.44592000000000004,0.0096108544,0.006874184400000002,0.0100989696,0.011663342933333334,0.006634260622222224,0.011179460266666665,0.5257066666666668,0.3005866666666667,0.4554266666666667,0.19354666666666676,0.1007533333333332,0.05790666666666677,50,75,0.5083092023617862,0.6723999999999996,68.24,125,22
1583,1583.0,0.33220408163265297,0.4019999999999999,0.3997551020408163,0.3377631578947369,0.40365789473684205,0.44540789473684217,0.009806897126197419,0.00699269387755102,0.010055286963765096,0.011509417590027701,0.006903698753462605,0.011146030990304711,0.5207236842105264,0.29076315789473683,0.45430263157894746,0.18851960257787342,0.11123684210526308,0.054547529538131134,49,76,0.4718960041509357,0.6802631578947365,68.52,125,24
1584,1584.0,0.33370833333333333,0.40402083333333333,0.397875,0.33241975308641974,0.40264197530864204,0.44288888888888894,0.009900331597222223,0.006938270399305557,0.010091567708333332,0.011289749733272365,0.007607390336838896,0.010818962962962963,0.5101358024691358,0.29069135802469137,0.43911111111111106,0.17642746913580248,0.11332947530864196,0.041236111111111085,48,81,0.4723486127682472,0.6650617283950613,68.27131782945736,129,18
1585,1585.0,0.3313333333333333,0.4077999999999999,0.3934000000000001,0.334225,0.40458750000000004,0.443175,0.009390088888888891,0.006811004444444447,0.009533395555555553,0.010969874374999999,0.00752509234375,0.010940819374999999,0.5099875,0.299775,0.436875,0.17865416666666672,0.10802499999999987,0.04347499999999993,45,80,0.4822963647180518,0.6864999999999994,69.224,125,19
1586,1586.0,0.33377272727272733,0.4078181818181817,0.3909545454545455,0.33579746835443036,0.4059113924050633,0.44226582278481014,0.009335721074380165,0.006965785123966942,0.009480952479338842,0.010910921006249,0.007480131389200451,0.01101318250280404,0.5134303797468356,0.302253164556962,0.4379746835443038,0.17965765247410825,0.1055650172612197,0.0470201380897583,44,79,0.4984557362299165,0.6905063291139237,69.63414634146342,123,19
1587,1587.0,0.3309777777777778,0.4062222222222221,0.3890666666666667,0.33499999999999996,0.40598701298701295,0.437948051948052,0.00947197728395062,0.0069230617283950625,0.009427084444444444,0.011168883116883115,0.007671597233934896,0.01028994535334795,0.5014805194805195,0.29483116883116883,0.42584415584415586,0.1705027417027417,0.11139105339105326,0.03677748917748913,45,77,0.4860513906383023,0.6742857142857137,69.6639344262295,122,20
1588,1588.0,0.3317333333333333,0.40488888888888885,0.3884,0.33399999999999996,0.40413157894736845,0.4411973684210527,0.009559084444444445,0.006812543209876544,0.009456062222222221,0.01092265789473684,0.007653509002770082,0.010321868940443214,0.5069210526315789,0.2895657894736842,0.4340394736842105,0.17518771929824561,0.11532309941520463,0.04563947368421045,45,76,0.4841348565677776,0.7019736842105259,70.90082644628099,121,17
1589,1589.0,0.32897916666666666,0.40375000000000005,0.3885416666666666,0.3332432432432432,0.4042702702702703,0.444445945945946,0.009174187065972223,0.006423270833333335,0.009467081597222222,0.011195994886778672,0.007738305332359387,0.01000454437545654,0.5081081081081082,0.29350000000000004,0.4380135135135136,0.1791289414414416,0.11025000000000001,0.04947184684684697,48,74,0.5123415132475325,0.6793243243243239,70.50819672131148,122,17
1590,1590.0,0.32880000000000004,0.39856,0.38948,0.3331232876712329,0.40421917808219177,0.4467671232876712,0.008926800000000002,0.0068129664,0.0091162896,0.011347203978232315,0.007782938262338151,0.010442671795834116,0.5168767123287672,0.3023013698630137,0.4486027397260274,0.18807671232876716,0.09625863013698632,0.059122739726027385,50,73,0.5186491033772637,0.676438356164383,70.17073170731707,123,15
1591,1591.0,0.3329807692307692,0.40598076923076926,0.38788461538461544,0.335945945945946,0.40571621621621623,0.4476081081081081,0.009245365014792901,0.007696172707100592,0.009223794378698223,0.011775483564645728,0.007841365412710008,0.01035318425858291,0.5231081081081083,0.30605405405405406,0.45518918918918916,0.19012733887733907,0.0999267151767152,0.06730457380457372,52,74,0.5081084424943701,0.6482432432432428,70.35714285714286,126,18
1592,1592.0,0.33333333333333326,0.40713725490196084,0.38886274509803925,0.3397638888888889,0.40723611111111113,0.44988888888888895,0.00942018300653595,0.007777530180699732,0.009354902729719339,0.011471402584876543,0.007898597029320989,0.010332737654320988,0.5305,0.3065,0.4621944444444444,0.1971666666666667,0.10063725490196085,0.07333169934640515,51,72,0.4877438266776978,0.6695833333333329,71.04065040650407,123,20
1593,1593.0,0.3333,0.4039000000000001,0.38788000000000006,0.342375,0.4077361111111111,0.4500138888888888,0.009555730000000002,0.007630610000000001,0.009447665599999999,0.011183817708333333,0.007843110918209877,0.010325874807098769,0.5318472222222222,0.30537499999999995,0.46147222222222223,0.19854722222222226,0.09852500000000014,0.07359222222222217,50,72,0.49798854384195257,0.6720833333333327,71.47540983606558,122,18
1594,1594.0,0.3318000000000001,0.4036,0.38506,0.3392428571428572,0.40679999999999994,0.4457857142857143,0.00930688,0.0075461600000000005,0.0092388164,0.011787183877551021,0.00791678857142857,0.010353739795918368,0.5138285714285715,0.3081714285714285,0.4439428571428572,0.18202857142857143,0.09542857142857153,0.05888285714285718,50,70,0.4998562716619064,0.6707142857142853,71.44166666666666,120,20
1595,1595.0,0.33024000000000003,0.40297999999999995,0.38520000000000004,0.3392428571428572,0.40679999999999994,0.4457857142857143,0.0087484624,0.0074838996,0.00927476,0.011787183877551021,0.00791678857142857,0.010353739795918368,0.5138285714285715,0.3081714285714285,0.4439428571428572,0.1835885714285715,0.09480857142857146,0.05874285714285715,50,70,0.5248787758769602,0.6692857142857139,72.375,120,19
1596,1596.0,0.3311538461538462,0.4014807692307692,0.3868653846153846,0.337943661971831,0.40590140845070416,0.44573239436619716,0.008433014792899408,0.007902249630177514,0.01042746264792899,0.011739320769688553,0.007861807181114858,0.010208111485816306,0.510887323943662,0.31425352112676047,0.4404507042253522,0.1797334777898158,0.08722724810400873,0.0535853196099676,52,71,0.5097305005962158,0.6718309859154924,72.82113821138212,123,18
1597,1597.0,0.33021153846153845,0.4040192307692308,0.38248076923076924,0.33635526315789477,0.4045394736842105,0.44715789473684214,0.00835220525147929,0.0074082880917159775,0.00994713424556213,0.011388123788088643,0.007765985283933519,0.010231606648199448,0.5211184210526315,0.31306578947368424,0.450578947368421,0.19090688259109306,0.09095344129554656,0.06809817813765179,52,76,0.5017088318541524,0.626710526315789,70.6015625,128,19
1598,1598.0,0.3320612244897959,0.4064897959183673,0.3862040816326531,0.3363243243243243,0.4034054054054054,0.4464864864864865,0.007947812578092461,0.007454658059142024,0.009967631820074967,0.011672354273192112,0.007863430241051864,0.010400087655222792,0.521054054054054,0.3091891891891892,0.44910810810810814,0.1889928295642581,0.09730060672917812,0.06290402647545507,49,74,0.4954478697385527,0.6478378378378372,70.51219512195122,123,20
1599,1599.0,0.3321276595744681,0.40825531914893615,0.3897872340425532,0.33418055555555554,0.40245833333333336,0.44612499999999994,0.008043345405160706,0.007580445450430058,0.009970848347668627,0.011353481288580249,0.00798599826388889,0.010678303819444446,0.5158333333333334,0.3095277777777778,0.4434166666666667,0.18370567375886526,0.09872754137115836,0.05362943262411346,47,72,0.45579165484308465,0.6583333333333328,70.6218487394958,119,23
1600,1600.0,0.33385106382978724,0.40772340425531917,0.3892127659574467,0.3335211267605634,0.40229577464788724,0.44759154929577466,0.008238126754187414,0.007477774558623811,0.009936380262562244,0.011482080539575482,0.008096574489188657,0.010673847252529262,0.5164084507042254,0.30870422535211267,0.446887323943662,0.18255738687443812,0.0990191789032065,0.05767455798621529,47,71,0.4840252733430056,0.6863380281690136,71.39830508474576,118,17
1601,1601.0,0.33472093023255817,0.4049069767441861,0.38637209302325576,0.3314166666666667,0.39958333333333335,0.4476250000000001,0.007943410492157922,0.007642921579232017,0.00979930340724716,0.01163704861111111,0.008506493055555557,0.010525678819444446,0.512875,0.304625,0.44565277777777784,0.1781540697674418,0.1002819767441861,0.059280684754522084,43,72,0.5051613534230819,0.698055555555555,70.8,115,16
1602,1602.0,0.3336904761904762,0.4063333333333333,0.38323809523809527,0.33282352941176463,0.3986470588235294,0.4471029411764706,0.008086880385487528,0.007737412698412698,0.00961027664399093,0.01189846885813149,0.008654846020761246,0.010949974697231834,0.5196029411764705,0.3040147058823529,0.4498529411764706,0.18591246498599434,0.10231862745098042,0.06661484593837536,42,68,0.47648360015382885,0.6799999999999995,70.28181818181818,110,22
1603,1603.0,0.33695348837209305,0.40702325581395354,0.3773488372093023,0.3344782608695651,0.398,0.4483768115942029,0.007981160627366144,0.007537883180097349,0.009506320173066523,0.011912220541902963,0.008557884057971017,0.010901626128964503,0.5259565217391304,0.30226086956521736,0.45530434782608703,0.1890030333670374,0.10476238624873618,0.07795551061678474,43,69,0.4792059495782605,0.683043478260869,71.13392857142857,112,21
1604,1604.0,0.33985000000000004,0.40882500000000005,0.38315,0.33202898550724635,0.39926086956521734,0.4488985507246377,0.0083515775,0.007600644375,0.0096845775,0.011803245536651963,0.008562598613736608,0.010771569418189457,0.5250289855072464,0.30424637681159417,0.45624637681159425,0.18517898550724637,0.10457862318840588,0.07309637681159425,40,69,0.46850879206874724,0.7189855072463764,71.1651376146789,109,19
1605,1605.0,0.33695121951219514,0.41092682926829277,0.380609756097561,0.3325,0.4002727272727273,0.4481060606060606,0.00848399762046401,0.007591970255800119,0.009706481856038071,0.012203613636363636,0.008910955922865013,0.010987034205693299,0.5323484848484848,0.3151515151515152,0.4611818181818182,0.1953972653362897,0.09577531411677759,0.08057206208425721,41,66,0.496125439182361,0.7393939393939388,71.1214953271028,107,16
1606,1606.0,0.3444883720930233,0.4163720930232559,0.38658139534883723,0.33098507462686566,0.40255223880597013,0.4469850746268656,0.009257738236884803,0.00804930340724716,0.009986243374797189,0.01239380574738249,0.008610993539763868,0.011046402762307865,0.5341492537313434,0.32526865671641797,0.4639701492537313,0.18966088163832007,0.09110343630683793,0.07738875390489408,43,67,0.48380567434165517,0.6977611940298504,71.07272727272728,110,18
1607,1607.0,0.34673809523809523,0.4182857142857143,0.38659523809523816,0.32859090909090904,0.4013333333333334,0.4449393939393939,0.00926052664399093,0.008083489795918367,0.01022400283446712,0.01219754476584022,0.008641919191919192,0.010933390266299357,0.5270909090909092,0.32193939393939397,0.45839393939393935,0.18035281385281393,0.09634632034632035,0.0717987012987012,42,66,0.45475441833115515,0.7187878787878781,71.49074074074075,108,20
1608,1608.0,0.3499772727272727,0.4174545454545455,0.38863636363636367,0.3270298507462686,0.4002686567164179,0.4475373134328358,0.009411931301652894,0.007731293388429753,0.010422049586776859,0.012176327467141904,0.008587748719091112,0.011215651592782358,0.5341492537313434,0.32276119402985076,0.4650746268656716,0.18417198100407067,0.09469335142469476,0.07643826322930791,44,67,0.4580900612253483,0.7070149253731338,72.81981981981981,111,20
1609,1609.0,0.3509767441860466,0.4132790697674419,0.3887906976744187,0.3268333333333333,0.4016818181818182,0.44900000000000007,0.00973881341265549,0.008093643050297456,0.010512723634396972,0.0123582297979798,0.008584065426997245,0.011242242424242425,0.535,0.32699999999999996,0.46559090909090906,0.18402325581395346,0.08627906976744193,0.07680021141649035,43,66,0.4567090232754848,0.7172727272727267,73.70642201834862,109,23
1610,1610.0,0.34946511627906984,0.4161627906976744,0.38872093023255816,0.3266129032258064,0.39938709677419354,0.4428870967741935,0.009946574364521364,0.008493206057328286,0.01052406165494862,0.012932237252861602,0.009060237252861604,0.009553745317377732,0.5227096774193547,0.3182903225806452,0.4475806451612903,0.17324456114028486,0.09787246811702921,0.058859714928732154,43,62,0.4762596718813088,0.7390322580645158,72.6,105,20
1611,1611.0,0.3455333333333334,0.4132,0.3881777777777778,0.328375,0.39932812500000003,0.44278125,0.00989447111111111,0.008370337777777776,0.010112546172839505,0.012627484375000001,0.008778157958984376,0.0092809208984375,0.530984375,0.314421875,0.45318749999999997,0.18545104166666654,0.098778125,0.06500972222222218,45,64,0.46316197612600396,0.6949999999999995,72.89908256880734,109,24
1612,1612.0,0.3500238095238095,0.4048333333333333,0.3977857142857143,0.3270952380952381,0.3986507936507936,0.44204761904761913,0.010238166099773242,0.008718900793650794,0.00965116836734694,0.012723102040816328,0.008888132023179642,0.009393791383219956,0.525111111111111,0.31503174603174605,0.45415873015873015,0.17508730158730146,0.08980158730158727,0.05637301587301585,42,63,0.49269914120024677,0.714444444444444,73.36190476190477,105,23
1613,1613.0,0.3468604651162791,0.40334883720930226,0.39167441860465113,0.32968749999999997,0.39907812500000006,0.44025000000000003,0.009890120064899947,0.00930357598702001,0.009305242833964306,0.012947652343750001,0.008760759521484376,0.009450593750000002,0.525921875,0.31437499999999996,0.450078125,0.17906140988372088,0.0889738372093023,0.058403706395348864,43,64,0.4931438897320671,0.7265624999999994,73.42056074766356,107,20
1614,1614.0,0.35375,0.404025,0.395725,0.3306031746031745,0.400047619047619,0.43988888888888894,0.0088967375,0.008023824375,0.010284699375,0.013099509196271102,0.00883966439909297,0.009592257495590832,0.5304444444444443,0.3175079365079365,0.4518730158730159,0.17669444444444427,0.0865170634920635,0.05614801587301593,40,63,0.5118891720046378,0.7388888888888882,72.70873786407768,103,22
1615,1615.0,0.35293023255813954,0.40404651162790706,0.4048372093023256,0.3262295081967213,0.39478688524590155,0.4400000000000001,0.009957227690643593,0.0076289745808545174,0.011201950243374798,0.012841717817790914,0.009068200483740931,0.010217868852459016,0.5309836065573771,0.3107377049180328,0.4614918032786886,0.17805337399923754,0.09330880670987424,0.05665459397636302,43,61,0.49567341204446824,0.7208196721311472,72.02884615384616,104,23
1616,1616.0,0.3507777777777778,0.40459999999999996,0.3999333333333334,0.3311666666666666,0.39668333333333333,0.4421500000000001,0.01042123950617284,0.007867795555555557,0.01110912888888889,0.01363223888888889,0.00947181638888889,0.010334394166666669,0.5388499999999999,0.3125,0.4596666666666667,0.18807222222222214,0.09209999999999996,0.059733333333333305,45,60,0.4865621183789783,0.7131666666666661,70.48571428571428,105,22
1617,1617.0,0.34522727272727277,0.3975454545454546,0.3959090909090909,0.3321016949152542,0.39945762711864413,0.4447118644067797,0.010204993801652894,0.00777947520661157,0.010962855371900827,0.013368464234415397,0.009691570238437228,0.010571357655846025,0.5380508474576271,0.3133050847457627,0.46242372881355936,0.19282357473035433,0.0842403697996919,0.06651463790446849,44,59,0.4747948747680919,0.7383050847457622,70.41747572815534,103,24
1618,1618.0,0.3463636363636364,0.3928409090909091,0.39352272727272725,0.3343448275862069,0.3993448275862069,0.44558620689655176,0.010196140495867768,0.008296906508264463,0.010152704028925619,0.013302087990487514,0.009857915576694413,0.010708518430439951,0.5413620689655172,0.31701724137931037,0.46601724137931033,0.19499843260188082,0.07582366771159871,0.07249451410658309,44,58,0.4900219574480374,0.756724137931034,70.12745098039215,102,24
1619,1619.0,0.3449333333333333,0.3956888888888889,0.39228888888888885,0.3343448275862069,0.3993448275862069,0.44558620689655176,0.010059573333333334,0.008469414320987655,0.009994072098765433,0.013302087990487514,0.009857915576694413,0.010708518430439951,0.5413620689655172,0.31701724137931037,0.46601724137931033,0.19642873563218388,0.07867164750957856,0.07372835249042148,45,58,0.48896193343054933,0.776379310344827,70.67961165048544,103,23
1620,1620.0,0.34775,0.39343181818181827,0.3948636363636364,0.3330847457627119,0.40215254237288134,0.44240677966101694,0.0099311875,0.008432654442148762,0.009922890495867769,0.013170416546969262,0.009855180120654984,0.010842817581154842,0.5320677966101696,0.3268813559322034,0.4578474576271186,0.18431779661016956,0.06655046224961486,0.06298382126348218,44,59,0.4608977503251786,0.792203389830508,70.47572815533981,103,22
1621,1621.0,0.3481111111111111,0.3889555555555556,0.40155555555555555,0.33286206896551723,0.40398275862068966,0.4412413793103448,0.009649565432098765,0.008094486913580248,0.009982958024691358,0.01267215338882283,0.010330637633769325,0.011113183115338881,0.5445517241379311,0.3330689655172414,0.468448275862069,0.19644061302681998,0.0558865900383142,0.06689272030651344,45,58,0.4513764952015267,0.7712068965517237,69.35922330097087,103,24
1622,1622.0,0.3438510638297872,0.38093617021276605,0.40021276595744687,0.3328813559322034,0.4028983050847458,0.4367966101694915,0.009749445903123587,0.009260102308736987,0.009627486645540967,0.012457392703246193,0.010223752370008618,0.012070670496983626,0.5445254237288136,0.32789830508474577,0.46633898305084753,0.20067435989902643,0.05303786512802028,0.06612621709340066,47,59,0.4629848652964087,0.7554237288135587,69.83962264150944,106,23
1623,1623.0,0.3397272727272727,0.3800681818181818,0.39522727272727276,0.33779661016949153,0.4048983050847457,0.4378305084745762,0.009795289256198348,0.009370108987603307,0.008185357438016528,0.012328772191898879,0.009808430336110313,0.012051666187877045,0.5553898305084746,0.3251525423728813,0.4705254237288136,0.21566255778120186,0.05491563944530048,0.07529815100154086,44,59,0.4769447025840794,0.7764406779661013,68.88349514563107,103,18
1624,1624.0,0.3358139534883721,0.375093023255814,0.39262790697674427,0.33779661016949153,0.4048983050847457,0.4378305084745762,0.009349267712276906,0.008498921579232018,0.008078419686316929,0.012328772191898879,0.009808430336110313,0.012051666187877045,0.5553898305084746,0.3251525423728813,0.4705254237288136,0.21957587702010245,0.04994048088293268,0.07789751675206935,43,59,0.4826668355497762,0.7818644067796604,69.75490196078431,102,20
1625,1625.0,0.33130952380952383,0.37114285714285716,0.3907619047619048,0.3315087719298246,0.40228070175438596,0.4326315789473685,0.008699404195011338,0.00803031292517007,0.008121038548752832,0.011579548168667284,0.009853745767928593,0.011582302862419206,0.5399473684210526,0.321578947368421,0.4542105263157895,0.2086378446115288,0.04956390977443614,0.0634486215538847,42,57,0.5022696627960306,0.8050877192982451,69.66666666666667,99,20
1626,1626.0,0.3343170731707317,0.372,0.39282926829268294,0.333,0.40391379310344827,0.432896551724138,0.00853167995240928,0.008195317073170732,0.00813960499702558,0.011506655172413794,0.009835871878715817,0.011386609988109395,0.5373275862068966,0.3261206896551724,0.45068965517241383,0.20301051303616485,0.04587931034482762,0.057860386879730885,41,58,0.48318843675581125,0.8258620689655168,70.37373737373737,99,21
1627,1627.0,0.3343170731707317,0.372,0.39282926829268294,0.33296666666666663,0.4027,0.4310166666666667,0.00853167995240928,0.008195317073170732,0.00813960499702558,0.011611165555555554,0.009585943333333336,0.011153949722222223,0.5360166666666667,0.3222333333333333,0.4379333333333334,0.20169959349593497,0.04976666666666668,0.045104065040650454,41,60,0.4730819166830448,0.8339999999999995,70.75247524752476,101,20
1628,1628.0,0.332425,0.372575,0.38817500000000005,0.3351896551724138,0.4002586206896552,0.4303620689655172,0.008598194375,0.008386644375000002,0.007454944375,0.011285015755053507,0.009711605529131986,0.011100851664684901,0.5357586206896552,0.31774137931034485,0.4344827586206897,0.20333362068965516,0.05483362068965514,0.04630775862068964,40,58,0.4452924966380216,0.8658620689655168,70.86734693877551,98,22
1629,1629.0,0.33834146341463417,0.37870731707317074,0.3901707317073171,0.3374482758620689,0.3959655172413793,0.42870689655172417,0.008801737061273053,0.009065572873289707,0.007106190362879237,0.01121355766944114,0.008892585017835911,0.011248276159334126,0.5456551724137931,0.30684482758620685,0.4346724137931035,0.20731370899915896,0.07186248948696389,0.04450168208578642,41,58,0.4566271576838533,0.8544827586206891,69.14141414141415,99,24
1630,1630.0,0.32900000000000007,0.37231578947368427,0.37934210526315787,0.33943859649122804,0.39712280701754393,0.42536842105263156,0.007857421052631581,0.008870637119113572,0.0048160145429362875,0.011180526931363496,0.008970914742997846,0.010799180055401661,0.5376842105263158,0.3056140350877193,0.42640350877192984,0.2086842105263157,0.06670175438596498,0.04706140350877197,38,57,0.525721438530758,0.88578947368421,69.0421052631579,95,20
1631,1631.0,0.3304736842105264,0.3726842105263158,0.38134210526315787,0.3397592592592592,0.39812962962962967,0.42292592592592587,0.007631249307479224,0.008887216066481993,0.004818646121883656,0.011747775377229082,0.00870889060356653,0.010795550068587107,0.5333333333333333,0.3026111111111111,0.4275185185185186,0.2028596491228069,0.07007309941520468,0.046176413255360704,38,54,0.5021663994220976,0.8955555555555551,67.3913043478261,92,22
1632,1632.0,0.3341219512195122,0.36890243902439024,0.3710975609756098,0.3415370370370369,0.39385185185185195,0.42346296296296293,0.007516302201070792,0.008689453896490186,0.005980429506246282,0.011604915294924554,0.009093089163237311,0.010969100480109736,0.5445740740740741,0.3010555555555555,0.43968518518518523,0.21045212285456188,0.06784688346883472,0.06858762420957543,41,54,0.497464261209278,0.8301851851851846,66.50526315789473,95,25
1633,1633.0,0.3298780487804879,0.3687560975609756,0.36953658536585365,0.3419999999999999,0.3948727272727273,0.42332727272727266,0.0069136680547293265,0.00866306246281975,0.005641126710291493,0.01140549090909091,0.00898403834710744,0.010770656528925619,0.5405272727272727,0.3086,0.4323090909090909,0.21064922394678487,0.06015609756097562,0.06277250554323727,41,55,0.5335282685790557,0.8581818181818177,67.21875,96,20
1634,1634.0,0.32875,0.3614,0.37012500000000004,0.33772727272727265,0.39721818181818186,0.4208545454545454,0.0066989375,0.00856384,0.005730759375,0.011494052892561987,0.009089370578512397,0.010548560661157023,0.525,0.31692727272727267,0.42109090909090907,0.19625000000000004,0.04447272727272733,0.050965909090909034,40,55,0.5477169254845494,0.8696363636363632,67.41052631578947,95,21
1635,1635.0,0.3341794871794872,0.35948717948717945,0.371051282051282,0.34167272727272724,0.39509090909090916,0.4190909090909092,0.005691531886916503,0.008637070348454961,0.005843381985535832,0.011643747438016529,0.008771828099173555,0.010591319008264462,0.5322545454545455,0.30552727272727276,0.4197090909090909,0.19807505827505834,0.053959906759906695,0.048657808857808904,39,55,0.5400277924645369,0.8676363636363632,67.61702127659575,94,21
1636,1636.0,0.33025000000000004,0.3573,0.370275,0.3407543859649123,0.39421052631578946,0.4216666666666667,0.005990437499999999,0.008427109999999998,0.005696299375,0.011585132656201905,0.008949394275161587,0.011065520467836255,0.5346666666666666,0.30936842105263157,0.42280701754385963,0.20441666666666658,0.047931578947368436,0.05253201754385961,40,57,0.5412917213950201,0.8249122807017539,67.85567010309278,97,24
1637,1637.0,0.33025000000000004,0.3573,0.370275,0.3409464285714286,0.3947142857142857,0.4206607142857143,0.005990437499999999,0.008427109999999998,0.005696299375,0.011789907844387756,0.009094739795918369,0.011205438456632652,0.5363392857142857,0.31146428571428564,0.421,0.20608928571428564,0.04583571428571437,0.050724999999999965,40,56,0.5151657601745898,0.8355357142857137,68.48958333333333,96,27
1638,1638.0,0.32720000000000005,0.359275,0.3762,0.34496428571428567,0.4016785714285715,0.4275357142857143,0.006196160000000001,0.008092199375000001,0.005462409999999999,0.011285641581632654,0.009408110969387757,0.011567427295918366,0.5593214285714286,0.3201964285714286,0.4465178571428571,0.2321214285714286,0.03907857142857141,0.0703178571428571,40,56,0.5453656739128692,0.7810714285714282,66.60416666666667,96,25
1639,1639.0,0.32720000000000005,0.359275,0.3762,0.3469636363636365,0.40041818181818173,0.42850909090909095,0.006196160000000001,0.008092199375000001,0.005462409999999999,0.011266980495867768,0.009490206942148761,0.011724686280991735,0.5686,0.3138181818181818,0.4532,0.24139999999999995,0.04545681818181824,0.07700000000000001,40,55,0.519145023558526,0.7870909090909087,66.97894736842105,95,28
1640,1640.0,0.3237692307692308,0.3528205128205128,0.37558974358974356,0.3469636363636365,0.40041818181818173,0.42850909090909095,0.006114741617357002,0.007579172912557526,0.005602036817882972,0.011266980495867768,0.009490206942148761,0.011724686280991735,0.5686,0.3138181818181818,0.4532,0.24483076923076919,0.039002331002331025,0.07761025641025643,39,55,0.5379419037192954,0.7907272727272726,67.94680851063829,94,30
1641,1641.0,0.32270000000000004,0.35225,0.3778,0.35055172413793106,0.39872413793103445,0.424396551724138,0.00600646,0.0074023875000000005,0.0056525099999999995,0.01169093697978597,0.00923609631391201,0.011517515160523186,0.5640862068965518,0.3092241379310345,0.45405172413793105,0.2413862068965517,0.043025862068965526,0.07625172413793102,40,58,0.5681596723014357,0.7610344827586203,67.90816326530613,98,28
1642,1642.0,0.31673684210526326,0.3467368421052632,0.38065789473684203,0.35320338983050853,0.3983389830508474,0.42266101694915265,0.005567141274238228,0.006954825484764542,0.005770540858725762,0.01170778914105142,0.009231342717609885,0.01141924102269463,0.5622372881355931,0.3003728813559322,0.4548135593220339,0.2455004460303299,0.04636396074933097,0.07415566458519185,38,59,0.5482032871561494,0.7676271186440674,67.91752577319588,97,30
1643,1643.0,0.31597435897435905,0.3462820512820513,0.3816666666666666,0.34963333333333335,0.39855,0.4187,0.0054464865220249835,0.0067843563445101895,0.005661247863247862,0.011280498888888888,0.009128180833333336,0.01188101,0.5513833333333334,0.30300000000000005,0.4502333333333334,0.2354089743589744,0.04328205128205126,0.06856666666666678,39,60,0.571080213188687,0.770333333333333,68.94949494949495,99,28
1644,1644.0,0.317725,0.348975,0.38235,0.35006779661016957,0.3972542372881356,0.4202372881355933,0.005429849375,0.006897574375,0.0055379274999999995,0.01146036828497558,0.009182155702384372,0.011940587762137318,0.5556271186440679,0.29555932203389834,0.4565254237288136,0.2379021186440679,0.05341567796610164,0.07417542372881358,40,59,0.5743589327926062,0.7923728813559318,69.70707070707071,99,27
1645,1645.0,0.31426829268292683,0.3480731707317073,0.38126829268292683,0.35006779661016957,0.3972542372881356,0.4202372881355933,0.005775367043426533,0.006761872694824509,0.00544965972635336,0.01146036828497558,0.009182155702384372,0.011940587762137318,0.5556271186440679,0.29555932203389834,0.4565254237288136,0.24135882596114105,0.05251384869780895,0.07525713104588677,41,59,0.5764610556371855,0.7774576271186436,70.21,100,30
1646,1646.0,0.3047,0.34314999999999996,0.38345,0.35006779661016957,0.3972542372881356,0.4202372881355933,0.005938109999999999,0.0072067775,0.0054327475,0.01146036828497558,0.009182155702384372,0.011940587762137318,0.5556271186440679,0.29555932203389834,0.4565254237288136,0.25092711864406786,0.04759067796610161,0.0730754237288136,40,59,0.5798946326881617,0.7952542372881353,70.79797979797979,99,30
1647,1647.0,0.30176923076923085,0.3420769230769231,0.3829230769230769,0.34623728813559324,0.3942542372881356,0.4150677966101695,0.005746792899408284,0.007345506903353056,0.005560942800788954,0.012013130135018674,0.009153681126113186,0.011642334386670497,0.542915254237288,0.2902203389830509,0.44267796610169496,0.2411460234680572,0.05185658409387223,0.05975488917861804,39,59,0.5911287940565162,0.8223728813559319,71.25510204081633,98,27
1648,1648.0,0.2982926829268293,0.34248780487804875,0.38568292682926825,0.3463793103448275,0.3975,0.4231379310344828,0.006194841165972635,0.007030103509815586,0.0057017287328970856,0.012223614744351961,0.009054974137931035,0.010528567181926279,0.5496724137931034,0.299896551724138,0.45389655172413795,0.2513797308662741,0.04259125315391077,0.0682136248948697,41,58,0.5808866934901024,0.8184482758620686,71.1010101010101,99,30
1649,1649.0,0.3041904761904762,0.3473333333333333,0.39019047619047614,0.3498983050847457,0.39691525423728813,0.4221864406779661,0.0069485351473922916,0.00744836507936508,0.006062439909297052,0.012734667624245908,0.00892133180120655,0.01040262625682275,0.5506271186440677,0.29505084745762716,0.4525084745762712,0.24643664245359148,0.052282485875706164,0.06231799838579505,42,59,0.5837973673281357,0.8011864406779656,71.00990099009901,101,31
1650,1650.0,0.3058837209302326,0.3476976744186046,0.3923255813953488,0.3489166666666666,0.39593333333333336,0.42278333333333334,0.00690735857220119,0.007280722552731206,0.006112917252568958,0.012579276388888888,0.00882952888888889,0.010250269722222224,0.5502833333333332,0.29028333333333334,0.4539666666666667,0.24439961240310065,0.05741434108527127,0.0616410852713179,43,60,0.5803696848648771,0.8339999999999996,71.47572815533981,103,27
1651,1651.0,0.31058139534883716,0.3516976744186046,0.39351162790697675,0.35127118644067795,0.39838983050847454,0.4239661016949152,0.007497080584099512,0.00734714115738237,0.0062495056787452655,0.012459858661304222,0.008617119218615342,0.010340066647515082,0.5572881355932204,0.2949661016949152,0.4589322033898305,0.24670674024438327,0.056731572723689394,0.06542057548285374,43,59,0.5597264754422158,0.8781355932203385,71.15686274509804,102,26
1652,1652.0,0.31058139534883716,0.3516976744186046,0.39351162790697675,0.3547457627118645,0.39844067796610166,0.42062711864406777,0.007497080584099512,0.00734714115738237,0.0062495056787452655,0.012216731973570814,0.008847060040218329,0.011116911806952028,0.5608305084745764,0.29018644067796606,0.459593220338983,0.2502491131257392,0.06151123374063855,0.06608159243200623,43,59,0.5489848304566947,0.8594915254237284,70.57843137254902,102,28
1653,1653.0,0.31906666666666667,0.35515555555555556,0.3964222222222222,0.3593333333333334,0.3988333333333334,0.4215499999999999,0.007950639999999998,0.007306575802469137,0.006433532839506173,0.01185622222222222,0.008486505555555555,0.01086508083333333,0.57185,0.29361666666666664,0.4657,0.2527833333333333,0.06153888888888892,0.06927777777777783,45,60,0.5568132740231332,0.8286666666666662,70.33333333333333,105,25
1654,1654.0,0.31502380952380954,0.354,0.39738095238095233,0.3558032786885246,0.398016393442623,0.4214098360655737,0.008046880385487528,0.007662857142857143,0.006731807256235829,0.012409535071217417,0.008387425960763238,0.010688143509809192,0.5647704918032787,0.2915901639344262,0.4643114754098361,0.2497466822794691,0.062409836065573765,0.06693052302888375,42,61,0.5430791095658645,0.8470491803278686,70.89320388349515,103,26
1655,1655.0,0.317,0.3546904761904762,0.39840476190476193,0.35829508196721316,0.4015737704918033,0.41927868852459016,0.007926285714285714,0.00785226133786848,0.006956240929705216,0.01200561784466541,0.007424834721848965,0.010826004299919378,0.5677213114754098,0.2905245901639344,0.4624918032786885,0.2507213114754098,0.06416588602654183,0.06408704137392657,42,61,0.5138425235107483,0.8614754098360652,70.69902912621359,103,26
1656,1656.0,0.32024444444444444,0.35864444444444443,0.407688888888889,0.36533333333333323,0.40219047619047626,0.41515873015873017,0.008681518024691358,0.009344451358024692,0.008012658765432097,0.011969936507936506,0.007216090702947846,0.01163229226505417,0.5618095238095238,0.286984126984127,0.45401587301587304,0.24156507936507932,0.07166031746031742,0.04632698412698405,45,63,0.5289875076947758,0.8099999999999996,70.5,108,25
1657,1657.0,0.3182608695652174,0.35845652173913045,0.4082608695652175,0.361258064516129,0.40169354838709687,0.4209193548387097,0.008669844990548205,0.009142900283553876,0.007853192816635159,0.012481868886576484,0.0071865028616024985,0.011130106399583766,0.5578870967741936,0.2842903225806451,0.46129032258064523,0.2396262272089762,0.07416619915848532,0.05302945301542772,46,62,0.5175715776219484,0.7995161290322575,69.06481481481481,108,24
1658,1658.0,0.31675555555555557,0.35633333333333334,0.4082444444444446,0.3598095238095238,0.4039682539682541,0.4205079365079365,0.008758273580246913,0.009138711111111112,0.008027695802469134,0.01241383673469388,0.007393237087427564,0.010963932476694381,0.5529999999999999,0.2877460317460317,0.4575238095238096,0.23624444444444437,0.06858730158730164,0.049279365079365034,45,63,0.5197736596526871,0.7933333333333329,70.10185185185185,108,26
1659,1659.0,0.3181063829787234,0.35917021276595745,0.4075319148936171,0.357109375,0.407296875,0.419671875,0.008819839746491625,0.008977247623358987,0.0077062489814395665,0.012284128662109374,0.007447739990234376,0.010775907958984376,0.5551250000000001,0.294390625,0.462203125,0.2370186170212767,0.06477958776595744,0.05467121010638287,47,64,0.5360759211951699,0.7654687499999995,70.10810810810811,111,23
1660,1660.0,0.3184680851063829,0.36040425531914894,0.4084468085106383,0.3573548387096774,0.4087741935483872,0.4231451612903226,0.0083125043005885,0.009272666364870983,0.00760475780896333,0.01222548699271592,0.007500078043704477,0.01073283376690947,0.5595967741935485,0.2888709677419355,0.4729838709677419,0.24112868908716556,0.07153328757721344,0.06453706245710361,47,62,0.5316669055488527,0.7827419354838704,70.01834862385321,109,23
1661,1661.0,0.32379166666666664,0.3599166666666667,0.4130416666666667,0.3595762711864406,0.4068813559322033,0.41628813559322025,0.00947133159722222,0.009090659722222222,0.00843862326388889,0.011978278081011205,0.007184036771042805,0.010761391554151107,0.5656610169491525,0.30247457627118646,0.47077966101694907,0.24186935028248585,0.05744209039548026,0.05773799435028237,48,59,0.5249095683855493,0.7772881355932201,69.39252336448598,107,20
1662,1662.0,0.31476000000000004,0.35062000000000004,0.41063999999999995,0.3617666666666666,0.4072666666666666,0.4203666666666666,0.0090340224,0.0094072756,0.008132830399999999,0.01206171222222222,0.007073062222222223,0.011563465555555558,0.5686166666666667,0.30195,0.47646666666666665,0.2538566666666666,0.04867000000000005,0.0658266666666667,50,60,0.5458973910572168,0.7454999999999996,69.25454545454545,110,20
1663,1663.0,0.31794,0.35262,0.41466000000000003,0.3620166666666666,0.4027666666666666,0.4182,0.0101161764,0.0096247956,0.008469304399999999,0.012019516388888889,0.007028212222222223,0.011950360000000002,0.5660833333333333,0.29975000000000007,0.47273333333333334,0.24814333333333327,0.05286999999999992,0.05807333333333331,50,60,0.5581272091440804,0.7204999999999996,69.93636363636364,110,22
1664,1664.0,0.3243725490196079,0.3564901960784314,0.4203137254901961,0.3620166666666666,0.4027666666666666,0.4182,0.010493371011149557,0.010213230296039986,0.008406803537101114,0.012019516388888889,0.007028212222222223,0.011950360000000002,0.5660833333333333,0.29975000000000007,0.47273333333333334,0.2417107843137254,0.05674019607843134,0.05241960784313726,51,60,0.5360256334930176,0.7354999999999996,69.93693693693693,111,21
1665,1665.0,0.32517647058823523,0.35858823529411765,0.4231960784313726,0.3638620689655173,0.40031034482758615,0.41651724137931045,0.010324106113033447,0.009617222606689735,0.008382275278738947,0.012329877526753864,0.006985248513674198,0.012250456599286566,0.5626379310344828,0.29634482758620695,0.4691034482758621,0.23746146044624755,0.0622434077079107,0.04590736984448951,51,58,0.5203432869498184,0.749827586206896,69.79816513761467,109,22
1666,1666.0,0.3326470588235294,0.35847058823529404,0.42303921568627445,0.3620333333333334,0.39876666666666666,0.41383333333333344,0.011014973471741636,0.009435111880046138,0.008429292579777007,0.012031998888888888,0.006941512222222223,0.012685805555555558,0.5598500000000001,0.30231666666666673,0.46935000000000004,0.22720294117647066,0.05615392156862731,0.046310784313725595,51,60,0.5128885271221396,0.7371666666666663,71.27927927927928,111,23
1667,1667.0,0.33647999999999995,0.35861999999999994,0.42253999999999997,0.3638852459016394,0.39659016393442625,0.4139836065573771,0.0104671296,0.009561235600000002,0.008548448399999999,0.012040527815103468,0.007111946788497719,0.012479196452566519,0.5650000000000001,0.3067377049180328,0.47537704918032786,0.2285200000000001,0.05188229508196712,0.05283704918032789,50,61,0.5043657027302149,0.7455737704918028,71.08108108108108,111,24
1668,1668.0,0.33662,0.36113999999999996,0.42072000000000004,0.36632786885245894,0.3968196721311476,0.4196229508196721,0.010252515599999998,0.010427120400000003,0.0087365616,0.011891007256113946,0.007115295350712177,0.012413743079817253,0.5736557377049181,0.302327868852459,0.48729508196721316,0.2370357377049181,0.05881213114754097,0.06657508196721312,50,61,0.5222179285278474,0.7239344262295078,70.8018018018018,111,23
1669,1669.0,0.3410961538461539,0.3642115384615384,0.4201538461538462,0.36550793650793645,0.39492063492063495,0.4181904761904761,0.01066374075443787,0.010533320636094677,0.008430707100591715,0.011744884857646763,0.007001438145628624,0.012102884353741496,0.5751428571428572,0.30541269841269847,0.47993650793650794,0.2340467032967033,0.05879884004883995,0.05978266178266173,52,63,0.5138876941020117,0.7196825396825391,71.34782608695652,115,21
1670,1670.0,0.34428000000000003,0.36052,0.42164,0.36568181818181816,0.39525757575757575,0.4183939393939394,0.0105348016,0.0109951296,0.007542710399999999,0.011904883608815427,0.007355948806244262,0.011902329660238752,0.5893333333333334,0.30896969696969695,0.5021363636363636,0.24505333333333335,0.05155030303030306,0.08049636363636359,50,66,0.496871532281054,0.6801515151515147,71.67241379310344,116,23
1671,1671.0,0.3423846153846154,0.36259615384615385,0.4195192307692308,0.3638412698412698,0.39474603174603173,0.42157142857142854,0.0105449674556213,0.0107070099852071,0.007382826553254437,0.012369308138070042,0.007547967246157721,0.012226467120181406,0.5861904761904762,0.31306349206349204,0.5058412698412699,0.24380586080586075,0.0495326617826618,0.08632203907203906,52,63,0.4951663228275397,0.7009523809523805,71.18260869565218,115,23
1672,1672.0,0.34358823529411764,0.3632352941176471,0.4186470588235295,0.3638412698412698,0.39474603174603173,0.42157142857142854,0.01067639907727797,0.010895709342560556,0.00748803229527105,0.012369308138070042,0.007547967246157721,0.012226467120181406,0.5861904761904762,0.31306349206349204,0.5058412698412699,0.2426022408963585,0.05017180205415506,0.08719421101774039,51,63,0.5036511766737417,0.7047619047619045,72.36842105263158,114,24
1673,1673.0,0.34178846153846154,0.36432692307692316,0.41955769230769235,0.364296875,0.39253125,0.42309375000000005,0.01063628217455621,0.010746950813609464,0.0073863235946745555,0.012189114990234375,0.007739061523437502,0.012181428710937501,0.584734375,0.310171875,0.5081562500000001,0.2429459134615385,0.05415504807692317,0.08859855769230773,52,64,0.46542921970572704,0.7279687499999995,73.33620689655173,116,24
1674,1674.0,0.34178846153846154,0.36432692307692316,0.41955769230769235,0.3668461538461539,0.39087692307692307,0.42440000000000005,0.01063628217455621,0.010746950813609464,0.0073863235946745555,0.012095914792899407,0.007338231005917161,0.012341655384615385,0.5902,0.30833846153846156,0.5137538461538461,0.2484115384615384,0.0559884615384616,0.09419615384615376,52,65,0.43900325506771065,0.7192307692307687,73.5042735042735,117,25
1675,1675.0,0.34552830188679245,0.36739622641509445,0.42375471698113215,0.371359375,0.39115625,0.4239375000000001,0.011162890708437167,0.011034050551797793,0.008162939836240656,0.012047667724609376,0.007407194335937501,0.012565589843749999,0.593984375,0.304359375,0.50446875,0.24845607311320755,0.06303685141509446,0.08071403301886787,53,64,0.47743432268573793,0.7071874999999995,74.16239316239316,117,20
1676,1676.0,0.3485,0.36840384615384625,0.4246923076923077,0.36719047619047623,0.38825396825396824,0.4179047619047619,0.010909519230769231,0.01119243306213018,0.008273328402366862,0.011684439909297052,0.007154252960443437,0.012168371882086169,0.5824603174603175,0.3023174603174603,0.4849365079365079,0.23396031746031748,0.06608638583638593,0.060244200244200186,52,63,0.4434798881485188,0.7044444444444439,74.79130434782608,115,24
1677,1677.0,0.3522830188679245,0.3699245283018869,0.42662264150943396,0.36719047619047623,0.38825396825396824,0.4179047619047619,0.011447863296546812,0.011101503737985048,0.008310989676041295,0.011684439909297052,0.007154252960443437,0.012168371882086169,0.5824603174603175,0.3023174603174603,0.4849365079365079,0.23017729859239294,0.06760706798442656,0.058313866427073924,53,63,0.45609156759448455,0.7050793650793646,75.54310344827586,116,23
1678,1678.0,0.3481730769230769,0.3682692307692309,0.4241538461538462,0.367015625,0.38992187500000003,0.41700000000000004,0.010772758505917161,0.011169773668639055,0.008147784023668638,0.011463484130859375,0.007251197021484375,0.012068312500000001,0.579375,0.30829687499999997,0.477125,0.23120192307692305,0.059972355769230934,0.05297115384615381,52,64,0.447110979748528,0.7160937499999995,76.02586206896552,116,21
1679,1679.0,0.3437884615384616,0.36630769230769233,0.4280961538461539,0.3656031746031746,0.38946031746031745,0.41893650793650794,0.012072974482248523,0.011333751479289942,0.008717856139053255,0.011517763164525067,0.0073526611237087446,0.01201986898463089,0.582,0.30711111111111117,0.48255555555555557,0.23821153846153836,0.059196581196581166,0.05445940170940167,52,63,0.4980768076238534,0.6882539682539677,76.15652173913044,115,19
1680,1680.0,0.3396875,0.3656458333333334,0.4234583333333333,0.360546875,0.38592187499999997,0.424640625,0.011598881510416667,0.012005478732638889,0.00845024826388889,0.010927497802734375,0.007431822021484375,0.011588386474609375,0.58575,0.326390625,0.48984374999999997,0.24606250000000002,0.0392552083333334,0.06638541666666664,48,64,0.4981043658904982,0.6820312499999995,74.13392857142857,112,19
1681,1681.0,0.34171739130434775,0.3634565217391304,0.42443478260869577,0.36332258064516126,0.3877741935483871,0.4243709677419355,0.011999028827977315,0.011933074196597355,0.008622202268431002,0.010757444328824143,0.007085561914672216,0.011950555931321542,0.5952258064516127,0.3251290322580646,0.4993225806451613,0.25350841514726496,0.03832748948106579,0.0748877980364655,46,62,0.5115670650526238,0.7279032258064511,74.12037037037037,108,15
1682,1682.0,0.34171739130434775,0.3634565217391304,0.42443478260869577,0.3603934426229508,0.38757377049180325,0.42483606557377046,0.011999028827977315,0.011933074196597355,0.008622202268431002,0.010401845202902448,0.007199228164471916,0.01213305509271701,0.591622950819672,0.32598360655737707,0.4924426229508197,0.24990555951532423,0.03747291518175333,0.06800784034212393,46,61,0.47159716778242816,0.741967213114754,74.77570093457943,107,19
1683,1683.0,0.33979999999999994,0.36451111111111106,0.4206444444444445,0.3634516129032258,0.3882096774193548,0.42495161290322575,0.012684604444444443,0.011496872098765435,0.008736673580246913,0.010804570239334028,0.007107778616024974,0.011938175078043704,0.5953709677419353,0.3260806451612904,0.5006290322580645,0.2555709677419354,0.03843046594982069,0.07998458781362006,45,62,0.48476081961579826,0.7095161290322575,75.13084112149532,107,22
1684,1684.0,0.3448863636363636,0.37427272727272726,0.4276818181818181,0.3636875,0.383140625,0.42707812500000003,0.013537691632231407,0.013014152892561987,0.00973389876033058,0.01128790234375,0.007405527099609376,0.012439290771484375,0.601421875,0.31453125000000004,0.502265625,0.2565355113636364,0.05974147727272722,0.07458380681818194,44,64,0.4956358349088999,0.6751562499999995,74.57407407407408,108,23
1685,1685.0,0.3455348837209302,0.3768139534883721,0.4241162790697675,0.3669032258064517,0.3851935483870968,0.425516129032258,0.013693737155219042,0.012914058409951327,0.00990489345592212,0.01085660353798127,0.0074814786680541135,0.012636475546305929,0.6104193548387096,0.3191774193548388,0.5023064516129031,0.26488447111777935,0.05763653413353331,0.0781901725431356,43,62,0.5297152048567935,0.7245161290322576,74.52380952380952,105,19
1686,1686.0,0.34861904761904766,0.38207142857142856,0.4238095238095238,0.3637666666666667,0.3848333333333333,0.42389999999999994,0.013610759637188208,0.012032971088435377,0.010136678004535148,0.01090017888888889,0.00753933888888889,0.012906190000000003,0.5989833333333333,0.31339999999999996,0.48815000000000003,0.25036428571428565,0.0686714285714286,0.06434047619047623,42,60,0.5168410978957028,0.7896666666666662,74.58823529411765,102,15
1687,1687.0,0.34685365853658534,0.3720731707317073,0.427390243902439,0.3638125,0.385078125,0.424421875,0.013909393218322427,0.012023970255800119,0.010046774538964902,0.01036140234375,0.007096415771484376,0.012291743896484377,0.612140625,0.317671875,0.50446875,0.26528696646341465,0.05440129573170732,0.077078506097561,41,64,0.4568969945695571,0.7434374999999995,73.48571428571428,105,19
1688,1688.0,0.34661904761904766,0.38623809523809527,0.4226904761904763,0.3654761904761905,0.38434920634920644,0.42546031746031737,0.014094997732426305,0.013311181405895696,0.009856785147392291,0.010348725623582768,0.007175052658100278,0.012417835726883347,0.6198888888888887,0.31331746031746033,0.5116825396825396,0.27326984126984105,0.07292063492063494,0.08899206349206334,42,63,0.46617550327216495,0.754444444444444,72.87619047619047,105,16
1689,1689.0,0.3456410256410257,0.38735897435897443,0.4226666666666667,0.3654761904761905,0.38434920634920644,0.42546031746031737,0.014565614727153188,0.013849307034845496,0.01043709401709402,0.010348725623582768,0.007175052658100278,0.012417835726883347,0.6198888888888887,0.31331746031746033,0.5116825396825396,0.274247863247863,0.0740415140415141,0.08901587301587294,39,63,0.45047772622265964,0.7661904761904759,73.92156862745098,102,20
1690,1690.0,0.33077142857142855,0.37320000000000003,0.4101714285714286,0.36550000000000005,0.3837580645161291,0.42617741935483866,0.011089090612244898,0.013262902857142857,0.008482542040816325,0.010515604838709678,0.007268764047866806,0.012585726586888658,0.6264193548387095,0.3079193548387097,0.5178548387096774,0.2956479262672809,0.06528064516129034,0.10768341013824884,35,62,0.4841149683500178,0.7816129032258058,74.45360824742268,97,21
1691,1691.0,0.3331470588235294,0.37182352941176466,0.40852941176470586,0.36714285714285716,0.3816666666666667,0.4248095238095238,0.011217713667820069,0.01358667474048443,0.00863766089965398,0.010516027210884356,0.007424571428571428,0.012501963718820864,0.6274285714285712,0.3043492063492063,0.5161428571428571,0.2942815126050418,0.06747432306255835,0.10761344537815126,34,63,0.4832396113176079,0.7915873015873013,75.42268041237114,97,22
1692,1692.0,0.32751515151515154,0.37399999999999994,0.41315151515151516,0.36201612903225805,0.3800967741935484,0.4256935483870967,0.010731522497704314,0.013660848484848486,0.008061704315886134,0.011379822320499479,0.007920732570239333,0.012686309313215401,0.6185645161290322,0.3015322580645161,0.5248548387096774,0.29104936461388065,0.07246774193548383,0.11170332355816226,33,62,0.49855098650736257,0.7999999999999996,74.93684210526315,95,19
1693,1693.0,0.33335294117647063,0.377735294117647,0.4156764705882353,0.35831666666666667,0.37899999999999995,0.42826666666666663,0.01154052249134948,0.013719488754325259,0.008034983564013843,0.011321549722222223,0.008141833333333334,0.01288852888888889,0.6195333333333332,0.30184999999999995,0.53685,0.28618039215686253,0.07588529411764705,0.12117352941176474,34,60,0.4953709635665617,0.8169999999999995,74.75531914893617,94,19
1694,1694.0,0.34167567567567564,0.38205405405405407,0.41289189189189185,0.35710344827586205,0.3739137931034483,0.42691379310344835,0.011389894813732652,0.01302929437545654,0.006980528853177504,0.01192336860879905,0.0076441477407847794,0.013046251189060642,0.6259655172413792,0.2990517241379311,0.5497413793103448,0.2842898415657035,0.083002329916123,0.136849487418453,37,58,0.5310214603073319,0.7663793103448271,73.12631578947368,95,20
1695,1695.0,0.34167567567567564,0.38205405405405407,0.41289189189189185,0.3535925925925926,0.3650740740740741,0.42598148148148146,0.011389894813732652,0.01302929437545654,0.006980528853177504,0.011383796982167356,0.0069084759945130325,0.012579092249657066,0.6341481481481481,0.28631481481481486,0.5540925925925926,0.2924724724724725,0.09573923923923922,0.14120070070070073,37,54,0.5180216790396142,0.8231481481481475,72.71428571428571,91,22
1696,1696.0,0.34094594594594596,0.38235135135135134,0.4127027027027027,0.3528461538461538,0.36186538461538464,0.4233461538461538,0.011354591672753834,0.013041363038714391,0.006997668371073777,0.01173874556213018,0.006850424186390534,0.012859226331360949,0.62475,0.2845192307692308,0.539923076923077,0.28380405405405407,0.09783212058212054,0.12722037422037424,37,52,0.5248999401963115,0.8221153846153842,72.34831460674157,89,23
1697,1697.0,0.3347027027027027,0.37437837837837845,0.41145945945945944,0.3528846153846154,0.36428846153846156,0.42800000000000005,0.010459614317019722,0.011317046018991967,0.006508032140248357,0.011746525147928998,0.00733466678994083,0.013188038461538461,0.6288461538461537,0.28384615384615386,0.55475,0.29414345114345103,0.09053222453222459,0.14329054054054052,37,52,0.5217678285778325,0.8232692307692301,72.11235955056179,89,22
1698,1698.0,0.33902564102564103,0.3777179487179488,0.40902564102564104,0.34994230769230766,0.36582692307692316,0.4253653846153847,0.010803307034845496,0.011145740959894809,0.006259512163050625,0.011504746671597633,0.0071098738905325445,0.014005731878698227,0.6225192307692305,0.29025,0.5487692307692307,0.2834935897435895,0.08746794871794877,0.13974358974358964,39,52,0.5204423914897708,0.7905769230769226,71.73626373626374,91,25
1699,1699.0,0.3371025641025642,0.37969230769230766,0.4087179487179487,0.3510196078431372,0.36388235294117655,0.4251960784313726,0.01094009204470743,0.010702674556213019,0.006280356344510192,0.011926921184159939,0.00702128027681661,0.01343337331795463,0.6261176470588236,0.29421568627450984,0.557078431372549,0.2890150829562594,0.08547662141779783,0.14836048265460028,39,51,0.520736456952627,0.8145098039215682,70.07777777777778,90,24
1700,1700.0,0.33704999999999996,0.37395,0.40655,0.3487800000000001,0.36273999999999995,0.42652,0.0101104475,0.0109356975,0.005821947500000001,0.0107448516,0.007090512400000002,0.013589609599999998,0.626,0.29888000000000003,0.5596800000000001,0.28895000000000004,0.07506999999999997,0.15313000000000004,40,50,0.5630923377754268,0.8101999999999996,69.28888888888889,90,23
1701,1701.0,0.3387619047619048,0.37592857142857145,0.41233333333333344,0.34301886792452835,0.3617735849056603,0.42479245283018874,0.010127086167800453,0.010503494897959185,0.006151555555555556,0.010868584549661803,0.007816665717337131,0.01302103239587042,0.6203962264150944,0.29224528301886793,0.5444528301886793,0.2816343216531896,0.08368328840970352,0.13211949685534585,42,53,0.5654912977087411,0.7803773584905657,69.51578947368421,95,21
1702,1702.0,0.3380444444444444,0.37522222222222223,0.41462222222222234,0.344962962962963,0.3647777777777777,0.42759259259259264,0.011225331358024691,0.009919861728395062,0.005954901728395062,0.01086762825788752,0.008150246913580248,0.013195463648834017,0.6257777777777778,0.2914814814814815,0.5492222222222223,0.28773333333333334,0.08374074074074073,0.13459999999999994,45,54,0.5450124936452749,0.7379629629629626,69.47474747474747,99,25
1703,1703.0,0.33559090909090905,0.36850000000000005,0.4113181818181818,0.34650000000000003,0.362462962962963,0.42550000000000016,0.011058105371900826,0.008720204545454545,0.005683716942148759,0.011014472222222222,0.008396174554183816,0.01386528703703704,0.6237962962962963,0.29896296296296293,0.5471851851851851,0.28820538720538724,0.06953703703703712,0.1358670033670033,44,54,0.5305257729038737,0.7912962962962959,69.5204081632653,98,24
1704,1704.0,0.32957777777777775,0.3650444444444445,0.4149555555555555,0.3358490566037735,0.3570377358490566,0.4234528301886793,0.012221221728395062,0.00914550913580247,0.005670220246913581,0.010378203631185476,0.007765319330722676,0.013998851548593807,0.6038301886792453,0.2864905660377358,0.5289622641509434,0.27425241090146757,0.07855387840670869,0.11400670859538786,45,53,0.5524518623819648,0.7781132075471693,68.81632653061224,98,23
1705,1705.0,0.3261086956521739,0.361608695652174,0.41454347826086957,0.33769811320754717,0.35505660377358494,0.4208301886792453,0.012497096880907374,0.009477890359168241,0.005554595935727789,0.010094286222855109,0.00805673264506942,0.014411348522605907,0.5992264150943396,0.2838490566037736,0.5319811320754718,0.27311771944216573,0.07775963904840044,0.11743765381460225,46,53,0.5136105486872834,0.7724528301886789,68.92929292929293,99,28
1706,1706.0,0.32826666666666665,0.36186666666666667,0.41411111111111115,0.3407058823529412,0.34900000000000003,0.41819607843137263,0.012560595555555555,0.009685448888888887,0.005669432098765433,0.01021510957324106,0.007333058823529412,0.01410933410226836,0.5895686274509804,0.2793529411764706,0.5198039215686275,0.2613019607843137,0.08251372549019609,0.10569281045751638,45,51,0.5405227500067388,0.781960784313725,69.08333333333333,96,28
1707,1707.0,0.3319574468085106,0.361531914893617,0.41587234042553195,0.34133333333333343,0.3485490196078431,0.415686274509804,0.012400679040289724,0.009302419194205522,0.005715515617926663,0.010211320261437909,0.007345933871587851,0.014083940792003076,0.5740980392156863,0.2740392156862745,0.5021764705882353,0.24214059240717567,0.08749269920734254,0.08630413016270339,47,51,0.5594258484734992,0.761960784313725,68.40816326530613,98,28
1708,1708.0,0.33442857142857146,0.3610816326530612,0.41577551020408166,0.3400000000000001,0.3483888888888889,0.4184814814814815,0.012117877551020409,0.00965974843815077,0.00666572511453561,0.010137074074074073,0.007116645061728395,0.013436805212620027,0.5910925925925926,0.2782222222222222,0.527462962962963,0.25666402116402115,0.082859410430839,0.11168745275888137,49,54,0.5647997449456006,0.7498148148148144,66.83495145631068,103,23
1709,1709.0,0.34070833333333334,0.3595208333333333,0.4165208333333334,0.3394905660377358,0.3470377358490566,0.4176037735849057,0.012484456597222221,0.009070624565972222,0.006705124565972223,0.01031432538269847,0.007152338198647206,0.01364872979708081,0.5839811320754718,0.2780188679245283,0.519,0.24327279874213842,0.081501965408805,0.10247916666666662,48,53,0.5475063189051493,0.773584905660377,66.11881188118812,101,25
1710,1710.0,0.3420208333333334,0.35860416666666667,0.4154791666666666,0.3398846153846154,0.3454038461538462,0.41740384615384624,0.012946812065972223,0.008850739149305556,0.00642804123263889,0.010431755917159762,0.007274048446745563,0.0127910099852071,0.576173076923077,0.2753846153846154,0.5224038461538462,0.23415224358974357,0.08321955128205127,0.10692467948717954,48,52,0.5613712656152416,0.7621153846153844,65.53,100,27
1711,1711.0,0.3420208333333334,0.35860416666666667,0.4154791666666666,0.3461636363636364,0.3506363636363637,0.41758181818181817,0.012946812065972223,0.008850739149305556,0.00642804123263889,0.009309664132231405,0.006966558677685952,0.014964388760330577,0.5868909090909091,0.2774181818181818,0.5185818181818183,0.24487007575757574,0.08118598484848488,0.10310265151515163,48,55,0.5091223575312303,0.7439999999999997,64.92233009708738,103,31
1712,1712.0,0.34169387755102043,0.360265306122449,0.4149795918367346,0.3469814814814815,0.35144444444444456,0.41981481481481486,0.012687722615576845,0.008802562265722616,0.00630883631820075,0.00944527743484225,0.007059654320987655,0.014967262002743483,0.581037037037037,0.27514814814814814,0.5112407407407408,0.2393431594860166,0.08511715797430086,0.09626114890400617,49,54,0.5046923586421735,0.7701851851851848,65.14563106796116,103,29
1713,1713.0,0.3396666666666667,0.359843137254902,0.41856862745098034,0.3471851851851852,0.3497222222222223,0.4187037037037037,0.013016183006535946,0.0088899753940792,0.006506676662821992,0.009416113854595336,0.007473274691358025,0.014925615912208508,0.5873148148148148,0.2746296296296296,0.5037777777777778,0.24764814814814817,0.08521350762527241,0.08520915032679743,51,54,0.5006233690074304,0.7790740740740739,65.21904761904761,105,27
1714,1714.0,0.3396666666666667,0.359843137254902,0.41856862745098034,0.34534545454545457,0.34985454545454553,0.41774545454545453,0.013016183006535946,0.0088899753940792,0.006506676662821992,0.009427680661157026,0.007338342479338845,0.014703826115702477,0.5791636363636363,0.27654545454545454,0.49461818181818185,0.23949696969696965,0.08329768270944748,0.07604955436720151,51,55,0.4774986523538125,0.7843636363636358,66.32075471698113,106,29
1715,1715.0,0.34044230769230766,0.36042307692307696,0.4205384615384615,0.34900000000000003,0.35056140350877196,0.4212280701754386,0.011648823594674555,0.008789474852071008,0.006452363905325443,0.009464877192982456,0.008156912896275778,0.014627579562942443,0.5874912280701754,0.2720175438596491,0.49994736842105264,0.24704892037786774,0.08840553306342785,0.07940890688259111,52,57,0.5288067504655508,0.7585964912280697,66.61467889908256,109,24
1716,1716.0,0.34044230769230766,0.36042307692307696,0.4205384615384615,0.3495689655172414,0.352448275862069,0.421448275862069,0.011648823594674555,0.008789474852071008,0.006452363905325443,0.00932014179548157,0.008219212841854935,0.014378143876337693,0.5854137931034482,0.27741379310344827,0.496,0.24497148541114055,0.08300928381962869,0.07546153846153847,52,58,0.5053223572184825,0.7543103448275859,67.51818181818182,110,27
1717,1717.0,0.3454509803921568,0.36533333333333334,0.4271176470588235,0.3478103448275862,0.35353448275862076,0.4193793103448276,0.011514835832372165,0.008947398692810457,0.007466848904267589,0.009090429548156956,0.008500559155766946,0.013647442330558857,0.5866206896551724,0.2759655172413793,0.4935517241379311,0.24116970926301562,0.08936781609195404,0.06643407707910759,51,58,0.515330313375751,0.7594827586206893,68.11009174311927,109,28
1718,1718.0,0.3454509803921568,0.36113725490196075,0.4322156862745098,0.34703333333333336,0.3489500000000001,0.41621666666666673,0.011514835832372162,0.008068196847366397,0.008112600538254517,0.009005132222222222,0.008829414166666666,0.013774003055555551,0.5771166666666667,0.2751,0.48138333333333333,0.2316656862745099,0.08603725490196074,0.04916764705882354,51,60,0.5353999775945854,0.749833333333333,67.92792792792793,111,25
1719,1719.0,0.35120000000000007,0.36583999999999994,0.43723999999999996,0.3459322033898305,0.34644067796610173,0.4137118644067797,0.011521400000000001,0.0081482144,0.0091634224,0.009169758115484056,0.008327466819879345,0.014142340706693478,0.5640847457627118,0.28259322033898304,0.47857627118644064,0.21288474576271177,0.0832467796610169,0.041336271186440676,50,59,0.5238716526585268,0.7166101694915251,66.65137614678899,109,29
1720,1720.0,0.3436600000000001,0.36156,0.42636,0.3460322580645161,0.34443548387096773,0.41359677419354834,0.0126311844,0.0080883264,0.010141710400000002,0.009242869927159213,0.008406471644120712,0.01479275676378772,0.5626774193548385,0.2748387096774194,0.47758064516129034,0.21901741935483843,0.08672129032258058,0.051220645161290324,50,62,0.5272501350359072,0.706612903225806,67.77678571428571,112,25
1721,1721.0,0.3427692307692309,0.36101923076923076,0.42713461538461533,0.3452622950819672,0.3459344262295082,0.4118688524590164,0.0128506775147929,0.009284788091715977,0.009829731878698225,0.009357636119322763,0.008404979306638003,0.01485014673474872,0.5638196721311475,0.2772459016393443,0.47468852459016386,0.2210504413619166,0.08377332912988644,0.04755390920554853,52,61,0.5146239256220514,0.7127868852459013,68.54867256637168,113,25
1722,1722.0,0.34415384615384625,0.3614423076923077,0.42553846153846153,0.342655737704918,0.3434590163934426,0.4088688524590164,0.013178937869822487,0.009372592825443789,0.009522748520710058,0.009208848696586938,0.008584182746573504,0.013679359849502819,0.5542131147540984,0.2731311475409836,0.46799999999999997,0.21005926860025215,0.08831116015132406,0.04246153846153844,52,61,0.5045238174079348,0.7331147540983604,69.06194690265487,113,23
1723,1723.0,0.34109615384615394,0.35551923076923075,0.42842307692307685,0.34386666666666665,0.3447500000000001,0.40788333333333326,0.01315524075443787,0.009627057322485208,0.009476705621301774,0.009272882222222223,0.008625587500000002,0.013848103055555554,0.5492666666666667,0.27155,0.45913333333333334,0.20817051282051274,0.08396923076923074,0.030710256410256487,52,60,0.5071742200633123,0.7458333333333329,69.59821428571429,112,23
1724,1724.0,0.3442830188679245,0.35449056603773577,0.42960377358490565,0.3448305084745763,0.3456101694915254,0.41144067796610173,0.012909184051263794,0.009479155571377716,0.009056993948024209,0.009374310255673658,0.008727390405056018,0.013323534616489515,0.5568135593220338,0.2662372881355932,0.4661694915254237,0.2125305404541093,0.08825327790214255,0.03656571794051805,53,59,0.5232311345999553,0.7179661016949149,69.34821428571429,112,24
1725,1725.0,0.3452363636363636,0.3531272727272727,0.4284181818181818,0.3425333333333334,0.3427666666666667,0.4030333333333333,0.01277498049586777,0.009569492892561985,0.00945740694214876,0.009223515555555555,0.008984112222222224,0.015050565555555558,0.5414833333333334,0.2564333333333333,0.4451333333333333,0.1962469696969698,0.09669393939393939,0.016715151515151516,55,60,0.4920170380263009,0.7291666666666663,69.44347826086957,115,24
1726,1726.0,0.3388703703703704,0.34422222222222215,0.42937037037037046,0.342,0.3431290322580645,0.4041774193548387,0.01215900171467764,0.009212061728395062,0.009716455418381346,0.009140967741935482,0.008708693028095736,0.01460472658688866,0.5479677419354839,0.2514677419354838,0.4523387096774194,0.20909737156511354,0.09275448028673833,0.022968339307048946,54,62,0.5187253473684287,0.7058064516129029,69.41379310344827,116,23
1727,1727.0,0.3365849056603774,0.3466037735849057,0.43000000000000005,0.342,0.3431290322580645,0.4041774193548387,0.012106355998576006,0.009079597721609114,0.009878377358490568,0.009140967741935482,0.008708693028095736,0.01460472658688866,0.5479677419354839,0.2514677419354838,0.4523387096774194,0.2113828362751065,0.09513603164942186,0.022338709677419355,53,62,0.5071152246200068,0.7341935483870965,70.77391304347826,115,23
1728,1728.0,0.33462264150943394,0.3487924528301886,0.43635849056603776,0.342,0.3431290322580645,0.4041774193548387,0.012072574581701672,0.008935296546813812,0.010263135635457457,0.009140967741935482,0.008708693028095736,0.01460472658688866,0.5479677419354839,0.2514677419354838,0.4523387096774194,0.21334510042604998,0.09732471089470479,0.015980219111381644,53,62,0.4848727406889715,0.756129032258064,70.94782608695652,115,23
1729,1729.0,0.33349019607843133,0.34703921568627455,0.4388039215686274,0.342,0.3431290322580645,0.4041774193548387,0.01250683813917724,0.009195998462129951,0.010503216455209534,0.009140967741935482,0.008708693028095736,0.01460472658688866,0.5479677419354839,0.2514677419354838,0.4523387096774194,0.2144775458570526,0.09557147375079073,0.013534788108791995,51,62,0.4816198006545563,0.7845161290322579,71.72566371681415,113,22
1730,1730.0,0.3307234042553191,0.34331914893617027,0.4365531914893617,0.34378125000000004,0.34382812500000004,0.405859375,0.013010497962879132,0.009053919420552286,0.010648076957899502,0.0094112021484375,0.008611454833984376,0.014238027099609373,0.5581406250000001,0.260984375,0.469453125,0.22741722074468096,0.08233477393617028,0.0328999335106383,47,64,0.46589303542658367,0.7921874999999996,70.78378378378379,111,22
1731,1731.0,0.3340888888888889,0.3430444444444445,0.4399111111111111,0.34359375000000003,0.34234375000000006,0.40528125000000004,0.012878125432098764,0.009423331358024693,0.010777947654320988,0.0094073349609375,0.008589444335937502,0.0141617958984375,0.554078125,0.257109375,0.466625,0.2199892361111111,0.08593506944444451,0.026713888888888926,45,64,0.4944102602840233,0.8059374999999995,71.24770642201835,109,19
1732,1732.0,0.3393555555555555,0.3477555555555556,0.4401111111111111,0.34584615384615386,0.3432615384615385,0.40680000000000005,0.012370184691358026,0.009118051358024694,0.010762143209876543,0.009587299408284022,0.00851120852071006,0.014091544615384614,0.5589846153846153,0.2554615384615384,0.47255384615384616,0.21962905982905978,0.09229401709401719,0.03244273504273504,45,65,0.4896023412669414,0.8038461538461535,72.6,110,20
1733,1733.0,0.3461304347826087,0.3521521739130435,0.43582608695652175,0.34600000000000003,0.34309090909090917,0.4072424242424243,0.011587982986767486,0.008700302930056714,0.011409230623818527,0.009443575757575758,0.008384143250688706,0.013890759412304865,0.5583333333333332,0.25309090909090903,0.4687272727272727,0.21220289855072455,0.09906126482213445,0.03290118577075096,46,66,0.4779907237501498,0.8212121212121207,72.86607142857143,112,18
1734,1734.0,0.3461304347826087,0.3521521739130435,0.43582608695652175,0.34946875,0.34468750000000004,0.408265625,0.011587982986767486,0.008700302930056714,0.011409230623818527,0.0099657490234375,0.00862912109375,0.013913163818359376,0.5660937500000001,0.255125,0.47687500000000005,0.21996331521739138,0.0970271739130435,0.0410489130434783,46,64,0.4672308366582335,0.8018749999999994,72.9,110,19
1735,1735.0,0.3456222222222222,0.3486444444444444,0.4372888888888889,0.34769354838709676,0.3409193548387097,0.40575806451612906,0.011833612839506173,0.008327651358024693,0.011564338765432098,0.010154373829344433,0.008297299947970866,0.01397931243496358,0.5596290322580645,0.25953225806451613,0.46983870967741936,0.21400681003584227,0.0891121863799283,0.03254982078853047,45,62,0.46329249082815105,0.8190322580645159,72.73831775700934,107,19
1736,1736.0,0.34430434782608693,0.34104347826086956,0.4378695652173913,0.34769354838709676,0.3409193548387097,0.40575806451612906,0.012593124763705105,0.009050824196597352,0.011401591682419663,0.010154373829344433,0.008297299947970866,0.01397931243496358,0.5596290322580645,0.25953225806451613,0.46983870967741936,0.21532468443197755,0.08151122019635343,0.031969144460028076,46,62,0.4666405750082861,0.8167741935483867,73.21296296296296,108,20
1737,1737.0,0.3443404255319149,0.3403829787234043,0.4309574468085106,0.34863492063492063,0.3387619047619048,0.4062222222222222,0.012998607514712537,0.009006406518786782,0.011459913082842915,0.010048136558327033,0.008454181405895695,0.013770776014109346,0.5601746031746031,0.2554126984126984,0.4704761904761905,0.2158341776426882,0.08497028031070586,0.03951874366767988,47,63,0.455074234292273,0.8119047619047616,73.37272727272727,110,21
1738,1738.0,0.35258695652173916,0.34343478260869564,0.43404347826086953,0.3538615384615385,0.34013846153846156,0.4071692307692308,0.012292677221172022,0.008740984877126655,0.012046215500945178,0.010318673136094672,0.00858538082840237,0.013883740591715973,0.5614153846153845,0.25783076923076925,0.47126153846153845,0.20882842809364538,0.08560401337792639,0.03721806020066892,46,65,0.4312496960332482,0.7949230769230764,73.55855855855856,111,22
1739,1739.0,0.35877777777777775,0.34515555555555555,0.4424,0.35646153846153844,0.3424923076923077,0.40910769230769234,0.013213239506172841,0.00889573135802469,0.011026995555555558,0.010580433136094674,0.008482680710059172,0.014255388402366863,0.5591846153846154,0.25699999999999995,0.47203076923076925,0.20040683760683764,0.0881555555555556,0.02963076923076924,45,65,0.4345560033800962,0.7930769230769227,72.63636363636364,110,21
1740,1740.0,0.3585217391304347,0.34591304347826085,0.4362826086956522,0.36063076923076925,0.34389230769230766,0.41223076923076923,0.012898510396975425,0.008306601134215502,0.011452507088846882,0.010079740591715977,0.00852274224852071,0.014160639053254435,0.5706461538461539,0.2611846153846154,0.4851846153846154,0.2121244147157192,0.08472842809364545,0.04890200668896316,46,65,0.43981535559681467,0.7832307692307688,71.83783783783784,111,21
1741,1741.0,0.3545333333333333,0.34459999999999996,0.4324444444444445,0.3601384615384615,0.3445230769230769,0.40901538461538467,0.013003404444444443,0.008373217777777778,0.012187046913580248,0.010184488520710059,0.008422187928994084,0.014926692071005915,0.5759384615384615,0.26403076923076924,0.48289230769230773,0.2214051282051282,0.08056923076923073,0.05044786324786321,45,65,0.45494339137311335,0.7843076923076918,72.84545454545454,110,20
1742,1742.0,0.3596888888888889,0.35055555555555556,0.4314666666666668,0.3601384615384615,0.3445230769230769,0.40901538461538467,0.01210519209876543,0.008747491358024691,0.012196737777777779,0.010184488520710059,0.008422187928994084,0.014926692071005915,0.5759384615384615,0.26403076923076924,0.48289230769230773,0.21624957264957262,0.08652478632478633,0.051425641025640956,45,65,0.4458887545846815,0.8227692307692301,73.47272727272727,110,17
1743,1743.0,0.3532127659574469,0.34774468085106386,0.4328297872340427,0.3590151515151515,0.34487878787878784,0.40915151515151515,0.012552550475328203,0.00878836034404708,0.01221571570846537,0.01011219674012856,0.008302803489439854,0.014701734618916436,0.5726515151515151,0.2687121212121212,0.47730303030303034,0.21943874919406825,0.07903255963894268,0.044473243068987645,47,66,0.4516666183953758,0.7989393939393935,74.02654867256638,113,18
1744,1744.0,0.35331111111111113,0.3467555555555556,0.435888888888889,0.35931818181818187,0.34333333333333327,0.4066060606060606,0.012437814320987655,0.008819562469135803,0.010187609876543212,0.01011330785123967,0.008253676767676769,0.014864026629935717,0.5732424242424243,0.27030303030303027,0.47451515151515156,0.2199313131313132,0.07645252525252533,0.038626262626262564,45,66,0.461092721033264,0.7889393939393935,75.1891891891892,111,22
1745,1745.0,0.3514666666666667,0.34304444444444443,0.42235555555555565,0.3572903225806452,0.34230645161290324,0.4031451612903226,0.01228416,0.008497953580246912,0.010866673580246913,0.009390044745057231,0.00831401899063476,0.015547898283038502,0.5658709677419356,0.27149999999999996,0.45227419354838716,0.21440430107526887,0.07154444444444447,0.02991863799283151,45,62,0.4647913038987899,0.7824193548387092,73.79439252336448,107,24
1746,1746.0,0.35411111111111115,0.34217777777777775,0.4260000000000002,0.35663934426229504,0.33945901639344256,0.4028032786885246,0.012742765432098766,0.008361212839506173,0.0114412,0.009762361730717548,0.00930500241870465,0.01575697769416823,0.5615901639344263,0.2707868852459016,0.4597704918032787,0.20747905282331514,0.07139089253187614,0.03377049180327851,45,61,0.4502931944994822,0.7849180327868847,73.22641509433963,106,24
1747,1747.0,0.35818604651162794,0.3374651162790698,0.42174418604651165,0.35719354838709677,0.33774193548387094,0.3986129032258065,0.011792802595997836,0.008725132504056246,0.010441864791779339,0.009623639958376692,0.009334772112382934,0.016573946930280956,0.5565161290322581,0.27341935483870966,0.45245161290322583,0.19833008252063017,0.06404576144036012,0.03070742685671418,43,62,0.49721768606460376,0.7727419354838705,73.32380952380953,105,23
1748,1748.0,0.35233333333333333,0.3355714285714286,0.4215,0.3560967741935484,0.3423870967741936,0.40237096774193554,0.011468079365079367,0.008661673469387756,0.010570583333333331,0.008894087408949012,0.010223527575442249,0.016992265608740894,0.5689838709677421,0.2747096774193548,0.46027419354838706,0.21665053763440872,0.06086175115207376,0.03877419354838707,42,62,0.49140329658952825,0.7711290322580642,72.41346153846153,104,25
1749,1749.0,0.35233333333333333,0.3355714285714286,0.4215,0.355,0.3441639344262295,0.4045245901639344,0.011468079365079367,0.008661673469387756,0.010570583333333331,0.008969639344262297,0.009911317387798978,0.018511265788766454,0.5633934426229508,0.2756557377049181,0.45777049180327867,0.21106010928961744,0.059915690866510496,0.03627049180327868,42,61,0.4719778510616524,0.7931147540983602,72.10679611650485,103,24
1750,1750.0,0.3551951219512195,0.33470731707317075,0.4199024390243903,0.3485322580645161,0.34298387096774197,0.3969354838709677,0.011403815585960738,0.008841572873289709,0.010721209994051158,0.009448313475546307,0.009323048126951094,0.018383802289282002,0.5453870967741935,0.2793064516129032,0.4359193548387097,0.190191974822974,0.05540086546026757,0.01601691581431941,41,62,0.460488038737781,0.7753225806451608,72.15533980582525,103,25
1751,1751.0,0.3519024390243902,0.334780487804878,0.41860975609756107,0.3462295081967213,0.3407704918032787,0.39421311475409837,0.011779502676977992,0.008845049375371804,0.010886042831647829,0.009274439129266326,0.009172144047299114,0.018225675893576994,0.5416229508196722,0.27916393442622944,0.42862295081967217,0.18972051179528193,0.05561655337864857,0.010013194722111096,41,61,0.49051285543850665,0.8285245901639339,72.53921568627452,102,17
1752,1752.0,0.3519024390243902,0.334780487804878,0.41860975609756107,0.34813333333333324,0.3407333333333334,0.3950666666666667,0.011779502676977992,0.008845049375371804,0.010886042831647829,0.008992915555555557,0.009238395555555555,0.019284628888888888,0.5343,0.27454999999999996,0.41940000000000005,0.18239756097560977,0.06023048780487805,0.0007902439024389807,41,60,0.4594580605902321,0.8451666666666663,72.2871287128713,101,18
1753,1753.0,0.3445555555555555,0.33630555555555547,0.4113611111111111,0.3475333333333333,0.3362333333333334,0.39541666666666664,0.009670358024691357,0.00847526774691358,0.011884675154320989,0.008945015555555555,0.008791912222222224,0.01870334305555555,0.5362333333333333,0.28250000000000003,0.4210333333333333,0.19167777777777784,0.05380555555555544,0.009672222222222193,36,60,0.44255465154422546,0.8144999999999994,70.58333333333333,96,24
1754,1754.0,0.3445555555555555,0.33630555555555547,0.4113611111111111,0.34673770491803274,0.334344262295082,0.3921967213114754,0.009670358024691357,0.00847526774691358,0.011884675154320989,0.008836357430798171,0.00886189787691481,0.019018813759742008,0.5294426229508197,0.27786885245901644,0.41698360655737704,0.18488706739526417,0.05843670309653903,0.005622495446265918,36,61,0.4129461387629449,0.8085245901639341,71.19587628865979,97,28
1755,1755.0,0.3396571428571429,0.3364571428571428,0.40671428571428575,0.34461904761904755,0.33366666666666667,0.39595238095238094,0.009082853877551022,0.008716591020408162,0.011446889795918366,0.008704204081632654,0.009164603174603178,0.019016743764172332,0.520968253968254,0.2768888888888889,0.412968253968254,0.1813111111111111,0.05956825396825388,0.006253968253968234,35,63,0.4190988951077691,0.8317460317460313,70.89795918367346,98,25
1756,1756.0,0.340235294117647,0.3328529411764705,0.4055588235294118,0.345546875,0.33439062500000005,0.39732812500000003,0.009338297577854671,0.008518301903114187,0.011736834775086505,0.008622435302734375,0.009054425537109376,0.01883884545898437,0.528359375,0.27951562500000005,0.4195,0.18812408088235294,0.05333731617647047,0.013941176470588179,34,64,0.39348205350305,0.8248437499999995,71.40816326530613,98,28
1757,1757.0,0.33775757575757576,0.3328181818181818,0.4106969696969697,0.3518939393939394,0.33703030303030307,0.397469696969697,0.009412547291092747,0.008776391184573002,0.011194877869605142,0.009574155417814508,0.008948029384756659,0.018950430899908173,0.5250454545454545,0.2887272727272727,0.4210151515151515,0.18728787878787873,0.04409090909090907,0.010318181818181782,33,66,0.4273410362508223,0.8019696969696966,71.48484848484848,99,27
1758,1758.0,0.3417058823529412,0.32908823529411757,0.4121470588235295,0.3512153846153846,0.3355230769230769,0.3964,0.009650148788927336,0.00897737456747405,0.010935007785467127,0.009691061301775149,0.008935757159763313,0.019166455384615384,0.5189076923076923,0.2888461538461538,0.4138153846153846,0.1772018099547511,0.04024208144796376,0.0016683257918551075,34,65,0.4267834715256054,0.8052307692307688,72.35353535353535,99,30
1759,1759.0,0.33390322580645154,0.32380645161290317,0.4092258064516129,0.3521212121212121,0.3342272727272727,0.40025757575757576,0.008586280957336108,0.008702543184183143,0.009436561914672218,0.009672621671258035,0.009635781680440771,0.019373918503213957,0.521030303030303,0.28359090909090906,0.41645454545454547,0.1871270772238514,0.04021554252199411,0.007228739002932583,31,66,0.48888823668405157,0.8559090909090905,71.50515463917526,97,20
1760,1760.0,0.33246666666666663,0.3226666666666666,0.41546666666666676,0.3499705882352941,0.33510294117647055,0.4002794117647059,0.008808515555555556,0.008952355555555553,0.008543715555555555,0.009710646193771627,0.00939606293252595,0.01905305428200692,0.5133970588235295,0.2814558823529411,0.4127058823529412,0.18093039215686285,0.04121078431372549,0.0027607843137255617,30,68,0.47176570121475314,0.8598529411764702,71.83673469387755,98,21
1761,1761.0,0.33096666666666663,0.3183666666666667,0.41256666666666675,0.3499705882352941,0.33510294117647055,0.4002794117647059,0.008914165555555555,0.00895249888888889,0.008952712222222221,0.009710646193771627,0.00939606293252595,0.01905305428200692,0.5133970588235295,0.2814558823529411,0.4127058823529412,0.18243039215686285,0.036910784313725575,0.00013921568627445202,30,68,0.4773682401004658,0.8663235294117643,71.85714285714286,98,21
1762,1762.0,0.33575000000000005,0.31659375,0.41075,0.34802816901408445,0.3376901408450704,0.401,0.008985,0.008622366210937501,0.0098771875,0.009453492164253122,0.00921460821265622,0.01999233802816901,0.5151690140845071,0.281056338028169,0.41192957746478875,0.17941901408450706,0.03553741197183102,0.0011795774647887503,32,71,0.44080041679212034,0.8253521126760559,71.58252427184466,103,25
1763,1763.0,0.3335454545454546,0.31569696969696975,0.412030303030303,0.34802816901408445,0.3376901408450704,0.401,0.008868247933884296,0.008386817263544538,0.00963033241505969,0.009453492164253122,0.00921460821265622,0.01999233802816901,0.5151690140845071,0.281056338028169,0.41192957746478875,0.18162355953905251,0.03464063166880077,0.00010072556551427025,33,71,0.4412477364397091,0.8377464788732389,72.34615384615384,104,25
1764,1764.0,0.33282352941176474,0.3138823529411765,0.4067647058823529,0.3487246376811594,0.33686956521739125,0.3982898550724637,0.008624615916955018,0.008248809688581316,0.010262062283737026,0.009264605335013653,0.008734200378071832,0.02011855366519638,0.5134927536231885,0.28556521739130436,0.409231884057971,0.18066922421142373,0.02831713554987214,0.00246717817561809,34,69,0.4993770228595041,0.8602898550724635,72.94174757281553,103,21
1765,1765.0,0.33172222222222225,0.3131111111111111,0.39244444444444443,0.34977611940298503,0.3366268656716418,0.40332835820895524,0.008308811728395062,0.007884043209876545,0.012881802469135804,0.009314352862552907,0.008980950323011808,0.019715205613722434,0.5210298507462686,0.2857014925373135,0.4210597014925373,0.18930762852404637,0.027409618573797645,0.028615257048092868,36,67,0.5498297877769704,0.8370149253731338,71.96116504854369,103,22
1766,1766.0,0.32441176470588234,0.3031176470588235,0.39288235294117646,0.3492923076923077,0.3330615384615384,0.40598461538461533,0.00786518339100346,0.008014809688581315,0.011969162629757788,0.00945482224852071,0.008838765443786981,0.018957768994082837,0.5257076923076923,0.2875692307692308,0.4248,0.20129592760180998,0.015548416289592693,0.03191764705882355,34,65,0.5746924358868006,0.8230769230769225,70.77777777777777,99,25
1767,1767.0,0.32148571428571426,0.2991428571428571,0.39431428571428573,0.351515625,0.333703125,0.412546875,0.007931564081632656,0.008322979591836735,0.011696901224489797,0.009458374755859374,0.008996364990234375,0.018916466552734372,0.5267031249999999,0.28004687500000003,0.431125,0.20521741071428568,0.01909598214285707,0.03681071428571425,35,64,0.565453842516459,0.8123437499999996,70.18181818181819,99,27
1768,1768.0,0.32263636363636367,0.29712121212121206,0.39348484848484855,0.35547619047619045,0.33706349206349207,0.413063492063492,0.007721928374655647,0.008286894398530762,0.01238394674012856,0.009582408163265305,0.008489678508440414,0.01918951977828168,0.5252698412698412,0.28231746031746036,0.44255555555555554,0.20263347763347755,0.014803751803751708,0.04907070707070699,33,63,0.5558300126129758,0.7879365079365074,67.3125,96,29
1769,1769.0,0.32217142857142855,0.2977142857142857,0.399,0.35359375000000004,0.3330625,0.4115,0.007798656326530611,0.00795494693877551,0.010693371428571432,0.0095383662109375,0.008727714843750001,0.01967525,0.5216406250000001,0.27740624999999997,0.43590625,0.19946919642857153,0.020308035714285744,0.036906249999999974,35,64,0.5647933402354037,0.7607812499999995,67.47474747474747,99,29
1770,1770.0,0.32217142857142855,0.2977142857142857,0.399,0.35435937500000003,0.33587500000000003,0.41021874999999997,0.007798656326530611,0.00795494693877551,0.010693371428571432,0.009412073974609376,0.008516953125,0.0197620146484375,0.5273125,0.277390625,0.44359375,0.2051410714285714,0.020323660714285707,0.04459374999999999,35,64,0.5651861982784738,0.7757812499999995,67.5959595959596,99,28
1771,1771.0,0.32217142857142855,0.2977142857142857,0.399,0.35435937500000003,0.33587500000000003,0.41021874999999997,0.007798656326530611,0.00795494693877551,0.010693371428571432,0.009412073974609376,0.008516953125,0.0197620146484375,0.5273125,0.277390625,0.44359375,0.2051410714285714,0.020323660714285707,0.04459374999999999,35,64,0.5698647706072584,0.7948437499999995,68.5959595959596,99,28
1772,1772.0,0.3207647058823529,0.2987058823529411,0.39479411764705885,0.3516615384615384,0.3322923076923077,0.4049384615384616,0.007112768166089966,0.0078269723183391,0.011416163494809691,0.009376285443786981,0.009296883786982249,0.019639780828402363,0.5059538461538461,0.282,0.40610769230769234,0.1851891402714932,0.016705882352941126,0.011313574660633485,34,65,0.6305431278337943,0.7421538461538457,65.8080808080808,99,27
1773,1773.0,0.3207647058823529,0.2987058823529411,0.39479411764705885,0.35135937500000003,0.33265625,0.406703125,0.007112768166089966,0.0078269723183391,0.011416163494809691,0.009516855224609376,0.0094335380859375,0.019744239990234374,0.505375,0.28315625,0.412453125,0.18461029411764712,0.0155496323529411,0.017659007352941125,34,64,0.6512866533886521,0.7526562499999996,66.37755102040816,98,27
1774,1774.0,0.3220909090909091,0.2993030303030303,0.39881818181818185,0.3478730158730159,0.33384126984126994,0.4050793650793651,0.007268506887052341,0.008052029384756658,0.01121154269972452,0.009465571176618795,0.009589403376165281,0.020480612748803223,0.4973174603174603,0.29136507936507927,0.4078095238095237,0.17522655122655123,0.007937950937951022,0.008991341991341828,33,63,0.6351797114771819,0.7644444444444441,66.26041666666667,96,28
1775,1775.0,0.32153125000000005,0.29790625000000004,0.39456250000000004,0.348953125,0.33409374999999997,0.40546875,0.0074853115234375,0.008239272460937499,0.010964246093750001,0.009391169677734375,0.009443584960937501,0.020170155273437497,0.504390625,0.295375,0.4153125,0.18285937499999994,0.0025312500000000404,0.020749999999999935,32,64,0.5950518918571028,0.7898437499999995,66.76041666666667,96,29
1776,1776.0,0.31818181818181823,0.30009090909090913,0.39333333333333337,0.34630769230769226,0.33296923076923074,0.4047846153846154,0.007617482093663912,0.008142325068870523,0.010680343434343436,0.009694582248520711,0.009379229822485208,0.01988979976331361,0.5025846153846154,0.2934153846153846,0.41256923076923074,0.18440279720279718,0.006675524475524552,0.019235897435897376,33,65,0.6022045673743999,0.8110769230769226,67.45918367346938,98,26
1777,1777.0,0.3223333333333333,0.3025151515151515,0.40542424242424246,0.34630769230769226,0.33296923076923074,0.4047846153846154,0.007882464646464648,0.0076749770431588605,0.011390910927456383,0.009694582248520711,0.009379229822485208,0.01988979976331361,0.5025846153846154,0.2934153846153846,0.41256923076923074,0.1802512820512821,0.009099766899766937,0.007144988344988279,33,65,0.6244421754964304,0.8003076923076918,66.9795918367347,98,26
1778,1778.0,0.3223333333333333,0.3025151515151515,0.40542424242424246,0.3506290322580645,0.33519354838709675,0.4048548387096775,0.007882464646464648,0.0076749770431588605,0.011390910927456383,0.009186588189386056,0.009557252861602495,0.0204607047346514,0.511741935483871,0.31041935483870964,0.4229032258064516,0.18940860215053773,0.007904203323558123,0.017478983382209157,33,62,0.6269614467135725,0.8646774193548381,65.74736842105263,95,22
1779,1779.0,0.3181212121212121,0.30054545454545456,0.4056666666666667,0.3496875,0.33543750000000006,0.40407812499999995,0.007913864095500461,0.006969944903581268,0.011392585858585859,0.009114683593749999,0.009475714843750002,0.02216904077148437,0.510046875,0.306265625,0.423125,0.19192566287878793,0.005720170454545426,0.017458333333333298,33,64,0.601679799742457,0.8667187499999995,65.84536082474227,97,23
1780,1780.0,0.3219428571428571,0.30114285714285716,0.41491428571428574,0.3496875,0.33543750000000006,0.40407812499999995,0.00791525387755102,0.006613265306122449,0.012610364081632656,0.009114683593749999,0.009475714843750002,0.02216904077148437,0.510046875,0.306265625,0.423125,0.18810401785714292,0.005122767857142829,0.008210714285714238,35,64,0.5997604871129936,0.8951562499999995,66.92929292929293,99,20
1781,1781.0,0.3272857142857143,0.30274285714285715,0.41745714285714286,0.35068749999999993,0.33771875,0.40940625,0.010329004081632651,0.007026248163265306,0.012967962448979594,0.00928630859375,0.009578014648437501,0.0210582099609375,0.5180625000000001,0.303390625,0.43642187499999996,0.1907767857142858,0.000647767857142878,0.0189647321428571,35,64,0.6184884710444032,0.8965624999999995,66.70707070707071,99,20
1782,1782.0,0.32932432432432435,0.302,0.42383783783783785,0.3527428571428572,0.3350000000000001,0.40822857142857144,0.009848813732651568,0.006658756756756757,0.013077108838568297,0.008996991020408164,0.010813600000000001,0.020408062040816327,0.5133857142857141,0.2873714285714286,0.4311142857142858,0.18406138996138977,0.01462857142857138,0.0072764478764479334,37,70,0.5714033002191483,0.8349999999999997,67.53271028037383,107,20
1783,1783.0,0.32802631578947367,0.3032105263157895,0.4240526315789474,0.3543188405797102,0.33597101449275363,0.41171014492753627,0.00965197299168975,0.006537745152354572,0.012734681440443213,0.008953521529090529,0.010904318000420079,0.019855336273892035,0.5195942028985506,0.29021739130434787,0.43613043478260877,0.19156788710907696,0.012993135011441614,0.012077803203661364,38,69,0.5632673155859657,0.8414492753623184,67.58878504672897,107,21
1784,1784.0,0.3274047619047619,0.31088095238095237,0.4198809523809524,0.3540985915492958,0.3350845070422535,0.40633802816901404,0.00896357426303855,0.0066144858276643995,0.012322676303854878,0.009168511406466972,0.01064959849236263,0.02034349137075977,0.5145633802816901,0.29169014084507044,0.4267887323943662,0.1871586183769282,0.019190811535881924,0.0069077800134138,42,71,0.578041717067888,0.774507042253521,66.7433628318584,113,22
1785,1785.0,0.33122727272727276,0.31213636363636366,0.4225454545454545,0.3568904109589041,0.3386849315068493,0.408986301369863,0.00889026652892562,0.00636420867768595,0.014305747933884299,0.009196755113529742,0.010818078814036403,0.02009823268905986,0.5273013698630137,0.2935342465753425,0.4422328767123288,0.19607409713574092,0.01860211706102116,0.019687422166874302,44,73,0.5510249786262975,0.7393150684931504,66.57264957264957,117,26
1786,1786.0,0.33122727272727276,0.31213636363636366,0.4225454545454545,0.3564594594594595,0.34105405405405403,0.41083783783783784,0.00889026652892562,0.00636420867768595,0.014305747933884299,0.00903338349159971,0.0107764565376187,0.020400784514243975,0.5252432432432433,0.2906891891891892,0.44837837837837835,0.19401597051597058,0.021447174447174477,0.02583292383292385,44,74,0.535869037322117,0.7408108108108105,66.2542372881356,118,24
1787,1787.0,0.32968181818181824,0.31359090909090914,0.4285227272727273,0.3564594594594595,0.34105405405405403,0.41083783783783784,0.00922239876033058,0.006364605371900826,0.012799067665289255,0.00903338349159971,0.0107764565376187,0.020400784514243975,0.5252432432432433,0.2906891891891892,0.44837837837837835,0.1955614250614251,0.022901719901719964,0.019855651105651073,44,74,0.5358199406914085,0.7518918918918915,67.29661016949153,118,24
1788,1788.0,0.32769767441860465,0.312139534883721,0.4240232558139535,0.3573013698630137,0.34009589041095895,0.40979452054794524,0.00936714115738237,0.006024027041644133,0.013892766901027582,0.0092970324638769,0.010885072996809908,0.019878711202852315,0.5311643835616439,0.2883972602739726,0.4580821917808219,0.20346670914303921,0.02374227460974837,0.034058935966868376,43,73,0.5004517364563124,0.7680821917808215,67.27586206896552,116,25
1789,1789.0,0.32902272727272724,0.3133181818181819,0.42809090909090913,0.3573013698630137,0.34009589041095895,0.40979452054794524,0.009229749483471075,0.005946853305785124,0.014288491735537194,0.0092970324638769,0.010885072996809908,0.019878711202852315,0.5311643835616439,0.2883972602739726,0.4580821917808219,0.20214165628891662,0.024920921544209274,0.029991282689912746,44,73,0.4782422096420211,0.77958904109589,67.76923076923077,117,26
1790,1790.0,0.32902272727272724,0.3133181818181819,0.42809090909090913,0.35862499999999997,0.34244444444444444,0.41509722222222223,0.009229749483471075,0.005946853305785124,0.014288491735537194,0.009456206597222223,0.010895746913580247,0.019741532214506172,0.5503333333333333,0.2829861111111111,0.49020833333333336,0.2213106060606061,0.03033207070707078,0.062117424242424224,44,72,0.4402680528851897,0.8088888888888885,67.21551724137932,116,24
1791,1791.0,0.3290444444444444,0.31440000000000007,0.42844444444444446,0.35324324324324324,0.3402162162162162,0.41524324324324324,0.009024664691358025,0.005866195555555556,0.013976469135802473,0.009466562454346237,0.010705196493791088,0.01988377867056245,0.5493513513513513,0.2837972972972973,0.4892027027027027,0.22030690690690685,0.030602702702702766,0.06075825825825826,45,74,0.4089095873255061,0.7951351351351348,67.24369747899159,119,24
1792,1792.0,0.3270652173913043,0.31700000000000006,0.4307391304347826,0.3557297297297297,0.3423918918918919,0.4141081081081081,0.00900475661625709,0.006042869565217392,0.01390958412098299,0.009601981008035063,0.010974022096420746,0.01979839371804237,0.5587837837837839,0.2768243243243243,0.49955405405405406,0.23171856639247962,0.04017567567567576,0.06881492361927144,46,74,0.4030485853153468,0.7856756756756753,66.85,120,22
1793,1793.0,0.3242888888888889,0.3158,0.4280222222222223,0.35656,0.34168000000000004,0.41296,0.008850294320987653,0.006110915555555556,0.013879132839506172,0.009524966399999998,0.010865204266666666,0.0196319584,0.5578933333333335,0.2738533333333333,0.49294666666666664,0.23360444444444456,0.04194666666666674,0.06492444444444434,45,75,0.40208920160479483,0.804133333333333,68.50833333333334,120,20
1794,1794.0,0.3272608695652174,0.3162826086956522,0.4237173913043478,0.35656,0.34168000000000004,0.41296,0.008787671077504725,0.005918985349716445,0.01475281143667297,0.009524966399999998,0.010865204266666666,0.0196319584,0.5578933333333335,0.2738533333333333,0.49294666666666664,0.23063246376811608,0.04242927536231894,0.06922927536231882,46,75,0.4066072855985106,0.8121333333333332,69.19834710743801,121,19
1795,1795.0,0.32824444444444445,0.3207333333333333,0.42586666666666656,0.3579729729729729,0.3411891891891892,0.4154459459459459,0.009044762469135803,0.006243306666666668,0.013819537777777778,0.009503945215485757,0.010993964207450694,0.019433760591672754,0.5636486486486486,0.27277027027027023,0.4996081081081081,0.23540420420420416,0.04796306306306308,0.07374144144144151,45,74,0.41356335353369883,0.8105405405405403,69.12605042016807,119,21
1796,1796.0,0.32090909090909087,0.3210454545454545,0.41463636363636364,0.35707042253521126,0.338,0.4142253521126761,0.007857173553719008,0.006127861570247933,0.012484913223140498,0.008966657012497522,0.011186478873239434,0.019852399920650667,0.558225352112676,0.2613239436619718,0.4926619718309858,0.23731626120358512,0.05972151088348271,0.07802560819462218,44,71,0.443512340475792,0.7621126760563376,68.09565217391304,115,26
1797,1797.0,0.31540909090909086,0.31725,0.4132727272727273,0.35660563380281696,0.3390422535211268,0.41674647887323946,0.005603923553719008,0.005700096590909091,0.012247516528925619,0.008919562785161674,0.010951927792104743,0.019232273755207294,0.5601971830985916,0.25649295774647884,0.5000422535211266,0.2447880921895007,0.06075704225352113,0.08676952624839934,44,71,0.474615937171191,0.7384507042253518,68.18260869565218,115,25
1798,1798.0,0.3162558139534884,0.3201627906976744,0.4101395348837209,0.36151388888888886,0.33847222222222223,0.42566666666666664,0.005702702001081666,0.005459345592212006,0.01210039913466739,0.00899247202932099,0.010865360339506172,0.021718277777777777,0.5636805555555556,0.24938888888888894,0.5114583333333332,0.24742474160206723,0.07077390180878546,0.10131879844961234,43,72,0.4573015066139805,0.7524999999999997,67.31304347826087,115,23
1799,1799.0,0.3183953488372093,0.32106976744186044,0.41039534883720935,0.36151388888888886,0.33847222222222223,0.42566666666666664,0.00509772742022715,0.0050253207138994055,0.014338518117901567,0.00899247202932099,0.010865360339506172,0.021718277777777777,0.5636805555555556,0.24938888888888894,0.5114583333333332,0.2452852067183463,0.0716808785529715,0.10106298449612389,43,72,0.49722312450529454,0.7449999999999997,66.41739130434783,115,21
1800,1800.0,0.315046511627907,0.3183023255813954,0.41579069767441873,0.3608767123287671,0.3392054794520548,0.42524657534246574,0.0051092536506219585,0.005142583017847486,0.013819560843699296,0.008898519046725464,0.010755231750797524,0.02143347344717583,0.5604657534246577,0.25316438356164384,0.5089041095890411,0.24541924179675068,0.06513794201975154,0.09311341191462236,43,73,0.49485623433293147,0.7315068493150682,67.69827586206897,116,23
1801,1801.0,0.31527272727272726,0.31472727272727274,0.4142954545454547,0.3608767123287671,0.3392054794520548,0.42524657534246574,0.004995334710743801,0.005575289256198347,0.013601617252066113,0.008898519046725464,0.010755231750797524,0.02143347344717583,0.5604657534246577,0.25316438356164384,0.5089041095890411,0.2451930261519304,0.06156288916562891,0.0946086550435864,44,73,0.4844200014135575,0.7567123287671228,68.35897435897436,117,21
1802,1802.0,0.31668181818181823,0.31288636363636363,0.41575000000000006,0.3600694444444444,0.3411111111111111,0.42227777777777775,0.005226126033057851,0.005482282541322315,0.014542642045454544,0.00898845351080247,0.010113959876543212,0.02107206172839506,0.5622222222222222,0.257,0.5172500000000001,0.24554040404040395,0.05588636363636362,0.10150000000000003,44,72,0.47917321904538396,0.7554166666666663,66.93103448275862,116,23
1803,1803.0,0.31630952380952376,0.3098095238095238,0.4204761904761905,0.3585857142857143,0.3383571428571428,0.4230571428571428,0.005267642290249433,0.005398773242630386,0.014591725623582767,0.00916498551020408,0.009499829591836734,0.021523996734693875,0.5585142857142857,0.26021428571428573,0.5190142857142858,0.24220476190476198,0.04959523809523808,0.09853809523809526,42,70,0.4743854298730057,0.7992857142857138,67.0625,112,20
1804,1804.0,0.31856521739130433,0.3060869565217391,0.417195652173913,0.35738028169014086,0.3384366197183098,0.42140845070422533,0.005909984877126653,0.005287731568998109,0.015489548676748583,0.009137615949216426,0.009366471335052569,0.021411114858163067,0.5514366197183099,0.2603380281690141,0.5126760563380283,0.2328714023270056,0.04574892835272504,0.09548040416411524,46,71,0.48802129615077244,0.7591549295774643,67.02564102564102,117,21
1805,1805.0,0.3217608695652174,0.3063043478260869,0.41132608695652173,0.3604383561643836,0.33798630136986296,0.4247397260273973,0.006404268903591683,0.005302863894139887,0.016326089319470702,0.009377506474010134,0.00926305460686808,0.021218493901294804,0.5531780821917809,0.26258904109589043,0.5146164383561644,0.2314172126265635,0.04371530673019647,0.10329035139964271,46,73,0.464617961455729,0.7682191780821914,67.66386554621849,119,19
1806,1806.0,0.3237659574468085,0.30744680851063827,0.41227659574468084,0.3579452054794521,0.3387534246575343,0.4245205479452054,0.006452945224083295,0.005250076957899503,0.01602028519692168,0.009263777819478328,0.00926402139238131,0.02116178382435729,0.5558767123287671,0.26312328767123283,0.5138493150684931,0.2321107548819586,0.04432352083940544,0.10157271932381223,47,73,0.4499198194857564,0.7709589041095886,68.475,120,20
1807,1807.0,0.32242553191489365,0.30761702127659574,0.4072127659574468,0.3556756756756757,0.3391891891891892,0.42199999999999993,0.006393265731100046,0.005673725667722951,0.017524465368945225,0.009514597516435356,0.009152693937180425,0.021339594594594592,0.5514729729729729,0.2654594594594594,0.507081081081081,0.22904744105807928,0.04215756181713631,0.09986831512363414,47,74,0.46576330424648904,0.7577027027027021,69.11570247933884,121,19
1808,1808.0,0.32242553191489365,0.30761702127659574,0.4072127659574468,0.3505890410958904,0.33863013698630134,0.41890410958904106,0.006393265731100046,0.005673725667722951,0.017524465368945225,0.009062050290861325,0.00950480840683055,0.02189756614749484,0.536013698630137,0.2623561643835617,0.48787671232876717,0.2135881667152434,0.04526085689303405,0.08066394637132035,47,73,0.4314394447208486,0.7483561643835612,68.7,120,23
1809,1809.0,0.3158372093023256,0.30727906976744185,0.39423255813953495,0.34966216216216217,0.3352432432432432,0.4200945945945946,0.006323299080584099,0.005786340724716063,0.015944922660897778,0.009002304784514243,0.010213751643535426,0.021705112673484298,0.5319324324324325,0.2588108108108108,0.4861621621621621,0.21609522313010687,0.04846825895663104,0.09192960402262718,43,74,0.45945572862427836,0.7610810810810807,69.09401709401709,117,21
1810,1810.0,0.319952380952381,0.3087857142857143,0.3908333333333333,0.35202666666666665,0.33346666666666663,0.41958666666666666,0.006295473922902493,0.006312263605442177,0.015787329365079365,0.008352639288888889,0.01055056888888889,0.02152066915555555,0.5425866666666667,0.25769333333333333,0.4922933333333333,0.22263428571428567,0.051092380952380945,0.10146,42,75,0.44128567015989956,0.7495999999999996,68.3931623931624,117,23
1811,1811.0,0.319952380952381,0.3087857142857143,0.3908333333333333,0.35265384615384615,0.33097435897435895,0.41916666666666674,0.006295473922902493,0.006312263605442177,0.015787329365079365,0.007856123767258381,0.010466358316896778,0.021498754273504273,0.5438589743589745,0.26078205128205134,0.49689743589743585,0.22390659340659347,0.04800366300366293,0.10606410256410254,42,78,0.4482790195800045,0.7698717948717945,68.54166666666667,120,15
1812,1812.0,0.32104999999999995,0.30904999999999994,0.39497499999999997,0.3532564102564103,0.3320128205128205,0.42282051282051286,0.0065304975,0.0066262975,0.016030424374999998,0.0077519342537804075,0.010401987015121631,0.0202455318869165,0.5528717948717949,0.2648974358974359,0.5088589743589744,0.231821794871795,0.04415256410256402,0.11388397435897446,40,78,0.44500903967595545,0.7775641025641021,69.08474576271186,118,17
1813,1813.0,0.3191,0.31695,0.399025,0.3540493827160494,0.3300246913580247,0.4318518518518518,0.006740689999999999,0.007143097500000001,0.014392224375000002,0.007558614845297973,0.010048493217497333,0.019787582990397807,0.5667283950617285,0.2579876543209877,0.5247160493827161,0.24762839506172846,0.05896234567901232,0.12569104938271608,40,81,0.46807650284391844,0.7316049382716044,67.8099173553719,121,17
1814,1814.0,0.3176,0.315075,0.397575,0.3528674698795181,0.3268313253012048,0.4307831325301205,0.006756739999999999,0.006983769374999999,0.014018994375,0.0074755607490201775,0.010222549862098997,0.02015082043838003,0.5548433734939759,0.25780722891566266,0.5153493975903615,0.23724337349397595,0.05726777108433734,0.11777439759036146,40,83,0.4220310748889933,0.7197590361445779,67.52845528455285,123,19
1815,1815.0,0.3134285714285714,0.30845714285714276,0.3828,0.3528674698795181,0.3268313253012048,0.4307831325301205,0.007061273469387754,0.006844248163265306,0.012771588571428572,0.0074755607490201775,0.010222549862098997,0.02015082043838003,0.5548433734939759,0.25780722891566266,0.5153493975903615,0.24141480206540455,0.05064991394148011,0.1325493975903615,35,83,0.4462516316202176,0.7599999999999995,68.71186440677967,118,16
1816,1816.0,0.3151666666666666,0.3051944444444444,0.3790833333333333,0.3528674698795181,0.3268313253012048,0.4307831325301205,0.006970861111111109,0.007026712191358025,0.01290029861111111,0.0074755607490201775,0.010222549862098997,0.02015082043838003,0.5548433734939759,0.25780722891566266,0.5153493975903615,0.23967670682730935,0.04738721552878172,0.13626606425702814,36,83,0.4302517523265354,0.7737349397590357,69.9327731092437,119,16
1817,1817.0,0.31155555555555553,0.3095833333333334,0.3800833333333334,0.3546626506024096,0.32487951807228915,0.42607228915662654,0.006272913580246914,0.007093520833333333,0.012641131944444443,0.007589331978516474,0.010220539700972567,0.02043505501524169,0.5531686746987953,0.25968674698795186,0.5151325301204819,0.24161311914323974,0.04989658634538152,0.1350491967871485,36,83,0.43832887981875035,0.765903614457831,69.26890756302521,119,15
1818,1818.0,0.3140606060606061,0.30593939393939396,0.3775757575757576,0.3551309523809523,0.3231547619047619,0.42369047619047623,0.006339511478420569,0.007555875114784206,0.013687820018365472,0.007517185232426306,0.010345773667800453,0.020662642290249437,0.5541904761904762,0.2567142857142858,0.509,0.24012987012987014,0.04922510822510817,0.1314242424242424,33,84,0.44864625386731866,0.7566666666666662,70.23931623931624,117,19
1819,1819.0,0.3242499999999999,0.31608333333333327,0.39136111111111105,0.3569204545454545,0.3231590909090909,0.418409090909091,0.006220187499999999,0.007528798611111109,0.015340230709876541,0.007360618672520661,0.010401679235537191,0.02105192355371901,0.5514545454545455,0.2505227272727273,0.5002045454545455,0.2272045454545456,0.06556060606060599,0.10884343434343446,36,88,0.4797682113336967,0.7122727272727267,69.09677419354838,124,18
1820,1820.0,0.3302058823529412,0.3144411764705882,0.397235294117647,0.3586373626373627,0.3253846153846154,0.41956043956043965,0.005898104671280276,0.007906128892733564,0.014941709342560554,0.00737930805458278,0.010539643279797126,0.02124253206134525,0.5585604395604397,0.24524175824175826,0.504032967032967,0.22835455720749848,0.06919941822882997,0.10679767291531994,34,91,0.4697618320621327,0.7128571428571424,69.472,125,18
1821,1821.0,0.33579999999999993,0.31882857142857146,0.40117142857142857,0.3569777777777778,0.3249222222222222,0.41657777777777777,0.005886217142857143,0.0073359134693877556,0.016311284897959185,0.0072838661728395065,0.009976493950617284,0.02179548839506173,0.5544,0.25025555555555556,0.49988888888888894,0.21860000000000007,0.0685730158730159,0.09871746031746037,35,90,0.4981367631032437,0.7222222222222218,68.992,125,15
1822,1822.0,0.3438285714285714,0.3218571428571429,0.4160285714285714,0.3569777777777778,0.3249222222222222,0.41657777777777777,0.006851684897959184,0.00865429387755102,0.01741619918367347,0.0072838661728395065,0.009976493950617284,0.02179548839506173,0.5544,0.25025555555555556,0.49988888888888894,0.21057142857142863,0.07160158730158733,0.08386031746031752,35,90,0.5205784110274532,0.7066666666666663,69.552,125,18
1823,1823.0,0.3438285714285714,0.3218571428571429,0.4160285714285714,0.3590689655172413,0.32620689655172413,0.4201724137931034,0.006851684897959184,0.00865429387755102,0.01741619918367347,0.00734834007134364,0.009866715814506542,0.021821016250495442,0.5535632183908047,0.2467011494252874,0.5049080459770114,0.20973464696223332,0.0751559934318555,0.08887947454844003,35,87,0.4812604612781124,0.7205747126436778,69.62295081967213,122,20
1824,1824.0,0.3504,0.3218571428571429,0.42005714285714285,0.3574659090909091,0.3241477272727273,0.41496590909090914,0.007257611428571428,0.00865429387755102,0.01826588244897959,0.006879203383264463,0.009866262267561985,0.022683782928719008,0.552409090909091,0.2442045454545454,0.49817045454545456,0.20200909090909097,0.0776525974025975,0.0781133116883117,35,88,0.4708861663127297,0.7145454545454542,69.08943089430895,123,20
1825,1825.0,0.3502162162162162,0.3211621621621622,0.4164054054054054,0.35841111111111107,0.3244444444444444,0.41701111111111117,0.006984818115412708,0.008296784514243974,0.017552457268078886,0.006769397654320989,0.009845158024691358,0.022363833209876546,0.5594,0.24791111111111105,0.5077222222222222,0.20918378378378383,0.07325105105105115,0.0913168168168168,37,90,0.4707404629116066,0.6813333333333329,68.44881889763779,127,23
1826,1826.0,0.3502162162162162,0.3211621621621622,0.4164054054054054,0.35841111111111107,0.3244444444444444,0.41701111111111117,0.006984818115412708,0.008296784514243974,0.017552457268078886,0.006769397654320989,0.009845158024691358,0.022363833209876546,0.5594,0.24791111111111105,0.5077222222222222,0.20918378378378383,0.07325105105105115,0.0913168168168168,37,90,0.47189001455954205,0.6835555555555552,69.44881889763779,127,24
1827,1827.0,0.34877777777777774,0.32197222222222227,0.41488888888888886,0.3585164835164835,0.32397802197802195,0.41638461538461546,0.007102283950617284,0.008502971450617285,0.017954932098765433,0.006696007970051926,0.009756548967516002,0.022153401521555368,0.5587802197802199,0.24678021978021972,0.5021428571428571,0.2100024420024421,0.07519200244200255,0.08725396825396825,36,91,0.4824618021758571,0.6798901098901093,70.49606299212599,127,25
1828,1828.0,0.34583333333333327,0.3186388888888889,0.4097222222222222,0.35970212765957443,0.3269148936170213,0.41752127659574473,0.007009861111111109,0.008638341820987654,0.01846442283950617,0.006574826165685829,0.009721248076052512,0.021727249547306468,0.5619148936170214,0.24478723404255312,0.5112340425531915,0.21608156028368813,0.0738516548463358,0.10151182033096928,36,94,0.4781473539607693,0.6680851063829784,70.31538461538462,130,25
1829,1829.0,0.346657894736842,0.32363157894736844,0.4122105263157895,0.356978947368421,0.3241368421052632,0.41978947368421055,0.0067271724376731295,0.008632495844875347,0.017668534626038783,0.006551431135734073,0.009901254958448754,0.022090081994459835,0.5598631578947368,0.2438210526315789,0.5080315789473683,0.21320526315789484,0.07981052631578953,0.09582105263157875,38,95,0.49351402134386957,0.6573684210526312,70.13533834586467,133,23
1830,1830.0,0.34586486486486484,0.3272162162162162,0.4166216216216216,0.35429166666666667,0.3193229166666667,0.4193854166666667,0.00688508984660336,0.008377520818115412,0.017406667640613587,0.006575539930555557,0.009744635308159723,0.021914236870659725,0.5493958333333334,0.23809375,0.49983333333333335,0.20353096846846858,0.08912246621621622,0.08321171171171177,37,96,0.45260949158318986,0.6599999999999996,69.95488721804512,133,25
1831,1831.0,0.3489428571428571,0.3209142857142857,0.41917142857142864,0.35442105263157897,0.31962105263157903,0.41911578947368433,0.006936625306122449,0.007951792653061224,0.018101856326530615,0.0066431490304709176,0.009838677451523547,0.022137933961218836,0.5521157894736842,0.24041052631578944,0.5015684210526316,0.20317293233082712,0.08050375939849627,0.08239699248120291,35,95,0.45175873839160346,0.6784210526315785,70.78461538461538,130,26
1832,1832.0,0.3475,0.31914705882352945,0.4152647058823529,0.35417525773195874,0.3177113402061856,0.41865979381443297,0.007067779411764706,0.008076360726643599,0.01810007698961938,0.006509092996067596,0.009828865129131684,0.021945399723668824,0.5532268041237114,0.24320618556701032,0.5040309278350517,0.20572680412371142,0.07594087325651913,0.08876622195269873,34,97,0.46019978814480167,0.7046391752577313,71.87786259541984,131,20
1833,1833.0,0.3475,0.31914705882352945,0.4152647058823529,0.35621276595744683,0.31762765957446815,0.4205106382978725,0.007067779411764706,0.008076360726643599,0.01810007698961938,0.006434827071072885,0.009977191149841556,0.021744420099592567,0.5615531914893617,0.2451170212765958,0.5088085106382978,0.2140531914893617,0.07403003754693366,0.09354380475594487,34,94,0.4356252936040327,0.73063829787234,72.21875,128,21
1834,1834.0,0.34833333333333333,0.3176944444444445,0.41738888888888886,0.3545957446808511,0.31689361702127666,0.420904255319149,0.0069109444444444435,0.007976045524691357,0.0186023487654321,0.006410262109551834,0.00983003123585333,0.021792278066998648,0.5609893617021277,0.24997872340425534,0.5112765957446809,0.21265602836879433,0.06771572104018916,0.09388770685579201,36,94,0.43682575467086016,0.7287234042553186,72.82307692307693,130,20
1835,1835.0,0.35191176470588237,0.32017647058823534,0.4218529411764706,0.3538817204301075,0.317010752688172,0.41970967741935494,0.006054256920415224,0.008242557093425605,0.01820953719723183,0.0062632655798358205,0.009978462249971095,0.021847818938605622,0.5529892473118279,0.2510537634408602,0.4977096774193549,0.2010774826059455,0.06912270714737512,0.0758567362428843,34,93,0.4452745720709308,0.7282795698924727,73.24409448818898,127,22
1836,1836.0,0.3543636363636364,0.3083939393939394,0.41948484848484846,0.35443956043956043,0.31651648351648354,0.4164945054945055,0.006154049586776859,0.006717450872359963,0.018464007346189165,0.006149081511894698,0.010196579398623356,0.02160849172805217,0.544010989010989,0.25547252747252747,0.4923186813186814,0.1896473526473526,0.05292141192141192,0.07283383283383293,33,91,0.4428497442822594,0.7330769230769225,73.29032258064517,124,23
1837,1837.0,0.3479090909090909,0.3051818181818181,0.3997272727272727,0.354945054945055,0.3174395604395605,0.41820879120879123,0.0061339008264462815,0.007005179063360882,0.017912319559228652,0.005617590387634346,0.009398554039367226,0.02172594541722014,0.5444945054945056,0.260021978021978,0.4928571428571429,0.19658541458541473,0.04515984015984009,0.09312987012987017,33,91,0.4988189900469997,0.7067032967032961,73.49193548387096,124,24
1838,1838.0,0.339,0.301741935483871,0.39216129032258074,0.35363043478260875,0.31538043478260874,0.41592391304347825,0.00508348387096774,0.006767933402705516,0.01773090946930281,0.0057137982041587905,0.00968223570415879,0.021964874645557658,0.5413152173913044,0.25856521739130434,0.48845652173913046,0.20231521739130437,0.04317671809256668,0.09629523141654972,31,92,0.5180605657033991,0.7297826086956516,74.72357723577235,123,21
1839,1839.0,0.3392258064516128,0.3023548387096774,0.39016129032258073,0.35223655913978497,0.31433333333333324,0.41140860215053765,0.005095400624349634,0.0068873902185223705,0.017135554630593134,0.005702137588160481,0.009504480286738351,0.021708263151809463,0.534978494623656,0.25616129032258067,0.48364516129032264,0.19575268817204317,0.04619354838709672,0.09348387096774191,31,93,0.5050910013269149,0.725698924731182,73.91935483870968,124,21
1840,1840.0,0.3456774193548387,0.30993548387096775,0.3857741935483872,0.35040659340659347,0.31565934065934065,0.4130329670329671,0.005053444328824142,0.006398253902185224,0.017395787721123834,0.005628219297186331,0.009629829006158677,0.022019152759328583,0.5361428571428571,0.25594505494505493,0.4867582417582418,0.19046543778801844,0.053990428925912826,0.10098404820985457,31,91,0.5215554126860911,0.7310989010989006,73.90163934426229,122,21
1841,1841.0,0.35185714285714287,0.2965,0.3707857142857143,0.34824999999999995,0.3129347826086956,0.4114891304347827,0.005187051020408164,0.007241321428571426,0.01700366836734694,0.005803752717391303,0.009817778355387524,0.02173938031663516,0.5292173913043479,0.25351086956521734,0.47930434782608705,0.177360248447205,0.04298913043478264,0.10851863354037278,28,92,0.5596963080170079,0.7226086956521733,72.64166666666667,120,21
1842,1842.0,0.3563793103448276,0.29617241379310344,0.3797241379310345,0.34660869565217395,0.3122282608695652,0.41155434782608696,0.005580787158145065,0.006994625445897741,0.018654406658739596,0.005722846880907372,0.009906610940453689,0.021312942698487713,0.5268043478260869,0.24880434782608687,0.4799891304347827,0.17042503748125926,0.047368065967016565,0.10026499250374821,29,92,0.5345390171961026,0.7256521739130429,72.4297520661157,121,23
1843,1843.0,0.3541071428571429,0.2995357142857143,0.38375,0.34555434782608696,0.3149565217391304,0.4143695652173913,0.00563038137755102,0.006916391581632653,0.018850616071428572,0.005626877481096408,0.00976858506616257,0.020846993856332704,0.5276630434782608,0.2538478260869565,0.47959782608695656,0.17355590062111786,0.0456878881987578,0.09584782608695658,28,92,0.5391024106067073,0.7396739130434776,72.25,120,21
1844,1844.0,0.35446666666666665,0.29750000000000004,0.3872,0.34544318181818184,0.3165568181818182,0.41918181818181827,0.0055089822222222215,0.006812583333333333,0.01777869333333333,0.005819405862603307,0.010063905862603306,0.02052121694214876,0.5286590909090909,0.2525909090909091,0.4802159090909091,0.17419242424242426,0.044909090909090954,0.09301590909090912,30,88,0.5305263963107724,0.7485227272727267,71.29661016949153,118,23
1845,1845.0,0.3512758620689655,0.29803448275862066,0.3843103448275862,0.3453103448275862,0.3184022988505747,0.4208850574712644,0.005569785969084423,0.007472860879904875,0.017690076099881095,0.005884742766547764,0.009879872638393447,0.02050180288016911,0.5299999999999998,0.2554597701149424,0.48373563218390814,0.1787241379310343,0.042574712643678236,0.09942528735632195,29,87,0.5500167554305813,0.7595402298850571,71.21551724137932,116,22
1846,1846.0,0.3578333333333333,0.29169999999999996,0.3778333333333333,0.3467093023255814,0.3207558139534884,0.4229418604651162,0.0046863388888888895,0.00826421,0.016629805555555554,0.005739438750676041,0.010354440373174687,0.020451310573282856,0.5297790697674418,0.2570697674418604,0.48098837209302336,0.17194573643410854,0.03463023255813957,0.10315503875969007,30,86,0.5052953091794614,0.7515116279069762,70.53448275862068,116,25
1847,1847.0,0.3578333333333333,0.29169999999999996,0.3778333333333333,0.3465697674418605,0.3214302325581395,0.42011627906976745,0.0046863388888888895,0.00826421,0.016629805555555554,0.005764454434829638,0.01021133815575987,0.020304544618712818,0.5301046511627907,0.26044186046511625,0.4789651162790698,0.17227131782945743,0.03125813953488371,0.10113178294573649,30,86,0.46194540911069565,0.791511627906976,71.87068965517241,116,23
1848,1848.0,0.35590909090909095,0.28839393939393937,0.37633333333333335,0.34818390804597704,0.32206896551724135,0.42157471264367813,0.0043555371900826445,0.008380420569329661,0.015643373737373737,0.005922265028405338,0.0101290527150218,0.020254083498480648,0.5328620689655172,0.26118390804597696,0.48294252873563226,0.1769529780564263,0.027210031347962405,0.1066091954022989,33,87,0.5047837960987243,0.7747126436781603,72.71666666666667,120,21
1849,1849.0,0.35033333333333333,0.2913030303030303,0.3782424242424242,0.3486444444444444,0.32517777777777773,0.42066666666666663,0.004591070707070707,0.008189302112029383,0.01522418365472911,0.005742273580246914,0.010109612839506172,0.020759155555555558,0.5365777777777778,0.2625888888888888,0.48844444444444446,0.1862444444444445,0.02871414141414147,0.11020202020202025,33,90,0.4750620784889047,0.765666666666666,71.98373983739837,123,22
1850,1850.0,0.35033333333333333,0.2913030303030303,0.3782424242424242,0.3472022471910112,0.326752808988764,0.41851685393258425,0.004591070707070707,0.008189302112029383,0.01522418365472911,0.005902745612927661,0.010327849008963514,0.02065982274965282,0.5323033707865169,0.267561797752809,0.4821797752808989,0.18197003745318358,0.02374123255022126,0.10393735103847468,33,89,0.4474902697006768,0.7764044943820217,71.91803278688525,122,22
1851,1851.0,0.3465625,0.28959375,0.3835625,0.3468068181818182,0.32764772727272723,0.41881818181818176,0.0042653085937499995,0.008348803710937498,0.01476593359375,0.005985178589876033,0.010445796358471073,0.020886512396694215,0.5283522727272727,0.2683068181818182,0.47806818181818184,0.1817897727272727,0.02128693181818181,0.09450568181818186,32,88,0.44948055044229335,0.7753409090909087,71.575,120,22
1852,1852.0,0.3476470588235295,0.2852352941176471,0.3659705882352941,0.34773563218390807,0.3299310344827586,0.4185172413793103,0.004545757785467127,0.008223532871972318,0.014700146193771624,0.005978056546439426,0.010107075703527547,0.021118617518826793,0.5309080459770116,0.26981609195402295,0.48191954022988504,0.1832609871534821,0.015419202163624135,0.11594895199459093,34,87,0.44038218980805305,0.7744827586206893,72.19834710743801,121,22
1853,1853.0,0.3490270270270271,0.2837567567567567,0.3807837837837838,0.3497613636363637,0.3323409090909091,0.4222272727272726,0.004727810080350621,0.0075054813732651545,0.017243574872169466,0.00604440896177686,0.009932406508264463,0.02093867561983471,0.5347272727272728,0.2747840909090909,0.4878977272727273,0.18570024570024574,0.008972665847665817,0.10711394348894349,37,88,0.48750607487806813,0.7473863636363631,71.528,125,19
1854,1854.0,0.34845945945945955,0.2822702702702703,0.37870270270270273,0.3505747126436782,0.33158620689655177,0.4223333333333333,0.004657707815924031,0.007429710737764791,0.017103073776479183,0.006055669705377197,0.009996449464922709,0.021178360153256706,0.5365977011494252,0.2721494252873563,0.490103448275862,0.18813824168996562,0.01012084498291399,0.11140074557315927,37,87,0.4821427300020338,0.7416091954022983,72.15322580645162,124,22
1855,1855.0,0.3466842105263158,0.2910526315789474,0.38031578947368416,0.3505747126436782,0.33158620689655177,0.4223333333333333,0.004401637119113573,0.008362260387811637,0.01618016343490305,0.006055669705377197,0.009996449464922709,0.021178360153256706,0.5365977011494252,0.2721494252873563,0.490103448275862,0.18991349062310936,0.01890320629159109,0.10978765880217783,38,87,0.5349577483449308,0.7354022988505743,71.392,125,20
1856,1856.0,0.34608108108108104,0.2878648648648649,0.3768378378378378,0.3497954545454545,0.32940909090909093,0.42165909090909093,0.004506777209642074,0.008202116873630387,0.016157811541270994,0.005743162706611571,0.009579673553719008,0.021190451962809918,0.5325454545454545,0.26992045454545455,0.48810227272727275,0.1864643734643735,0.017944410319410353,0.11126443488943494,37,88,0.5122104870696019,0.7339772727272721,71.016,125,19
1857,1857.0,0.34608108108108104,0.2878648648648649,0.3768378378378378,0.3494470588235294,0.3239058823529412,0.41778823529411757,0.004506777209642074,0.008202116873630387,0.016157811541270994,0.005755800138408304,0.009001355847750867,0.02132880221453287,0.5288235294117646,0.26575294117647064,0.4808,0.18274244833068354,0.022111923688394264,0.1039621621621622,37,85,0.4877074120572546,0.7616470588235289,70.97540983606558,122,19
1858,1858.0,0.34960975609756095,0.29224390243902443,0.3928292682926829,0.3495581395348837,0.3234767441860466,0.41863953488372085,0.004890969660916121,0.007665599048185604,0.018420434265318263,0.005764921038399135,0.008901179691725257,0.02140423053001622,0.5235813953488371,0.26945348837209304,0.47562790697674423,0.17397163925127612,0.022790414066931386,0.08279863868406134,41,86,0.47898927977223316,0.7477906976744181,70.30708661417323,127,18
1859,1859.0,0.34752272727272726,0.2918409090909091,0.39145454545454544,0.34665517241379307,0.3146091954022989,0.41756321839080457,0.004504522210743802,0.00806208832644628,0.016291520661157025,0.005699260404280618,0.008954376007398599,0.02108895864711323,0.5077471264367815,0.26420689655172414,0.4657471264367816,0.1602243991640543,0.02763401253918496,0.07429258098223618,44,87,0.4760643049312035,0.7331034482758615,69.82442748091603,131,16
1860,1860.0,0.3500208333333334,0.29154166666666664,0.399125,0.34811627906976744,0.31484883720930235,0.4152558139534883,0.004312562065972222,0.0077192482638888905,0.017336026041666664,0.005885032990805841,0.009165965521903732,0.02174353921038399,0.5024418604651162,0.263453488372093,0.45454651162790705,0.1524210271317828,0.028088178294573662,0.05542151162790704,48,86,0.46686180307390174,0.7026744186046506,69.07462686567165,134,19
1861,1861.0,0.3510416666666667,0.29141666666666666,0.400625,0.35162921348314613,0.3147078651685393,0.41514606741573035,0.00443999826388889,0.0071753680555555555,0.016032151041666668,0.006071671506122964,0.008931869713420023,0.021755697765433655,0.5091685393258427,0.25766292134831464,0.44887640449438204,0.15812687265917602,0.03375374531835201,0.04825140449438203,48,89,0.4691368222447609,0.6995505617977523,70.16788321167883,137,16
1862,1862.0,0.3511086956521739,0.2908695652173914,0.4038695652173913,0.35054945054945064,0.31449450549450547,0.41607692307692307,0.0045264012287334595,0.006944461247637051,0.015278461247637055,0.006016269532665136,0.008742535684096123,0.021330400676246832,0.5122417582417583,0.25948351648351653,0.45539560439560445,0.16113306258958443,0.03138604873387485,0.051526039178213134,46,91,0.4672888447904556,0.6996703296703292,71.2919708029197,137,15
1863,1863.0,0.35075555555555554,0.2864666666666667,0.40240000000000004,0.3503295454545455,0.31528409090909093,0.41248863636363636,0.0045420513580246916,0.00670456,0.015230195555555558,0.0060430163997933885,0.008696907928719008,0.020943886234504137,0.5098522727272727,0.25739772727272725,0.44886363636363635,0.1590967171717172,0.029068939393939452,0.04646363636363632,45,88,0.454231156720179,0.7073863636363632,70.93233082706767,133,16
1864,1864.0,0.34930434782608694,0.28810869565217395,0.4074565217391305,0.35143023255813954,0.3157209302325581,0.4142906976744185,0.0045380812854442345,0.0066801403591682405,0.01604968289224953,0.006054803272038939,0.008722829096809085,0.02027720619253651,0.5173372093023256,0.24961627906976747,0.45972093023255817,0.1680328614762387,0.038492416582406486,0.05226440849342767,46,86,0.44038868017910837,0.6868604651162786,70.85606060606061,132,20
1865,1865.0,0.3489777777777778,0.28611111111111115,0.4065111111111111,0.3514404761904762,0.31329761904761905,0.41732142857142857,0.004634021728395062,0.006645032098765433,0.01636522765432099,0.006293436933106575,0.00850594713718821,0.01999178954081633,0.5221071428571429,0.23980952380952383,0.46794047619047624,0.1731293650793651,0.046301587301587316,0.06142936507936514,45,84,0.4183197464517241,0.6934523809523804,70.37984496124031,129,19
1866,1866.0,0.3489777777777778,0.28611111111111115,0.4065111111111111,0.3514404761904762,0.31329761904761905,0.41732142857142857,0.004634021728395062,0.006645032098765433,0.01636522765432099,0.006293436933106575,0.00850594713718821,0.01999178954081633,0.5221071428571429,0.23980952380952383,0.46794047619047624,0.1731293650793651,0.046301587301587316,0.06142936507936514,45,84,0.41309065199087763,0.7032142857142853,71.37984496124031,129,19
1867,1867.0,0.3460930232558139,0.2817209302325582,0.41123255813953496,0.35059036144578315,0.3136987951807229,0.4163975903614458,0.004432828555976202,0.006658480259599782,0.015936038939967555,0.006308555087821165,0.008594909275656844,0.0201609624038322,0.5204819277108435,0.2426987951807229,0.4666144578313254,0.17438890445502953,0.03902213505183527,0.055381899691790415,43,83,0.44678596754218297,0.6954216867469875,70.92063492063492,126,20
1868,1868.0,0.33795348837209305,0.2867906976744186,0.4200465116279069,0.3494285714285714,0.3115476190476191,0.41348809523809527,0.00443167225527312,0.006198863169280692,0.016144230394808008,0.0063208401360544215,0.008815247732426304,0.020389178429705217,0.5116190476190476,0.24110714285714285,0.46108333333333346,0.1736655592469546,0.04568355481727576,0.04103682170542655,43,84,0.43706732022576883,0.6872619047619043,70.1732283464567,127,20
1869,1869.0,0.3378292682926829,0.2855853658536585,0.4230731707317073,0.34992771084337343,0.31087951807228914,0.41138554216867473,0.004474824509220702,0.006424632956573468,0.01672070196311719,0.006376067063434461,0.008883961387719554,0.020263489911453044,0.5057590361445783,0.24230120481927708,0.4560240963855422,0.1679297678518954,0.04328416103438143,0.032950925653834895,41,83,0.4431632925512138,0.6975903614457826,70.8225806451613,124,22
1870,1870.0,0.3337435897435898,0.28838461538461535,0.4188974358974359,0.35102469135802467,0.31123456790123455,0.4113456790123457,0.004354088099934254,0.006257005917159764,0.015097015121630508,0.006443061118731901,0.009072006706294773,0.02075484346898339,0.504246913580247,0.241320987654321,0.4513333333333333,0.17050332383665717,0.04706362773029435,0.03243589743589742,39,81,0.4641659555615456,0.7254320987654317,71.3,120,19
1871,1871.0,0.32556756756756766,0.29313513513513517,0.41554054054054057,0.3477922077922078,0.3111038961038961,0.4007272727272728,0.003480137326515705,0.0067820628195763314,0.014474248356464573,0.006330943835385395,0.00924214504975544,0.01859245808736718,0.49997402597402596,0.24362337662337663,0.4378181818181819,0.1744064584064583,0.04951175851175854,0.022277641277641314,37,77,0.5115096880306939,0.7138961038961035,70.24561403508773,114,20
1872,1872.0,0.32556756756756766,0.29313513513513517,0.41554054054054057,0.34651999999999994,0.31220000000000003,0.40558666666666665,0.003480137326515705,0.0067820628195763314,0.014474248356464573,0.005995956266666666,0.0100864,0.01847293582222222,0.50076,0.24368,0.4421866666666666,0.17519243243243232,0.049455135135135164,0.026646126126126046,37,75,0.4785066543599802,0.7289333333333328,70.0,112,20
1873,1873.0,0.3302432432432433,0.29391891891891897,0.40618918918918917,0.3441621621621622,0.30899999999999994,0.40513513513513516,0.00329045434623813,0.006565101533966399,0.016675180423666912,0.005997703433162892,0.009799729729729728,0.020233197954711468,0.4946621621621622,0.2456891891891892,0.4422432432432432,0.1644189189189189,0.048229729729729776,0.03605405405405404,37,74,0.49574270470667514,0.748513513513513,69.30630630630631,111,18
1874,1874.0,0.3305263157894737,0.2956052631578948,0.39923684210526317,0.34494594594594596,0.30837837837837845,0.40421621621621623,0.0032068282548476453,0.0064975547091412735,0.01802475969529086,0.005965483564645727,0.009918694667640612,0.020377791088385687,0.4983108108108108,0.25198648648648647,0.43963513513513514,0.16778449502133708,0.043618776671408344,0.04039829302987197,38,74,0.45983906168521,0.7685135135135129,69.45535714285714,112,19
1875,1875.0,0.3311388888888889,0.2933333333333334,0.39805555555555555,0.345945205479452,0.31289041095890413,0.40742465753424656,0.003026730709876543,0.006705333333333333,0.018179496913580253,0.0059905723400262715,0.00914231675736536,0.020033668981047106,0.5104383561643837,0.2595616438356164,0.4507671232876712,0.17929946727549478,0.03377168949771697,0.05271156773211566,36,73,0.4550621326493117,0.8030136986301366,69.65137614678899,109,16
1876,1876.0,0.3291388888888889,0.29122222222222216,0.4031944444444444,0.34686111111111106,0.31194444444444447,0.4037777777777778,0.0033352862654320984,0.0070822839506172845,0.018435156635802467,0.006012536265432098,0.009203969135802468,0.019341033950617283,0.5075416666666667,0.2592638888888889,0.44534722222222217,0.17840277777777774,0.031958333333333255,0.04215277777777776,36,72,0.4926394069405493,0.7801388888888884,69.6574074074074,108,19
1877,1877.0,0.3288974358974359,0.29846153846153844,0.4005897435897436,0.34561643835616435,0.3128219178082192,0.4042602739726028,0.0033794766600920454,0.007745735700197238,0.019833575279421436,0.006041715894164008,0.009133324451116533,0.019092850065678364,0.5036712328767123,0.2651506849315069,0.44279452054794516,0.17477379697927642,0.03331085353003155,0.04220477695820157,39,73,0.4693901159039609,0.7641095890410954,70.44642857142857,112,21
1878,1878.0,0.3236,0.300675,0.4,0.34807042253521125,0.31494366197183105,0.4076056338028169,0.0036614399999999997,0.007653519375000001,0.0205546,0.005975192223765126,0.008888532037294188,0.019052999404879985,0.5076197183098592,0.268943661971831,0.4509295774647888,0.1840197183098592,0.03173133802816902,0.05092957746478877,40,71,0.49275025844966136,0.7357746478873234,69.45045045045045,111,25
1879,1879.0,0.32258974358974357,0.2999230769230769,0.400051282051282,0.3477285714285715,0.3156571428571429,0.4026428571428571,0.0037260368178829717,0.007841506903353055,0.022025638395792246,0.006096569183673469,0.008670596734693878,0.018893858163265304,0.5056,0.2699428571428572,0.4452857142857143,0.18301025641025648,0.029980219780219697,0.0452344322344323,39,70,0.5062461512940736,0.7461428571428567,69.42201834862385,109,25
1880,1880.0,0.32402439024390245,0.30317073170731706,0.4043170731707317,0.3481857142857143,0.31542857142857145,0.40414285714285714,0.0038948042831647833,0.007948580606781677,0.021260118976799528,0.0060827226530612245,0.008764787755102041,0.018310722448979595,0.5034000000000001,0.2707285714285715,0.4493857142857144,0.17937560975609762,0.03244216027874558,0.04506864111498271,41,70,0.525942142180685,0.7227142857142853,70.17117117117117,111,23
1881,1881.0,0.3241,0.3022,0.400425,0.3523382352941176,0.3171764705882353,0.4016176470588236,0.003991940000000001,0.00810866,0.021170544375,0.005691753243944636,0.008895762975778548,0.018283147923875434,0.5089117647058824,0.2677941176470589,0.44405882352941184,0.1848117647058824,0.03440588235294112,0.043633823529411864,40,68,0.5341719711269006,0.7113235294117642,69.52777777777777,108,24
1882,1882.0,0.32715,0.30215,0.4006,0.35189393939393937,0.31545454545454543,0.40142424242424246,0.0038295275000000003,0.008095577500000001,0.02121849,0.005670912993572085,0.008921217630853993,0.019348516988062444,0.5057727272727273,0.26115151515151513,0.43083333333333335,0.17862272727272727,0.04099848484848484,0.030233333333333334,40,66,0.5361939790161576,0.7024242424242418,68.16037735849056,106,23
1883,1883.0,0.32614634146341465,0.29987804878048774,0.3980487804878049,0.3516417910447761,0.3141641791044776,0.4054328358208956,0.0037764176085663295,0.00810459488399762,0.02096131469363474,0.00559046870126977,0.00889795811984852,0.020120275339719315,0.5123731343283582,0.2590746268656717,0.4383134328358209,0.18622679286494354,0.04080342191481606,0.04026465234801602,41,67,0.5356379117119826,0.7162686567164174,68.95370370370371,108,21
1884,1884.0,0.32197560975609757,0.3015121951219512,0.39934146341463417,0.35069696969696973,0.3139848484848485,0.39621212121212124,0.003639292088042832,0.007943810826888756,0.020756566329565736,0.005448726354453627,0.008482802800734619,0.021621045913682278,0.500939393939394,0.26542424242424245,0.42265151515151517,0.17896378418329645,0.03608795269770876,0.023310051736881,41,66,0.5105456611250727,0.7337878787878783,68.4766355140187,107,18
1885,1885.0,0.3197631578947368,0.30455263157894735,0.3993157894736842,0.3528358208955224,0.31476119402985075,0.3923880597014925,0.0036228123268698055,0.007880457756232686,0.02040784764542936,0.005378465582535086,0.008503345956783249,0.02149119269325017,0.48361194029850757,0.2621044776119402,0.4020149253731343,0.16384878240377077,0.04244815396700713,0.0026991358994501446,38,67,0.5012511222754605,0.7573134328358204,67.02857142857142,105,16
1886,1886.0,0.31954054054054054,0.3063513513513514,0.3987837837837838,0.3512238805970149,0.3150000000000001,0.3924179104477611,0.0037188429510591667,0.007970498173849525,0.02094865595325055,0.005539755847627533,0.008519164179104479,0.021485914903096457,0.4869402985074627,0.2740746268656716,0.4005074626865672,0.16739975796692214,0.03227672448567981,0.0017236789027833543,37,67,0.4717731085247668,0.7782089552238801,67.375,104,18
1887,1887.0,0.31897368421052635,0.3080526315789474,0.39813157894736845,0.3512238805970149,0.3150000000000001,0.3924179104477611,0.0036328677285318556,0.007867839335180057,0.02041311426592798,0.005539755847627533,0.008519164179104479,0.021485914903096457,0.4869402985074627,0.2740746268656716,0.4005074626865672,0.16796661429693632,0.03397800471327583,0.0023758837391987253,38,67,0.47997221032375903,0.7701492537313429,67.8952380952381,105,20
1888,1888.0,0.318875,0.30765,0.396425,0.3537424242424242,0.3181666666666667,0.3913333333333333,0.003475609375,0.0078735775,0.019502244374999998,0.005235827594123047,0.008354896464646464,0.021398101010101013,0.48719696969696974,0.27362121212121215,0.40734848484848485,0.16832196969696972,0.034028787878787825,0.010923484848484821,40,66,0.484603140795736,0.7304545454545449,65.5377358490566,106,22
1889,1889.0,0.31578947368421056,0.30544736842105263,0.4031315789473684,0.35036363636363627,0.3163181818181818,0.39542424242424246,0.0034414819944598336,0.007985352493074794,0.018933061634349033,0.005199019283746557,0.008618277548209367,0.020625910927456387,0.48554545454545456,0.26657575757575763,0.40874242424242424,0.169755980861244,0.038871610845295,0.005610845295055844,38,66,0.4931356247606882,0.7434848484848481,66.0576923076923,104,21
1890,1890.0,0.31510810810810813,0.304027027027027,0.4101891891891892,0.35081249999999997,0.31590625,0.39765625000000004,0.003516853177501828,0.008124512783053322,0.017551991234477718,0.005206058593749999,0.0088583662109375,0.019942038085937502,0.486953125,0.268125,0.412328125,0.17184501689189186,0.035902027027026995,0.002138935810810816,37,64,0.4946483310061173,0.7767187499999995,66.55445544554455,101,21
1891,1891.0,0.3151944444444445,0.30463888888888885,0.41738888888888886,0.34949206349206347,0.31617460317460316,0.39396825396825397,0.00361426774691358,0.008336341820987653,0.01612162654320988,0.005177107079868983,0.008994366339128245,0.019388094230284706,0.4821269841269841,0.2697460317460318,0.405952380952381,0.16693253968253963,0.03489285714285706,0.011436507936507856,36,63,0.4857803309655641,0.7847619047619042,66.94949494949495,99,25
1892,1892.0,0.31533333333333335,0.30866666666666664,0.40441025641025635,0.35184999999999994,0.31368333333333337,0.3953166666666667,0.0034806837606837617,0.008385914529914532,0.0169662419460881,0.005246994166666667,0.008821649722222222,0.01961428305555556,0.48329999999999995,0.2601833333333334,0.4055166666666667,0.1679666666666666,0.04848333333333327,0.0011064102564103395,39,60,0.5180218206392623,0.7651666666666661,66.33333333333333,99,25
1893,1893.0,0.30943589743589744,0.3108461538461538,0.41384615384615386,0.35184999999999994,0.31368333333333337,0.3953166666666667,0.0037537843523997375,0.00919777120315582,0.016331617357001973,0.005246994166666667,0.008821649722222222,0.01961428305555556,0.48329999999999995,0.2601833333333334,0.4055166666666667,0.1738641025641025,0.05066282051282045,0.008329487179487172,39,60,0.5165522390480185,0.7768333333333329,66.32323232323232,99,25
1894,1894.0,0.30805128205128207,0.3114871794871795,0.4186410256410257,0.35466666666666663,0.3161578947368421,0.39559649122807017,0.0036533819855358307,0.00929691650230112,0.016765614727153193,0.00529885380116959,0.009072168051708218,0.02050852139119729,0.4900877192982455,0.2648245614035088,0.4165263157894737,0.18203643724696345,0.046662618083670726,0.002114709851551988,39,57,0.5088893220013093,0.7726315789473679,65.6875,96,28
1895,1895.0,0.30558974358974367,0.30969230769230766,0.4111794871794872,0.35373214285714283,0.3181607142857143,0.3940357142857143,0.0034457291255752796,0.009216469428007891,0.01421989086127548,0.005343696109693878,0.009005527742346938,0.020735891581632655,0.4950535714285714,0.26819642857142856,0.416,0.18946382783882776,0.0414958791208791,0.004820512820512768,39,56,0.5269358828276657,0.7705357142857139,65.54736842105264,95,30
1896,1896.0,0.30407894736842106,0.3093157894736842,0.4035263157894737,0.35129090909090904,0.3193090909090909,0.38992727272727284,0.003426546398891967,0.009527163434903048,0.013399091412742384,0.005112679008264464,0.008980068099173554,0.02003494016528926,0.48609090909090913,0.2718909090909091,0.4080909090909091,0.18201196172248807,0.03742488038277508,0.004564593301435438,38,55,0.5168695105125313,0.7890909090909085,66.13978494623656,93,33
1897,1897.0,0.3015897435897436,0.307,0.4005128205128205,0.3525555555555555,0.3162592592592592,0.38335185185185194,0.003574139381985535,0.009486666666666666,0.01340060880999343,0.005216728395061726,0.009545747599451303,0.019657598422496574,0.48631481481481476,0.26814814814814814,0.39798148148148155,0.18472507122507115,0.03885185185185186,0.0025313390313389528,39,54,0.48056927704514335,0.8001851851851848,65.29032258064517,93,36
1898,1898.0,0.304875,0.30855,0.397625,0.35127272727272724,0.31456363636363627,0.3822545454545455,0.003905709375,0.0093431975,0.013390834374999999,0.005210743801652894,0.009527445950413225,0.019365207933884302,0.4907636363636363,0.26327272727272727,0.39280000000000004,0.18588863636363628,0.04527727272727272,0.004824999999999968,40,55,0.4702724611642104,0.8196363636363632,65.82105263157895,95,35
1899,1899.0,0.30534146341463414,0.31019512195121945,0.3964878048780488,0.3520175438596491,0.31447368421052635,0.38214035087719295,0.0038191516954193933,0.009223571683521713,0.01311595716835217,0.00509517513080948,0.009795512465373963,0.01900275223145584,0.5014912280701754,0.26119298245614037,0.40745614035087724,0.1961497646555413,0.04900213949507909,0.010968335472828439,41,57,0.504646491507069,0.7996491228070172,66.44897959183673,98,33
1900,1900.0,0.30660975609756097,0.3134390243902439,0.3964634146341464,0.3525357142857143,0.3146964285714286,0.3816785714285715,0.0036923842950624627,0.009494002379535989,0.013121321832242716,0.005442284438775509,0.009859604272959182,0.01889278954081633,0.4988392857142857,0.26808928571428575,0.41232142857142856,0.19222952961672474,0.04534973867595815,0.015858013937282145,41,56,0.487160817079784,0.7983928571428567,65.11340206185567,97,35
1901,1901.0,0.30988095238095237,0.3135714285714286,0.40219047619047626,0.35218333333333335,0.31516666666666665,0.3787666666666667,0.004043200113378685,0.009268673469387754,0.014153678004535148,0.005266316388888888,0.009811438888888888,0.01966667888888889,0.5001333333333333,0.2775,0.41769999999999996,0.19025238095238095,0.03607142857142859,0.015509523809523695,42,60,0.4645601272880617,0.7831666666666662,64.80392156862744,102,34
1902,1902.0,0.308,0.3114651162790698,0.398279069767442,0.34918032786885245,0.3138524590163934,0.37922950819672135,0.004097767441860466,0.009239458085451596,0.014467084910762576,0.005721065842515452,0.009754224133297504,0.019357127653856495,0.497,0.27406557377049184,0.4124426229508197,0.189,0.037399542508577965,0.014163553183377697,43,61,0.4291691599074526,0.8072131147540977,65.57692307692308,104,34
1903,1903.0,0.308,0.3114651162790698,0.398279069767442,0.34918032786885245,0.3138524590163934,0.37922950819672135,0.004097767441860466,0.009239458085451596,0.014467084910762576,0.005721065842515452,0.009754224133297504,0.019357127653856495,0.497,0.27406557377049184,0.4124426229508197,0.189,0.037399542508577965,0.014163553183377697,43,61,0.4375613544187465,0.844590163934426,66.57692307692308,104,31
1904,1904.0,0.307093023255814,0.30604651162790697,0.4003488372093023,0.3505245901639344,0.3162295081967213,0.3790491803278689,0.004072177393185506,0.009742602487831261,0.014470831800973501,0.00563542972319269,0.009699357162053213,0.019339686105885514,0.4974918032786886,0.2804918032786885,0.4094918032786885,0.19039878002287458,0.02555470834921847,0.009142966069386194,43,61,0.4758665167112115,0.8534426229508193,66.25961538461539,104,29
1905,1905.0,0.3043488372093024,0.30358139534883716,0.3936511627906977,0.3491475409836065,0.3152131147540984,0.38247540983606565,0.0037797620335316387,0.00965787128177393,0.014658366684694434,0.005775437248051599,0.010005741467347486,0.019406413329750072,0.49795081967213123,0.28181967213114756,0.41152459016393445,0.19360198246282884,0.0217617232176896,0.017873427373236772,43,61,0.4745968420742794,0.8219672131147536,65.96153846153847,104,31
1906,1906.0,0.306,0.30417073170731707,0.4063414634146342,0.35049230769230777,0.3119538461538462,0.37823076923076926,0.003877902439024391,0.010861214753123143,0.014322273646638904,0.005780003786982247,0.009846690177514793,0.02057534674556213,0.49829230769230765,0.2799384615384616,0.4041538461538462,0.19229230769230765,0.024232270168855485,0.0021876172607879774,41,65,0.48759354083032463,0.8126153846153842,65.88679245283019,106,28
1907,1907.0,0.30466666666666664,0.3083333333333333,0.40454761904761904,0.34981818181818186,0.31092424242424244,0.3768939393939394,0.0038584603174603173,0.011313031746031746,0.014113200113378688,0.00572196694214876,0.009766403351698807,0.02037976147842057,0.5002424242424243,0.27636363636363637,0.40666666666666673,0.19557575757575762,0.031969696969696926,0.002119047619047687,42,66,0.48755867262304875,0.8101515151515147,67.37962962962963,108,28
1908,1908.0,0.3033,0.305525,0.40417500000000006,0.35230882352941184,0.3108088235294118,0.3824852941176471,0.0037877100000000006,0.011687749375,0.013891144375000001,0.005770742863321798,0.009486213451557096,0.020907602724913495,0.5103529411764706,0.2787058823529412,0.4236176470588236,0.20705294117647055,0.0268191176470588,0.019442647058823537,40,68,0.4901646548995465,0.8154411764705877,67.32407407407408,108,28
1909,1909.0,0.3040263157894737,0.3040263157894736,0.40386842105263154,0.3526428571428572,0.31014285714285716,0.38118571428571435,0.0038627098337950146,0.010772499307479224,0.014424535318559558,0.005835972448979591,0.009234036734693878,0.020377979795918363,0.5114571428571428,0.2761714285714286,0.41571428571428576,0.20743082706766913,0.027854887218044966,0.011845864661654215,38,70,0.4930272960713084,0.8127142857142852,66.75,108,28
1910,1910.0,0.29970270270270266,0.30981081081081085,0.3954324324324324,0.3526428571428572,0.31014285714285716,0.38118571428571435,0.00338864134404675,0.011537504747991235,0.013156299488677867,0.005835972448979591,0.009234036734693878,0.020377979795918363,0.5114571428571428,0.2761714285714286,0.41571428571428576,0.21175444015444017,0.03363938223938223,0.020281853281853335,37,70,0.5147010152595448,0.8112857142857137,67.62616822429906,107,29
1911,1911.0,0.29970270270270266,0.30981081081081085,0.3954324324324324,0.3526428571428572,0.31014285714285716,0.38118571428571435,0.00338864134404675,0.011537504747991235,0.013156299488677867,0.005835972448979591,0.009234036734693878,0.020377979795918363,0.5114571428571428,0.2761714285714286,0.41571428571428576,0.21175444015444017,0.03363938223938223,0.020281853281853335,37,70,0.49026949742785764,0.8198571428571424,68.62616822429906,107,32
1912,1912.0,0.29970270270270266,0.30981081081081085,0.3954324324324324,0.35191666666666666,0.3094027777777778,0.38212500000000005,0.00338864134404675,0.011537504747991235,0.013156299488677867,0.005774826388888888,0.009026046103395063,0.020104164930555557,0.5097777777777778,0.2709166666666667,0.4103055555555556,0.2100750750750751,0.03889414414414416,0.014873123123123166,37,72,0.49827041202860284,0.8443055555555551,68.91743119266054,109,27
1913,1913.0,0.2989722222222222,0.3129722222222222,0.39936111111111117,0.35251428571428567,0.3104714285714285,0.3819000000000001,0.003463027006172839,0.011488193672839507,0.012950675154320988,0.0058171355102040806,0.009223506326530613,0.02051603285714286,0.5098571428571428,0.2768714285714286,0.4104714285714286,0.2108849206349206,0.036100793650793606,0.011110317460317432,36,70,0.4870344690990187,0.8969999999999995,69.0,106,23
1914,1914.0,0.30315789473684207,0.3257105263157894,0.4056578947368421,0.35251428571428567,0.3104714285714285,0.3819000000000001,0.0030971855955678673,0.012204889889196678,0.01373296191135734,0.0058171355102040806,0.009223506326530613,0.02051603285714286,0.5098571428571428,0.2768714285714286,0.4104714285714286,0.20669924812030072,0.04883909774436079,0.004813533834586492,38,70,0.4938126443474852,0.8684285714285709,69.36111111111111,108,27
1915,1915.0,0.30315789473684207,0.3257105263157894,0.4056578947368421,0.349169014084507,0.31346478873239436,0.38057746478873244,0.0030971855955678673,0.012204889889196678,0.01373296191135734,0.0058218024201547305,0.00932729101368776,0.02008156794286848,0.503830985915493,0.2782535211267606,0.3957183098591549,0.20067309117865095,0.04745700518902879,0.009939584877687202,38,71,0.4961300291787978,0.8804225352112671,69.27522935779817,109,22
1916,1916.0,0.304725,0.320625,0.4022,0.3503285714285714,0.31582857142857146,0.3805,0.003416799375,0.012087834375,0.01337251,0.005809506326530613,0.00906382775510204,0.020368021428571425,0.5079,0.2814857142857143,0.3952,0.203175,0.03913928571428571,0.007000000000000006,40,70,0.49477504330960487,0.8599999999999995,70.06363636363636,110,27
1917,1917.0,0.30605000000000004,0.32430000000000003,0.40475000000000005,0.34997142857142854,0.31614285714285717,0.3751285714285715,0.0035940475,0.012365160000000002,0.0138757875,0.005717113469387754,0.009109093877551022,0.019775169183673474,0.5040857142857144,0.2840571428571429,0.3868714285714286,0.19803571428571431,0.040242857142857136,0.017878571428571466,40,70,0.5129765128912045,0.8188571428571425,69.72727272727273,110,29
1918,1918.0,0.30917500000000003,0.326975,0.39659999999999995,0.34831944444444446,0.3148472222222222,0.37600000000000006,0.003418344375,0.011791974375,0.01462029,0.00564707851080247,0.009047601658950617,0.01932647222222222,0.49981944444444437,0.2783055555555556,0.3848611111111111,0.19064444444444434,0.04866944444444443,0.011738888888888854,40,72,0.5189628398341416,0.8063888888888884,69.5,112,27
1919,1919.0,0.310475,0.3234,0.3889,0.34757534246575345,0.3106438356164383,0.3744383561643836,0.003530599375,0.011425090000000002,0.01443164,0.00559290185775943,0.009135763557890787,0.018955232501407397,0.49954794520547946,0.2653561643835617,0.38413698630136983,0.18907294520547946,0.05804383561643833,0.004763013698630192,40,73,0.5372778859841898,0.7713698630136981,68.32743362831859,113,26
1920,1920.0,0.30973170731707317,0.3241463414634146,0.39258536585365855,0.34032432432432436,0.30886486486486486,0.3671891891891892,0.0034665865556216544,0.01116871029149316,0.014622925639500298,0.0059119488677867055,0.009107333089846605,0.01829285609934259,0.4719324324324324,0.27175675675675676,0.35175675675675677,0.1622007251153592,0.05238958470665783,0.04082860909690178,41,74,0.5015479807931253,0.7640540540540536,66.96521739130435,115,24
1921,1921.0,0.30973170731707317,0.3241463414634146,0.39258536585365855,0.3385694444444445,0.307875,0.36854166666666666,0.0034665865556216544,0.01116871029149316,0.014622925639500298,0.005959717399691357,0.009116220486111111,0.01776713715277778,0.46891666666666665,0.2653888888888889,0.34818055555555555,0.15918495934959348,0.05875745257452569,0.044404810298103004,41,72,0.5242611067971152,0.8011111111111107,67.13274336283186,113,19
1922,1922.0,0.312125,0.32592499999999996,0.39297499999999996,0.33860273972602745,0.3086301369863014,0.3675205479452055,0.003118409375,0.011049419375,0.014855774375,0.005878157252767873,0.009032397447926442,0.017598824920247703,0.4702465753424658,0.2671232876712329,0.34505479452054794,0.1581215753424658,0.058801712328767075,0.04792020547945203,40,73,0.512339408664164,0.8313698630136981,67.02654867256638,113,16
1923,1923.0,0.31534146341463415,0.32456097560975616,0.3868536585365853,0.33860273972602745,0.3086301369863014,0.3675205479452055,0.0034225175490779306,0.010987026769779893,0.01494753955978584,0.005878157252767873,0.009032397447926442,0.017598824920247703,0.4702465753424658,0.2671232876712329,0.34505479452054794,0.15490511192783163,0.057437687938523274,0.041798864016037385,41,73,0.49716012480017485,0.8127397260273967,67.90350877192982,114,21
1924,1924.0,0.31573809523809526,0.3225238095238096,0.38071428571428567,0.3382162162162162,0.3082027027027027,0.3652837837837838,0.003347479024943311,0.01089558276643991,0.01613701360544218,0.0058096289262235205,0.008923675127830533,0.017726230277574875,0.4642027027027028,0.267,0.34112162162162163,0.14846460746460755,0.055523809523809586,0.03959266409266404,42,74,0.47298822950667185,0.8218918918918915,68.33620689655173,116,21
1925,1925.0,0.31340476190476196,0.3201190476190477,0.38735714285714284,0.3402666666666667,0.3095333333333334,0.36633333333333334,0.0030234790249433104,0.010909152494331066,0.016674610544217688,0.006043288888888889,0.008935715555555557,0.017571395555555556,0.47134666666666675,0.2686,0.34742666666666666,0.15794190476190478,0.051519047619047686,0.03993047619047618,42,75,0.4480947469715947,0.8105333333333329,69.42735042735043,117,25
1926,1926.0,0.31373170731707317,0.32136585365853665,0.3909756097560975,0.34110389610389613,0.3035844155844156,0.3660649350649351,0.003092732897085068,0.011109939321832244,0.01653138964901844,0.006236508686119076,0.009772476640242873,0.017630606173047732,0.4598311688311688,0.2647142857142857,0.340974025974026,0.14609946151409564,0.05665156794425097,0.050001583782071535,41,77,0.44590317576270533,0.8276623376623372,69.38135593220339,118,21
1927,1927.0,0.31704999999999994,0.313975,0.388225,0.3384605263157895,0.2991184210526316,0.3639078947368421,0.0032119474999999995,0.010810974375,0.017909474375,0.006445880020775623,0.009681078081717453,0.017502846779778397,0.4443947368421052,0.26928947368421047,0.32344736842105265,0.12734473684210523,0.04468552631578954,0.06477763157894734,40,76,0.46784540081826076,0.8349999999999994,68.73275862068965,116,18
1928,1928.0,0.3174878048780488,0.31292682926829274,0.3916829268292683,0.338986301369863,0.295,0.3662876712328767,0.0031412742415229036,0.010591238548483047,0.017950948245092205,0.00629236967536123,0.009265835616438357,0.017071465190467254,0.4411232876712329,0.26524657534246576,0.3210410958904109,0.12363548279318409,0.047680253925826976,0.0706418309388574,41,73,0.4484684261967312,0.8089041095890405,68.6140350877193,114,22
1929,1929.0,0.31874358974358985,0.31620512820512825,0.3964102564102564,0.3365810810810811,0.2910675675675675,0.36972972972972973,0.003267523997370152,0.010832009204470743,0.018412754766600925,0.0063729191015339665,0.009475225164353543,0.018106710737764792,0.4471621621621622,0.26410810810810814,0.33337837837837836,0.12841857241857235,0.05209702009702011,0.06303187803187804,39,74,0.4552166377980481,0.8091891891891887,68.92035398230088,113,17
1930,1930.0,0.31672222222222235,0.31602777777777785,0.40111111111111103,0.33816,0.29070666666666667,0.3636133333333333,0.002962478395061729,0.011125971450617287,0.01765748765432099,0.006377227733333334,0.00948956728888889,0.01750085048888889,0.44149333333333335,0.26221333333333335,0.3191333333333333,0.124771111111111,0.0538144444444445,0.0819777777777777,36,75,0.44431155267151645,0.8030666666666664,69.2072072072072,111,21
1931,1931.0,0.31413888888888897,0.30913888888888885,0.4004999999999999,0.33794736842105266,0.2916052631578947,0.36563157894736836,0.0030780084876543216,0.010808508487654323,0.019569527777777776,0.006296707756232686,0.009425265235457062,0.017576074792243768,0.44555263157894737,0.26176315789473686,0.32809210526315785,0.1314137426900584,0.04737573099415199,0.07240789473684206,36,76,0.4553402524678611,0.8023684210526312,69.11607142857143,112,20
1932,1932.0,0.31413888888888897,0.30913888888888885,0.4004999999999999,0.3330921052631578,0.28884210526315796,0.3639473684210526,0.0030780084876543216,0.010808508487654323,0.019569527777777776,0.0059364257271468145,0.009313948753462604,0.017749602493074793,0.44410526315789467,0.25618421052631585,0.32873684210526316,0.1299663742690057,0.052954678362573004,0.07176315789473675,36,76,0.4503333925622872,0.7673684210526313,68.98214285714286,112,22
1933,1933.0,0.3116764705882353,0.30314705882352944,0.400735294117647,0.33337333333333335,0.28691999999999995,0.36577333333333334,0.0030510423875432526,0.01064506660899654,0.019639665224913495,0.006009567288888889,0.0091573536,0.01773286862222222,0.44732,0.25960000000000005,0.3306533333333333,0.13564352941176472,0.04354705882352938,0.07008196078431372,34,75,0.4529234481672416,0.8001333333333328,69.33944954128441,109,21
1934,1934.0,0.3135428571428571,0.2961428571428571,0.3925428571428571,0.3333076923076923,0.28352564102564104,0.3672179487179487,0.00301853387755102,0.00953509387755102,0.020321448163265306,0.005877930966469427,0.00898365959894806,0.017232555062458906,0.44002564102564107,0.25644871794871793,0.3273846153846154,0.12648278388278394,0.039694139194139166,0.0651582417582417,35,78,0.4792559317864847,0.7464102564102562,69.42477876106194,113,22
1935,1935.0,0.3135428571428571,0.2961428571428571,0.3925428571428571,0.3354675324675325,0.2851168831168831,0.366025974025974,0.00301853387755102,0.00953509387755102,0.020321448163265306,0.006139911283521673,0.008721116208466858,0.01719592140327205,0.4419740259740259,0.2608181818181818,0.3256493506493507,0.12843116883116878,0.035324675324675314,0.0668935064935064,35,77,0.4512880961028588,0.7531168831168826,69.84821428571429,112,23
1936,1936.0,0.3136111111111111,0.2904166666666666,0.39397222222222217,0.3365921052631579,0.28701315789473686,0.3618026315789474,0.0029348487654320987,0.010417854166666669,0.019828471450617287,0.006180294148199445,0.009000749826869808,0.016102658414127426,0.4415131578947367,0.2668815789473684,0.31593421052631576,0.1279020467836256,0.023535087719298187,0.0780380116959064,36,76,0.46850580874092096,0.751052631578947,68.33928571428571,112,20
1937,1937.0,0.30940540540540545,0.294,0.400027027027027,0.3369078947368422,0.2859342105263158,0.3612894736842105,0.0027058086194302416,0.010033675675675676,0.021026188458728997,0.006201925727146815,0.008896035145429365,0.01606062673130194,0.44211842105263155,0.2670131578947369,0.3167368421052632,0.1327130156472261,0.026986842105263087,0.08329018492176382,37,76,0.4776869353692737,0.734473684210526,68.16814159292035,113,23
1938,1938.0,0.30802702702702706,0.2945405405405406,0.39718918918918916,0.3358333333333333,0.2898333333333333,0.3603461538461538,0.0027284587289992694,0.009927437545653763,0.021350315558802048,0.006127318376068376,0.008195138888888889,0.015573021203155823,0.4384102564102564,0.2752692307692307,0.32135897435897437,0.13038322938322933,0.019271309771309864,0.07583021483021479,37,78,0.4703404863450239,0.7479487179487176,67.93913043478261,115,19
1939,1939.0,0.30802702702702706,0.2945405405405406,0.39718918918918916,0.3363333333333334,0.2841794871794872,0.35907692307692307,0.0027284587289992694,0.009927437545653763,0.021350315558802048,0.006053735042735043,0.008540095989480604,0.015370481262327417,0.43656410256410255,0.26599999999999996,0.3247564102564103,0.1285370755370755,0.028540540540540615,0.07243277893277889,37,78,0.455367392729965,0.7411538461538457,68.11304347826086,115,21
1940,1940.0,0.30486111111111114,0.2960555555555555,0.40069444444444446,0.3363333333333334,0.2841794871794872,0.35907692307692307,0.0024333973765432097,0.010118274691358026,0.02148876774691358,0.006053735042735043,0.008540095989480604,0.015370481262327417,0.43656410256410255,0.26599999999999996,0.3247564102564103,0.1317029914529914,0.030055555555555558,0.07593803418803419,36,78,0.4423144102473197,0.7656410256410252,68.8859649122807,114,21
1941,1941.0,0.3055555555555556,0.3002222222222222,0.4086666666666667,0.33620779220779223,0.28190909090909094,0.35887012987012984,0.002487969135802469,0.010250450617283953,0.019381222222222223,0.006131125653567213,0.008248939787485244,0.01556676235452859,0.4368701298701299,0.2646233766233766,0.32725974025974025,0.13131457431457433,0.03559884559884563,0.08140692640692643,36,77,0.47957642537862644,0.781428571428571,69.42477876106194,113,17
1942,1942.0,0.30194444444444446,0.3018611111111111,0.41813888888888884,0.33620779220779223,0.28190909090909094,0.35887012987012984,0.0031404969135802466,0.010350952932098766,0.020418952932098763,0.006131125653567213,0.008248939787485244,0.01556676235452859,0.4368701298701299,0.2646233766233766,0.32725974025974025,0.13492568542568545,0.037237734487734486,0.09087914862914859,36,77,0.46710720915736537,0.7627272727272724,70.14159292035399,113,22
1943,1943.0,0.30522857142857146,0.30360000000000004,0.42305714285714285,0.3368311688311688,0.2821558441558442,0.35833766233766234,0.003466804897959183,0.010293897142857144,0.018740511020408163,0.00604819227525721,0.008205741946365324,0.015508301568561311,0.43849350649350655,0.26628571428571424,0.32622077922077924,0.13326493506493509,0.0373142857142858,0.09683636363636361,35,77,0.4929152907635139,0.7385714285714282,68.375,112,25
1944,1944.0,0.30925,0.30338888888888893,0.4267777777777778,0.33480519480519483,0.2803376623376624,0.35723376623376624,0.0039365208333333335,0.010009515432098767,0.018704450617283954,0.006327039973014,0.008439366503626243,0.015239581716984314,0.43224675324675327,0.26179220779220774,0.32016883116883116,0.12299675324675324,0.04159668109668119,0.10660894660894665,36,77,0.4709814177767649,0.7559740259740254,68.77876106194691,113,23
1945,1945.0,0.3137567567567568,0.30381081081081074,0.43340540540540545,0.33443421052631583,0.2813947368421053,0.3559736842105263,0.004207805697589481,0.009763829072315561,0.01974953834915997,0.006399693040166204,0.008464370498614959,0.01531784141274238,0.4338289473684211,0.2652368421052631,0.3214605263157895,0.1200721906116643,0.038573968705547634,0.11194487908961598,37,76,0.48617097404022125,0.7602631578947364,69.85840707964601,113,24
1946,1946.0,0.31405714285714287,0.3014285714285714,0.4348571428571429,0.3346538461538462,0.2813461538461539,0.3605897435897436,0.004406453877551019,0.009899616326530613,0.019988579591836735,0.00637784171597633,0.008371277613412229,0.015777882971729117,0.43843589743589745,0.26539743589743586,0.3282307692307692,0.12437875457875458,0.036031135531135516,0.10662637362637367,35,78,0.5229362888874147,0.7571794871794868,70.43362831858407,113,23
1947,1947.0,0.31541176470588234,0.2959411764705882,0.4326470588235294,0.3346538461538462,0.2813461538461539,0.3605897435897436,0.004416771626297577,0.008324878892733565,0.019431169550173013,0.00637784171597633,0.008371277613412229,0.015777882971729117,0.43843589743589745,0.26539743589743586,0.3282307692307692,0.12302413273001511,0.030543740573152345,0.10441628959276017,34,78,0.555818768442878,0.7538461538461535,70.45535714285714,112,24
1948,1948.0,0.31541176470588234,0.2959411764705882,0.4326470588235294,0.3346538461538462,0.2813461538461539,0.3605897435897436,0.004416771626297577,0.008324878892733565,0.019431169550173013,0.00637784171597633,0.008371277613412229,0.015777882971729117,0.43843589743589745,0.26539743589743586,0.3282307692307692,0.12302413273001511,0.030543740573152345,0.10441628959276017,34,78,0.5465281595074876,0.7698717948717945,71.45535714285714,112,23
1949,1949.0,0.3148571428571429,0.2931428571428571,0.42705714285714286,0.3362631578947369,0.28002631578947373,0.3661052631578948,0.004265551020408164,0.008529665306122449,0.01977125387755102,0.0063163781163434905,0.008262946675900277,0.015600699445983378,0.44778947368421057,0.26305263157894737,0.34160526315789475,0.13293233082706768,0.030090225563909723,0.08545187969924811,35,76,0.5613171701562125,0.7443421052631574,69.87387387387388,111,25
1950,1950.0,0.31622857142857147,0.2896571428571428,0.42174285714285714,0.33576,0.27744,0.36572000000000005,0.004233890612244898,0.008518511020408164,0.019531048163265306,0.006359702399999999,0.0078601664,0.016216894933333333,0.4469600000000001,0.2670533333333333,0.34440000000000004,0.1307314285714286,0.02260380952380947,0.0773428571428571,35,75,0.5637363943820106,0.7242666666666662,69.96363636363637,110,27
1951,1951.0,0.31786842105263163,0.288578947368421,0.42155263157894735,0.3383013698630137,0.2781232876712329,0.36635616438356167,0.004097903739612188,0.007978664819944598,0.018979036703601116,0.006193114655657722,0.008045340964533682,0.016611489585288047,0.4536027397260274,0.2692876712328767,0.34794520547945207,0.13573431867339575,0.019291276135544266,0.07360742609949528,38,73,0.5391338964234103,0.7287671232876707,69.27027027027027,111,30
1952,1952.0,0.32332432432432434,0.2976486486486486,0.41686486486486485,0.3367083333333334,0.2781527777777778,0.3665,0.0044396785975164355,0.007119741417092768,0.0204036303871439,0.006093873263888889,0.008157018325617283,0.016840694444444443,0.4543611111111111,0.26784722222222224,0.35031944444444446,0.13103678678678676,0.02980142642642636,0.06654542042042039,37,72,0.5346086078586411,0.7923611111111105,70.55963302752293,109,26
1953,1953.0,0.3246842105263158,0.30121052631578954,0.41234210526315784,0.33569444444444446,0.28255555555555556,0.3695,0.004412321329639889,0.00671337673130194,0.020595751385041546,0.006225184413580247,0.00815358024691358,0.01561947222222222,0.45683333333333326,0.27329166666666665,0.35034722222222225,0.13214912280701746,0.027918859649122885,0.06199488304093559,38,72,0.538411668503973,0.7805555555555551,69.11818181818182,110,25
1954,1954.0,0.3290540540540541,0.3012162162162163,0.4130810810810811,0.33692957746478874,0.2841549295774648,0.3681830985915493,0.0038059430241051866,0.0068948181154127085,0.021131642074506938,0.006203023209680619,0.00808424360245983,0.015714600277722673,0.4605070422535212,0.2771408450704225,0.34992957746478875,0.1314529881994671,0.024075371145793778,0.06315150361629235,37,71,0.5465267718113399,0.8311267605633798,69.37037037037037,108,21
1955,1955.0,0.32823076923076927,0.2991025641025642,0.4026666666666667,0.3372777777777778,0.2834166666666667,0.3686111111111111,0.0036364339250493094,0.006631271531886916,0.022382683760683763,0.006125478395061727,0.008010659722222223,0.015509348765432097,0.46579166666666666,0.2793472222222222,0.3581388888888889,0.1375608974358974,0.019755341880342003,0.04452777777777778,39,72,0.513931621887017,0.8172222222222216,69.43243243243244,111,24
1956,1956.0,0.32726315789473687,0.3012631578947368,0.40281578947368424,0.337527027027027,0.2830540540540541,0.36489189189189186,0.003843299168975069,0.006866878116343489,0.02307872922437673,0.005918060080350621,0.007732429510591674,0.015320826150474804,0.46682432432432436,0.28085135135135136,0.3409864864864865,0.1395611664295875,0.020411806543385425,0.06182930298719774,38,74,0.521587126073575,0.7921621621621616,68.51785714285714,112,25
1957,1957.0,0.32417948717948725,0.3013589743589743,0.39771794871794874,0.33729729729729724,0.2831756756756757,0.36517567567567566,0.004106095989480606,0.006691153188691652,0.023474510190664037,0.005914803506208913,0.007710874543462381,0.015285334002921841,0.4704324324324324,0.2744054054054054,0.34125675675675676,0.14625294525294513,0.026953568953568874,0.05646119196119198,39,74,0.49773000014110086,0.7648648648648644,68.15044247787611,113,31
1958,1958.0,0.3265789473684211,0.30105263157894735,0.40107894736842103,0.332375,0.2812222222222222,0.3635138888888889,0.003989612188365651,0.006863576177285318,0.02365170429362881,0.0060975954861111105,0.00766895061728395,0.014243110918209876,0.4684722222222223,0.27997222222222223,0.34175,0.1418932748538012,0.021080409356725116,0.05932894736842104,38,72,0.4944455393798645,0.7630555555555552,68.27272727272727,110,31
1959,1959.0,0.3276216216216217,0.3058648648648648,0.400027027027027,0.3373142857142857,0.28500000000000003,0.36722857142857146,0.004056127100073046,0.00616908984660336,0.024248891161431706,0.006556672653061225,0.0074107428571428555,0.014768633469387758,0.47591428571428573,0.2863571428571428,0.3452285714285714,0.14829266409266406,0.019507722007721995,0.05479845559845564,37,70,0.46548101644088935,0.7969999999999996,67.99065420560747,107,31
1960,1960.0,0.32643589743589746,0.30428205128205127,0.39664102564102566,0.3376231884057971,0.2855217391304349,0.3676231884057971,0.004114758711374096,0.006260920447074294,0.023217666009204472,0.006521886998529721,0.007251379962192816,0.013705539172442762,0.48582608695652174,0.2951884057971014,0.35495652173913045,0.15939018952062428,0.009093645484949842,0.04168450390189521,39,69,0.43337833915495483,0.78695652173913,67.62962962962963,108,31
1961,1961.0,0.3253589743589744,0.302051282051282,0.3873333333333334,0.3384264705882353,0.28852941176470587,0.3772500000000001,0.004140383957922419,0.006611894806048652,0.023394273504273512,0.006464274005190311,0.007008190311418685,0.014286746323529411,0.492985294117647,0.3021470588235294,0.3705,0.16762631975867265,9.577677224736902e-05,0.016833333333333422,39,68,0.4742048406278159,0.791911764705882,67.99065420560747,107,29
1962,1962.0,0.3263846153846154,0.3041025641025641,0.3802820512820514,0.3371884057971014,0.28973913043478255,0.37456521739130444,0.004060646942800789,0.006529527942143325,0.02353963839579224,0.006474819575719387,0.007006134845620668,0.014569839949590421,0.4866811594202898,0.3016521739130435,0.36528985507246375,0.1602965440356744,0.0024503901895205904,0.014992196209587638,39,69,0.47595068346073743,0.7817391304347822,68.43518518518519,108,30
1963,1963.0,0.3251951219512195,0.30004878048780487,0.37897560975609756,0.33821428571428575,0.29271428571428576,0.3766428571428571,0.0039762058298631765,0.0065410220107079125,0.022482706722189175,0.006454939795918367,0.0075093469387755105,0.015328972448979591,0.4888428571428571,0.3016571428571429,0.3746,0.16364773519163756,0.0016083623693380344,0.004375609756097576,41,70,0.4800472363170865,0.7352857142857139,68.44144144144144,111,33
1964,1964.0,0.3274418604651163,0.2988139534883721,0.3756046511627907,0.33821428571428575,0.29271428571428576,0.3766428571428571,0.0038947582477014604,0.006486290968090861,0.022269122769064356,0.006454939795918367,0.0075093469387755105,0.015328972448979591,0.4888428571428571,0.3016571428571429,0.3746,0.16140099667774077,0.0028431893687708154,0.0010046511627906929,43,70,0.48908906424336607,0.7452857142857139,69.79646017699115,113,31
1965,1965.0,0.3274418604651163,0.2988139534883721,0.3756046511627907,0.3372676056338028,0.2918309859154929,0.37767605633802814,0.0038947582477014604,0.006486290968090861,0.022269122769064356,0.006466365006943067,0.007474788335647689,0.015308923229517952,0.4872676056338028,0.2994788732394366,0.37080281690140837,0.15982574516868647,0.0006649197510645299,0.0048018342613823095,43,71,0.4559524758863386,0.7642253521126757,69.90350877192982,114,31
1966,1966.0,0.32673809523809516,0.30090476190476184,0.3753333333333333,0.33439130434782605,0.29039130434782606,0.37430434782608696,0.003909574263038549,0.006570752834467121,0.022888888888888886,0.0063501802142407054,0.007606846880907371,0.014859226212980468,0.47678260869565214,0.300304347826087,0.35266666666666663,0.15004451345755698,0.000600414078674838,0.02266666666666667,42,69,0.49365216865631145,0.8130434782608691,70.52252252252252,111,26
1967,1967.0,0.32937209302325576,0.2999534883720931,0.37048837209302327,0.3350298507462686,0.28764179104477616,0.37270149253731344,0.0038420475932936723,0.006480044348296376,0.02294318009734992,0.006482566273112052,0.007364976163956339,0.014852955669414122,0.4687014925373134,0.30529850746268666,0.34713432835820895,0.13932939951405765,0.005345019090593539,0.02335404373481431,43,67,0.4781750054326408,0.8034328358208952,70.55454545454545,110,30
1968,1968.0,0.3329268292682927,0.30468292682926834,0.3695365853658537,0.33375,0.28838235294117653,0.37123529411764705,0.004075726353361095,0.006631484830458061,0.021505224271267102,0.00649698161764706,0.007293412629757785,0.014778562283737025,0.4665441176470588,0.30080882352941185,0.34470588235294114,0.13361728837876607,0.0038741032998564906,0.02483070301291257,41,68,0.5025608753968607,0.8491176470588231,69.88990825688073,109,24
1969,1969.0,0.33858139534883724,0.30555813953488375,0.3508837209302325,0.33373134328358206,0.2897761194029851,0.3722686567164179,0.004784615467820442,0.006737409410492157,0.02043982368848026,0.006593927823568723,0.007270173758075295,0.014926524838494095,0.46670149253731347,0.2982985074626866,0.34714925373134325,0.12812009718847622,0.007259632072197153,0.0037344671988892575,43,67,0.5584686729943824,0.8317910447761191,68.89090909090909,110,19
1970,1970.0,0.33988636363636365,0.30729545454545454,0.35147727272727275,0.33180882352941177,0.2878823529411765,0.3719411764705883,0.004749100723140495,0.006714071797520662,0.019990431301652893,0.00674459580449827,0.007403544982698964,0.014714202422145332,0.46526470588235297,0.29597058823529415,0.34476470588235286,0.12537834224598932,0.011324866310160386,0.006712566844919887,44,68,0.544192759804037,0.821176470588235,69.49107142857143,112,21
1971,1971.0,0.34253333333333336,0.3068888888888889,0.34886666666666666,0.3305820895522388,0.2878208955223881,0.3698805970149254,0.004951848888888889,0.006572143209876544,0.01984607111111111,0.0067429298284695915,0.007513788817108488,0.014645090220539095,0.45946268656716416,0.29405970149253735,0.3354925373134328,0.1169293532338308,0.012829187396351527,0.013374129353233843,45,67,0.5218844527505997,0.8043283582089545,69.67857142857143,112,26
1972,1972.0,0.3441702127659575,0.30606382978723407,0.34789361702127664,0.33080303030303027,0.2872272727272727,0.36927272727272725,0.0048137157084653685,0.0064903576278859225,0.019047371661385246,0.006841824839302112,0.007604024104683195,0.014842228650137741,0.463530303030303,0.28751515151515156,0.3372121212121212,0.11936009026434552,0.01854867827208251,0.01068149580915545,47,66,0.5252637769370652,0.8072727272727269,69.78761061946902,113,26
1973,1973.0,0.34484782608695647,0.3062608695652173,0.3526304347826087,0.33029850746268663,0.2858358208955224,0.37016417910447763,0.004613737712665406,0.006698888468809073,0.018673667769376182,0.007069582535085765,0.007436823791490309,0.014815122298953,0.46019402985074626,0.2862537313432836,0.3400597014925373,0.11534620376378979,0.02000713822193373,0.012570733290071412,46,67,0.5081208889294934,0.7992537313432831,70.08849557522124,113,28
1974,1974.0,0.35389583333333335,0.3126666666666667,0.3619375,0.3313768115942029,0.28410144927536235,0.3735072463768116,0.005436843315972222,0.006703597222222223,0.018256100260416668,0.006960901491283344,0.007270120142827138,0.015650018063432053,0.46084057971014497,0.29630434782608694,0.345159420289855,0.10694474637681162,0.01636231884057976,0.016778079710145,48,69,0.5103012431874904,0.7553623188405792,70.16239316239316,117,29
1975,1975.0,0.354531914893617,0.3088723404255319,0.36034042553191487,0.33151470588235293,0.2837941176470588,0.37579411764705883,0.005424334087822544,0.00655436668175645,0.01850439474875509,0.007061955666089965,0.007370516435986159,0.015519310553633219,0.46683823529411766,0.29686764705882357,0.3493382352941176,0.11230632040050065,0.012004693366708341,0.01100219023779725,47,68,0.5289821367347184,0.76735294117647,70.37391304347825,115,28
1976,1976.0,0.3538775510204082,0.3036734693877551,0.3496734693877551,0.33642647058823527,0.28723529411764703,0.3760294117647059,0.005279046230737193,0.006551607663473554,0.01814328113286131,0.00703277400519031,0.007291268166089966,0.015585705017301039,0.4744264705882352,0.2960588235294118,0.35976470588235293,0.12054891956782704,0.007614645858343261,0.01009123649459781,49,68,0.5314526194896311,0.7655882352941172,70.23931623931624,117,27
1977,1977.0,0.35601999999999995,0.30132,0.35088,0.33442857142857135,0.2859,0.3720714285714286,0.005116859599999999,0.0067623776,0.0170694256,0.007014416326530612,0.007156775714285714,0.015961609183673467,0.4724571428571428,0.2911857142857143,0.36015714285714284,0.11643714285714285,0.010134285714285651,0.009277142857142817,50,70,0.5162036664118163,0.7442857142857137,70.95833333333333,120,29
1978,1978.0,0.3568627450980392,0.3024313725490196,0.3491764705882353,0.3348676470588235,0.2846470588235294,0.37217647058823533,0.0050520399846213,0.006691539407920033,0.016879831603229527,0.007044820717993079,0.007040698961937717,0.01635726297577855,0.46738235294117647,0.29304411764705884,0.3701911764705882,0.11051960784313725,0.00938725490196074,0.02101470588235288,51,68,0.4993034657852071,0.7391176470588231,70.81512605042016,119,30
1979,1979.0,0.35730612244897964,0.2996122448979592,0.343530612244898,0.3377846153846154,0.2882153846153846,0.3601692307692308,0.005221232819658476,0.006726482299042066,0.01657000416493128,0.007346938224852071,0.007093768994082841,0.01535647905325444,0.4613076923076923,0.2983846153846154,0.35375384615384614,0.10400156985871267,0.0012276295133437642,0.010223233908948137,49,65,0.48677880647233573,0.7841538461538456,70.07894736842105,114,27
1980,1980.0,0.35753999999999997,0.30041999999999996,0.33742,0.33831343283582094,0.2884029850746268,0.3582537313432836,0.005081968400000001,0.007004563599999999,0.015375123599999995,0.007701080864335042,0.007101374916462465,0.015042428157718871,0.4672686567164179,0.29710447761194037,0.348910447761194,0.1097286567164179,0.0033155223880595996,0.011490447761194011,50,67,0.482154843939013,0.7622388059701487,70.12820512820512,117,28
1981,1981.0,0.35619230769230775,0.29834615384615387,0.3400576923076924,0.3376176470588236,0.286985294117647,0.3603088235294118,0.0051739245562130165,0.007472957100591717,0.014455708210059169,0.007620265570934254,0.0071316027249134955,0.015104184039792393,0.4613529411764706,0.29430882352941184,0.34857352941176467,0.10516063348416282,0.004037330316742027,0.008515837104072277,52,68,0.47503354480307924,0.7467647058823526,70.36666666666666,120,29
1982,1982.0,0.35619230769230775,0.29834615384615387,0.3400576923076924,0.3366142857142857,0.28669999999999995,0.3568571428571429,0.0051739245562130165,0.007472957100591717,0.014455708210059169,0.007708379795918366,0.006931324285714285,0.01507806530612245,0.44834285714285715,0.29417142857142864,0.3420714285714286,0.0921505494505494,0.004174725274725233,0.0020137362637361877,52,70,0.4508291955148618,0.7888571428571425,70.62295081967213,122,24
1983,1983.0,0.35617647058823526,0.2965686274509804,0.33856862745098043,0.33694366197183095,0.2899577464788732,0.3596760563380282,0.005275361014994232,0.00745518646674356,0.014623853133410225,0.007607405276730811,0.00757660384844277,0.015421937314024997,0.44895774647887327,0.296661971830986,0.3497323943661972,0.092781275890638,9.334438000563328e-05,0.011163766915216755,51,71,0.4308125264391874,0.8023943661971826,71.48360655737704,122,24
1984,1984.0,0.3558400000000001,0.29532,0.33870000000000006,0.3352763157894737,0.29088157894736844,0.3657236842105263,0.0053750944,0.0075247776,0.014915449999999999,0.007591305228531855,0.007481078081717452,0.016005305228531858,0.45626315789473676,0.3104473684210526,0.3557763157894737,0.10042315789473666,0.015127368421052556,0.01707631578947366,50,76,0.39651566709469604,0.7802631578947364,71.23015873015873,126,25
1985,1985.0,0.35268750000000004,0.2966666666666667,0.34541666666666665,0.3352763157894737,0.29088157894736844,0.3657236842105263,0.00455133984375,0.007512805555555555,0.014386076388888886,0.007591305228531855,0.007481078081717452,0.016005305228531858,0.45626315789473676,0.3104473684210526,0.3557763157894737,0.10357565789473672,0.013780701754385893,0.010359649122807069,48,76,0.41481512261052184,0.8128947368421047,72.06451612903226,124,21
1986,1986.0,0.34615909090909086,0.29918181818181816,0.342,0.3347534246575342,0.2884657534246576,0.36731506849315065,0.0028962701446280993,0.0075627396694214885,0.012896636363636365,0.007699720022518296,0.007551098142240572,0.016555804841433666,0.46265753424657524,0.3136438356164384,0.3654246575342466,0.11649844333748438,0.014462017434620222,0.02342465753424655,44,73,0.45685947094222334,0.7943835616438352,71.98290598290598,117,21
1987,1987.0,0.34615909090909086,0.29918181818181816,0.342,0.3347534246575342,0.2884657534246576,0.36731506849315065,0.0028962701446280993,0.0075627396694214885,0.012896636363636365,0.007699720022518296,0.007551098142240572,0.016555804841433666,0.46265753424657524,0.3136438356164384,0.3654246575342466,0.11649844333748438,0.014462017434620222,0.02342465753424655,44,73,0.4648201409994803,0.8291780821917804,72.98290598290598,117,17
1988,1988.0,0.34411111111111103,0.2944444444444445,0.3492,0.33417808219178086,0.2896986301369863,0.3682328767123288,0.003593520987654322,0.008021713580246915,0.01314238222222222,0.007724420341527491,0.007395553011822107,0.01646352111090261,0.4591917808219178,0.3147671232876712,0.36115068493150687,0.11508066971080677,0.020322678843226694,0.01195068493150686,45,73,0.48469880805222376,0.7828767123287667,72.04237288135593,118,19
1989,1989.0,0.34411111111111103,0.2944444444444445,0.3492,0.3356027397260274,0.2892739726027397,0.3686712328767123,0.003593520987654322,0.008021713580246915,0.01314238222222222,0.007858650403452806,0.007356472884218427,0.016359672734096456,0.46463013698630135,0.30380821917808215,0.3597260273972603,0.12051902587519031,0.009363774733637642,0.010526027397260274,45,73,0.44384284517911166,0.7856164383561639,72.79661016949153,118,24
1990,1990.0,0.3446046511627907,0.28993023255813954,0.34048837209302324,0.33827777777777773,0.28729166666666667,0.36886111111111114,0.0037356343969713354,0.006965134667387777,0.012038808004326664,0.007714172839506174,0.007339345486111111,0.016200480709876546,0.4659305555555555,0.3134027777777778,0.3566666666666667,0.1213259043927648,0.023472545219638263,0.016178294573643448,43,72,0.45301824040972166,0.8180555555555551,72.29565217391304,115,20
1991,1991.0,0.34802631578947363,0.2877105263157895,0.3336052631578948,0.3427466666666667,0.2841066666666667,0.36613333333333337,0.0034116045706371195,0.0071951530470914125,0.01208681786703601,0.007982695822222224,0.00782097528888889,0.01692790222222222,0.4726533333333334,0.30574666666666667,0.36929333333333336,0.1246270175438598,0.01803614035087714,0.03568807017543857,38,75,0.45144086958759916,0.8030666666666663,72.09734513274336,113,21
1992,1992.0,0.34851351351351345,0.2840810810810811,0.3323513513513514,0.3463918918918919,0.28362162162162163,0.37352702702702706,0.0034947903579254933,0.006889047479912345,0.012353741417092768,0.00783588696128561,0.007890208181154127,0.017447789810080352,0.4835675675675676,0.3006891891891892,0.39151351351351354,0.13505405405405413,0.01660810810810809,0.059162162162162135,37,74,0.444790613716277,0.8016216216216211,71.74774774774775,111,22
1993,1993.0,0.34765789473684205,0.28268421052631576,0.3288421052631579,0.34470833333333334,0.28375,0.3694861111111111,0.003555067174515236,0.007085058171745153,0.012484290858725761,0.007945317708333335,0.008054993055555555,0.017279277584876542,0.47730555555555554,0.29673611111111114,0.3778888888888889,0.12964766081871348,0.014051900584795385,0.049046783625731005,38,72,0.4739518035303244,0.8061111111111106,70.91818181818182,110,20
1994,1994.0,0.3497222222222222,0.28394444444444444,0.3281111111111111,0.3436760563380283,0.28771830985915486,0.36421126760563377,0.003494256172839506,0.007320496913580247,0.013050154320987654,0.008072528863320771,0.007690399523903988,0.017189152549097406,0.47474647887323934,0.3001830985915493,0.36878873239436616,0.12502425665101713,0.016238654147104847,0.04067762128325508,36,71,0.4742510652168694,0.811408450704225,70.5233644859813,107,20
1995,1995.0,0.3501666666666667,0.28641666666666665,0.33805555555555555,0.34173239436619723,0.2864788732394366,0.36646478873239435,0.003577861111111111,0.007208354166666667,0.01597216358024691,0.0077370692322951806,0.00755182701844872,0.017660868478476494,0.4757323943661971,0.3018732394366197,0.3677464788732394,0.1255657276995304,0.015456572769953048,0.02969092331768386,36,71,0.4804475325314946,0.8266197183098587,71.19626168224299,107,19
1996,1996.0,0.34616216216216217,0.28375675675675677,0.3370810810810811,0.34220000000000006,0.2857142857142857,0.36679999999999996,0.004058460189919649,0.007268238130021912,0.015574669101533966,0.007832074285714285,0.007618204081632653,0.017905188571428567,0.4789999999999999,0.29647142857142855,0.37018571428571434,0.13283783783783776,0.012714671814671785,0.03310463320463325,37,70,0.46359140166581914,0.865428571428571,71.88785046728972,107,18
1997,1997.0,0.34486842105263155,0.28110526315789475,0.34621052631578947,0.3391594202898551,0.2847536231884058,0.3628550724637681,0.0040814826869806095,0.007823831024930748,0.01525779778393352,0.008073786179374081,0.007682011762234823,0.016896877546733878,0.4738405797101449,0.294695652173913,0.364768115942029,0.12897215865751338,0.013590389016018278,0.018557589626239546,38,69,0.47448670228225526,0.8401449275362315,72.25233644859813,107,20
1998,1998.0,0.34486842105263155,0.28110526315789475,0.34621052631578947,0.33922388059701497,0.2857313432835821,0.36061194029850746,0.0040814826869806095,0.007823831024930748,0.01525779778393352,0.007729576743149922,0.007794494987747829,0.01711292403653375,0.4711641791044776,0.29623880597014923,0.35829850746268654,0.12629575805184606,0.015133542812254486,0.012087981146897075,38,67,0.476663207461137,0.8714925373134323,72.61904761904762,105,18
1999,1999.0,0.3429473684210526,0.2800789473684211,0.3441842105263158,0.34098529411764705,0.28622058823529406,0.36401470588235296,0.003917839335180056,0.007676230609418282,0.015252518698060939,0.00782377919550173,0.00769590722318339,0.017637043901384084,0.4785735294117647,0.29398529411764707,0.36767647058823527,0.13562616099071206,0.013906346749225973,0.023492260061919457,38,68,0.5072198143199709,0.840147058823529,73.39622641509433,106,20
2000,2000.0,0.3436111111111111,0.2796111111111112,0.3450555555555555,0.343,0.29005714285714285,0.36745714285714287,0.0038470709876543214,0.007939515432098764,0.01608044135802469,0.007676114285714286,0.0077031967346938785,0.01949204816326531,0.47302857142857146,0.30240000000000006,0.3679142857142857,0.12941746031746038,0.02278888888888886,0.02285873015873019,36,70,0.4841458527983187,0.8392857142857137,73.55660377358491,106,22
