Step,Time,Mean_Male_Trait_1,Mean_Male_Trait_2,Mean_Male_Trait_3,Mean_Female_Trait_1,Mean_Female_Trait_2,Mean_Female_Trait_3,Var_Male_Trait_1,Var_Male_Trait_2,Var_Male_Trait_3,Var_Female_Trait_1,Var_Female_Trait_2,Var_Female_Trait_3,Mean_Female_Pref_1,Mean_Female_Pref_2,Mean_Female_Pref_3,Trait_Pref_Gap_1,Trait_Pref_Gap_2,Trait_Pref_Gap_3,Male_Count,Female_Count,Mean_Male_Energy,Mean_Female_Energy,Avg_Age,Population_Count,Total_Food
0,0.0,0.5009600000000001,0.45024000000000003,0.40659999999999996,0.50704,0.43572000000000005,0.53844,0.0703185984,0.0687609824,0.06013064,0.08068699839999999,0.0664973216,0.0735388864,0.5721599999999999,0.6029599999999999,0.53524,0.07119999999999982,0.1527199999999999,0.1286400000000001,25,25,0.85,0.85,45.9,50,20
1,1.0,0.5009600000000001,0.45024000000000003,0.40659999999999996,0.50704,0.43572000000000005,0.53844,0.0703185984,0.0687609824,0.06013064,0.08068699839999999,0.0664973216,0.0735388864,0.5721599999999999,0.6029599999999999,0.53524,0.07119999999999982,0.1527199999999999,0.1286400000000001,25,25,0.8126757712438771,0.8699999999999999,46.9,50,24
2,2.0,0.5009600000000001,0.45024000000000003,0.40659999999999996,0.50704,0.43572000000000005,0.53844,0.0703185984,0.0687609824,0.06013064,0.08068699839999999,0.0664973216,0.0735388864,0.5721599999999999,0.6029599999999999,0.53524,0.07119999999999982,0.1527199999999999,0.1286400000000001,25,25,0.7953515424877541,0.9299999999999998,47.9,50,25
3,3.0,0.5043846153846154,0.45719230769230773,0.4076923076923077,0.50704,0.43572000000000005,0.53844,0.06790723668639054,0.06732469378698226,0.05784775147928995,0.08068699839999999,0.0664973216,0.0735388864,0.5721599999999999,0.6029599999999999,0.53524,0.06777538461538446,0.1457676923076922,0.12754769230769236,26,25,0.7365647247419531,0.9219999999999999,48.568627450980394,51,30
4,4.0,0.5043846153846154,0.45719230769230773,0.4076923076923077,0.50704,0.43572000000000005,0.53844,0.06790723668639054,0.06732469378698226,0.05784775147928995,0.08068699839999999,0.0664973216,0.0735388864,0.5721599999999999,0.6029599999999999,0.53524,0.06777538461538446,0.1457676923076922,0.12754769230769236,26,25,0.6983935776670193,0.982,49.568627450980394,51,32
5,5.0,0.5043846153846154,0.45719230769230773,0.4076923076923077,0.4950000000000001,0.4278461538461539,0.5429615384615385,0.06790723668639054,0.06732469378698226,0.05784775147928995,0.0812076923076923,0.06548966863905326,0.07122157544378699,0.5816538461538461,0.6036538461538462,0.5320384615384616,0.07726923076923065,0.14646153846153848,0.12434615384615388,26,26,0.6544531998228548,0.9634615384615384,50.46153846153846,52,36
6,6.0,0.5043846153846154,0.45719230769230773,0.4076923076923077,0.4950000000000001,0.4278461538461539,0.5429615384615385,0.06790723668639054,0.06732469378698226,0.05784775147928995,0.0812076923076923,0.06548966863905326,0.07122157544378699,0.5816538461538461,0.6036538461538462,0.5320384615384616,0.07726923076923065,0.14646153846153848,0.12434615384615388,26,26,0.6355128219786901,1.0003846153846152,51.46153846153846,52,38
7,7.0,0.5028148148148148,0.46974074074074074,0.4046296296296296,0.4872857142857144,0.4353571428571429,0.5467857142857143,0.06545622496570644,0.06892522908093279,0.055949122085048014,0.0785208469387755,0.06755237244897959,0.06681059693877552,0.5856428571428571,0.6033928571428572,0.5248214285714285,0.0828280423280423,0.13365211640211644,0.12019179894179893,27,28,0.5715142054628763,0.9667857142857142,52.67272727272727,55,41
8,8.0,0.5028148148148148,0.46974074074074074,0.4046296296296296,0.4872857142857144,0.4353571428571429,0.5467857142857143,0.06545622496570644,0.06892522908093279,0.055949122085048014,0.0785208469387755,0.06755237244897959,0.06681059693877552,0.5856428571428571,0.6033928571428572,0.5248214285714285,0.0828280423280423,0.13365211640211644,0.12019179894179893,27,28,0.5510708372880762,0.926785714285714,53.67272727272727,55,47
9,9.0,0.4938461538461538,0.46365384615384614,0.4061923076923077,0.48633333333333345,0.451,0.5534333333333333,0.06580197633136095,0.07057584171597633,0.058035078402366866,0.07685622222222221,0.06780006666666667,0.06573604555555557,0.5785333333333332,0.6123333333333333,0.5523333333333333,0.08468717948717941,0.14867948717948715,0.14614102564102566,26,30,0.5085773529096523,0.8876666666666666,53.517857142857146,56,51
10,10.0,0.5023333333333334,0.4728148148148148,0.40703703703703703,0.5100312499999999,0.45753124999999994,0.54959375,0.06523770370370371,0.07014392866941015,0.05590418381344308,0.08052046777343749,0.0650653115234375,0.06267524121093751,0.59834375,0.6346562499999999,0.55503125,0.09601041666666654,0.16184143518518512,0.14799421296296295,27,32,0.4863598009217064,0.8134374999999999,54.74576271186441,59,55
11,11.0,0.49246153846153856,0.48115384615384615,0.39123076923076927,0.5100312499999999,0.45753124999999994,0.54959375,0.06511563313609467,0.07096420710059172,0.05130871597633136,0.08052046777343749,0.0650653115234375,0.06267524121093751,0.59834375,0.6346562499999999,0.55503125,0.10588221153846139,0.15350240384615377,0.1638004807692307,26,32,0.5988565373606586,0.8515624999999999,54.810344827586206,58,49
12,12.0,0.4947037037037038,0.4778148148148148,0.3957777777777778,0.5100312499999999,0.45753124999999994,0.54959375,0.06283465294924555,0.068625780521262,0.04994595061728396,0.08052046777343749,0.0650653115234375,0.06267524121093751,0.59834375,0.6346562499999999,0.55503125,0.10364004629629614,0.15684143518518512,0.1592534722222222,27,32,0.6214759304705568,0.8209374999999999,56.220338983050844,59,51
13,13.0,0.51824,0.47956000000000004,0.39008,0.5100312499999999,0.45753124999999994,0.54959375,0.0586188224,0.0649352064,0.0444178336,0.08052046777343749,0.0650653115234375,0.06267524121093751,0.59834375,0.6346562499999999,0.55503125,0.08010374999999992,0.15509624999999988,0.16495125,25,32,0.6464863382056956,0.8590624999999998,56.421052631578945,57,51
14,14.0,0.51824,0.47956000000000004,0.39008,0.5168787878787878,0.4576969696969696,0.5474848484848485,0.0586188224,0.0649352064,0.0444178336,0.07958089439853076,0.06309451423324153,0.0609183103764922,0.6045454545454545,0.6355757575757575,0.5548484848484848,0.08630545454545446,0.15601575757575742,0.16476848484848483,25,33,0.6231423863950222,0.9048484848484846,58.10344827586207,58,50
15,15.0,0.53475,0.4902142857142858,0.4110714285714286,0.5247941176470589,0.4565882352941176,0.5514117647058824,0.05919790178571428,0.0610423112244898,0.043619280612244904,0.07930781055363322,0.061279359861591706,0.05963547750865053,0.6145294117647059,0.6462941176470587,0.5625294117647058,0.07977941176470593,0.15607983193277286,0.15145798319327725,28,34,0.6105343165931684,0.8702941176470586,58.774193548387096,62,50
16,16.0,0.535103448275862,0.48441379310344834,0.4132758620689655,0.5247941176470589,0.4565882352941176,0.5514117647058824,0.057160092746730076,0.05987948394768134,0.04225123424494649,0.07930781055363322,0.061279359861591706,0.05963547750865053,0.6145294117647059,0.6462941176470587,0.5625294117647058,0.0794259634888439,0.16188032454361034,0.14925354969574034,29,34,0.5578254708242435,0.8832352941176467,59.857142857142854,63,53
17,17.0,0.5355172413793102,0.46786206896551724,0.423448275862069,0.5395151515151516,0.4510909090909091,0.5588484848484848,0.05716066349583829,0.05379301545778835,0.04711645422116527,0.07434297704315886,0.06210880991735538,0.059562249770431584,0.6248181818181817,0.6441818181818182,0.5536060606060605,0.08930094043887149,0.17631974921630095,0.13015778474399153,29,33,0.5595958198934392,0.9242424242424239,61.806451612903224,62,54
18,18.0,0.49749999999999994,0.42133333333333334,0.4207666666666666,0.531,0.4571714285714286,0.5726285714285715,0.04645124999999999,0.04507602222222223,0.05037837888888889,0.07443348571428572,0.05940019918367347,0.06003451918367349,0.6193428571428571,0.6363142857142856,0.5731714285714286,0.12184285714285714,0.21498095238095227,0.15240476190476193,30,35,0.5609906838155193,0.7965714285714284,58.69230769230769,65,59
19,19.0,0.5015172413793103,0.4287586206896552,0.41017241379310343,0.5194594594594595,0.45267567567567574,0.5689729729729731,0.04756887039239001,0.04497632104637336,0.048748418549346015,0.07356522132943755,0.057499246165084006,0.05721786413440468,0.6032432432432433,0.6278108108108108,0.5857297297297297,0.10172600186393299,0.1990521901211556,0.17555731593662627,29,37,0.5762312901824564,0.791351351351351,58.53030303030303,66,57
20,20.0,0.5015172413793103,0.4287586206896552,0.41017241379310343,0.5254736842105263,0.45200000000000007,0.5685263157894738,0.04756887039239001,0.04497632104637336,0.048748418549346015,0.07296761772853184,0.056003000000000004,0.05571951246537397,0.6082368421052632,0.6289736842105264,0.5799473684210527,0.10671960072595288,0.20021506352087115,0.16977495462794923,29,38,0.5488530264058326,0.7881578947368417,59.64179104477612,67,59
21,21.0,0.5033928571428571,0.4316071428571429,0.3966785714285714,0.519425,0.44325000000000003,0.5744,0.049165738520408155,0.046347309948979606,0.045209003826530605,0.07029939437499999,0.05465878750000001,0.05380684,0.5853499999999999,0.6200750000000002,0.576075,0.08195714285714284,0.18846785714285724,0.17939642857142862,28,40,0.548961195558834,0.7932499999999996,60.64705882352941,68,57
22,22.0,0.5049259259259259,0.41811111111111116,0.3993333333333333,0.519425,0.44325000000000003,0.5744,0.05092088340192044,0.04296387654320988,0.046686074074074074,0.07029939437499999,0.05465878750000001,0.05380684,0.5853499999999999,0.6200750000000002,0.576075,0.08042407407407404,0.201963888888889,0.17674166666666669,27,40,0.5121924470740751,0.8282499999999995,61.83582089552239,67,59
23,23.0,0.5081290322580645,0.42335483870967744,0.4003548387096775,0.519425,0.44325000000000003,0.5744,0.04715443496357961,0.045961067637877204,0.04151113215400623,0.07029939437499999,0.05465878750000001,0.05380684,0.5853499999999999,0.6200750000000002,0.576075,0.07722096774193543,0.19672016129032271,0.17572016129032253,31,40,0.5356188074694853,0.8057499999999995,62.49295774647887,71,57
24,24.0,0.5081290322580645,0.42335483870967744,0.4003548387096775,0.5139024390243903,0.44536585365853665,0.5937073170731707,0.04715443496357961,0.045961067637877204,0.04151113215400623,0.07007486853063652,0.053849500297442,0.047900597263533615,0.5784878048780487,0.6026341463414635,0.577,0.07035877261998424,0.17927930763178607,0.17664516129032248,31,41,0.5500578449997067,0.8034146341463413,63.125,72,56
25,25.0,0.5175000000000001,0.42796875,0.40096875,0.5139024390243903,0.44536585365853665,0.5937073170731707,0.04840312499999999,0.045184717773437494,0.0402255927734375,0.07007486853063652,0.053849500297442,0.047900597263533615,0.5784878048780487,0.6026341463414635,0.577,0.06098780487804867,0.1746653963414635,0.17603124999999997,32,41,0.5156063549508676,0.8317073170731705,64.6027397260274,73,56
26,26.0,0.527888888888889,0.4436111111111112,0.4184444444444444,0.5123095238095238,0.44223809523809526,0.5903095238095238,0.046545265432098776,0.04775051543209876,0.038212913580246914,0.06851045181405895,0.05296846712018141,0.04723345181405897,0.5857380952380952,0.599,0.5740952380952381,0.057849206349206206,0.1553888888888888,0.1556507936507937,36,42,0.5093199027448585,0.7692857142857138,63.96153846153846,78,57
27,27.0,0.5264,0.4373714285714286,0.41551428571428567,0.5129767441860466,0.4423255813953489,0.5898604651162791,0.047795325714285714,0.04771320489795918,0.038995621224489796,0.06693588318009734,0.051736963764196855,0.046143468902109255,0.5893720930232558,0.5928372093023256,0.5650465116279069,0.06297209302325579,0.15546578073089706,0.1495322259136212,35,43,0.5330114303376504,0.73906976744186,65.23076923076923,78,58
28,28.0,0.5449428571428572,0.4462285714285714,0.3843142857142857,0.5033333333333333,0.43233333333333346,0.5850952380952381,0.04986925387755102,0.045907090612244884,0.029545815510204087,0.06453079365079364,0.04867546031746032,0.0462657052154195,0.6005714285714285,0.5844761904761905,0.5767619047619048,0.05562857142857136,0.13824761904761906,0.1924476190476191,35,42,0.5831468437060847,0.6642857142857138,65.63636363636364,77,60
29,29.0,0.5604285714285715,0.4444,0.3788571428571429,0.48578571428571427,0.43523809523809537,0.5776904761904762,0.042198073469387753,0.04637269714285713,0.028477151020408167,0.06505931122448978,0.04695127664399093,0.04509416609977324,0.6024761904761905,0.5811666666666666,0.5924761904761904,0.042047619047619,0.1367666666666666,0.2136190476190475,35,42,0.5991665540177301,0.7542857142857139,66.25974025974025,77,52
30,30.0,0.5604285714285715,0.4444,0.3788571428571429,0.4926511627906976,0.4336744186046512,0.576953488372093,0.042198073469387753,0.04637269714285713,0.028477151020408167,0.06552594808004328,0.045962080043266636,0.04406827690643591,0.6089069767441861,0.5908372093023255,0.5997441860465116,0.04847840531561465,0.1464372093023255,0.2208870431893687,35,43,0.595117051825892,0.7823255813953485,67.1923076923077,78,49
31,31.0,0.5524000000000001,0.44322857142857136,0.3908857142857143,0.48240909090909095,0.444409090909091,0.5760454545454545,0.042174011428571426,0.04345166204081633,0.028570215510204083,0.06419201446280992,0.046441378099173564,0.04200645247933885,0.6000909090909091,0.6026818181818182,0.5949090909090908,0.047690909090909006,0.15945324675324685,0.20402337662337655,35,44,0.5723555977829543,0.8143181818181816,65.46835443037975,79,45
32,32.0,0.5524000000000001,0.44322857142857136,0.3908857142857143,0.48240909090909095,0.444409090909091,0.5760454545454545,0.042174011428571426,0.04345166204081633,0.028570215510204083,0.06419201446280992,0.046441378099173564,0.04200645247933885,0.6000909090909091,0.6026818181818182,0.5949090909090908,0.047690909090909006,0.15945324675324685,0.20402337662337655,35,44,0.5154796864601836,0.8538636363636362,66.46835443037975,79,46
33,33.0,0.5305714285714286,0.42597142857142856,0.3830571428571429,0.48240909090909095,0.444409090909091,0.5760454545454545,0.03943955918367348,0.035858370612244894,0.026624511020408165,0.06419201446280992,0.046441378099173564,0.04200645247933885,0.6000909090909091,0.6026818181818182,0.5949090909090908,0.06951948051948054,0.17671038961038965,0.21185194805194796,35,44,0.5275516909449881,0.8388636363636359,66.51898734177215,79,47
34,34.0,0.5305714285714286,0.42597142857142856,0.3830571428571429,0.48240909090909095,0.444409090909091,0.5760454545454545,0.03943955918367348,0.035858370612244894,0.026624511020408165,0.06419201446280992,0.046441378099173564,0.04200645247933885,0.6000909090909091,0.6026818181818182,0.5949090909090908,0.06951948051948054,0.17671038961038965,0.21185194805194796,35,44,0.49982434159267136,0.897727272727272,67.51898734177215,79,44
35,35.0,0.5305714285714286,0.42597142857142856,0.3830571428571429,0.48240909090909095,0.444409090909091,0.5760454545454545,0.03943955918367348,0.035858370612244894,0.026624511020408165,0.06419201446280992,0.046441378099173564,0.04200645247933885,0.6000909090909091,0.6026818181818182,0.5949090909090908,0.06951948051948054,0.17671038961038965,0.21185194805194796,35,44,0.5149541350974975,0.9486363636363632,68.51898734177215,79,39
36,36.0,0.5245000000000001,0.4330833333333333,0.38908333333333334,0.4828695652173914,0.43936956521739134,0.5655869565217391,0.03963419444444445,0.036632576388888886,0.02715596527777778,0.06152328733459357,0.044981450378071816,0.04276732939508506,0.6039782608695653,0.5958260869565217,0.5879347826086956,0.07947826086956522,0.1627427536231884,0.19885144927536225,36,46,0.4848038194744815,0.9039130434782605,68.26829268292683,82,41
37,37.0,0.5132972972972973,0.429918918918919,0.3844324324324324,0.4920851063829788,0.44104255319148944,0.5658936170212765,0.038123830533235946,0.036528993425858296,0.026083326515704896,0.06288807786328655,0.044082508827523764,0.042505712086917155,0.6029574468085106,0.592404255319149,0.5889148936170212,0.08966014951121326,0.16248533640023,0.2044824611845888,37,47,0.5008552622941109,0.8731914893617017,67.9047619047619,84,39
38,38.0,0.5154250000000001,0.43360000000000004,0.39155,0.4920851063829788,0.44104255319148944,0.5658936170212765,0.040351444375000003,0.033848090000000004,0.024467747499999998,0.06288807786328655,0.044082508827523764,0.042505712086917155,0.6029574468085106,0.592404255319149,0.5889148936170212,0.08753244680851047,0.15880425531914893,0.1973648936170212,40,47,0.5065950128162072,0.8480851063829784,67.49425287356321,87,38
39,39.0,0.5050810810810811,0.43872972972972973,0.37872972972972974,0.4881458333333333,0.44314583333333335,0.5671458333333333,0.03911056099342585,0.034800899926953975,0.023947494521548575,0.062307249565972216,0.04337204123263889,0.04169387456597221,0.6008958333333333,0.5874375000000001,0.5914583333333333,0.09581475225225222,0.14870777027027032,0.21272860360360357,37,48,0.4976814235731687,0.8672916666666661,68.69411764705882,85,38
40,40.0,0.5050810810810811,0.43872972972972973,0.37872972972972974,0.48602040816326525,0.44287755102040816,0.5670816326530612,0.03911056099342585,0.034800899926953975,0.023947494521548575,0.0612525097875885,0.04249035235318617,0.040843177009579346,0.5989795918367348,0.5861836734693878,0.5970408163265306,0.0938985107556537,0.1474539437396581,0.21831108659680087,37,49,0.49164133907768365,0.87469387755102,69.16279069767442,86,36
41,41.0,0.5074411764705882,0.4451176470588235,0.3782058823529411,0.4902549019607843,0.44298039215686275,0.5646470588235294,0.03836159948096886,0.03564145674740485,0.022180281141868513,0.06345744482891194,0.04150245059592464,0.0395010519031142,0.5959803921568628,0.5865882352941177,0.5890392156862745,0.08853921568627465,0.14147058823529424,0.21083333333333337,34,51,0.4807512325946655,0.8764705882352938,68.44705882352942,85,35
42,42.0,0.5104285714285712,0.44559999999999994,0.3799714285714285,0.4902549019607843,0.44298039215686275,0.5646470588235294,0.03756898775510204,0.03463104000000001,0.02165254204081633,0.06345744482891194,0.04150245059592464,0.0395010519031142,0.5959803921568628,0.5865882352941177,0.5890392156862745,0.0855518207282916,0.1409882352941178,0.20906778711484597,35,51,0.46100591635341875,0.8717647058823526,69.54651162790698,86,36
43,43.0,0.49462857142857136,0.44008571428571425,0.3811714285714286,0.49717307692307694,0.44723076923076915,0.5667884615384616,0.03317714775510204,0.03414424979591837,0.022293570612244892,0.0629605277366864,0.04247721597633137,0.03795951294378699,0.6017500000000001,0.5849423076923077,0.5878076923076923,0.10712142857142876,0.14485659340659346,0.20663626373626365,35,52,0.4666798507163859,0.8324999999999996,69.60919540229885,87,36
44,44.0,0.5005714285714287,0.4524,0.3900571428571428,0.499469387755102,0.4467142857142857,0.5585102040816327,0.033461673469387755,0.032921668571428565,0.021176682448979592,0.06612571845064556,0.0409385306122449,0.0390190254060808,0.6091632653061224,0.6021836734693877,0.586,0.10859183673469375,0.1497836734693877,0.19594285714285714,35,49,0.4796821199161268,0.8106122448979586,68.22619047619048,84,39
45,45.0,0.5022571428571428,0.4546857142857143,0.4152571428571428,0.499469387755102,0.4467142857142857,0.5585102040816327,0.035796591020408164,0.03344992979591836,0.020998076734693876,0.06612571845064556,0.0409385306122449,0.0390190254060808,0.6091632653061224,0.6021836734693877,0.586,0.10690612244897957,0.14749795918367342,0.17074285714285714,35,49,0.5231990674028394,0.7930612244897954,68.35714285714286,84,38
46,46.0,0.5119142857142859,0.4558857142857143,0.42014285714285715,0.49776000000000004,0.45426,0.5561400000000001,0.03556316408163265,0.03342284408163266,0.01883663673469388,0.0649463824,0.0429097124,0.038513920400000005,0.6045,0.60358,0.59294,0.09258571428571416,0.14769428571428572,0.17279714285714287,35,50,0.4964192093129952,0.7769999999999994,67.63529411764706,85,39
47,47.0,0.5062187499999999,0.46328125,0.42296875,0.49939215686274513,0.45413725490196083,0.5545098039215687,0.0326827333984375,0.0348363896484375,0.0198816552734375,0.06380612072279891,0.04206909880815071,0.037891622452902736,0.607078431372549,0.5955686274509804,0.5907647058823529,0.10085968137254908,0.1322873774509804,0.16779595588235285,32,51,0.48855122669327217,0.8039215686274502,67.3012048192771,83,37
48,48.0,0.5062187499999999,0.46328125,0.42296875,0.4994791666666667,0.4537083333333333,0.5669583333333333,0.0326827333984375,0.0348363896484375,0.0198816552734375,0.06411333289930556,0.041048123263888896,0.037045248263888886,0.6105416666666666,0.5845833333333333,0.5933958333333333,0.10432291666666671,0.12130208333333337,0.17042708333333334,32,48,0.4473730073388405,0.8256249999999993,67.5,80,39
49,49.0,0.4953548387096773,0.4555806451612903,0.4215806451612903,0.4951276595744682,0.4521063829787233,0.560936170212766,0.031135454734651402,0.03490998543184183,0.020521340270551507,0.06456853689452241,0.04179830783159801,0.03609265550022634,0.6109787234042555,0.5800212765957448,0.5852765957446807,0.11562388469457824,0.12444063143445444,0.16369595058339043,31,47,0.4441055772470493,0.8131914893617015,66.91025641025641,78,41
50,50.0,0.4714193548387096,0.4588709677419355,0.42687096774193545,0.49617391304347835,0.455108695652174,0.5633260869565218,0.02679101768990635,0.035026370447450564,0.02146166077003122,0.06592075236294895,0.042283314272211714,0.036608828449905484,0.6050652173913045,0.5828478260869566,0.5881086956521738,0.13364586255259486,0.12397685834502115,0.16123772791023838,31,46,0.5003351021342518,0.8032608695652168,65.93506493506493,77,41
51,51.0,0.48267857142857146,0.4548571428571428,0.41496428571428573,0.4893541666666667,0.4566041666666667,0.5611875,0.0275822181122449,0.03604455102040816,0.02144560586734694,0.06428002039930555,0.04072294748263889,0.03587131901041667,0.5894375,0.5831875000000001,0.5841458333333334,0.10675892857142849,0.1283303571428573,0.16918154761904763,28,48,0.4848237484230458,0.821041666666666,67.11842105263158,76,41
52,52.0,0.48267857142857146,0.4548571428571428,0.41496428571428573,0.4893541666666667,0.4566041666666667,0.5611875,0.0275822181122449,0.03604455102040816,0.02144560586734694,0.06428002039930555,0.04072294748263889,0.03587131901041667,0.5894375,0.5831875000000001,0.5841458333333334,0.10675892857142849,0.1283303571428573,0.16918154761904763,28,48,0.42848156391293657,0.8331249999999993,68.11842105263158,76,44
53,53.0,0.48634482758620695,0.4615862068965517,0.41479310344827586,0.48759183673469386,0.4571428571428572,0.560938775510204,0.027007467300832345,0.03606948394768132,0.020706922711058267,0.06311726197417743,0.03990579591836735,0.03514222074135777,0.5971632653061224,0.591591836734694,0.5814081632653061,0.11081843771991545,0.13000562983814223,0.16661505981703023,29,49,0.39551388356135064,0.8065306122448972,69.78205128205128,78,47
54,54.0,0.49793103448275866,0.4668965517241379,0.4202413793103449,0.49345833333333333,0.46160416666666676,0.5619166666666666,0.026726202140309158,0.03491988585017835,0.020864734839476814,0.06274583159722223,0.03976190581597222,0.035827493055555555,0.5931041666666667,0.5867083333333333,0.592375,0.095173132183908,0.11981178160919537,0.1721336206896551,29,48,0.3637626911886688,0.8143749999999992,69.85714285714286,77,48
55,55.0,0.5076538461538461,0.46907692307692306,0.4206153846153846,0.4949591836734694,0.4594081632653062,0.5572857142857143,0.026462534023668643,0.02949784023668639,0.01720462130177515,0.061573426905456065,0.039181915035401915,0.03612571428571428,0.5958163265306122,0.5819795918367346,0.5815714285714285,0.0881624803767661,0.11290266875981159,0.1609560439560439,26,49,0.3867669753276133,0.8228571428571422,69.6,75,46
56,56.0,0.5040416666666666,0.46570833333333334,0.40991666666666665,0.49351999999999996,0.4562800000000001,0.55584,0.028101373263888892,0.030598456597222223,0.016764993055555556,0.06044344960000001,0.0388777616,0.0355056144,0.5979399999999999,0.57418,0.57792,0.0938983333333333,0.10847166666666669,0.16800333333333334,24,50,0.39581487832373113,0.8301999999999994,70.0,74,46
57,57.0,0.5020416666666666,0.46012499999999995,0.4362083333333333,0.49121999999999993,0.45128,0.55158,0.03181878993055556,0.030855609375,0.018097581597222225,0.061206451599999996,0.0403655616,0.0363253236,0.60308,0.57796,0.56892,0.10103833333333334,0.11783500000000008,0.13271166666666667,24,50,0.4778081162903182,0.8557999999999995,70.21621621621621,74,41
58,58.0,0.4993478260869565,0.4549565217391304,0.4391304347826086,0.4967843137254901,0.45482352941176474,0.5541960784313725,0.033028052930056714,0.0315560415879017,0.01867950472589792,0.06155440445982315,0.04020191003460208,0.03595525567089581,0.6033529411764706,0.5821764705882353,0.575078431372549,0.10400511508951416,0.12721994884910487,0.1359479965899404,23,51,0.45512417275671424,0.8615686274509798,71.04054054054055,74,42
59,59.0,0.4970909090909091,0.45909090909090905,0.4321363636363636,0.5022499999999999,0.4561538461538462,0.5539615384615385,0.03441217355371901,0.032597264462809916,0.01840348140495868,0.06189422596153847,0.03951905325443787,0.03526661390532544,0.6064807692307692,0.5836730769230769,0.5708461538461538,0.10938986013986013,0.12458216783216786,0.13870979020979018,22,52,0.41039979339745825,0.8663461538461531,73.0945945945946,74,44
60,60.0,0.5008695652173912,0.45917391304347827,0.4358260869565217,0.5079999999999999,0.45816981132075474,0.5489999999999999,0.0332301134215501,0.031180143667296788,0.0179028393194707,0.061456000000000004,0.03847478248487006,0.03501230188679245,0.627754716981132,0.5965471698113207,0.5808301886792453,0.12688515176374082,0.13737325676784246,0.1450041017227236,23,53,0.39919861060225714,0.8618867924528295,72.40789473684211,76,43
61,61.0,0.4834782608695652,0.44321739130434784,0.4527826086956522,0.5009019607843137,0.46180392156862743,0.5528823529411765,0.03421007561436674,0.03659564839319471,0.01901164839319471,0.061706402153018064,0.03953360861207228,0.035149986159169554,0.6264313725490196,0.6141764705882353,0.5850196078431373,0.1429531116794544,0.17095907928388748,0.13223699914748516,23,51,0.3732045382180238,0.918823529411764,73.12162162162163,74,41
62,62.0,0.48190909090909084,0.44309090909090915,0.45495454545454544,0.5009019607843137,0.46180392156862743,0.5528823529411765,0.035708446280991735,0.03825871900826446,0.01976731611570248,0.061706402153018064,0.03953360861207228,0.035149986159169554,0.6264313725490196,0.6141764705882353,0.5850196078431373,0.14452228163992875,0.17108556149732618,0.1300650623885919,22,51,0.3548875259381432,0.9082352941176464,74.54794520547945,73,45
63,63.0,0.4877619047619047,0.4466190476190477,0.4519047619047619,0.5073799999999999,0.45965999999999996,0.5588799999999999,0.03665522902494331,0.039806712018140594,0.020503990929705215,0.0608003156,0.0400898644,0.034018425600000006,0.63042,0.61354,0.5779,0.1426580952380953,0.16692095238095228,0.12599523809523805,21,50,0.36051090394406926,0.916999999999999,75.54929577464789,71,47
64,64.0,0.4748421052631578,0.43189473684210533,0.449,0.5073799999999999,0.45965999999999996,0.5588799999999999,0.03863571191135734,0.032215146814404426,0.02161368421052632,0.0608003156,0.0400898644,0.034018425600000006,0.63042,0.61354,0.5779,0.1555778947368422,0.18164526315789464,0.12889999999999996,19,50,0.3665218931985152,0.9369999999999991,76.23188405797102,69,48
65,65.0,0.45464705882352935,0.3964705882352941,0.4433529411764705,0.49482352941176466,0.4664509803921569,0.5612156862745098,0.035204463667820075,0.028981307958477504,0.023011875432525954,0.06141163552479815,0.043070835832372166,0.033468678969627075,0.6334509803921569,0.6203529411764707,0.570156862745098,0.1788039215686275,0.2238823529411766,0.12680392156862752,17,51,0.5509330224130898,0.9215686274509797,75.61764705882354,68,43
66,66.0,0.45464705882352935,0.3964705882352941,0.4433529411764705,0.48463461538461533,0.4687884615384616,0.5563846153846155,0.035204463667820075,0.028981307958477504,0.023011875432525954,0.057745539571005915,0.044088705251479295,0.03279977514792899,0.6470576923076922,0.6160192307692308,0.5728846153846153,0.19241063348416282,0.21954864253393674,0.12953167420814482,17,52,0.5069318874916842,0.8934615384615378,74.20289855072464,69,44
67,67.0,0.45487500000000003,0.4110625,0.4473125,0.4825849056603773,0.4671509433962265,0.5563773584905661,0.037403859375,0.027172933593749997,0.024183589843750006,0.056874469206123185,0.04339627910288359,0.032180914204343186,0.6472641509433961,0.6084716981132076,0.5658490566037735,0.19238915094339604,0.19740919811320756,0.11853655660377349,16,53,0.4981070175856093,0.9113207547169806,73.72463768115942,69,42
68,68.0,0.4997857142857142,0.4169285714285714,0.4397142857142858,0.4773269230769231,0.4664038461538462,0.5490769230769231,0.026421168367346943,0.030775923469387755,0.026996489795918375,0.05650295081360946,0.04420124075443786,0.02997507100591716,0.6474423076923076,0.6060961538461539,0.5579807692307692,0.14765659340659337,0.18916758241758247,0.11826648351648344,14,52,0.5451601409731234,0.8961538461538454,74.65151515151516,66,46
69,69.0,0.499,0.38484615384615384,0.46484615384615385,0.4747924528301887,0.46094339622641517,0.5436037735849056,0.02364492307692307,0.01842136094674556,0.02693443786982249,0.055228088999644,0.044035676041295845,0.030718314702741195,0.6395094339622641,0.6029811320754718,0.5503584905660377,0.14050943396226412,0.21813497822931793,0.08551233671988384,13,53,0.5600363256775819,0.8530188679245276,71.86363636363636,66,48
70,70.0,0.5172307692307692,0.4162307692307692,0.462,0.47034615384615375,0.45748076923076925,0.544673076923077,0.0220181775147929,0.025041100591715975,0.026706307692307696,0.05583672633136094,0.045353057322485214,0.031243758505917166,0.6289615384615386,0.5884999999999999,0.5524615384615384,0.11173076923076941,0.17226923076923073,0.09046153846153843,13,52,0.5864910568794415,0.8519230769230763,71.4,65,48
71,71.0,0.5172307692307692,0.4162307692307692,0.462,0.46417647058823525,0.4516078431372549,0.5387058823529411,0.0220181775147929,0.025041100591715975,0.026706307692307696,0.054952184544405994,0.04444878738946558,0.030004795847750867,0.6277843137254902,0.5817450980392157,0.5619019607843138,0.11055354449472099,0.16551432880844652,0.09990196078431374,13,51,0.645136046562012,0.89235294117647,71.859375,64,45
72,72.0,0.5057333333333333,0.4158,0.4580666666666666,0.4539607843137255,0.45586274509803926,0.5359803921568628,0.019989795555555554,0.021737626666666662,0.026306328888888893,0.05543372395232603,0.04161302037677817,0.02992217608612073,0.6129019607843137,0.5712156862745098,0.5589803921568627,0.10716862745098044,0.1554156862745098,0.10091372549019606,15,51,0.659943564745305,0.8833333333333325,70.66666666666667,66,45
73,73.0,0.5057333333333333,0.4158,0.4580666666666666,0.4539607843137255,0.45586274509803926,0.5359803921568628,0.019989795555555554,0.021737626666666662,0.026306328888888893,0.05543372395232603,0.04161302037677817,0.02992217608612073,0.6129019607843137,0.5712156862745098,0.5589803921568627,0.10716862745098044,0.1554156862745098,0.10091372549019606,15,51,0.6034486616582984,0.9511764705882344,71.66666666666667,66,42
74,74.0,0.5057333333333333,0.4158,0.4580666666666666,0.45411538461538464,0.4570576923076923,0.5314230769230769,0.019989795555555554,0.021737626666666662,0.026306328888888893,0.053153448224852066,0.04154651590236687,0.029058051775147937,0.6172307692307691,0.5745576923076923,0.5446153846153845,0.11149743589743588,0.15875769230769227,0.08654871794871788,15,52,0.5269537585712917,0.9384615384615377,71.67164179104478,67,46
75,75.0,0.518,0.4314285714285715,0.4224285714285715,0.4477058823529411,0.4557450980392157,0.5312156862745099,0.016380571428571425,0.01587867346938775,0.030183530612244904,0.05205942329873125,0.04227156247597078,0.02962558093041138,0.614313725490196,0.5728823529411764,0.5483333333333332,0.09631372549019601,0.1414537815126049,0.12590476190476174,14,51,0.512456079264915,0.9903921568627442,69.8923076923077,65,43
76,76.0,0.50575,0.45175000000000004,0.448875,0.44349056603773584,0.4583584905660377,0.5358301886792454,0.0156365625,0.017122562499999997,0.032066984375,0.05134141972232111,0.040990984692061236,0.02919802776788892,0.6159999999999999,0.5737924528301886,0.5488490566037735,0.11024999999999985,0.12204245283018861,0.09997405660377345,16,53,0.49911284979046366,0.9099999999999993,68.91304347826087,69,48
77,77.0,0.5048823529411764,0.4494705882352942,0.44329411764705884,0.43258490566037733,0.45520754716981127,0.5357547169811321,0.014728809688581316,0.016198484429065744,0.030679031141868512,0.04774337486650052,0.04163556069775722,0.02918758134567462,0.6025849056603774,0.5587169811320755,0.5446037735849055,0.09770255271920092,0.10924639289678129,0.10130965593784669,17,53,0.44873448974062063,0.9054716981132066,69.25714285714285,70,49
78,78.0,0.5064117647058823,0.449764705882353,0.4398235294117647,0.4310769230769231,0.44757692307692304,0.5358846153846154,0.014515771626297577,0.016155474048442905,0.03050591003460208,0.04838053254437869,0.041471436390532565,0.03041164053254438,0.6021538461538462,0.5486923076923077,0.5643461538461538,0.09574208144796381,0.09892760180995469,0.1245226244343891,17,52,0.454818432603739,0.9034615384615378,69.89855072463769,69,49
79,79.0,0.4939375,0.45718749999999997,0.43374999999999997,0.4310769230769231,0.44757692307692304,0.5358846153846154,0.01277768359375,0.016228527343749997,0.0317854375,0.04838053254437869,0.041471436390532565,0.03041164053254438,0.6021538461538462,0.5486923076923077,0.5643461538461538,0.10821634615384618,0.09150480769230773,0.13059615384615386,16,52,0.4568548333883967,0.9307692307692298,71.76470588235294,68,49
80,80.0,0.5034666666666666,0.4706000000000001,0.42626666666666674,0.43168518518518517,0.4447037037037036,0.5322407407407408,0.012176648888888886,0.014432106666666666,0.03300846222222223,0.047956512002743486,0.04061468998628257,0.029640590192043896,0.5972407407407407,0.5497222222222222,0.565574074074074,0.09377407407407412,0.07912222222222215,0.13930740740740727,15,54,0.4280394549689764,0.9188888888888879,72.1159420289855,69,49
81,81.0,0.49771428571428566,0.47128571428571436,0.4197857142857143,0.43168518518518517,0.4447037037037036,0.5322407407407408,0.012550061224489798,0.01545591836734694,0.03473616836734694,0.047956512002743486,0.04061468998628257,0.029640590192043896,0.5972407407407407,0.5497222222222222,0.565574074074074,0.09952645502645507,0.07843650793650786,0.1457883597883597,14,54,0.5066014167913023,0.9251851851851841,72.52941176470588,68,49
82,82.0,0.4786428571428571,0.47514285714285714,0.43650000000000005,0.43929629629629624,0.44885185185185184,0.5255000000000001,0.01406351530612245,0.017490836734693874,0.040547964285714284,0.04731028257887518,0.03973605212620028,0.032460472222222224,0.6067222222222222,0.5566296296296298,0.5561111111111111,0.12807936507936507,0.08148677248677266,0.11961111111111106,14,54,0.5165022253961911,0.8992592592592585,71.69117647058823,68,52
83,83.0,0.46799999999999997,0.4653125,0.4375625,0.4420357142857143,0.44842857142857145,0.5255892857142858,0.013118000000000001,0.018448464843749998,0.03884937109375,0.046867570153061235,0.03832531632653061,0.03150767059948979,0.6107142857142858,0.5552142857142857,0.558875,0.1427142857142858,0.08990178571428564,0.12131249999999999,16,56,0.5337069091404123,0.8714285714285704,71.40277777777777,72,51
84,84.0,0.46799999999999997,0.4653125,0.4375625,0.4457241379310345,0.4536206896551724,0.525396551724138,0.013118000000000001,0.018448464843749998,0.03884937109375,0.04471154458977408,0.038180476813317474,0.030823859988109395,0.6045,0.5477758620689656,0.5675689655172415,0.13650000000000007,0.08246336206896554,0.13000646551724143,16,58,0.4492830376149388,0.8727586206896543,70.28378378378379,74,49
85,85.0,0.46799999999999997,0.4653125,0.4375625,0.4552,0.45141666666666663,0.5254333333333333,0.013118000000000001,0.018448464843749998,0.03884937109375,0.04613232666666666,0.03704874305555556,0.029816445555555557,0.6115999999999999,0.5571333333333333,0.5603666666666667,0.14359999999999995,0.09182083333333324,0.12280416666666666,16,60,0.40548416608946547,0.8599999999999992,71.40789473684211,76,50
86,86.0,0.46799999999999997,0.4653125,0.4375625,0.44796610169491524,0.4509661016949152,0.5237457627118643,0.013118000000000001,0.018448464843749998,0.03884937109375,0.04435993105429475,0.03782484630853203,0.030440155702384373,0.604271186440678,0.5520508474576271,0.5576440677966102,0.13627118644067804,0.0867383474576271,0.12008156779661022,16,59,0.43356029456399214,0.8772881355932196,71.68,75,46
87,87.0,0.4845294117647059,0.4665882352941177,0.4471176470588235,0.4515172413793103,0.44475862068965516,0.5251379310344827,0.016717896193771627,0.017389301038062282,0.03802492733564014,0.04438073246135553,0.03620356242568371,0.030850636147443516,0.6083448275862069,0.5499137931034482,0.5517413793103448,0.12381541582150102,0.08332555780933054,0.10462373225152133,17,58,0.45506957462448816,0.8651724137931027,71.72,75,46
88,88.0,0.4762857142857143,0.4438571428571429,0.4022142857142857,0.4690877192982456,0.4348947368421053,0.5143859649122807,0.01448134693877551,0.01597583673469388,0.03413002551020409,0.04592969405971068,0.03251711172668513,0.028800763311788245,0.6082280701754387,0.561859649122807,0.5353333333333333,0.13194235588972436,0.11800250626566405,0.13311904761904764,14,57,0.4566887134312047,0.8677192982456133,71.54929577464789,71,48
89,89.0,0.4762857142857143,0.4438571428571429,0.4022142857142857,0.47185714285714286,0.4378214285714286,0.5128035714285715,0.01448134693877551,0.01597583673469388,0.03413002551020409,0.04631269387755103,0.03260953954081632,0.029172336415816326,0.6147857142857143,0.569392857142857,0.5332321428571428,0.13849999999999996,0.12553571428571414,0.13101785714285713,14,56,0.47234844463652303,0.9123214285714276,72.02857142857142,70,45
90,90.0,0.46786666666666665,0.4364666666666667,0.3915333333333333,0.47282456140350876,0.43828070175438594,0.5108771929824562,0.014508248888888891,0.015675448888888888,0.033451848888888885,0.04555260080024623,0.032049254539858414,0.028868353339489065,0.6174912280701753,0.5644035087719297,0.5260877192982456,0.14962456140350866,0.12793684210526296,0.13455438596491232,15,57,0.4254742974523852,0.8963157894736834,72.83333333333333,72,46
91,91.0,0.44976923076923075,0.4243846153846154,0.3812307692307692,0.47037499999999993,0.4403035714285714,0.5121785714285715,0.01368294674556213,0.015957775147928996,0.0373781775147929,0.04602402008928571,0.03238831855867347,0.029287325255102043,0.6169464285714287,0.5606607142857143,0.5241071428571429,0.16717719780219792,0.13627609890109887,0.14287637362637368,13,56,0.46892472576319383,0.9224999999999992,74.17391304347827,69,46
92,92.0,0.45992857142857135,0.4150714285714286,0.3579285714285714,0.47555555555555556,0.42868518518518506,0.5070925925925925,0.014047352040816327,0.015945494897959184,0.04176720918367348,0.045849358024691346,0.029153104595336075,0.02959841735253772,0.6178148148148147,0.5585740740740741,0.527962962962963,0.15788624338624335,0.14350264550264552,0.1700343915343916,14,54,0.47006571257650437,0.9066666666666658,73.5,68,49
93,93.0,0.4601333333333333,0.42360000000000003,0.37739999999999996,0.47911320754716985,0.42871698113207535,0.5039811320754716,0.013111448888888889,0.015900773333333333,0.04429064,0.04603096831612673,0.029703108579565683,0.029634093983624068,0.6122075471698114,0.5509056603773586,0.5311698113207547,0.15207421383647812,0.12730566037735852,0.15376981132075473,15,53,0.43417020991832733,0.9105660377358482,73.70588235294117,68,52
94,94.0,0.4537857142857142,0.4296428571428571,0.40099999999999997,0.4722692307692308,0.4287884615384615,0.5133846153846153,0.013443596938775509,0.016488801020408166,0.039099857142857145,0.044433658284023674,0.030274051405325443,0.025517428994082842,0.6080192307692308,0.5429615384615385,0.5360576923076923,0.15423351648351663,0.11331868131868139,0.13505769230769232,14,52,0.42222342035983473,0.9259615384615376,73.60606060606061,66,54
95,95.0,0.4552666666666666,0.4444,0.44160000000000005,0.4690740740740741,0.43099999999999994,0.5088518518518518,0.012921528888888888,0.016313973333333336,0.041857173333333345,0.043327327846364894,0.030500037037037034,0.026882866941015087,0.6045370370370371,0.5391296296296296,0.5439814814814815,0.1492703703703705,0.09472962962962961,0.10238148148148146,15,54,0.4166407639831386,0.9253703703703695,73.59420289855072,69,52
96,96.0,0.4508125,0.43581250000000005,0.433,0.4474528301886793,0.4261132075471698,0.5029622641509434,0.012467777343750002,0.01567902734375,0.04250225,0.03909270060519758,0.03063953435386258,0.026753809896760412,0.589,0.5300754716981131,0.5448490566037736,0.13818749999999996,0.09426297169811304,0.11184905660377359,16,53,0.4172853207078173,0.9135849056603765,72.08695652173913,69,53
97,97.0,0.4627333333333333,0.43986666666666674,0.43100000000000005,0.45166037735849063,0.4290188679245283,0.4940754716981133,0.01102526222222222,0.016461315555555557,0.045271733333333335,0.03873452616589534,0.02894594304022784,0.024933390530437874,0.5924528301886793,0.5304339622641508,0.5316603773584906,0.12971949685534606,0.09056729559748411,0.10066037735849054,15,53,0.36659716250205104,0.8622641509433957,69.76470588235294,68,60
98,98.0,0.4627333333333333,0.43986666666666674,0.43100000000000005,0.45244,0.41629999999999995,0.48760000000000014,0.01102526222222222,0.016461315555555557,0.045271733333333335,0.039700806400000004,0.02712225,0.02536864,0.59506,0.5278800000000001,0.5275200000000001,0.13232666666666676,0.08801333333333339,0.09652000000000005,15,50,0.3440399025977339,0.8595999999999993,68.8,65,61
99,99.0,0.4422857142857143,0.43650000000000005,0.41892857142857143,0.45271428571428574,0.4156938775510204,0.4888775510204082,0.005541204081632654,0.017467107142857145,0.04631963775510204,0.04050726530612245,0.0276573960849646,0.025804760516451482,0.5947959183673469,0.5262244897959184,0.5279183673469389,0.15251020408163263,0.08972448979591835,0.10898979591836744,14,49,0.4186088269417149,0.9083673469387746,70.57142857142857,63,59
100,100.0,0.44507692307692304,0.4503846153846155,0.42953846153846154,0.45631914893617037,0.41865957446808505,0.47948936170212764,0.005858378698224851,0.016111775147928997,0.048306710059171594,0.03910200452693526,0.02768673517428701,0.022963866908103214,0.6037872340425533,0.5232340425531915,0.5130212765957447,0.15871031096563026,0.07284942716857601,0.08348281505728317,13,47,0.3925221972490517,0.8953191489361693,70.73333333333333,60,64
101,101.0,0.453,0.4601666666666668,0.4451666666666667,0.4572222222222223,0.4089555555555555,0.47002222222222223,0.005530500000000001,0.016210472222222223,0.04915713888888889,0.04062710617283951,0.026268709135802468,0.021864643950617282,0.6042888888888889,0.5276444444444445,0.4953777777777778,0.15128888888888886,0.06747777777777769,0.050211111111111095,12,45,0.4488290629442595,0.9313333333333321,72.0,57,65
102,102.0,0.453,0.4601666666666668,0.4451666666666667,0.46406666666666674,0.41944444444444445,0.47035555555555564,0.005530500000000001,0.016210472222222223,0.04915713888888889,0.03731926222222222,0.02687286913580247,0.02193085135802469,0.6082666666666666,0.5282666666666667,0.5043777777777778,0.1552666666666666,0.06809999999999988,0.0592111111111111,12,45,0.3800869663188291,0.910888888888888,72.36842105263158,57,69
103,103.0,0.4464166666666667,0.46041666666666675,0.4480833333333334,0.4684318181818183,0.4172045454545453,0.464159090909091,0.005875576388888889,0.01625257638888889,0.05044557638888888,0.0375481089876033,0.026978844524793388,0.022307315599173552,0.61125,0.5273863636363637,0.4943181818181819,0.16483333333333328,0.06696969696969696,0.04623484848484849,12,44,0.4149324598036532,0.9084090909090901,70.94642857142857,56,69
104,104.0,0.46215384615384614,0.4506923076923078,0.42046153846153855,0.46407142857142863,0.41164285714285703,0.4621666666666666,0.008395514792899409,0.01613713609467456,0.0557207100591716,0.03862063775510204,0.027454277210884358,0.022938186507936505,0.5998333333333333,0.5137142857142857,0.49735714285714294,0.1376794871794872,0.0630219780219779,0.07689560439560439,13,42,0.384958497085768,0.9304761904761898,70.36363636363636,55,71
105,105.0,0.45307142857142857,0.4618571428571429,0.4337142857142858,0.46595348837209316,0.4112325581395347,0.4566976744186046,0.008868209183673469,0.016604979591836735,0.05402391836734695,0.03787125365062196,0.026822876149269873,0.023660955110870737,0.6050697674418604,0.5088372093023256,0.49037209302325585,0.1519983388704318,0.046980066445182656,0.056657807308970076,14,43,0.4517849948351093,0.938372093023255,71.24561403508773,57,69
106,106.0,0.45307142857142857,0.4618571428571429,0.4337142857142858,0.462068181818182,0.4130454545454544,0.4600454545454545,0.008868209183673469,0.016604979591836735,0.05402391836734695,0.037659654442148756,0.026354588842975205,0.02360513429752066,0.6093181818181818,0.5123636363636364,0.49286363636363645,0.1562467532467532,0.050506493506493444,0.059149350649350674,14,44,0.5276502133956001,0.9627272727272719,71.41379310344827,58,65
107,107.0,0.4491538461538461,0.45815384615384624,0.4171538461538463,0.462068181818182,0.4130454545454544,0.4600454545454545,0.009335514792899409,0.017690284023668637,0.054340130177514795,0.037659654442148756,0.026354588842975205,0.02360513429752066,0.6093181818181818,0.5123636363636364,0.49286363636363645,0.16016433566433563,0.05420979020979011,0.07570979020979013,13,44,0.5085634107194322,0.9681818181818174,72.78947368421052,57,69
108,108.0,0.447923076923077,0.4286153846153846,0.4013846153846154,0.46035000000000004,0.41845,0.45892499999999997,0.009698686390532544,0.010860082840236688,0.04660592899408285,0.04009517750000001,0.0282858975,0.024472519374999998,0.608375,0.516575,0.5013500000000001,0.16045192307692302,0.08795961538461539,0.09996538461538468,13,40,0.5868635651833798,1.002999999999999,70.88679245283019,53,68
109,109.0,0.447923076923077,0.4286153846153846,0.4013846153846154,0.46035000000000004,0.41845,0.45892499999999997,0.009698686390532544,0.010860082840236688,0.04660592899408285,0.04009517750000001,0.0282858975,0.024472519374999998,0.608375,0.516575,0.5013500000000001,0.16045192307692302,0.08795961538461539,0.09996538461538468,13,40,0.5698762254738022,1.075499999999999,71.88679245283019,53,66
110,110.0,0.4573846153846154,0.41500000000000004,0.3785384615384616,0.45705128205128215,0.420923076923077,0.4670769230769231,0.011096082840236686,0.009997076923076923,0.04580455621301775,0.04068799737015122,0.0287665325443787,0.022441865877712026,0.6041794871794872,0.519897435897436,0.5124102564102565,0.14679487179487183,0.10489743589743594,0.1338717948717949,13,39,0.6086917756037693,1.0589743589743579,73.13461538461539,52,71
111,111.0,0.4599285714285714,0.4102857142857143,0.3777142857142858,0.45705128205128215,0.420923076923077,0.4670769230769231,0.01038763775510204,0.00957191836734694,0.04254163265306123,0.04068799737015122,0.0287665325443787,0.022441865877712026,0.6041794871794872,0.519897435897436,0.5124102564102565,0.1442509157509158,0.10961172161172167,0.13469597069597072,14,39,0.5639628380251536,1.077948717948717,74.0377358490566,53,73
112,112.0,0.4392000000000001,0.3940666666666666,0.38066666666666665,0.45705128205128215,0.420923076923077,0.4670769230769231,0.013915360000000003,0.008368595555555556,0.03841702222222221,0.04068799737015122,0.0287665325443787,0.022441865877712026,0.6041794871794872,0.519897435897436,0.5124102564102565,0.16497948717948713,0.12583076923076936,0.13174358974358985,15,39,0.5544748427597401,1.0405128205128196,73.75925925925925,54,78
113,113.0,0.4456875,0.3960625,0.37975,0.46143243243243254,0.41486486486486485,0.46518918918918917,0.01367696484375,0.00790530859375,0.0360285625,0.04182284002921841,0.02267800876552228,0.01618545069393718,0.6206756756756757,0.5278108108108109,0.5023783783783785,0.1749881756756757,0.13174831081081095,0.12262837837837853,16,37,0.6060140876554783,1.031891891891891,73.09433962264151,53,77
114,114.0,0.4410625,0.3851875,0.3644375,0.46143243243243254,0.41486486486486485,0.46518918918918917,0.01459618359375,0.00661390234375,0.03252487109375,0.04182284002921841,0.02267800876552228,0.01618545069393718,0.6206756756756757,0.5278108108108109,0.5023783783783785,0.1796131756756757,0.14262331081081092,0.13794087837837848,16,37,0.6322359771563382,1.0675675675675667,73.84905660377359,53,76
115,115.0,0.41256250000000005,0.3811875,0.393125,0.459897435897436,0.41510256410256413,0.45864102564102566,0.009986996093750002,0.00742390234375,0.028301484374999998,0.039955322813938196,0.02214224589086128,0.0166769993425378,0.626974358974359,0.5403589743589744,0.49605128205128224,0.214411858974359,0.15917147435897439,0.10292628205128224,16,39,0.6232042717186466,0.9851282051282043,72.89090909090909,55,81
116,116.0,0.41256250000000005,0.3811875,0.393125,0.459897435897436,0.41510256410256413,0.45864102564102566,0.009986996093750002,0.00742390234375,0.028301484374999998,0.039955322813938196,0.02214224589086128,0.0166769993425378,0.626974358974359,0.5403589743589744,0.49605128205128224,0.214411858974359,0.15917147435897439,0.10292628205128224,16,39,0.5690107571888317,0.9707692307692298,73.89090909090909,55,87
117,117.0,0.4067058823529412,0.3928235294117647,0.40205882352941175,0.459897435897436,0.41510256410256413,0.45864102564102566,0.009948325259515571,0.009153557093425605,0.02791370242214533,0.039955322813938196,0.02214224589086128,0.0166769993425378,0.626974358974359,0.5403589743589744,0.49605128205128224,0.22026847662141785,0.14753544494720972,0.09399245852187049,17,39,0.555122110737898,0.9897435897435889,73.71428571428571,56,88
118,118.0,0.4195263157894737,0.39089473684210524,0.3895789473684211,0.45851282051282055,0.428,0.45676923076923087,0.010409407202216068,0.008687146814404433,0.028620559556786704,0.03842358316896779,0.023637538461538463,0.01662797238658777,0.651051282051282,0.5573333333333333,0.5072307692307694,0.23152496626180835,0.1664385964912281,0.1176518218623483,19,39,0.5322573101226817,0.9548717948717939,72.46551724137932,58,88
119,119.0,0.40952631578947374,0.40068421052631575,0.4063157894736842,0.4618500000000001,0.42395000000000005,0.45257500000000006,0.01127993351800554,0.009259058171745153,0.027718531855955676,0.0378973275,0.023686297499999998,0.016898344374999996,0.654225,0.5528500000000001,0.49565000000000003,0.2446986842105262,0.1521657894736843,0.08933421052631585,19,40,0.5080318116008696,0.928249999999999,71.86440677966101,59,91
120,120.0,0.40952631578947374,0.40068421052631575,0.4063157894736842,0.4621463414634147,0.4309024390243903,0.45790243902439026,0.01127993351800554,0.009259058171745153,0.027718531855955676,0.036976515169541944,0.02504203926234384,0.017621453896490186,0.662170731707317,0.5505365853658536,0.5040243902439024,0.25264441591784326,0.14985237483953784,0.09770860077021826,19,41,0.47190191281575994,0.9312195121951209,72.5,60,93
121,121.0,0.40776190476190477,0.4143809523809523,0.4244285714285714,0.4570238095238096,0.43002380952380953,0.4588809523809524,0.01028132426303855,0.010746331065759637,0.028367387755102048,0.03717197562358277,0.024477451814058953,0.017241152494331065,0.6512142857142857,0.5432380952380952,0.5066666666666666,0.24345238095238098,0.1288571428571429,0.08223809523809522,21,42,0.43712706031344534,0.8804761904761895,72.47619047619048,63,97
122,122.0,0.40776190476190477,0.4143809523809523,0.4244285714285714,0.459975,0.43542499999999995,0.46297499999999997,0.01028132426303855,0.010746331065759637,0.028367387755102048,0.038015624375,0.024080494375,0.017717424375,0.64545,0.5454,0.518475,0.2376880952380952,0.1310190476190477,0.09404642857142864,21,40,0.42986372090571273,0.9537499999999991,72.04918032786885,61,95
123,123.0,0.4155238095238096,0.4138095238095238,0.41947619047619045,0.4627317073170732,0.43712195121951214,0.4651463414634146,0.01121053514739229,0.010860725623582767,0.03042710657596372,0.03739239143367043,0.02360835098155859,0.017473881023200473,0.6522439024390243,0.5530243902439024,0.5253170731707317,0.23672009291521473,0.13921486643437858,0.10584088269454128,21,41,0.4982179331842141,0.902439024390243,73.8225806451613,62,97
124,124.0,0.4155238095238096,0.4138095238095238,0.41947619047619045,0.4627317073170732,0.43712195121951214,0.4651463414634146,0.01121053514739229,0.010860725623582767,0.03042710657596372,0.03739239143367043,0.02360835098155859,0.017473881023200473,0.6522439024390243,0.5530243902439024,0.5253170731707317,0.23672009291521473,0.13921486643437858,0.10584088269454128,21,41,0.44325642552602496,0.8887804878048772,74.8225806451613,62,102
125,125.0,0.4182173913043479,0.41434782608695647,0.4221739130434783,0.4627317073170732,0.43712195121951214,0.4651463414634146,0.017485561436672965,0.012002922495274104,0.029028839319470708,0.03739239143367043,0.02360835098155859,0.017473881023200473,0.6522439024390243,0.5530243902439024,0.5253170731707317,0.23402651113467643,0.1386765641569459,0.10314316012725344,23,41,0.4770223380073318,0.8902439024390235,74.25,64,101
126,126.0,0.4215652173913043,0.40539130434782605,0.4043913043478261,0.4627317073170732,0.43712195121951214,0.4651463414634146,0.017189289224952744,0.011019716446124763,0.02438989035916824,0.03739239143367043,0.02360835098155859,0.017473881023200473,0.6522439024390243,0.5530243902439024,0.5253170731707317,0.23067868504772,0.14763308589607632,0.12092576882290562,23,41,0.4843986756863509,0.8770731707317063,73.703125,64,104
127,127.0,0.4254285714285714,0.3983809523809524,0.3961428571428572,0.4627317073170732,0.43712195121951214,0.4651463414634146,0.018214340136054424,0.010551664399092971,0.025652598639455782,0.03739239143367043,0.02360835098155859,0.017473881023200473,0.6522439024390243,0.5530243902439024,0.5253170731707317,0.22681533101045293,0.15464343786294998,0.12917421602787454,21,41,0.4871230594000323,0.8858536585365842,74.96774193548387,62,107
128,128.0,0.42577272727272725,0.39304545454545453,0.38881818181818184,0.4627317073170732,0.43712195121951214,0.4651463414634146,0.01738890289256198,0.010669861570247935,0.025613239669421486,0.03739239143367043,0.02360835098155859,0.017473881023200473,0.6522439024390243,0.5530243902439024,0.5253170731707317,0.22647117516629706,0.15997893569844784,0.1364988913525499,22,41,0.4446003822591839,0.9141463414634136,75.11111111111111,63,108
129,129.0,0.42242857142857143,0.3970952380952381,0.40090476190476193,0.4627317073170732,0.43712195121951214,0.4651463414634146,0.017970911564625852,0.010817133786848072,0.023619038548752837,0.03739239143367043,0.02360835098155859,0.017473881023200473,0.6522439024390243,0.5530243902439024,0.5253170731707317,0.22981533101045287,0.15592915214866426,0.1244123112659698,21,41,0.4573011955529441,0.9156097560975599,75.88709677419355,62,110
130,130.0,0.438,0.3926190476190476,0.3940952380952381,0.4551219512195122,0.43012195121951213,0.46370731707317064,0.019225523809523814,0.01152309297052154,0.025049038548752837,0.032749326591314694,0.02361005829863177,0.017597426531826294,0.6490243902439025,0.544829268292683,0.5360243902439025,0.21102439024390246,0.15221022067363538,0.14192915214866436,21,41,0.46605687555128145,0.9258536585365845,76.16129032258064,62,109
131,131.0,0.4396818181818182,0.39713636363636357,0.4001818181818182,0.4597142857142857,0.42652380952380947,0.45847619047619037,0.018411035123966944,0.011427845041322314,0.024688421487603307,0.03283425170068027,0.023578725623582767,0.018300392290249427,0.6475238095238095,0.5402380952380953,0.5268809523809524,0.20784199134199133,0.14310173160173173,0.12669913419913426,22,42,0.44031680083225405,0.8992857142857134,75.4375,64,112
132,132.0,0.445695652173913,0.38530434782608686,0.39413043478260873,0.44911363636363644,0.4278863636363637,0.4550227272727273,0.016458298676748584,0.011216820415879016,0.023019765595463135,0.03374932799586776,0.023107600723140494,0.017741749483471073,0.6300227272727272,0.5304545454545454,0.5463863636363637,0.18432707509881424,0.14515019762845854,0.152255928853755,23,44,0.47630777952233067,0.8106818181818174,76.05970149253731,67,116
133,133.0,0.4471818181818181,0.37449999999999994,0.38686363636363635,0.45940909090909093,0.42950000000000005,0.44968181818181824,0.017155603305785125,0.009041795454545453,0.022851572314049585,0.03132451446280991,0.022955295454545457,0.01723812603305785,0.6306818181818182,0.5365227272727272,0.5446818181818183,0.1835000000000001,0.16202272727272726,0.1578181818181819,22,44,0.4340836328573076,0.8752272727272719,76.9090909090909,66,115
134,134.0,0.45995454545454534,0.3727272727272727,0.380409090909091,0.45940909090909093,0.42950000000000005,0.44968181818181824,0.018797134297520664,0.008900652892561985,0.018232150826446282,0.03132451446280991,0.022955295454545457,0.01723812603305785,0.6306818181818182,0.5365227272727272,0.5446818181818183,0.1707272727272729,0.16379545454545452,0.1642727272727273,22,44,0.4695713138111286,0.8724999999999992,77.27272727272727,66,115
135,135.0,0.4643636363636363,0.3689545454545455,0.37009090909090914,0.45741860465116274,0.4319302325581396,0.4538372093023257,0.019937685950413227,0.008797588842975206,0.020765264462809917,0.03187866197944835,0.023229274202271496,0.016879252568956192,0.6286046511627907,0.5336511627906976,0.5425116279069767,0.16424101479915443,0.1646966173361521,0.17242071881606758,22,43,0.49333834502573276,0.9148837209302315,77.55384615384615,65,112
136,136.0,0.46066666666666667,0.3692380952380952,0.38033333333333336,0.45972727272727276,0.42136363636363633,0.44879545454545455,0.020586412698412698,0.009214752834467118,0.019446126984126986,0.03149133471074381,0.022039913223140493,0.016247026342975205,0.6269090909090909,0.5483409090909089,0.526590909090909,0.1662424242424242,0.17910281385281374,0.14625757575757564,21,44,0.5172107155124662,0.8665909090909082,77.07692307692308,65,113
137,137.0,0.4376190476190477,0.36323809523809525,0.38676190476190486,0.4610869565217392,0.4229565217391304,0.44956521739130434,0.02294385487528345,0.008713609977324264,0.019664086167800455,0.03026299243856333,0.02136917202268431,0.015775941398865786,0.6377173913043478,0.5495652173913043,0.532391304347826,0.2000983436853001,0.186327122153209,0.14562939958592114,21,46,0.49769514296950995,0.8580434782608688,76.53731343283582,67,112
138,138.0,0.4491363636363637,0.36372727272727273,0.3843636363636364,0.4610869565217392,0.4229565217391304,0.44956521739130434,0.024686572314049585,0.008322561983471073,0.01889104958677686,0.03026299243856333,0.02136917202268431,0.015775941398865786,0.6377173913043478,0.5495652173913043,0.532391304347826,0.18858102766798407,0.18583794466403153,0.1480276679841896,22,46,0.5004628377347301,0.8680434782608689,77.72058823529412,68,112
139,139.0,0.4524761904761906,0.353,0.3799047619047619,0.47558695652173927,0.42813043478260876,0.45228260869565223,0.02561672562358277,0.006187238095238095,0.019353229024943314,0.029813068525519845,0.020178722117202265,0.015221463610586012,0.6385,0.5617173913043477,0.5224347826086957,0.18602380952380937,0.20871739130434774,0.14253002070393378,21,46,0.4548648898048247,0.8863043478260859,76.53731343283582,67,113
140,140.0,0.43491304347826093,0.35139130434782606,0.3870869565217391,0.47002083333333333,0.43041666666666667,0.45827083333333335,0.026631731568998108,0.00573293383742911,0.019312514177693762,0.030284478732638894,0.019634201388888887,0.015430364149305554,0.6411666666666666,0.5517916666666666,0.5343958333333334,0.20625362318840562,0.2004003623188405,0.14730887681159432,23,48,0.47872309345005404,0.8922916666666657,75.84507042253522,71,108
141,141.0,0.43491304347826093,0.35139130434782606,0.3870869565217391,0.47043478260869576,0.4352826086956522,0.46593478260869575,0.026631731568998108,0.00573293383742911,0.019312514177693762,0.030477071833648398,0.019913854914933832,0.014165495746691872,0.6484565217391304,0.5441304347826087,0.5370869565217391,0.21354347826086945,0.19273913043478264,0.15000000000000002,23,46,0.4679958255379726,0.9543478260869557,75.94202898550725,69,107
142,142.0,0.43956521739130433,0.35700000000000004,0.39878260869565213,0.46662222222222227,0.4351777777777777,0.47113333333333335,0.027090071833648397,0.005635391304347827,0.01876434404536862,0.030485701728395067,0.02035587950617284,0.013237137777777777,0.6449555555555555,0.535,0.5438,0.20539033816425117,0.178,0.14501739130434782,23,45,0.48852098889915846,1.0128888888888878,76.80882352941177,68,102
143,143.0,0.44683999999999996,0.35491999999999996,0.39152000000000003,0.45862222222222226,0.43922222222222224,0.4766666666666666,0.025579494400000003,0.0054590336,0.0182617696,0.03164303506172839,0.01954075061728395,0.012914444444444444,0.6357111111111111,0.5335777777777778,0.5500444444444443,0.18887111111111116,0.17865777777777786,0.1585244444444443,25,45,0.5033481007940862,0.9662222222222212,76.01428571428572,70,102
144,144.0,0.4368571428571429,0.36274999999999996,0.39482142857142855,0.46748837209302324,0.43665116279069766,0.4723953488372093,0.02432312244897959,0.005708473214285714,0.0162807181122449,0.0357003428880476,0.018176971335857217,0.014767029745808543,0.6519999999999999,0.536093023255814,0.5469534883720931,0.21514285714285702,0.17334302325581402,0.15213205980066458,28,43,0.547699359393143,0.8523255813953482,74.78873239436619,71,103
145,145.0,0.44217241379310346,0.36203448275862066,0.39441379310344826,0.479186046511628,0.4410697674418604,0.47225581395348826,0.024275453032104634,0.005525964328180738,0.015723966706302023,0.0346045700378583,0.017161925365062194,0.01476488804759329,0.6638372093023256,0.5306511627906976,0.5407674418604652,0.22166479550922213,0.16861668003207692,0.14635364875701695,29,43,0.5297508880694582,0.8104651162790691,74.54166666666667,72,106
146,146.0,0.43044444444444446,0.3598148148148148,0.4024814814814815,0.4841111111111112,0.4446444444444444,0.4661555555555554,0.02396365432098765,0.0056860027434842255,0.014355138545953362,0.03363947654320988,0.016801118024691357,0.014951464691358026,0.6723111111111112,0.550711111111111,0.5359555555555556,0.24186666666666673,0.19089629629629623,0.13347407407407413,27,45,0.5564477364157723,0.8173333333333327,75.27777777777777,72,103
147,147.0,0.43044444444444446,0.3598148148148148,0.4024814814814815,0.48622916666666666,0.44399999999999995,0.4654375,0.02396365432098765,0.0056860027434842255,0.014355138545953362,0.03163884331597223,0.016454208333333335,0.01492374609375,0.6922916666666667,0.5462916666666666,0.5530833333333334,0.2618472222222223,0.1864768518518518,0.15060185185185188,27,48,0.552221578648388,0.8222916666666659,75.2,75,98
148,148.0,0.4531153846153846,0.36519230769230765,0.3922692307692308,0.4845416666666667,0.4457083333333333,0.4673125,0.01983733284023668,0.005470309171597633,0.014356812130177515,0.031452831597222224,0.016605039930555555,0.01511733984375,0.6977916666666667,0.554875,0.5624166666666667,0.2446762820512821,0.18968269230769236,0.17014743589743586,26,48,0.5758262804803493,0.8477083333333327,73.70270270270271,74,94
149,149.0,0.45540740740740737,0.36851851851851847,0.3892222222222223,0.49235416666666665,0.4437083333333333,0.46416666666666667,0.01923920438957476,0.005555360768175583,0.014066469135802473,0.02890677039930556,0.017047873263888888,0.015917888888888888,0.7088541666666667,0.5513958333333333,0.5517083333333334,0.2534467592592593,0.18287731481481484,0.16248611111111105,27,48,0.5409160650310081,0.8489583333333325,73.92,75,96
150,150.0,0.45540740740740737,0.36851851851851847,0.3892222222222223,0.4881875,0.4502291666666667,0.4661458333333333,0.01923920438957476,0.005555360768175583,0.014066469135802473,0.028759027343750004,0.017041759982638887,0.015816332899305556,0.7125416666666666,0.5482916666666666,0.5558541666666666,0.25713425925925926,0.17977314814814815,0.16663194444444435,27,48,0.5364039415162073,0.9047916666666659,74.44,75,91
151,151.0,0.4504666666666666,0.37953333333333344,0.3919333333333333,0.490936170212766,0.454276595744681,0.46308510638297873,0.020440915555555553,0.007453182222222224,0.01454379555555556,0.029008272521502947,0.016618029877772746,0.015703184246265278,0.7230425531914892,0.556595744680851,0.5566382978723404,0.2725758865248226,0.1770624113475176,0.16470496453900713,30,47,0.578666736899793,0.894680851063829,73.45454545454545,77,87
152,152.0,0.44103333333333333,0.38933333333333336,0.40586666666666665,0.4913478260869566,0.44958695652173924,0.4598913043478261,0.020351298888888886,0.008561888888888888,0.010784582222222224,0.029630922495274103,0.015945633742911157,0.015565140359168242,0.7180652173913044,0.5595,0.549695652173913,0.277031884057971,0.17016666666666663,0.14382898550724638,30,46,0.5988860013146906,0.9356521739130427,74.03947368421052,76,81
153,153.0,0.43593333333333334,0.38616666666666677,0.40903333333333336,0.49315909090909105,0.4492045454545455,0.45299999999999996,0.018555928888888892,0.008949805555555555,0.010620232222222222,0.02816808832644628,0.016699526342975207,0.014639909090909092,0.7326136363636363,0.5664772727272728,0.5500454545454546,0.29668030303030296,0.180310606060606,0.14101212121212126,30,44,0.6010107165644984,0.8820454545454538,73.02702702702703,74,82
154,154.0,0.4316774193548387,0.3866774193548388,0.41306451612903233,0.5012954545454545,0.43727272727272726,0.45290909090909093,0.018500734651404782,0.008668928199791882,0.010765157127991677,0.029450208161157024,0.013012652892561982,0.014687628099173556,0.7394999999999999,0.5754090909090909,0.5238181818181818,0.3078225806451612,0.18873167155425208,0.11075366568914952,31,44,0.5738760891335837,0.8854545454545448,71.21333333333334,75,81
155,155.0,0.4265588235294117,0.3848823529411765,0.4148823529411765,0.5057333333333334,0.43479999999999996,0.4506,0.017522128892733566,0.008214162629757785,0.009948515570934258,0.02966232888888889,0.012992515555555554,0.014595840000000002,0.7370666666666666,0.5714444444444443,0.5162000000000001,0.31050784313725494,0.1865620915032678,0.10131764705882362,34,45,0.5601561855409164,0.8499999999999995,70.73417721518987,79,81
156,156.0,0.4265588235294117,0.3848823529411765,0.4148823529411765,0.5057333333333334,0.43479999999999996,0.4506,0.017522128892733566,0.008214162629757785,0.009948515570934258,0.02966232888888889,0.012992515555555554,0.014595840000000002,0.7370666666666666,0.5714444444444443,0.5162000000000001,0.31050784313725494,0.1865620915032678,0.10131764705882362,34,45,0.5349800690514834,0.8562222222222218,71.73417721518987,79,81
157,157.0,0.43544117647058816,0.3885,0.4186470588235295,0.5128222222222222,0.43855555555555564,0.45099999999999996,0.016882599480968857,0.008466014705882352,0.009927698961937717,0.02999574617283951,0.012332735802469137,0.01437466666666667,0.7544222222222222,0.5814666666666666,0.5166666666666667,0.31898104575163405,0.19296666666666656,0.09801960784313724,34,45,0.5515628598942177,0.893555555555555,71.07594936708861,79,76
158,158.0,0.43186111111111103,0.3908611111111111,0.42683333333333334,0.5139069767441861,0.43325581395348844,0.4477906976744186,0.018153841820987657,0.008311008487654321,0.010040305555555556,0.029550177393185512,0.011756702001081665,0.014596444564629532,0.746279069767442,0.5802325581395349,0.5096279069767441,0.31441795865633093,0.1893714470284238,0.08279457364341075,36,43,0.5559565025221784,0.8830232558139529,69.9367088607595,79,74
159,159.0,0.43070270270270267,0.39989189189189184,0.43032432432432427,0.512695652173913,0.42160869565217396,0.43045652173913035,0.017925560262965667,0.009780907231555879,0.009687408327246167,0.028823559546313795,0.011947846880907373,0.016618161153119093,0.7274130434782609,0.595195652173913,0.48199999999999993,0.2967103407755582,0.19530376028202118,0.05167567567567566,37,46,0.5427125895588564,0.8349999999999996,66.97590361445783,83,69
160,160.0,0.4324857142857143,0.4071142857142857,0.42831428571428565,0.5007708333333333,0.41779166666666673,0.4300833333333333,0.017230135510204084,0.01013295836734694,0.009046958367346942,0.025071218315972223,0.011721789930555554,0.01627632638888889,0.71475,0.5783541666666667,0.4849375,0.2822642857142857,0.17123988095238102,0.056623214285714374,35,48,0.53982813223181,0.7908333333333326,67.78313253012048,83,71
161,161.0,0.42891428571428575,0.40979999999999994,0.4330571428571428,0.4972553191489362,0.415936170212766,0.42819148936170204,0.0162244212244898,0.009636331428571428,0.007845253877551021,0.025011424173834316,0.011805932095971028,0.016450835672249885,0.7110638297872339,0.5723617021276595,0.4759787234042553,0.2821495440729482,0.16256170212765952,0.04292158054711248,35,47,0.5373233378464474,0.8325531914893616,67.6829268292683,82,65
162,162.0,0.42638235294117643,0.4084705882352941,0.43667647058823533,0.4979199999999999,0.41479999999999995,0.42707999999999996,0.016477236159169552,0.009857896193771627,0.007617512975778549,0.023624113600000003,0.01144568,0.015969153599999997,0.71984,0.5617,0.48338000000000003,0.2934576470588236,0.1532294117647059,0.0467035294117647,34,50,0.5278228549117765,0.8039999999999995,67.46428571428571,84,65
163,163.0,0.42638235294117643,0.4084705882352941,0.43667647058823533,0.502235294117647,0.4179019607843137,0.4270588235294117,0.016477236159169552,0.009857896193771627,0.007617512975778549,0.024091983852364468,0.011702362937331795,0.015656055363321802,0.7214901960784315,0.5641960784313725,0.484078431372549,0.295107843137255,0.15572549019607845,0.04740196078431369,34,51,0.5124912861882964,0.8107843137254898,67.8,85,64
164,164.0,0.42372727272727273,0.41151515151515144,0.43303030303030304,0.5034081632653061,0.40830612244897957,0.4258163265306122,0.016736865013774103,0.00984146189164371,0.007396332415059689,0.024115751770095797,0.009583640982923781,0.01529398667221991,0.7126938775510203,0.5564897959183673,0.47695918367346934,0.2889666048237476,0.1449746444032159,0.0439288806431663,33,49,0.5622795932461216,0.8359183673469384,68.1951219512195,82,58
165,165.0,0.4334242424242424,0.41327272727272735,0.42163636363636364,0.50528,0.40639999999999993,0.42291999999999996,0.016796001836547295,0.010598380165289257,0.00873023140495868,0.0238051216,0.00957,0.015399153600000002,0.71144,0.55448,0.47256,0.2780157575757576,0.14120727272727263,0.05092363636363634,33,50,0.5674535818056432,0.8149999999999994,67.18072289156626,83,57
166,166.0,0.44455882352941173,0.40744117647058825,0.4144705882352941,0.50528,0.40639999999999993,0.42291999999999996,0.017582128892733567,0.0122483053633218,0.01065460207612457,0.0238051216,0.00957,0.015399153600000002,0.71144,0.55448,0.47256,0.26688117647058823,0.14703882352941172,0.05808941176470589,34,50,0.5836352973296561,0.8029999999999994,68.11904761904762,84,55
167,167.0,0.4431176470588235,0.40514705882352936,0.41297058823529414,0.5091399999999999,0.40184,0.41598,0.01721704498269896,0.012254243079584774,0.011237263840830451,0.023537160399999996,0.010811414400000002,0.0159120196,0.7096199999999999,0.5569999999999999,0.47124000000000005,0.2665023529411764,0.15185294117647058,0.0582694117647059,34,50,0.5900473390443721,0.7929999999999996,68.80952380952381,84,53
168,168.0,0.4438285714285714,0.4071142857142857,0.4151428571428572,0.51456,0.40540000000000004,0.41525999999999996,0.01674231346938776,0.012035701224489798,0.011076636734693881,0.0202762864,0.012142440000000003,0.0164585924,0.7224799999999999,0.55012,0.47188,0.2786514285714285,0.14300571428571435,0.05673714285714282,35,50,0.5975603810230362,0.7701999999999996,68.92941176470588,85,50
169,169.0,0.44571428571428573,0.4070285714285714,0.41648571428571435,0.51088,0.40657999999999994,0.417,0.015917232653061227,0.012045056326530612,0.01143030693877551,0.020826225600000005,0.011969003600000002,0.016606040000000002,0.71164,0.5478400000000001,0.475,0.2659257142857143,0.1408114285714287,0.05851428571428563,35,50,0.5576696327882964,0.7665999999999995,68.50588235294117,85,50
170,170.0,0.45538235294117646,0.4042941176470588,0.4109411764705882,0.5140392156862744,0.40582352941176475,0.4171176470588234,0.014024647923875434,0.012557031141868513,0.012737467128027681,0.020010233756247598,0.011726694348327567,0.016365829296424456,0.723450980392157,0.5465294117647059,0.4623725490196079,0.2680686274509806,0.14223529411764713,0.051431372549019694,34,51,0.5591350227022159,0.7450980392156858,67.50588235294117,85,50
171,171.0,0.4600857142857143,0.40848571428571423,0.41459999999999997,0.5082692307692308,0.4021346153846155,0.41476923076923067,0.01437607836734694,0.012795621224489797,0.012828697142857143,0.020225042899408283,0.012232693417159764,0.017232023668639053,0.7199807692307691,0.5390192307692308,0.45992307692307693,0.2598950549450548,0.13053351648351652,0.045323076923076966,35,52,0.5439099879358861,0.7155769230769227,67.63218390804597,87,51
172,172.0,0.4600857142857143,0.40848571428571423,0.41459999999999997,0.51524,0.40529999999999994,0.4145999999999999,0.01437607836734694,0.012795621224489797,0.012828697142857143,0.0186948224,0.01244033,0.01724456,0.7249,0.54604,0.45198,0.26481428571428567,0.13755428571428574,0.037380000000000024,35,50,0.5172378379843303,0.7257999999999996,68.2235294117647,85,52
173,173.0,0.4575588235294118,0.40629411764705875,0.41273529411764703,0.5160816326530613,0.39910204081632655,0.4093673469387755,0.014575423010380624,0.013003854671280277,0.013084312283737028,0.019040932111620158,0.010773479383590173,0.016227456892961265,0.7196938775510205,0.5478367346938775,0.44408163265306116,0.26213505402160875,0.14154261704681875,0.03134633853541413,34,49,0.4908455364903717,0.7161224489795913,68.78313253012048,83,55
174,174.0,0.460969696969697,0.4030606060606061,0.40021212121212124,0.5209375,0.40056249999999993,0.40772916666666664,0.015058817263544537,0.014066178145087234,0.014588591368227734,0.018282225260416663,0.010893412760416667,0.016434030815972223,0.7292291666666667,0.5514375,0.43985416666666666,0.26825946969696973,0.1483768939393939,0.039642045454545416,33,48,0.49402129134466705,0.7154166666666661,68.85185185185185,81,57
175,175.0,0.46138235294117647,0.39991176470588236,0.401,0.5209375,0.40056249999999993,0.40772916666666664,0.015148589100346018,0.013837609861591698,0.016171470588235294,0.018282225260416663,0.010893412760416667,0.016434030815972223,0.7292291666666667,0.5514375,0.43985416666666666,0.26784681372549024,0.15152573529411767,0.038854166666666634,34,48,0.4919176056788799,0.687916666666666,69.32926829268293,82,58
176,176.0,0.46427777777777784,0.3970555555555555,0.4032222222222222,0.528375,0.40139583333333334,0.3956458333333333,0.015152645061728393,0.013230885802469138,0.015591728395061729,0.017053609375000004,0.010700530815972225,0.016264020399305554,0.7560000000000001,0.5498958333333334,0.42081250000000003,0.29172222222222227,0.15284027777777787,0.01759027777777783,36,48,0.4847813150272742,0.6508333333333326,69.13095238095238,84,60
177,177.0,0.4569999999999999,0.4053333333333333,0.4163030303030303,0.5226304347826087,0.39602173913043476,0.391086956521739,0.015834848484848486,0.012776343434343435,0.014105544536271811,0.016670189508506617,0.010455238657844992,0.016357035916824195,0.7501739130434781,0.5340869565217391,0.41293478260869565,0.29317391304347823,0.12875362318840577,0.0033682476943346362,33,46,0.5110702880636528,0.6834782608695646,67.70886075949367,79,57
178,178.0,0.4608709677419355,0.40993548387096773,0.421,0.5226666666666666,0.39788888888888885,0.3897555555555555,0.01517688657648283,0.013185092611862641,0.013209612903225806,0.017040577777777774,0.01052720987654321,0.016638984691358022,0.7482000000000001,0.5244,0.41688888888888886,0.2873290322580646,0.11446451612903225,0.004111111111111121,31,45,0.5200673940772004,0.713555555555555,68.03947368421052,76,55
179,179.0,0.46617241379310337,0.4022413793103448,0.41765517241379313,0.5226666666666666,0.39788888888888885,0.3897555555555555,0.015400004756242569,0.012871838287752676,0.013946363852556482,0.017040577777777774,0.01052720987654321,0.016638984691358022,0.7482000000000001,0.5244,0.41688888888888886,0.2820275862068967,0.12215862068965516,0.0007662835249042654,29,45,0.5604646492670907,0.7291111111111105,68.43243243243244,74,54
180,180.0,0.46617241379310337,0.4022413793103448,0.41765517241379313,0.5174222222222222,0.3965999999999999,0.3954222222222222,0.015400004756242569,0.012871838287752676,0.013946363852556482,0.018016510617283953,0.010610328888888888,0.01620731061728395,0.7333555555555555,0.527,0.4318444444444444,0.26718314176245217,0.12475862068965521,0.01418927203065129,29,45,0.5344689721902147,0.7646666666666659,68.82432432432432,74,51
181,181.0,0.4586923076923077,0.4073076923076923,0.42853846153846153,0.5181111111111112,0.3954444444444444,0.39326666666666665,0.016593059171597632,0.012975059171597634,0.013720940828402365,0.0180312987654321,0.010924691358024692,0.016982639999999997,0.7310888888888889,0.5228222222222222,0.43302222222222225,0.2723965811965812,0.11551452991452987,0.004483760683760718,26,45,0.6004551660206328,0.7706666666666661,67.90140845070422,71,50
182,182.0,0.4586923076923077,0.4073076923076923,0.42853846153846153,0.5286086956521739,0.39623913043478254,0.3876956521739131,0.016593059171597632,0.012975059171597634,0.013720940828402365,0.016153716446124764,0.010840268903591683,0.016016820415879013,0.731521739130435,0.5266304347826086,0.42139130434782607,0.27282943143812727,0.11932274247491631,0.007147157190635467,26,46,0.6104418163066601,0.7654347826086952,67.91666666666667,72,49
183,183.0,0.46162962962962967,0.4040370370370371,0.4189629629629629,0.5286086956521739,0.39623913043478254,0.3876956521739131,0.016202825788751714,0.012772628257887518,0.015596702331961594,0.016153716446124764,0.010840268903591683,0.016016820415879013,0.731521739130435,0.5266304347826086,0.42139130434782607,0.2698921095008053,0.12259339774557154,0.002428341384863142,27,46,0.5974496344966619,0.7863043478260864,69.15068493150685,73,48
184,184.0,0.46162962962962967,0.4040370370370371,0.4189629629629629,0.5342083333333334,0.39672916666666663,0.39222916666666663,0.016202825788751714,0.012772628257887518,0.015596702331961594,0.01643620659722222,0.010935614149305556,0.016006426649305554,0.7401458333333334,0.5357916666666667,0.42547916666666663,0.2785162037037037,0.13175462962962958,0.006516203703703705,27,48,0.5495492569394756,0.7631249999999993,69.69333333333333,75,51
185,185.0,0.45584,0.40612000000000004,0.42208,0.5260833333333333,0.3979583333333334,0.3989791666666667,0.016665654400000004,0.013648745600000003,0.015189753600000001,0.015977743055555552,0.010393706597222222,0.015644770399305553,0.745625,0.5343958333333333,0.43364583333333334,0.28978499999999996,0.12827583333333326,0.01156583333333333,25,48,0.5494630875865615,0.8556249999999993,69.08219178082192,73,45
186,186.0,0.4637826086956521,0.4043913043478261,0.41147826086956524,0.5282083333333333,0.39777083333333335,0.3965625,0.0162645179584121,0.01441945557655955,0.01508337996219282,0.01542462326388889,0.010408843315972223,0.015421329427083331,0.7525625000000001,0.5307916666666667,0.42083333333333334,0.28877989130434806,0.12640036231884055,0.0093550724637681,23,48,0.5705908855174242,0.861041666666666,70.07042253521126,71,47
187,187.0,0.4637826086956521,0.4043913043478261,0.41147826086956524,0.5399375000000001,0.39766666666666667,0.3930833333333334,0.0162645179584121,0.01441945557655955,0.01508337996219282,0.014694058593750002,0.00991701388888889,0.015094993055555554,0.7588125,0.5255624999999999,0.42566666666666664,0.2950298913043479,0.12117119565217382,0.0141884057971014,23,48,0.5892489251221361,0.8289583333333327,68.94366197183099,71,47
188,188.0,0.457391304347826,0.41747826086956524,0.42517391304347824,0.5316875,0.3956458333333333,0.3956666666666666,0.01571597731568998,0.014041640831758037,0.012705100189035918,0.012067464843749999,0.01011972873263889,0.014617722222222221,0.7595416666666667,0.5187708333333333,0.4315625,0.3021503623188407,0.10129257246376805,0.00638858695652178,23,48,0.6249618688523673,0.8068749999999993,69.33802816901408,71,47
189,189.0,0.457391304347826,0.41747826086956524,0.42517391304347824,0.53234,0.3982,0.39447999999999994,0.01571597731568998,0.014041640831758037,0.012705100189035918,0.011857424399999998,0.0101056,0.014691809599999996,0.75798,0.5229599999999999,0.42663999999999996,0.300588695652174,0.10548173913043463,0.0014660869565217283,23,50,0.5782290469351797,0.8221999999999996,69.78082191780823,73,46
190,190.0,0.4598333333333333,0.41525000000000006,0.42645833333333333,0.5348775510204081,0.3940204081632653,0.3925918367346938,0.015198305555555555,0.013570770833333334,0.012213664930555555,0.011777454394002499,0.009438387338608913,0.014813384423157014,0.7544285714285716,0.5231224489795918,0.4156326530612245,0.29459523809523824,0.10787244897959175,0.01082568027210884,24,49,0.5718505489755757,0.8746938775510198,69.3972602739726,73,41
191,191.0,0.45372,0.4156,0.42564,0.53166,0.39224000000000003,0.39578,0.0154873216,0.01303088,0.011741190399999999,0.0135819044,0.0096021024,0.015226371599999997,0.7439399999999999,0.5285,0.40619999999999995,0.2902199999999999,0.11289999999999994,0.01944000000000007,25,50,0.591759209419952,0.8701999999999994,69.12,75,39
192,192.0,0.453125,0.4131666666666667,0.42300000000000004,0.52984,0.39399999999999996,0.39897999999999995,0.016123776041666666,0.013425805555555557,0.012056166666666666,0.013961374399999999,0.009658000000000002,0.015095939599999999,0.74954,0.53908,0.41548,0.296415,0.12591333333333332,0.007520000000000027,24,50,0.5944556791883623,0.9333999999999995,68.60810810810811,74,35
193,193.0,0.45036000000000004,0.41692,0.42196000000000006,0.5274285714285715,0.3963469387755102,0.40214285714285714,0.0156623104,0.013226873600000001,0.011599878400000001,0.01395555102040816,0.00957969596001666,0.014903836734693877,0.7528775510204083,0.5428979591836736,0.4208571428571429,0.3025175510204083,0.12597795918367355,0.0011028571428571832,25,49,0.5455912256155201,0.9265306122448975,68.8108108108108,74,39
194,194.0,0.4528461538461538,0.4263461538461539,0.43807692307692314,0.5247843137254902,0.39252941176470585,0.39966666666666656,0.0161778224852071,0.012682534023668639,0.00899607100591716,0.013904326028450598,0.009914994232987313,0.014472771241830065,0.7449215686274511,0.5362549019607844,0.41043137254901957,0.2920754147812973,0.10990874811463053,0.027645550527903573,26,51,0.6111624709266681,0.8792156862745093,68.74025974025975,77,37
195,195.0,0.46559259259259256,0.43777777777777777,0.441962962962963,0.5247843137254902,0.39252941176470585,0.39966666666666656,0.01742720438957476,0.012895432098765432,0.0087358134430727,0.013904326028450598,0.009914994232987313,0.014472771241830065,0.7449215686274511,0.5362549019607844,0.41043137254901957,0.2793289760348585,0.09847712418300664,0.03153159041394343,27,51,0.6142368556575005,0.8607843137254896,68.91025641025641,78,36
196,196.0,0.45792592592592596,0.43440740740740735,0.44437037037037036,0.5191153846153846,0.39451923076923073,0.40301923076923074,0.018105846364883403,0.01205683401920439,0.008833714677640605,0.01527590976331361,0.009926249630177518,0.014767672707100589,0.7353846153846155,0.5292500000000001,0.4132692307692307,0.27745868945868957,0.09484259259259276,0.031101139601139638,27,52,0.599168611110736,0.8392307692307687,69.92405063291139,79,38
197,197.0,0.4514642857142857,0.4399285714285715,0.4450714285714286,0.5196037735849056,0.39356603773584903,0.40243396226415096,0.019042534438775516,0.0103152806122449,0.008613780612244897,0.014992918476326094,0.010061302242791028,0.014619151299394801,0.7401132075471699,0.5370754716981132,0.4062452830188678,0.2886489218328842,0.0971469002695417,0.03882614555256081,28,53,0.6021841385727316,0.8216981132075466,69.69135802469135,81,35
198,198.0,0.4514642857142857,0.4399285714285715,0.4450714285714286,0.5196037735849056,0.39356603773584903,0.40243396226415096,0.019042534438775516,0.0103152806122449,0.008613780612244897,0.014992918476326094,0.010061302242791028,0.014619151299394801,0.7401132075471699,0.5370754716981132,0.4062452830188678,0.2886489218328842,0.0971469002695417,0.03882614555256081,28,53,0.5642651397798331,0.8249056603773578,70.69135802469135,81,37
199,199.0,0.44510344827586207,0.4411379310344828,0.4484137931034483,0.5210769230769231,0.39092307692307693,0.3998269230769231,0.019518782401902492,0.010000532699167657,0.008629552913198574,0.015166224852071005,0.009884571005917163,0.014540066198224852,0.7351153846153847,0.5369423076923077,0.39880769230769225,0.29001193633952266,0.09580437665782487,0.04960610079575606,29,52,0.5150928257804885,0.7909615384615378,71.23456790123457,81,43
200,200.0,0.43610714285714286,0.4392142857142858,0.44803571428571426,0.5247254901960784,0.3905686274509804,0.3978235294117648,0.0178688099489796,0.010250382653061227,0.008933605867346938,0.014771375624759706,0.010071853133410228,0.014616459054209918,0.7337843137254902,0.5338235294117647,0.39474509803921565,0.2976771708683474,0.09460924369747892,0.05329061624649861,28,51,0.4773448253865703,0.8247058823529404,72.92405063291139,79,45
201,201.0,0.44417241379310346,0.4465517241379309,0.4481724137931035,0.5247254901960784,0.3905686274509804,0.3978235294117648,0.018547384066587395,0.01114397146254459,0.009935108204518431,0.014771375624759706,0.010071853133410228,0.014616459054209918,0.7337843137254902,0.5338235294117647,0.39474509803921565,0.2896118999323868,0.08727180527383377,0.05342731575388787,29,51,0.5111522901411468,0.7964705882352933,73.0125,80,44
202,202.0,0.4413571428571427,0.4518928571428571,0.4575000000000001,0.5248076923076922,0.39219230769230773,0.3987692307692309,0.01897994387755102,0.010714667091836733,0.007766821428571428,0.014487655325443783,0.010012616863905326,0.01438098520710059,0.7373846153846154,0.5425192307692307,0.38942307692307687,0.2960274725274727,0.0906263736263736,0.0680769230769232,28,52,0.5214545627706865,0.7928846153846146,74.05,80,44
203,203.0,0.4391481481481481,0.45007407407407396,0.4644814814814815,0.52625,0.390423076923077,0.3992307692307693,0.0195462743484225,0.01101888340192044,0.0066897311385459525,0.014626033653846154,0.010226013313609469,0.014379139053254435,0.7363076923076923,0.5381346153846154,0.3946538461538461,0.2971595441595442,0.08806054131054142,0.06982763532763542,27,52,0.5025260571520463,0.8209615384615379,73.9367088607595,79,40
204,204.0,0.44607692307692304,0.45388461538461533,0.4603846153846154,0.5265686274509804,0.3857254901960785,0.39631372549019606,0.019001840236686388,0.011050640532544379,0.006493852071005917,0.014907539407920029,0.009279022683583238,0.014218607458669744,0.7325882352941177,0.5380588235294117,0.38776470588235284,0.2865113122171946,0.08417420814479637,0.07261990950226255,26,51,0.4830835333712241,0.8274509803921564,74.01298701298701,77,43
205,205.0,0.45164000000000004,0.45508000000000004,0.4625600000000001,0.5233773584905661,0.39013207547169815,0.4016981132075472,0.0189572704,0.0114555136,0.006630566399999999,0.014910348166607332,0.009444869348522608,0.014590739053043785,0.7385849056603774,0.5481320754716981,0.39379245283018866,0.28694490566037734,0.09305207547169803,0.06876754716981143,25,53,0.4539604967852027,0.8105660377358485,73.57692307692308,78,45
206,206.0,0.44482608695652176,0.44786956521739124,0.4676521739130436,0.5286923076923077,0.3900576923076923,0.3998269230769231,0.019595708884688093,0.011692113421550096,0.007252139886578449,0.013699905325443787,0.009626208210059172,0.01468575850591716,0.7489038461538462,0.5539807692307692,0.38953846153846156,0.30407775919732444,0.10611120401337798,0.07811371237458203,23,52,0.47035159578813696,0.78826923076923,72.92,75,48
207,207.0,0.4453913043478261,0.4457826086956521,0.46682608695652184,0.5286923076923077,0.3900576923076923,0.3998269230769231,0.019762325141776938,0.011102865784499052,0.00727979584120983,0.013699905325443787,0.009626208210059172,0.01468575850591716,0.7489038461538462,0.5539807692307692,0.38953846153846156,0.3035125418060201,0.1081981605351171,0.07728762541806028,23,52,0.5321649289736731,0.8021153846153838,74.4,75,45
208,208.0,0.4460909090909091,0.44118181818181806,0.46581818181818196,0.5270588235294117,0.39233333333333337,0.3990000000000001,0.020649355371900827,0.011120694214876032,0.007587330578512397,0.013829780853517878,0.00954567320261438,0.014938156862745097,0.7441372549019608,0.5466666666666666,0.39525490196078433,0.2980463458110517,0.10548484848484857,0.07056327985739763,22,51,0.5677679265697676,0.8266666666666657,74.98630136986301,73,45
209,209.0,0.44845833333333335,0.44283333333333336,0.46179166666666666,0.52256,0.38955999999999996,0.39892000000000005,0.01899124826388889,0.011160305555555554,0.007138081597222221,0.013074166399999998,0.0093443264,0.015236593599999997,0.7418600000000001,0.54482,0.39246000000000003,0.2934016666666667,0.10198666666666661,0.06933166666666662,24,50,0.5899513444750617,0.8693999999999992,75.28378378378379,74,40
210,210.0,0.4399130434782609,0.4430869565217391,0.46052173913043487,0.5230816326530613,0.3914285714285714,0.39963265306122453,0.018064427221172023,0.011643992438563327,0.007409727788279773,0.013327381091211996,0.009360448979591837,0.015522150770512283,0.7401836734693877,0.5424897959183674,0.39022448979591834,0.30027062999112686,0.09940283939662836,0.07029724933451653,23,49,0.5800676433999925,0.8673469387755095,75.20833333333333,72,43
211,211.0,0.4336363636363636,0.4365,0.46868181818181825,0.5246400000000001,0.3962400000000001,0.40596,0.017979413223140495,0.011175340909090907,0.006215035123966941,0.013244830399999998,0.0102633024,0.014534718399999997,0.7465600000000002,0.54322,0.39814,0.3129236363636366,0.10672000000000004,0.07054181818181826,22,50,0.5582109797640623,0.8673999999999993,74.47222222222223,72,43
212,212.0,0.437875,0.435125,0.4722916666666667,0.52538,0.3905400000000001,0.39921999999999996,0.019333942708333333,0.010274942708333332,0.005840789930555555,0.013235195600000001,0.010330448400000001,0.014643771599999996,0.73762,0.53716,0.38378,0.29974500000000004,0.10203499999999999,0.08851166666666671,24,50,0.5334555008082399,0.8605999999999994,73.94594594594595,74,43
213,213.0,0.45395652173913037,0.4442608695652174,0.46556521739130435,0.52538,0.3905400000000001,0.39921999999999996,0.01911238941398866,0.00886201890359168,0.00444737618147448,0.013235195600000001,0.010330448400000001,0.014643771599999996,0.73762,0.53716,0.38378,0.2836634782608697,0.0928991304347826,0.08178521739130434,23,50,0.5236583550385758,0.8625999999999994,72.0,73,44
214,214.0,0.45599999999999996,0.44495833333333334,0.4607916666666667,0.52538,0.3905400000000001,0.39921999999999996,0.018412083333333332,0.008503956597222221,0.004786164930555555,0.013235195600000001,0.010330448400000001,0.014643771599999996,0.73762,0.53716,0.38378,0.2816200000000001,0.09220166666666663,0.0770116666666667,24,50,0.5189455103663497,0.8585999999999991,73.05405405405405,74,45
215,215.0,0.44860869565217387,0.4500434782608696,0.4588260869565218,0.52,0.39274509803921576,0.4005686274509804,0.017901455576559554,0.00825308506616257,0.004901534971644612,0.014118901960784313,0.01033901345636294,0.014694833525567086,0.7245490196078431,0.5416666666666666,0.378843137254902,0.27594032395566925,0.09162318840579703,0.07998294970161979,23,51,0.5368637782009555,0.8354901960784306,73.24324324324324,74,44
216,216.0,0.45179166666666665,0.4529583333333333,0.45166666666666666,0.51856,0.39527999999999996,0.4028,0.01738858159722222,0.008104623263888888,0.005876222222222223,0.014295526399999998,0.0102180816,0.0147348,0.7234799999999999,0.54494,0.38553999999999994,0.27168833333333325,0.09198166666666668,0.06612666666666672,24,50,0.5108522947698164,0.8739999999999992,73.25675675675676,74,41
217,217.0,0.45714814814814814,0.4641851851851851,0.4574814814814815,0.5188039215686274,0.39598039215686276,0.40025490196078434,0.016569903978052126,0.008257113854595335,0.005653879286694102,0.014018196847366398,0.010042254517493274,0.014769758554402152,0.7210588235294116,0.543156862745098,0.3826274509803921,0.2639106753812635,0.07897167755991291,0.07485403050108941,27,51,0.4950810736693473,0.8529411764705875,73.62820512820512,78,40
218,218.0,0.46851724137931033,0.45662068965517233,0.4581034482758621,0.5207307692307692,0.3960769230769231,0.39992307692307694,0.017215215219976217,0.008489131985731273,0.005418299643281807,0.013937965976331361,0.009849609467455622,0.014491340236686388,0.7199230769230768,0.5359423076923077,0.3839807692307691,0.25140583554376644,0.07932161803713533,0.07412267904509295,29,52,0.503439458412479,0.8309615384615375,74.87654320987654,81,39
219,219.0,0.4584,0.4456,0.44896,0.5201372549019607,0.3929019607843137,0.3966078431372549,0.01820344,0.00802704,0.004826838400000002,0.014192941945405612,0.009518559015763168,0.014203963860053823,0.7147843137254902,0.5384117647058823,0.3763921568627451,0.25638431372549025,0.09281176470588226,0.07256784313725495,25,51,0.5712191951193137,0.8480392156862738,74.65789473684211,76,38
220,220.0,0.4584,0.4456,0.44896,0.5228367346938776,0.39026530612244903,0.3913469387755102,0.01820344,0.00802704,0.004826838400000002,0.012538422324031654,0.009669296959600168,0.01398194085797584,0.7252244897959182,0.5530612244897959,0.3712244897959184,0.2668244897959183,0.10746122448979589,0.07773551020408165,25,49,0.5352934847912743,0.8467346938775502,74.62162162162163,74,42
221,221.0,0.46396296296296285,0.43644444444444447,0.4423703703703704,0.5181020408163265,0.3849387755102041,0.3853877551020408,0.017796109739368998,0.009564765432098766,0.0051306035665294935,0.012643520199916701,0.009332179925031239,0.013436523115368594,0.7117959183673469,0.5348163265306123,0.35757142857142854,0.24783295540438405,0.09837188208616782,0.08479894179894187,27,49,0.4845997911696616,0.8340816326530605,72.52631578947368,76,43
222,222.0,0.4634230769230768,0.43142307692307696,0.44361538461538463,0.5181020408163265,0.3849387755102041,0.3853877551020408,0.01847270562130178,0.00925185946745562,0.0052860828402366885,0.012643520199916701,0.009332179925031239,0.013436523115368594,0.7117959183673469,0.5348163265306123,0.35757142857142854,0.24837284144427008,0.10339324960753532,0.0860439560439561,26,49,0.4660368740122631,0.8246938775510196,73.24,75,47
223,223.0,0.45771999999999996,0.43716,0.44636000000000003,0.5180199999999999,0.3817400000000001,0.38586,0.0183659616,0.0087662144,0.005301670400000002,0.012390979600000001,0.0096469124,0.013178720399999996,0.7108599999999999,0.5321,0.35361999999999993,0.25314,0.09494000000000002,0.0927400000000001,25,50,0.4709038727625625,0.8219999999999993,73.41333333333333,75,47
224,224.0,0.4532,0.43544000000000005,0.44323999999999997,0.5180199999999999,0.3817400000000001,0.38586,0.01700056,0.0088584064,0.005113222400000002,0.012390979600000001,0.0096469124,0.013178720399999996,0.7108599999999999,0.5321,0.35361999999999993,0.25765999999999994,0.09665999999999997,0.08962000000000003,25,50,0.46334860579802567,0.8279999999999991,74.29333333333334,75,48
225,225.0,0.46904,0.4364,0.44204,0.5180199999999999,0.3817400000000001,0.38586,0.018358998400000003,0.00882976,0.0049875584000000014,0.012390979600000001,0.0096469124,0.013178720399999996,0.7108599999999999,0.5321,0.35361999999999993,0.24181999999999992,0.09570000000000001,0.08842000000000005,25,50,0.43595895514628935,0.870199999999999,75.70666666666666,75,46
226,226.0,0.4650869565217391,0.43921739130434784,0.4464782608695653,0.519408163265306,0.3841632653061225,0.38712244897959186,0.019340079395085065,0.009491300567107747,0.005120684310018905,0.01254750687213661,0.009550177426072469,0.013367985006247394,0.7120408163265306,0.5371020408163265,0.35840816326530617,0.2469538598047915,0.09788464951197867,0.08807009760425916,23,49,0.43747425542407276,0.9187755102040805,77.51388888888889,72,46
227,227.0,0.4671428571428572,0.4413809523809524,0.4538571428571429,0.5195714285714286,0.3864897959183673,0.3898571428571428,0.02079621768707483,0.010152807256235827,0.0049513605442176875,0.012555183673469389,0.009813882548937943,0.013770040816326528,0.714061224489796,0.5442653061224489,0.34975510204081633,0.24691836734693884,0.10288435374149657,0.10410204081632657,21,49,0.5090348465797063,0.8951020408163255,78.04285714285714,70,46
228,228.0,0.454,0.44557142857142856,0.4591904761904762,0.5191458333333333,0.3869375,0.39358333333333334,0.02238838095238095,0.009143102040816324,0.005255106575963721,0.012798624565972222,0.008688516927083334,0.013597201388888888,0.7180624999999999,0.5538541666666666,0.35708333333333336,0.2640624999999999,0.10828273809523808,0.10210714285714284,21,48,0.5059797485063824,0.924374999999999,77.4927536231884,69,44
229,229.0,0.4699565217391304,0.44078260869565217,0.4572608695652174,0.5147446808510637,0.3849787234042553,0.3934042553191489,0.023141606805293004,0.008761039697542532,0.004868627599243858,0.012141168854685375,0.008689212313263918,0.013884964237211405,0.717340425531915,0.5522340425531914,0.3538723404255319,0.24738390379278463,0.11145143385753925,0.10338852913968549,23,47,0.5586266227606201,0.888936170212765,77.14285714285714,70,44
230,230.0,0.4785,0.44063636363636366,0.45618181818181824,0.5138958333333333,0.385125,0.39562500000000006,0.022514704545454543,0.009158776859504131,0.005063148760330581,0.011922093315972222,0.008509192708333333,0.013827484374999999,0.7166458333333333,0.5555625000000001,0.3520833333333333,0.23814583333333333,0.11492613636363641,0.10409848484848494,22,48,0.5738966592038167,0.8968749999999991,76.9,70,42
231,231.0,0.47285714285714286,0.4457142857142858,0.4534761904761905,0.5163617021276595,0.38382978723404254,0.3937021276595745,0.022886312925170064,0.009027632653061227,0.005143201814058958,0.011883890448166592,0.008609715708465368,0.013944209144409232,0.7150212765957448,0.5529787234042552,0.3543404255319149,0.2421641337386019,0.10726443768996946,0.09913576494427556,21,47,0.544308499709883,0.932340425531914,77.13235294117646,68,44
232,232.0,0.4861,0.4443999999999999,0.4521,0.5143043478260869,0.3859782608695652,0.3933695652173913,0.02339099,0.009106739999999999,0.004332390000000001,0.01194329867674858,0.008579934310018906,0.014242146030245744,0.7163913043478263,0.5607826086956522,0.35365217391304343,0.2302913043478263,0.11638260869565231,0.09844782608695657,20,46,0.542958480116987,0.9619565217391294,77.6969696969697,66,46
233,233.0,0.46430434782608704,0.4181739130434782,0.450391304347826,0.5175333333333333,0.38580000000000003,0.3947777777777778,0.022345168241965974,0.011036578449905483,0.005614325141776938,0.011729093333333333,0.008769137777777778,0.014467417283950616,0.7220000000000001,0.5661777777777778,0.35766666666666663,0.25769565217391305,0.1480038647342996,0.09272463768115935,23,45,0.5692023062530212,0.938222222222221,76.6029411764706,68,46
234,234.0,0.4705000000000001,0.4190416666666667,0.44170833333333337,0.5214883720930233,0.38504651162790693,0.39341860465116274,0.022297,0.010594039930555556,0.007114456597222222,0.011213273120605731,0.008961625743645216,0.014942289886425092,0.7325116279069768,0.5603023255813954,0.3437906976744186,0.2620116279069767,0.14126065891472867,0.09791763565891476,24,43,0.5211735105391953,0.913953488372092,76.64179104477611,67,51
235,235.0,0.47531818181818186,0.4123181818181818,0.4394545454545455,0.5214883720930233,0.38504651162790693,0.39341860465116274,0.024162671487603305,0.01020703512396694,0.007772793388429753,0.011213273120605731,0.008961625743645216,0.014942289886425092,0.7325116279069768,0.5603023255813954,0.3437906976744186,0.2571934460887949,0.14798414376321356,0.09566384778012688,22,43,0.6047483430120427,0.9041860465116268,76.78461538461538,65,50
236,236.0,0.47531818181818186,0.4123181818181818,0.4394545454545455,0.5213863636363637,0.38602272727272724,0.3946818181818182,0.024162671487603305,0.01020703512396694,0.007772793388429753,0.010958873450413223,0.008798931301652891,0.014671307851239664,0.738,0.5643181818181818,0.3502272727272728,0.2626818181818181,0.15200000000000002,0.08922727272727271,22,44,0.564851046185909,0.9388636363636355,76.75757575757575,66,49
237,237.0,0.483304347826087,0.41104347826086957,0.43117391304347835,0.5198372093023256,0.3867441860465117,0.39262790697674427,0.024515255198487716,0.009798998109640836,0.008943361058601136,0.011108136289886427,0.00898065548945376,0.014826884802596,0.7362558139534885,0.5546046511627907,0.35313953488372096,0.2529514661274015,0.1435611729019211,0.07803437815975739,23,43,0.5608253254745676,0.9144186046511616,76.60606060606061,66,52
238,238.0,0.491,0.41379999999999995,0.42388,0.5282954545454545,0.3862272727272728,0.38338636363636364,0.023347599999999996,0.009466960000000002,0.010276185600000003,0.010039617252066115,0.008835675619834713,0.01437582799586777,0.7452272727272727,0.5552499999999999,0.3315909090909091,0.25422727272727275,0.14144999999999996,0.09228909090909088,25,44,0.5286081944496069,0.8470454545454537,77.30434782608695,69,57
239,239.0,0.49274074074074076,0.4122592592592592,0.42399999999999993,0.5298372093023255,0.38658139534883723,0.38509302325581396,0.023202710562414266,0.008959006858710565,0.011471185185185185,0.010168508382909681,0.009035638723634396,0.014581991346673876,0.7531627906976744,0.5609302325581395,0.33525581395348836,0.2604220499569337,0.14867097329888024,0.08874418604651158,27,43,0.5081090749418463,0.8869767441860453,76.74285714285715,70,56
240,240.0,0.49274074074074076,0.4122592592592592,0.42399999999999993,0.5344761904761904,0.38904761904761903,0.3829047619047619,0.023202710562414266,0.008959006858710565,0.011471185185185185,0.009809630385487529,0.008930664399092972,0.01525527664399093,0.7530714285714285,0.554952380952381,0.3328809523809524,0.26033068783068775,0.14269312169312176,0.09111904761904754,27,42,0.46520240409653796,0.9197619047619037,76.57971014492753,69,54
241,241.0,0.4942142857142858,0.4083928571428571,0.42324999999999996,0.5351136363636364,0.38886363636363636,0.3757045454545455,0.022432668367346937,0.009042667091836735,0.0110766875,0.009522555268595044,0.008787981404958676,0.01569566270661157,0.7513181818181818,0.5445909090909091,0.32490909090909087,0.257103896103896,0.136198051948052,0.09834090909090909,28,44,0.44471374277797127,0.921590909090908,76.90277777777777,72,52
242,242.0,0.49384000000000006,0.39732,0.42424,0.5381136363636364,0.38881818181818173,0.37209090909090903,0.0188080544,0.007979097600000002,0.0105640224,0.00967432799586777,0.00879214876033058,0.01569730991735537,0.7487954545454546,0.5539090909090909,0.30959090909090914,0.25495545454545454,0.1565890909090909,0.11464909090909087,25,44,0.4741840698670128,0.8743181818181808,75.34782608695652,69,54
243,243.0,0.49384000000000006,0.39732,0.42424,0.5390465116279071,0.3894186046511628,0.37537209302325586,0.0188080544,0.007979097600000002,0.0105640224,0.009861021092482424,0.008980755002704163,0.015588652244456463,0.7474651162790699,0.5579302325581396,0.31455813953488376,0.2536251162790698,0.16061023255813955,0.10968186046511624,25,43,0.4785241019580393,0.8876744186046504,75.83823529411765,68,55
244,244.0,0.48667857142857146,0.39778571428571435,0.4265714285714286,0.5386666666666667,0.38447619047619047,0.3719523809523809,0.018758075255102043,0.007214596938775512,0.013952244897959184,0.010099698412698413,0.00917653514739229,0.015676378684807257,0.7471904761904762,0.563952380952381,0.29907142857142854,0.2605119047619047,0.16616666666666663,0.12750000000000006,28,42,0.48291440540095154,0.8104761904761896,73.81428571428572,70,60
245,245.0,0.48748148148148146,0.40796296296296297,0.4305555555555557,0.5406222222222223,0.38953333333333334,0.3753555555555555,0.01950365706447188,0.008413961591220851,0.014801876543209878,0.009587168395061728,0.00894113777777778,0.0148531624691358,0.7526666666666668,0.5902000000000001,0.28555555555555556,0.26518518518518536,0.1822370370370371,0.14500000000000013,27,45,0.5252255425546303,0.7691111111111103,73.11111111111111,72,59
246,246.0,0.48748148148148146,0.40796296296296297,0.4305555555555557,0.5399555555555555,0.38482222222222223,0.3740666666666667,0.01950365706447188,0.008413961591220851,0.014801876543209878,0.009597864691358024,0.009592323950617283,0.015679706666666664,0.7475555555555555,0.5895555555555556,0.2826888888888889,0.26007407407407407,0.18159259259259264,0.1478666666666668,27,45,0.5138708755797065,0.7591111111111103,73.56944444444444,72,61
247,247.0,0.4808846153846154,0.40673076923076923,0.43700000000000006,0.5399555555555555,0.38482222222222223,0.3740666666666667,0.019078794378698225,0.008696581360946748,0.014249846153846156,0.009597864691358024,0.009592323950617283,0.015679706666666664,0.7475555555555555,0.5895555555555556,0.2826888888888889,0.2666709401709401,0.18282478632478638,0.15431111111111118,26,45,0.5162123409542254,0.7857777777777771,74.94366197183099,71,61
248,248.0,0.47881481481481486,0.40803703703703703,0.4352222222222223,0.5376000000000001,0.38071111111111117,0.3769111111111111,0.018483558299039783,0.00841885048010974,0.013804246913580245,0.008835484444444446,0.009832560987654322,0.015378969876543209,0.7438444444444444,0.5791777777777778,0.29362222222222223,0.26502962962962956,0.17114074074074076,0.14160000000000006,27,45,0.5322830652054448,0.7791111111111104,72.73611111111111,72,59
249,249.0,0.4761153846153847,0.4182307692307693,0.4456538461538461,0.5376000000000001,0.38071111111111117,0.3769111111111111,0.019002025147928994,0.007310869822485208,0.012010918639053255,0.008835484444444446,0.009832560987654322,0.015378969876543209,0.7438444444444444,0.5791777777777778,0.29362222222222223,0.2677290598290597,0.1609470085470085,0.1520316239316239,26,45,0.5545366143376359,0.7568888888888882,72.88732394366197,71,62
250,250.0,0.47525,0.41383333333333333,0.44716666666666666,0.5331428571428571,0.3858095238095238,0.3800238095238095,0.017439604166666667,0.007847555555555556,0.01024988888888889,0.008786170068027213,0.009106058956916099,0.015677070861678005,0.7521190476190477,0.5891190476190477,0.2934761904761905,0.2768690476190477,0.17528571428571432,0.15369047619047616,24,42,0.5806405260849874,0.8057142857142852,71.87878787878788,66,62
251,251.0,0.47525,0.41383333333333333,0.44716666666666666,0.5331428571428571,0.3858095238095238,0.3800238095238095,0.017439604166666667,0.007847555555555556,0.01024988888888889,0.008786170068027213,0.009106058956916099,0.015677070861678005,0.7521190476190477,0.5891190476190477,0.2934761904761905,0.2768690476190477,0.17528571428571432,0.15369047619047616,24,42,0.5248279524839651,0.8014285714285705,72.87878787878788,66,67
252,252.0,0.4818888888888889,0.4225185185185185,0.4528518518518518,0.5331428571428571,0.3858095238095238,0.3800238095238095,0.015935358024691357,0.00861728669410151,0.010156274348422499,0.008786170068027213,0.009106058956916099,0.015677070861678005,0.7521190476190477,0.5891190476190477,0.2934761904761905,0.27023015873015876,0.16660052910052914,0.15937566137566128,27,42,0.5317173738218752,0.8185714285714274,72.69565217391305,69,64
253,253.0,0.4789615384615385,0.4176923076923077,0.4489230769230769,0.5356279069767442,0.3881627906976744,0.38034883720930235,0.016316883136094675,0.008319828402366865,0.010130147928994084,0.009276187128177394,0.009199624661979449,0.01568222714981071,0.7555813953488371,0.5908139534883721,0.31016279069767444,0.27661985688729857,0.17312164579606437,0.13876028622540248,26,43,0.5182399106424421,0.7834883720930226,71.42028985507247,69,66
254,254.0,0.4890769230769231,0.41611538461538455,0.4353076923076923,0.5356279069767442,0.3881627906976744,0.38034883720930235,0.014586763313609467,0.008201255917159766,0.012230059171597632,0.009276187128177394,0.009199624661979449,0.01568222714981071,0.7555813953488371,0.5908139534883721,0.31016279069767444,0.266504472271914,0.17469856887298751,0.12514490161001784,26,43,0.5544697403073932,0.8318604651162783,71.97101449275362,69,61
255,255.0,0.4816666666666667,0.4116666666666666,0.443125,0.5339285714285715,0.3868095238095239,0.3821190476190476,0.01489647222222222,0.00764638888888889,0.009679276041666667,0.009284875850340138,0.00868558276643991,0.015727057256235827,0.7548333333333334,0.5896190476190476,0.317,0.27316666666666667,0.17795238095238097,0.126125,24,42,0.6108751453919382,0.8307142857142851,72.0,66,61
256,256.0,0.4816666666666667,0.4116666666666666,0.443125,0.5339285714285715,0.3868095238095239,0.3821190476190476,0.01489647222222222,0.00764638888888889,0.009679276041666667,0.009284875850340138,0.00868558276643991,0.015727057256235827,0.7548333333333334,0.5896190476190476,0.317,0.27316666666666667,0.17795238095238097,0.126125,24,42,0.5967479494797508,0.8502380952380945,73.0,66,62
257,257.0,0.4852962962962963,0.3999259259259259,0.4424814814814816,0.5307435897435898,0.3893333333333333,0.38520512820512814,0.013611912208504799,0.007904809327846365,0.009294842249657065,0.009484139381985538,0.0087137094017094,0.014812983563445105,0.7587179487179486,0.5847435897435899,0.31876923076923075,0.27342165242165234,0.18481766381766396,0.12371225071225084,27,39,0.6167534980337857,0.8261538461538452,70.22727272727273,66,61
258,258.0,0.4852962962962963,0.3999259259259259,0.4424814814814816,0.52995,0.385525,0.379725,0.013611912208504799,0.007904809327846365,0.009294842249657065,0.009271597500000001,0.009061499375,0.015613899375,0.7530749999999999,0.5757999999999999,0.315975,0.26777870370370366,0.17587407407407396,0.12650648148148158,27,40,0.5925489151210059,0.7827499999999991,70.76119402985074,67,66
259,259.0,0.48516666666666663,0.39476666666666665,0.4376000000000001,0.5338974358974359,0.38274358974358974,0.375025641025641,0.012573272222222225,0.007649645555555556,0.008887106666666667,0.008886040762656148,0.008984395792241945,0.01513089677843524,0.7467435897435898,0.5742051282051283,0.29979487179487174,0.26157692307692315,0.1794384615384616,0.13780512820512836,30,39,0.5773086669649838,0.7179487179487172,70.10144927536231,69,69
260,260.0,0.4774137931034482,0.39413793103448275,0.440793103448276,0.532025,0.38427500000000003,0.37222500000000003,0.011203621878715814,0.007901567181926278,0.008887681331747919,0.008800624375,0.008851249375,0.015058524374999998,0.7419,0.57025,0.29769999999999996,0.2644862068965518,0.1761120689655173,0.14309310344827603,29,40,0.5553177105039381,0.7272499999999992,70.3623188405797,69,70
261,261.0,0.4751666666666667,0.4014333333333333,0.43976666666666675,0.5330769230769231,0.38620512820512826,0.3768205128205128,0.01077260555555556,0.007753645555555555,0.00862717888888889,0.008982019723865876,0.00892918869165023,0.014599890861275479,0.7438205128205129,0.5778461538461539,0.2987179487179487,0.2686538461538462,0.1764128205128206,0.14104871794871804,30,39,0.5665157057186434,0.7292307692307683,69.8695652173913,69,70
262,262.0,0.48050000000000004,0.40786666666666666,0.4422333333333333,0.5330769230769231,0.38620512820512826,0.3768205128205128,0.012033049999999998,0.00847224888888889,0.008883712222222222,0.008982019723865876,0.00892918869165023,0.014599890861275479,0.7438205128205129,0.5778461538461539,0.2987179487179487,0.26332051282051283,0.16997948717948724,0.1435153846153846,30,39,0.5694032179269143,0.7353846153846144,71.08695652173913,69,71
263,263.0,0.4830967741935484,0.40883870967741937,0.440516129032258,0.536375,0.383575,0.37827500000000003,0.011847184183142559,0.008227296566077005,0.008685604578563995,0.009181684375000002,0.008975744375,0.014317399375000001,0.7409000000000001,0.5660000000000001,0.302025,0.2578032258064517,0.1571612903225807,0.13849112903225802,31,40,0.5632969601815185,0.7267499999999991,70.94366197183099,71,71
264,264.0,0.4830967741935484,0.40883870967741937,0.440516129032258,0.5390731707317074,0.3813170731707317,0.38058536585365854,0.011847184183142559,0.008227296566077005,0.008685604578563995,0.009248945865556218,0.008960753123140989,0.014181706127305177,0.7406829268292684,0.5521951219512196,0.3060487804878049,0.25758615263572,0.1433564122738002,0.13446734854445314,31,41,0.5672933212596462,0.746829268292682,71.81944444444444,72,69
265,265.0,0.4830967741935484,0.40883870967741937,0.440516129032258,0.539595238095238,0.3891666666666667,0.38480952380952377,0.011847184183142559,0.008227296566077005,0.008685604578563995,0.008954859977324262,0.008942662698412698,0.013773963718820862,0.7452380952380953,0.5523571428571429,0.3113095238095238,0.26214132104454685,0.14351843317972351,0.1292066052227342,31,42,0.5825800049184188,0.7926190476190468,72.1917808219178,73,64
266,266.0,0.4830967741935484,0.40883870967741937,0.440516129032258,0.539951219512195,0.38653658536585367,0.38246341463414635,0.011847184183142559,0.008227296566077005,0.008685604578563995,0.009167948839976205,0.008870248661511005,0.013878736466389052,0.7398292682926829,0.556219512195122,0.3013170731707317,0.2567324940991345,0.14738080251770264,0.1391990558615263,31,41,0.5914150756739657,0.8314634146341455,72.70833333333333,72,61
267,267.0,0.4830967741935484,0.40883870967741937,0.440516129032258,0.538111111111111,0.3850833333333334,0.37925000000000003,0.011847184183142559,0.008227296566077005,0.008685604578563995,0.009536654320987653,0.009859465277777776,0.014886854166666665,0.7367222222222222,0.5366388888888889,0.33038888888888895,0.25362544802867376,0.12780017921146952,0.11012724014336905,31,36,0.5679920819133837,0.9491666666666662,72.22388059701493,67,60
268,268.0,0.4865000000000001,0.4180333333333334,0.4428,0.5363888888888889,0.38283333333333336,0.37997222222222216,0.013826916666666666,0.006955165555555558,0.008830226666666666,0.009426904320987653,0.010343972222222221,0.015106749228395059,0.7315833333333334,0.5296944444444444,0.3296111111111111,0.24508333333333326,0.11166111111111093,0.11318888888888895,30,36,0.6257781053909426,0.9424999999999994,69.93939393939394,66,55
269,269.0,0.49003448275862077,0.4149655172413795,0.4443793103448276,0.5326578947368422,0.38365789473684214,0.37892105263157894,0.013928929845422116,0.006912653983353152,0.009059890606420927,0.009465646121883657,0.010397593490304708,0.01576444113573407,0.7320263157894736,0.5287105263157893,0.33318421052631575,0.24199183303085287,0.11374500907440982,0.11119509981851183,29,38,0.6009547506935399,0.902368421052631,69.71641791044776,67,58
270,270.0,0.48617241379310344,0.4191724137931035,0.452448275862069,0.532025,0.383725,0.38894999999999996,0.013520349583828774,0.0060706944114149826,0.009069350772889416,0.009369774375,0.010213999375000001,0.0170952475,0.735825,0.527275,0.332125,0.2496525862068965,0.10810258620689656,0.12032327586206898,29,40,0.5936926973098196,0.8342499999999993,70.68115942028986,69,62
271,271.0,0.48617241379310344,0.4191724137931035,0.452448275862069,0.5306923076923079,0.387948717948718,0.39602564102564103,0.013520349583828774,0.0060706944114149826,0.009069350772889416,0.00966821301775148,0.009929997370151216,0.016264845496383958,0.7458205128205128,0.5284358974358974,0.3541025641025641,0.2596480990274093,0.10926348364279387,0.0983457117595049,29,39,0.5842997943370605,0.8528205128205122,69.91176470588235,68,60
272,272.0,0.48189285714285707,0.4189642857142858,0.44910714285714287,0.5306923076923079,0.387948717948718,0.39602564102564103,0.013472095663265309,0.0062862487244897975,0.009069524234693876,0.00966821301775148,0.009929997370151216,0.016264845496383958,0.7458205128205128,0.5284358974358974,0.3541025641025641,0.2639276556776557,0.10947161172161157,0.0950045787545788,28,39,0.6017225311983726,0.8641025641025636,70.41791044776119,67,61
273,273.0,0.48588888888888887,0.41474074074074074,0.4485555555555556,0.5338499999999999,0.38685,0.3989,0.013523950617283951,0.006019599451303158,0.009396913580246913,0.0098153775,0.0097288275,0.01618044,0.7458250000000001,0.517625,0.35730000000000006,0.2599361111111112,0.10288425925925926,0.09125555555555553,27,40,0.5529695054790685,0.8572499999999993,70.25373134328358,67,62
274,274.0,0.48344444444444445,0.4106296296296296,0.4472592592592593,0.53685,0.39135,0.395975,0.012749876543209875,0.005289344307270234,0.009229451303155006,0.0100472775,0.0090619275,0.016455024375000002,0.7542,0.5287750000000001,0.35412499999999997,0.2707555555555555,0.11814537037037048,0.09313425925925933,27,40,0.5925139172559007,0.8832499999999992,69.34328358208955,67,58
275,275.0,0.48344827586206895,0.40606896551724136,0.4402068965517242,0.5375897435897438,0.38869230769230767,0.39964102564102566,0.012019695600475626,0.005441374554102261,0.010129474435196196,0.010283011176857329,0.009011751479289943,0.01633935831689678,0.7572820512820513,0.5299230769230768,0.3566666666666666,0.27383377541998233,0.12385411140583547,0.0835402298850576,29,39,0.6679384946018286,0.824615384615384,68.76470588235294,68,56
276,276.0,0.48617857142857135,0.4041428571428572,0.4375714285714286,0.53885,0.38760000000000006,0.393825,0.012268360969387753,0.004421836734693878,0.010832816326530614,0.0100878775,0.008832990000000002,0.017250094375000004,0.7593500000000001,0.528425,0.34935,0.27317142857142873,0.12428214285714284,0.08822142857142862,28,40,0.7086968543721021,0.8262499999999993,69.6470588235294,68,55
277,277.0,0.48617857142857135,0.4041428571428572,0.4375714285714286,0.53975,0.38495,0.39030000000000004,0.012268360969387753,0.004421836734693878,0.010832816326530614,0.0100009375,0.008399847500000002,0.01689451,0.7484000000000001,0.520625,0.33145,0.2622214285714287,0.11648214285714281,0.10612142857142859,28,40,0.6655554380194447,0.8652499999999993,70.61764705882354,68,56
278,278.0,0.4822962962962962,0.4080740740740741,0.435962962962963,0.53565,0.38849999999999996,0.39080000000000004,0.012300727023319616,0.004152883401920439,0.011161591220850479,0.009030877499999998,0.0082456,0.01694396,0.751475,0.512425,0.34375,0.2691787037037038,0.10435092592592593,0.092212962962963,27,40,0.6761401042022941,0.8309999999999993,69.14925373134328,67,59
279,279.0,0.48751851851851846,0.40622222222222226,0.43888888888888894,0.5356341463414633,0.39056097560975606,0.3936829268292683,0.01264113854595336,0.004112691358024692,0.01070558024691358,0.00881062224866151,0.00821439262343843,0.016863143367043427,0.7481707317073171,0.5147073170731707,0.3473414634146341,0.2606522131887986,0.10848509485094848,0.09154742547425482,27,41,0.7059076953369489,0.819268292682926,69.86764705882354,68,58
280,280.0,0.4981481481481481,0.4032592592592593,0.4383703703703703,0.5368809523809523,0.39233333333333337,0.39428571428571424,0.011889978052126202,0.0036963401920438953,0.010653344307270232,0.008709819160997733,0.008104603174603176,0.016599965986394558,0.755095238095238,0.5178571428571429,0.34059523809523806,0.2569470899470899,0.11459788359788359,0.09777513227513224,27,42,0.7195458656956696,0.7685714285714279,68.8840579710145,69,57
281,281.0,0.49623076923076925,0.40553846153846157,0.43726923076923074,0.5374651162790698,0.39344186046511637,0.39588372093023255,0.012248023668639054,0.003698248520710059,0.011030350591715974,0.008521597620335318,0.007967734991887507,0.016321172525689567,0.7607906976744185,0.5205116279069768,0.35348837209302325,0.2645599284436493,0.11497316636851523,0.08378085867620749,26,43,0.7231940557954329,0.7499999999999992,69.0,69,60
282,282.0,0.49444000000000005,0.4046,0.43624,0.533775,0.39682499999999993,0.4019500000000001,0.012685926399999999,0.0037212799999999996,0.010891942399999998,0.008103224375,0.008034244375000003,0.016654447500000003,0.7660500000000001,0.51935,0.367875,0.2716100000000001,0.11474999999999996,0.06836500000000001,25,40,0.7274046485956943,0.7464999999999994,66.73846153846154,65,62
283,283.0,0.49444000000000005,0.4046,0.43624,0.5324146341463415,0.3980731707317073,0.400048780487805,0.012685926399999999,0.0037212799999999996,0.010891942399999998,0.007979608566329567,0.007900604402141584,0.016392826888756692,0.7623658536585366,0.5181707317073171,0.3652682926829268,0.26792585365853655,0.11357073170731707,0.0709717073170732,25,41,0.6989729716003023,0.8068292682926823,67.89393939393939,66,58
284,284.0,0.49295833333333333,0.40337500000000004,0.44658333333333333,0.534575,0.3957,0.4060750000000001,0.01315962326388889,0.003838817708333333,0.008671159722222222,0.007464494375000001,0.007963210000000002,0.016446119375000002,0.747925,0.507775,0.36960000000000004,0.2549666666666666,0.10439999999999994,0.07698333333333329,24,40,0.7628133029550147,0.7737499999999994,65.609375,64,60
285,285.0,0.49295833333333333,0.40337500000000004,0.44658333333333333,0.534575,0.3957,0.4060750000000001,0.01315962326388889,0.003838817708333333,0.008671159722222222,0.007464494375000001,0.007963210000000002,0.016446119375000002,0.747925,0.507775,0.36960000000000004,0.2549666666666666,0.10439999999999994,0.07698333333333329,24,40,0.7486962532123757,0.7837499999999994,66.609375,64,62
286,286.0,0.4821304347826087,0.4018695652173914,0.44821739130434796,0.5374102564102565,0.38723076923076927,0.4016666666666666,0.010917939508506615,0.003951330812854442,0.008984083175803405,0.00797126758711374,0.007575203155818542,0.0163785811965812,0.7369487179487179,0.4841025641025642,0.3683846153846153,0.25481828316610916,0.08223299888517277,0.07983277591973265,23,39,0.7388374046862571,0.8441025641025636,67.01612903225806,62,61
287,287.0,0.47631818181818186,0.39986363636363637,0.44609090909090915,0.52955,0.3874,0.407075,0.01063721694214876,0.004038390495867768,0.009288446280991736,0.010181547500000002,0.00738694,0.017109869375,0.724175,0.4780749999999999,0.375075,0.24785681818181815,0.07821136363636355,0.07101590909090916,22,40,0.7326544366147624,0.8627499999999995,67.59677419354838,62,62
288,288.0,0.477,0.40399999999999997,0.438913043478261,0.52955,0.3874,0.407075,0.010184956521739133,0.004239217391304348,0.010018079395085066,0.010181547500000002,0.00738694,0.017109869375,0.724175,0.4780749999999999,0.375075,0.24717500000000003,0.07407499999999995,0.063838043478261,23,40,0.7215969970792296,0.8927499999999993,68.71428571428571,63,61
289,289.0,0.477,0.40399999999999997,0.438913043478261,0.53045,0.38825,0.41595000000000004,0.010184956521739133,0.004239217391304348,0.010018079395085066,0.010176147500000001,0.0071050374999999995,0.014961897499999998,0.727725,0.469075,0.38325000000000004,0.250725,0.06507500000000005,0.055663043478260954,23,40,0.703044217444922,0.8832499999999994,68.19047619047619,63,63
290,290.0,0.4806153846153846,0.407,0.4372307692307693,0.5272051282051284,0.3893846153846154,0.41351282051282057,0.009273236686390534,0.006043076923076923,0.011111869822485207,0.010015906640368178,0.007235723865877713,0.015107942143326758,0.7272564102564102,0.4786410256410257,0.3807179487179487,0.24664102564102558,0.0716410256410257,0.05651282051282064,26,39,0.6728193488324664,0.8630769230769223,68.15384615384616,65,66
291,291.0,0.48300000000000004,0.41092592592592586,0.4400000000000001,0.5307631578947368,0.39192105263157895,0.4192631578947368,0.00907762962962963,0.006219994513031548,0.010899703703703703,0.009785759695290863,0.0071752306094182835,0.014215930747922437,0.7332894736842105,0.48144736842105257,0.38644736842105254,0.25028947368421045,0.07052144249512671,0.053552631578947574,27,38,0.689005966280415,0.840263157894736,68.6923076923077,65,67
292,292.0,0.479423076923077,0.4124230769230769,0.4457307692307693,0.5276842105263159,0.39186842105263164,0.41426315789473683,0.00908132100591716,0.006398705621301775,0.010432196745562129,0.010048847645429366,0.007176061634349031,0.014643562326869804,0.7306578947368421,0.478078947368421,0.3808421052631578,0.25123481781376505,0.0656558704453441,0.0648886639676115,26,38,0.6716914023322216,0.8997368421052624,68.15625,64,64
293,293.0,0.479423076923077,0.4124230769230769,0.4457307692307693,0.5276842105263159,0.39186842105263164,0.41426315789473683,0.00908132100591716,0.006398705621301775,0.010432196745562129,0.010048847645429366,0.007176061634349031,0.014643562326869804,0.7306578947368421,0.478078947368421,0.3808421052631578,0.25123481781376505,0.0656558704453441,0.0648886639676115,26,38,0.6544623990745531,0.8992105263157888,69.15625,64,67
294,294.0,0.46634482758620693,0.40810344827586204,0.45800000000000013,0.52415,0.394125,0.41352500000000003,0.011243260404280619,0.007016368608799049,0.010839999999999997,0.010749777500000002,0.007195259375000001,0.013935349375,0.7321500000000001,0.483725,0.37215000000000004,0.26580517241379314,0.07562155172413798,0.08585000000000009,29,40,0.6333816652151378,0.8587499999999991,67.94202898550725,69,66
295,295.0,0.462,0.4088148148148148,0.46037037037037043,0.5234615384615385,0.399,0.4152051282051282,0.011756074074074073,0.007520595336076818,0.011554085048010974,0.011006453648915187,0.006429128205128205,0.014179752794214337,0.7346153846153846,0.48512820512820515,0.37817948717948713,0.27261538461538454,0.07631339031339035,0.0821908831908833,27,39,0.6183811251674878,0.8599999999999992,67.31818181818181,66,67
296,296.0,0.46364285714285713,0.4060714285714286,0.45028571428571434,0.5259,0.39790000000000003,0.412075,0.011409086734693877,0.007455209183673469,0.01388734693877551,0.010963190000000001,0.006315590000000001,0.014207369375,0.74125,0.4923,0.36985,0.27760714285714283,0.08622857142857143,0.08043571428571433,28,40,0.6056663472349193,0.8357499999999993,68.26470588235294,68,68
297,297.0,0.46364285714285713,0.4060714285714286,0.45028571428571434,0.528175,0.387575,0.408275,0.011409086734693877,0.007455209183673469,0.01388734693877551,0.010461294375000003,0.0077078943750000005,0.014215099375000002,0.7333999999999999,0.47400000000000003,0.36402500000000004,0.2697571428571428,0.06792857142857145,0.0862607142857143,28,40,0.5393815934770092,0.8214999999999992,67.82352941176471,68,71
298,298.0,0.4604074074074073,0.4037407407407408,0.451962962962963,0.5243170731707317,0.38814634146341465,0.4091219512195122,0.011857574759945132,0.007452117969821675,0.013459517146776402,0.010801484830458062,0.0075329541939321825,0.01389708268887567,0.7301463414634146,0.4784634146341464,0.36851219512195127,0.2697389340560073,0.07472267389340559,0.08345076784101174,27,41,0.5793764037082508,0.7978048780487799,67.07352941176471,68,72
299,299.0,0.45292307692307693,0.40253846153846157,0.4518076923076923,0.5243170731707317,0.38814634146341465,0.4091219512195122,0.010801224852071004,0.0076997100591715975,0.0139765399408284,0.010801484830458062,0.0075329541939321825,0.01389708268887567,0.7301463414634146,0.4784634146341464,0.36851219512195127,0.2772232645403377,0.07592495309568481,0.08329549718574103,26,41,0.5607071561177842,0.8187804878048773,67.4776119402985,67,73
300,300.0,0.45292307692307693,0.40253846153846157,0.4518076923076923,0.5243170731707317,0.38814634146341465,0.4091219512195122,0.010801224852071004,0.0076997100591715975,0.0139765399408284,0.010801484830458062,0.0075329541939321825,0.01389708268887567,0.7301463414634146,0.4784634146341464,0.36851219512195127,0.2772232645403377,0.07592495309568481,0.08329549718574103,26,41,0.5822112498851478,0.8153658536585359,68.4776119402985,67,74
301,301.0,0.44752000000000003,0.40292,0.45391999999999993,0.526575,0.386175,0.40325000000000005,0.0104742496,0.0080039136,0.014419593599999997,0.010862494375,0.007561944375,0.012830837500000001,0.7257,0.4654249999999999,0.3745,0.27818,0.06250499999999992,0.07941999999999994,25,40,0.5893556992602604,0.8552499999999993,68.52307692307693,65,73
302,302.0,0.4576153846153846,0.40442307692307694,0.45399999999999996,0.526575,0.386175,0.40325000000000005,0.012619313609467457,0.007752551775147928,0.013865153846153845,0.010862494375,0.007561944375,0.012830837500000001,0.7257,0.4654249999999999,0.3745,0.2680846153846154,0.06100192307692298,0.07949999999999996,26,40,0.632873770958602,0.8102499999999992,69.86363636363636,66,75
303,303.0,0.4728333333333334,0.40462500000000007,0.44749999999999995,0.5285641025641026,0.3810769230769231,0.3979230769230769,0.010638972222222223,0.008364734375,0.014405999999999997,0.011550656147271533,0.007355712031558186,0.012647147928994082,0.718871794871795,0.44710256410256416,0.3585128205128205,0.2460384615384616,0.04247756410256409,0.08898717948717944,24,39,0.560924479165223,0.8405128205128196,69.87301587301587,63,77
304,304.0,0.4729545454545455,0.4138636363636364,0.4605909090909091,0.5302749999999999,0.38165,0.397475,0.011604134297520661,0.008068117768595041,0.013358605371900823,0.011376049375,0.007184627500000001,0.012338799375,0.7259,0.453925,0.365425,0.2529454545454545,0.040061363636363645,0.0951659090909091,22,40,0.5857057476523143,0.846749999999999,71.7741935483871,62,77
305,305.0,0.47023809523809523,0.4199523809523809,0.47142857142857153,0.5309999999999999,0.3802439024390244,0.39758536585365856,0.011994371882086166,0.007636712018140588,0.011410721088435372,0.011119609756097564,0.007088477096966093,0.012038340273646638,0.7230731707317073,0.44956097560975605,0.36392682926829273,0.25283507549361206,0.029608594657375142,0.1075017421602788,21,41,0.6211303224745849,0.876097560975609,71.5,62,75
306,306.0,0.4657,0.41905000000000003,0.47555000000000003,0.5298461538461537,0.3853076923076923,0.3976923076923076,0.01216161,0.008001447499999998,0.011624547499999999,0.011658848126232742,0.006833700197238659,0.012385905325443787,0.7296923076923078,0.4617179487179487,0.3688461538461538,0.26399230769230775,0.042667948717948656,0.1067038461538462,20,39,0.6442481597744906,0.9246153846153837,71.96610169491525,59,76
307,307.0,0.4657,0.41905000000000003,0.47555000000000003,0.5302631578947368,0.3835526315789473,0.3983421052631579,0.01216161,0.008001447499999998,0.011624547499999999,0.011958878116343491,0.006893405124653742,0.012695382963988922,0.7331315789473685,0.4636052631578947,0.3785263157894737,0.26743157894736846,0.04455526315789465,0.09702368421052632,20,38,0.5882432087155076,0.9481578947368412,72.55172413793103,58,81
308,308.0,0.4697272727272727,0.42081818181818176,0.47345454545454546,0.5258461538461537,0.3903589743589743,0.3976153846153846,0.011317198347107437,0.007565512396694215,0.01061988429752066,0.011704386587771204,0.007103050624589087,0.012420493096646942,0.7281794871794872,0.4723589743589743,0.38156410256410256,0.2584522144522145,0.051540792540792524,0.0918904428904429,22,39,0.5565802342332044,0.9097435897435889,71.44262295081967,61,82
309,309.0,0.4697272727272727,0.42081818181818176,0.47345454545454546,0.5257692307692309,0.3911282051282051,0.40084615384615385,0.011317198347107437,0.007565512396694215,0.01061988429752066,0.011687357001972388,0.007174214332675872,0.01249007889546351,0.7212820512820514,0.45407692307692304,0.39097435897435895,0.25155477855477865,0.03325874125874129,0.08248018648018651,22,39,0.5846427792658278,0.95076923076923,71.78688524590164,61,80
310,310.0,0.4826499999999999,0.41814999999999997,0.4719499999999999,0.5257692307692309,0.3911282051282051,0.40084615384615385,0.0082557275,0.0081507275,0.010501347499999997,0.011687357001972388,0.007174214332675872,0.01249007889546351,0.7212820512820514,0.45407692307692304,0.39097435897435895,0.23863205128205145,0.03592692307692308,0.08097564102564098,20,39,0.606330657901305,0.9748717948717942,72.13559322033899,59,81
311,311.0,0.48161904761904756,0.41623809523809524,0.4601904761904761,0.5329230769230769,0.3924615384615384,0.39766666666666667,0.007883854875283447,0.0078357052154195,0.01276701133786848,0.009157096646942801,0.007436094674556213,0.011607811965811966,0.7384615384615385,0.46564102564102566,0.3934615384615384,0.25684249084249094,0.04940293040293042,0.06672893772893768,21,39,0.5923667895190571,0.9399999999999992,72.05,60,83
312,312.0,0.48161904761904756,0.41623809523809524,0.4601904761904761,0.5331538461538461,0.3901025641025641,0.3972820512820513,0.007883854875283447,0.0078357052154195,0.01276701133786848,0.009133771203155821,0.007385527942143328,0.011670099934253782,0.737051282051282,0.45889743589743587,0.3916410256410256,0.25543223443223445,0.04265934065934063,0.0685494505494505,21,39,0.5530987327711451,0.9297435897435887,72.5,60,86
313,313.0,0.489391304347826,0.418,0.4565217391304347,0.5380499999999999,0.39112500000000006,0.397625,0.008536933837429112,0.007188,0.011910858223062383,0.0092575975,0.007259259374999999,0.011793734375,0.74285,0.47004999999999997,0.37522500000000003,0.253458695652174,0.052049999999999985,0.08129673913043467,23,40,0.5887149650646908,0.9274999999999991,72.22222222222223,63,81
314,314.0,0.49864,0.41332,0.44376000000000004,0.5371666666666666,0.3954761904761905,0.4003095238095239,0.0092409504,0.0070770176,0.0160309024,0.0088386626984127,0.007359201814058958,0.011542023242630386,0.7434285714285714,0.479547619047619,0.38302380952380954,0.2447885714285714,0.06622761904761898,0.0607361904761905,25,42,0.5540990791400966,0.8666666666666658,71.53731343283582,67,84
315,315.0,0.48475,0.40920833333333334,0.4382083333333333,0.5371666666666666,0.3954761904761905,0.4003095238095239,0.0077205208333333344,0.006943414930555555,0.01658374826388889,0.0088386626984127,0.007359201814058958,0.011542023242630386,0.7434285714285714,0.479547619047619,0.38302380952380954,0.2586785714285714,0.07033928571428566,0.05518452380952377,24,42,0.5640328359321604,0.8338095238095232,70.33333333333333,66,87
316,316.0,0.48216000000000003,0.41279999999999994,0.44212,0.5366744186046511,0.3982790697674418,0.39651162790697686,0.006969494400000002,0.006911359999999998,0.016716025599999997,0.008622359113034073,0.007692573282855598,0.01189978474851271,0.7342093023255815,0.47111627906976744,0.3637674418604651,0.2520493023255814,0.058316279069767496,0.0783525581395349,25,43,0.6440918880703738,0.7951162790697667,69.75,68,83
317,317.0,0.48216000000000003,0.41279999999999994,0.44212,0.5366744186046511,0.3982790697674418,0.39651162790697686,0.006969494400000002,0.006911359999999998,0.016716025599999997,0.008622359113034073,0.007692573282855598,0.01189978474851271,0.7342093023255815,0.47111627906976744,0.3637674418604651,0.2520493023255814,0.058316279069767496,0.0783525581395349,25,43,0.6683602068255579,0.7899999999999993,70.75,68,84
318,318.0,0.48469230769230776,0.4056923076923077,0.43553846153846154,0.528159090909091,0.3974318181818182,0.4090909090909091,0.006948751479289943,0.008003905325443787,0.020932633136094673,0.010276224690082646,0.007655336260330579,0.01295049173553719,0.7216136363636363,0.4521363636363636,0.37888636363636363,0.23692132867132853,0.04644405594405593,0.05665209790209791,26,44,0.6837680195493034,0.7381818181818175,69.0,70,84
319,319.0,0.48469230769230776,0.4056923076923077,0.43553846153846154,0.5326363636363637,0.40265909090909086,0.4137954545454546,0.006948751479289943,0.008003905325443787,0.020932633136094673,0.010062231404958677,0.007079861053719009,0.012217117252066116,0.7294545454545454,0.4600454545454546,0.3845227272727273,0.2447622377622376,0.054353146853146905,0.05101573426573425,26,44,0.6223399527827568,0.7674999999999994,69.58571428571429,70,86
320,320.0,0.4887142857142858,0.39307142857142857,0.42696428571428574,0.5279777777777779,0.4016222222222222,0.4144,0.006697275510204083,0.009554994897959185,0.021554320153061222,0.009532199506172838,0.007151835061728398,0.01197010666666667,0.7233111111111111,0.4435111111111111,0.39537777777777783,0.2345968253968253,0.05043968253968251,0.03158650793650791,28,45,0.6190610370150526,0.788444444444444,69.16438356164383,73,81
321,321.0,0.493448275862069,0.3930689655172414,0.4262068965517241,0.5186818181818181,0.4025681818181818,0.42018181818181816,0.007093833531510109,0.00922551248513674,0.020827129607609983,0.01058889876033058,0.007245563533057852,0.012658603305785127,0.7186363636363636,0.4604545454545454,0.40459090909090906,0.2251880877742946,0.06738557993730399,0.021615987460815056,29,44,0.609635120624721,0.8277272727272721,68.32876712328768,73,77
322,322.0,0.4970714285714286,0.3846428571428572,0.4081071428571428,0.5152325581395348,0.4003720930232558,0.418093023255814,0.006897066326530614,0.007544229591836733,0.02054680994897959,0.010311666846944295,0.007201861546782045,0.012761014602487835,0.7151162790697674,0.4552325581395348,0.3967674418604652,0.21804485049833877,0.0705897009966776,0.011339700996677582,28,43,0.6181513126225245,0.8597674418604646,68.43661971830986,71,78
323,323.0,0.4946896551724138,0.3822758620689656,0.4129310344827586,0.5197804878048781,0.4016341463414634,0.4163414634146341,0.006057938168846613,0.007341510107015457,0.02080123662306777,0.008438220107079121,0.007500378346222487,0.012005541939321834,0.7200975609756097,0.45268292682926825,0.3995121951219512,0.22540790580319592,0.07040706476030267,0.0134188393608074,29,41,0.6273056414095773,0.8675609756097554,66.75714285714285,70,77
324,324.0,0.4915,0.38016666666666676,0.41036666666666666,0.519452380952381,0.3994285714285714,0.4110714285714286,0.004900250000000001,0.007612805555555555,0.01987136555555556,0.008241723922902493,0.007521244897959184,0.012858399659863946,0.7181904761904762,0.445952380952381,0.39611904761904765,0.22669047619047616,0.06578571428571423,0.014247619047619009,30,42,0.6625040292822061,0.8376190476190468,66.16666666666667,72,76
325,325.0,0.49507142857142855,0.38225000000000003,0.404,0.5217142857142857,0.39616666666666667,0.41642857142857137,0.004693780612244898,0.008089687499999996,0.020123285714285715,0.00811087074829932,0.007009757936507937,0.012975768707482994,0.7204523809523808,0.426047619047619,0.3973333333333333,0.2253809523809523,0.043797619047618974,0.00666666666666671,28,42,0.6234102310778505,0.8204761904761898,64.44285714285714,70,77
326,326.0,0.49507142857142855,0.38225000000000003,0.404,0.5233023255813953,0.3933720930232558,0.4184883720930232,0.004693780612244898,0.008089687499999996,0.020123285714285715,0.008028164413196322,0.007174745267712278,0.012852203353163874,0.7223255813953487,0.4167441860465116,0.3963255813953488,0.2272541528239202,0.034494186046511555,0.007674418604651234,28,43,0.7057136910373369,0.8355813953488367,65.26760563380282,71,71
327,327.0,0.48537931034482756,0.38275862068965516,0.4055862068965517,0.5214186046511627,0.3962558139534884,0.4167209302325581,0.006094787158145066,0.008232183115338881,0.019849483947681334,0.007643359653866953,0.006875911303407247,0.012925038399134671,0.7231860465116279,0.4197906976744186,0.3950232558139535,0.23780673616680031,0.03703207698476346,0.010562951082598249,29,43,0.6437348600241515,0.8016279069767437,64.80555555555556,72,74
328,328.0,0.48537931034482756,0.38275862068965516,0.4055862068965517,0.5204545454545454,0.3974545454545455,0.41625,0.006094787158145066,0.008232183115338881,0.019849483947681334,0.007499611570247935,0.00670106611570248,0.013332187499999999,0.71875,0.42527272727272725,0.40838636363636366,0.23337068965517244,0.04251410658307209,0.002800156739811932,29,44,0.6299912146300763,0.7768181818181812,64.65753424657534,73,76
329,329.0,0.4865,0.3811,0.4017666666666667,0.5199555555555555,0.3984222222222223,0.4126666666666667,0.005928050000000001,0.008037556666666666,0.01961091222222222,0.007343909135802468,0.006593355061728397,0.01360088888888889,0.725,0.43426666666666663,0.39986666666666665,0.2385,0.05316666666666664,0.0019000000000000683,30,45,0.5907059835948013,0.8193333333333328,65.82666666666667,75,73
330,330.0,0.49424137931034484,0.3815862068965517,0.39696551724137935,0.5187173913043478,0.39565217391304347,0.412695652173913,0.004334596908442332,0.008307621878715813,0.01959561950059453,0.007248941871455577,0.006924009451795841,0.013182124763705104,0.7270652173913044,0.42504347826086947,0.40221739130434775,0.23282383808095952,0.04345727136431776,0.005251874062968398,29,46,0.601428639306861,0.8369565217391299,65.09333333333333,75,69
331,331.0,0.490448275862069,0.37751724137931036,0.39024137931034486,0.5166382978723404,0.3950638297872341,0.4044893617021276,0.004033764565992866,0.009011973840665873,0.018211838287752673,0.007070954277953822,0.006213719330013581,0.013004930737890448,0.7201276595744681,0.42665957446808506,0.38925531914893613,0.2296793837123991,0.04914233308877469,0.0009860601614087305,29,47,0.6258255574459879,0.8127659574468081,64.86842105263158,76,66
332,332.0,0.48777777777777787,0.38599999999999995,0.4111481481481481,0.5165,0.39230434782608703,0.4031304347826087,0.004224987654320989,0.008486148148148147,0.013214052126200273,0.007223771739130434,0.005990907372400755,0.013200852551984877,0.7140434782608698,0.42239130434782607,0.38326086956521743,0.2262657004830919,0.036391304347826114,0.027887278582930664,27,46,0.6016339195641938,0.8271739130434779,63.945205479452056,73,66
333,333.0,0.4864642857142858,0.38814285714285707,0.41257142857142853,0.5143111111111112,0.3936666666666667,0.40577777777777774,0.0041206772959183685,0.00830705102040816,0.01279681632653061,0.0070599032098765425,0.005877333333333334,0.014003417283950619,0.7080444444444444,0.42922222222222217,0.3824666666666666,0.22158015873015857,0.041079365079365104,0.030104761904761912,28,45,0.5466008250161538,0.877333333333333,63.397260273972606,73,64
334,334.0,0.4790384615384615,0.3918846153846154,0.41673076923076924,0.51046,0.39019999999999994,0.41096,0.0035605754437869827,0.007444332840236685,0.014511350591715978,0.007872888399999998,0.005796680000000001,0.0141165184,0.6896800000000002,0.41736000000000006,0.39354,0.21064153846153866,0.025475384615384677,0.023190769230769237,26,50,0.6065422570423081,0.8145999999999995,62.328947368421055,76,62
335,335.0,0.4811153846153846,0.39119230769230773,0.4215,0.5112156862745098,0.3919411764705882,0.4130980392156862,0.0036765636094674564,0.007389693786982247,0.01474871153846154,0.007747071126489812,0.005834604382929644,0.014068284505959249,0.687529411764706,0.42268627450980395,0.3951764705882353,0.20641402714932144,0.03149396681749622,0.02632352941176469,26,51,0.6307044760840996,0.7878431372549015,63.883116883116884,77,63
336,336.0,0.4784444444444445,0.388,0.43222222222222223,0.5112156862745098,0.3919411764705882,0.4130980392156862,0.004991654320987655,0.007210370370370368,0.015256024691358025,0.007747071126489812,0.005834604382929644,0.014068284505959249,0.687529411764706,0.42268627450980395,0.3951764705882353,0.20908496732026155,0.03468627450980394,0.037045751633986934,27,51,0.6078673350399575,0.7988235294117644,64.32051282051282,78,63
337,337.0,0.47907142857142865,0.384,0.4348571428571429,0.51168,0.39396000000000003,0.41247999999999996,0.004823994897959183,0.007384857142857143,0.014898622448979593,0.0078910176,0.0057434384,0.014330169600000003,0.68884,0.42922,0.39292,0.20976857142857136,0.04521999999999998,0.041937142857142895,28,50,0.629245738005457,0.8353999999999994,64.85897435897436,78,59
338,338.0,0.475962962962963,0.38874074074074066,0.444,0.5168269230769231,0.3892884615384616,0.41509615384615384,0.004732109739368999,0.007029080932784635,0.013109851851851853,0.007828258505917158,0.006245128328402367,0.014381433062130178,0.6817115384615384,0.42348076923076927,0.3862115384615385,0.20574857549857545,0.03474002849002861,0.05778846153846151,27,52,0.5989942032538875,0.8517307692307686,65.54430379746836,79,57
339,339.0,0.475962962962963,0.38874074074074066,0.444,0.5156274509803921,0.390921568627451,0.41415686274509805,0.004732109739368999,0.007029080932784635,0.013109851851851853,0.007906939638600539,0.006228895809304114,0.01461754402153018,0.6832156862745097,0.420156862745098,0.38276470588235295,0.2072527233115467,0.03141612200435734,0.061235294117647054,27,51,0.562112077524334,0.8705882352941172,65.94871794871794,78,59
340,340.0,0.47671428571428576,0.3926785714285714,0.44539285714285715,0.5131153846153846,0.39325000000000004,0.4153269230769231,0.004578346938775512,0.007196718112244896,0.012694024234693877,0.007844102071005917,0.006480918269230769,0.014496720044378698,0.6862307692307691,0.43311538461538457,0.37176923076923074,0.20951648351648333,0.04043681318681319,0.0736236263736264,28,52,0.5386145963735384,0.8615384615384609,66.35,80,58
341,341.0,0.47671428571428576,0.3926785714285714,0.44539285714285715,0.5131153846153846,0.39325000000000004,0.4153269230769231,0.004578346938775512,0.007196718112244896,0.012694024234693877,0.007844102071005917,0.006480918269230769,0.014496720044378698,0.6862307692307691,0.43311538461538457,0.37176923076923074,0.20951648351648333,0.04043681318681319,0.0736236263736264,28,52,0.5545825536723402,0.9080769230769226,67.35,80,53
342,342.0,0.47514814814814815,0.386037037037037,0.4392222222222223,0.5131153846153846,0.39325000000000004,0.4153269230769231,0.004679237311385461,0.006228183813443072,0.012098024691358024,0.007844102071005917,0.006480918269230769,0.014496720044378698,0.6862307692307691,0.43311538461538457,0.37176923076923074,0.21108262108262094,0.04707834757834756,0.06745299145299155,27,52,0.5740445767830419,0.9353846153846148,67.72151898734177,79,51
343,343.0,0.47996428571428573,0.38325,0.4421071428571429,0.51214,0.39496,0.42242,0.0051383915816326535,0.0062154732142857124,0.011890667091836738,0.008031120400000001,0.0066629184000000004,0.013566843600000003,0.68568,0.43687999999999994,0.38156,0.20571571428571422,0.053629999999999955,0.06054714285714291,28,50,0.5252148266832232,0.8975999999999993,68.15384615384616,78,56
344,344.0,0.47707407407407404,0.38722222222222225,0.44337037037037036,0.5107254901960785,0.39568627450980387,0.4172745098039216,0.005094809327846365,0.0060038765432098755,0.012286381344307271,0.007973689350249905,0.006558646674356018,0.014624630526720491,0.6809215686274509,0.43378431372549014,0.37782352941176467,0.20384749455337686,0.0465620915032679,0.06554684095860569,27,51,0.5390140192840975,0.9123529411764699,70.02564102564102,78,54
345,345.0,0.483551724137931,0.3886206896551724,0.450448275862069,0.5096470588235295,0.3949215686274509,0.41800000000000004,0.005278109393579073,0.006211407847800238,0.010826040428061831,0.007916934256055363,0.0064742291426374485,0.014705686274509803,0.6787254901960784,0.419156862745098,0.38588235294117645,0.1951737660581474,0.030536173089925622,0.06456592292089253,29,51,0.6172828169034786,0.9017647058823525,69.2125,80,47
346,346.0,0.4861379310344828,0.3856896551724138,0.45,0.5082115384615385,0.3906730769230769,0.42123076923076924,0.005279774078478002,0.005786007134363852,0.01096386206896552,0.008293782174556215,0.007030373890532544,0.015669562130177513,0.6676923076923077,0.41773076923076924,0.3895,0.18155437665782492,0.03204111405835541,0.0605,29,52,0.6294409088170508,0.8478846153846149,65.87654320987654,81,46
347,347.0,0.49290322580645163,0.38193548387096776,0.4388064516129032,0.5075098039215686,0.3892549019607843,0.41939215686274506,0.005628603537981268,0.005928705515088449,0.012846865764828304,0.008430798923490966,0.007063640907343329,0.015801022683583237,0.6611764705882353,0.41349019607843146,0.38482352941176473,0.16827324478178363,0.0315547122074637,0.053982922201138483,31,51,0.6465440672470634,0.8396078431372543,66.59756097560975,82,44
348,348.0,0.4951666666666667,0.37993333333333335,0.4404666666666667,0.5092115384615384,0.38975,0.4180576923076923,0.0056574055555555555,0.006002062222222221,0.01318964888888889,0.008416359097633138,0.006940302884615384,0.015587977440828403,0.666076923076923,0.416423076923077,0.3893076923076923,0.1709102564102563,0.03648974358974366,0.051158974358974374,30,52,0.6436563020313034,0.8640384615384611,67.15853658536585,82,40
349,349.0,0.49715625,0.37684375000000003,0.44096875,0.5092115384615384,0.38975,0.4180576923076923,0.0056962568359375,0.0058107568359375,0.0123698427734375,0.008416359097633138,0.006940302884615384,0.015587977440828403,0.666076923076923,0.416423076923077,0.3893076923076923,0.168920673076923,0.039579326923076974,0.05166105769230772,32,52,0.659317919967107,0.8451923076923069,66.73809523809524,84,38
350,350.0,0.4953235294117647,0.36905882352941183,0.44388235294117656,0.5100588235294118,0.3935294117647059,0.42276470588235293,0.0055993953287197225,0.00676511418685121,0.012007809688581318,0.0085440553633218,0.006333621683967706,0.01474151326412918,0.666470588235294,0.42149019607843136,0.3919411764705882,0.17114705882352932,0.05243137254901953,0.05194117647058838,34,51,0.6094510840075439,0.8160784313725484,66.43529411764706,85,42
351,351.0,0.4953235294117647,0.36905882352941183,0.44388235294117656,0.5123962264150944,0.3881132075471698,0.4220754716981132,0.0055993953287197225,0.00676511418685121,0.012007809688581318,0.008404578853684586,0.0072508173727305085,0.014326484870060519,0.6619245283018866,0.4135283018867924,0.3908113207547169,0.16660099889012192,0.044469478357380576,0.053071032186459643,34,53,0.5745786877562074,0.8184905660377351,66.88505747126437,87,41
352,352.0,0.498970588235294,0.3617941176470588,0.44061764705882356,0.5122962962962964,0.3877037037037037,0.423425925925926,0.006327734429065744,0.0077375164359861585,0.011953942041522492,0.008249467764060357,0.0071254307270233195,0.014157837105624143,0.660759259259259,0.4087037037037036,0.3905555555555555,0.16178867102396505,0.0469095860566448,0.05006209150326807,34,54,0.5728949337465723,0.8001851851851847,67.25,88,39
353,353.0,0.5040277777777777,0.36358333333333337,0.4365555555555556,0.510888888888889,0.387462962962963,0.4316481481481482,0.006431027006172839,0.008096798611111112,0.012077024691358025,0.008284913580246914,0.007176989368998631,0.013721450274348422,0.6494259259259259,0.40412962962962956,0.40046296296296297,0.1453981481481481,0.04054629629629619,0.03609259259259262,36,54,0.55122169633164,0.8009259259259254,66.91111111111111,90,37
354,354.0,0.5017777777777779,0.36766666666666675,0.42908333333333337,0.5127407407407408,0.38842592592592595,0.43109259259259275,0.006675839506172839,0.007589444444444444,0.013008354166666665,0.008555969821673528,0.007390874142661179,0.013651861796982166,0.6565370370370369,0.4062037037037036,0.40283333333333327,0.15475925925925904,0.03853703703703687,0.026250000000000107,36,54,0.5537467227226743,0.7961111111111104,66.82222222222222,90,35
355,355.0,0.5017777777777779,0.36766666666666675,0.42908333333333337,0.5085818181818182,0.39278181818181823,0.4246909090909091,0.006675839506172839,0.007589444444444444,0.013008354166666665,0.008241479669421488,0.007154097851239671,0.015178977190082644,0.6609272727272727,0.41985454545454537,0.3955636363636364,0.15914949494949482,0.05218787878787862,0.03351969696969698,36,55,0.545582041969108,0.7847272727272722,67.9010989010989,91,35
356,356.0,0.49585294117647066,0.3679117647058824,0.42188235294117643,0.5085818181818182,0.39278181818181823,0.4246909090909091,0.0064333607266435985,0.007853609861591695,0.012781809688581317,0.008241479669421488,0.007154097851239671,0.015178977190082644,0.6609272727272727,0.41985454545454537,0.3955636363636364,0.16507433155080203,0.05194278074866299,0.026318716577540036,34,55,0.5281600802749682,0.7901818181818175,68.48314606741573,89,37
357,357.0,0.4923636363636364,0.3712424242424242,0.42296969696969705,0.5106363636363637,0.3898727272727273,0.4289636363636365,0.00621435261707989,0.007714426078971533,0.013128938475665751,0.008356085950413223,0.007132729256198346,0.014808725950413222,0.6649818181818182,0.41607272727272715,0.4,0.17261818181818184,0.04483030303030294,0.02296969696969703,33,55,0.5282671059282055,0.807636363636363,68.8409090909091,88,36
358,358.0,0.49429411764705883,0.36488235294117655,0.4232941176470588,0.5072545454545455,0.3896,0.43143636363636373,0.006471207612456746,0.007461868512110727,0.01277391349480969,0.008382771570247933,0.007153585454545456,0.014867082314049587,0.6583454545454546,0.41507272727272715,0.4043636363636363,0.16405133689839574,0.0501903743315506,0.018930481283422507,34,55,0.5225894201423712,0.7778181818181811,67.82022471910112,89,37
359,359.0,0.50021875,0.36709375,0.41528124999999994,0.5079811320754717,0.39058490566037746,0.44022641509433963,0.005543170898437501,0.007844959960937498,0.011934389648437502,0.008597641153435387,0.007219789960840157,0.013247382698469208,0.6615660377358491,0.42315094339622633,0.4118490566037736,0.16134728773584905,0.056057193396226335,0.0034321933962263573,32,53,0.5293247037811062,0.7886792452830181,68.09411764705882,85,39
360,360.0,0.49793548387096775,0.36612903225806454,0.42329032258064514,0.5076111111111111,0.38968518518518525,0.43692592592592594,0.005555157127991674,0.00806824141519251,0.010266722164412071,0.008445682098765431,0.007128993484224966,0.013579401920438957,0.6678333333333334,0.43114814814814806,0.4042222222222222,0.16989784946236564,0.06501911589008352,0.019068100358422935,31,54,0.5170420063333672,0.7653703703703697,68.09411764705882,85,42
361,361.0,0.5030689655172413,0.3716206896551725,0.4219655172413794,0.5062363636363636,0.39249090909090917,0.43869090909090924,0.005517236623067775,0.007221200951248514,0.0109330677764566,0.008336507768595042,0.007352759008264463,0.01381526809917355,0.6669636363636365,0.4253454545454545,0.4051818181818182,0.1638946708463952,0.05372476489028205,0.016783699059561175,29,55,0.5217946088913324,0.7399999999999991,67.78571428571429,84,43
362,362.0,0.5042758620689655,0.3834482758620691,0.4358275862068966,0.5082592592592592,0.3972037037037038,0.43609259259259264,0.005985785969084424,0.008452661117717003,0.009248073721759812,0.007572451303155008,0.006974643689986283,0.013473639574759944,0.673277777777778,0.43803703703703706,0.4062407407407407,0.1690019157088125,0.05458876117496797,0.02958684546615592,29,54,0.5624786997776143,0.71574074074074,67.51807228915662,83,45
363,363.0,0.5042758620689655,0.3834482758620691,0.4358275862068966,0.5108545454545453,0.39643636363636375,0.4405818181818183,0.005985785969084424,0.008452661117717003,0.009248073721759812,0.007463687933884297,0.007251627768595043,0.012857625123966942,0.6817454545454548,0.43594545454545447,0.4172909090909091,0.1774695924764893,0.05249717868338538,0.0185366771159875,29,55,0.5310095581045031,0.7283636363636357,68.38095238095238,84,43
364,364.0,0.5034666666666666,0.3836333333333334,0.4395,0.512,0.3989642857142857,0.4405357142857143,0.005805248888888889,0.008171898888888888,0.00933091666666667,0.007402571428571429,0.007473605867346939,0.012628141581632652,0.6860535714285714,0.4415178571428572,0.41030357142857143,0.18258690476190476,0.0578845238095238,0.029196428571428568,30,56,0.4945557358836787,0.746607142857142,68.79069767441861,86,41
365,365.0,0.49929032258064515,0.3838064516129032,0.4475483870967742,0.512,0.39892857142857147,0.44225,0.006495238293444328,0.008000027055150885,0.007869344432882414,0.007402571428571429,0.0074725306122448995,0.012554794642857142,0.6881071428571428,0.43691071428571426,0.41558928571428577,0.18881682027649765,0.05310426267281104,0.03195910138248842,31,56,0.5464632422827118,0.7016071428571421,68.79310344827586,87,40
366,366.0,0.49756666666666666,0.3798666666666667,0.4437666666666667,0.5105614035087719,0.4009122807017544,0.44126315789473686,0.006619645555555556,0.007785515555555557,0.007688312222222223,0.007399018159433673,0.007515062480763312,0.012236439519852264,0.6896140350877191,0.45610526315789474,0.4100877192982456,0.19204736842105247,0.07623859649122805,0.033678947368421086,30,57,0.5148741620335484,0.708245614035087,69.13793103448276,87,41
367,367.0,0.49273333333333336,0.3758333333333333,0.4413,0.5101428571428571,0.40294642857142854,0.44435714285714284,0.006833862222222221,0.007666938888888888,0.007927743333333336,0.006502872448979591,0.008482157844387756,0.012247586734693878,0.6796607142857142,0.44330357142857146,0.4245,0.18692738095238082,0.06747023809523817,0.016800000000000037,30,56,0.5193049722169181,0.693214285714285,68.4186046511628,86,41
368,368.0,0.4926206896551725,0.37927586206896546,0.43906896551724134,0.5101428571428571,0.40294642857142854,0.44435714285714284,0.007069131985731272,0.0075757859690844245,0.00805178834720571,0.006502872448979591,0.008482157844387756,0.012247586734693878,0.6796607142857142,0.44330357142857146,0.4245,0.1870400246305417,0.064027709359606,0.01456896551724135,29,56,0.49748976876084633,0.6621428571428565,69.36470588235294,85,47
369,369.0,0.49514285714285716,0.3818214285714286,0.43782142857142853,0.5135172413793103,0.4067586206896551,0.4446551724137931,0.007829979591836735,0.007678075255102042,0.007261575255102042,0.006609904875148633,0.00868452794292509,0.011943743162901308,0.6860344827586206,0.4494827586206897,0.42694827586206896,0.1908916256157634,0.06766133004926111,0.010873152709359568,28,58,0.5477808876921808,0.6886206896551718,68.67441860465117,86,39
370,370.0,0.4958148148148148,0.3872962962962962,0.43925925925925924,0.513438596491228,0.40649122807017546,0.44242105263157894,0.008107336076817557,0.00712317146776406,0.007472636488340193,0.006725509387503848,0.008832741151123424,0.011863787626962143,0.6855263157894737,0.4453859649122807,0.4252105263157894,0.18971150097465883,0.058089668615984524,0.01404873294346981,27,57,0.5485958471492016,0.748245614035087,69.17857142857143,84,35
371,371.0,0.4973928571428571,0.3802857142857143,0.4362857142857143,0.5116296296296295,0.4023148148148148,0.447574074074074,0.00806938137755102,0.008238275510204082,0.007388561224489797,0.006816492455418382,0.008926512002743485,0.011520392661179699,0.668962962962963,0.4237037037037037,0.4369074074074074,0.1715701058201059,0.04341798941798941,0.0006216931216931343,28,54,0.5802881071162166,0.783703703703703,68.5,82,32
372,372.0,0.49751851851851847,0.3821481481481481,0.4369259259259259,0.507826923076923,0.4035576923076923,0.4480769230769231,0.008367805212620026,0.008446274348422498,0.00765073525377229,0.00663698927514793,0.009060592825443787,0.011947417159763314,0.6641346153846155,0.42450000000000004,0.4337692307692308,0.16661609686609702,0.04235185185185192,0.0031566951566950885,27,52,0.5459190020068143,0.8009615384615376,68.25316455696202,79,35
373,373.0,0.499551724137931,0.38393103448275856,0.43634482758620685,0.508754716981132,0.40158490566037736,0.44466037735849057,0.008536178359096314,0.007909167657550537,0.007156639714625447,0.006556524741901032,0.009092016375934498,0.012328978996084016,0.6647169811320756,0.41937735849056607,0.43018867924528303,0.16516525699414458,0.035446324007807506,0.006156148340923817,29,53,0.6022023091067471,0.7796226415094332,69.36585365853658,82,31
374,374.0,0.5031379310344828,0.3880344827586206,0.43341379310344824,0.5106153846153845,0.40653846153846157,0.44301923076923067,0.008299636147443518,0.00839761950059453,0.006909139120095126,0.006988736686390532,0.0095972100591716,0.012432749630177514,0.6728076923076921,0.43530769230769234,0.43282692307692305,0.16966976127320932,0.047273209549071715,0.000586870026525188,29,52,0.6083530999441374,0.783461538461538,69.01234567901234,81,30
375,375.0,0.5031379310344828,0.3880344827586206,0.43341379310344824,0.5109999999999999,0.41318,0.4395800000000001,0.008299636147443518,0.00839761950059453,0.006909139120095126,0.007200439999999999,0.008789347600000002,0.0122690836,0.6838799999999999,0.4408000000000001,0.43104,0.18074206896551714,0.052765517241379456,0.002373793103448263,29,50,0.55272432443617,0.8239999999999994,69.88607594936708,79,33
376,376.0,0.4993571428571429,0.38371428571428573,0.4323571428571427,0.5109999999999999,0.41318,0.4395800000000001,0.008181515306122449,0.008156275510204083,0.007123515306122449,0.007200439999999999,0.008789347600000002,0.0122690836,0.6838799999999999,0.4408000000000001,0.43104,0.18452285714285704,0.05708571428571435,0.001317142857142739,28,50,0.5342304768725112,0.8439999999999992,71.44871794871794,78,34
377,377.0,0.5010689655172414,0.38534482758620686,0.43141379310344813,0.5109999999999999,0.41318,0.4395800000000001,0.007981443519619501,0.007949467300832343,0.00690279429250892,0.007200439999999999,0.008789347600000002,0.0122690836,0.6838799999999999,0.4408000000000001,0.43104,0.18281103448275848,0.05545517241379322,0.0003737931034481501,29,50,0.5380550468899481,0.7999999999999992,71.55696202531645,79,38
378,378.0,0.50503125,0.3923125,0.43296875,0.5109999999999999,0.41318,0.4395800000000001,0.006672780273437501,0.007566777343750001,0.0064265927734375,0.007200439999999999,0.008789347600000002,0.0122690836,0.6838799999999999,0.4408000000000001,0.43104,0.1788487499999999,0.04848750000000007,0.0019287500000000346,32,50,0.5560673725609531,0.803999999999999,72.6219512195122,82,34
379,379.0,0.50503125,0.3923125,0.43296875,0.5091538461538462,0.41334615384615375,0.44098076923076934,0.006672780273437501,0.007566777343750001,0.0064265927734375,0.007613360946745562,0.00889076479289941,0.01267821116863905,0.6794807692307692,0.43048076923076917,0.4321346153846154,0.17444951923076912,0.03816826923076916,0.0008341346153846185,32,52,0.5175880668002901,0.7823076923076915,73.20238095238095,84,36
380,380.0,0.5058387096774193,0.39241935483870954,0.4293225806451612,0.50644,0.41244,0.44024,0.006867167533818938,0.00781050156087409,0.006208476586888658,0.007711966400000001,0.009006006400000002,0.012936982399999998,0.67366,0.42979999999999996,0.42976,0.16782129032258075,0.037380645161290416,0.00043741935483876393,31,50,0.5269460478956967,0.7983999999999992,73.41975308641975,81,36
381,381.0,0.5081666666666667,0.39599999999999996,0.4349666666666666,0.5080980392156863,0.41247058823529414,0.43923529411764706,0.0071905388888888885,0.0073379333333333345,0.005544698888888889,0.007698206074586698,0.008829464821222606,0.012733787773933105,0.6777450980392157,0.43350980392156857,0.43354901960784314,0.16957843137254902,0.03750980392156861,0.001417647058823468,30,51,0.5246107831915183,0.7915686274509798,73.66666666666667,81,37
382,382.0,0.51259375,0.404125,0.43740625,0.50658,0.41262,0.44084,0.0072911162109375,0.008019609375,0.005629678710937501,0.007734643599999999,0.0090049156,0.012857134400000001,0.6780200000000001,0.43748,0.43472,0.1654262500000001,0.03335499999999997,0.002686250000000001,32,50,0.5457958161907236,0.7775999999999992,73.8170731707317,82,35
383,383.0,0.50515625,0.41215625,0.43928125,0.5081666666666665,0.4080833333333333,0.437125,0.0068281318359375,0.0063388193359375,0.005579639648437501,0.007970972222222221,0.00886432638888889,0.012926317708333334,0.6753125,0.4294166666666667,0.4255625,0.17015625,0.017260416666666722,0.013718750000000002,32,48,0.5282676882772686,0.834166666666666,72.8375,80,34
384,384.0,0.5029677419354839,0.4140645161290322,0.4478064516129032,0.5049782608695653,0.4062826086956522,0.43976086956521737,0.006791127991675338,0.00674302809573361,0.005787446409989595,0.007953716918714555,0.00908581143667297,0.013011138468809073,0.6650217391304348,0.4120869565217391,0.44256521739130433,0.16205399719495095,0.0019775596072931223,0.005241234221598889,31,46,0.5433451195703066,0.76391304347826,73.03896103896103,77,39
385,385.0,0.5060645161290322,0.4136129032258064,0.4511935483870968,0.5029555555555555,0.4060888888888889,0.44175555555555557,0.006608318418314256,0.006760043704474506,0.006139704474505724,0.007942264691358027,0.009285992098765433,0.013117251358024691,0.6594444444444445,0.4086666666666667,0.4386666666666667,0.15337992831541225,0.004946236559139727,0.012526881720430094,31,45,0.5359690609007219,0.82511111111111,73.15789473684211,76,35
386,386.0,0.504741935483871,0.4053225806451613,0.45306451612903226,0.5026521739130435,0.40395652173913044,0.439108695652174,0.006340901144640998,0.008815508844953175,0.006083092611862645,0.007684226843100188,0.00882751984877127,0.013005270793950849,0.6520652173913044,0.4142391304347826,0.4444130434782609,0.14732328190743338,0.008916549789621309,0.008651472650771375,31,46,0.5586801746707654,0.792608695652173,72.88311688311688,77,36
387,387.0,0.5057096774193549,0.3990000000000001,0.45712903225806456,0.5014444444444446,0.4062888888888889,0.4429333333333333,0.006203044745057233,0.009715354838709677,0.005944112382934445,0.007787891358024692,0.008773449876543212,0.012621395555555555,0.6511111111111111,0.42004444444444444,0.4488666666666667,0.14540143369175618,0.021044444444444366,0.008262365591397869,31,45,0.5242442277336934,0.791777777777777,73.22368421052632,76,39
388,388.0,0.5044848484848485,0.3962424242424243,0.4552121212121212,0.5015813953488373,0.4066511627906978,0.4424883720930233,0.0058734012855831035,0.010229638200183654,0.005690045913682278,0.008144568956192534,0.009129436452136291,0.013131412655489451,0.6498372093023256,0.4338139534883721,0.4508837209302326,0.14535236081747704,0.03757152924594781,0.004328400281888578,33,43,0.4974250619080017,0.7830232558139527,73.07894736842105,76,41
389,389.0,0.49975,0.39506250000000004,0.45899999999999996,0.5037333333333334,0.3974444444444445,0.4387777777777779,0.006397125,0.010625371093749999,0.005128437500000001,0.008243217777777777,0.009564424691358027,0.013730883950617286,0.6454666666666665,0.417888888888889,0.44213333333333327,0.1457166666666665,0.022826388888888938,0.016866666666666696,32,45,0.4924394162374104,0.7491111111111104,71.88311688311688,77,43
390,390.0,0.49816129032258066,0.3939032258064516,0.460741935483871,0.5060652173913044,0.39834782608695646,0.43930434782608707,0.006522715920915713,0.010925119667013528,0.005196772112382935,0.007880104442344046,0.010215574669187145,0.013429994328922494,0.6539782608695652,0.42241304347826086,0.43852173913043474,0.15581697054698457,0.028509817671809268,0.02222019635343625,31,46,0.5063998473672153,0.7552173913043471,73.81818181818181,77,42
391,391.0,0.5004,0.39106666666666673,0.46013333333333334,0.5049772727272727,0.40456818181818177,0.4434318181818183,0.0065847733333333335,0.011039862222222223,0.005358515555555557,0.008208158574380165,0.009183608987603306,0.013052699896694215,0.65775,0.42927272727272725,0.44279545454545455,0.15735,0.03820606060606052,0.01733787878787879,30,44,0.49979371869229955,0.7636363636363627,74.54054054054055,74,43
392,392.0,0.4933548387096774,0.39290322580645165,0.4652903225806451,0.506953488372093,0.40420930232558133,0.45072093023255816,0.007861390218522375,0.01078492611862643,0.005983496357960459,0.008227207138994051,0.009391514332071391,0.011018480259599783,0.6604883720930232,0.42630232558139536,0.44748837209302317,0.16713353338334586,0.03339909977494371,0.017801950487621954,31,43,0.5005333116685462,0.7504651162790689,75.17567567567568,74,43
393,393.0,0.4933548387096774,0.39290322580645165,0.4652903225806451,0.5110526315789473,0.40542105263157896,0.4452894736842105,0.007861390218522375,0.01078492611862643,0.005983496357960459,0.007263470914127424,0.01019245429362881,0.011268784626038782,0.6587105263157893,0.40902631578947374,0.43144736842105263,0.1653556876061119,0.016123089983022088,0.03384295415959249,31,38,0.5252564135046903,0.8363157894736833,73.68115942028986,69,39
394,394.0,0.48632258064516126,0.38709677419354843,0.4627741935483871,0.5114594594594595,0.407972972972973,0.44645945945945953,0.007240283038501562,0.009681700312174817,0.0057572070759625395,0.007453491599707818,0.010220458728999274,0.011521329437545653,0.6574054054054054,0.41794594594594603,0.4306756756756757,0.1710828247602441,0.030849171752397597,0.032098517872711396,31,37,0.5733752428731008,0.8262162162162152,74.66176470588235,68,40
395,395.0,0.48190000000000005,0.38853333333333334,0.4658666666666667,0.5114594594594595,0.407972972972973,0.44645945945945953,0.006875289999999998,0.009940448888888889,0.005652648888888889,0.007453491599707818,0.010220458728999274,0.011521329437545653,0.6574054054054054,0.41794594594594603,0.4306756756756757,0.17550540540540532,0.029412612612612687,0.03519099099099099,30,37,0.5534010830997207,0.8537837837837827,75.76119402985074,67,42
396,396.0,0.48467741935483877,0.387,0.4664516129032258,0.5170294117647058,0.40264705882352947,0.4405882352941176,0.0068239604578564,0.01028025806451613,0.0066557960457856395,0.007433087370242216,0.010596287197231836,0.011824536332179931,0.6598235294117647,0.3975294117647059,0.42514705882352943,0.17514611005692593,0.010529411764705898,0.041304554079696354,31,34,0.5763280891193258,0.8876470588235286,75.70769230769231,65,42
397,397.0,0.48912903225806453,0.3907741935483871,0.4600645161290322,0.5167878787878788,0.3997878787878788,0.4383030303030303,0.007961209157127993,0.010670239334027056,0.007601028095733612,0.007695621671258035,0.01086634894398531,0.011979605142332414,0.6579090909090909,0.3981818181818182,0.4186969696969697,0.16878005865102635,0.007407624633431087,0.04136754643206253,31,33,0.5545957090668779,0.8427272727272719,73.828125,64,49
398,398.0,0.48912903225806453,0.3907741935483871,0.4600645161290322,0.5167878787878788,0.3997878787878788,0.4383030303030303,0.007961209157127993,0.010670239334027056,0.007601028095733612,0.007695621671258035,0.01086634894398531,0.011979605142332414,0.6579090909090909,0.3981818181818182,0.4186969696969697,0.16878005865102635,0.007407624633431087,0.04136754643206253,31,33,0.5471711680846504,0.8633333333333324,74.828125,64,50
399,399.0,0.4806451612903227,0.39890322580645166,0.4662903225806452,0.5167878787878788,0.3997878787878788,0.4383030303030303,0.008476809573361086,0.008851958376690948,0.008837754422476586,0.007695621671258035,0.01086634894398531,0.011979605142332414,0.6579090909090909,0.3981818181818182,0.4186969696969697,0.1772639296187682,0.0007214076246334633,0.0475933528836755,31,33,0.5629368181194168,0.9233333333333323,75.203125,64,47
400,400.0,0.4806451612903227,0.39890322580645166,0.4662903225806452,0.5159117647058823,0.4024117647058824,0.4376764705882353,0.008476809573361086,0.008851958376690948,0.008837754422476586,0.007494609861591695,0.010773948096885814,0.011640218858131487,0.6679705882352941,0.41191176470588237,0.4063823529411765,0.1873254269449714,0.01300853889943071,0.059907969639468706,31,34,0.5667540907611465,0.9058823529411757,75.78461538461538,65,48
401,401.0,0.4806451612903227,0.39890322580645166,0.4662903225806452,0.5156857142857142,0.4058571428571429,0.43605714285714287,0.008476809573361086,0.008851958376690948,0.008837754422476586,0.007282215510204082,0.010869722448979593,0.011396796734693876,0.6636285714285713,0.40877142857142856,0.4055714285714286,0.18298341013824865,0.009868202764976908,0.060718894009216595,31,35,0.5383132988867476,0.9168571428571419,76.53030303030303,66,49
402,402.0,0.48039393939393943,0.4013939393939394,0.4614848484848485,0.5134999999999998,0.40967647058823536,0.4340294117647059,0.008000420569329663,0.008809269054178144,0.008666128558310376,0.007329191176470589,0.010678865916955018,0.011588087370242214,0.6595882352941177,0.4200294117647059,0.4070882352941177,0.17919429590017827,0.01863547237076646,0.0543966131907308,33,34,0.5713953853752364,0.9170588235294107,75.49253731343283,67,46
403,403.0,0.48652941176470593,0.4047647058823529,0.46505882352941175,0.5144571428571427,0.4110285714285715,0.435,0.00906001384083045,0.009111003460207613,0.009672643598615917,0.007150933877551021,0.010435913469387756,0.01128902857142857,0.6689428571428572,0.43328571428571433,0.3954571428571429,0.18241344537815124,0.028521008403361414,0.06960168067226885,34,35,0.5659833215887123,0.844857142857142,74.34782608695652,69,49
404,404.0,0.48652941176470593,0.4047647058823529,0.46505882352941175,0.5144571428571427,0.4110285714285715,0.435,0.00906001384083045,0.009111003460207613,0.009672643598615917,0.007150933877551021,0.010435913469387756,0.01128902857142857,0.6689428571428572,0.43328571428571433,0.3954571428571429,0.18241344537815124,0.028521008403361414,0.06960168067226885,34,35,0.5394137765183485,0.8582857142857133,75.34782608695652,69,51
405,405.0,0.49084848484848487,0.40669696969696967,0.4641212121212121,0.5172499999999999,0.41391666666666677,0.43399999999999994,0.008700310376492194,0.009260150596877872,0.009935864095500459,0.007225298611111111,0.01043796527777778,0.01101044444444444,0.6771388888888888,0.43922222222222224,0.40161111111111114,0.18629040404040398,0.03252525252525257,0.06251010101010096,33,36,0.5135925002886306,0.8969444444444434,75.6231884057971,69,50
406,406.0,0.49308823529411766,0.4041470588235294,0.45670588235294113,0.5151176470588235,0.41297058823529414,0.43776470588235294,0.008609962802768167,0.009202360726643601,0.011458207612456748,0.007494339100346021,0.010590616782006922,0.010200121107266437,0.6704411764705882,0.4414705882352941,0.39411764705882346,0.17735294117647055,0.0373235294117647,0.06258823529411767,34,34,0.49408980932796404,0.9464705882352933,75.47058823529412,68,50
407,407.0,0.4952352941176471,0.40097058823529413,0.45361764705882346,0.5139166666666666,0.4155555555555555,0.43591666666666673,0.008830356401384083,0.008902028546712803,0.011417000865051902,0.007292631944444445,0.01016096913580247,0.009708520833333335,0.6818055555555556,0.4640277777777777,0.3891666666666666,0.18657026143790845,0.06305718954248357,0.06445098039215685,34,36,0.559757948498992,0.8533333333333325,73.77142857142857,70,50
408,408.0,0.5016969696969696,0.39403030303030306,0.4538787878787879,0.5161315789473684,0.41428947368421054,0.432578947368421,0.009161483930211201,0.008816393021120294,0.011749197428833794,0.007128693213296398,0.009694837257617729,0.009403875346260387,0.671657894736842,0.4538421052631579,0.3833684210526316,0.16996092503987237,0.059811802232854816,0.0705103668261563,33,38,0.537513769034093,0.8257894736842095,71.92957746478874,71,50
409,409.0,0.49975,0.39440625000000007,0.4558125,0.5092222222222222,0.4118611111111111,0.44038888888888894,0.0093226875,0.009087241210937501,0.011992964843749999,0.00859856172839506,0.009683841820987658,0.011623848765432097,0.6565833333333333,0.4464166666666667,0.3890833333333334,0.15683333333333327,0.052010416666666615,0.06672916666666662,32,36,0.5396425415643153,0.8149999999999991,69.8970588235294,68,51
410,410.0,0.4998387096774194,0.39103225806451614,0.45493548387096766,0.5092222222222222,0.4118611111111111,0.44038888888888894,0.009623167533818937,0.009016095733610825,0.01235522164412071,0.00859856172839506,0.009683841820987658,0.011623848765432097,0.6565833333333333,0.4464166666666667,0.3890833333333334,0.1567446236559139,0.05538440860215055,0.06585215053763427,31,36,0.5942966805649327,0.8583333333333324,70.13432835820896,67,46
411,411.0,0.4982666666666667,0.39510000000000006,0.46086666666666665,0.5146969696969695,0.4124242424242424,0.43033333333333335,0.00986732888888889,0.008803690000000001,0.011676515555555555,0.007714635445362716,0.009931880624426079,0.011809676767676766,0.6666969696969697,0.4903030303030303,0.3646666666666667,0.16843030303030299,0.09520303030303023,0.09619999999999995,30,33,0.5713397334368736,0.9530303030303022,68.26984126984127,63,43
412,412.0,0.48351724137931035,0.3897586206896552,0.46220689655172414,0.511735294117647,0.41367647058823526,0.4307941176470588,0.010264456599286563,0.009196321046373367,0.01244361236623068,0.007777194636678201,0.009691512975778548,0.011469339965397922,0.6646176470588234,0.5021764705882352,0.36670588235294116,0.18110040567951308,0.11241784989858,0.09550101419878299,29,34,0.6225777887242944,0.8641176470588227,66.68253968253968,63,46
413,413.0,0.48467857142857157,0.3877500000000001,0.4626071428571429,0.5155714285714286,0.41597142857142855,0.4318571428571429,0.010591932397959181,0.009407758928571429,0.012883381377551023,0.008055330612244898,0.009593684897959186,0.011180065306122448,0.6653428571428571,0.5089714285714285,0.36911428571428573,0.18066428571428556,0.12122142857142842,0.09349285714285716,28,35,0.560038187105383,0.8762857142857134,66.61904761904762,63,48
414,414.0,0.4893448275862069,0.3809655172413794,0.46668965517241384,0.5177837837837838,0.4125945945945945,0.43237837837837834,0.01089498454221165,0.010361136741973842,0.011645731272294887,0.0077354127100073035,0.009842565376187,0.010605478451424398,0.6602972972972974,0.49972972972972957,0.3653243243243244,0.17095246971109046,0.11876421248835017,0.10136533084808946,29,37,0.5365245922016282,0.7748648648648642,64.95454545454545,66,53
415,415.0,0.4865555555555556,0.3987037037037038,0.4625555555555556,0.5191794871794871,0.414076923076923,0.42920512820512824,0.011551580246913577,0.009601541838134433,0.01223595061728395,0.007384813938198553,0.009572429980276135,0.010248009204470743,0.6643846153846155,0.5179487179487179,0.36069230769230776,0.1778290598290599,0.1192450142450141,0.10186324786324785,27,39,0.531679956962445,0.7766666666666661,63.93939393939394,66,53
416,416.0,0.48992307692307696,0.3989615384615384,0.46661538461538465,0.5181250000000001,0.414875,0.42837499999999995,0.011689686390532545,0.009969036982248523,0.012261544378698227,0.007243559375,0.009357959375,0.010018684375,0.6619499999999999,0.5197,0.36582499999999996,0.17202692307692297,0.12073846153846163,0.1007903846153847,26,40,0.5097892304541873,0.7719999999999992,64.36363636363636,66,55
417,417.0,0.47988,0.39484,0.47572000000000003,0.5181250000000001,0.414875,0.42837499999999995,0.011636745599999998,0.0101736544,0.010182041599999999,0.007243559375,0.009357959375,0.010018684375,0.6619499999999999,0.5197,0.36582499999999996,0.18206999999999995,0.12486000000000003,0.10989500000000008,25,40,0.5624599184746755,0.7644999999999993,65.21538461538462,65,56
418,418.0,0.4872692307692308,0.39096153846153847,0.4700384615384615,0.5217948717948718,0.4156923076923077,0.42707692307692313,0.01255419674556213,0.010158421597633138,0.010597421597633137,0.006890573307034844,0.00957118737672584,0.010208173570019722,0.6625897435897437,0.5175128205128204,0.35930769230769233,0.17532051282051286,0.12655128205128197,0.11073076923076919,26,39,0.5139149301356905,0.7994871794871788,65.29230769230769,65,56
419,419.0,0.47437500000000005,0.3892083333333334,0.4819166666666666,0.5151999999999999,0.4159750000000001,0.432875,0.011213651041666668,0.010912914930555559,0.009631159722222222,0.00841451,0.009335024375,0.011264059375,0.6502749999999999,0.50535,0.366,0.1758999999999999,0.11614166666666659,0.11591666666666661,24,40,0.5750019653208333,0.8192499999999994,65.65625,64,54
420,420.0,0.47608000000000006,0.38316,0.47551999999999994,0.5151999999999999,0.4159750000000001,0.432875,0.010834873600000001,0.011354374400000002,0.010227929599999998,0.00841451,0.009335024375,0.011264059375,0.6502749999999999,0.50535,0.366,0.17419499999999988,0.12218999999999997,0.10951999999999995,25,40,0.5462991028913745,0.8242499999999993,66.4,65,56
421,421.0,0.46970833333333334,0.39137500000000003,0.476875,0.5167317073170731,0.41597560975609765,0.4322682926829269,0.010271373263888888,0.010140317708333334,0.010608192708333332,0.008303123140987507,0.009107340868530637,0.0110040499702558,0.6466585365853658,0.5003170731707317,0.36287804878048774,0.17695020325203242,0.10894207317073168,0.11399695121951225,24,41,0.4876390906962212,0.7931707317073164,66.2,65,61
422,422.0,0.47019999999999995,0.39904000000000006,0.47868,0.5174047619047618,0.4130476190476191,0.4326428571428572,0.009866320000000001,0.011144758400000001,0.0102620576,0.00812400283446712,0.009241997732426304,0.010747801020408163,0.6480238095238094,0.48840476190476184,0.36476190476190473,0.1778238095238095,0.08936476190476178,0.11391809523809526,25,42,0.4965408107545031,0.8054761904761898,66.40298507462687,67,59
423,423.0,0.47019999999999995,0.39904000000000006,0.47868,0.5184883720930233,0.4199534883720931,0.4412790697674418,0.009866320000000001,0.011144758400000001,0.0102620576,0.008228249864791778,0.00916646295294754,0.009806480259599782,0.6484186046511629,0.5018837209302326,0.3585813953488372,0.1782186046511629,0.10284372093023253,0.12009860465116279,25,43,0.5686128352482398,0.7758139534883715,66.80882352941177,68,58
424,424.0,0.46549999999999997,0.39780769230769236,0.4787307692307693,0.5184883720930233,0.4199534883720931,0.4412790697674418,0.009031557692307695,0.01077292455621302,0.0104974275147929,0.008228249864791778,0.00916646295294754,0.009806480259599782,0.6484186046511629,0.5018837209302326,0.3585813953488372,0.18291860465116289,0.10407602862254023,0.12014937388193209,26,43,0.5679741967410441,0.7497674418604643,67.34782608695652,69,61
425,425.0,0.4726000000000001,0.4004,0.47272000000000003,0.5184883720930233,0.4199534883720931,0.4412790697674418,0.008082160000000001,0.011029120000000002,0.009977961599999998,0.008228249864791778,0.00916646295294754,0.009806480259599782,0.6484186046511629,0.5018837209302326,0.3585813953488372,0.17581860465116278,0.10148372093023261,0.11413860465116282,25,43,0.5333948183569688,0.802790697674418,69.0,68,61
426,426.0,0.47392307692307695,0.3972692307692308,0.47853846153846163,0.5190909090909092,0.42061363636363647,0.43825,0.00781507100591716,0.010849965976331364,0.01044055621301775,0.008056855371900826,0.008976873450413224,0.009978142045454545,0.6459545454545454,0.5042272727272727,0.36213636363636365,0.1720314685314685,0.10695804195804193,0.11640209790209799,26,44,0.4995440960844828,0.8352272727272719,68.78571428571429,70,59
427,427.0,0.47008000000000005,0.40548,0.47928000000000004,0.5190909090909092,0.42061363636363647,0.43825,0.0077436736000000015,0.0095311296,0.0108438816,0.008056855371900826,0.008976873450413224,0.009978142045454545,0.6459545454545454,0.5042272727272727,0.36213636363636365,0.1758745454545454,0.09874727272727274,0.1171436363636364,25,44,0.5220398830408896,0.8406818181818173,70.1159420289855,69,60
428,428.0,0.47755555555555557,0.3958888888888889,0.47500000000000003,0.517452380952381,0.4248809523809524,0.44340476190476186,0.008012024691358026,0.010081950617283952,0.010297777777777779,0.00832143820861678,0.008963676303854876,0.009864859977324265,0.6502142857142857,0.5064285714285715,0.35709523809523813,0.17265873015873018,0.11053968253968255,0.1179047619047619,27,42,0.5019302861762335,0.8492857142857135,69.53623188405797,69,61
429,429.0,0.4782962962962963,0.3907407407407407,0.47129629629629627,0.517452380952381,0.4248809523809524,0.44340476190476186,0.008074356652949246,0.009122488340192044,0.009417393689986283,0.00832143820861678,0.008963676303854876,0.009864859977324265,0.6502142857142857,0.5064285714285715,0.35709523809523813,0.17191798941798947,0.11568783068783073,0.11420105820105814,27,42,0.49066011128778153,0.87595238095238,70.31884057971014,69,61
430,430.0,0.4789642857142857,0.39207142857142857,0.47074999999999995,0.5184418604651163,0.4238139534883722,0.44341860465116273,0.007798034438775511,0.008844494897959186,0.009089116071428571,0.008169037317468902,0.008803035154137372,0.009635452677122769,0.6469069767441861,0.5003953488372093,0.3551627906976745,0.1679426910299004,0.1083239202657807,0.11558720930232547,28,43,0.47467486847312984,0.8618604651162781,71.08450704225352,71,62
431,431.0,0.47575,0.40175,0.476,0.5161904761904763,0.4215000000000001,0.43964285714285706,0.006836044642857145,0.009475330357142858,0.00833442857142857,0.00814558276643991,0.008782392857142858,0.009251848639455782,0.6502380952380952,0.5066428571428572,0.35695238095238097,0.17448809523809516,0.10489285714285718,0.11904761904761901,28,42,0.5341750606983429,0.8835714285714277,72.11428571428571,70,58
432,432.0,0.4925357142857143,0.3963571428571429,0.4648571428571428,0.5140000000000001,0.42397674418604653,0.44130232558139526,0.004626677295918367,0.009774586734693877,0.0064394081632653056,0.008157674418604653,0.008835790156841538,0.00915235045970795,0.6484418604651162,0.5030697674418605,0.35811627906976745,0.1559061461794019,0.10671262458471759,0.10674086378737535,28,43,0.5775066922412971,0.8762790697674411,70.04225352112677,71,55
433,433.0,0.4928214285714286,0.3989642857142857,0.4639642857142857,0.5164318181818183,0.42524999999999996,0.4300909090909091,0.004589146683673469,0.010201320153061225,0.006592820153061225,0.007088063533057851,0.008637051136363637,0.007471809917355372,0.6557727272727273,0.5383409090909091,0.3372727272727273,0.1629512987012987,0.13937662337662343,0.12669155844155844,28,44,0.5542497855776397,0.817045454545454,69.5,72,56
434,434.0,0.4928214285714286,0.3989642857142857,0.4639642857142857,0.5152727272727273,0.4276363636363637,0.43027272727272725,0.004589146683673469,0.010201320153061225,0.006592820153061225,0.0069660165289256205,0.00835573140495868,0.00749901652892562,0.6588636363636364,0.5475227272727273,0.34152272727272726,0.16604220779220785,0.1485584415584416,0.12244155844155846,28,44,0.5286931694581531,0.8061363636363631,69.94444444444444,72,58
435,435.0,0.49916129032258066,0.40461290322580645,0.4557741935483871,0.5093877551020408,0.43297959183673473,0.4325918367346939,0.004686780437044745,0.010062495317377731,0.006583723204994797,0.00673011495210329,0.008669285297792586,0.007336731361932528,0.643,0.5502857142857143,0.34546938775510205,0.14383870967741935,0.14567281105990781,0.11030480579328505,31,49,0.5028330159187954,0.7216326530612237,68.1375,80,58
436,436.0,0.49916129032258066,0.40461290322580645,0.4557741935483871,0.5140833333333333,0.4291875,0.430625,0.004686780437044745,0.010062495317377731,0.006583723204994797,0.007125701388888889,0.008671777343750001,0.007417026041666667,0.6415833333333333,0.524875,0.3489791666666666,0.14242204301075262,0.12026209677419353,0.10679502688172049,31,48,0.4742921279031874,0.754791666666666,67.62025316455696,79,58
437,437.0,0.4964,0.39926666666666666,0.45513333333333333,0.5156200000000001,0.42583999999999994,0.43117999999999995,0.00460664,0.009511862222222221,0.006790448888888889,0.0068975956000000005,0.0086047344,0.007246547599999999,0.6470400000000001,0.52388,0.3472999999999999,0.15064000000000005,0.12461333333333335,0.10783333333333345,30,50,0.4390362258976095,0.7221999999999994,67.2125,80,61
438,438.0,0.49516666666666664,0.3962333333333333,0.4619666666666667,0.51304,0.42402,0.42995999999999995,0.004666538888888888,0.008991645555555556,0.007076765555555555,0.0065148784,0.0087009396,0.0070149183999999995,0.6488,0.51156,0.3515,0.1536333333333334,0.11532666666666669,0.11046666666666671,30,50,0.43527436428872907,0.7713999999999994,67.0,80,57
439,439.0,0.4939655172413792,0.3955172413793104,0.4592068965517242,0.5131224489795918,0.42424489795918374,0.4291836734693878,0.004784171224732461,0.00928631866825208,0.00709230202140309,0.006647495210329029,0.00887598084131612,0.007127945855893378,0.6482244897959184,0.5204081632653061,0.34855102040816327,0.1542589725545392,0.12489092188599576,0.11065587614356093,29,49,0.4104972098752995,0.7771428571428566,67.61538461538461,78,61
440,440.0,0.49762962962962964,0.405,0.460925925925926,0.5142916666666667,0.4227083333333333,0.4298541666666667,0.005046677640603565,0.008681851851851852,0.006374216735253772,0.006718998263888889,0.008945206597222222,0.007254416232638887,0.6451041666666667,0.5104166666666666,0.35422916666666665,0.14747453703703706,0.1054166666666666,0.10669675925925937,27,48,0.40830212114007597,0.8218749999999991,67.64,75,60
441,441.0,0.49986206896551727,0.40451724137931033,0.45706896551724147,0.5149387755102041,0.42351020408163265,0.4285510204081633,0.004816187871581451,0.008175629013079664,0.006148960760998811,0.006601975843398584,0.008793515201999167,0.007187880049979176,0.6518367346938776,0.5171836734693878,0.347,0.15197466572836033,0.11266643209007743,0.11006896551724149,29,49,0.40558009867682165,0.8220408163265299,68.25641025641026,78,58
442,442.0,0.5043000000000001,0.40549999999999997,0.4503333333333334,0.5153125,0.41658333333333336,0.42868749999999994,0.00522681,0.007931116666666668,0.007259688888888889,0.006579923177083333,0.007633868055555555,0.007375381510416667,0.6388333333333334,0.4980208333333333,0.354875,0.13453333333333328,0.09252083333333333,0.09545833333333342,30,48,0.4229461348473936,0.8241666666666658,68.03846153846153,78,55
443,443.0,0.5043000000000001,0.40549999999999997,0.4503333333333334,0.515,0.4141489361702128,0.4270212765957445,0.00522681,0.007931116666666668,0.007259688888888889,0.006216851063829788,0.007926637392485288,0.007375978270710727,0.6263191489361704,0.4811702127659574,0.3530212765957447,0.12201914893617027,0.07567021276595742,0.09731205673758869,30,47,0.4069590103453242,0.8219148936170207,67.92207792207792,77,55
444,444.0,0.5029,0.41089999999999993,0.4519666666666667,0.5140434782608696,0.4148913043478261,0.42828260869565205,0.005414356666666665,0.00770809,0.00736069888888889,0.006308998109640833,0.008073053402646503,0.007461550567107751,0.6207608695652174,0.46989130434782606,0.3595217391304348,0.11786086956521735,0.05899130434782612,0.0924449275362319,30,46,0.42076467359181163,0.8447826086956514,68.39473684210526,76,54
445,445.0,0.5046896551724139,0.4157586206896552,0.44089655172413805,0.5150851063829787,0.4167234042553192,0.42859574468085093,0.006022489892984542,0.007367079667063021,0.007719609988109394,0.006224673607967406,0.008055689452240833,0.007307304662743322,0.621531914893617,0.4748936170212765,0.36104255319148937,0.1168422597212031,0.05913499633162134,0.07985399853264868,29,47,0.41507992926393794,0.8397872340425525,68.38157894736842,76,55
446,446.0,0.5073214285714286,0.41217857142857145,0.4435714285714286,0.5180625,0.4171875,0.42764583333333334,0.006036718112244898,0.007258503826530613,0.007787816326530611,0.006511641927083335,0.007897985677083335,0.00719747873263889,0.62725,0.4815833333333333,0.35352083333333334,0.11992857142857138,0.06940476190476186,0.09005059523809528,28,48,0.4029448032930641,0.8174999999999993,68.61842105263158,76,58
447,447.0,0.5064814814814815,0.41929629629629633,0.4429259259259259,0.5167446808510638,0.4163617021276597,0.42689361702127654,0.00626165706447188,0.0078759122085048,0.008129920438957475,0.006566828429153463,0.00803329470348574,0.00732345676776822,0.6207234042553192,0.4774468085106383,0.36104255319148937,0.11424192277383771,0.058150512214341976,0.08188337273443652,27,47,0.39972094523239643,0.789148936170212,68.60810810810811,74,60
448,448.0,0.5036799999999999,0.42244,0.44419999999999993,0.5191702127659574,0.4142127659574468,0.42327659574468074,0.006444457600000001,0.008330246400000001,0.008516399999999999,0.006644651878678136,0.008118337709370756,0.008148753282028067,0.6272978723404257,0.48272340425531907,0.349,0.12361787234042576,0.060283404255319084,0.09519999999999995,25,47,0.4278321874046558,0.8231914893617013,70.06944444444444,72,57
449,449.0,0.49829166666666663,0.42195833333333327,0.45208333333333334,0.5136122448979591,0.406469387755102,0.4268571428571429,0.0059871232638888895,0.008671539930555557,0.007317576388888888,0.007656523115368597,0.008199147022074136,0.008925061224489796,0.618,0.4613673469387755,0.35542857142857137,0.11970833333333336,0.039409013605442245,0.09665476190476197,24,49,0.507756523263423,0.7761224489795912,68.83561643835617,73,54
450,450.0,0.4866,0.41879999999999995,0.46208,0.5136122448979591,0.406469387755102,0.4268571428571429,0.00902832,0.008564080000000002,0.009423273599999999,0.007656523115368597,0.008199147022074136,0.008925061224489796,0.618,0.4613673469387755,0.35542857142857137,0.13140000000000002,0.04256734693877556,0.10665142857142862,25,49,0.521578356735663,0.7524489795918361,69.54054054054055,74,56
451,451.0,0.4866,0.41879999999999995,0.46208,0.5130816326530612,0.40597959183673465,0.42789795918367346,0.00902832,0.008564080000000002,0.009423273599999999,0.007571993336109955,0.00826206080799667,0.008808744689712619,0.6143877551020408,0.4562244897959183,0.3646734693877552,0.12778775510204082,0.037424489795918336,0.0974065306122448,25,49,0.5549973971988373,0.7695918367346932,69.06756756756756,74,51
452,452.0,0.4867916666666667,0.41195833333333337,0.4595833333333334,0.5122291666666667,0.40552083333333333,0.4292916666666666,0.009403581597222222,0.0077507065972222235,0.009660076388888888,0.007694134982638889,0.008423874565972224,0.008897081597222222,0.6154583333333333,0.4612708333333333,0.3648125,0.12866666666666665,0.049312499999999926,0.09477083333333342,24,48,0.5822300572888724,0.7737499999999994,69.55555555555556,72,52
453,453.0,0.48066666666666674,0.40625,0.46645833333333336,0.5122291666666667,0.40552083333333333,0.4292916666666666,0.011072388888888887,0.00827135416666667,0.010684164930555554,0.007694134982638889,0.008423874565972224,0.008897081597222222,0.6154583333333333,0.4612708333333333,0.3648125,0.1347916666666666,0.0550208333333333,0.10164583333333338,24,48,0.5411186078394022,0.812916666666666,70.15277777777777,72,51
454,454.0,0.48425,0.40874999999999995,0.46883333333333327,0.5133913043478259,0.39978260869565213,0.4322391304347827,0.0115134375,0.008988854166666668,0.010483972222222221,0.007746586011342158,0.00849960491493384,0.008643660207939507,0.6117826086956523,0.42602173913043473,0.37069565217391304,0.12753260869565225,0.017271739130434782,0.09813768115942023,24,46,0.5075139399913383,0.7986956521739121,68.71428571428571,70,55
455,455.0,0.48730434782608695,0.40752173913043477,0.4695652173913043,0.5133913043478259,0.39978260869565213,0.4322391304347827,0.01172360302457467,0.009626597353497168,0.010759637051039696,0.007746586011342158,0.00849960491493384,0.008643660207939507,0.6117826086956523,0.42602173913043473,0.37069565217391304,0.12447826086956532,0.01849999999999996,0.09886956521739126,23,46,0.569023384507075,0.8195652173913036,69.82608695652173,69,52
456,456.0,0.50604,0.42095999999999995,0.45896000000000003,0.5133913043478259,0.39978260869565213,0.4322391304347827,0.010896598400000002,0.011008118400000003,0.008725798399999998,0.007746586011342158,0.00849960491493384,0.008643660207939507,0.6117826086956523,0.42602173913043473,0.37069565217391304,0.10574260869565222,0.005061739130434784,0.088264347826087,25,46,0.6573630068861892,0.799130434782608,69.94366197183099,71,49
457,457.0,0.5088750000000001,0.41795833333333327,0.4625000000000001,0.5218837209302325,0.39813953488372095,0.43255813953488365,0.011149692708333334,0.011241539930555558,0.008776083333333332,0.008301870200108166,0.00762374797187669,0.00876089778258518,0.6060930232558139,0.416046511627907,0.3727209302325581,0.09721802325581386,0.0019118217054262532,0.08977906976744199,24,43,0.6205145663123887,0.8283720930232551,70.02985074626865,67,52
458,458.0,0.5044,0.42584000000000005,0.46892,0.5233863636363636,0.40079545454545457,0.433,0.00999872,0.010977174400000003,0.006721433599999998,0.008210282541322313,0.007753799070247935,0.008570181818181819,0.6065681818181818,0.42118181818181816,0.37499999999999994,0.10216818181818188,0.004658181818181895,0.09392000000000006,25,44,0.61239069598984,0.7988636363636357,71.46376811594203,69,54
459,459.0,0.501,0.4210384615384616,0.46903846153846157,0.5189130434782608,0.3971304347826088,0.4378478260869565,0.009903153846153846,0.011131344674556214,0.0064632677514792885,0.008474427221172021,0.007916200378071834,0.00886852032136106,0.5924782608695651,0.40315217391304353,0.38595652173913036,0.09147826086956512,0.01788628762541805,0.0830819397993312,26,46,0.569161349141006,0.7823913043478256,71.20833333333333,72,55
460,460.0,0.5009600000000001,0.4204,0.47648,0.5131914893617021,0.39855319148936186,0.44410638297872335,0.010291078400000002,0.009742960000000002,0.005929529599999999,0.008273005885015847,0.008065693979176098,0.0084775418741512,0.575,0.3907872340425532,0.38693617021276605,0.07403999999999988,0.029612765957446774,0.08954382978723396,25,47,0.5828592585307617,0.7631914893617017,67.79166666666667,72,52
461,461.0,0.5006400000000001,0.4052,0.4712800000000001,0.5133125000000001,0.39399999999999996,0.4406041666666667,0.0102384704,0.010405680000000002,0.006812281599999998,0.008101339843750001,0.008872041666666669,0.008877405815972223,0.5767916666666667,0.3826458333333333,0.388125,0.07615166666666662,0.02255416666666671,0.08315500000000009,25,48,0.5689070760173534,0.727916666666666,67.79452054794521,73,56
462,462.0,0.49870833333333336,0.3992916666666666,0.47020833333333334,0.5099555555555556,0.39353333333333335,0.4415555555555556,0.010571789930555554,0.009966539930555558,0.007067414930555555,0.008454709135802471,0.008842248888888888,0.009444780246913581,0.5671555555555556,0.36831111111111114,0.38595555555555544,0.06844722222222227,0.030980555555555456,0.0842527777777779,24,45,0.5757466843852844,0.7568888888888883,67.3768115942029,69,56
463,463.0,0.5114347826086957,0.4017391304347826,0.4601304347826086,0.5081136363636364,0.39463636363636356,0.44645454545454544,0.00714433270321361,0.010256105860113423,0.004937156899810963,0.008494191632231406,0.008988458677685952,0.008579429752066116,0.5601363636363638,0.35768181818181816,0.3947272727272727,0.048701581027668084,0.04405731225296444,0.06540316205533592,23,44,0.5869838181512186,0.8184090909090901,67.82089552238806,67,53
464,464.0,0.5114347826086957,0.4017391304347826,0.4601304347826086,0.5075813953488372,0.3921162790697675,0.44818604651162786,0.00714433270321361,0.010256105860113423,0.004937156899810963,0.008679266630611143,0.008918056246619795,0.008647035154137372,0.5592558139534884,0.34948837209302325,0.3923720930232558,0.047821031344792764,0.05225075834175935,0.0677583417593528,23,43,0.5525831085597167,0.8897674418604644,68.5909090909091,66,52
465,465.0,0.5162916666666667,0.3957916666666667,0.4562083333333333,0.5119772727272728,0.39122727272727276,0.4460227272727273,0.007389206597222223,0.010642331597222226,0.005085248263888889,0.009312931301652895,0.00874935743801653,0.008651749483471076,0.5617500000000001,0.34159090909090906,0.3935681818181818,0.04545833333333338,0.05420075757575765,0.06264015151515151,24,44,0.5611747990112059,0.8747727272727265,69.5,68,52
466,466.0,0.5190869565217391,0.3973913043478261,0.45965217391304336,0.5119772727272728,0.39122727272727276,0.4460227272727273,0.007522948960302459,0.011043629489603024,0.005021705103969753,0.009312931301652895,0.00874935743801653,0.008651749483471076,0.5617500000000001,0.34159090909090906,0.3935681818181818,0.042663043478261,0.055800395256917046,0.06608399209486154,23,44,0.5506094263265111,0.9256818181818176,70.58208955223881,67,51
467,467.0,0.5224347826086956,0.3904347826086957,0.4607391304347826,0.5108139534883721,0.39262790697674427,0.44653488372093025,0.007661810964083174,0.012600680529300572,0.004959323251417768,0.009477128177393185,0.009248280151433209,0.008887923201730664,0.5558372093023256,0.3293023255813954,0.40437209302325583,0.03340242669363003,0.0611324570273003,0.056367037411526766,23,43,0.6152241137730298,0.9439534883720923,69.84848484848484,66,46
468,468.0,0.5165,0.38086363636363635,0.4626363636363637,0.5118372093023256,0.3867441860465116,0.4470232558139536,0.007199977272727271,0.011066481404958679,0.005101958677685949,0.00962176419686317,0.009297539210383992,0.00894234829637642,0.557953488372093,0.3145116279069768,0.40383720930232564,0.04145348837209306,0.06635200845665956,0.05879915433403804,22,43,0.6464835310141998,0.9430232558139527,69.4,65,48
469,469.0,0.5188695652173912,0.3872608695652174,0.45926086956521744,0.5118372093023256,0.3867441860465116,0.4470232558139536,0.007010461247637051,0.01148567107750473,0.005130801512287333,0.00962176419686317,0.009297539210383992,0.00894234829637642,0.557953488372093,0.3145116279069768,0.40383720930232564,0.03908392315470177,0.0727492416582406,0.055423660262891805,23,43,0.6169221713591534,0.9332558139534878,70.39393939393939,66,51
470,470.0,0.5153913043478261,0.3894347826086957,0.46260869565217394,0.5118372093023256,0.3867441860465116,0.4470232558139536,0.010589455576559548,0.01122537618147448,0.0065565860113421534,0.00962176419686317,0.009297539210383992,0.00894234829637642,0.557953488372093,0.3145116279069768,0.40383720930232564,0.042562184024266925,0.0749231547017189,0.0587714863498483,23,43,0.6473520850270028,0.9072093023255807,69.37878787878788,66,52
471,471.0,0.5213043478260869,0.3838260869565217,0.4564347826086957,0.5116585365853659,0.3870243902439024,0.45002439024390256,0.010289689981096407,0.011855013232514183,0.0073038979206049145,0.010053541939321833,0.009675194527067225,0.008440901844140394,0.5404634146341464,0.296390243902439,0.4086829268292683,0.019159066808059455,0.0874358430540827,0.047751855779427366,23,41,0.5707139883998441,0.8734146341463407,68.46875,64,56
472,472.0,0.5185454545454546,0.38286363636363635,0.45968181818181814,0.5116585365853659,0.3870243902439024,0.45002439024390256,0.010582338842975205,0.012372572314049589,0.007393398760330577,0.010053541939321833,0.009675194527067225,0.008440901844140394,0.5404634146341464,0.296390243902439,0.4086829268292683,0.021917960088691735,0.08647339246119734,0.05099889135254981,22,41,0.561899219851277,0.9019512195121944,69.61904761904762,63,57
473,473.0,0.5165,0.3718181818181819,0.45645454545454545,0.5116585365853659,0.3870243902439024,0.45002439024390256,0.010492431818181821,0.010977330578512396,0.00735188429752066,0.010053541939321833,0.009675194527067225,0.008440901844140394,0.5404634146341464,0.296390243902439,0.4086829268292683,0.023963414634146418,0.07542793791574287,0.047771618625277124,22,41,0.537920922902508,0.9058536585365845,70.44444444444444,63,60
474,474.0,0.52144,0.35912000000000005,0.45624,0.5116585365853659,0.3870243902439024,0.45002439024390256,0.0094610464,0.013356745600000003,0.006523942399999999,0.010053541939321833,0.009675194527067225,0.008440901844140394,0.5404634146341464,0.296390243902439,0.4086829268292683,0.019023414634146363,0.06272975609756104,0.047557073170731656,25,41,0.5481043891145775,0.8999999999999992,69.3030303030303,66,59
475,475.0,0.535076923076923,0.36626923076923074,0.45353846153846156,0.5115238095238096,0.3836190476190476,0.44938095238095244,0.006865917159763313,0.013096119822485208,0.005408710059171597,0.009814916099773242,0.009920283446712018,0.008256902494331066,0.5441904761904762,0.2907142857142857,0.41121428571428575,0.009113553113553219,0.07555494505494503,0.0423241758241758,26,42,0.5407483152610133,0.8573809523809515,69.17647058823529,68,62
476,476.0,0.53704,0.36560000000000004,0.45508000000000004,0.5115238095238096,0.3836190476190476,0.44938095238095244,0.0067439584000000006,0.013666000000000003,0.005508153599999999,0.009814916099773242,0.009920283446712018,0.008256902494331066,0.5441904761904762,0.2907142857142857,0.41121428571428575,0.007150476190476263,0.07488571428571433,0.043865714285714286,25,42,0.5080651143666329,0.8792857142857136,68.29850746268657,67,62
477,477.0,0.5373461538461538,0.3711153846153845,0.45461538461538464,0.5120909090909092,0.37959090909090903,0.44629545454545466,0.0066753801775147935,0.012254717455621305,0.0057401597633136075,0.009631219008264464,0.0098108326446281,0.008118435433884297,0.5445227272727273,0.29177272727272724,0.40652272727272726,0.007176573426573518,0.07934265734265727,0.048092657342657386,26,44,0.47691230862770667,0.867045454545454,68.11428571428571,70,62
478,478.0,0.54064,0.36144000000000004,0.45144000000000006,0.5098444444444445,0.3794666666666666,0.4466444444444445,0.0066603104,0.012548246400000001,0.0052640863999999996,0.009639242469135804,0.009593493333333335,0.007943384691358026,0.5387333333333334,0.28528888888888887,0.41026666666666667,0.0019066666666666121,0.07615111111111117,0.041173333333333395,25,45,0.4766568635432658,0.8853333333333326,67.32857142857142,70,60
479,479.0,0.5431304347826087,0.3516956521739131,0.45191304347826095,0.5098444444444445,0.3794666666666666,0.4466444444444445,0.007142374291115312,0.012272472589792064,0.005710340264650285,0.009639242469135804,0.009593493333333335,0.007943384691358026,0.5387333333333334,0.28528888888888887,0.41026666666666667,0.004397101449275298,0.0664067632850242,0.04164637681159428,23,45,0.43728515725847017,0.9053333333333328,67.98529411764706,68,62
480,480.0,0.5490454545454546,0.3445,0.4433181818181819,0.5098444444444445,0.3794666666666666,0.4466444444444445,0.006757225206611569,0.011120159090909092,0.005321489669421486,0.009639242469135804,0.009593493333333335,0.007943384691358026,0.5387333333333334,0.28528888888888887,0.41026666666666667,0.010312121212121217,0.0592111111111111,0.03305151515151522,22,45,0.47921850766730417,0.9164444444444437,67.70149253731343,67,62
481,481.0,0.5483913043478261,0.34395652173913044,0.44191304347826094,0.5082954545454546,0.3826136363636363,0.44947727272727267,0.006472846880907373,0.010643172022684309,0.005133557655954631,0.009750344524793387,0.009365873450413224,0.007762794938016529,0.5349090909090909,0.29159090909090907,0.4087045454545455,0.013482213438735235,0.05236561264822137,0.03320849802371545,23,44,0.43529525674376657,0.926590909090908,68.0,67,66
482,482.0,0.5499565217391305,0.3545652173913043,0.4439130434782608,0.5082954545454546,0.3826136363636363,0.44947727272727267,0.006566215500945179,0.011465115311909264,0.004765905482041587,0.009750344524793387,0.009365873450413224,0.007762794938016529,0.5349090909090909,0.29159090909090907,0.4087045454545455,0.015047430830039565,0.06297430830039524,0.03520849802371534,23,44,0.4334883005563546,0.9161363636363629,68.53731343283582,67,69
483,483.0,0.5648636363636363,0.3548181818181818,0.4352727272727273,0.5082954545454546,0.3826136363636363,0.44947727272727267,0.0017535723140495855,0.01198478512396694,0.003265471074380166,0.009750344524793387,0.009365873450413224,0.007762794938016529,0.5349090909090909,0.29159090909090907,0.4087045454545455,0.029954545454545456,0.06322727272727274,0.026568181818181824,22,44,0.46352994828497507,0.9102272727272719,70.24242424242425,66,71
484,484.0,0.5641904761904762,0.36214285714285716,0.4405714285714286,0.5089069767441861,0.38765116279069767,0.44941860465116285,0.0018271065759637181,0.011375170068027213,0.002803292517006802,0.009960642509464573,0.008467110870740943,0.00794317360735533,0.5298139534883721,0.2983720930232558,0.4086046511627907,0.03437652270210412,0.06377076411960136,0.0319667774086379,21,43,0.47630050113942607,1.0072093023255806,70.328125,64,67
485,485.0,0.5643157894736843,0.3588421052631579,0.43742105263157893,0.5042325581395349,0.3887906976744186,0.44976744186046513,0.0017965318559556777,0.011873922437673132,0.0028128753462603865,0.010232411032990807,0.008586258518117902,0.007919387777176852,0.5214651162790698,0.29348837209302325,0.41718604651162783,0.04285067319461455,0.06535373317013465,0.020235006119951104,19,43,0.5876329619591288,0.9941860465116272,69.0,62,68
486,486.0,0.5643157894736843,0.3588421052631579,0.43742105263157893,0.5048913043478261,0.38239130434782614,0.44928260869565223,0.0017965318559556777,0.011873922437673132,0.0028128753462603865,0.009641575141776939,0.009753803402646507,0.0075037679584121,0.536304347826087,0.297195652173913,0.41793478260869554,0.02801144164759728,0.06164645308924488,0.01948627002288339,19,46,0.5341040071681613,0.9293478260869559,68.46153846153847,65,72
487,487.0,0.5615,0.3616111111111111,0.4328888888888889,0.5111555555555556,0.3810444444444446,0.4429333333333333,0.0017456944444444432,0.012387904320987655,0.0025788765432098754,0.008554753580246915,0.009877153580246914,0.0067179733333333335,0.5447111111111111,0.3022,0.41328888888888876,0.016788888888888853,0.05941111111111108,0.019600000000000117,18,45,0.49740714796441626,0.9295555555555552,68.14285714285714,63,77
488,488.0,0.5615,0.3616111111111111,0.4328888888888889,0.5014186046511628,0.3796744186046512,0.4450697674418606,0.0017456944444444432,0.012387904320987655,0.0025788765432098754,0.00827712709572742,0.009415196322336401,0.008083599783666849,0.532674418604651,0.28244186046511627,0.40844186046511627,0.028825581395348965,0.07916925064599484,0.02444702842377261,18,43,0.43297326606391057,0.9402325581395344,67.29508196721312,61,80
489,489.0,0.561,0.35835294117647054,0.43158823529411766,0.5003333333333334,0.38059523809523815,0.4459761904761905,0.0018438823529411757,0.012925522491349482,0.0027001245674740473,0.008423555555555556,0.009602907596371883,0.008240737528344672,0.5315,0.28300000000000003,0.41278571428571426,0.02950000000000008,0.07535294117647051,0.018802521008403406,17,42,0.4601260018516551,0.9814285714285708,68.76271186440678,59,81
490,490.0,0.561,0.35835294117647054,0.43158823529411766,0.5003333333333334,0.38059523809523815,0.4459761904761905,0.0018438823529411757,0.012925522491349482,0.0027001245674740473,0.008423555555555556,0.009602907596371883,0.008240737528344672,0.5315,0.28300000000000003,0.41278571428571426,0.02950000000000008,0.07535294117647051,0.018802521008403406,17,42,0.5217138061585262,1.012857142857142,69.76271186440678,59,79
491,491.0,0.5650555555555555,0.37083333333333335,0.4263888888888889,0.5003333333333334,0.38059523809523815,0.4459761904761905,0.003891052469135801,0.009443361111111112,0.0024490154320987645,0.008423555555555556,0.009602907596371883,0.008240737528344672,0.5315,0.28300000000000003,0.41278571428571426,0.03355555555555556,0.08783333333333332,0.013603174603174617,18,42,0.5747318928179201,1.01095238095238,70.33333333333333,60,79
492,492.0,0.5678333333333332,0.3813333333333333,0.4296111111111111,0.503,0.3843409090909091,0.4442500000000001,0.0040519166666666655,0.008219333333333335,0.0025594598765432087,0.008192909090909091,0.009483042871900826,0.007966960227272729,0.5516590909090909,0.30713636363636365,0.39545454545454545,0.016174242424242258,0.07419696969696965,0.03415656565656566,18,44,0.5242714488051597,0.9472727272727265,70.09677419354838,62,83
493,493.0,0.5597,0.3871,0.4321499999999999,0.5000227272727272,0.3838863636363637,0.44763636363636367,0.00462031,0.007799090000000002,0.0029391274999999994,0.008002431301652894,0.009576782541322316,0.008228095041322317,0.5415454545454546,0.3013181818181818,0.40222727272727266,0.018154545454545423,0.08578181818181818,0.029922727272727268,20,44,0.5086804547713557,0.974318181818181,69.296875,64,79
494,494.0,0.5583684210526316,0.39631578947368423,0.43215789473684213,0.5002888888888889,0.3817777777777778,0.4435333333333334,0.004828022160664819,0.006510952908587259,0.003093817174515235,0.007901672098765434,0.009847995061728397,0.008253182222222221,0.5358,0.2975777777777777,0.4079777777777777,0.02256842105263157,0.09873801169590651,0.024180116959064413,19,45,0.5421661692893138,0.9764444444444438,70.421875,64,79
495,495.0,0.5642222222222223,0.39399999999999996,0.4238333333333333,0.49941860465116283,0.38139534883720927,0.4439767441860466,0.004445172839506172,0.006770777777777779,0.0019490277777777776,0.008243034072471607,0.009404099513250407,0.008623511087074095,0.542953488372093,0.2894418604651162,0.4033720930232558,0.021268733850129284,0.10455813953488374,0.02046124031007751,18,43,0.5327067516287995,1.0155813953488366,69.78688524590164,61,77
496,496.0,0.5663,0.4061,0.4242,0.49941860465116283,0.38139534883720927,0.4439767441860466,0.004162009999999999,0.007414990000000001,0.00182556,0.008243034072471607,0.009404099513250407,0.008623511087074095,0.542953488372093,0.2894418604651162,0.4033720930232558,0.02334651162790702,0.1166581395348838,0.020827906976744248,20,43,0.5237789231378656,1.0011627906976734,69.14285714285714,63,79
497,497.0,0.5615714285714286,0.4048095238095238,0.4291904761904762,0.4982325581395349,0.38186046511627914,0.4491162790697675,0.004411006802721086,0.007095201814058959,0.0022367256235827663,0.007645666846944294,0.009595654948620878,0.008167172525689563,0.548,0.3131395348837209,0.40709302325581387,0.013571428571428568,0.09166998892580286,0.02209745293466231,21,43,0.48080166071108926,0.9516279069767434,65.953125,64,81
498,498.0,0.5530869565217392,0.39739130434782605,0.4359130434782609,0.4982325581395349,0.38186046511627914,0.4491162790697675,0.0052093837429111525,0.007178325141776937,0.002626340264650284,0.007645666846944294,0.009595654948620878,0.008167172525689563,0.548,0.3131395348837209,0.40709302325581387,0.005086956521739183,0.08425176946410512,0.028820020222447007,23,43,0.47009007224541954,0.960465116279069,66.84848484848484,66,81
499,499.0,0.5550454545454545,0.39718181818181814,0.439,0.4929767441860464,0.3838139534883721,0.45137209302325587,0.005357952479338842,0.007503603305785125,0.002526545454545455,0.008314255273120607,0.00940875608436993,0.008375861546782045,0.534046511627907,0.314953488372093,0.40913953488372085,0.02099894291754756,0.08222832980972511,0.029860465116279156,22,43,0.4261497259151865,0.985116279069767,68.0,65,83
500,500.0,0.5515714285714286,0.4075238095238095,0.4409047619047619,0.48804444444444445,0.3853111111111111,0.4516888888888889,0.005347578231292517,0.005507868480725626,0.0025670385487528346,0.008261064691358025,0.009452569876543212,0.00836656987654321,0.5134888888888889,0.3050222222222222,0.41662222222222234,0.03808253968253972,0.10250158730158732,0.024282539682539572,21,45,0.39056393039617693,0.9102222222222215,66.95454545454545,66,88
501,501.0,0.5393809523809525,0.3999047619047619,0.445047619047619,0.48804444444444445,0.3853111111111111,0.4516888888888889,0.004115759637188208,0.006493990929705216,0.0025382358276643995,0.008261064691358025,0.009452569876543212,0.00836656987654321,0.5134888888888889,0.3050222222222222,0.41662222222222234,0.025892063492063633,0.09488253968253968,0.028425396825396687,21,45,0.41676108780381604,0.9213333333333327,66.96969696969697,66,88
502,502.0,0.528304347826087,0.3952173913043478,0.43647826086956526,0.4920227272727272,0.38552272727272724,0.4474545454545456,0.00470838563327032,0.006472344045368622,0.003267553875236295,0.007736613119834712,0.009665385847107438,0.00774988429752066,0.5207727272727273,0.31195454545454543,0.411409090909091,0.0075316205533597635,0.08326284584980237,0.025069169960474258,23,44,0.4659330062278758,0.880227272727272,67.68656716417911,67,91
503,503.0,0.528304347826087,0.3952173913043478,0.43647826086956526,0.48979069767441863,0.38251162790697674,0.44734883720930235,0.00470838563327032,0.006472344045368622,0.003267553875236295,0.007697328285559762,0.009491226608977827,0.007929622498647919,0.5183023255813954,0.30427906976744185,0.40997674418604646,0.0100020222446916,0.09093832153690595,0.0265015166835188,23,43,0.4099961860501773,0.8562790697674407,67.89393939393939,66,97
504,504.0,0.528304347826087,0.3952173913043478,0.43647826086956526,0.49115909090909093,0.38379545454545455,0.4470227272727273,0.00470838563327032,0.006472344045368622,0.003267553875236295,0.007602906508264465,0.009346389979338844,0.007753976756198347,0.510159090909091,0.2978409090909091,0.41390909090909084,0.01814525691699609,0.0973764822134387,0.022569169960474422,23,44,0.4344941484811744,0.8579545454545445,68.05970149253731,67,96
505,505.0,0.52625,0.3895,0.436375,0.48862222222222224,0.38584444444444443,0.4471111111111111,0.004609270833333332,0.0069545,0.003131651041666667,0.007717123950617285,0.009323420246913579,0.00758200987654321,0.5162666666666668,0.3127777777777778,0.40731111111111107,0.009983333333333233,0.07672222222222219,0.029063888888888945,24,45,0.4273674396241643,0.8764444444444435,69.14492753623189,69,94
506,506.0,0.52625,0.3895,0.436375,0.48682222222222216,0.38444444444444437,0.44775555555555563,0.004609270833333332,0.0069545,0.003131651041666667,0.007635123950617285,0.009255224691358026,0.007587251358024692,0.5000444444444444,0.29542222222222225,0.419,0.026205555555555593,0.09407777777777776,0.01737500000000003,24,45,0.40693135321438295,0.8777777777777769,68.91304347826087,69,94
507,507.0,0.5239090909090908,0.3917272727272728,0.4324545454545454,0.48577272727272724,0.3815454545454546,0.4489545454545455,0.0043057190082644616,0.007509380165289258,0.003009157024793388,0.006906811983471075,0.009608338842975208,0.007668816115702481,0.4974772727272727,0.2792045454545455,0.43170454545454534,0.026431818181818056,0.11252272727272733,0.0007500000000000839,22,44,0.3767853680027466,0.866818181818181,67.62121212121212,66,97
508,508.0,0.5239090909090908,0.3917272727272728,0.4324545454545454,0.48860465116279067,0.3821162790697675,0.4458837209302326,0.0043057190082644616,0.007509380165289258,0.003009157024793388,0.006830146024878312,0.009756521362898863,0.007648800432666305,0.4973488372093024,0.26969767441860465,0.437046511627907,0.026560253699788372,0.12202959830866816,0.00459196617336155,22,43,0.3823513551486535,0.8365116279069761,66.41538461538461,65,98
509,509.0,0.5205238095238096,0.3771428571428571,0.435,0.49097727272727276,0.38406818181818186,0.441840909090909,0.004366058956916098,0.00686269387755102,0.003009904761904762,0.007012885847107439,0.009983608987603308,0.0079782701446281,0.5066363636363637,0.28020454545454543,0.4254772727272727,0.013887445887445948,0.09693831168831168,0.009522727272727294,21,44,0.4085483539526177,0.8263636363636359,65.98461538461538,65,97
510,510.0,0.5205238095238096,0.3771428571428571,0.435,0.4899090909090909,0.37831818181818183,0.44522727272727264,0.004366058956916098,0.00686269387755102,0.003009904761904762,0.006944400826446281,0.010509080578512398,0.007957721074380166,0.4973863636363637,0.26109090909090904,0.43454545454545457,0.02313744588744593,0.11605194805194807,0.0004545454545454297,21,44,0.41720531275484773,0.8149999999999994,65.33846153846154,65,98
511,511.0,0.5205238095238096,0.3771428571428571,0.435,0.48607142857142854,0.38202380952380954,0.446952380952381,0.004366058956916098,0.00686269387755102,0.003009904761904762,0.006611066326530612,0.010443118480725624,0.008258997732426302,0.48623809523809525,0.27283333333333326,0.4322142857142858,0.034285714285714364,0.10430952380952385,0.0027857142857142247,21,42,0.48062417631898235,0.851904761904761,65.0952380952381,63,96
512,512.0,0.5177999999999999,0.38130000000000003,0.4331499999999999,0.4835581395348837,0.3815348837209303,0.44788372093023254,0.00442856,0.006842910000000002,0.0030885275000000004,0.006722618712817739,0.010210295294753922,0.008103358572201189,0.4792790697674419,0.26648837209302323,0.4342325581395349,0.03852093023255804,0.1148116279069768,0.0010825581395349504,20,43,0.46023744140797784,0.8779069767441854,64.52380952380952,63,95
513,513.0,0.5168,0.38445000000000007,0.43715000000000004,0.4872391304347826,0.38228260869565217,0.4479782608695652,0.004369159999999999,0.0073634475,0.0030553275000000006,0.007130051512287334,0.009746289697542536,0.007601803875236294,0.47106521739130436,0.26397826086956516,0.44447826086956527,0.04573478260869568,0.12047173913043491,0.0073282608695652285,20,46,0.4992417227984597,0.8213043478260862,63.92424242424242,66,95
514,514.0,0.5081904761904762,0.38152380952380954,0.44095238095238093,0.48574468085106387,0.38272340425531914,0.44987234042553187,0.0056435827664399075,0.0071840589569161,0.0031989977324263044,0.007081083748302399,0.009547859665006792,0.00760509008601177,0.4623617021276596,0.26034042553191483,0.44844680851063834,0.0458287740628166,0.12118338399189471,0.0074944275582574105,21,47,0.520065139212101,0.8380851063829782,64.6029411764706,68,92
515,515.0,0.5081904761904762,0.38152380952380954,0.44095238095238093,0.4834222222222223,0.38457777777777774,0.4496444444444444,0.0056435827664399075,0.0071840589569161,0.0031989977324263044,0.00726459950617284,0.009562688395061728,0.007867162469135805,0.4635555555555556,0.2719111111111111,0.4452,0.04463492063492058,0.10961269841269844,0.004247619047619056,21,45,0.5359038087125848,0.9106666666666661,64.6969696969697,66,88
516,516.0,0.5041428571428572,0.37952380952380954,0.44004761904761897,0.4834318181818182,0.38081818181818183,0.4486363636363636,0.005762312925170068,0.007462154195011339,0.0032695691609977338,0.007429699896694216,0.009143966942148762,0.00800023140495868,0.46236363636363637,0.26952272727272725,0.4454545454545455,0.04177922077922086,0.1100010822510823,0.005406926406926527,21,44,0.53868723035567,0.9224999999999991,65.0,65,89
517,517.0,0.5024500000000001,0.37770000000000004,0.44089999999999996,0.4801818181818181,0.37890909090909103,0.4473863636363637,0.0059902474999999995,0.00776541,0.0034177899999999995,0.00695455785123967,0.008706764462809918,0.006921191632231405,0.43775,0.2556818181818182,0.44493181818181815,0.06470000000000009,0.12201818181818186,0.004031818181818192,20,44,0.4784735756194979,0.8820454545454539,65.4375,64,92
518,518.0,0.5032,0.3738,0.43600000000000005,0.48122222222222216,0.3789777777777779,0.4471333333333334,0.006003259999999998,0.0077088600000000005,0.0037162000000000015,0.00684763950617284,0.008513488395061728,0.006770204444444445,0.4381555555555555,0.25677777777777777,0.44419999999999993,0.06504444444444446,0.11702222222222225,0.008199999999999874,20,45,0.4603029112777923,0.8888888888888884,65.15384615384616,65,92
519,519.0,0.5035714285714286,0.3737142857142858,0.4362380952380953,0.48524999999999996,0.3789318181818182,0.4464318181818181,0.005720149659863945,0.007341918367346939,0.0035403718820861685,0.006890142045454545,0.008735245351239668,0.006829381714876035,0.44724999999999987,0.2641363636363636,0.43984090909090906,0.05632142857142869,0.10957792207792216,0.0036028138528137466,21,44,0.5546710664268901,0.8456818181818178,62.83076923076923,65,91
520,520.0,0.5048571428571428,0.37838095238095243,0.4308095238095239,0.485,0.3789777777777778,0.44871111111111106,0.005831455782312925,0.006921473922902496,0.002981487528344672,0.006739777777777778,0.008541221728395063,0.006906205432098767,0.43888888888888883,0.2598888888888889,0.4440222222222222,0.06596825396825395,0.11849206349206354,0.013212698412698287,21,45,0.5272261210141812,0.8755555555555548,63.0,66,90
521,521.0,0.5011363636363636,0.3729090909090909,0.43381818181818194,0.48300000000000004,0.3806888888888889,0.4474888888888888,0.005857117768595041,0.007235628099173556,0.0030360578512396703,0.006759777777777778,0.008581147654320989,0.006858783209876545,0.4248888888888889,0.2612888888888889,0.44157777777777774,0.07624747474747468,0.11162020202020201,0.0077595959595958,22,45,0.4981167608695559,0.8762222222222216,63.37313432835821,67,90
522,522.0,0.5000476190476191,0.37633333333333335,0.43614285714285717,0.4808260869565218,0.37871739130434784,0.449195652173913,0.006109950113378685,0.007322222222222225,0.003061741496598639,0.006825491493383745,0.008569507088846882,0.006840766068052932,0.4216521739130435,0.2556086956521739,0.44469565217391305,0.07839544513457558,0.12072463768115943,0.008552795031055882,21,46,0.5000719898755319,0.901739130434782,64.28358208955224,67,87
523,523.0,0.5000476190476191,0.37633333333333335,0.43614285714285717,0.4808260869565218,0.37871739130434784,0.449195652173913,0.006109950113378685,0.007322222222222225,0.003061741496598639,0.006825491493383745,0.008569507088846882,0.006840766068052932,0.4216521739130435,0.2556086956521739,0.44469565217391305,0.07839544513457558,0.12072463768115943,0.008552795031055882,21,46,0.4923155572894769,0.9071739130434776,65.28358208955224,67,86
524,524.0,0.49309523809523814,0.3709047619047619,0.44038095238095243,0.48389583333333336,0.3826875,0.44693750000000004,0.006395990929705215,0.00795865759637188,0.003275664399092971,0.007522843315972222,0.008652006510416666,0.00700305859375,0.42364583333333333,0.2643125,0.43702083333333325,0.06944940476190481,0.1065922619047619,0.003360119047619181,21,48,0.5051325320205008,0.874791666666666,65.18840579710145,69,87
525,525.0,0.4889473684210527,0.3694736842105263,0.44163157894736843,0.48419148936170225,0.38065957446808507,0.4487234042553192,0.006450681440443213,0.0071169861495844885,0.0032913905817174515,0.00767870801267542,0.008638692621095519,0.006998966047985515,0.4221276595744682,0.26278723404255316,0.4365744680851064,0.0668197088465845,0.10668645016797312,0.005057110862262015,19,47,0.4721318879234559,0.9382978723404248,66.63636363636364,66,87
526,526.0,0.48885000000000006,0.36755,0.43755,0.4851956521739132,0.37886956521739135,0.44608695652173913,0.006128327500000001,0.0068314475,0.0034433475000000004,0.007851461720226842,0.009183896030245746,0.005914253308128543,0.4285,0.2546086956521739,0.4260217391304348,0.06035000000000007,0.11294130434782607,0.01152826086956521,20,46,0.5160579927971056,0.9293478260869561,65.0,66,85
527,527.0,0.4862857142857144,0.36604761904761907,0.44014285714285706,0.48372340425531923,0.37591489361702124,0.4415531914893616,0.005968013605442178,0.0065512834467120196,0.0034138367346938777,0.007671774558623811,0.008811014033499322,0.006433183340878226,0.4172765957446808,0.23238297872340427,0.43076595744680857,0.06900911854103359,0.1336646403242148,0.00937689969604849,21,47,0.6008576432575099,0.8999999999999995,64.3529411764706,68,81
528,528.0,0.47170833333333334,0.35912499999999997,0.4479166666666667,0.4840217391304349,0.3763478260869565,0.4398478260869564,0.007155706597222221,0.006529276041666667,0.004196826388888889,0.007834369092627599,0.008993748582230622,0.006436346408317581,0.4227826086956522,0.23743478260869563,0.42978260869565216,0.048925724637681134,0.12169021739130434,0.018134057971014528,24,46,0.647717538077362,0.9110869565217388,65.34285714285714,70,75
529,529.0,0.4738260869565219,0.3635217391304348,0.4457826086956521,0.4820000000000001,0.37689361702127655,0.43682978723404237,0.007359187145557655,0.006349206049149339,0.004269996219281663,0.007855702127659575,0.008816095065640562,0.0067183965595292,0.4236808510638298,0.23476595744680848,0.4238297872340425,0.0501452358926921,0.1287557816836263,0.021952821461609595,23,47,0.6133748226130763,0.9512765957446803,66.75714285714285,70,74
530,530.0,0.4738260869565219,0.3635217391304348,0.4457826086956521,0.4874255319148937,0.37357446808510636,0.4346382978723404,0.007359187145557655,0.006349206049149339,0.004269996219281663,0.007441052965142597,0.009322159348121323,0.006465209597102761,0.43710638297872334,0.23310638297872338,0.42317021276595745,0.03671970397779856,0.1304153561517114,0.022612395929694662,23,47,0.6387726541269546,0.9810638297872334,67.21428571428571,70,69
531,531.0,0.4720416666666667,0.36012500000000003,0.44225,0.49051020408163265,0.37659183673469393,0.43269387755102034,0.007125789930555556,0.006350026041666668,0.0043791041666666666,0.007549678467305288,0.009543629321116204,0.0063221715951686805,0.4395714285714285,0.23675510204081632,0.432,0.03247023809523819,0.12336989795918371,0.010249999999999981,24,49,0.6177467154057983,1.0012244897959177,67.15068493150685,73,64
532,532.0,0.4728461538461538,0.3601153846153846,0.4267307692307692,0.4896274509803922,0.3729607843137255,0.43019607843137253,0.006961591715976332,0.0060201020710059176,0.005330273668639053,0.007280390618992696,0.009495567089580931,0.006227098808150713,0.4411960784313725,0.23215686274509803,0.43192156862745096,0.03165007541478132,0.12795852187028658,0.005190799396681767,26,51,0.6668904888064553,0.9372549019607836,67.0909090909091,77,63
533,533.0,0.4758518518518518,0.36266666666666664,0.4258518518518518,0.4894901960784314,0.36999999999999994,0.432313725490196,0.006938644718792865,0.005966370370370371,0.005152941015089163,0.0072993479430988085,0.009282274509803923,0.006162489811610918,0.4373137254901961,0.2280588235294118,0.43980392156862746,0.03853812636165571,0.13460784313725482,0.01395206971677565,27,51,0.6468706045682681,0.9013725490196074,66.7948717948718,78,65
534,534.0,0.4725862068965517,0.35510344827586204,0.4204827586206897,0.48857692307692313,0.3711346153846153,0.43294230769230757,0.0069569322235434015,0.006264023781212841,0.0053293531510107016,0.007201513313609466,0.009169424186390534,0.006064131286982249,0.4317692307692308,0.22617307692307698,0.44259615384615386,0.04081697612732088,0.12893037135278507,0.022113395225464183,29,52,0.6307300247562028,0.8361538461538457,66.9753086419753,81,69
535,535.0,0.4626666666666666,0.35200000000000004,0.4138666666666666,0.4884150943396227,0.3710377358490565,0.4329622641509433,0.007469222222222222,0.006138266666666668,0.005274448888888889,0.007066997508009968,0.008996904236383056,0.005949734425062301,0.43403773584905664,0.2272641509433963,0.44158490566037734,0.028628930817609977,0.12473584905660373,0.02771823899371073,30,53,0.6794459137933231,0.8613207547169804,67.28915662650603,83,61
536,536.0,0.4587586206896551,0.3545862068965517,0.41855172413793096,0.48796226415094346,0.37354716981132075,0.42924528301886794,0.008398458977407848,0.00615734601664685,0.005953557669441143,0.007156828764684941,0.008837342114631542,0.005500751156995373,0.43301886792452826,0.22662264150943398,0.4396792452830188,0.025739752765126855,0.1279635653871177,0.02112752114508787,29,53,0.69062626269745,0.8828301886792447,67.42682926829268,82,57
537,537.0,0.4671333333333333,0.35669999999999996,0.41913333333333325,0.4875192307692308,0.37863461538461546,0.4243461538461539,0.01015244888888889,0.006081676666666667,0.005764915555555555,0.007716672707100592,0.007928385724852074,0.005063726331360948,0.4389807692307692,0.24165384615384614,0.42353846153846153,0.028152564102564115,0.11504615384615383,0.004405128205128284,30,52,0.628296147329283,0.8638461538461534,65.76829268292683,82,61
538,538.0,0.46690000000000004,0.3475,0.41986666666666667,0.4875192307692308,0.37863461538461546,0.4243461538461539,0.010154089999999998,0.006782716666666668,0.005718715555555556,0.007716672707100592,0.007928385724852074,0.005063726331360948,0.4389807692307692,0.24165384615384614,0.42353846153846153,0.027919230769230863,0.10584615384615384,0.0036717948717948645,30,52,0.6180644578396663,0.8776923076923071,65.71951219512195,82,60
539,539.0,0.46950000000000003,0.3501333333333333,0.42019999999999996,0.4875192307692308,0.37863461538461546,0.4243461538461539,0.00960185,0.00644924888888889,0.005702693333333334,0.007716672707100592,0.007928385724852074,0.005063726331360948,0.4389807692307692,0.24165384615384614,0.42353846153846153,0.030519230769230854,0.10847948717948716,0.003338461538461568,30,52,0.6040123645501205,0.8723076923076916,66.60975609756098,82,62
540,540.0,0.4709375,0.34721874999999996,0.4205625,0.48916981132075477,0.38132075471698124,0.4229433962264152,0.01035587109375,0.006183358398437501,0.005645808593750001,0.007712744749021004,0.008153991456034177,0.0050705062299750804,0.44673584905660374,0.25171698113207547,0.4155471698113208,0.02420165094339627,0.0955017688679245,0.005015330188679223,32,53,0.5941332036170255,0.8684905660377351,66.24705882352941,85,59
541,541.0,0.4666578947368421,0.3611578947368421,0.4210789473684211,0.4930961538461538,0.3822884615384616,0.42259615384615395,0.009900646121883655,0.008158185595567866,0.005482072714681441,0.008119048446745563,0.008145166789940829,0.005160240754437871,0.4591153846153846,0.2664230769230769,0.4213653846153846,0.007542510121457513,0.09473481781376525,0.00028643724696347794,38,52,0.5740924437458962,0.8078846153846146,64.52222222222223,90,60
542,542.0,0.47255,0.3671749999999999,0.42227499999999996,0.501156862745098,0.38864705882352935,0.4168039215686275,0.0101117475,0.008441794375,0.005247949375000001,0.008596171472510574,0.009026659746251444,0.005423177239523261,0.4911960784313726,0.29082352941176465,0.40184313725490195,0.01864607843137256,0.07635147058823527,0.020431862745098006,40,51,0.5459249677593478,0.7633333333333326,63.879120879120876,91,60
543,543.0,0.47456410256410253,0.3674358974358975,0.42102564102564105,0.49744897959183676,0.38485714285714284,0.41630612244897963,0.010208758711374097,0.008655527942143328,0.005320076265614729,0.00857094127446897,0.009028326530612247,0.005536171595168682,0.47204081632653067,0.269265306122449,0.41824489795918357,0.0025232862375718645,0.09817059131344852,0.0027807430664574806,39,49,0.5533998191175596,0.7859183673469382,63.28409090909091,88,55
544,544.0,0.4751052631578947,0.3693684210526316,0.41710526315789476,0.49796,0.38036000000000003,0.41822000000000004,0.01046598891966759,0.008737653739612187,0.004860673130193907,0.0084123184,0.009838750400000002,0.005604931600000001,0.4751200000000001,0.26486,0.4220999999999999,1.4736842105400605e-05,0.10450842105263164,0.004994736842105163,38,50,0.5482782421408149,0.8069999999999993,63.81818181818182,88,52
545,545.0,0.4805135135135135,0.3693243243243243,0.41778378378378384,0.5009795918367347,0.3813469387755102,0.4190204081632653,0.01061554711468225,0.009122867786705624,0.004863953250547845,0.008128101624323198,0.009990838817159517,0.005687285297792588,0.4748163265306123,0.26528571428571424,0.4244489795918367,0.005697186982901226,0.10403861003861009,0.0066651958080528595,37,49,0.5683533215412383,0.8085714285714279,64.20930232558139,86,51
546,546.0,0.4797368421052632,0.3688421052631579,0.4208421052631579,0.5033124999999999,0.3809166666666666,0.42154166666666665,0.01037703601108033,0.00957013296398892,0.004684501385041554,0.008030756510416667,0.010189909722222223,0.005494289930555556,0.4750208333333334,0.26847916666666666,0.43016666666666675,0.004716008771929792,0.10036293859649126,0.009324561403508846,38,48,0.5374483523107262,0.8491666666666658,65.09302325581395,86,50
547,547.0,0.4850540540540541,0.37443243243243246,0.4156216216216217,0.5022448979591837,0.37926530612244896,0.42297959183673467,0.010485564645726806,0.010825596785975165,0.004892289262235209,0.007915695127030404,0.009814766347355269,0.005467203665139526,0.456,0.2448775510204082,0.4451428571428571,0.02905405405405409,0.12955488141202426,0.029521235521235423,37,49,0.5425106651070788,0.8565306122448972,64.86046511627907,86,46
548,548.0,0.48578947368421055,0.37602631578947365,0.4217105263157894,0.5040800000000001,0.37582,0.42297999999999997,0.010453218836565099,0.010467446675900277,0.00558899515235457,0.007922393600000001,0.010200107600000001,0.0053578596,0.46186,0.23998000000000005,0.44837999999999995,0.023929473684210556,0.1360463157894736,0.02666947368421052,38,50,0.5163983647055754,0.8051999999999994,64.86363636363636,88,49
549,549.0,0.49070270270270266,0.37427027027027027,0.42581081081081085,0.5072641509433963,0.37990566037735846,0.42098113207547166,0.010211668371073778,0.011229872899926953,0.00522182907231556,0.00829072267710929,0.010690500533997865,0.005218244927020292,0.4832075471698113,0.2533773584905661,0.4326603773584905,0.007495155532891373,0.12089291177970418,0.006849566547679653,37,53,0.5364986621578883,0.8115094339622637,65.35555555555555,90,43
550,550.0,0.4885,0.37481578947368416,0.430421052631579,0.5085370370370371,0.3805185185185185,0.42268518518518516,0.010122460526315791,0.010945360803324098,0.005870822714681442,0.008223063443072701,0.01051243484224966,0.0052755120027434856,0.4862037037037037,0.2621851851851852,0.4354629629629629,0.0022962962962962963,0.11263060428849897,0.005041910331383903,38,54,0.5093982554226932,0.8118518518518513,65.92391304347827,92,42
551,551.0,0.49232432432432427,0.37640540540540535,0.4286756756756757,0.5085925925925927,0.3794259259259259,0.4215,0.00984027319211103,0.011145159970781592,0.00591373265157049,0.00753405624142661,0.010455948216735256,0.0052613611111111125,0.5017592592592591,0.2760185185185185,0.42622222222222217,0.009434934934934858,0.10038688688688685,0.002453453453453547,37,54,0.4729015252395374,0.8209259259259255,66.32967032967034,91,44
552,552.0,0.4948857142857142,0.3832857142857143,0.42771428571428577,0.5073272727272728,0.3812181818181818,0.42416363636363635,0.010272272653061226,0.010540546938775512,0.0061110040816326535,0.0074835292561983464,0.010439297851239671,0.005548827768595042,0.49494545454545447,0.27205454545454544,0.4299636363636364,5.974025974025965e-05,0.11123116883116885,0.002249350649350612,35,55,0.5102137077675798,0.8230909090909083,67.33333333333333,90,41
553,553.0,0.5000294117647059,0.38576470588235295,0.42444117647058827,0.5073272727272728,0.3812181818181818,0.42416363636363635,0.009648381487889275,0.010635474048442907,0.005915775951557093,0.0074835292561983464,0.010439297851239671,0.005548827768595042,0.49494545454545447,0.27205454545454544,0.4299636363636364,0.005083957219251478,0.11371016042780752,0.005522459893048115,34,55,0.5127893264039051,0.8285454545454538,68.1685393258427,89,41
554,554.0,0.5037941176470587,0.382264705882353,0.42494117647058827,0.5073272727272728,0.3812181818181818,0.42416363636363635,0.009330810553633218,0.011142076989619377,0.005933584775086505,0.0074835292561983464,0.010439297851239671,0.005548827768595042,0.49494545454545447,0.27205454545454544,0.4299636363636364,0.00884866310160426,0.11021016042780757,0.005022459893048115,34,55,0.5734326144791018,0.8449090909090898,68.35955056179775,89,35
555,555.0,0.5037941176470587,0.382264705882353,0.42494117647058827,0.5092982456140351,0.38510526315789473,0.42380701754385963,0.009330810553633218,0.011142076989619377,0.005933584775086505,0.007339788242536164,0.01049640997229917,0.005438471529701448,0.5042280701754386,0.28212280701754383,0.42273684210526313,0.0004339525283798551,0.10014189886480918,0.0022043343653251335,34,57,0.5385590966465069,0.830526315789473,68.08791208791209,91,35
556,556.0,0.49978125,0.3800625,0.425875,0.5080357142857144,0.38608928571428575,0.4242857142857143,0.0093199208984375,0.01051668359375,0.0061777968750000006,0.007379998724489796,0.010628652742346938,0.0055225255102040825,0.5079285714285714,0.2856785714285714,0.4181785714285714,0.008147321428571386,0.09438392857142863,0.007696428571428604,32,56,0.6312497450656772,0.8483928571428564,68.70454545454545,88,28
557,557.0,0.4917333333333333,0.37493333333333323,0.4239,0.5082592592592593,0.3830185185185186,0.420425925925926,0.008902928888888887,0.010779795555555556,0.006480423333333335,0.007622895747599452,0.010471462620027438,0.005294355624142662,0.5160925925925925,0.28788888888888886,0.4140185185185185,0.024359259259259247,0.08704444444444437,0.009881481481481491,30,54,0.6373230953259472,0.8579629629629623,68.70238095238095,84,31
558,558.0,0.49506896551724133,0.3733448275862069,0.41827586206896555,0.5082592592592593,0.3830185185185186,0.420425925925926,0.008876133174791913,0.011075812128418547,0.005754958382877527,0.007622895747599452,0.010471462620027438,0.005294355624142662,0.5160925925925925,0.28788888888888886,0.4140185185185185,0.021023627075351214,0.08545593869731805,0.004257343550447046,29,54,0.6199193392857282,0.8585185185185177,69.60240963855422,83,33
559,559.0,0.5038181818181817,0.37936363636363635,0.41339393939393937,0.5093773584905661,0.38460377358490566,0.4216981132075472,0.00926105785123967,0.011619382920110194,0.006932359963269055,0.007699216091135635,0.010533333570665718,0.005306852260590959,0.5164528301886792,0.2867547169811321,0.4153396226415095,0.012634648370497437,0.09260891938250426,0.001945683247570107,33,53,0.6169541652104628,0.7913207547169802,69.09302325581395,86,33
560,560.0,0.5025,0.37134375,0.41756250000000006,0.5113090909090909,0.38430909090909093,0.4223090909090909,0.0088171875,0.011444850585937501,0.006820058593750001,0.00787094082644628,0.011197340826446283,0.005123995371900828,0.5252181818181818,0.2918545454545454,0.41214545454545454,0.02271818181818186,0.07948920454545455,0.0054170454545455216,32,55,0.5934132585725449,0.7803636363636356,67.59770114942529,87,34
561,561.0,0.5036285714285714,0.3714571428571428,0.41374285714285725,0.5121481481481482,0.3847037037037037,0.4203333333333333,0.008957376326530611,0.012443505306122449,0.006609333877551021,0.008211829903978052,0.011243615912208505,0.00512211111111111,0.5378703703703703,0.3075185185185185,0.3947592592592593,0.03424179894179891,0.0639386243386243,0.018983597883597936,35,54,0.5577208065392573,0.7124074074074068,66.14606741573034,89,36
562,562.0,0.5036285714285714,0.3714571428571428,0.41374285714285725,0.5148333333333335,0.3838148148148149,0.4163333333333333,0.008957376326530611,0.012443505306122449,0.006609333877551021,0.0077553981481481475,0.01128496570644719,0.004500777777777779,0.5377962962962963,0.30844444444444447,0.3944444444444444,0.0341677248677249,0.06301269841269835,0.01929841269841287,35,54,0.5410307719762188,0.7214814814814811,66.70786516853933,89,36
563,563.0,0.5058285714285714,0.37548571428571426,0.4153714285714286,0.5148333333333335,0.3838148148148149,0.4163333333333333,0.009303970612244899,0.013056078367346938,0.0066286906122448985,0.0077553981481481475,0.01128496570644719,0.004500777777777779,0.5377962962962963,0.30844444444444447,0.3944444444444444,0.03196772486772492,0.06704126984126979,0.02092698412698424,35,54,0.5491400336293564,0.7518518518518512,67.78651685393258,89,32
564,564.0,0.5056,0.3790571428571428,0.41485714285714287,0.5160754716981133,0.38333962264150945,0.41545283018867923,0.00932121142857143,0.012629139591836737,0.006601036734693878,0.007818409398362407,0.011485695977216097,0.004543832680669278,0.5447924528301887,0.3127169811320755,0.38949056603773585,0.039192452830188684,0.06634016172506729,0.025366576819407016,35,53,0.5721437326891342,0.7409433962264143,68.7159090909091,88,33
565,565.0,0.5056,0.3790571428571428,0.41485714285714287,0.5167758620689655,0.3681724137931035,0.41513793103448277,0.00932121142857143,0.012629139591836737,0.006601036734693878,0.00744638079667063,0.013225246135552914,0.004515843043995244,0.5476034482758622,0.2953103448275862,0.39646551724137935,0.04200344827586211,0.08374679802955659,0.01839162561576352,35,58,0.5096281619756422,0.7051724137931028,69.41935483870968,93,34
566,566.0,0.5236060606060607,0.3780909090909091,0.39966666666666667,0.5084642857142857,0.3567321428571429,0.422,0.009114481175390264,0.01338729476584022,0.006462404040404041,0.006953070153061224,0.01240262468112245,0.005457071428571429,0.5181607142857143,0.26873214285714286,0.4202142857142857,0.005445346320346434,0.10935876623376622,0.020547619047619037,33,56,0.53139997487911,0.7071428571428563,69.21348314606742,89,37
567,567.0,0.5236176470588235,0.37379411764705883,0.3998235294117647,0.5084642857142857,0.3567321428571429,0.422,0.008831765570934255,0.013879339965397926,0.0062900276816609,0.006953070153061224,0.01240262468112245,0.005457071428571429,0.5181607142857143,0.26873214285714286,0.4202142857142857,0.005456932773109213,0.10506197478991597,0.020390756302521018,34,56,0.567249083868074,0.6474999999999992,69.23333333333333,90,40
568,568.0,0.5253714285714286,0.37148571428571425,0.4019142857142857,0.5072592592592593,0.34890740740740744,0.42249999999999993,0.008684004897959183,0.013663964081632653,0.006258935510204082,0.0068494142661179695,0.012104380315500686,0.005298027777777779,0.5128888888888891,0.2536111111111111,0.41987037037037034,0.01248253968253954,0.11787460317460313,0.017956084656084614,35,54,0.5129364129143109,0.7051851851851842,68.9438202247191,89,37
569,569.0,0.532,0.3737894736842105,0.40952631578947374,0.5072592592592593,0.34890740740740744,0.42249999999999993,0.008558105263157893,0.013492008310249312,0.006486828254847646,0.0068494142661179695,0.012104380315500686,0.005298027777777779,0.5128888888888891,0.2536111111111111,0.41987037037037034,0.019111111111110968,0.12017836257309938,0.0103440545808966,38,54,0.5029719260267036,0.6633333333333326,70.04347826086956,92,39
570,570.0,0.532,0.3737894736842105,0.40952631578947374,0.5072592592592593,0.34890740740740744,0.42249999999999993,0.008558105263157893,0.013492008310249312,0.006486828254847646,0.0068494142661179695,0.012104380315500686,0.005298027777777779,0.5128888888888891,0.2536111111111111,0.41987037037037034,0.019111111111110968,0.12017836257309938,0.0103440545808966,38,54,0.4999933514740871,0.7159259259259251,71.04347826086956,92,33
571,571.0,0.5313243243243243,0.3799189189189189,0.40540540540540543,0.5054528301886793,0.34562264150943406,0.4249245283018868,0.008776381300219134,0.01277191234477721,0.006658997808619431,0.006802436454254186,0.011750121751512996,0.005080560341758633,0.505867924528302,0.24550943396226416,0.4275283018867925,0.025456399796022322,0.13440948495665472,0.022122896481387044,37,53,0.52506421880962,0.7133962264150936,70.77777777777777,90,32
572,572.0,0.54071875,0.38753125,0.4006875,0.5061851851851853,0.34633333333333344,0.42579629629629634,0.008717202148437499,0.0129034990234375,0.005573402343750001,0.006704891632373113,0.011559296296296297,0.005026754801097395,0.5024444444444446,0.24096296296296296,0.432925925925926,0.03827430555555544,0.14656828703703703,0.03223842592592602,32,54,0.5565669930513626,0.7099999999999993,71.44186046511628,86,33
573,573.0,0.5316875,0.38228125,0.39193750000000005,0.5061851851851853,0.34633333333333344,0.42579629629629634,0.00975627734375,0.0131987646484375,0.006720433593750001,0.006704891632373113,0.011559296296296297,0.005026754801097395,0.5024444444444446,0.24096296296296296,0.432925925925926,0.029243055555555397,0.14131828703703705,0.04098842592592594,32,54,0.5417243352850094,0.7088888888888881,71.53488372093024,86,33
574,574.0,0.5355624999999999,0.3786875,0.38715625,0.5115961538461538,0.35130769230769227,0.4246538461538462,0.008674183593749999,0.01352927734375,0.005955881835937501,0.006888933062130178,0.012103405325443791,0.005171457100591718,0.5082692307692308,0.25675000000000003,0.43290384615384625,0.027293269230769135,0.12193749999999998,0.04574759615384627,32,52,0.5090633092652259,0.7542307692307684,70.27380952380952,84,30
575,575.0,0.5341562499999999,0.37425,0.38534375,0.5122244897959184,0.35477551020408155,0.42346938775510207,0.007766194335937497,0.012489312499999999,0.0060369130859375,0.0072238067471886705,0.01240364348188255,0.005281759266972094,0.512795918367347,0.26834693877551025,0.42891836734693883,0.02136033163265294,0.10590306122448978,0.04357461734693885,32,49,0.49963558411096826,0.7720408163265299,69.28395061728395,81,30
576,576.0,0.533090909090909,0.3710909090909091,0.3813939393939394,0.5122244897959184,0.35477551020408155,0.42346938775510207,0.007567173553719007,0.012430203856749311,0.0063532084481175395,0.0072238067471886705,0.01240364348188255,0.005281759266972094,0.512795918367347,0.26834693877551025,0.42891836734693883,0.020294990723562,0.10274397031539884,0.04752442795299944,33,49,0.4823709525685153,0.8095918367346931,69.6219512195122,82,27
577,577.0,0.5319999999999998,0.37373529411764705,0.38229411764705884,0.5120588235294118,0.3556078431372548,0.4203333333333333,0.007383882352941177,0.012295371107266436,0.0061930899653979245,0.007087114186851211,0.012115532487504804,0.005352065359477125,0.5277450980392158,0.2942941176470588,0.4133725490196079,0.004254901960784041,0.07944117647058824,0.031078431372549065,34,51,0.44105010302200576,0.8099999999999992,69.4235294117647,85,26
578,578.0,0.52603125,0.37893750000000004,0.37793750000000004,0.51464,0.35692,0.41822,0.006814342773437499,0.01158774609375,0.00624149609375,0.0068890704,0.0122700336,0.005231331600000001,0.53278,0.30018,0.40993999999999997,0.006748750000000081,0.07875750000000004,0.032002499999999934,32,50,0.4444918962142228,0.8071999999999995,70.2560975609756,82,28
579,579.0,0.5315151515151516,0.37739393939393945,0.3770909090909091,0.5166326530612245,0.3559795918367347,0.4157959183673469,0.005679825528007346,0.011316662993572086,0.006319476584022038,0.006831130362349021,0.01247622407330279,0.005044284881299458,0.5423877551020408,0.3044081632653061,0.4054285714285714,0.01087260358688924,0.07298577612863333,0.028337662337662328,33,49,0.4366074055793595,0.7634693877551012,69.7560975609756,82,31
580,580.0,0.5277058823529412,0.37691176470588245,0.38091176470588234,0.5166326530612245,0.3559795918367347,0.4157959183673469,0.005991619377162629,0.010991492214532871,0.006615374567474049,0.006831130362349021,0.01247622407330279,0.005044284881299458,0.5423877551020408,0.3044081632653061,0.4054285714285714,0.0146818727490996,0.07250360144057633,0.024516806722689077,34,49,0.44959741104307027,0.7602040816326521,70.32530120481928,83,30
581,581.0,0.527,0.3888064516129034,0.3884516129032259,0.5166530612244897,0.354265306122449,0.4156122448979592,0.004925096774193548,0.010872414151925079,0.006595860561914672,0.006828593919200332,0.012833215326947103,0.005063094543940025,0.5432244897959183,0.30495918367346936,0.4091020408163266,0.016224489795918284,0.08384726793943403,0.020650427913100733,31,49,0.4930776294709614,0.7336734693877542,70.15,80,31
582,582.0,0.5265161290322581,0.3941935483870968,0.3839032258064516,0.5141428571428571,0.3522857142857143,0.4192244897959184,0.004846959417273672,0.010430672216441209,0.005983442247658689,0.0068381224489795925,0.01236118367346939,0.005215398583923366,0.530142857142857,0.28914285714285715,0.4212857142857143,0.0036267281105989424,0.10505069124423966,0.03738248847926273,31,49,0.472917494654813,0.7544897959183666,70.275,80,31
583,583.0,0.5278999999999999,0.40160000000000007,0.37953333333333333,0.5203541666666667,0.3638958333333333,0.4174583333333333,0.004936356666666666,0.010050839999999998,0.006125782222222223,0.007602145399305556,0.012400259982638889,0.005491373263888888,0.539375,0.3257083333333333,0.4112291666666666,0.011475000000000124,0.07589166666666675,0.031695833333333256,30,48,0.4626227895798474,0.7193749999999991,70.1025641025641,78,37
584,584.0,0.5278999999999999,0.40160000000000007,0.37953333333333333,0.5203541666666667,0.3638958333333333,0.4174583333333333,0.004936356666666666,0.010050839999999998,0.006125782222222223,0.007602145399305556,0.012400259982638889,0.005491373263888888,0.539375,0.3257083333333333,0.4112291666666666,0.011475000000000124,0.07589166666666675,0.031695833333333256,30,48,0.47389188289449785,0.7522916666666658,71.1025641025641,78,34
585,585.0,0.5253571428571429,0.3968214285714286,0.37239285714285714,0.5203541666666667,0.3638958333333333,0.4174583333333333,0.005178943877551021,0.010229360969387754,0.005752095663265307,0.007602145399305556,0.012400259982638889,0.005491373263888888,0.539375,0.3257083333333333,0.4112291666666666,0.014017857142857193,0.07111309523809528,0.038836309523809454,28,48,0.41986053566427856,0.7747916666666658,70.92105263157895,76,35
586,586.0,0.5250689655172414,0.4003793103448276,0.37827586206896546,0.522282608695652,0.3649782608695652,0.4160652173913043,0.005002684898929845,0.01023106302021403,0.006522820451843044,0.007659724480151228,0.01285802126654064,0.0056767566162570894,0.5382391304347826,0.31880434782608696,0.41660869565217384,0.013170164917541194,0.08157496251874063,0.03833283358320838,29,46,0.39342341870966335,0.7706521739130424,70.54666666666667,75,38
587,587.0,0.5253846153846153,0.4058846153846154,0.37488461538461537,0.522282608695652,0.3649782608695652,0.4160652173913043,0.004613390532544378,0.009095486686390533,0.0069387174556213025,0.007659724480151228,0.01285802126654064,0.0056767566162570894,0.5382391304347826,0.31880434782608696,0.41660869565217384,0.012854515050167215,0.08708026755852843,0.04172408026755847,26,46,0.45559779679521856,0.8176086956521731,71.18055555555556,72,34
588,588.0,0.52425,0.40650000000000003,0.3710416666666667,0.5208666666666666,0.3682444444444444,0.4179111111111111,0.004407020833333333,0.008618333333333332,0.00725962326388889,0.007737715555555556,0.01265302913580247,0.005646169876543211,0.5369555555555555,0.32231111111111105,0.4139111111111111,0.012705555555555526,0.08418888888888898,0.042869444444444404,24,45,0.4527076281695878,0.8342222222222213,71.40579710144928,69,35
589,589.0,0.5277391304347826,0.41369565217391296,0.3737391304347825,0.5228863636363638,0.3765,0.4223181818181818,0.004306453686200377,0.00775038563327032,0.007400627599243857,0.007891327995867769,0.012417068181818182,0.005764489669421487,0.5394318181818182,0.33749999999999997,0.41620454545454544,0.01169268774703558,0.076195652173913,0.04246541501976292,23,44,0.4735823003050717,0.824318181818181,69.95522388059702,67,37
590,590.0,0.5277391304347826,0.41369565217391296,0.3737391304347825,0.523232558139535,0.37869767441860464,0.4221162790697675,0.004306453686200377,0.00775038563327032,0.007400627599243857,0.00806957382368848,0.012493327203893997,0.005896753921038399,0.5357441860465116,0.3453488372093023,0.4164418604651162,0.00800505561172904,0.06834681496461065,0.0427027300303337,23,43,0.48332788798034015,0.9111627906976736,70.27272727272727,66,31
591,591.0,0.5278,0.41107999999999995,0.3660399999999999,0.5256590909090909,0.3810909090909091,0.42284090909090916,0.004467599999999999,0.007683353600000001,0.007783078400000001,0.00813936105371901,0.012455673553719009,0.005785315599173554,0.5371818181818182,0.34404545454545454,0.4170454545454545,0.009381818181818158,0.0670345454545454,0.051005454545454576,25,44,0.4836275976031599,0.8456818181818174,70.73913043478261,69,35
592,592.0,0.5278,0.41107999999999995,0.3660399999999999,0.5291162790697674,0.37913953488372104,0.42283720930232555,0.004467599999999999,0.007683353600000001,0.007783078400000001,0.007802753921038399,0.0125777944835046,0.0059198572201189835,0.5463488372093024,0.3499767441860465,0.41262790697674423,0.018548837209302338,0.06110325581395343,0.04658790697674431,25,43,0.4282600082289153,0.8809302325581386,71.1470588235294,68,35
593,593.0,0.5254814814814815,0.4126296296296296,0.35737037037037034,0.5251666666666667,0.3788333333333333,0.42157142857142854,0.004107212620027434,0.007439862825788752,0.008622307270233196,0.00791061507936508,0.012867900793650796,0.006000292517006802,0.548904761904762,0.35830952380952386,0.4041666666666667,0.023423280423280457,0.05432010582010577,0.046796296296296336,27,42,0.4749801934748105,0.7854761904761897,71.18840579710145,69,37
594,594.0,0.5239999999999999,0.4098076923076924,0.3512692307692307,0.5231860465116279,0.38167441860465123,0.4156511627906977,0.004205923076923076,0.007511001479289939,0.00794888905325444,0.00812750027041644,0.012923103299080583,0.006765203893996754,0.5629302325581396,0.3711860465116279,0.38572093023255805,0.038930232558139655,0.038621645796064474,0.03445169946332732,26,43,0.4841306944994876,0.8032558139534877,71.3768115942029,69,34
595,595.0,0.5211199999999999,0.41344000000000003,0.34928,0.522268292682927,0.3827560975609756,0.4140975609756098,0.0041585056,0.0074684064000000005,0.0081639616,0.008502732897085068,0.01322003807257585,0.007033063652587744,0.572,0.38878048780487806,0.38039024390243903,0.050880000000000036,0.02465951219512197,0.03111024390243905,25,41,0.4877778150018623,0.8026829268292676,72.04545454545455,66,36
596,596.0,0.5273181818181819,0.4045,0.33959090909090905,0.522268292682927,0.3827560975609756,0.4140975609756098,0.0037765805785123963,0.00951425,0.007103332644628099,0.008502732897085068,0.01322003807257585,0.007033063652587744,0.572,0.38878048780487806,0.38039024390243903,0.044681818181818045,0.015719512195121965,0.040799334811529975,22,41,0.531420266629383,0.8309756097560967,71.80952380952381,63,35
597,597.0,0.5309545454545455,0.41250000000000014,0.3361363636363637,0.522268292682927,0.3827560975609756,0.4140975609756098,0.004299225206611568,0.01046625,0.006743117768595042,0.008502732897085068,0.01322003807257585,0.007033063652587744,0.572,0.38878048780487806,0.38039024390243903,0.041045454545454496,0.023719512195122083,0.04425388026607535,22,41,0.5201950232554226,0.8348780487804869,71.6984126984127,63,37
598,598.0,0.5291,0.41069999999999995,0.33325,0.5172105263157896,0.38115789473684214,0.41439473684210526,0.004194289999999999,0.01086101,0.007196187500000001,0.008720481994459833,0.013843711911357342,0.007277291551246537,0.5627105263157895,0.3786842105263158,0.37713157894736843,0.033610526315789535,0.032015789473684164,0.04388157894736844,20,38,0.48636311143566396,0.9089473684210517,71.65517241379311,58,38
599,599.0,0.5330952380952381,0.40409523809523806,0.33566666666666667,0.5156216216216215,0.38029729729729733,0.41172972972972977,0.004313800453514738,0.01121627664399093,0.006970317460317461,0.008860235208181154,0.014189722425127832,0.007204089116143169,0.5604864864864867,0.3692162162162163,0.37154054054054053,0.027391248391248624,0.034879021879021754,0.03587387387387386,21,37,0.44406049696517896,0.9764864864864856,71.55172413793103,58,36
600,600.0,0.5311904761904762,0.39599999999999996,0.34247619047619055,0.5082702702702702,0.3734864864864866,0.4091081081081081,0.004238154195011337,0.01147609523809524,0.007343868480725624,0.009271116143170196,0.013738736303871442,0.008063555880204527,0.5460540540540542,0.3524864864864865,0.37424324324324326,0.014863577863577948,0.04351351351351346,0.03176705276705272,21,37,0.41947628716497637,0.9629729729729721,70.82758620689656,58,40
601,601.0,0.5262380952380953,0.3872380952380953,0.3371904761904762,0.5118888888888888,0.3738333333333334,0.40694444444444444,0.004789990929705216,0.012363133786848073,0.007252249433106577,0.009044154320987655,0.014115916666666669,0.00811433024691358,0.5560277777777778,0.36227777777777775,0.37022222222222223,0.029789682539682505,0.02496031746031757,0.03303174603174602,21,36,0.4261468280874618,0.9294444444444435,70.59649122807018,57,44
602,602.0,0.5262380952380953,0.3872380952380953,0.3371904761904762,0.5147714285714284,0.37682857142857146,0.40937142857142855,0.004789990929705216,0.012363133786848073,0.007252249433106577,0.009003433469387753,0.014196256326530612,0.00813411918367347,0.5584857142857143,0.3684857142857143,0.37591428571428576,0.03224761904761897,0.01875238095238102,0.03872380952380955,21,35,0.4665220942895968,0.9717142857142849,70.98214285714286,56,42
603,603.0,0.527090909090909,0.384909090909091,0.3406363636363637,0.5114594594594593,0.37437837837837845,0.4063513513513513,0.004587537190082643,0.0119150826446281,0.007171958677685952,0.008759005113221328,0.013542397370343314,0.0079221738495252,0.5455135135135135,0.3518918918918919,0.3720540540540541,0.01842260442260446,0.03301719901719907,0.031417690417690436,22,37,0.47931111683301675,0.9245945945945938,69.11864406779661,59,43
604,604.0,0.527090909090909,0.384909090909091,0.3406363636363637,0.5140540540540539,0.3704864864864865,0.40589189189189184,0.004587537190082643,0.0119150826446281,0.007171958677685952,0.008744699780861941,0.01390381738495252,0.007909880204528853,0.5595135135135134,0.3539189189189189,0.3705135135135135,0.03242260442260436,0.030990171990172066,0.029877149877149844,22,37,0.46306759916830004,0.8964864864864855,69.91525423728814,59,48
605,605.0,0.5219523809523808,0.37561904761904763,0.34242857142857147,0.5140540540540539,0.3704864864864865,0.40589189189189184,0.004225092970521541,0.010583759637188212,0.007442816326530614,0.008744699780861941,0.01390381738495252,0.007909880204528853,0.5595135135135134,0.3539189189189189,0.3705135135135135,0.03756113256113258,0.021700128700128718,0.028084942084942055,21,37,0.4758352484636637,0.869999999999999,71.3103448275862,58,53
606,606.0,0.5180499999999999,0.37270000000000003,0.34040000000000004,0.5140540540540539,0.3704864864864865,0.40589189189189184,0.0041165475000000005,0.010934010000000003,0.007728540000000002,0.008744699780861941,0.01390381738495252,0.007909880204528853,0.5595135135135134,0.3539189189189189,0.3705135135135135,0.04146351351351352,0.01878108108108112,0.03011351351351349,20,37,0.4926796176147894,0.8975675675675666,72.6140350877193,57,54
607,607.0,0.5180499999999999,0.37270000000000003,0.34040000000000004,0.5072702702702702,0.3634864864864865,0.4011621621621621,0.0041165475000000005,0.010934010000000003,0.007728540000000002,0.008611224251278306,0.014862628195763334,0.008373649379108837,0.5478378378378378,0.3399729729729729,0.3622162162162162,0.029787837837837894,0.03272702702702712,0.021816216216216155,20,37,0.48055727180041774,0.9010810810810802,73.42105263157895,57,55
608,608.0,0.5199523809523809,0.36900000000000005,0.3485714285714286,0.506027027027027,0.36221621621621625,0.4011621621621621,0.003992902494331065,0.010687142857142859,0.00869595918367347,0.008697377647918187,0.014954980277574872,0.008373649379108837,0.5481891891891892,0.3464054054054054,0.3502972972972973,0.028236808236808297,0.022594594594594675,0.0017258687258687178,21,37,0.4556523104629012,0.8902702702702693,74.06896551724138,58,57
609,609.0,0.5199523809523809,0.36900000000000005,0.3485714285714286,0.5058157894736842,0.36168421052631583,0.40297368421052626,0.003992902494331065,0.010687142857142859,0.00869595918367347,0.00847015027700831,0.014571900277008314,0.008274709833795012,0.5470789473684211,0.3373157894736842,0.35407894736842105,0.027126566416040165,0.03168421052631587,0.005507518796992461,21,38,0.417618903198657,0.9107894736842098,74.1864406779661,59,58
610,610.0,0.5199523809523809,0.36900000000000005,0.3485714285714286,0.5058157894736842,0.36168421052631583,0.40297368421052626,0.003992902494331065,0.010687142857142859,0.00869595918367347,0.00847015027700831,0.014571900277008314,0.008274709833795012,0.5470789473684211,0.3373157894736842,0.35407894736842105,0.027126566416040165,0.03168421052631587,0.005507518796992461,21,38,0.3867283530772701,0.9497368421052623,75.1864406779661,59,59
611,611.0,0.5188181818181817,0.37100000000000005,0.34800000000000003,0.5053684210526317,0.36197368421052634,0.39452631578947367,0.0038384214876033065,0.010285363636363636,0.008307545454545456,0.008185337950138503,0.014116499307479225,0.006952038781163433,0.548657894736842,0.33815789473684205,0.34931578947368414,0.029839712918660277,0.032842105263158006,0.0013157894736841036,22,38,0.40329972100334294,0.8702631578947361,73.63333333333334,60,63
612,612.0,0.5074761904761904,0.3565714285714286,0.35266666666666674,0.5101025641025642,0.3583589743589744,0.3916410256410256,0.003599487528344672,0.010263292517006802,0.009088603174603175,0.007804758711374096,0.014127563445101913,0.006946127547666008,0.5723333333333334,0.3541282051282051,0.3464102564102563,0.06485714285714295,0.002443223443223508,0.0062564102564104385,21,39,0.45792328956997796,0.8343589743589734,70.75,60,64
613,613.0,0.5077826086956521,0.35904347826086963,0.3631304347826088,0.5061315789473685,0.3564473684210527,0.3926315789473684,0.003302170132325141,0.00946012854442344,0.009448287334593573,0.007395166897506924,0.014356826177285321,0.007090653739612186,0.5650526315789474,0.3449473684210526,0.35531578947368414,0.0572700228832953,0.014096109839817017,0.007814645308924673,23,38,0.5596904350655401,0.8818421052631569,70.54098360655738,61,57
614,614.0,0.5119999999999999,0.3649130434782609,0.3644347826086957,0.5075384615384616,0.35671794871794876,0.39338461538461533,0.003214521739130435,0.008468427221172024,0.009555810964083176,0.007280761341222881,0.013991484549638394,0.0069303905325443765,0.5545897435897436,0.33610256410256406,0.36392307692307685,0.042589743589743656,0.028810479375696862,0.0005117056856188684,23,39,0.6180479724378075,0.8317948717948708,69.96774193548387,62,59
615,615.0,0.5090399999999999,0.36352000000000007,0.36763999999999997,0.5116666666666667,0.35712820512820515,0.38556410256410256,0.0033461184000000005,0.0081886496,0.009307110399999999,0.007362478632478633,0.014097393819855357,0.006523322813938197,0.5725897435897437,0.3527435897435897,0.35017948717948716,0.06354974358974375,0.010776410256410351,0.017460512820512808,25,39,0.6282784969443121,0.8333333333333326,70.28125,64,57
616,616.0,0.50688,0.35119999999999996,0.37332,0.5085263157894738,0.35218421052631577,0.38478947368421046,0.0034280256000000005,0.007285840000000001,0.009244857599999998,0.007171617728531854,0.013515097645429365,0.006671587257617728,0.5706052631578947,0.34505263157894744,0.3445263157894736,0.06372526315789473,0.006147368421052513,0.02879368421052636,25,38,0.6000815670950497,0.8523684210526309,69.9047619047619,63,57
617,617.0,0.5051538461538461,0.34796153846153843,0.3781538461538462,0.5096410256410258,0.3528974358974359,0.38420512820512814,0.0033706686390532555,0.007267806213017752,0.009473437869822486,0.007034948060486523,0.013187886916502306,0.006513496383957922,0.5707179487179487,0.34364102564102567,0.3488461538461538,0.06556410256410261,0.004320512820512767,0.029307692307692368,26,39,0.5456759072391282,0.8799999999999991,69.78461538461538,65,57
618,618.0,0.5088518518518518,0.35474074074074075,0.3751481481481482,0.5086829268292683,0.3513170731707317,0.3787317073170732,0.0036013854595336077,0.008193525377229081,0.009357459533607681,0.0070218750743605,0.012871338488994648,0.006897074360499701,0.5690975609756098,0.3399756097560976,0.3443658536585366,0.06024570912375804,0.01476513098464316,0.03078229448961156,27,41,0.5247591325506425,0.8136585365853651,70.98529411764706,68,61
619,619.0,0.5061071428571429,0.3561785714285714,0.3788571428571429,0.5123095238095238,0.35238095238095235,0.37869047619047624,0.0036761670918367345,0.007956718112244899,0.009394693877551019,0.007393928004535147,0.012611283446712016,0.006732928004535145,0.5714523809523809,0.349,0.3516666666666667,0.06534523809523807,0.007178571428571423,0.02719047619047621,28,42,0.5086521145791362,0.8016666666666659,71.95714285714286,70,62
620,620.0,0.5021379310344828,0.35234482758620683,0.3740344827586207,0.5165609756097561,0.3520487804878049,0.37939024390243903,0.0039905326991676576,0.00809388109393579,0.009721964328180736,0.006815124330755502,0.012914241522903035,0.006876579417013681,0.575780487804878,0.3545121951219512,0.3581463414634146,0.07364255677039522,0.002167367535744369,0.015888141295206104,29,41,0.5314101555619617,0.8209756097560967,72.12857142857143,70,59
621,621.0,0.5051290322580645,0.3624516129032257,0.3706774193548388,0.514186046511628,0.3483255813953488,0.3745813953488372,0.003922822060353799,0.009123086368366286,0.00926228303850156,0.00676754678204435,0.014402824229313143,0.007278661979448349,0.5792558139534884,0.36267441860465116,0.3507674418604651,0.07412678169542386,0.00022280570142546585,0.019909977494373676,31,43,0.5138431287074288,0.7888372093023249,71.4054054054054,74,59
622,622.0,0.5060322580645161,0.3576129032258065,0.3709032258064516,0.511688888888889,0.34688888888888886,0.37384444444444437,0.003731579604578564,0.010423527575442248,0.009062990634755462,0.0066243476543209855,0.013849787654320989,0.006971286913580246,0.5834888888888888,0.3509111111111111,0.36984444444444436,0.07745663082437271,0.006701792114695404,0.0010587813620072106,31,45,0.4910002113031648,0.7355555555555546,70.59210526315789,76,61
623,623.0,0.50496875,0.3580625,0.37103125000000003,0.511688888888889,0.34688888888888886,0.37384444444444437,0.0036500302734374995,0.01010405859375,0.0087802802734375,0.0066243476543209855,0.013849787654320989,0.006971286913580246,0.5834888888888888,0.3509111111111111,0.36984444444444436,0.07852013888888887,0.007151388888888888,0.00118680555555567,32,45,0.49148029711854424,0.7911111111111105,70.72727272727273,77,56
624,624.0,0.5051764705882353,0.3575,0.3667352941176471,0.511688888888889,0.34688888888888886,0.37384444444444437,0.0043332041522491345,0.009915132352941176,0.008631135813148788,0.0066243476543209855,0.013849787654320989,0.006971286913580246,0.5834888888888888,0.3509111111111111,0.36984444444444436,0.0783124183006535,0.006588888888888866,0.003109150326797261,34,45,0.5111636763355166,0.8088888888888881,71.0,79,52
625,625.0,0.5067428571428572,0.35439999999999994,0.3680285714285714,0.5092619047619047,0.3463095238095238,0.3727142857142857,0.00473310530612245,0.009594925714285713,0.008407970612244898,0.0059693361678004545,0.014586404195011341,0.006953061224489796,0.5926666666666667,0.35223809523809524,0.3616666666666667,0.08592380952380951,0.0021619047619046983,0.006361904761904735,35,42,0.49287685067939935,0.7859523809523801,69.67532467532467,77,55
626,626.0,0.5026857142857143,0.3498,0.36240000000000006,0.5112439024390244,0.3479024390243902,0.3709268292682927,0.005152729795918368,0.010189245714285713,0.008280925714285715,0.005949940511600239,0.0148356002379536,0.006988458060678167,0.5924390243902439,0.3608292682926829,0.35934146341463413,0.08975331010452958,0.011029268292682914,0.003058536585365923,35,41,0.5019493502567188,0.8453658536585358,70.25,76,52
627,627.0,0.5077428571428572,0.35582857142857144,0.3595428571428571,0.5112439024390244,0.3479024390243902,0.3709268292682927,0.005920019591836736,0.009985342040816327,0.00803716244897959,0.005949940511600239,0.0148356002379536,0.006988458060678167,0.5924390243902439,0.3608292682926829,0.35934146341463413,0.08469616724738671,0.005000696864111476,0.00020139372822297608,35,41,0.5464051162655488,0.8078048780487795,71.5,76,53
628,628.0,0.5077428571428572,0.35582857142857144,0.3595428571428571,0.5144285714285713,0.34504761904761905,0.3720714285714286,0.005920019591836736,0.009985342040816327,0.00803716244897959,0.0062241020408163265,0.014816521541950112,0.006875780612244897,0.5971666666666666,0.35223809523809524,0.3657857142857143,0.08942380952380946,0.0035904761904761995,0.006242857142857217,35,42,0.5447598493336011,0.8245238095238085,72.67532467532467,77,51
629,629.0,0.509029411764706,0.35511764705882354,0.3573823529411765,0.510825,0.34565,0.37302500000000005,0.006036205017301039,0.010261339100346021,0.008110177335640137,0.006252094375,0.015369727500000003,0.007149274375,0.594325,0.34215,0.37737500000000007,0.08529558823529404,0.012967647058823528,0.019992647058823587,34,40,0.5579601702335366,0.847499999999999,73.05405405405405,74,51
630,630.0,0.5080285714285714,0.3534571428571428,0.35594285714285717,0.5067073170731707,0.3385609756097561,0.3723414634146342,0.005996542040816328,0.010999962448979593,0.007473711020408163,0.006777816775728734,0.017005026769779892,0.006993590719809636,0.5869512195121952,0.3385121951219512,0.3777804878048781,0.07892264808362381,0.014944947735191616,0.021837630662020935,35,41,0.5393658371038557,0.78170731707317,72.0657894736842,76,56
631,631.0,0.5070588235294118,0.3480882352941177,0.3587647058823529,0.5112894736842105,0.3439473684210526,0.37800000000000006,0.006139996539792389,0.010314609861591694,0.007414826989619377,0.006686468836565098,0.017241681440443215,0.00659336842105263,0.5933947368421053,0.33050000000000007,0.39623684210526317,0.08633591331269352,0.017588235294117627,0.03747213622291029,34,38,0.5824641200213199,0.8265789473684201,70.83333333333333,72,52
632,632.0,0.5033333333333334,0.34725000000000006,0.35666666666666663,0.5112894736842105,0.3439473684210526,0.37800000000000006,0.006037555555555556,0.010425743055555556,0.007097777777777778,0.006686468836565098,0.017241681440443215,0.00659336842105263,0.5933947368421053,0.33050000000000007,0.39623684210526317,0.0900614035087719,0.016749999999999987,0.03957017543859653,36,38,0.5931739392071974,0.8681578947368415,70.60810810810811,74,47
633,633.0,0.5056666666666667,0.34423076923076923,0.3599487179487179,0.5088918918918919,0.33989189189189184,0.38110810810810813,0.005910683760683762,0.010381818540433924,0.0071536896778435265,0.006648745069393718,0.017082691015339668,0.0064044747991234465,0.5870270270270271,0.3203243243243244,0.4043513513513514,0.08136036036036043,0.023906444906444835,0.04440263340263351,39,37,0.5768942308992159,0.8172972972972964,70.27631578947368,76,49
634,634.0,0.5086842105263158,0.34684210526315795,0.3631315789473684,0.5071842105263158,0.3380526315789473,0.3798421052631579,0.005711110803324101,0.010389080332409973,0.00694685110803324,0.006581676592797785,0.01675831301939058,0.0062952382271468125,0.5771052631578949,0.31189473684210534,0.4115789473684211,0.06842105263157905,0.034947368421052616,0.04844736842105268,38,38,0.5719685700629428,0.8265789473684202,71.23684210526316,76,49
635,635.0,0.5051951219512195,0.3444390243902439,0.36073170731707316,0.50695,0.338175,0.37977500000000003,0.005676352171326593,0.010295368233194529,0.007435123140987509,0.0062602475000000015,0.015961294375,0.005985074375000001,0.5852999999999999,0.297175,0.42435,0.08010487804878041,0.04726402439024385,0.06361829268292685,41,40,0.5967226732169411,0.7272499999999991,69.51851851851852,81,49
636,636.0,0.51005,0.355825,0.3564,0.5092564102564102,0.3383333333333333,0.3774615384615385,0.0057030975000000005,0.009110994375,0.007386439999999999,0.00620798553583169,0.016369555555555554,0.005924453648915186,0.5955384615384617,0.3043846153846154,0.42012820512820515,0.08548846153846168,0.05144038461538458,0.06372820512820515,40,39,0.562358510068034,0.6938461538461529,69.69620253164557,79,53
637,637.0,0.513375,0.36305000000000004,0.361375,0.5088947368421052,0.33489473684210525,0.38205263157894737,0.0054090843750000004,0.0093430975,0.0067159343750000005,0.006366252077562327,0.016339199445983377,0.00525831301939058,0.5848947368421054,0.2901315789473684,0.43118421052631584,0.07151973684210533,0.07291842105263163,0.06980921052631583,40,38,0.5504228936700957,0.6734210526315781,69.53846153846153,78,56
638,638.0,0.5183333333333334,0.371051282051282,0.366025641025641,0.5075135135135135,0.33032432432432424,0.383945945945946,0.004901042735042737,0.009204920447074293,0.006503973701512162,0.006465817384952521,0.01598702994886779,0.0052642132943754565,0.576972972972973,0.2761081081081081,0.44132432432432434,0.058639639639639585,0.09494317394317392,0.07529868329868333,39,37,0.5908613531548189,0.6867567567567558,69.0,76,52
639,639.0,0.5172894736842106,0.3730526315789473,0.3621842105263158,0.5075135135135135,0.33032432432432424,0.383945945945946,0.004987521468144044,0.00929094459833795,0.0060996239612188365,0.006465817384952521,0.01598702994886779,0.0052642132943754565,0.576972972972973,0.2761081081081081,0.44132432432432434,0.059683499288762376,0.0969445234708392,0.07914011379800856,38,37,0.5644388513670755,0.7818918918918909,69.44,75,49
640,640.0,0.520945945945946,0.37754054054054054,0.3644594594594595,0.5112222222222222,0.33908333333333324,0.38358333333333333,0.00461426734842951,0.008776680788897007,0.006067761869978086,0.006903172839506173,0.01741646527777778,0.0053760208333333325,0.5784999999999999,0.2961944444444444,0.4487777777777777,0.057554054054053894,0.08134609609609611,0.08431831831831821,37,36,0.5600147794775315,0.8172222222222213,68.36986301369863,73,47
641,641.0,0.5159117647058824,0.37817647058823534,0.36155882352941177,0.5053823529411765,0.33799999999999997,0.3784705882352941,0.0044250216262975775,0.009101498269896193,0.006227481833910036,0.006679353806228374,0.017087470588235298,0.0050890138408304485,0.5734705882352942,0.2952647058823529,0.44129411764705884,0.05755882352941177,0.08291176470588246,0.07973529411764707,34,34,0.5493343296960611,0.7964705882352932,67.55882352941177,68,54
642,642.0,0.5159117647058824,0.37817647058823534,0.36155882352941177,0.510151515151515,0.3396363636363636,0.3839393939393939,0.0044250216262975775,0.009101498269896193,0.006227481833910036,0.006108431588613407,0.017514231404958683,0.004226359963269053,0.5782424242424242,0.2971818181818182,0.45069696969696965,0.06233065953654182,0.08099465240641712,0.08913814616755789,34,33,0.5092094641141017,0.8560606060606051,68.02985074626865,67,56
643,643.0,0.5161388888888889,0.38166666666666665,0.35930555555555554,0.5085625,0.33878125000000003,0.38275000000000003,0.004209452932098765,0.009336500000000001,0.005982045524691358,0.0062159960937500005,0.0180374208984375,0.00431175,0.5914062499999999,0.30646874999999996,0.4431875,0.07526736111111099,0.0751979166666667,0.08388194444444447,36,32,0.537468787502579,0.891874999999999,67.55882352941177,68,53
644,644.0,0.5166857142857143,0.38134285714285715,0.3638571428571428,0.5085625,0.33878125000000003,0.38275000000000003,0.00431895836734694,0.009599482448979594,0.005407151020408163,0.0062159960937500005,0.0180374208984375,0.00431175,0.5914062499999999,0.30646874999999996,0.4431875,0.07472053571428561,0.0748741071428572,0.07933035714285719,35,32,0.5397701384435484,0.923749999999999,67.8955223880597,67,51
645,645.0,0.5168529411764706,0.3816176470588235,0.36158823529411765,0.51209375,0.34328125,0.3814375,0.004445007785467129,0.009879177335640138,0.0053860069204152245,0.006196022460937501,0.0171641396484375,0.00425424609375,0.60053125,0.3056875,0.451,0.08367830882352933,0.0759301470588235,0.08941176470588236,34,32,0.5206701929661013,0.9443749999999991,66.60606060606061,66,47
646,646.0,0.5211428571428572,0.3834,0.3612571428571429,0.51209375,0.34328125,0.3814375,0.004704751020408164,0.009729497142857145,0.005319848163265306,0.006196022460937501,0.0171641396484375,0.00425424609375,0.60053125,0.3056875,0.451,0.07938839285714272,0.07771250000000002,0.08974285714285712,35,32,0.49366040509088527,0.923124999999999,67.40298507462687,67,51
647,647.0,0.5174848484848484,0.38921212121212123,0.3634545454545455,0.51209375,0.34328125,0.3814375,0.004039946740128559,0.010101500459136823,0.0049187327823691455,0.006196022460937501,0.0171641396484375,0.00425424609375,0.60053125,0.3056875,0.451,0.08304640151515152,0.08352462121212123,0.08754545454545454,33,32,0.5719311910802409,0.9418749999999989,67.9076923076923,65,45
648,648.0,0.5174848484848484,0.38921212121212123,0.3634545454545455,0.5124193548387096,0.3470967741935484,0.37945161290322577,0.004039946740128559,0.010101500459136823,0.0049187327823691455,0.006581146722164413,0.0203630551508845,0.004115731529656608,0.6080322580645161,0.31341935483870964,0.44141935483870964,0.09054740957966767,0.07579276637341159,0.07796480938416417,33,31,0.5881593289997575,0.9019354838709668,68.0,64,46
649,649.0,0.5202727272727273,0.39106060606060605,0.3598484848484849,0.5146875,0.35109375,0.38528124999999996,0.004425349862258954,0.01002890541781451,0.005071280073461891,0.00653496484375,0.0202219599609375,0.005040639648437499,0.6094999999999999,0.32275,0.4423125,0.0892272727272726,0.06831060606060607,0.08246401515151508,33,32,0.6114014026737367,0.895937499999999,66.93846153846154,65,45
650,650.0,0.5216060606060606,0.3921515151515152,0.36257575757575755,0.5063124999999999,0.350125,0.382625,0.00431351147842057,0.00961303764921947,0.004999213957759413,0.00652658984375,0.020489546875,0.005080234374999999,0.5895937499999999,0.32275,0.44056249999999997,0.06798768939393929,0.06940151515151521,0.07798674242424242,33,32,0.6041631257576262,0.839687499999999,66.98461538461538,65,49
651,651.0,0.52215625,0.39065625000000004,0.36075,0.5063124999999999,0.350125,0.382625,0.0044383193359375,0.009839663085937502,0.0050454375000000004,0.00652658984375,0.020489546875,0.005080234374999999,0.5895937499999999,0.32275,0.44056249999999997,0.06743749999999993,0.06790625000000006,0.07981249999999995,32,32,0.6457196463462958,0.862187499999999,68.484375,64,48
652,652.0,0.52215625,0.39065625000000004,0.36075,0.5116129032258064,0.35964516129032253,0.38383870967741934,0.0044383193359375,0.009839663085937502,0.0050454375000000004,0.005838108220603539,0.018250228928199795,0.00519697398543184,0.5991935483870967,0.3269354838709677,0.4420645161290323,0.07703729838709672,0.06372076612903232,0.08131451612903229,32,31,0.6211099239551636,0.8980645161290314,69.87301587301587,63,51
653,653.0,0.5276562499999999,0.399625,0.367625,0.5104,0.3548666666666667,0.3872999999999999,0.0038343505859375006,0.009541171875,0.003915359375,0.005987106666666666,0.01815071555555556,0.004998809999999998,0.5884,0.3110666666666667,0.4560666666666667,0.060743750000000096,0.0885583333333333,0.0884416666666667,32,30,0.6361545074668316,0.9336666666666656,69.7258064516129,62,50
654,654.0,0.5276562499999999,0.399625,0.367625,0.5038387096774194,0.34525806451612906,0.383483870967742,0.0038343505859375006,0.009541171875,0.003915359375,0.005353877211238293,0.017054320499479712,0.005253152965660769,0.574,0.3081612903225806,0.463516129032258,0.04634375000000002,0.0914637096774194,0.095891129032258,32,31,0.6438406689393723,0.9232258064516119,70.14285714285714,63,49
655,655.0,0.5229032258064517,0.3989354838709678,0.36648387096774193,0.5041034482758622,0.35000000000000003,0.38624137931034486,0.0032351196670135276,0.009833737773152966,0.0039999916753381895,0.005089472057074911,0.015557586206896554,0.005707907253269916,0.5922068965517241,0.31589655172413794,0.46172413793103445,0.06930367074527244,0.08303893214682984,0.09524026696329252,31,29,0.6635130204566304,0.8965517241379299,68.86666666666666,60,50
656,656.0,0.524375,0.39784375000000005,0.36803125000000003,0.5051785714285714,0.34875,0.3775357142857142,0.003201171875,0.0095633818359375,0.0039492177734374995,0.005288003826530613,0.015691830357142857,0.005553177295918366,0.6098928571428572,0.32792857142857146,0.45046428571428565,0.0855178571428572,0.0699151785714286,0.08243303571428562,32,28,0.6377397608225761,0.805357142857142,67.66666666666667,60,54
657,657.0,0.5246129032258063,0.3945483870967742,0.3623870967741936,0.5051785714285714,0.34875,0.3775357142857142,0.0033026243496357965,0.009524376690946933,0.003057204994797086,0.005288003826530613,0.015691830357142857,0.005553177295918366,0.6098928571428572,0.32792857142857146,0.45046428571428565,0.0852799539170509,0.06661981566820274,0.08807718894009203,31,28,0.6632337545133241,0.8367857142857134,68.10169491525424,59,52
658,658.0,0.5278999999999999,0.4026,0.3620333333333334,0.5051785714285714,0.34875,0.3775357142857142,0.0030777566666666673,0.007832173333333336,0.003155232222222222,0.005288003826530613,0.015691830357142857,0.005553177295918366,0.6098928571428572,0.32792857142857146,0.45046428571428565,0.08199285714285731,0.07467142857142856,0.08843095238095228,30,28,0.6910092768224295,0.850357142857142,69.79310344827586,58,53
659,659.0,0.5292413793103449,0.4021379310344828,0.36310344827586205,0.5079666666666667,0.3532666666666667,0.37313333333333326,0.0031299072532699162,0.008095843043995243,0.003229678953626635,0.005045965555555557,0.015208662222222225,0.0056047155555555535,0.6296,0.3656,0.42753333333333327,0.10035862068965518,0.03653793103448283,0.06442988505747121,29,30,0.708994444389449,0.8496666666666659,69.69491525423729,59,51
660,660.0,0.5292413793103449,0.4021379310344828,0.36310344827586205,0.5079666666666667,0.3532666666666667,0.37313333333333326,0.0031299072532699162,0.008095843043995243,0.003229678953626635,0.005045965555555557,0.015208662222222225,0.0056047155555555535,0.6296,0.3656,0.42753333333333327,0.10035862068965518,0.03653793103448283,0.06442988505747121,29,30,0.6882044126174464,0.8503333333333323,70.69491525423729,59,54
661,661.0,0.5339310344827586,0.3995862068965517,0.3596896551724139,0.5079666666666667,0.3532666666666667,0.37313333333333326,0.0028336504161712247,0.008314587395957194,0.0027646967895362663,0.005045965555555557,0.015208662222222225,0.0056047155555555535,0.6296,0.3656,0.42753333333333327,0.09566896551724147,0.03398620689655174,0.06784367816091935,29,30,0.6731160257844189,0.836999999999999,70.91525423728814,59,57
662,662.0,0.5326666666666667,0.3905333333333333,0.3637000000000001,0.5043448275862069,0.34206896551724136,0.3742758620689654,0.002785555555555556,0.010414115555555556,0.0031389433333333327,0.004826432818073723,0.011971443519619502,0.005758820451843043,0.6222068965517241,0.35620689655172416,0.4414827586206897,0.08954022988505739,0.034326436781609126,0.07778275862068962,30,29,0.687249354094514,0.8248275862068957,71.20338983050847,59,58
663,663.0,0.5318387096774193,0.39164516129032256,0.3700322580645162,0.5043448275862069,0.34206896551724136,0.3742758620689654,0.0027305223725286164,0.010118874089490117,0.0035759667013527566,0.004826432818073723,0.011971443519619502,0.005758820451843043,0.6222068965517241,0.35620689655172416,0.4414827586206897,0.09036818687430481,0.0354382647385984,0.07145050055617352,31,29,0.6788321807764565,0.7882758620689645,70.8,60,60
664,664.0,0.5318387096774193,0.39164516129032256,0.3700322580645162,0.49818518518518523,0.33907407407407414,0.3736666666666666,0.0027305223725286164,0.010118874089490117,0.0035759667013527566,0.004233632373113855,0.012714661179698218,0.006177777777777776,0.6163333333333334,0.35588888888888887,0.42925925925925923,0.08449462365591409,0.0357562724014337,0.059227001194743056,31,27,0.7194845499516374,0.8429629629629619,71.5,58,59
665,665.0,0.5314333333333334,0.3895666666666667,0.36743333333333333,0.5034230769230769,0.3471538461538462,0.37607692307692303,0.002816445555555555,0.010322245555555557,0.0034857788888888897,0.004261013313609468,0.014115668639053254,0.006289763313609465,0.6327307692307692,0.3926538461538462,0.4198461538461538,0.10129743589743578,0.003087179487179459,0.05241282051282048,30,26,0.722283336973087,0.8503846153846144,71.48214285714286,56,62
666,666.0,0.5350625,0.38596874999999997,0.36740625,0.5015185185185185,0.34366666666666673,0.37511111111111106,0.0029789960937499998,0.009907280273437503,0.0032859912109374995,0.004197508916323732,0.01390903703703704,0.006081061728395059,0.6441851851851852,0.40974074074074074,0.4064444444444444,0.1091226851851852,0.023771990740740767,0.039038194444444396,32,27,0.6800371629309114,0.8451851851851843,72.72881355932203,59,63
667,667.0,0.5357058823529411,0.38273529411764706,0.3659411764705882,0.5015185185185185,0.34366666666666673,0.37511111111111106,0.00287061937716263,0.009621724048442908,0.0031270553633217994,0.004197508916323732,0.01390903703703704,0.006081061728395059,0.6441851851851852,0.40974074074074074,0.4064444444444444,0.10847930283224405,0.027005446623093676,0.04050326797385617,34,27,0.643912935783316,0.7718518518518507,73.62295081967213,61,69
668,668.0,0.5357058823529411,0.38273529411764706,0.3659411764705882,0.5015185185185185,0.34366666666666673,0.37511111111111106,0.00287061937716263,0.009621724048442908,0.0031270553633217994,0.004197508916323732,0.01390903703703704,0.006081061728395059,0.6441851851851852,0.40974074074074074,0.4064444444444444,0.10847930283224405,0.027005446623093676,0.04050326797385617,34,27,0.6475240934156682,0.8429629629629618,74.62295081967213,61,67
669,669.0,0.5357058823529411,0.38273529411764706,0.3659411764705882,0.5008571428571428,0.3441428571428572,0.3737499999999999,0.00287061937716263,0.009621724048442908,0.0031270553633217994,0.004059408163265306,0.013418408163265309,0.0059139017857142845,0.6274642857142857,0.3951071428571429,0.41253571428571423,0.09175840336134455,0.012371848739495817,0.046594537815126014,34,28,0.6467234863421382,0.815357142857142,75.61290322580645,62,69
670,670.0,0.5369729729729729,0.387972972972973,0.3653243243243243,0.4976896551724138,0.338448275862069,0.3742758620689654,0.0034876479181884584,0.010019756026296569,0.0029792461650840025,0.004200351961950059,0.013863695600475625,0.005717717003567182,0.608448275862069,0.3833448275862069,0.41734482758620683,0.07147530288909609,0.0046281453867660916,0.05202050326188251,37,29,0.6503075106792615,0.7331034482758612,75.0909090909091,66,70
671,671.0,0.5371111111111111,0.39044444444444454,0.36330555555555555,0.49735483870967745,0.335483870967742,0.37219354838709673,0.0035838209876543218,0.01007208024691358,0.0029112121913580247,0.0039317773152965675,0.013197346514047865,0.005651768990634754,0.6000322580645161,0.3660645161290323,0.40806451612903216,0.062921146953405,0.024379928315412247,0.044758960573476614,36,31,0.6450835929104773,0.7835483870967733,74.16417910447761,67,67
672,672.0,0.5341111111111111,0.3864722222222222,0.36297222222222225,0.4945000000000001,0.3335,0.3698928571428572,0.004013487654320988,0.00994463811728395,0.0029373047839506175,0.0039028214285714287,0.013724035714285715,0.0057651670918367325,0.5958571428571428,0.3763571428571429,0.4045714285714285,0.06174603174603166,0.010115079365079327,0.041599206349206275,36,28,0.6531597030452856,0.8171428571428562,72.96875,64,66
673,673.0,0.5341111111111111,0.3864722222222222,0.36297222222222225,0.49596296296296305,0.33811111111111114,0.37025925925925923,0.004013487654320988,0.00994463811728395,0.0029373047839506175,0.003987443072702332,0.013636987654320988,0.005974932784636485,0.5932592592592592,0.38681481481481483,0.39274074074074067,0.05914814814814806,0.00034259259259261654,0.029768518518518416,36,27,0.6118594789291261,0.8699999999999991,73.38095238095238,63,68
674,674.0,0.5341111111111111,0.3864722222222222,0.36297222222222225,0.49414814814814817,0.3325185185185186,0.37218518518518523,0.004013487654320988,0.00994463811728395,0.0029373047839506175,0.004250792866941015,0.014786990397805212,0.0058508175582990376,0.5697407407407407,0.3631111111111111,0.4056296296296296,0.03562962962962957,0.02336111111111111,0.042657407407407366,36,27,0.6219481437018558,0.8551851851851845,73.12698412698413,63,70
675,675.0,0.5341111111111111,0.3864722222222222,0.36297222222222225,0.49271428571428577,0.3341428571428572,0.3722500000000001,0.004013487654320988,0.00994463811728395,0.0029373047839506175,0.0041544897959183685,0.014330122448979592,0.005641973214285713,0.5719285714285715,0.35564285714285715,0.4090357142857143,0.03781746031746036,0.030829365079365068,0.04606349206349203,36,28,0.6042590306968078,0.8807142857142851,73.140625,64,70
676,676.0,0.5311714285714285,0.3887142857142858,0.3623714285714285,0.4909230769230769,0.33126923076923076,0.37707692307692314,0.0038170563265306125,0.010047804081632654,0.003008233469387755,0.004334917159763314,0.015270658284023669,0.005635763313609466,0.5564615384615385,0.34542307692307683,0.404076923076923,0.025290109890109935,0.04329120879120896,0.04170549450549449,35,26,0.6571888808413686,0.8773076923076913,72.60655737704919,61,68
677,677.0,0.5321176470588236,0.3922058823529412,0.3655294117647059,0.49200000000000005,0.33623999999999993,0.3745200000000001,0.0038979861591695504,0.009916634083044981,0.0027476608996539788,0.00447816,0.015239062399999998,0.005691209599999998,0.55324,0.35412,0.39588,0.02112235294117637,0.03808588235294119,0.03035058823529413,34,25,0.6962774474820959,0.9003999999999991,72.0677966101695,59,65
678,678.0,0.5321176470588236,0.3922058823529412,0.3655294117647059,0.49200000000000005,0.33623999999999993,0.3745200000000001,0.0038979861591695504,0.009916634083044981,0.0027476608996539788,0.00447816,0.015239062399999998,0.005691209599999998,0.55324,0.35412,0.39588,0.02112235294117637,0.03808588235294119,0.03035058823529413,34,25,0.7671991532356898,0.9203999999999992,73.0677966101695,59,61
679,679.0,0.5332727272727272,0.3913333333333333,0.3627272727272727,0.4923333333333333,0.3359166666666667,0.3739166666666667,0.003970743801652893,0.010191252525252527,0.0025639559228650133,0.004661972222222223,0.015871409722222226,0.0059192430555555535,0.5674166666666666,0.368875,0.3887083333333334,0.03414393939393934,0.022458333333333302,0.025981060606060702,33,24,0.7803244393087516,0.9374999999999991,73.3157894736842,57,64
680,680.0,0.5332727272727272,0.3913333333333333,0.3627272727272727,0.4932916666666667,0.33674999999999994,0.38066666666666665,0.003970743801652893,0.010191252525252527,0.0025639559228650133,0.005183706597222223,0.016942020833333335,0.0053966388888888875,0.541,0.36116666666666664,0.38075,0.007727272727272805,0.030166666666666675,0.0180227272727273,33,24,0.7614644702139851,0.9674999999999992,73.56140350877193,57,62
681,681.0,0.5338611111111111,0.39888888888888885,0.35874999999999996,0.4929130434782609,0.33186956521739125,0.37813043478260866,0.003794841820987654,0.010920320987654324,0.0030776874999999997,0.005755209829867674,0.017075678638941393,0.004691243856332702,0.5274347826086957,0.338,0.39386956521739136,0.006426328502415424,0.060888888888888826,0.0351195652173914,36,23,0.7154430149148394,0.8239130434782601,70.94915254237289,59,67
682,682.0,0.5328333333333334,0.3961666666666666,0.3584722222222223,0.4902272727272727,0.3241363636363636,0.3782272727272727,0.0036855833333333324,0.010460416666666668,0.003114693672839506,0.005850902892561984,0.016476390495867767,0.004904266528925619,0.506818181818182,0.319,0.4054545454545455,0.026015151515151436,0.0771666666666666,0.04698232323232321,36,22,0.748389031501836,0.8209090909090903,69.58620689655173,58,67
683,683.0,0.5332647058823531,0.3957058823529412,0.3578235294117647,0.49413636363636365,0.3246363636363636,0.3811363636363636,0.0038369005190311434,0.010252854671280278,0.0032605570934256052,0.006576572314049587,0.0165095041322314,0.004970117768595039,0.49527272727272725,0.27968181818181814,0.42527272727272736,0.03799197860962583,0.11602406417112304,0.06744919786096265,34,22,0.7276612871293101,0.833636363636363,69.96428571428571,56,70
684,684.0,0.5307428571428573,0.38971428571428574,0.3597142857142857,0.4885833333333333,0.3293333333333333,0.37891666666666673,0.00394350530612245,0.011180489795918371,0.0032889469387755096,0.006376909722222222,0.015647138888888888,0.004610659722222222,0.5107499999999999,0.2992083333333333,0.3996666666666666,0.019992857142857368,0.09050595238095244,0.039952380952380906,35,24,0.7074973242232914,0.7524999999999994,69.50847457627118,59,73
685,685.0,0.5321176470588236,0.39055882352941174,0.3579117647058824,0.4885833333333333,0.3293333333333333,0.37891666666666673,0.003993339100346021,0.011484364186851212,0.0032719628027681655,0.006376909722222222,0.015647138888888888,0.004610659722222222,0.5107499999999999,0.2992083333333333,0.3996666666666666,0.021367647058823658,0.09135049019607844,0.04175490196078424,34,24,0.6876161684685812,0.7958333333333328,70.25862068965517,58,76
686,686.0,0.5332424242424243,0.38987878787878794,0.35857575757575755,0.48596153846153844,0.32134615384615384,0.38057692307692315,0.004071335169880625,0.01181665197428834,0.0033561230486685027,0.005977344674556214,0.015219226331360948,0.004682321005917158,0.5007307692307692,0.2825,0.4151538461538461,0.032511655011655094,0.10737878787878796,0.05657808857808855,33,26,0.6495590199936285,0.7476923076923071,69.72881355932203,59,78
687,687.0,0.5332424242424243,0.38987878787878794,0.35857575757575755,0.4854074074074074,0.3171481481481482,0.37918518518518524,0.004071335169880625,0.01181665197428834,0.0033561230486685027,0.005763945130315501,0.015113755829903975,0.004559262002743483,0.5046296296296295,0.272037037037037,0.4198148148148148,0.028612794612794756,0.11784175084175091,0.06123905723905726,33,27,0.6450023132395873,0.8166666666666659,69.8,60,74
688,688.0,0.528764705882353,0.38614705882352945,0.3587647058823529,0.4854074074074074,0.3171481481481482,0.37918518518518524,0.004613238754325259,0.011928654844290659,0.0032585916955017295,0.005763945130315501,0.015113755829903975,0.004559262002743483,0.5046296296296295,0.272037037037037,0.4198148148148148,0.024135076252723486,0.11411002178649243,0.06105010893246193,34,27,0.6812769533708419,0.8618518518518511,70.37704918032787,61,70
689,689.0,0.5312424242424242,0.3910909090909091,0.3593333333333333,0.4899642857142857,0.32507142857142857,0.37946428571428575,0.0045443048668503214,0.011459112947658404,0.0033463434343434335,0.006118748724489796,0.016268994897959185,0.004398534438775509,0.5082142857142856,0.2914285714285714,0.42710714285714285,0.023028138528138564,0.09966233766233767,0.06777380952380957,33,28,0.7017827133444408,0.8692857142857137,71.45901639344262,61,70
690,690.0,0.5312941176470588,0.38832352941176473,0.3624411764705882,0.4899642857142857,0.32507142857142857,0.37946428571428575,0.004410737024221453,0.011374807093425606,0.0035666583044982702,0.006118748724489796,0.016268994897959185,0.004398534438775509,0.5082142857142856,0.2914285714285714,0.42710714285714285,0.023079831932773187,0.09689495798319331,0.06466596638655464,34,28,0.7658077702625091,0.8578571428571422,72.5,62,67
691,691.0,0.53765625,0.38628124999999996,0.371375,0.4916,0.31883333333333336,0.3879333333333334,0.0051502880859374996,0.0115653271484375,0.0031122968749999996,0.00577364,0.015989605555555553,0.00514026222222222,0.5218999999999999,0.2788666666666667,0.43903333333333333,0.015756250000000027,0.10741458333333326,0.06765833333333332,32,30,0.7615493203223316,0.8166666666666661,72.03225806451613,62,69
692,692.0,0.5380294117647059,0.3821176470588235,0.37358823529411767,0.49720000000000003,0.32293333333333335,0.38906666666666667,0.004930087370242214,0.01117157439446367,0.0031488304498269895,0.005567560000000001,0.01592906222222222,0.005109662222222219,0.5397,0.28716666666666674,0.4391333333333334,0.0016705882352940904,0.09495098039215677,0.06554509803921571,34,30,0.7455501893531739,0.771666666666666,71.03125,64,71
693,693.0,0.5370571428571429,0.3783714285714285,0.37314285714285716,0.49720000000000003,0.32293333333333335,0.38906666666666667,0.004821368163265306,0.011329547755102042,0.003065608163265306,0.005567560000000001,0.01592906222222222,0.005109662222222219,0.5397,0.28716666666666674,0.4391333333333334,0.002642857142857058,0.09120476190476179,0.06599047619047621,35,30,0.7333635419934058,0.7583333333333326,72.2,65,73
694,694.0,0.5370571428571429,0.3783714285714285,0.37314285714285716,0.5039,0.3267333333333333,0.39346666666666663,0.004821368163265306,0.011329547755102042,0.003065608163265306,0.00525869,0.015390728888888889,0.005186515555555554,0.5573333333333333,0.2922666666666667,0.4380333333333334,0.020276190476190448,0.08610476190476185,0.06489047619047622,35,30,0.7166684892696429,0.8429999999999994,72.96923076923076,65,70
695,695.0,0.5407941176470589,0.3797058823529411,0.37476470588235294,0.5067666666666667,0.3308666666666667,0.39390000000000003,0.004474398788927336,0.011600442906574398,0.003063709342560554,0.005463178888888889,0.016012382222222222,0.005258289999999998,0.5603666666666667,0.31050000000000005,0.43726666666666675,0.01957254901960781,0.06920588235294106,0.0625019607843138,34,30,0.70596104357223,0.8476666666666662,73.078125,64,71
696,696.0,0.5407941176470589,0.3797058823529411,0.37476470588235294,0.5067666666666667,0.3308666666666667,0.39390000000000003,0.004474398788927336,0.011600442906574398,0.003063709342560554,0.005463178888888889,0.016012382222222222,0.005258289999999998,0.5603666666666667,0.31050000000000005,0.43726666666666675,0.01957254901960781,0.06920588235294106,0.0625019607843138,34,30,0.6800199793263488,0.8243333333333326,74.078125,64,76
697,697.0,0.5436285714285715,0.38539999999999996,0.37525714285714284,0.5059,0.32570000000000005,0.3950666666666667,0.004619719183673469,0.012371382857142859,0.002984419591836734,0.005526156666666666,0.016516476666666665,0.005164995555555555,0.5762666666666667,0.31050000000000005,0.4444000000000001,0.032638095238095244,0.07489999999999991,0.06914285714285723,35,30,0.6511052317924544,0.8249999999999993,75.06153846153846,65,76
698,698.0,0.5486176470588235,0.3984117647058824,0.36973529411764705,0.5115000000000001,0.33629999999999993,0.39386666666666664,0.004393942041522491,0.009453948096885812,0.0026836652249134945,0.005350316666666665,0.016664876666666665,0.005221315555555555,0.5944333333333331,0.33093333333333336,0.44636666666666674,0.045815686274509604,0.06747843137254905,0.0766313725490197,34,30,0.7053816993868267,0.8556666666666661,75.78125,64,71
699,699.0,0.549257142857143,0.4016857142857143,0.36888571428571426,0.5105625,0.33571875,0.396125,0.004282305306122449,0.009548272653061225,0.0026315297959183673,0.00499512109375,0.0159725146484375,0.005331546874999999,0.60478125,0.33996875,0.43153125,0.05552410714285705,0.061716964285714326,0.06264553571428572,35,32,0.6526781741665039,0.7884374999999995,75.64179104477611,67,76
700,700.0,0.549735294117647,0.40476470588235297,0.3660588235294117,0.508875,0.33578125000000003,0.39296875,0.004400253460207612,0.00949729757785467,0.002429231833910034,0.004687046875,0.0159760458984375,0.005470717773437499,0.6016874999999999,0.3403125,0.4149375,0.05195220588235294,0.06445220588235295,0.0488786764705883,34,32,0.6504360647336322,0.8881249999999995,75.51515151515152,66,72
701,701.0,0.5491818181818182,0.40730303030303033,0.3656363636363636,0.508875,0.33578125000000003,0.39296875,0.004523179063360881,0.009566029384756657,0.002496776859504132,0.004687046875,0.0159760458984375,0.005470717773437499,0.6016874999999999,0.3403125,0.4149375,0.052505681818181715,0.06699053030303032,0.04930113636363642,33,32,0.6129744899163694,0.8949999999999995,76.06153846153846,65,76
702,702.0,0.5506875,0.41318750000000004,0.36478125000000006,0.5069354838709678,0.3284516129032258,0.3919032258064516,0.0045897148437499995,0.008722277343750001,0.0025506708984375,0.004717866805411031,0.014772247658688871,0.005610861602497399,0.5888387096774194,0.32716129032258057,0.4247096774193548,0.03815120967741936,0.08602620967741947,0.059928427419354724,32,31,0.6370790398271314,0.9222580645161284,75.76190476190476,63,75
703,703.0,0.5515714285714286,0.40514285714285714,0.3613571428571428,0.5087666666666667,0.3309666666666667,0.3933,0.004068173469387755,0.007456551020408163,0.002465086734693878,0.004771178888888888,0.015068565555555557,0.005737409999999999,0.5770666666666667,0.3096,0.4369333333333333,0.025495238095238126,0.09554285714285715,0.07557619047619046,28,30,0.7029676565140125,0.962666666666666,77.24137931034483,58,77
704,704.0,0.554,0.40296296296296297,0.36081481481481475,0.5087666666666667,0.3309666666666667,0.3933,0.004053703703703704,0.007599665294924553,0.0025481508916323724,0.004771178888888888,0.015068565555555557,0.005737409999999999,0.5770666666666667,0.3096,0.4369333333333333,0.02306666666666668,0.09336296296296298,0.07611851851851853,27,30,0.7012383863561202,1.0226666666666657,77.59649122807018,57,77
705,705.0,0.5492692307692308,0.3976923076923077,0.35903846153846153,0.5128,0.34040000000000004,0.38973333333333327,0.0036053505917159755,0.007141905325443787,0.002560960059171597,0.004502693333333333,0.015310373333333334,0.005815995555555555,0.6065333333333335,0.3367666666666666,0.4200333333333333,0.05726410256410264,0.060925641025641075,0.060994871794871786,26,30,0.7039463990403475,1.009666666666666,77.42857142857143,56,79
706,706.0,0.5394074074074074,0.3841851851851852,0.3667037037037037,0.5144137931034483,0.3440344827586207,0.39096551724137935,0.00447157475994513,0.008998669410150891,0.003083838134430727,0.004579828775267538,0.015442033293697978,0.005970998810939356,0.6033103448275863,0.3468620689655173,0.4094137931034483,0.06390293742017883,0.037323116219667885,0.04271008939974458,27,29,0.6973709265339109,0.9862068965517236,75.42857142857143,56,79
707,707.0,0.5392692307692308,0.3857692307692308,0.3678461538461538,0.5101785714285715,0.3369642857142857,0.3916071428571429,0.004643042899408283,0.009277023668639054,0.0031672071005917155,0.004223218112244897,0.014543891581632652,0.00617230994897959,0.6042142857142858,0.3321071428571428,0.40114285714285713,0.06494505494505498,0.053662087912087986,0.03329670329670331,26,28,0.6817540238052694,0.9882142857142852,75.20370370370371,54,81
708,708.0,0.5385384615384615,0.38580769230769235,0.3654615384615385,0.5101785714285715,0.3369642857142857,0.3916071428571429,0.004662633136094673,0.009279386094674557,0.0034707869822485204,0.004223218112244897,0.014543891581632652,0.00617230994897959,0.6042142857142858,0.3321071428571428,0.40114285714285713,0.0656758241758243,0.05370054945054953,0.03568131868131863,26,28,0.6658523423048078,0.9946428571428566,74.29629629629629,54,82
709,709.0,0.5361724137931035,0.3786551724137931,0.3701379310344828,0.5094642857142857,0.3395357142857143,0.386,0.004250901307966706,0.010549467300832342,0.003419912009512485,0.004202963010204081,0.014501463010204083,0.0054916428571428555,0.6031428571428572,0.33503571428571416,0.395,0.06697044334975366,0.043619458128078936,0.024862068965517237,29,28,0.649145865195142,0.9053571428571423,72.63157894736842,57,86
710,710.0,0.5345333333333334,0.3812,0.36796666666666666,0.5126,0.3434,0.383,0.0041871155555555555,0.010385626666666667,0.0034426322222222217,0.004204573333333332,0.013881773333333337,0.005261133333333333,0.6217000000000001,0.34536666666666654,0.38870000000000005,0.08716666666666673,0.03583333333333344,0.02073333333333338,30,30,0.6207971159736706,0.8276666666666661,71.56666666666666,60,90
711,711.0,0.5270645161290324,0.3696129032258064,0.3663548387096774,0.5164687499999999,0.34803125,0.38006249999999997,0.005179221644120708,0.012840043704474507,0.0034451321540062427,0.004173186523437499,0.013514780273437499,0.005061808593749999,0.6289375,0.34940625000000003,0.36853125,0.10187298387096766,0.020206653225806392,0.0021764112903225885,31,32,0.6044228864429533,0.7821874999999995,70.44444444444444,63,89
712,712.0,0.526,0.3704545454545454,0.3641212121212121,0.5201666666666667,0.35660000000000003,0.3772666666666667,0.005037454545454545,0.01243685399449036,0.0034744095500459137,0.004231538888888889,0.013220573333333334,0.005107528888888888,0.6264333333333333,0.3688666666666666,0.34446666666666664,0.10043333333333326,0.0015878787878788048,0.01965454545454548,33,30,0.5888636831759065,0.794666666666666,70.12698412698413,63,89
713,713.0,0.526,0.3704545454545454,0.3641212121212121,0.5201666666666667,0.35660000000000003,0.3772666666666667,0.005037454545454545,0.01243685399449036,0.0034744095500459137,0.004231538888888889,0.013220573333333334,0.005107528888888888,0.6264333333333333,0.3688666666666666,0.34446666666666664,0.10043333333333326,0.0015878787878788048,0.01965454545454548,33,30,0.5576131097303486,0.9046666666666661,71.12698412698413,63,86
714,714.0,0.5291428571428571,0.3654857142857143,0.36734285714285714,0.5201666666666667,0.35660000000000003,0.3772666666666667,0.0049208081632653045,0.012190249795918366,0.0035928538775510197,0.004231538888888889,0.013220573333333334,0.005107528888888888,0.6264333333333333,0.3688666666666666,0.34446666666666664,0.09729047619047615,0.003380952380952318,0.022876190476190494,35,30,0.571082387246744,0.8729999999999994,71.78461538461538,65,86
715,715.0,0.5225454545454545,0.36054545454545456,0.3652424242424242,0.5170645161290323,0.3485161290322581,0.37700000000000006,0.004863763085399448,0.011400126721763087,0.00394478971533517,0.004383737773152965,0.014754572320499478,0.004944903225806451,0.6174516129032257,0.36274193548387096,0.3472258064516129,0.09490615835777116,0.002196480938416401,0.018016617790811318,33,31,0.6031569308304435,0.8567741935483865,69.796875,64,85
716,716.0,0.5187878787878787,0.3677575757575758,0.363969696969697,0.5178064516129031,0.3528709677419355,0.3794193548387097,0.005454955004591367,0.01148448668503214,0.00401505968778696,0.004452091571279916,0.01559772528616025,0.005047920915712798,0.6191612903225806,0.37393548387096776,0.34893548387096773,0.10037341153470192,0.006177908113391972,0.015034213098729265,33,31,0.6112764838987759,0.859677419354838,68.5625,64,84
717,717.0,0.5163636363636365,0.3674545454545455,0.36666666666666664,0.5178064516129031,0.3528709677419355,0.3794193548387097,0.005355928374655646,0.011538187327823692,0.00412931313131313,0.004452091571279916,0.01559772528616025,0.005047920915712798,0.6191612903225806,0.37393548387096776,0.34893548387096773,0.10279765395894414,0.006480938416422277,0.017731182795698908,33,31,0.5936899461157291,0.8629032258064511,69.0625,64,85
718,718.0,0.5193235294117649,0.36979411764705883,0.36726470588235294,0.5157999999999999,0.35426666666666673,0.37653333333333333,0.005487512975778546,0.011379457612456748,0.0040196652249134945,0.004475693333333333,0.016057262222222226,0.004957982222222221,0.6170333333333333,0.3813000000000001,0.3425333333333334,0.09770980392156847,0.011505882352941255,0.024731372549019526,34,30,0.6288348612223968,0.910666666666666,68.84375,64,82
719,719.0,0.5198000000000002,0.36845714285714287,0.3697714285714286,0.5211333333333333,0.3537333333333334,0.37976666666666664,0.005338445714285714,0.011115105306122449,0.004118462040816326,0.0042787155555555545,0.01613512888888889,0.00461751222222222,0.6279333333333332,0.37993333333333335,0.35586666666666666,0.10813333333333308,0.011476190476190473,0.01390476190476192,35,30,0.6161164294170504,0.8546666666666662,69.04615384615384,65,85
720,720.0,0.5170000000000001,0.37036111111111114,0.3682777777777778,0.5217096774193548,0.3503548387096775,0.3807419354838709,0.005464555555555555,0.010933230709876545,0.004082145061728395,0.004150657648283038,0.01595706763787721,0.004497094693028094,0.6343225806451612,0.37074193548387097,0.36509677419354836,0.1173225806451611,0.00038082437275982484,0.003181003584229458,36,31,0.6581191745135222,0.867419354838709,69.68656716417911,67,80
721,721.0,0.5149411764705883,0.3661470588235294,0.3662058823529412,0.5196333333333333,0.34650000000000003,0.37733333333333335,0.005690643598615917,0.010898831314878895,0.004235810553633217,0.004155365555555555,0.016028316666666667,0.004286822222222221,0.6355666666666667,0.36483333333333334,0.36156666666666665,0.12062549019607838,0.0013137254901960382,0.004639215686274567,34,30,0.5981292676877294,0.9279999999999992,68.703125,64,78
722,722.0,0.5147878787878789,0.36666666666666664,0.3637878787878788,0.5196333333333333,0.34650000000000003,0.37733333333333335,0.0058622883379247,0.011219919191919194,0.0041653792470156105,0.004155365555555555,0.016028316666666667,0.004286822222222221,0.6355666666666667,0.36483333333333334,0.36156666666666665,0.12077878787878782,0.001833333333333298,0.0022212121212121794,33,30,0.5755625621581123,1.0213333333333325,69.28571428571429,63,77
723,723.0,0.5153749999999999,0.3736875,0.36375,0.5196333333333333,0.34650000000000003,0.37733333333333335,0.006034109374999999,0.00994390234375,0.0042955,0.004155365555555555,0.016028316666666667,0.004286822222222221,0.6355666666666667,0.36483333333333334,0.36156666666666665,0.12019166666666681,0.008854166666666663,0.0021833333333333704,32,30,0.5694739959841495,1.0146666666666662,71.12903225806451,62,81
724,724.0,0.510969696969697,0.36742424242424243,0.3624545454545455,0.5196333333333333,0.34650000000000003,0.37733333333333335,0.00647227180899908,0.010897880624426079,0.0042190358126721755,0.004155365555555555,0.016028316666666667,0.004286822222222221,0.6355666666666667,0.36483333333333334,0.36156666666666665,0.12459696969696976,0.002590909090909088,0.0008878787878788263,33,30,0.5505592454558238,1.0513333333333326,71.23809523809524,63,81
725,725.0,0.5085999999999999,0.36739999999999995,0.36166666666666664,0.5173749999999999,0.35215625,0.3784375,0.006650773333333334,0.01190544,0.003856755555555555,0.004085046875,0.015702444335937503,0.004262183593749998,0.6461875,0.38934375,0.3600625,0.13758750000000008,0.02194375000000004,0.0016041666666666288,30,32,0.5916051894096482,0.9731249999999992,69.87096774193549,62,81
726,726.0,0.505551724137931,0.3572758620689655,0.3614827586206897,0.5193939393939393,0.3519090909090909,0.38139393939393934,0.00675652318668252,0.011612820451843045,0.003959491082045185,0.004091693296602386,0.015228567493112948,0.004412723599632689,0.6440303030303031,0.38506060606060605,0.36515151515151517,0.13847857889237203,0.027784743991640548,0.00366875653082549,29,33,0.5957267642516028,0.9487878787878781,70.06451612903226,62,83
727,727.0,0.5057241379310345,0.3627241379310344,0.3615862068965517,0.5170588235294118,0.34555882352941175,0.3776470588235294,0.006787510107015458,0.011296820451843043,0.003961552913198573,0.003729173010380622,0.015295540657439448,0.004803875432525952,0.6521764705882354,0.37785294117647056,0.35632352941176465,0.1464523326572008,0.01512880324543614,0.005262677484787037,29,34,0.5899375100772792,0.8517647058823523,69.76190476190476,63,88
728,728.0,0.5083333333333333,0.36406666666666665,0.36146666666666666,0.52121875,0.34787500000000005,0.3748125,0.006758688888888888,0.010972528888888888,0.0038299155555555557,0.003597920898437499,0.016145296875,0.004652464843749999,0.65765625,0.39325,0.3540625,0.14932291666666675,0.02918333333333334,0.007404166666666656,30,32,0.6075223772246984,0.8646874999999992,68.96774193548387,62,88
729,729.0,0.5083333333333333,0.36406666666666665,0.36146666666666666,0.52178125,0.35503125,0.3771875,0.006758688888888888,0.010972528888888888,0.0038299155555555557,0.003679483398437499,0.0179636552734375,0.004647714843749999,0.66325,0.41171875,0.36521875000000004,0.1549166666666667,0.04765208333333337,0.003752083333333378,30,32,0.5812419941051121,0.8565624999999992,69.04838709677419,62,90
730,730.0,0.5102121212121213,0.3685454545454545,0.359030303030303,0.52178125,0.35503125,0.3771875,0.006536470156106519,0.012683581267217631,0.0035424536271808998,0.003679483398437499,0.0179636552734375,0.004647714843749999,0.66325,0.41171875,0.36521875000000004,0.15303787878787867,0.04317329545454551,0.006188446969697059,33,32,0.5423893433201754,0.8603124999999993,69.07692307692308,65,91
731,731.0,0.5089705882352942,0.3716470588235294,0.35926470588235293,0.52,0.35045161290322585,0.3779677419354839,0.006395087370242213,0.012627993079584773,0.0034400769896193763,0.003696645161290322,0.017871989594172733,0.004778160249739853,0.6646129032258065,0.403483870967742,0.35729032258064514,0.1556423149905123,0.031836812144212634,0.001974383301707794,34,31,0.5674932171493671,0.9167741935483862,68.56923076923077,65,86
732,732.0,0.5089705882352942,0.3716470588235294,0.35926470588235293,0.5223749999999999,0.35443749999999996,0.38284375000000004,0.006395087370242213,0.012627993079584773,0.0034400769896193763,0.003647234374999999,0.01788349609375,0.004730631835937499,0.6623125,0.41065624999999994,0.3625625,0.1533419117647058,0.03900919117647056,0.0032977941176470793,34,32,0.5186905899575036,0.8843749999999992,68.6969696969697,66,89
733,733.0,0.5051333333333333,0.37416666666666665,0.35046666666666665,0.5218787878787878,0.36021212121212115,0.38178787878787884,0.00703378222222222,0.01326107222222222,0.0029203822222222215,0.0035445913682277314,0.01840865197428834,0.004622955004591367,0.6712424242424242,0.4238484848484848,0.3516666666666667,0.16610909090909087,0.04968181818181816,0.0012000000000000344,30,33,0.5395260340591361,0.9142424242424234,67.52380952380952,63,89
734,734.0,0.5007586206896552,0.3722068965517241,0.3510689655172413,0.5211874999999999,0.3558125,0.386,0.006702183115338883,0.013603129607609989,0.0030102021403091554,0.003639589843749999,0.01834515234375,0.004181937499999998,0.6625624999999999,0.40725,0.35631250000000003,0.1618038793103448,0.03504310344827588,0.005243534482758716,29,32,0.5322109648816398,0.9306249999999991,67.19672131147541,61,90
735,735.0,0.49270967741935484,0.36493548387096775,0.35190322580645156,0.51803125,0.3518125,0.38609374999999996,0.006506593132154006,0.014115544224765865,0.0025767325702393345,0.003993780273437499,0.01875965234375,0.004179397460937499,0.66109375,0.40078125,0.35996875,0.1683840725806452,0.03584576612903223,0.008065524193548446,31,32,0.5469021856172533,0.8512499999999992,64.84126984126983,63,90
736,736.0,0.49053571428571424,0.36464285714285716,0.35014285714285714,0.5204848484848486,0.35027272727272724,0.3863333333333333,0.0060053915816326514,0.015014372448979593,0.0022544081632653065,0.004065401285583103,0.018267046831955923,0.004054585858585857,0.6645454545454546,0.391030303030303,0.3616666666666667,0.1740097402597403,0.02638744588744585,0.011523809523809547,28,33,0.5767753852835984,0.8909090909090902,63.85245901639344,61,87
737,737.0,0.4899655172413793,0.35855172413793107,0.35155172413793107,0.5187352941176471,0.3433235294117647,0.3868823529411764,0.005807412604042805,0.0155354887039239,0.0022322473246135554,0.004046841695501728,0.019323395328719725,0.003945280276816608,0.6554117647058824,0.38644117647058823,0.3623235294117647,0.16544624746450304,0.02788945233265716,0.010771805273833646,29,34,0.626908080276614,0.8979411764705874,64.84126984126983,63,83
738,738.0,0.49107142857142855,0.3582857142857144,0.3537142857142857,0.519,0.35051612903225804,0.3873870967741936,0.005979352040816325,0.016088275510204083,0.0021763469387755105,0.0038709677419354834,0.01862470135275754,0.004258043704474504,0.6701935483870968,0.3918387096774194,0.3447741935483872,0.17912211981566822,0.03355299539170503,0.008940092165898528,28,31,0.6261637087706576,0.9206451612903216,63.728813559322035,59,83
739,739.0,0.48528571428571426,0.3524642857142858,0.35275000000000006,0.5213125,0.34921875,0.38774999999999993,0.006004561224489794,0.016855248724489798,0.002225973214285714,0.003915777343749999,0.018094858398437497,0.004129062499999999,0.67321875,0.38371875,0.345875,0.1879330357142857,0.03125446428571421,0.0068750000000000755,28,32,0.6041990821813671,0.9609374999999992,63.03333333333333,60,80
740,740.0,0.48528571428571426,0.3524642857142858,0.35275000000000006,0.5213125,0.34921875,0.38774999999999993,0.006004561224489794,0.016855248724489798,0.002225973214285714,0.003915777343749999,0.018094858398437497,0.004129062499999999,0.67321875,0.38371875,0.345875,0.1879330357142857,0.03125446428571421,0.0068750000000000755,28,32,0.5858057369587716,0.9668749999999993,64.03333333333333,60,83
741,741.0,0.48528571428571426,0.3524642857142858,0.35275000000000006,0.5161764705882353,0.33982352941176475,0.3869411764705882,0.006004561224489794,0.016855248724489798,0.002225973214285714,0.00446538062283737,0.01848726297577855,0.004068173010380622,0.6677941176470589,0.36114705882352943,0.35967647058823526,0.1825084033613446,0.008682773109243647,0.006926470588235201,28,34,0.5785120039127074,0.9435294117647052,64.2258064516129,62,82
742,742.0,0.47960714285714284,0.33860714285714283,0.35092857142857137,0.5161764705882353,0.33982352941176475,0.3869411764705882,0.0063560242346938755,0.019087238520408164,0.0020669234693877553,0.00446538062283737,0.01848726297577855,0.004068173010380622,0.6677941176470589,0.36114705882352943,0.35967647058823526,0.18818697478991603,0.022539915966386603,0.008747899159663897,28,34,0.5756692281517884,1.0017647058823524,65.03225806451613,62,79
743,743.0,0.47289285714285717,0.31653571428571425,0.3512142857142857,0.5161764705882353,0.33982352941176475,0.3869411764705882,0.005814167091836733,0.017379248724489794,0.0021818826530612253,0.00446538062283737,0.01848726297577855,0.004068173010380622,0.6677941176470589,0.36114705882352943,0.35967647058823526,0.1949012605042017,0.04461134453781518,0.008462184873949563,28,34,0.6317194953107993,0.98735294117647,63.32258064516129,62,77
744,744.0,0.4677857142857143,0.30524999999999997,0.3545714285714286,0.5156857142857143,0.3404285714285715,0.38894285714285715,0.006568382653061225,0.017263973214285716,0.0025921734693877554,0.004345986938775509,0.01797150204081633,0.004088168163265304,0.6713428571428572,0.35482857142857144,0.3608,0.20355714285714294,0.04957857142857147,0.006228571428571417,28,35,0.6738496274373509,0.9628571428571421,64.9047619047619,63,75
745,745.0,0.4677857142857143,0.30524999999999997,0.3545714285714286,0.5146176470588234,0.33629411764705885,0.3926176470588235,0.006568382653061225,0.017263973214285716,0.0025921734693877554,0.004433883217993079,0.01790179584775086,0.0037357655709342554,0.6637058823529413,0.341,0.37049999999999994,0.19592016806722695,0.03575000000000006,0.015928571428571348,28,34,0.6560920962888054,1.065588235294117,65.01612903225806,62,70
746,746.0,0.4677857142857143,0.30524999999999997,0.3545714285714286,0.5146176470588234,0.33629411764705885,0.3926176470588235,0.006568382653061225,0.017263973214285716,0.0025921734693877554,0.004433883217993079,0.01790179584775086,0.0037357655709342554,0.6637058823529413,0.341,0.37049999999999994,0.19592016806722695,0.03575000000000006,0.015928571428571348,28,34,0.6204774222831171,1.1138235294117642,66.01612903225806,62,71
747,747.0,0.47803225806451616,0.3100322580645161,0.3584193548387097,0.5146176470588234,0.33629411764705885,0.3926176470588235,0.0070934505723204986,0.0176932570239334,0.0029859209157128,0.004433883217993079,0.01790179584775086,0.0037357655709342554,0.6637058823529413,0.341,0.37049999999999994,0.1856736242884251,0.030967741935483906,0.01208064516129026,31,34,0.6121340952183228,1.0708823529411755,66.96923076923076,65,73
748,748.0,0.48000000000000004,0.30579999999999996,0.35983333333333334,0.5108529411764706,0.3307058823529412,0.39017647058823535,0.007209866666666666,0.017727759999999995,0.003023472222222223,0.004379184256055362,0.01884620761245675,0.003525321799307958,0.6581764705882353,0.340264705882353,0.3664411764705883,0.17817647058823521,0.034464705882353064,0.006607843137254987,30,34,0.6487978654945236,1.0361764705882346,65.625,64,71
749,749.0,0.47853125,0.30003124999999997,0.36243749999999997,0.5184324324324324,0.3398918918918919,0.39316216216216215,0.006793499023437498,0.0172540927734375,0.0029374960937500003,0.004954191380569758,0.021398366691015337,0.003664676406135864,0.6488378378378379,0.3528108108108109,0.3781891891891893,0.17030658783783786,0.05277956081081092,0.015751689189189344,32,37,0.7039884235446079,0.9032432432432426,67.21739130434783,69,70
750,750.0,0.47830303030303034,0.30166666666666664,0.35936363636363633,0.5177368421052632,0.342,0.39310526315789474,0.006589302112029383,0.016816828282828284,0.0031508374655647383,0.004841720221606648,0.020999684210526316,0.003568357340720221,0.6470263157894737,0.35057894736842116,0.3822105263157896,0.16872328548644333,0.04891228070175452,0.022846889952153282,33,38,0.7399120243668229,0.9049999999999992,67.30985915492958,71,65
751,751.0,0.47811764705882354,0.30429411764705877,0.36079411764705877,0.5176923076923077,0.3357948717948718,0.3921282051282052,0.006396633217993078,0.01655003114186851,0.0031256929065743948,0.004717648915187377,0.021924368178829725,0.0035131374095989476,0.6469230769230769,0.3415897435897437,0.38392307692307703,0.1688054298642534,0.03729562594268493,0.02312895927601827,34,39,0.6969814171460397,0.8928205128205123,67.32876712328768,73,67
752,752.0,0.4830277777777778,0.3047777777777777,0.3659722222222222,0.5159210526315788,0.33213157894736844,0.38755263157894737,0.006499471450617284,0.015684561728395063,0.0034172492283950622,0.004719441135734071,0.021977956371191137,0.002789089335180056,0.6467105263157894,0.33447368421052637,0.38165789473684214,0.16368274853801162,0.029695906432748664,0.01568567251461994,36,38,0.6773757943522555,0.8586842105263152,67.27027027027027,74,70
753,753.0,0.4908947368421053,0.304657894736842,0.3691842105263157,0.5146216216216215,0.3283783783783784,0.38897297297297295,0.007305620498614957,0.014859961911357338,0.0034586765927977843,0.004782829802775749,0.022036667640613586,0.0027878100803506206,0.6381351351351352,0.32283783783783787,0.3914594594594595,0.14724039829302993,0.018179943100995855,0.022275248933143754,38,37,0.6670895314070064,0.8308108108108102,68.21333333333334,75,73
754,754.0,0.4908947368421053,0.304657894736842,0.3691842105263157,0.5161111111111111,0.33433333333333337,0.38852777777777775,0.007305620498614957,0.014859961911357338,0.0034586765927977843,0.004833598765432098,0.021336722222222222,0.0028579158950617287,0.6460277777777778,0.32527777777777783,0.3916666666666667,0.15513304093567248,0.020619883040935816,0.022482456140350993,38,36,0.6526423001552542,0.9247222222222212,69.35135135135135,74,70
755,755.0,0.4930833333333334,0.3079444444444444,0.36983333333333335,0.5178648648648648,0.3338108108108108,0.39189189189189183,0.007592354166666666,0.015296608024691356,0.003580472222222223,0.004813684441197954,0.020769883126369612,0.0031880964207450695,0.6481891891891891,0.3188378378378379,0.3903243243243244,0.15510585585585573,0.010893393393393513,0.020490990990991054,36,37,0.6306063300110675,0.8918918918918911,69.35616438356165,73,74
756,756.0,0.49125714285714295,0.3080857142857143,0.3696285714285714,0.5178648648648648,0.3338108108108108,0.39189189189189183,0.007689219591836735,0.015732935510204084,0.0036812620408163267,0.004813684441197954,0.020769883126369612,0.0031880964207450695,0.6481891891891891,0.3188378378378379,0.3903243243243244,0.15693204633204616,0.010752123552123627,0.020695752895752983,35,37,0.607709321983663,0.9194594594594587,70.90277777777777,72,76
757,757.0,0.4866111111111111,0.30094444444444446,0.3730555555555556,0.513974358974359,0.3297948717948718,0.3932307692307692,0.007261682098765432,0.014471552469135803,0.003783108024691358,0.005309666009204471,0.020003752794214333,0.0038336134122287967,0.6384615384615384,0.3093589743589744,0.393923076923077,0.1518504273504273,0.008414529914529956,0.020867521367521402,36,39,0.6113996039532519,0.8389743589743582,72.2,75,76
758,758.0,0.4876756756756757,0.3041351351351351,0.3796486486486487,0.5130000000000001,0.32917500000000005,0.392575,0.007062327246165084,0.014395035792549308,0.004102173849525201,0.00521395,0.019518644374999998,0.0037545443750000005,0.6364,0.30695,0.395075,0.14872432432432425,0.0028148648648648744,0.015426351351351286,37,40,0.5904991592272115,0.7977499999999992,72.64935064935065,77,77
759,759.0,0.4872499999999999,0.3087777777777778,0.38236111111111115,0.5130714285714286,0.3265714285714286,0.3894761904761905,0.0073153541666666645,0.01488933950617284,0.004276397376543211,0.005092066326530612,0.018736197278911567,0.003801249433106576,0.6344285714285715,0.2982142857142857,0.39090476190476187,0.14717857142857155,0.010563492063492108,0.008543650793650714,36,42,0.6175091415960133,0.7954761904761897,71.44871794871794,78,72
760,760.0,0.4842571428571428,0.3095428571428572,0.3792571428571429,0.5134878048780488,0.3264390243902439,0.38914634146341465,0.007201905306122447,0.015293676734693874,0.00405173387755102,0.005208981558596074,0.019192441403926234,0.003889393218322427,0.6369024390243903,0.30473170731707316,0.38853658536585367,0.15264529616724748,0.004811149825784011,0.009279442508710767,35,41,0.6090624659206871,0.8299999999999993,71.85526315789474,76,70
761,761.0,0.48574999999999996,0.3110833333333334,0.3821388888888889,0.5141,0.328275,0.39185000000000003,0.007079854166666665,0.014951909722222224,0.004229841820987654,0.00532384,0.019534049375,0.0036869275000000006,0.64225,0.30735,0.396775,0.15650000000000003,0.0037333333333333663,0.014636111111111072,36,40,0.600762177610161,0.8234999999999992,72.64473684210526,76,71
762,762.0,0.4878108108108108,0.31432432432432433,0.3805675675675676,0.5111052631578948,0.32973684210526316,0.3930263157894737,0.007041396639883126,0.014925948867786708,0.004204407596785975,0.0053707783933518004,0.02037982548476455,0.0037669729916897507,0.6342368421052632,0.3184473684210526,0.3883157894736842,0.14642603129445242,0.004123044096728257,0.007748221906116626,37,38,0.577878168483482,0.8605263157894728,73.92,75,73
763,763.0,0.49475,0.32708333333333334,0.37744444444444447,0.515897435897436,0.33402564102564103,0.39638461538461534,0.006538020833333334,0.014569243055555554,0.004114969135802469,0.004965015121630507,0.01907746088099935,0.004098954635108482,0.6458717948717949,0.315076923076923,0.38151282051282054,0.1511217948717949,0.01200641025641036,0.004068376068376067,36,39,0.6097501264589869,0.8638461538461533,71.97333333333333,75,69
764,764.0,0.49439999999999995,0.3270571428571429,0.3751428571428572,0.515897435897436,0.33402564102564103,0.39638461538461534,0.006720411428571427,0.014985482448979593,0.004041836734693878,0.004965015121630507,0.01907746088099935,0.004098954635108482,0.6458717948717949,0.315076923076923,0.38151282051282054,0.15147179487179496,0.011980219780219903,0.006369963369963316,35,39,0.6005437038708421,0.8751282051282044,72.97297297297297,74,71
765,765.0,0.49439999999999995,0.3270571428571429,0.3751428571428572,0.5139,0.333675,0.393275,0.006720411428571427,0.014985482448979593,0.004041836734693878,0.00499649,0.018605319375000002,0.004373599375,0.638775,0.31215000000000004,0.3739,0.14437500000000003,0.014907142857142841,0.0012428571428572122,35,40,0.570595747274446,0.9054999999999993,73.28,75,70
766,766.0,0.4858571428571428,0.32254285714285713,0.3739428571428572,0.5128684210526316,0.32613157894736844,0.3910789473684211,0.00630932244897959,0.01597327673469388,0.004019139591836734,0.004758166897506925,0.018366430055401662,0.004187125346260388,0.6299473684210527,0.2884473684210526,0.3813157894736842,0.14409022556390988,0.03409548872180451,0.007372932330827031,35,38,0.6148943174815001,0.8871052631578941,73.02739726027397,73,70
767,767.0,0.49408571428571424,0.3362,0.37457142857142856,0.5152051282051282,0.32646153846153847,0.3934102564102564,0.007659278367346938,0.017246902857142858,0.0040464734693877544,0.004843650230111769,0.01789963313609468,0.004286293228139382,0.6270256410256411,0.28738461538461535,0.37543589743589745,0.13293992673992683,0.04881538461538465,0.0008644688644688925,35,39,0.6206618982391104,0.8625641025641019,73.77027027027027,74,71
768,768.0,0.49951428571428574,0.33434285714285716,0.3764,0.5132926829268293,0.3211707317073171,0.39412195121951216,0.00858430693877551,0.01692291102040816,0.0039057257142857136,0.005013767995240928,0.018433556216537778,0.004070741225461035,0.629219512195122,0.29756097560975614,0.3698048780487805,0.1297052264808362,0.036781881533101024,0.006595121951219529,35,41,0.6483568566507658,0.785365853658536,71.98684210526316,76,70
769,769.0,0.49951428571428574,0.33434285714285716,0.3764,0.5151707317073171,0.3240243902439025,0.393390243902439,0.00858430693877551,0.01692291102040816,0.0039057257142857136,0.004819458655562166,0.017531243307555025,0.004128920880428317,0.6327560975609755,0.2984634146341463,0.3691463414634147,0.13324181184668976,0.03587944250871089,0.007253658536585328,35,41,0.6182561964246475,0.7541463414634142,72.57894736842105,76,73
770,770.0,0.5020000000000001,0.3312777777777778,0.3776666666666667,0.5179302325581395,0.3221162790697675,0.39672093023255806,0.008327888888888888,0.016827145061728395,0.003682944444444445,0.00495708815575987,0.016812986479177935,0.004165968631692807,0.635,0.288953488372093,0.3736976744186047,0.1329999999999999,0.04232428940568478,0.00396899224806202,36,43,0.6103339045463962,0.7599999999999993,72.40506329113924,79,69
771,771.0,0.5029714285714286,0.32894285714285715,0.3743428571428572,0.5179302325581395,0.3221162790697675,0.39672093023255806,0.00853185632653061,0.017111653877551022,0.003390453877551021,0.00495708815575987,0.016812986479177935,0.004165968631692807,0.635,0.288953488372093,0.3736976744186047,0.13202857142857138,0.039989368770764144,0.0006451827242525132,35,43,0.6297255688352683,0.7432558139534877,73.06410256410257,78,71
772,772.0,0.5061666666666667,0.32652777777777775,0.37375,0.5210454545454545,0.32731818181818184,0.3958863636363636,0.008652194444444445,0.016840471450617286,0.0033085763888888887,0.00526172520661157,0.017594444214876034,0.00410123708677686,0.6351363636363636,0.29811363636363636,0.3757727272727273,0.12896969696969696,0.02841414141414139,0.002022727272727287,36,44,0.6441035359724883,0.7315909090909084,72.675,80,69
773,773.0,0.5138857142857142,0.3324571428571429,0.3727714285714286,0.5278888888888889,0.34104444444444443,0.39564444444444447,0.008081358367346938,0.01517893387755102,0.0032364620408163263,0.006137432098765432,0.01756239802469136,0.004032718024691359,0.6356444444444443,0.31924444444444444,0.382488888888889,0.12175873015873018,0.013212698412698454,0.009717460317460402,35,45,0.6720149801781583,0.7079999999999994,73.0125,80,69
774,774.0,0.5140303030303031,0.33618181818181814,0.36927272727272725,0.5253043478260869,0.3409347826086957,0.3936086956521739,0.008528211202938476,0.015320573002754821,0.003051349862258954,0.005812081285444235,0.01643806096408318,0.003860368620037808,0.6498695652173911,0.33771739130434786,0.37071739130434783,0.13583926218708808,0.0015355731225297209,0.0014446640316205794,33,46,0.6875968190278035,0.7480434782608689,72.29113924050633,79,64
775,775.0,0.52165625,0.345125,0.37221875000000004,0.5297999999999999,0.34293333333333337,0.39577777777777773,0.0083801630859375,0.014511859374999998,0.0038134208984375003,0.005957315555555555,0.016713217777777782,0.0037455061728395066,0.6557333333333333,0.34162222222222227,0.38015555555555564,0.13407708333333324,0.0035027777777777436,0.007936805555555593,32,45,0.6326152922246362,0.7675555555555551,71.75324675324676,77,66
776,776.0,0.523939393939394,0.3512727272727273,0.37200000000000005,0.5297999999999999,0.34293333333333337,0.39577777777777773,0.00829302662993572,0.01528153168044077,0.00369939393939394,0.005957315555555555,0.016713217777777782,0.0037455061728395066,0.6557333333333333,0.34162222222222227,0.38015555555555564,0.13179393939393924,0.00965050505050502,0.008155555555555583,33,45,0.6118881903020597,0.8008888888888882,72.03846153846153,78,64
777,777.0,0.5231515151515153,0.34284848484848485,0.36884848484848487,0.5296363636363636,0.345,0.39806818181818177,0.008209583103764921,0.01335855280073462,0.0035953406795224984,0.006091504132231404,0.01690086363636364,0.003594563533057851,0.658340909090909,0.34668181818181826,0.37577272727272726,0.13518939393939378,0.0038333333333334108,0.006924242424242388,33,44,0.6292026043390896,0.8134090909090901,71.31168831168831,77,61
778,778.0,0.520875,0.34471875,0.36659375,0.5296363636363636,0.345,0.39806818181818177,0.008295109375,0.0136605771484375,0.0035399287109375006,0.006091504132231404,0.01690086363636364,0.003594563533057851,0.658340909090909,0.34668181818181826,0.37577272727272726,0.13746590909090906,0.0019630681818182394,0.009178977272727262,32,44,0.6565995852326718,0.8529545454545445,72.48684210526316,76,58
779,779.0,0.5183529411764706,0.3412058823529412,0.3683823529411765,0.5335454545454545,0.3449090909090909,0.3986363636363636,0.007920463667820071,0.014079398788927333,0.0033961185121107276,0.006313611570247934,0.01690885537190083,0.003623140495867768,0.6646590909090908,0.34725,0.3799090909090909,0.14630614973262024,0.006044117647058811,0.011526737967914424,34,44,0.6621144771891369,0.8509090909090901,72.21794871794872,78,53
780,780.0,0.5183529411764706,0.3412058823529412,0.3683823529411765,0.5329090909090909,0.33968181818181814,0.3985909090909091,0.007920463667820071,0.014079398788927333,0.0033961185121107276,0.006297355371900826,0.01776921694214876,0.0036238326446280983,0.6541363636363636,0.3406818181818182,0.3814772727272727,0.13578342245989306,0.0005240641711229954,0.013094919786096226,34,44,0.6766109793159555,0.8643181818181812,72.14102564102564,78,50
781,781.0,0.5162285714285714,0.34054285714285715,0.3717428571428572,0.5329090909090909,0.33968181818181814,0.3985909090909091,0.007676004897959183,0.01430556244897959,0.0031462481632653066,0.006297355371900826,0.01776921694214876,0.0036238326446280983,0.6541363636363636,0.3406818181818182,0.3814772727272727,0.13790779220779226,0.0001389610389610496,0.009734415584415512,35,44,0.6791542759304381,0.837954545454545,71.89873417721519,79,50
782,782.0,0.5178333333333334,0.3368055555555556,0.3708611111111112,0.5343488372093023,0.3427441860465116,0.39988372093023256,0.007552916666666665,0.014397045524691359,0.003086064043209876,0.0063525992428339634,0.017769818280151433,0.003634567874526771,0.6552558139534883,0.3486046511627907,0.3777674418604651,0.13742248062015494,0.011799095607235133,0.006906330749353928,36,43,0.6544115556460753,0.8781395348837202,72.35443037974683,79,47
783,783.0,0.5211470588235294,0.33126470588235296,0.3721176470588235,0.5329772727272727,0.3411363636363637,0.39675,0.007408831314878891,0.014493429930795847,0.0031731626297577856,0.006972840392561986,0.018490254132231407,0.0033262329545454545,0.6476363636363636,0.35565909090909087,0.3802045454545455,0.12648930481283416,0.024394385026737908,0.00808689839572202,34,44,0.6634503009327721,0.8852272727272722,71.32051282051282,78,44
784,784.0,0.5164117647058823,0.32341176470588234,0.37205882352941183,0.5315681818181818,0.33579545454545456,0.3986590909090909,0.0076538892733564,0.015040301038062287,0.0032779377162629763,0.006860881714876035,0.017026480888429753,0.003544997417355372,0.6453636363636364,0.34097727272727274,0.38343181818181815,0.128951871657754,0.017565508021390397,0.01137299465240632,34,44,0.6699154557978952,0.8679545454545449,70.28205128205128,78,44
785,785.0,0.5164117647058823,0.32341176470588234,0.37205882352941183,0.5315681818181818,0.33579545454545456,0.3986590909090909,0.0076538892733564,0.015040301038062287,0.0032779377162629763,0.006860881714876035,0.017026480888429753,0.003544997417355372,0.6453636363636364,0.34097727272727274,0.38343181818181815,0.128951871657754,0.017565508021390397,0.01137299465240632,34,44,0.6595705541206316,0.9074999999999996,71.28205128205128,78,42
786,786.0,0.51859375,0.32606250000000003,0.36750000000000005,0.5322,0.3327111111111111,0.3934444444444445,0.0079931787109375,0.01583062109375,0.0031295,0.006852648888888889,0.017321494320987653,0.00376446913580247,0.6326666666666667,0.33235555555555557,0.3877999999999999,0.11407291666666675,0.006293055555555538,0.020299999999999874,32,45,0.6705203855062638,0.8764444444444438,70.62337662337663,77,42
787,787.0,0.5232727272727273,0.3243636363636364,0.37157575757575767,0.5323181818181818,0.3278409090909091,0.39327272727272733,0.00845153168044077,0.015443261707988981,0.003566244260789715,0.007007762396694214,0.016647815599173554,0.003848698347107438,0.6243181818181819,0.3203181818181818,0.3925,0.10104545454545455,0.00404545454545463,0.020924242424242345,33,44,0.6640452792099772,0.8774999999999994,70.96103896103897,77,41
788,788.0,0.5232727272727273,0.3243636363636364,0.37157575757575767,0.5322666666666667,0.3278444444444444,0.3918888888888889,0.00845153168044077,0.015443261707988981,0.003566244260789715,0.0067966844444444455,0.015844086913580246,0.0038984543209876535,0.6347333333333334,0.31724444444444444,0.3835333333333333,0.11146060606060604,0.0071191919191919695,0.011957575757575611,33,45,0.66099082192225,0.8688888888888885,71.48717948717949,78,41
789,789.0,0.5220270270270271,0.33408108108108103,0.3702972972972974,0.5322666666666667,0.3278444444444444,0.3918888888888889,0.007944512783053323,0.01802975018261505,0.0033575062089116143,0.0067966844444444455,0.015844086913580246,0.0038984543209876535,0.6347333333333334,0.31724444444444444,0.3835333333333333,0.11270630630630629,0.016836636636636593,0.013236036036035903,37,45,0.6165378387280882,0.8222222222222214,70.57317073170732,82,44
790,790.0,0.512842105263158,0.3211052631578947,0.3670526315789473,0.5416363636363636,0.33159090909090905,0.39652272727272725,0.00867729085872576,0.02020672576177285,0.002848576177285318,0.006444004132231406,0.015562650826446284,0.0039027949380165293,0.6287727272727271,0.30847727272727266,0.3855,0.11593062200956916,0.012627990430622071,0.018447368421052712,38,44,0.6124903884780197,0.7752272727272722,68.96341463414635,82,47
791,791.0,0.5130270270270271,0.31940540540540546,0.366,0.5445581395348836,0.33513953488372095,0.3998139534883722,0.008910512783053324,0.020643051862673484,0.002883459459459459,0.007019269875608438,0.015309934018388316,0.003775593293672255,0.6420697674418604,0.30862790697674414,0.39197674418604644,0.12904274041483332,0.010777498428661325,0.025976744186046452,37,43,0.6241102057002267,0.8276744186046506,69.1125,80,43
792,792.0,0.5076285714285715,0.3150857142857143,0.3664,0.5432619047619047,0.335952380952381,0.3999523809523809,0.008874233469387757,0.020139792653061223,0.0030432114285714284,0.007114145691609978,0.015646045351473924,0.0038646643990929716,0.6389047619047619,0.3140952380952381,0.3914047619047619,0.13127619047619032,0.0009904761904762083,0.02500476190476192,35,42,0.6615817257819597,0.8347619047619043,70.68831168831169,77,43
793,793.0,0.5119411764705883,0.3220882352941177,0.3657941176470588,0.5456829268292682,0.3389268292682927,0.4016829268292683,0.008484290657439447,0.019015903979238757,0.0031198693771626296,0.0070414848304580615,0.01565606781677573,0.003833143367043427,0.6525121951219512,0.32056097560975616,0.3879268292682927,0.1405710186513629,0.001527259684361515,0.02213271162123387,34,41,0.6459833788423389,0.8619512195121947,70.62666666666667,75,43
794,794.0,0.5096470588235293,0.3177058823529412,0.3651764705882353,0.547225,0.343625,0.39857499999999996,0.008404640138408305,0.01808120761245675,0.0028916747404844284,0.0073084243750000015,0.015989484375,0.0037171943750000007,0.6527499999999999,0.3377,0.386775,0.1431029411764706,0.019994117647058773,0.021598529411764655,34,40,0.6236420977001631,0.8442499999999994,69.74324324324324,74,45
795,795.0,0.5071388888888888,0.3076666666666667,0.36922222222222223,0.547225,0.343625,0.39857499999999996,0.008045786265432099,0.018892777777777776,0.003321783950617284,0.0073084243750000015,0.015989484375,0.0037171943750000007,0.6527499999999999,0.3377,0.386775,0.14561111111111114,0.0300333333333333,0.01755277777777775,36,40,0.5905139165545225,0.8317499999999993,70.35526315789474,76,47
796,796.0,0.49928571428571433,0.3061142857142857,0.37065714285714285,0.5426410256410257,0.3478461538461538,0.3961538461538462,0.007159461224489797,0.019422615510204078,0.0034968538775510204,0.007726076265614729,0.01523751479289941,0.00385279684418146,0.6534102564102563,0.3438205128205129,0.38117948717948724,0.15412454212454196,0.037706227106227175,0.01052234432234439,35,39,0.5845838998384371,0.83076923076923,69.60810810810811,74,50
797,797.0,0.49928571428571433,0.3061142857142857,0.37065714285714285,0.5386153846153846,0.3382051282051282,0.3926666666666667,0.007159461224489797,0.019422615510204078,0.0034968538775510204,0.007356749506903357,0.01521872715318869,0.003737094017094018,0.6555897435897435,0.3278974358974359,0.3826666666666667,0.1563040293040292,0.02178315018315019,0.012009523809523859,35,39,0.5690496371032756,0.8066666666666659,69.47297297297297,74,52
798,798.0,0.49371428571428577,0.3047428571428571,0.3729714285714285,0.5386153846153846,0.3382051282051282,0.3926666666666667,0.007382318367346939,0.019761162448979595,0.003537056326530612,0.007356749506903357,0.01521872715318869,0.003737094017094018,0.6555897435897435,0.3278974358974359,0.3826666666666667,0.16187545787545776,0.023154578754578825,0.009695238095238201,35,39,0.5924705340985287,0.825641025641025,70.48648648648648,74,50
799,799.0,0.49371428571428577,0.3047428571428571,0.3729714285714285,0.5394736842105263,0.3327631578947369,0.39384210526315794,0.007382318367346939,0.019761162448979595,0.003537056326530612,0.007521617728531856,0.014464233379501385,0.0037815540166204987,0.6476578947368421,0.3142631578947369,0.39265789473684215,0.15394360902255633,0.009520300751879818,0.01968646616541364,35,38,0.581284919287491,0.8507894736842098,70.89041095890411,73,49
800,800.0,0.4904545454545454,0.3086060606060606,0.37033333333333335,0.5406923076923077,0.3334102564102565,0.3955641025641026,0.006689217630853994,0.020646662993572085,0.003186585858585858,0.007385187376725841,0.014109267587113741,0.003797271531886918,0.6438461538461538,0.3073333333333334,0.3937948717948718,0.15339160839160842,0.0012727272727272032,0.023461538461538478,33,39,0.5877031243684284,0.8323076923076916,71.08333333333333,72,52
801,801.0,0.4959142857142857,0.3113714285714285,0.37051428571428574,0.5406923076923077,0.3334102564102565,0.3955641025641026,0.007173735510204083,0.020055890612244897,0.0030053926530612235,0.007385187376725841,0.014109267587113741,0.003797271531886918,0.6438461538461538,0.3073333333333334,0.3937948717948718,0.14793186813186815,0.0040380952380951185,0.023280586080586085,35,39,0.5838299764365362,0.8461538461538455,71.20270270270271,74,50
802,802.0,0.497,0.3069393939393939,0.3752121212121212,0.5381081081081082,0.3340270270270271,0.3976756756756757,0.007584909090909092,0.020871269054178146,0.0027392580348943978,0.007650258582907233,0.014734728999269543,0.003899029948867787,0.6325135135135136,0.2991351351351352,0.4002432432432433,0.1355135135135136,0.0078042588042587235,0.025031122031122066,33,37,0.5938425538328397,0.87081081081081,71.5,70,53
803,803.0,0.497,0.3069393939393939,0.3752121212121212,0.5415833333333333,0.3366944444444445,0.3983333333333334,0.007584909090909092,0.020871269054178146,0.0027392580348943978,0.007415909722222225,0.01488076774691358,0.003991333333333335,0.6345833333333334,0.3065,0.39669444444444446,0.1375833333333334,0.00043939393939390614,0.02148232323232324,33,36,0.5851618207608177,0.8530555555555548,71.76811594202898,69,56
804,804.0,0.4940645161290323,0.3019354838709677,0.37341935483870964,0.5420285714285714,0.3322285714285715,0.39671428571428574,0.007655286160249741,0.02075586680541103,0.002860630593132154,0.007620656326530614,0.01458794775510204,0.004011004081632653,0.6352285714285715,0.29634285714285713,0.39225714285714286,0.14116405529953918,0.005592626728110561,0.01883778801843322,31,35,0.6313774730188402,0.8651428571428564,72.4090909090909,66,56
805,805.0,0.49503125000000003,0.30571875000000004,0.37546875,0.5434722222222222,0.3329166666666667,0.3984444444444445,0.0074450302734375,0.0205509521484375,0.0029014365234375,0.007481915895061729,0.014199298611111114,0.004004358024691358,0.6335833333333334,0.2881111111111111,0.3982222222222222,0.13855208333333335,0.017607638888888943,0.022753472222222182,32,36,0.614771375842353,0.8008333333333326,73.41176470588235,68,60
806,806.0,0.49503125000000003,0.30571875000000004,0.37546875,0.5436486486486487,0.33313513513513515,0.39770270270270275,0.0074450302734375,0.0205509521484375,0.0029014365234375,0.0072808224981738496,0.013817252008765523,0.003915938641344046,0.6340540540540541,0.29127027027027025,0.4015675675675675,0.1390228040540541,0.01444847972972979,0.02609881756756749,32,37,0.5872336344603333,0.7983783783783774,73.42028985507247,69,62
807,807.0,0.49428125,0.3073125,0.37809375,0.5461025641025642,0.3352307692307692,0.397974358974359,0.0076650146484375,0.02007277734375,0.0028343349609375,0.008290963839579226,0.013368433925049316,0.004504999342537804,0.6364615384615384,0.30799999999999994,0.4061538461538461,0.1421802884615384,0.000687499999999952,0.02806009615384608,32,39,0.5768881191011686,0.8374358974358967,72.85915492957747,71,58
808,808.0,0.49258064516129035,0.3031935483870967,0.3791935483870968,0.5486923076923077,0.3433076923076923,0.4003846153846154,0.007819727367325703,0.020177381893860563,0.0028870593132154006,0.008353648915187379,0.013242930966469429,0.004706595660749507,0.640102564102564,0.3195384615384615,0.4036153846153846,0.1475219189412737,0.01634491315136477,0.024421836228287808,31,39,0.5355168334102037,0.8202564102564095,71.95714285714286,70,62
809,809.0,0.4904193548387098,0.30293548387096775,0.3778064516129032,0.546,0.3387894736842105,0.40049999999999997,0.008100695109261187,0.020242963579604572,0.002989704474505723,0.008290789473684211,0.012795271468144043,0.004829934210526316,0.6414210526315789,0.31313157894736837,0.4007368421052631,0.1510016977928691,0.010196095076400624,0.022930390492359898,31,38,0.5768061487356619,0.8294736842105256,72.6376811594203,69,60
810,810.0,0.5076363636363636,0.3176060606060606,0.3816060606060606,0.5506944444444444,0.3492222222222222,0.40280555555555553,0.01035004958677686,0.01980423875114784,0.003316662993572084,0.008245989969135802,0.01115011728395062,0.00497504552469136,0.6539444444444444,0.32011111111111107,0.40299999999999997,0.1463080808080809,0.0025050505050504546,0.021393939393939354,33,36,0.6015845414168389,0.8338888888888881,72.53623188405797,69,58
811,811.0,0.5073125,0.3189375,0.3785,0.5510857142857143,0.3532571428571429,0.4044857142857143,0.01036683984375,0.018418871093749997,0.0029139375,0.00851464979591837,0.011003448163265308,0.005058764081632652,0.6535428571428572,0.3278571428571428,0.4003428571428571,0.14623035714285715,0.008919642857142807,0.02184285714285711,32,35,0.5868547205578576,0.8448571428571421,71.31343283582089,67,57
812,812.0,0.5050000000000001,0.3189677419354839,0.3769354838709678,0.5488333333333334,0.35222222222222227,0.4025277777777777,0.010343935483870968,0.018739902185223718,0.0027092216441207077,0.008190416666666667,0.011645283950617284,0.005164415895061728,0.6406666666666668,0.3408888888888889,0.39525000000000005,0.1356666666666667,0.021921146953405024,0.018314516129032232,31,36,0.6124213199732924,0.7883333333333327,71.65671641791045,67,59
813,813.0,0.505,0.32596875000000003,0.37703125,0.5477352941176471,0.35191176470588237,0.39808823529411763,0.0100206875,0.019673717773437502,0.0026248427734374994,0.008609194636678204,0.012328551038062284,0.005092198096885813,0.644058823529412,0.3609411764705883,0.38264705882352945,0.139058823529412,0.03497242647058829,0.005615808823529467,32,34,0.578124079199428,0.815294117647058,72.51515151515152,66,62
814,814.0,0.5026333333333334,0.3293333333333333,0.3818666666666667,0.5451388888888888,0.3522222222222222,0.3958333333333333,0.010780565555555554,0.018824022222222226,0.002376915555555555,0.008480230709876545,0.012311395061728396,0.005514083333333334,0.6331666666666669,0.35825000000000007,0.3881388888888889,0.1305333333333335,0.028916666666666757,0.006272222222222235,30,36,0.5409284315961852,0.8461111111111105,72.77272727272727,66,60
815,815.0,0.5026333333333334,0.3293333333333333,0.3818666666666667,0.5451388888888888,0.3522222222222222,0.3958333333333333,0.010780565555555554,0.018824022222222226,0.002376915555555555,0.008480230709876545,0.012311395061728396,0.005514083333333334,0.6331666666666669,0.35825000000000007,0.3881388888888889,0.1305333333333335,0.028916666666666757,0.006272222222222235,30,36,0.5197950500645134,0.8755555555555548,73.77272727272727,66,61
816,816.0,0.5111111111111112,0.34029629629629626,0.383925925925926,0.5417142857142856,0.35042857142857137,0.3956,0.011005135802469136,0.018148504801097396,0.002394883401920439,0.008300318367346939,0.012547330612244896,0.005669668571428572,0.6307142857142858,0.35268571428571427,0.38494285714285714,0.1196031746031746,0.012389417989418006,0.0010169312169311384,27,35,0.517268775812668,0.8945714285714277,73.16129032258064,62,64
817,817.0,0.5173214285714286,0.348,0.3849285714285715,0.5396666666666666,0.34536111111111106,0.3955277777777778,0.011653432397959183,0.019102714285714285,0.0023364948979591833,0.008216500000000002,0.013097564043209877,0.005512360339506173,0.6243888888888889,0.34924999999999995,0.38530555555555557,0.10706746031746028,0.0012499999999999734,0.00037698412698405903,28,36,0.5192487953515746,0.9266666666666659,73.21875,64,61
818,818.0,0.5236206896551724,0.345551724137931,0.38637931034482764,0.5389714285714285,0.3461142857142857,0.39640000000000003,0.012362649227110582,0.018611833531510108,0.0023148561236623066,0.008433856326530613,0.01345135836734694,0.0056424685714285714,0.6186285714285714,0.35379999999999995,0.3865428571428571,0.09500788177339903,0.008248275862068943,0.00016354679802943473,29,35,0.5242138433121223,0.9077142857142849,73.859375,64,64
819,819.0,0.5236206896551724,0.345551724137931,0.38637931034482764,0.5360833333333332,0.35241666666666666,0.3966388888888889,0.012362649227110582,0.018611833531510108,0.0023148561236623066,0.008491520833333337,0.01446790972222222,0.0054877307098765435,0.6288055555555556,0.36511111111111105,0.3841666666666666,0.10518486590038323,0.01955938697318005,0.0022126436781610415,29,36,0.550280241892414,0.9311111111111102,74.24615384615385,65,61
820,820.0,0.5262499999999999,0.3408571428571428,0.3824642857142857,0.5365405405405405,0.3511891891891892,0.3988108108108108,0.011764758928571428,0.01737083673469388,0.002339177295918367,0.008269545653761872,0.01413112636961286,0.005509234477720964,0.6354864864864865,0.37697297297297294,0.37799999999999995,0.10923648648648665,0.03611583011583014,0.004464285714285754,28,37,0.5699047151082708,0.8927027027027019,74.67692307692307,65,64
821,821.0,0.53768,0.3402800000000001,0.37992,0.5365405405405405,0.3511891891891892,0.3988108108108108,0.0113988576,0.0178362016,0.0025255136,0.008269545653761872,0.01413112636961286,0.005509234477720964,0.6354864864864865,0.37697297297297294,0.37799999999999995,0.09780648648648649,0.03669297297297286,0.0019200000000000328,25,37,0.574405903957826,0.9067567567567562,74.03225806451613,62,65
822,822.0,0.53768,0.3402800000000001,0.37992,0.540578947368421,0.35326315789473683,0.4003157894736842,0.0113988576,0.0178362016,0.0025255136,0.008655349030470914,0.013918404432132962,0.005448058171745153,0.6382368421052632,0.38121052631578944,0.3801578947368421,0.10055684210526317,0.04093052631578936,0.0002378947368421036,25,38,0.5533689226778947,0.8649999999999992,74.85714285714286,63,69
823,823.0,0.5437083333333333,0.3472916666666667,0.3824166666666666,0.5312105263157895,0.35157894736842105,0.39818421052631586,0.010965289930555554,0.017350289930555558,0.0024749097222222217,0.008685218836565098,0.015001401662049862,0.005415992382271469,0.629078947368421,0.3971315789473684,0.38126315789473686,0.08537061403508761,0.04983991228070167,0.0011535087719297676,24,38,0.5903397064571104,0.8560526315789466,73.40322580645162,62,67
824,824.0,0.5437083333333333,0.3472916666666667,0.3824166666666666,0.5277317073170732,0.3432926829268293,0.39775609756097563,0.010965289930555554,0.017350289930555558,0.0024749097222222217,0.009515074360499703,0.015221572873289707,0.005126135633551457,0.6187073170731707,0.37392682926829274,0.3816585365853658,0.07499898373983738,0.026635162601626017,0.0007581300813008229,24,41,0.5997055129215317,0.8282926829268286,73.8,65,66
825,825.0,0.5451739130434783,0.3361304347826087,0.3852608695652173,0.5293658536585365,0.34573170731707326,0.39721951219512197,0.011390491493383743,0.01511489603024575,0.0023883667296786385,0.00990711005353956,0.015462976799524093,0.005165293277810828,0.6213414634146341,0.38451219512195123,0.3798780487804878,0.07616755037115586,0.04838176033934255,0.005382820784729514,23,41,0.6163766832201472,0.8541463414634138,74.875,64,64
826,826.0,0.5569166666666666,0.35029166666666667,0.3835,0.5293658536585365,0.34573170731707326,0.39721951219512197,0.010106159722222221,0.013827789930555558,0.0022574999999999995,0.00990711005353956,0.015462976799524093,0.005165293277810828,0.6213414634146341,0.38451219512195123,0.3798780487804878,0.06442479674796753,0.03422052845528456,0.0036219512195121983,24,41,0.5818290191572675,0.8653658536585358,74.18461538461538,65,63
827,827.0,0.5569166666666666,0.35029166666666667,0.3835,0.5303023255813953,0.35055813953488374,0.3952325581395349,0.010106159722222221,0.013827789930555558,0.0022574999999999995,0.010204489994591672,0.014995269875608438,0.004845527312060574,0.6313953488372093,0.3973720930232558,0.37137209302325586,0.07447868217054265,0.047080426356589156,0.012127906976744152,24,43,0.5285102720596916,0.8599999999999993,72.70149253731343,67,62
828,828.0,0.5569166666666666,0.35029166666666667,0.3835,0.5313809523809524,0.3481428571428572,0.3942380952380952,0.010106159722222221,0.013827789930555558,0.0022574999999999995,0.010397426303854877,0.015101455782312926,0.004918371882086168,0.6238333333333332,0.387,0.37590476190476185,0.06691666666666662,0.03670833333333334,0.007595238095238155,24,42,0.4939415249621157,0.8759523809523804,73.93939393939394,66,66
829,829.0,0.5582173913043478,0.3518260869565218,0.3829565217391304,0.5294523809523809,0.3468333333333333,0.3936904761904762,0.010504952741020793,0.014372491493383743,0.002348563327032136,0.010335390589569162,0.015145948412698411,0.004857547052154195,0.6247380952380952,0.390095238095238,0.37752380952380954,0.06652070393374743,0.038269151138716206,0.0054327122153208784,23,42,0.5107412840296128,0.9130952380952374,74.18461538461538,65,64
830,830.0,0.5534761904761903,0.36014285714285715,0.38823809523809516,0.5319302325581394,0.3468604651162791,0.3943953488372093,0.010196916099773242,0.014857265306122453,0.0019474195011337865,0.010352902109248241,0.014793747971876691,0.004765448350459708,0.6249999999999999,0.3813953488372092,0.38446511627906976,0.07152380952380955,0.02125249169435206,0.003772978959025397,21,43,0.5196970257946161,0.914418604651162,74.03125,64,65
831,831.0,0.5580454545454544,0.3676363636363636,0.3908181818181818,0.5328863636363637,0.3503409090909091,0.3947727272727273,0.010171861570247935,0.015361140495867771,0.0019986942148760333,0.010156918904958678,0.014978406508264463,0.0046632665289256196,0.6259772727272727,0.38786363636363624,0.38956818181818176,0.06793181818181826,0.02022727272727265,0.0012500000000000289,22,44,0.5362811659080747,0.8874999999999993,74.01515151515152,66,66
832,832.0,0.5701739130434782,0.3688695652173913,0.3890434782608695,0.5289285714285714,0.3458333333333333,0.39480952380952383,0.008478839319470702,0.016388461247637053,0.0019890850661625705,0.01008220918367347,0.014884234126984126,0.004879535147392291,0.6214285714285713,0.3896428571428571,0.3865,0.05125465838509313,0.020773291925465842,0.0025434782608694806,23,42,0.6079820794420374,0.8545238095238089,72.76923076923077,65,68
833,833.0,0.5642727272727273,0.37304545454545457,0.38731818181818184,0.5233488372093023,0.335046511627907,0.39658139534883724,0.008063289256198349,0.016732316115702483,0.0020110351239669426,0.010435343428880476,0.015690369929691726,0.004793731746890212,0.5949534883720929,0.36353488372093024,0.3974883720930233,0.030680761099365683,0.009510570824524334,0.01017019027484145,22,43,0.7231313428492302,0.8758139534883715,72.8923076923077,65,61
834,834.0,0.5690869565217391,0.36739130434782613,0.38926086956521744,0.523975,0.33825000000000005,0.391525,0.008222601134215501,0.016708151228733464,0.0020066275992438563,0.011137774375000001,0.0158307375,0.004806449375000001,0.57975,0.35787499999999994,0.419275,0.010663043478260859,0.009516304347826188,0.03001413043478257,23,40,0.7492111510823128,0.8789999999999992,71.23809523809524,63,59
835,835.0,0.5690869565217391,0.36739130434782613,0.38926086956521744,0.523975,0.33825000000000005,0.391525,0.008222601134215501,0.016708151228733464,0.0020066275992438563,0.011137774375000001,0.0158307375,0.004806449375000001,0.57975,0.35787499999999994,0.419275,0.010663043478260859,0.009516304347826188,0.03001413043478257,23,40,0.7803510738995875,0.8764999999999994,72.23809523809524,63,60
836,836.0,0.565695652173913,0.36060869565217396,0.39026086956521744,0.5265365853658537,0.3409756097560976,0.39139024390243904,0.008374472589792063,0.017237194706994335,0.001966105860113421,0.01112859012492564,0.01574177989292088,0.004689945270672219,0.5809756097560975,0.3643658536585365,0.42068292682926833,0.015279957582184478,0.00375715800636256,0.030422057264050895,23,41,0.7298577775270468,0.8270731707317067,73.203125,64,65
837,837.0,0.574608695652174,0.3647826086956522,0.3934347826086957,0.5288604651162792,0.3464883720930233,0.38783720930232557,0.008451977315689984,0.017874170132325146,0.0023003327032136106,0.010727840995132503,0.015820156841535964,0.004744043266630611,0.5863255813953488,0.3744186046511627,0.42934883720930234,0.011716885743174865,0.009635995955510512,0.03591405460060665,23,43,0.6983335143159897,0.8341860465116273,71.66666666666667,66,64
838,838.0,0.5791666666666667,0.37354166666666666,0.3953333333333333,0.5288604651162792,0.3464883720930233,0.38783720930232557,0.008209638888888891,0.01789349826388889,0.002292388888888889,0.010727840995132503,0.015820156841535964,0.004744043266630611,0.5863255813953488,0.3744186046511627,0.42934883720930234,0.007158914728682131,0.0008769379844960623,0.03401550387596902,24,43,0.6987559682712305,0.8313953488372087,71.26865671641791,67,64
839,839.0,0.58384,0.3824,0.3963999999999999,0.5288604651162792,0.3464883720930233,0.38783720930232557,0.0089316544,0.016404960000000003,0.00228272,0.010727840995132503,0.015820156841535964,0.004744043266630611,0.5863255813953488,0.3744186046511627,0.42934883720930234,0.0024855813953488237,0.007981395348837295,0.03294883720930242,25,43,0.6959648590968709,0.8260465116279064,69.77941176470588,68,64
840,840.0,0.5794444444444444,0.3874074074074074,0.39759259259259266,0.5288604651162792,0.3464883720930233,0.38783720930232557,0.009304543209876545,0.01635609327846365,0.0018415006858710562,0.010727840995132503,0.015820156841535964,0.004744043266630611,0.5863255813953488,0.3744186046511627,0.42934883720930234,0.006881136950904421,0.0129888027562447,0.03175624461670967,27,43,0.6224789181688204,0.8186046511627899,70.15714285714286,70,65
841,841.0,0.573,0.3797037037037037,0.3990740740740741,0.526829268292683,0.3469024390243902,0.3854634146341464,0.008237629629629631,0.017797541838134437,0.0018375500685871057,0.010807165972635336,0.016404331945270672,0.004996297441998811,0.5965121951219512,0.3786341463414634,0.42948780487804883,0.02351219512195124,0.001069557362240292,0.030413730803974748,27,41,0.6222909254380083,0.8492682926829261,68.95588235294117,68,64
842,842.0,0.5748571428571428,0.38178571428571434,0.39789285714285716,0.524452380952381,0.34309523809523806,0.3859285714285715,0.008036551020408166,0.017278954081632655,0.001809595663265306,0.010781485827664401,0.01660803854875283,0.0048862091836734695,0.5892380952380952,0.3732380952380952,0.4279761904761905,0.014380952380952383,0.008547619047619137,0.03008333333333335,28,42,0.5656324003883136,0.8483333333333325,70.07142857142857,70,66
843,843.0,0.5673333333333334,0.37903333333333333,0.3979333333333333,0.5217317073170732,0.33370731707317075,0.3801463414634147,0.009237355555555556,0.018781098888888893,0.001732328888888889,0.011570635336109459,0.018142548483045806,0.004557344437834622,0.5749268292682926,0.3575853658536585,0.4390487804878048,0.007593495934959282,0.021447967479674812,0.04111544715447152,30,41,0.533887701879305,0.817317073170731,68.87323943661971,71,67
844,844.0,0.56290625,0.37675000000000003,0.397625,0.5233571428571429,0.3368333333333333,0.3805238095238096,0.010241022460937502,0.020324875000000003,0.001715734375,0.01140346768707483,0.01811123412698413,0.004454678004535147,0.5783095238095237,0.3576190476190476,0.4377857142857142,0.015403273809523665,0.019130952380952415,0.040160714285714216,32,42,0.5339621052655981,0.8123809523809516,69.89189189189189,74,65
845,845.0,0.5591212121212121,0.3777878787878788,0.39906060606060606,0.5233571428571429,0.3368333333333333,0.3805238095238096,0.010213500459136824,0.020527439853076215,0.0016839963269054176,0.01140346768707483,0.01811123412698413,0.004454678004535147,0.5783095238095237,0.3576190476190476,0.4377857142857142,0.019188311688311588,0.02016883116883117,0.03872510822510816,33,42,0.5360410072108284,0.7985714285714278,69.50666666666666,75,65
846,846.0,0.5602903225806453,0.3854193548387097,0.4002903225806451,0.5194878048780488,0.3342195121951219,0.3812682926829269,0.010802851196670139,0.0208881144640999,0.0016695608740894903,0.011052786436644852,0.0182660249851279,0.0045400499702558,0.5752682926829268,0.3493414634146341,0.4367560975609756,0.014977970102281524,0.03607789142407558,0.03646577498033049,31,41,0.49869047774148056,0.8134146341463409,69.84722222222223,72,68
847,847.0,0.5572333333333334,0.3888333333333333,0.3966333333333333,0.5226585365853658,0.34036585365853655,0.3849024390243902,0.010873245555555555,0.02122307222222223,0.0013106322222222221,0.010925493158834027,0.018717256395002973,0.004128770969660916,0.5845609756097561,0.3646341463414634,0.44178048780487805,0.027327642276422703,0.024199186991869903,0.04514715447154477,30,41,0.48668518177195974,0.8495121951219503,69.71830985915493,71,66
848,848.0,0.5681515151515151,0.39984848484848484,0.39954545454545454,0.5226585365853658,0.34036585365853655,0.3849024390243902,0.009417583103764924,0.019157461891643714,0.0013238842975206613,0.010925493158834027,0.018717256395002973,0.004128770969660916,0.5845609756097561,0.3646341463414634,0.44178048780487805,0.016409460458240988,0.03521433850702144,0.042235033259423516,33,41,0.4769660465787701,0.8265853658536578,70.3108108108108,74,67
849,849.0,0.5664848484848485,0.4002727272727273,0.3969393939393939,0.5248571428571428,0.34297619047619043,0.38483333333333336,0.009150310376492195,0.019030137741046838,0.001372056932966024,0.010863551020408162,0.018550975623582763,0.004030662698412699,0.5843571428571428,0.3714523809523809,0.4443809523809523,0.017872294372294317,0.028820346320346357,0.047441558441558396,33,42,0.49804719705578626,0.7904761904761896,72.24,75,68
850,850.0,0.5724545454545455,0.41363636363636364,0.3977878787878788,0.5293636363636364,0.3559318181818182,0.38309090909090904,0.009413338842975209,0.01677289807162535,0.0012764095500459142,0.010550367768595042,0.017837427169421483,0.003976764462809918,0.6022500000000001,0.3998863636363637,0.43795454545454543,0.029795454545454514,0.013749999999999929,0.04016666666666663,33,44,0.48084140243113943,0.7886363636363629,71.59740259740259,77,65
851,851.0,0.5724545454545455,0.41363636363636364,0.3977878787878788,0.5285116279069767,0.35818604651162794,0.3837674418604651,0.009413338842975209,0.01677289807162535,0.0012764095500459142,0.010763784748512709,0.018028663061114114,0.004049108707409411,0.5984651162790698,0.4083720930232559,0.4352093023255815,0.026010570824524293,0.005264270613107747,0.037421423537702725,33,43,0.4699068215367722,0.8713953488372086,72.23684210526316,76,61
852,852.0,0.5685882352941176,0.4055,0.4001176470588236,0.5271627906976744,0.35446511627906974,0.3816744186046511,0.009629771626297577,0.018464191176470593,0.0014179861591695504,0.010636554894537588,0.018752946457544616,0.003821893996755003,0.5952093023255814,0.4100232558139536,0.43709302325581406,0.02662106703146383,0.004523255813953575,0.036975376196990484,34,43,0.4910612923882166,0.8660465116279064,72.83116883116882,77,59
853,853.0,0.5622580645161291,0.3937741935483871,0.399741935483871,0.5344186046511628,0.35420930232558134,0.37639534883720926,0.009932901144641,0.01861398126951093,0.0015034817898022892,0.01023326663061114,0.018804537587885348,0.0033101925365062192,0.601139534883721,0.40804651162790706,0.44295348837209314,0.03888147036759182,0.014272318079519952,0.04321155288822215,31,43,0.5018177378709797,0.852558139534883,74.12162162162163,74,61
854,854.0,0.563,0.40059374999999997,0.39975,0.5344186046511628,0.35420930232558134,0.37639534883720926,0.009639562499999999,0.0194739912109375,0.0014565000000000003,0.01023326663061114,0.018804537587885348,0.0033101925365062192,0.601139534883721,0.40804651162790706,0.44295348837209314,0.038139534883721016,0.00745276162790709,0.043203488372093146,32,43,0.48491723195951564,0.8893023255813948,75.14666666666666,75,59
855,855.0,0.563,0.40059374999999997,0.39975,0.5350222222222222,0.35035555555555553,0.3767999999999999,0.009639562499999999,0.0194739912109375,0.0014565000000000003,0.009794999506172837,0.01889129580246914,0.003175937777777777,0.6033333333333333,0.39915555555555565,0.45042222222222233,0.04033333333333333,0.0014381944444443184,0.05067222222222234,32,45,0.4349879150284246,0.851555555555555,75.8051948051948,77,63
856,856.0,0.5635454545454545,0.4019090909090909,0.40121212121212124,0.5319285714285714,0.3415714285714286,0.3764047619047619,0.009356975206611572,0.018939234159779616,0.0014807731864095502,0.009973256802721089,0.01906076870748299,0.00338947902494331,0.5973333333333333,0.38642857142857145,0.4457619047619048,0.03378787878787881,0.015480519480519428,0.04454978354978356,33,42,0.43399621633680824,0.8783333333333326,74.58666666666667,75,62
857,857.0,0.5605151515151515,0.3915757575757576,0.40321212121212124,0.5371219512195121,0.34658536585365857,0.37636585365853664,0.009187461891643711,0.01933691092745638,0.0014239247015610653,0.009083716835217132,0.018469803688280786,0.0034720856632956577,0.6033414634146341,0.3923414634146341,0.44726829268292695,0.042826311899482605,0.0007657058388765292,0.044056171470805705,33,41,0.46135459666481565,0.9360975609756089,75.32432432432432,74,55
858,858.0,0.5574838709677418,0.3851935483870968,0.4021935483870968,0.5378461538461539,0.3548461538461538,0.3756410256410256,0.009443927159209156,0.019903833506763786,0.001472865764828304,0.009642950690335304,0.017147976331360944,0.003639358316896779,0.6204358974358974,0.41141025641025647,0.4336153846153846,0.06295202646815568,0.026216708023159674,0.031421836228287814,31,39,0.4798498242509754,0.8892307692307685,73.65714285714286,70,54
859,859.0,0.5543333333333333,0.3862,0.4034333333333333,0.5375249999999999,0.353175,0.37522500000000003,0.009451022222222221,0.02053589333333334,0.0014743122222222224,0.009405899374999999,0.016828194375,0.0035551243750000005,0.623225,0.4185,0.43745,0.06889166666666668,0.032299999999999995,0.034016666666666695,30,40,0.4835294473801897,0.9317499999999992,75.24285714285715,70,51
860,860.0,0.5486,0.3724666666666667,0.4037666666666667,0.5374651162790697,0.3493488372093023,0.37820930232558136,0.00926144,0.022193048888888896,0.0015052455555555559,0.008852853434288804,0.016687482963764197,0.003471095727420227,0.620046511627907,0.4194186046511628,0.43093023255813956,0.07144651162790705,0.046951937984496095,0.02716356589147284,30,43,0.5029210529840614,0.8872093023255807,73.67123287671232,73,49
861,861.0,0.5564444444444444,0.39066666666666666,0.4036666666666666,0.5384651162790697,0.3533255813953488,0.37455813953488376,0.008382395061728396,0.021164740740740737,0.001636518518518519,0.008887923201730664,0.018191987020010816,0.0036308977825851812,0.6277906976744185,0.4239302325581396,0.42493023255813944,0.07134625322997412,0.033263565891472946,0.021263565891472824,27,43,0.5658855279474425,0.8872093023255807,71.0,70,48
862,862.0,0.5469999999999999,0.38099999999999995,0.398074074074074,0.5384651162790697,0.3533255813953488,0.37455813953488376,0.007643851851851852,0.02144385185185185,0.0022085871056241424,0.008887923201730664,0.018191987020010816,0.0036308977825851812,0.6277906976744185,0.4239302325581396,0.42493023255813944,0.0807906976744186,0.04293023255813966,0.026856158484065418,27,43,0.6010428812502989,0.8979069767441855,71.38571428571429,70,44
863,863.0,0.5458275862068965,0.37472413793103443,0.401103448275862,0.5406000000000001,0.34857499999999997,0.37715,0.007435659928656361,0.020971785969084424,0.002307678953626635,0.00918794,0.018008294375,0.0034831774999999994,0.608425,0.41459999999999997,0.4298,0.06259741379310346,0.03987586206896554,0.028696551724138042,29,40,0.6076674987384144,0.9714999999999993,69.47826086956522,69,39
864,864.0,0.5458275862068965,0.37472413793103443,0.401103448275862,0.5406000000000001,0.34857499999999997,0.37715,0.007435659928656361,0.020971785969084424,0.002307678953626635,0.00918794,0.018008294375,0.0034831774999999994,0.608425,0.41459999999999997,0.4298,0.06259741379310346,0.03987586206896554,0.028696551724138042,29,40,0.5691915067138644,0.9689999999999994,70.47826086956522,69,43
865,865.0,0.5453103448275861,0.3717931034482759,0.39941379310344827,0.5339047619047619,0.34500000000000003,0.37671428571428567,0.007371593341260404,0.0208589916765755,0.0024623115338882283,0.009647371882086166,0.017592380952380953,0.0034401564625850334,0.596047619047619,0.40145238095238095,0.42954761904761907,0.050737274220032935,0.029659277504105075,0.0301338259441708,29,42,0.5657744498682724,0.9228571428571423,70.1830985915493,71,44
866,866.0,0.5535357142857142,0.3824285714285714,0.3950714285714286,0.5360487804878049,0.34904878048780485,0.37797560975609756,0.006014820153061223,0.01860717346938776,0.0022862806122448984,0.00947550981558596,0.017427802498512793,0.0036328530636525877,0.6032195121951219,0.4006585365853658,0.4333414634146342,0.04968379790940769,0.018229965156794425,0.038270034843205625,28,41,0.5596952194845881,0.885365853658536,67.84057971014492,69,48
867,867.0,0.5598214285714285,0.3863928571428571,0.3935357142857142,0.5368333333333334,0.34714285714285714,0.374,0.007037146683673467,0.019376952806122453,0.002178177295918367,0.009275138888888887,0.01716178911564626,0.004194380952380952,0.5973333333333334,0.3961904761904762,0.42635714285714293,0.03751190476190491,0.00979761904761911,0.032821428571428723,28,42,0.5601429057206234,0.8716666666666661,67.9,70,49
868,868.0,0.5517241379310345,0.37248275862068964,0.39244827586206893,0.536609756097561,0.3512439024390244,0.3735609756097561,0.007550337693222355,0.02058445659928657,0.0020357645659928657,0.00949926234384295,0.01687398929208804,0.004288587745389648,0.6027317073170732,0.39809756097560983,0.43107317073170737,0.051007569386038676,0.025614802354920196,0.03862489486963844,29,41,0.5580651381310953,0.90780487804878,67.0,70,47
869,869.0,0.5490357142857143,0.35325,0.39678571428571424,0.5372093023255814,0.34855813953488374,0.3748604651162791,0.0074971058673469395,0.021080544642857142,0.0021779540816326535,0.00938137479718767,0.01676457220118983,0.0041257014602487825,0.6045116279069768,0.3957674418604652,0.44267441860465123,0.055475913621262474,0.04251744186046519,0.04588870431893699,28,43,0.5364130117575062,0.8181395348837204,66.3943661971831,71,53
870,870.0,0.5587096774193548,0.35290322580645167,0.391,0.5348095238095238,0.3455238095238095,0.3752142857142857,0.00793904474505723,0.02060163579604579,0.0024369677419354844,0.010049678004535148,0.01683467800453515,0.003786930272108844,0.6028333333333333,0.39171428571428574,0.44492857142857145,0.04412365591397849,0.03881105990783407,0.05392857142857144,31,42,0.5134023533166293,0.7495238095238088,64.0958904109589,73,56
871,871.0,0.5602121212121213,0.3593030303030303,0.39033333333333337,0.5363555555555556,0.3365333333333333,0.3724888888888889,0.0077147125803489446,0.020107908172635452,0.0022967070707070702,0.010302006913580245,0.016883804444444445,0.003656960987654321,0.5946,0.37020000000000003,0.44546666666666673,0.034387878787878745,0.010896969696969738,0.05513333333333337,33,45,0.47400028273244704,0.7077777777777773,64.66666666666667,78,57
872,872.0,0.5698000000000001,0.35965714285714284,0.3876571428571429,0.536409090909091,0.3354545454545454,0.37252272727272734,0.008818331428571427,0.021122682448979597,0.002359768163265306,0.010536014462809917,0.01721515702479339,0.0037400222107438017,0.5926818181818182,0.3701590909090909,0.44129545454545466,0.022881818181818114,0.01050194805194804,0.053638311688311735,35,44,0.44871622809600203,0.6972727272727266,65.83544303797468,79,60
873,873.0,0.5670555555555556,0.35683333333333334,0.3875277777777778,0.536093023255814,0.3319999999999999,0.3717674418604651,0.008836996913580246,0.020815027777777783,0.0022948047839506176,0.010776642509464574,0.01709041860465116,0.003801899405083828,0.5835348837209302,0.3596976744186046,0.45044186046511636,0.016479328165374563,0.0028643410852712825,0.06291408268733856,36,43,0.4847757528943786,0.6955813953488366,65.53164556962025,79,56
874,874.0,0.5669722222222222,0.3511666666666667,0.3868611111111111,0.5348571428571429,0.3304761904761905,0.3727142857142857,0.00884424922839506,0.02118902777777778,0.002241730709876543,0.010967551020408162,0.01739748752834467,0.0038538707482993193,0.5808095238095239,0.3590238095238095,0.44609523809523804,0.013837301587301676,0.00785714285714284,0.059234126984126945,36,42,0.45844547888954573,0.7504761904761899,65.8076923076923,78,54
875,875.0,0.5718285714285715,0.35439999999999994,0.3880285714285714,0.5384186046511629,0.3351627906976744,0.3765581395348837,0.008247913469387755,0.021418068571428573,0.0022567134693877553,0.011245220118983233,0.01791539210383991,0.004384804759329368,0.5834186046511629,0.3613953488372093,0.4468837209302325,0.011590033222591445,0.00699534883720937,0.0588551495016611,35,43,0.43873842819392245,0.7672093023255808,67.37179487179488,78,54
876,876.0,0.5718888888888889,0.3604722222222222,0.38480555555555557,0.5392954545454546,0.33868181818181814,0.37738636363636363,0.008018932098765431,0.022113638117283955,0.002557601080246913,0.011022708161157023,0.01804071694214876,0.00431464617768595,0.5874318181818183,0.37077272727272725,0.4457954545454545,0.015542929292929442,0.01030050505050506,0.06098989898989893,36,44,0.4431422882284119,0.7322727272727266,68.15,80,55
877,877.0,0.5732777777777778,0.3613055555555556,0.3838888888888889,0.5423255813953488,0.34225581395348836,0.37669767441860463,0.007848645061728395,0.021935656635802478,0.0026434876543209866,0.010875056787452675,0.017898236884802597,0.004394117901568415,0.5933488372093024,0.37700000000000006,0.4485581395348838,0.02007105943152465,0.015694444444444455,0.06466925064599494,36,43,0.44350625012443445,0.7455813953488364,67.41772151898734,79,55
878,878.0,0.5686764705882353,0.3588529411764706,0.3839117647058824,0.5415000000000001,0.33549999999999996,0.3790952380952381,0.007676865916955019,0.020548243079584777,0.0027829628027681657,0.01110467857142857,0.016361821428571427,0.004251562358276644,0.5836666666666668,0.36554761904761907,0.45269047619047625,0.01499019607843144,0.006694677871148469,0.06877871148459386,34,42,0.44171320402236974,0.7945238095238087,69.17105263157895,76,55
879,879.0,0.5579333333333333,0.3601000000000001,0.37699999999999995,0.5415000000000001,0.33549999999999996,0.3790952380952381,0.007968862222222223,0.020674823333333335,0.004647533333333332,0.01110467857142857,0.016361821428571427,0.004251562358276644,0.5836666666666668,0.36554761904761907,0.45269047619047625,0.025733333333333497,0.005447619047618979,0.07569047619047631,30,42,0.49795549590888943,0.8123809523809516,68.27777777777777,72,51
880,880.0,0.5741034482758621,0.3538275862068965,0.37437931034482763,0.5399285714285713,0.3406190476190476,0.37597619047619046,0.009243127229488703,0.020578832342449466,0.004488373365041616,0.010739209183673468,0.01840371201814059,0.004170689909297053,0.5891666666666667,0.3727142857142858,0.44430952380952393,0.0150632183908046,0.01888669950738925,0.0699302134646963,29,42,0.5447215192310304,0.7990476190476185,67.40845070422536,71,50
881,881.0,0.5723214285714285,0.3381785714285715,0.3763928571428572,0.5408372093023255,0.3393720930232558,0.3720697674418605,0.009474789540816328,0.021747075255102045,0.004688809948979592,0.010524136289886424,0.018041024337479717,0.004714623039480801,0.5857674418604653,0.3681162790697675,0.43732558139534894,0.013446013289036718,0.02993770764119602,0.06093272425249174,28,43,0.5122820889166253,0.7402325581395341,65.84507042253522,71,56
882,882.0,0.5682,0.33568,0.3715200000000001,0.5390217391304347,0.3317391304347826,0.37123913043478257,0.00973952,0.020825577600000002,0.004290329599999999,0.010204890831758035,0.018288844990548205,0.00493748629489603,0.5848913043478262,0.3453478260869565,0.4440652173913045,0.016691304347826175,0.009667826086956544,0.07254521739130443,25,46,0.5246666394377412,0.7295652173913038,64.43661971830986,71,56
883,883.0,0.563125,0.3270416666666667,0.3722083333333333,0.5390217391304347,0.3317391304347826,0.37123913043478257,0.009501442708333335,0.019827789930555555,0.004457248263888888,0.010204890831758035,0.018288844990548205,0.00493748629489603,0.5848913043478262,0.3453478260869565,0.4440652173913045,0.021766304347826226,0.018306159420289847,0.0718568840579712,24,46,0.5323332322288356,0.7765217391304343,64.65714285714286,70,54
884,884.0,0.5661304347826086,0.3269565217391304,0.3717391304347826,0.5390217391304347,0.3317391304347826,0.37123913043478257,0.009697765595463138,0.020689693761814742,0.004645758034026464,0.010204890831758035,0.018288844990548205,0.00493748629489603,0.5848913043478262,0.3453478260869565,0.4440652173913045,0.01876086956521761,0.0183913043478261,0.07232608695652187,23,46,0.5056871144540511,0.8017391304347821,65.08695652173913,69,54
885,885.0,0.562125,0.32379166666666664,0.3670416666666667,0.5365531914893616,0.33002127659574465,0.37117021276595735,0.009662692708333335,0.020057998263888887,0.004959706597222221,0.0102680769578995,0.018035467632412858,0.004832651878678136,0.5802127659574469,0.3401276595744681,0.4431914893617022,0.018087765957446877,0.016335992907801467,0.07614982269503551,24,47,0.5378386238594897,0.8082978723404247,65.85915492957747,71,51
886,886.0,0.562125,0.32379166666666664,0.3670416666666667,0.5417234042553192,0.3362127659574468,0.3727021276595744,0.009662692708333335,0.020057998263888887,0.004959706597222221,0.011202455409687642,0.01764395473064735,0.004854294250792214,0.5829148936170212,0.3518723404255319,0.4375744680851064,0.020789893617021216,0.02808067375886525,0.0705328014184397,24,47,0.5180667319184646,0.8685106382978718,66.02816901408451,71,47
887,887.0,0.56,0.32176000000000005,0.36140000000000005,0.5417234042553192,0.3362127659574468,0.3727021276595744,0.00938456,0.0193547424,0.005525199999999999,0.011202455409687642,0.01764395473064735,0.004854294250792214,0.5829148936170212,0.3518723404255319,0.4375744680851064,0.022914893617021148,0.030112340425531847,0.07617446808510636,25,47,0.532363046378342,0.8506382978723398,66.40277777777777,72,48
888,888.0,0.5504615384615384,0.31700000000000006,0.3663846153846154,0.5428666666666667,0.3388888888888889,0.3737777777777777,0.011298171597633137,0.01917676923076923,0.005933852071005916,0.010906915555555556,0.018148720987654323,0.005040972839506173,0.5884888888888888,0.3651555555555555,0.43442222222222227,0.03802735042735039,0.04815555555555545,0.06803760683760685,26,45,0.5243133131087857,0.9386666666666659,66.64788732394366,71,43
889,889.0,0.5481666666666666,0.3130833333333333,0.3637916666666667,0.5395681818181819,0.33449999999999996,0.37004545454545457,0.011217138888888888,0.019639076388888888,0.006323414930555555,0.010665199896694214,0.017694386363636364,0.004528679752066115,0.5861136363636363,0.36297727272727265,0.4333863636363636,0.03794696969696976,0.049893939393939324,0.06959469696969695,24,44,0.5502730419458364,0.9352272727272719,68.04411764705883,68,46
890,890.0,0.5407599999999999,0.30827999999999994,0.363,0.5399333333333333,0.3417333333333333,0.3720666666666667,0.012085062399999999,0.0194072416,0.006085519999999999,0.010311928888888886,0.017274106666666664,0.004362017777777777,0.5901555555555554,0.37440000000000007,0.43022222222222223,0.049395555555555526,0.06612000000000012,0.06722222222222224,25,45,0.5855628335352435,0.8631111111111104,66.51428571428572,70,48
891,891.0,0.545962962962963,0.32051851851851854,0.3626666666666666,0.5385111111111112,0.3422222222222222,0.3726,0.011535665294924554,0.020448620027434843,0.005692148148148147,0.010187405432098763,0.017390483950617278,0.004385128888888889,0.5904222222222222,0.3748444444444445,0.4312222222222222,0.0444592592592592,0.054325925925925944,0.06855555555555559,27,45,0.5933654662232283,0.8515555555555551,65.13888888888889,72,48
892,892.0,0.532076923076923,0.29734615384615387,0.36553846153846153,0.5397272727272727,0.3455227272727273,0.3733636363636363,0.01184499408284024,0.018717995562130177,0.005557940828402366,0.010352380165289256,0.017295522210743798,0.004458549586776859,0.5958636363636364,0.38249999999999995,0.43154545454545445,0.06378671328671337,0.08515384615384608,0.06600699300699292,26,44,0.6060822623775712,0.8593181818181814,64.21428571428571,70,48
893,893.0,0.532076923076923,0.29734615384615387,0.36553846153846153,0.5436666666666666,0.3391875,0.3743125,0.01184499408284024,0.018717995562130177,0.005557940828402366,0.011586930555555555,0.017170569010416668,0.004577464843749999,0.5973333333333334,0.3697083333333333,0.43450000000000005,0.06525641025641038,0.07236217948717943,0.06896153846153852,26,48,0.5284877821404452,0.8052083333333325,63.66216216216216,74,52
894,894.0,0.531,0.29124,0.36388000000000004,0.5437346938775509,0.3439795918367347,0.37436734693877544,0.01228864,0.0184973024,0.0057087456000000005,0.011350684714702207,0.017922428154935444,0.0044841915868388165,0.5975102040816327,0.37618367346938775,0.4404285714285715,0.06651020408163266,0.08494367346938775,0.07654857142857147,25,49,0.48750911397930513,0.8138775510204074,65.33783783783784,74,54
895,895.0,0.531,0.29124,0.36388000000000004,0.5456326530612245,0.34530612244897957,0.37383673469387757,0.01228864,0.0184973024,0.0057087456000000005,0.011232314035818407,0.017590416493127863,0.004462014160766347,0.5953061224489796,0.3812244897959184,0.4367551020408164,0.0643061224489796,0.08998448979591839,0.07287510204081638,25,49,0.4870708569569321,0.8257142857142852,66.12162162162163,74,54
896,896.0,0.5438148148148149,0.2992222222222222,0.36533333333333345,0.5460625,0.34650000000000003,0.37414583333333323,0.013706743484224968,0.017932543209876542,0.005313185185185184,0.011457266927083334,0.017887041666666666,0.004550291232638889,0.5924583333333333,0.3746875,0.433625,0.04864351851851845,0.07546527777777778,0.06829166666666653,27,48,0.5820672221616288,0.8214583333333326,66.48,75,48
897,897.0,0.5450714285714287,0.29700000000000004,0.3666428571428572,0.5460625,0.34650000000000003,0.37414583333333323,0.013259852040816327,0.01742542857142857,0.005169729591836735,0.011457266927083334,0.017887041666666666,0.004550291232638889,0.5924583333333333,0.3746875,0.433625,0.04738690476190466,0.07768749999999996,0.06698214285714277,28,48,0.5839045677217654,0.8397916666666659,67.71052631578948,76,46
898,898.0,0.5484666666666667,0.2966666666666667,0.3654000000000001,0.5502,0.34292,0.37431999999999993,0.012561315555555555,0.016513355555555557,0.005682973333333333,0.011675519999999997,0.017508313600000002,0.004377417599999999,0.5952199999999999,0.37548000000000004,0.43432000000000004,0.0467533333333332,0.07881333333333335,0.06891999999999993,30,50,0.5472543865792627,0.7957999999999994,67.1625,80,48
899,899.0,0.5474666666666668,0.302,0.3655333333333334,0.5525714285714286,0.3434897959183673,0.376265306122449,0.012399248888888888,0.018589799999999997,0.005686582222222221,0.01163261224489796,0.017849392753019576,0.004277541857559351,0.5941020408163264,0.3687551020408164,0.43244897959183676,0.04663537414965968,0.06675510204081642,0.06691564625850338,30,49,0.5759052973117242,0.7820408163265299,66.55696202531645,79,47
900,900.0,0.5435625,0.29784374999999996,0.35884375,0.5548367346938776,0.34732653061224494,0.37489795918367347,0.011916933593750002,0.0179083193359375,0.0060069443359375,0.011693279466888794,0.01854679133694294,0.004265071220324865,0.5908163265306122,0.37675510204081636,0.4421836734693878,0.047253826530612275,0.0789113520408164,0.08333992346938779,32,49,0.5385533007412753,0.7265306122448972,65.17283950617283,81,49
901,901.0,0.5390937499999999,0.29415625,0.36446875,0.5548367346938776,0.34732653061224494,0.37489795918367347,0.011602584960937499,0.017945194335937498,0.006100811523437499,0.011693279466888794,0.01854679133694294,0.004265071220324865,0.5908163265306122,0.37675510204081636,0.4421836734693878,0.051722576530612296,0.08259885204081635,0.0777149234693878,32,49,0.55358397338068,0.7232653061224482,65.8395061728395,81,49
902,902.0,0.5485625,0.301375,0.36390625,0.5503800000000001,0.34436000000000005,0.374,0.011975121093749999,0.018157921875,0.0060503974609375,0.012432675599999998,0.018607070399999998,0.00421928,0.5869,0.37246,0.44138000000000005,0.038337500000000024,0.07108500000000001,0.07747375000000006,32,50,0.5171711642412631,0.7285999999999992,66.53658536585365,82,50
903,903.0,0.53921875,0.30574999999999997,0.36071875,0.5498775510204081,0.3374081632653061,0.37614285714285717,0.0109172333984375,0.017610499999999998,0.0062627646484375,0.012601944189920866,0.01814411911703457,0.004248612244897959,0.5804489795918367,0.3542448979591837,0.44171428571428567,0.04123022959183675,0.048494897959183714,0.0809955357142857,32,49,0.5271603239622048,0.7428571428571422,66.39506172839506,81,49
904,904.0,0.53825,0.3056875,0.36159375,0.5511666666666667,0.3414375,0.375875,0.010826625,0.01757833984375,0.006330741210937499,0.012783055555555554,0.017726579427083333,0.004333609374999999,0.5847916666666667,0.35804166666666665,0.4480833333333334,0.0465416666666667,0.052354166666666646,0.0864895833333334,32,48,0.5118228879373106,0.7614583333333326,66.8375,80,48
905,905.0,0.5393125000000001,0.30737499999999995,0.36071875,0.5505744680851065,0.3425957446808511,0.3794468085106382,0.01086533984375,0.017333546875,0.0062505146484375,0.013038201901312812,0.01803934721593481,0.0038134386600271616,0.5878085106382979,0.3619361702127659,0.45455319148936174,0.04849601063829778,0.054561170212765964,0.09383444148936176,32,47,0.4949311670911319,0.8817021276595737,67.29113924050633,79,40
906,906.0,0.5393125000000001,0.30737499999999995,0.36071875,0.5514782608695653,0.3428478260869565,0.38163043478260866,0.01086533984375,0.017333546875,0.0062505146484375,0.013283249527410204,0.01842852032136106,0.003672232986767485,0.5906304347826087,0.3661739130434782,0.46217391304347827,0.0513179347826086,0.05879891304347823,0.10145516304347829,32,46,0.471562397667334,0.9286956521739121,67.8076923076923,78,37
907,907.0,0.5406,0.31526666666666664,0.3619666666666667,0.5464,0.33915555555555554,0.38235555555555556,0.011546106666666667,0.017332595555555552,0.006315632222222223,0.013790373333333335,0.0185764424691358,0.0038205846913580243,0.5867111111111111,0.35720000000000013,0.4612666666666666,0.0461111111111111,0.04193333333333349,0.09929999999999989,30,45,0.4633125531023164,0.9486666666666659,67.53333333333333,75,38
908,908.0,0.5409032258064517,0.31019354838709673,0.36506451612903235,0.5464,0.33915555555555554,0.38235555555555556,0.011176409989594172,0.01754557544224766,0.006399802289281998,0.013790373333333335,0.0185764424691358,0.0038205846913580243,0.5867111111111111,0.35720000000000013,0.4612666666666666,0.0458078853046594,0.0470064516129034,0.09620215053763426,31,45,0.4663802493624712,0.9671111111111103,68.19736842105263,76,36
909,909.0,0.5359655172413793,0.30003448275862066,0.364344827586207,0.5450434782608696,0.3373913043478261,0.3779565217391304,0.011505136741973841,0.017000309155766946,0.006824019024970274,0.013573389413988656,0.018312672967863895,0.004608345935727788,0.5804347826086955,0.3556304347826088,0.45415217391304347,0.04446926536731621,0.05559595202398815,0.08980734632683646,29,46,0.4371931144169166,0.9536956521739124,67.69333333333333,75,40
910,910.0,0.5263548387096775,0.3056129032258064,0.36990322580645174,0.5364130434782609,0.3354782608695653,0.37863043478260866,0.012883648283038502,0.017406108220603535,0.006250087408949012,0.013560068525519848,0.01887677126654064,0.004676015595463138,0.574586956521739,0.35728260869565215,0.4473695652173913,0.04823211781206149,0.05166970546984573,0.07746633941093956,31,46,0.46941309009547183,0.9045652173913036,68.57142857142857,77,42
911,911.0,0.5213870967741936,0.3114193548387097,0.3659677419354839,0.5341702127659574,0.33374468085106385,0.3791276595744681,0.011252946930280954,0.019374308012486994,0.006635257023933402,0.013502949751018557,0.01861338162064282,0.004587898596650069,0.5689361702127659,0.35134042553191486,0.4464468085106383,0.04754907343857229,0.03992107069320516,0.08047906657515436,31,47,0.4981545288078597,0.8982978723404248,70.28205128205128,78,40
912,912.0,0.5213870967741936,0.3114193548387097,0.3659677419354839,0.5341702127659574,0.33374468085106385,0.3791276595744681,0.011252946930280954,0.019374308012486994,0.006635257023933402,0.013502949751018557,0.01861338162064282,0.004587898596650069,0.5689361702127659,0.35134042553191486,0.4464468085106383,0.04754907343857229,0.03992107069320516,0.08047906657515436,31,47,0.49205232702837626,0.9540425531914883,71.28205128205128,78,36
913,913.0,0.5255161290322581,0.3005806451612903,0.367225806451613,0.5376249999999999,0.33429166666666665,0.3802083333333333,0.011645604578563996,0.01755340478668054,0.006848884495317378,0.013782609374999998,0.018239664930555555,0.004547206597222222,0.5732916666666666,0.35456249999999995,0.4439166666666667,0.04777553763440856,0.05398185483870965,0.07669086021505367,31,48,0.5037482854084497,0.935624999999999,72.18987341772151,79,36
914,914.0,0.5230312500000001,0.29803124999999997,0.3653125,0.5333399999999999,0.33094,0.37686,0.011473092773437499,0.0172063427734375,0.0067483398437499995,0.013937664399999999,0.0178737764,0.0046848003999999995,0.57198,0.34366,0.44494,0.048948749999999985,0.04562875000000005,0.07962750000000002,32,50,0.49462448132000986,0.9017999999999993,73.1829268292683,82,36
915,915.0,0.5195294117647059,0.2975882352941176,0.3703529411764706,0.5326326530612245,0.333,0.3771224489795918,0.011686896193771626,0.0172933598615917,0.006788993079584775,0.014197089546022489,0.018026367346938774,0.0047769645980841316,0.5705714285714286,0.344061224489796,0.4417755102040816,0.05104201680672271,0.04647298919567838,0.07142256902761102,34,49,0.48494409583728504,0.9024489795918358,74.49397590361446,83,37
916,916.0,0.5160571428571429,0.30291428571428575,0.36791428571428575,0.53016,0.33208000000000004,0.37437999999999994,0.013414111020408162,0.01646087836734694,0.007083221224489796,0.013057374399999998,0.019465513599999998,0.0042291556,0.57554,0.34316,0.44064,0.05948285714285717,0.040245714285714274,0.07272571428571423,35,50,0.4931592558805841,0.8493999999999992,74.69411764705882,85,39
917,917.0,0.5102941176470589,0.30194117647058816,0.3716764705882353,0.530754716981132,0.3415849056603774,0.37841509433962267,0.015130031141868512,0.014325996539792387,0.007026454152249135,0.012443468138127448,0.019919714489142044,0.00429541260234959,0.5828113207547171,0.3559245283018868,0.4452075471698113,0.07251720310765819,0.053983351831298654,0.07353107658157604,34,53,0.4961194290314747,0.7928301886792445,76.0919540229885,87,41
918,918.0,0.5058823529411764,0.30820588235294116,0.3710588235294118,0.5257358490566038,0.33467924528301884,0.377867924528302,0.013366103806228373,0.014243634083044982,0.006975643598615917,0.01277536418654325,0.020871840512637945,0.004328114631541474,0.5782830188679247,0.35766037735849054,0.4428867924528302,0.07240066592674821,0.04945449500554938,0.07182796892341842,34,53,0.46864182750273353,0.7911320754716974,74.05747126436782,87,39
919,919.0,0.5058823529411764,0.30820588235294116,0.3710588235294118,0.5247735849056604,0.3333018867924528,0.3790754716981133,0.013366103806228373,0.014243634083044982,0.006975643598615917,0.013059722321110715,0.02131119188323246,0.004259352794588822,0.5767358490566038,0.35894339622641513,0.4415471698113207,0.07085349611542735,0.05073751387347397,0.07048834628190892,34,53,0.4540829689305279,0.7711320754716975,74.01149425287356,87,40
920,920.0,0.4912903225806452,0.31012903225806443,0.3756129032258065,0.5220576923076923,0.3323076923076923,0.3814038461538462,0.013071302809573361,0.014846176899063476,0.0061557856399583775,0.01291993897928994,0.021668636094674558,0.004053933062130178,0.5750192307692308,0.3602884615384616,0.4397884615384615,0.08372890818858558,0.05015942928039718,0.06417555831265503,31,52,0.4971655722816702,0.7592307692307685,73.50602409638554,83,40
921,921.0,0.5030689655172413,0.3212758620689655,0.3753103448275862,0.5226666666666667,0.3338518518518519,0.38272222222222224,0.013432684898929844,0.014863165279429252,0.005592696789536265,0.013081814814814817,0.021392681755829895,0.0039596820987654316,0.5706851851851853,0.36316666666666675,0.44370370370370366,0.06761621966794396,0.041890804597701226,0.06839335887611747,29,54,0.5070787350026492,0.712962962962962,74.20481927710843,83,44
922,922.0,0.5023571428571428,0.3147857142857143,0.37503571428571425,0.5227058823529412,0.3345490196078432,0.3841176470588236,0.013897729591836733,0.014172454081632651,0.005790248724489797,0.013220560553633218,0.01957028681276432,0.004100966551326413,0.5651960784313727,0.3628627450980393,0.4496470588235293,0.06283893557422982,0.048077030812325006,0.07461134453781504,28,51,0.4876809737619135,0.7472549019607835,74.65822784810126,79,47
923,923.0,0.5065862068965516,0.32062068965517243,0.3733448275862069,0.5290392156862745,0.33870588235294125,0.3866862745098039,0.013895690844233057,0.01469499405469679,0.005619605231866825,0.013253841599384851,0.018342952710495963,0.004132293733179546,0.5725098039215687,0.36954901960784314,0.45049019607843127,0.06592359702501704,0.04892832995267071,0.07714536849222436,29,51,0.4974050024305281,0.7013725490196072,76.0625,80,49
924,924.0,0.4919285714285714,0.3021071428571429,0.38132142857142853,0.5280961538461539,0.33623076923076933,0.38596153846153847,0.01509013775510204,0.014745667091836735,0.005363718112244898,0.01304431767751479,0.018302639053254438,0.004079613905325443,0.5695000000000001,0.3632500000000001,0.4499615384615383,0.07757142857142874,0.061142857142857165,0.06864010989010977,28,52,0.4932657047436998,0.6957692307692299,76.2125,80,49
925,925.0,0.4983571428571429,0.31096428571428575,0.3773571428571429,0.5245531914893617,0.3320425531914894,0.38834042553191495,0.013892586734693877,0.01501960586734694,0.0049184438775510195,0.012923225894069714,0.017120296061566318,0.004210139429606157,0.5674680851063831,0.3645531914893617,0.44870212765957435,0.06911094224924025,0.05358890577507597,0.07134498480243145,28,47,0.5189487836140803,0.6572340425531907,73.41333333333333,75,50
926,926.0,0.5041923076923077,0.3231153846153846,0.3756538461538462,0.5262222222222223,0.3290222222222222,0.3864222222222222,0.014212232248520711,0.013984794378698226,0.005019226331360946,0.012759728395061728,0.01731477728395062,0.004168910617283951,0.5697555555555556,0.36613333333333337,0.4534444444444443,0.06556324786324785,0.043017948717948784,0.07779059829059809,26,45,0.5179024000669737,0.7171111111111104,72.91549295774648,71,48
927,927.0,0.5026923076923077,0.3235,0.37442307692307697,0.5230666666666666,0.3338888888888889,0.3854,0.013921059171597631,0.014026096153846156,0.004982397928994082,0.01216424,0.018025743209876544,0.004070595555555555,0.5696666666666667,0.37360000000000004,0.4541333333333333,0.066974358974359,0.05010000000000003,0.07971025641025631,26,45,0.5429557822017294,0.7264444444444436,72.52112676056338,71,46
928,928.0,0.5026923076923077,0.3235,0.37442307692307697,0.5263333333333333,0.3342619047619048,0.3854047619047619,0.013921059171597631,0.014026096153846156,0.004982397928994082,0.012108269841269842,0.01824147902494331,0.004345336167800453,0.573,0.3707857142857143,0.45199999999999996,0.0703076923076923,0.047285714285714264,0.07757692307692299,26,42,0.5270456342177706,0.7430952380952374,72.77941176470588,68,47
929,929.0,0.5085999999999999,0.33027999999999996,0.37228,0.5336190476190475,0.33185714285714285,0.3879523809523809,0.013570480000000001,0.013391961600000002,0.005062281599999999,0.012116759637188208,0.0190616462585034,0.004325235827664399,0.5751428571428572,0.36264285714285716,0.45211904761904764,0.06654285714285724,0.03236285714285719,0.07983904761904764,25,42,0.5604432668615572,0.7852380952380946,72.16417910447761,67,43
930,930.0,0.5121538461538461,0.3243076923076923,0.3741923076923077,0.532829268292683,0.3277560975609756,0.3876341463414634,0.013364284023668639,0.013768597633136093,0.004959001479289941,0.012386092801903628,0.018820184414039265,0.004426475907198097,0.5732926829268293,0.355,0.44848780487804885,0.06113883677298326,0.030692307692307685,0.07429549718574113,26,41,0.5326522213319885,0.7968292682926823,71.7910447761194,67,44
931,931.0,0.5121538461538461,0.3243076923076923,0.3741923076923077,0.532829268292683,0.3277560975609756,0.3876341463414634,0.013364284023668639,0.013768597633136093,0.004959001479289941,0.012386092801903628,0.018820184414039265,0.004426475907198097,0.5732926829268293,0.355,0.44848780487804885,0.06113883677298326,0.030692307692307685,0.07429549718574113,26,41,0.5166052061915428,0.8421951219512188,72.7910447761194,67,43
932,932.0,0.5190357142857142,0.3161428571428572,0.37114285714285716,0.537575,0.332325,0.386225,0.010646963010204081,0.013534551020408164,0.006340336734693877,0.011772344374999999,0.018434819375,0.004455724375,0.5776749999999999,0.35910000000000003,0.453125,0.05863928571428578,0.042957142857142805,0.08198214285714284,28,40,0.5083060265307028,0.8579999999999993,72.91176470588235,68,42
933,933.0,0.5190357142857142,0.3161428571428572,0.37114285714285716,0.5440789473684211,0.3342894736842106,0.3849736842105262,0.010646963010204081,0.013534551020408164,0.006340336734693877,0.01153070429362881,0.019239416204986155,0.004655551939058172,0.5922105263157895,0.37134210526315786,0.454342105263158,0.07317481203007536,0.05519924812030064,0.08319924812030083,28,38,0.47166958482674043,0.9215789473684204,72.65151515151516,66,44
934,934.0,0.5222499999999999,0.32746428571428565,0.37271428571428566,0.5431794871794872,0.3330769230769231,0.3842820512820512,0.010668544642857143,0.01436546301020408,0.00645684693877551,0.011265788297172912,0.018801968441814594,0.00455435634451019,0.5927179487179487,0.36579487179487175,0.4561025641025642,0.07046794871794881,0.03833058608058609,0.08338827838827856,28,39,0.49040997980962897,0.8833333333333325,72.74626865671642,67,46
935,935.0,0.5254333333333332,0.3352666666666666,0.37513333333333326,0.5454615384615384,0.3393589743589744,0.386974358974359,0.01012857888888889,0.015030462222222226,0.006116382222222222,0.011581530571992108,0.01949653780407626,0.003896742932281395,0.6006410256410256,0.3778205128205129,0.4668717948717949,0.07520769230769242,0.042553846153846275,0.09173846153846166,30,39,0.46503269920725726,0.859743589743589,72.42028985507247,69,47
936,936.0,0.5310714285714285,0.33025,0.3727499999999999,0.5454615384615384,0.3393589743589744,0.386974358974359,0.009320780612244896,0.015482116071428574,0.006320187499999999,0.011581530571992108,0.01949653780407626,0.003896742932281395,0.6006410256410256,0.3778205128205129,0.4668717948717949,0.06956959706959709,0.04757051282051289,0.094121794871795,28,39,0.4942944599820835,0.896666666666666,73.40298507462687,67,46
937,937.0,0.5278148148148146,0.323,0.37374074074074065,0.5438918918918919,0.3284594594594594,0.38664864864864856,0.009369039780521261,0.01458377777777778,0.00652678463648834,0.012159501826150478,0.018142951059167276,0.004087795471146823,0.5894054054054054,0.35783783783783785,0.4681081081081081,0.0615905905905908,0.03483783783783784,0.09436736736736745,27,37,0.531967037073995,0.9102702702702695,72.796875,64,46
938,938.0,0.5312592592592592,0.32566666666666666,0.3732592592592592,0.549974358974359,0.3273076923076923,0.3838461538461538,0.009637451303155008,0.014214000000000001,0.006493080932784635,0.012220383957922422,0.017573546351084813,0.0043042840236686385,0.5980769230769231,0.35448717948717945,0.46641025641025635,0.06681766381766385,0.02882051282051279,0.09315099715099717,27,39,0.5424019619434359,0.853846153846153,72.95454545454545,66,47
939,939.0,0.5284285714285714,0.31639285714285714,0.3726785714285713,0.5557105263157895,0.3306842105263158,0.3852631578947369,0.009509602040816327,0.016028452806122452,0.006270289540816327,0.011258731994459835,0.017591373961218834,0.004339246537396121,0.603421052631579,0.35955263157894735,0.46810526315789475,0.07499248120300761,0.043159774436090204,0.09542669172932344,28,38,0.5309425364111621,0.8834210526315782,73.3030303030303,66,48
940,940.0,0.5284285714285714,0.31639285714285714,0.3726785714285713,0.5507380952380952,0.32647619047619053,0.3880476190476191,0.009509602040816327,0.016028452806122452,0.006270289540816327,0.01238609807256236,0.016303868480725625,0.0039923786848072565,0.5948809523809524,0.3456190476190476,0.4647857142857143,0.06645238095238104,0.02922619047619046,0.092107142857143,28,42,0.5566547887456855,0.853571428571428,70.47142857142858,70,42
941,941.0,0.5342142857142856,0.31942857142857145,0.36721428571428566,0.5572439024390243,0.33124390243902435,0.38809756097560977,0.007700739795918367,0.014835959183673472,0.006362596938775509,0.012727111243307557,0.016593403926234387,0.004004770969660916,0.6041463414634146,0.35639024390243906,0.4586341463414634,0.06993205574912897,0.03696167247386761,0.09141986062717772,28,41,0.5756298172864585,0.9004878048780481,69.30434782608695,69,39
942,942.0,0.5261724137931034,0.31758620689655176,0.36862068965517236,0.5552142857142857,0.32949999999999996,0.3835476190476191,0.009246004756242567,0.01441941498216409,0.006198580261593341,0.012592977891156463,0.016323011904761903,0.004758200113378685,0.5955238095238096,0.35459523809523813,0.4488571428571428,0.06935139573070614,0.03700903119868637,0.08023645320197043,29,42,0.5219655952406012,0.8507142857142851,69.0,71,45
943,943.0,0.5276206896551724,0.31555172413793103,0.36744827586206885,0.550452380952381,0.3295,0.38376190476190475,0.009463545778834721,0.01402093697978597,0.006050936979785969,0.011943771541950112,0.016323011904761903,0.004746562358276644,0.5924761904761905,0.35964285714285715,0.45147619047619036,0.0648555008210181,0.04409113300492612,0.08402791461412151,29,42,0.49920912541669793,0.8078571428571422,68.15492957746478,71,49
944,944.0,0.5276206896551724,0.31555172413793103,0.36744827586206885,0.5518604651162792,0.331,0.38504651162790693,0.009463545778834721,0.01402093697978597,0.006050936979785969,0.01174928285559762,0.016037906976744187,0.0047054862087614925,0.5972325581395349,0.36737209302325585,0.4518837209302325,0.06961186848436252,0.05182036888532482,0.08443544506816364,29,43,0.4912174625256124,0.8465116279069762,69.04166666666667,72,46
945,945.0,0.5276206896551724,0.31555172413793103,0.36744827586206885,0.5528095238095239,0.3317619047619048,0.388,0.009463545778834721,0.01402093697978597,0.006050936979785969,0.011990297052154198,0.016394800453514737,0.004442428571428571,0.5963333333333334,0.3747857142857143,0.4502142857142858,0.06871264367816099,0.059233990147783244,0.08276600985221694,29,42,0.4539154548069408,0.863571428571428,69.29577464788733,71,47
946,946.0,0.5300333333333332,0.3083666666666666,0.3699333333333332,0.5541627906976745,0.32990697674418606,0.3872325581395349,0.00931689888888889,0.015050698888888889,0.006028328888888891,0.011788368848025962,0.01615803785830178,0.004363852893455921,0.5919302325581396,0.37083720930232555,0.45020930232558143,0.061896899224806345,0.06247054263565893,0.0802759689922482,30,43,0.5210596655186602,0.884651162790697,70.08219178082192,73,40
947,947.0,0.5229090909090909,0.3066666666666667,0.3592424242424242,0.5538333333333334,0.32683333333333336,0.3857619047619047,0.009300264462809918,0.014471010101010102,0.00720278971533517,0.012064376984126986,0.01613651984126984,0.00437475283446712,0.5914285714285714,0.3719523809523809,0.44521428571428573,0.06851948051948054,0.06528571428571422,0.08597186147186153,33,42,0.5483331395010818,0.8516666666666659,69.09333333333333,75,39
948,948.0,0.5224193548387096,0.30054838709677417,0.36051612903225805,0.5463809523809523,0.32907142857142857,0.38728571428571423,0.009660178980228928,0.013325667013527574,0.0072226368366285106,0.01490818820861678,0.016658923469387753,0.004367918367346939,0.5912619047619048,0.382,0.4383571428571429,0.06884254992319516,0.08145161290322583,0.07784101382488484,31,42,0.5342316628697257,0.8626190476190471,68.68493150684931,73,41
949,949.0,0.5259375,0.29800000000000004,0.36371875,0.5482093023255813,0.3267906976744186,0.3897906976744186,0.00998187109375,0.012682625,0.0073321396484374995,0.014701886425094644,0.01648997944835046,0.004529886425094645,0.5949534883720929,0.38260465116279074,0.4386046511627908,0.069015988372093,0.0846046511627907,0.07488590116279081,32,43,0.5365855197479317,0.8790697674418599,68.93333333333334,75,38
950,950.0,0.5311176470588236,0.2904411764705883,0.3595,0.5438571428571428,0.3278095238095238,0.3897142857142858,0.009933162629757786,0.010046540657439446,0.0071512500000000005,0.014237455782312926,0.01683796371882086,0.0046374897959183675,0.5928809523809524,0.3806428571428571,0.44185714285714284,0.061763305322128814,0.0902016806722688,0.08235714285714285,34,42,0.5441343606937227,0.8597619047619043,67.98684210526316,76,37
951,951.0,0.5311176470588236,0.2904411764705883,0.3595,0.5471707317073171,0.3294146341463414,0.38863414634146337,0.009933162629757786,0.010046540657439446,0.0071512500000000005,0.014123556216537778,0.017140437834622248,0.004701597858417609,0.5997560975609756,0.3853170731707317,0.44039024390243914,0.068638450502152,0.0948758967001434,0.08089024390243915,34,41,0.5339498571015551,0.8531707317073163,68.25333333333333,75,40
952,952.0,0.5344285714285715,0.2932857142857143,0.3604571428571428,0.5475853658536586,0.3286829268292683,0.38599999999999995,0.010192873469387754,0.011131061224489798,0.0068912195918367355,0.014155169541939324,0.016926850684116597,0.004850780487804877,0.6005853658536585,0.37509756097560976,0.4414390243902439,0.06615679442508704,0.08181184668989544,0.0809818815331011,35,41,0.5445299653402782,0.8092682926829261,67.5657894736842,76,41
953,953.0,0.5449705882352941,0.30397058823529416,0.3595294117647058,0.5496744186046513,0.32816279069767446,0.3816744186046511,0.008681087370242214,0.010214616782006922,0.00691966089965398,0.013658824229313145,0.016578229313142238,0.005531335857220119,0.5930930232558139,0.3821162790697675,0.4336046511627907,0.04812243502051983,0.07814569083447331,0.07407523939808486,34,43,0.49740292751071313,0.7823255813953481,66.64935064935065,77,44
954,954.0,0.5441111111111111,0.30066666666666664,0.3625555555555555,0.549904761904762,0.3273333333333333,0.3809047619047619,0.008342043209876542,0.009980055555555555,0.006691413580246914,0.013981752834467124,0.01694336507936508,0.005637562358276644,0.5925952380952381,0.38261904761904764,0.43130952380952386,0.04848412698412696,0.081952380952381,0.06875396825396834,36,42,0.5126527889423367,0.750714285714285,66.64102564102564,78,44
955,955.0,0.5474571428571429,0.3062285714285714,0.3646,0.5489499999999999,0.325275,0.37944999999999995,0.008367905306122447,0.009519433469387753,0.006663554285714287,0.014229247500000004,0.016671949375,0.0058741975,0.5849249999999999,0.37592499999999995,0.433375,0.03746785714285705,0.06969642857142855,0.06877500000000003,35,40,0.5493966341822683,0.7949999999999994,65.98666666666666,75,41
956,956.0,0.5490882352941177,0.30211764705882355,0.3641470588235294,0.5424418604651162,0.32774418604651157,0.3824883720930232,0.008520903979238756,0.009207927335640138,0.006852360726643599,0.01521689778258518,0.016678888047593293,0.005731087074094105,0.583767441860465,0.3734186046511628,0.4314418604651163,0.034679206566347376,0.07130095759233923,0.06729480164158691,34,43,0.5258483591315531,0.7593023255813948,65.84415584415585,77,43
957,957.0,0.5490882352941177,0.30211764705882355,0.3641470588235294,0.5418,0.32625000000000004,0.38,0.008520903979238756,0.009207927335640138,0.006852360726643599,0.01607081,0.0166046875,0.00603215,0.581475,0.37722500000000003,0.42780000000000007,0.03238676470588231,0.07510735294117649,0.06365294117647069,34,40,0.5152866307140215,0.8634999999999993,65.89189189189189,74,38
958,958.0,0.5522121212121213,0.30463636363636365,0.3659090909090909,0.5426410256410258,0.3272564102564103,0.38056410256410256,0.008447318640955005,0.009271261707988981,0.0069544462809917355,0.01645458908612755,0.01698993425378041,0.006174092044707429,0.5806923076923076,0.3829230769230769,0.4253589743589744,0.028480186480186354,0.07828671328671327,0.0594498834498835,33,39,0.5328532547128665,0.8705128205128199,66.29166666666667,72,39
959,959.0,0.553794117647059,0.30667647058823533,0.36685294117647055,0.547075,0.32852499999999996,0.38227500000000003,0.008281457612456748,0.009135924740484429,0.0067793019031141865,0.016809969375,0.016627949375,0.006133899375,0.5835250000000001,0.39055,0.429225,0.02973088235294108,0.08387352941176468,0.062372058823529475,34,40,0.5096096864023387,0.8334999999999994,66.56756756756756,74,42
960,960.0,0.5502222222222223,0.3119166666666667,0.36774999999999997,0.5497560975609755,0.33236585365853655,0.3843170731707317,0.008262283950617283,0.009949409722222222,0.006523909722222222,0.016687501487209995,0.016812475907198095,0.006151094586555622,0.5847804878048781,0.39056097560975606,0.42692682926829273,0.034558265582655845,0.07864430894308938,0.05917682926829276,36,41,0.5059162621398094,0.8404878048780481,66.0,77,39
961,961.0,0.5511351351351352,0.31391891891891893,0.36797297297297293,0.54945,0.3311,0.37960000000000005,0.00806898173849525,0.00982483126369613,0.0063493776479181885,0.0171278475,0.017138340000000002,0.006313689999999999,0.574475,0.388025,0.42285000000000006,0.023339864864864723,0.07410608108108108,0.054877027027027125,37,40,0.5213318219385807,0.8442499999999994,65.55844155844156,77,37
962,962.0,0.5484473684210528,0.312,0.36315789473684207,0.54945,0.3311,0.37960000000000005,0.008123931440443216,0.009702526315789472,0.007040132963988921,0.0171278475,0.017138340000000002,0.006313689999999999,0.574475,0.388025,0.42285000000000006,0.026027631578947164,0.07602500000000001,0.05969210526315799,38,40,0.4989388657271039,0.8617499999999995,66.94871794871794,78,37
963,963.0,0.5488108108108108,0.3151351351351351,0.3654054054054054,0.545,0.32785000000000003,0.38025000000000003,0.007893504747991237,0.010890441197954714,0.0070252680788897015,0.016697800000000002,0.0171524275,0.0065289375,0.57845,0.3865,0.42295,0.029639189189189175,0.07136486486486493,0.0575445945945946,37,40,0.5198230518614633,0.8132499999999994,65.1038961038961,77,39
964,964.0,0.5522499999999999,0.3102222222222222,0.36338888888888893,0.5425641025641026,0.32774358974358975,0.3792307692307692,0.007962020833333333,0.01118183950617284,0.008246626543209878,0.016888604865220248,0.01759178040762656,0.0066547928994082845,0.576051282051282,0.38961538461538464,0.4213846153846154,0.02380128205128207,0.07939316239316246,0.057995726495726485,36,39,0.5469077189692209,0.8599999999999994,65.34666666666666,75,37
965,965.0,0.5489999999999998,0.3123243243243243,0.37105405405405406,0.5456585365853659,0.33121951219512197,0.38065853658536586,0.009878432432432433,0.011373894813732653,0.007279510591672754,0.016393737061273055,0.019572220107079118,0.006431395597858417,0.5805853658536586,0.3883170731707317,0.42917073170731707,0.03158536585365879,0.07599274884640744,0.058116677653263005,37,41,0.5044179424432111,0.8019512195121945,65.26923076923077,78,38
966,966.0,0.5519736842105262,0.31397368421052624,0.3730263157894737,0.5467619047619048,0.33519047619047615,0.38040476190476186,0.009945657202216067,0.011175236149584489,0.007231867728531858,0.01605332426303855,0.019752725623582768,0.006280907596371883,0.5871190476190477,0.3961904761904762,0.43057142857142855,0.03514536340852148,0.08221679197994997,0.057545112781954844,38,42,0.4916727613358883,0.7902380952380946,65.725,80,38
967,967.0,0.546,0.3077222222222222,0.37027777777777776,0.5438888888888889,0.32715555555555553,0.386,0.009746166666666669,0.010957867283950616,0.007486089506172841,0.017582276543209877,0.019538575802469135,0.006324133333333332,0.5905555555555556,0.3966666666666667,0.43111111111111106,0.04455555555555557,0.08894444444444455,0.060833333333333295,36,45,0.5160289592846266,0.7879999999999996,65.75308641975309,81,34
968,968.0,0.5411891891891892,0.30937837837837834,0.37083783783783786,0.5425869565217392,0.32702173913043475,0.38284782608695656,0.010766207450693937,0.011419424397370342,0.007187811541271,0.017276329395085065,0.019114629962192816,0.006633781190926275,0.5837173913043479,0.39330434782608703,0.4244782608695652,0.04252820211515862,0.08392596944770869,0.053640423031727336,37,46,0.5373698489146891,0.7589130434782605,65.5421686746988,83,33
969,969.0,0.5390833333333334,0.3147777777777778,0.37697222222222215,0.5463191489361703,0.32285106382978723,0.3840638297872341,0.010471854166666666,0.012519950617283952,0.006496804783950617,0.017549493888637392,0.019508084200995927,0.006560655500226347,0.5850851063829787,0.3871914893617022,0.4308510638297872,0.04600177304964537,0.0724137115839244,0.053878841607565064,36,47,0.5157101918129193,0.766382978723404,65.46987951807229,83,33
970,970.0,0.5411212121212121,0.32296969696969696,0.3788181818181818,0.5475957446808511,0.33023404255319144,0.38378723404255327,0.010870712580348944,0.012480696051423323,0.006755542699724518,0.017718113173381622,0.019285966500679038,0.006559784517881395,0.5865531914893617,0.40187234042553205,0.4298723404255319,0.04543197936814958,0.07890264345583509,0.05105415860735013,33,47,0.4996802591601884,0.7914893617021269,64.65,80,34
971,971.0,0.5425428571428572,0.3326000000000001,0.37631428571428577,0.5475957446808511,0.33023404255319144,0.38378723404255327,0.010384876734693876,0.012950697142857143,0.006168729795918367,0.017718113173381622,0.019285966500679038,0.006559784517881395,0.5865531914893617,0.40187234042553205,0.4298723404255319,0.044010334346504476,0.06927234042553193,0.05355805471124614,35,47,0.5003208206830154,0.7812765957446802,64.42682926829268,82,32
972,972.0,0.5394545454545455,0.32984848484848484,0.3757272727272727,0.5462000000000001,0.3258888888888889,0.3823555555555556,0.010837884297520662,0.013602128558310375,0.0065278347107438,0.018189404444444446,0.01954992098765432,0.006692051358024692,0.5818444444444444,0.39408888888888893,0.4298888888888889,0.042389898989898867,0.0642404040404041,0.05416161616161619,33,45,0.578125318977268,0.8017777777777771,64.7051282051282,78,30
973,973.0,0.54096875,0.33299999999999996,0.3761875,0.5480652173913044,0.3289782608695652,0.3821086956521739,0.0111009052734375,0.013699437499999998,0.006724839843749999,0.01795053922495274,0.019554412570888472,0.00654931427221172,0.5881304347826086,0.40039130434782616,0.4293260869565217,0.047161684782608626,0.0673913043478262,0.05313858695652168,32,46,0.5136972032121228,0.7919565217391297,65.26923076923077,78,33
974,974.0,0.5349666666666667,0.3264333333333334,0.37133333333333335,0.5436170212765958,0.3252340425531915,0.3835744680851064,0.011104298888888888,0.013534112222222224,0.006919622222222223,0.018478789497510185,0.019783243096423722,0.0065087976459936615,0.584531914893617,0.3938936170212766,0.42661702127659573,0.0495652482269503,0.06746028368794321,0.05528368794326238,30,47,0.5327138328213243,0.7668085106382972,65.66233766233766,77,35
975,975.0,0.5349666666666667,0.3264333333333334,0.37133333333333335,0.5450833333333334,0.3268125,0.38356250000000003,0.011104298888888888,0.013534112222222224,0.006919622222222223,0.018194868055555553,0.019488194010416668,0.0063732044270833335,0.5885833333333333,0.3945,0.4242916666666667,0.053616666666666646,0.06806666666666661,0.05295833333333333,30,48,0.5062123735976652,0.7749999999999994,66.82051282051282,78,35
976,976.0,0.5320357142857143,0.3335357142857144,0.3691428571428571,0.5413673469387755,0.32577551020408163,0.37957142857142856,0.011768320153061226,0.013661605867346936,0.007336122448979592,0.01848635485214494,0.019142092461474386,0.007007714285714285,0.5814285714285715,0.39181632653061227,0.41636734693877553,0.04939285714285724,0.05828061224489789,0.04722448979591842,28,49,0.49784975873626836,0.7536734693877545,67.11688311688312,77,39
977,977.0,0.5232857142857142,0.3333928571428571,0.3712142857142857,0.5392600000000001,0.3247,0.37660000000000005,0.01407177551020408,0.014330024234693876,0.008098096938775511,0.0183342324,0.01881593,0.007300199999999999,0.58194,0.38864000000000004,0.42050000000000004,0.05865428571428577,0.05524714285714294,0.04928571428571432,28,50,0.49086904137202475,0.7359999999999993,67.1923076923077,78,40
978,978.0,0.5261428571428571,0.32003571428571426,0.36953571428571425,0.5390416666666668,0.3262291666666666,0.37514583333333335,0.014764836734693879,0.016245820153061225,0.008000320153061225,0.018451123263888886,0.01790796831597222,0.007545999565972221,0.5848541666666667,0.3902291666666667,0.41829166666666673,0.05871130952380954,0.07019345238095243,0.04875595238095248,28,48,0.49762997238805184,0.737916666666666,66.5657894736842,76,39
979,979.0,0.51668,0.31844,0.36479999999999996,0.5455744680851065,0.3247659574468085,0.37519148936170216,0.015461737599999999,0.014454886400000002,0.008456720000000001,0.018652244454504304,0.018637923947487547,0.007645388863739248,0.5870851063829786,0.40355319148936175,0.4213191489361703,0.07040510638297859,0.08511319148936175,0.05651914893617033,25,47,0.5157959549997249,0.7274468085106377,65.80555555555556,72,41
980,980.0,0.51668,0.31844,0.36479999999999996,0.5488125,0.32537499999999997,0.37775,0.015461737599999999,0.014454886400000002,0.008456720000000001,0.018756444010416668,0.018267067708333334,0.007793770833333334,0.5929791666666667,0.4028541666666667,0.4210416666666667,0.0762991666666667,0.08441416666666668,0.056241666666666745,25,48,0.47531458468550025,0.7283333333333326,66.63013698630137,73,43
981,981.0,0.5228461538461538,0.3235384615384615,0.3687307692307692,0.5474893617021277,0.32391489361702125,0.37644680851063833,0.015817591715976333,0.014548786982248521,0.008517735207100592,0.01907148392937981,0.018553397012222726,0.0078780769578995,0.5886382978723403,0.39670212765957447,0.42002127659574473,0.0657921440261865,0.07316366612111297,0.051290507364975535,26,47,0.47003193689545747,0.8042553191489357,66.76712328767124,73,38
982,982.0,0.5228461538461538,0.3235384615384615,0.3687307692307692,0.545936170212766,0.31923404255319154,0.3760000000000001,0.015817591715976333,0.014548786982248521,0.008517735207100592,0.01891993209597103,0.01871792394748755,0.007867106382978722,0.5882765957446808,0.3842340425531916,0.41827659574468107,0.06543044189852698,0.060695581014730104,0.04954582651391187,26,47,0.46730909107510354,0.8102127659574463,68.0958904109589,73,39
983,983.0,0.5174230769230769,0.3215,0.36830769230769234,0.5445714285714286,0.3216734693877551,0.3758163265306123,0.015824474852071006,0.014773096153846154,0.008518597633136095,0.018620285714285714,0.018140954602249064,0.00759537442732195,0.5923469387755101,0.39093877551020406,0.4203673469387755,0.07492386185243327,0.06943877551020405,0.05205965463108314,26,49,0.4265776922695632,0.7510204081632648,68.13333333333334,75,44
984,984.0,0.5065652173913042,0.3142173913043478,0.3654347826086957,0.5427000000000001,0.31956,0.37311999999999995,0.01671337618147448,0.015571735349716448,0.009091724007561438,0.017944289999999995,0.017159246399999998,0.0077050656,0.59638,0.38983999999999996,0.42586000000000007,0.0898147826086958,0.07562260869565218,0.06042521739130435,23,50,0.4347895218625259,0.7323999999999994,68.28767123287672,73,46
985,985.0,0.5046363636363635,0.3169545454545454,0.36913636363636365,0.5498775510204083,0.3215918367346939,0.37144897959183676,0.017387504132231404,0.016107225206611567,0.009189845041322314,0.015734638067471888,0.017303017076218244,0.007722696376509789,0.6011632653061225,0.3940816326530612,0.42895918367346936,0.09652690166975897,0.0771270871985158,0.059822820037105706,22,49,0.3985771855853529,0.7581632653061219,68.4225352112676,71,49
986,986.0,0.5178181818181818,0.32349999999999995,0.36031818181818187,0.5475208333333333,0.3202291666666666,0.37381249999999994,0.014850603305785127,0.01585552272727273,0.00999630785123967,0.01579029123263889,0.01757250998263889,0.0076098606770833325,0.5971666666666667,0.39627083333333335,0.42816666666666664,0.07934848484848489,0.0727708333333334,0.06784848484848477,22,48,0.4451021642896949,0.8012499999999992,69.24285714285715,70,43
987,987.0,0.5136190476190476,0.29890476190476184,0.3506190476190476,0.5452765957446809,0.32151063829787235,0.37142553191489347,0.0157289977324263,0.013511705215419504,0.011823283446712022,0.01588449796287913,0.01786756903576279,0.007498287007695788,0.592127659574468,0.39665957446808514,0.42782978723404264,0.07850861195542036,0.0977548125633233,0.07721073961499503,21,47,0.5408161911344035,0.8017021276595734,72.23529411764706,68,42
988,988.0,0.5204545454545454,0.29072727272727267,0.35372727272727267,0.5412244897959184,0.31820408163265307,0.36469387755102045,0.0159952479338843,0.014301834710743803,0.011488743801652894,0.015759316951270304,0.017398162432319866,0.008496008329862557,0.5814081632653061,0.3930408163265306,0.4153673469387755,0.060953617810760696,0.10231354359925793,0.061640074211502804,22,49,0.5054840641717905,0.8448979591836728,71.53521126760563,71,37
989,989.0,0.514578947368421,0.282,0.3591052631578947,0.5485869565217392,0.3169130434782609,0.36208695652173917,0.01705540166204986,0.015559684210526316,0.009146409972299168,0.01403676417769376,0.017874253308128547,0.00878977504725898,0.5805652173913043,0.38671739130434785,0.4162826086956521,0.06598627002288326,0.10471739130434787,0.057177345537757385,19,46,0.4458375679891768,0.8623913043478254,70.84615384615384,65,40
990,990.0,0.508736842105263,0.28021052631578947,0.3637894736842105,0.551,0.3200217391304348,0.3610869565217392,0.01665998337950139,0.015112692520775624,0.009128166204986146,0.013277652173913043,0.017084847353497162,0.008638948960302458,0.5811304347826087,0.3875217391304348,0.41739130434782606,0.07239359267734569,0.10731121281464534,0.05360183066361557,19,46,0.4572960668291482,0.8493478260869559,69.18461538461538,65,39
991,991.0,0.49888888888888894,0.29200000000000004,0.3631111111111111,0.554217391304348,0.3218695652173913,0.3627608695652174,0.01574287654320988,0.013311444444444445,0.009626543209876541,0.013608344045368618,0.017197765595463134,0.008336225425330813,0.5853695652173913,0.40117391304347827,0.41413043478260864,0.08648067632850232,0.10917391304347823,0.05101932367149753,18,46,0.4742069086060666,0.8563043478260862,70.296875,64,39
992,992.0,0.49888888888888894,0.29200000000000004,0.3631111111111111,0.554217391304348,0.3218695652173913,0.3627608695652174,0.01574287654320988,0.013311444444444445,0.009626543209876541,0.013608344045368618,0.017197765595463134,0.008336225425330813,0.5853695652173913,0.40117391304347827,0.41413043478260864,0.08648067632850232,0.10917391304347823,0.05101932367149753,18,46,0.5869092630679071,0.8815217391304341,71.296875,64,35
993,993.0,0.49888888888888894,0.29200000000000004,0.3631111111111111,0.558488888888889,0.3262,0.3631111111111111,0.01574287654320988,0.013311444444444445,0.009626543209876541,0.013071449876543208,0.01671731555555556,0.008515832098765433,0.5898888888888889,0.4057111111111111,0.4131777777777777,0.09099999999999997,0.11371111111111104,0.05006666666666659,18,45,0.532944950863081,0.9262222222222216,71.66666666666667,63,34
994,994.0,0.4977142857142858,0.29800000000000004,0.3701904761904762,0.5539148936170213,0.3218297872340426,0.36219148936170203,0.01685706122448979,0.013380190476190476,0.008552916099773242,0.015583907650520595,0.01445516251697601,0.008324920778632866,0.5844680851063829,0.40487234042553183,0.4131063829787233,0.08675379939209715,0.10687234042553179,0.04291590678824714,21,47,0.5129357855165994,0.8668085106382971,69.73529411764706,68,36
995,995.0,0.4933181818181819,0.2931818181818182,0.3657727272727273,0.5533913043478261,0.31732608695652176,0.35976086956521736,0.016496671487603306,0.013259512396694217,0.008573993801652892,0.0159098034026465,0.013816089319470698,0.008228225425330811,0.5812826086956522,0.3996521739130434,0.4106304347826086,0.0879644268774703,0.10647035573122521,0.04485770750988127,22,46,0.4925589922995199,0.8528260869565212,69.19117647058823,68,39
996,996.0,0.4933181818181819,0.2931818181818182,0.3657727272727273,0.5546041666666667,0.3136875,0.361125,0.016496671487603306,0.013259512396694217,0.008573993801652892,0.015526072482638889,0.013766548177083336,0.008179234374999999,0.5790208333333333,0.3995,0.41720833333333335,0.08570265151515144,0.10631818181818181,0.05143560606060604,22,48,0.44093226010749104,0.8697916666666661,69.0,70,38
997,997.0,0.4972173913043477,0.2987391304347826,0.3645652173913043,0.55028,0.30682,0.36432,0.01745999621928166,0.013431931947069943,0.00789815879017013,0.015954041600000003,0.014374827600000003,0.008752417599999998,0.5775199999999999,0.38658000000000003,0.42204,0.0803026086956522,0.08784086956521742,0.05747478260869571,23,50,0.4632555369442412,0.8345999999999996,69.6027397260274,73,38
998,998.0,0.500375,0.30587499999999995,0.3654583333333334,0.5505686274509805,0.3101764705882353,0.3652941176470588,0.01701181770833333,0.011815026041666668,0.007886081597222221,0.015645382545174936,0.014656262975778546,0.008628246828143022,0.5800588235294117,0.39072549019607844,0.4240980392156863,0.07968382352941172,0.08485049019607849,0.0586397058823529,24,51,0.5027310787564154,0.8231372549019602,68.88,75,35
999,999.0,0.5006086956521739,0.2971304347826087,0.3620869565217391,0.5467142857142857,0.302795918367347,0.3661836734693878,0.017750151228733458,0.010493504725897922,0.007956166351606803,0.015898244897959185,0.01384383590170762,0.00892937442732195,0.5723877551020409,0.37879591836734694,0.421734693877551,0.07177905944986696,0.08166548358473824,0.059647737355811914,23,49,0.4682014762474463,0.8406122448979586,68.70833333333333,72,38
1000,1000.0,0.50892,0.30176,0.36436,0.5457083333333334,0.3016041666666667,0.36575,0.018936553600000003,0.0099185024,0.007400870399999999,0.016179873263888887,0.01406265581597222,0.0091061875,0.5694374999999999,0.3826041666666667,0.42210416666666656,0.06051749999999989,0.08084416666666672,0.05774416666666654,25,48,0.45708163303714167,0.8799999999999993,69.01369863013699,73,35
1001,1001.0,0.5160416666666667,0.30750000000000005,0.3622916666666667,0.5442553191489363,0.29948936170212764,0.3653829787234043,0.016284289930555557,0.009328083333333334,0.007588123263888889,0.01642278587596197,0.014147186057039386,0.009293470348574015,0.5649787234042553,0.38174468085106367,0.4243829787234043,0.048937056737588525,0.07424468085106362,0.062091312056737624,24,47,0.4709360970457896,0.904468085106382,69.45070422535211,71,35
1002,1002.0,0.522,0.30800000000000005,0.36476,0.5442553191489363,0.29948936170212764,0.3653829787234043,0.01648496,0.00896096,0.0074308223999999985,0.01642278587596197,0.014147186057039386,0.009293470348574015,0.5649787234042553,0.38174468085106367,0.4243829787234043,0.04297872340425524,0.07374468085106362,0.05962297872340433,25,47,0.4480087844210982,0.9134042553191482,69.625,72,36
1003,1003.0,0.5175652173913043,0.3020434782608696,0.36891304347826087,0.5507234042553193,0.30348936170212765,0.36472340425531924,0.01707355009451796,0.009283085066162572,0.007203209829867674,0.016071902218198278,0.014472462652784067,0.009048029877772748,0.5751489361702127,0.39065957446808514,0.43755319148936167,0.05758371877890833,0.08861609620721556,0.0686401480111008,23,47,0.45651897103987243,0.8848936170212759,70.35714285714286,70,39
1004,1004.0,0.518,0.30019047619047623,0.3759047619047619,0.5509375,0.3054375,0.36541666666666667,0.018269904761904758,0.008353201814058955,0.0060784671201814045,0.015739225260416666,0.01434932942708333,0.008882118055555555,0.5767708333333333,0.3946458333333333,0.43443750000000003,0.05877083333333333,0.09445535714285708,0.058532738095238124,21,48,0.4583622566578498,0.8720833333333324,70.84057971014492,69,42
1005,1005.0,0.5185454545454545,0.3058636363636364,0.37427272727272726,0.5614901960784313,0.3020784313725491,0.3721372549019608,0.01744570247933884,0.008649390495867769,0.005858107438016527,0.016099465590157635,0.014868307574009997,0.009008549788542868,0.5872156862745098,0.3852745098039216,0.44070588235294117,0.06867023172905529,0.07941087344028519,0.06643315508021391,22,51,0.4583701270987501,0.7817647058823524,71.13698630136986,73,47
1006,1006.0,0.5158695652173914,0.30482608695652175,0.3635217391304348,0.5582830188679245,0.29869811320754724,0.3663396226415095,0.016844722117202265,0.008297013232514179,0.008146249527410207,0.015804504805980776,0.01461447490210039,0.009795167675329298,0.5761509433962264,0.382622641509434,0.425,0.060281378178835054,0.07779655455291223,0.061478260869565204,23,53,0.46902106320937537,0.7722641509433957,71.48684210526316,76,45
1007,1007.0,0.5188260869565218,0.3045217391304348,0.36395652173913046,0.5576274509803921,0.29868627450980395,0.3658627450980393,0.017534491493383743,0.008259988657844991,0.00818908506616257,0.01634509650134564,0.014713234909650133,0.010183177239523259,0.5771960784313726,0.38847058823529407,0.4242156862745097,0.05836999147485078,0.08394884910485928,0.06025916453537922,23,51,0.4607726121038639,0.788823529411764,70.8108108108108,74,45
1008,1008.0,0.5188260869565218,0.3045217391304348,0.36395652173913046,0.5547959183673469,0.295734693877551,0.36465306122448976,0.017534491493383743,0.008259988657844991,0.00818908506616257,0.01676334610578925,0.013409623490212413,0.010465491878384007,0.574469387755102,0.38848979591836735,0.4185510204081632,0.055643300798580264,0.08396805678793257,0.054594498669032765,23,49,0.40647879382012475,0.7944897959183667,70.58333333333333,72,49
1009,1009.0,0.515,0.3067083333333333,0.35475000000000007,0.5628039215686275,0.30292156862745095,0.36833333333333335,0.017140583333333334,0.008025789930555556,0.009797354166666666,0.01717160861207228,0.013894189926951173,0.009873986928104575,0.5916862745098039,0.39864705882352947,0.4158039215686274,0.07668627450980392,0.09193872549019616,0.06105392156862732,24,51,0.4104272682223695,0.7625490196078426,70.94666666666667,75,48
1010,1010.0,0.5010833333333333,0.30158333333333337,0.3489166666666666,0.5636274509803921,0.30086274509803923,0.37278431372549015,0.014606076388888889,0.008551743055555555,0.010285743055555555,0.017075723952326028,0.014291098808150708,0.009188012302960397,0.5967450980392157,0.3945686274509805,0.42086274509803917,0.09566176470588239,0.09298529411764711,0.07194607843137257,24,51,0.4077883617990891,0.7682352941176465,70.21333333333334,75,45
1011,1011.0,0.4978260869565217,0.2995217391304348,0.3500869565217391,0.56425,0.30003846153846153,0.36826923076923074,0.014986491493383743,0.008821553875236296,0.010700079395085067,0.016767110576923074,0.014050921597633138,0.010051004437869823,0.5893461538461539,0.3933461538461539,0.41332692307692304,0.09152006688963216,0.09382441471571912,0.06323996655518394,23,52,0.385140943254509,0.7748076923076919,71.53333333333333,75,46
1012,1012.0,0.4961666666666667,0.296875,0.34383333333333327,0.5622199999999999,0.2985,0.36654,0.01442538888888889,0.008615109374999999,0.011153722222222223,0.0173266516,0.01408917,0.0100964084,0.58366,0.38948,0.41512,0.08749333333333326,0.09260499999999999,0.07128666666666672,24,50,0.4300167878111289,0.7403999999999995,71.82432432432432,74,47
1013,1013.0,0.49830434782608696,0.30039130434782607,0.3532608695652173,0.5544489795918368,0.30295918367346936,0.3613061224489796,0.014942907372400756,0.008692933837429112,0.009505584120982987,0.017158778009162847,0.013667671803415245,0.010299681799250313,0.5777551020408164,0.39808163265306123,0.400734693877551,0.07945075421472941,0.09769032830523516,0.04747382431233371,23,49,0.4519000396657757,0.7459183673469382,72.51388888888889,72,47
1014,1014.0,0.5007499999999999,0.2984583333333333,0.34604166666666664,0.5544489795918368,0.30295918367346936,0.3613061224489796,0.014457854166666666,0.008416664930555555,0.010308206597222222,0.017158778009162847,0.013667671803415245,0.010299681799250313,0.5777551020408164,0.39808163265306123,0.400734693877551,0.07700510204081645,0.09962329931972791,0.05469302721088437,24,49,0.473127384293853,0.7426530612244893,72.56164383561644,73,47
1015,1015.0,0.4829583333333334,0.2966666666666667,0.34545833333333326,0.5545833333333333,0.2985625,0.3602708333333333,0.015893789930555555,0.008413305555555556,0.010225081597222222,0.017515368055555553,0.013005204427083333,0.010461739149305553,0.5747916666666666,0.3908958333333333,0.39918750000000003,0.09183333333333321,0.09422916666666659,0.05372916666666677,24,48,0.512705924481818,0.7756249999999993,73.22222222222223,72,45
1016,1016.0,0.4906400000000001,0.3042,0.34787999999999997,0.5545833333333333,0.2985625,0.3602708333333333,0.0166742304,0.009438799999999999,0.009956825599999998,0.017515368055555553,0.013005204427083333,0.010461739149305553,0.5747916666666666,0.3908958333333333,0.39918750000000003,0.08415166666666651,0.08669583333333325,0.05130750000000006,25,48,0.46878310562037556,0.7939583333333325,74.0,73,46
1017,1017.0,0.5029600000000001,0.31204,0.36156,0.5555416666666667,0.30172916666666666,0.36347916666666663,0.0194881184,0.0105658784,0.008404966399999998,0.01742324826388889,0.013618614149305555,0.010180207899305556,0.5815833333333335,0.39827083333333335,0.4023125,0.07862333333333338,0.08623083333333337,0.040752500000000025,25,48,0.4374844869484248,0.7635416666666659,74.82191780821918,73,52
1018,1018.0,0.51408,0.32020000000000004,0.3664,0.5538913043478262,0.2986304347826087,0.3602826086956522,0.0214559136,0.010922959999999999,0.00740328,0.017971662098298674,0.013666146030245747,0.010318072306238185,0.5740652173913043,0.39091304347826095,0.4001739130434782,0.05998521739130436,0.0707130434782609,0.03377391304347821,25,46,0.4756108607050984,0.7749999999999992,75.07042253521126,71,51
1019,1019.0,0.5136521739130435,0.3248260869565218,0.3586521739130435,0.5426818181818183,0.2979318181818182,0.35520454545454544,0.022729444234404535,0.01004866540642722,0.008910487712665408,0.01957539876033058,0.013282381714876034,0.011422799070247932,0.5675909090909091,0.39397727272727273,0.3944545454545455,0.05393873517786563,0.06915118577075091,0.03580237154150201,23,44,0.5923617712209165,0.7456818181818176,74.35820895522389,67,50
1020,1020.0,0.5139999999999999,0.3212083333333333,0.34837500000000005,0.5471162790697676,0.3016511627906977,0.3545813953488372,0.02178516666666667,0.009930998263888888,0.010968484374999999,0.019165405083829093,0.012982599242833964,0.011671359653866955,0.5733255813953488,0.399186046511628,0.3961395348837209,0.059325581395348936,0.07797771317829466,0.047764534883720844,24,43,0.586402909085821,0.7195348837209296,73.91044776119404,67,52
1021,1021.0,0.5199199999999999,0.32632,0.34812000000000004,0.5372999999999999,0.29815,0.3518,0.021754873600000006,0.0101608576,0.0105313056,0.018944259999999997,0.0123945775,0.012310109999999999,0.560725,0.38977500000000004,0.38042499999999996,0.04080500000000009,0.06345500000000004,0.03230499999999992,25,40,0.5588531341940653,0.7542499999999993,72.66153846153846,65,52
1022,1022.0,0.5107200000000001,0.32543999999999995,0.34772,0.5406097560975609,0.294390243902439,0.35221951219512193,0.021061561600000004,0.0101166464,0.010479241600000001,0.018920384295062466,0.012657701368233193,0.012016903033908389,0.5622682926829269,0.38243902439024396,0.37887804878048775,0.05154829268292682,0.05699902439024401,0.03115804878048778,25,41,0.5668696141806268,0.7321951219512189,73.16666666666667,66,54
1023,1023.0,0.5107200000000001,0.32543999999999995,0.34772,0.5368999999999999,0.298975,0.35032500000000005,0.021061561600000004,0.0101166464,0.010479241600000001,0.01882914,0.012112324375,0.012170169374999998,0.5614000000000001,0.389725,0.371075,0.05068000000000006,0.06428500000000004,0.023355000000000015,25,40,0.5526230094615873,0.7437499999999992,73.55384615384615,65,54
1024,1024.0,0.5071923076923077,0.321423076923077,0.3436538461538462,0.5411904761904762,0.30019047619047623,0.35002380952380957,0.01831769378698225,0.009044013313609468,0.010121457100591718,0.018695011337868477,0.011668058956916099,0.011867499433106575,0.5712142857142858,0.4035714285714286,0.3753333333333333,0.06402197802197807,0.0821483516483516,0.0316794871794871,26,42,0.5220509982116923,0.7392857142857137,71.54411764705883,68,54
1025,1025.0,0.5071923076923077,0.321423076923077,0.3436538461538462,0.5378536585365854,0.29790243902439023,0.35100000000000003,0.01831769378698225,0.009044013313609468,0.010121457100591718,0.01868334443783462,0.011732770969660914,0.01211692682926829,0.5645853658536585,0.3970487804878049,0.37365853658536585,0.05739305816135076,0.07562570356472792,0.030004690431519654,26,41,0.48717287477442467,0.8068292682926822,71.88059701492537,67,52
1026,1026.0,0.5043076923076923,0.31276923076923074,0.34257692307692306,0.5310731707317073,0.29590243902439023,0.3432439024390244,0.017557597633136093,0.008085100591715976,0.010016167159763315,0.01840484830458061,0.011396380725758477,0.012149842950624627,0.5512195121951219,0.39258536585365855,0.3653658536585366,0.04691181988742954,0.07981613508442781,0.02278893058161352,26,41,0.5132565434324285,0.8382926829268287,72.92537313432835,67,47
1027,1027.0,0.49744,0.31451999999999997,0.34256,0.530225,0.29135,0.341475,0.017751046399999998,0.0093264096,0.010224086399999999,0.018835474374999998,0.0108315775,0.012325299375,0.5473250000000001,0.38744999999999996,0.361325,0.04988500000000007,0.07293,0.01876500000000003,25,40,0.5274287290545303,0.8634999999999993,73.26153846153846,65,49
1028,1028.0,0.49896000000000007,0.31492000000000003,0.3504,0.530225,0.29135,0.341475,0.017987558399999996,0.0092818336,0.00915032,0.018835474374999998,0.0108315775,0.012325299375,0.5473250000000001,0.38744999999999996,0.361325,0.04836499999999999,0.07252999999999993,0.010925000000000018,25,40,0.5830602049606332,0.8309999999999992,74.33846153846154,65,51
1029,1029.0,0.49896000000000007,0.31492000000000003,0.3504,0.530225,0.29135,0.341475,0.017987558399999996,0.0092818336,0.00915032,0.018835474374999998,0.0108315775,0.012325299375,0.5473250000000001,0.38744999999999996,0.361325,0.04836499999999999,0.07252999999999993,0.010925000000000018,25,40,0.6090541112614482,0.8534999999999993,75.33846153846154,65,50
1030,1030.0,0.5016538461538462,0.31915384615384623,0.3535384615384615,0.5241463414634145,0.29226829268292687,0.3413170731707317,0.017477149408284022,0.009372976331360946,0.009044633136094675,0.019854076145151698,0.010601123140987509,0.01202567995240928,0.5423414634146342,0.38199999999999995,0.35768292682926833,0.040687617260787956,0.06284615384615372,0.004144465290806809,26,41,0.6114077157755038,0.8412195121951211,75.05970149253731,67,50
1031,1031.0,0.49227999999999994,0.31432,0.35484000000000004,0.5226829268292683,0.28439024390243905,0.34246341463414637,0.0158916416,0.009140377600000001,0.0093623744,0.019606509220701965,0.010913555026769781,0.012228834027364662,0.5410243902439024,0.36880487804878054,0.3613170731707317,0.048744390243902425,0.05448487804878055,0.006477073170731651,25,41,0.5959152320831352,0.8787804878048772,74.9090909090909,66,51
1032,1032.0,0.4871923076923076,0.31223076923076926,0.3540384615384615,0.5217619047619048,0.28085714285714286,0.3378809523809524,0.015927539940828402,0.00889794674556213,0.009018344674556212,0.019174467120181407,0.011165503401360544,0.012798628684807255,0.5362857142857143,0.36809523809523814,0.3543809523809524,0.04909340659340666,0.055864468864468886,0.00034249084249088346,26,42,0.5655616274666941,0.8533333333333326,74.47058823529412,68,53
1033,1033.0,0.48622222222222217,0.3104814814814815,0.3509259259259259,0.5225227272727273,0.2776363636363637,0.34761363636363635,0.015362098765432097,0.008647953360768176,0.008936216735253771,0.019635067665289257,0.010772095041322314,0.013078373450413221,0.5345454545454545,0.3553409090909091,0.3628636363636364,0.04832323232323238,0.04485942760942757,0.01193771043771047,27,44,0.5205564279633469,0.8049999999999994,73.6056338028169,71,55
1034,1034.0,0.47946153846153844,0.3051538461538461,0.3512692307692307,0.5225227272727273,0.2776363636363637,0.34761363636363635,0.014718863905325442,0.008214207100591715,0.009276735207100591,0.019635067665289257,0.010772095041322314,0.013078373450413221,0.5345454545454545,0.3553409090909091,0.3628636363636364,0.05508391608391611,0.05018706293706299,0.011594405594405666,26,44,0.5442193840459159,0.787727272727272,74.92857142857143,70,58
1035,1035.0,0.47336,0.30028,0.3486,0.5304047619047619,0.2765,0.35047619047619044,0.014339670399999997,0.007925161600000001,0.009462560000000002,0.019037526643990926,0.011186059523809523,0.013030297052154194,0.5451190476190476,0.36304761904761906,0.3730476190476191,0.07175904761904761,0.06276761904761907,0.02444761904761905,25,42,0.5209302630034661,0.8490476190476183,74.40298507462687,67,57
1036,1036.0,0.47336,0.30028,0.3486,0.5224634146341463,0.2688780487804878,0.3461219512195122,0.014339670399999997,0.007925161600000001,0.009462560000000002,0.01938161451516954,0.010241180249851278,0.013477424152290305,0.530609756097561,0.3526341463414634,0.3608536585365853,0.057249756097561,0.0523541463414634,0.012253658536585277,25,41,0.5214617877849226,0.806097560975609,74.33333333333333,66,58
1037,1037.0,0.47336,0.30028,0.3486,0.5204761904761904,0.2708333333333333,0.3489285714285715,0.014339670399999997,0.007925161600000001,0.009462560000000002,0.0190820589569161,0.01015409126984127,0.013479494897959184,0.535547619047619,0.36069047619047623,0.36316666666666664,0.06218761904761905,0.06041047619047624,0.014566666666666617,25,42,0.5997035018973879,0.7871428571428564,74.70149253731343,67,56
1038,1038.0,0.4635833333333333,0.30325,0.3564583333333333,0.5266666666666667,0.2783095238095238,0.35257142857142854,0.015254909722222224,0.007733937499999999,0.00867299826388889,0.02056069841269841,0.011266975623582766,0.01368895918367347,0.5445476190476191,0.3712142857142857,0.3735,0.08096428571428577,0.0679642857142857,0.017041666666666677,24,42,0.6111840958677037,0.7776190476190469,74.04545454545455,66,58
1039,1039.0,0.4571923076923076,0.29700000000000004,0.3652307692307692,0.5302142857142856,0.28361904761904766,0.35888095238095236,0.016133616863905326,0.007618846153846152,0.009000869822485207,0.020688835034013604,0.01220714058956916,0.013358009637188209,0.5540714285714285,0.37180952380952376,0.384547619047619,0.09687912087912093,0.07480952380952371,0.019316849816849835,26,42,0.5821360344524903,0.8133333333333326,72.72058823529412,68,56
1040,1040.0,0.45548148148148143,0.29433333333333334,0.3682962962962963,0.5186249999999999,0.276375,0.36465,0.015612175582990398,0.007521555555555556,0.008911838134430727,0.021587684375,0.011681884375,0.0128379775,0.54375,0.360525,0.384425,0.08826851851851852,0.06619166666666665,0.01612870370370373,27,40,0.5480195784380321,0.8307499999999992,72.43283582089552,67,56
1041,1041.0,0.45939285714285705,0.29832142857142857,0.36989285714285713,0.5186249999999999,0.276375,0.36465,0.015467667091836732,0.007682360969387755,0.008662381377551018,0.021587684375,0.011681884375,0.0128379775,0.54375,0.360525,0.384425,0.08435714285714291,0.062203571428571414,0.014532142857142882,28,40,0.5555198214815105,0.8107499999999993,72.66176470588235,68,58
1042,1042.0,0.45418518518518514,0.29974074074074075,0.36959259259259264,0.5264324324324324,0.2751891891891892,0.36583783783783785,0.015281187928669409,0.007910488340192043,0.008980685871056241,0.02127824543462381,0.012106153396639882,0.013509325054784515,0.5564324324324325,0.3605945945945946,0.39956756756756756,0.10224724724724732,0.060853853853853834,0.02997497497497492,27,37,0.5402998813115624,0.8705405405405398,71.8125,64,58
1043,1043.0,0.4477407407407407,0.2888148148148148,0.36455555555555563,0.5248947368421053,0.2752894736842106,0.3631842105263158,0.012354932784636485,0.007118965706447189,0.008638913580246913,0.0208057783933518,0.01178794252077562,0.0134143608033241,0.5615,0.35376315789473683,0.40984210526315795,0.11375925925925928,0.06494834307992203,0.04528654970760232,27,38,0.5449529311926206,0.807368421052631,73.0,65,63
1044,1044.0,0.44385185185185183,0.2889259259259259,0.3694444444444445,0.5228108108108107,0.2743783783783784,0.3656756756756756,0.011602792866941014,0.007113772290809327,0.009372246913580247,0.020763504747991234,0.011644937910883855,0.014283516435354271,0.5548108108108107,0.3568648648648649,0.4170540540540541,0.11095895895895891,0.06793893893893899,0.04760960960960958,27,37,0.5687968477573201,0.8072972972972966,72.203125,64,61
1045,1045.0,0.44453846153846155,0.2893846153846154,0.36723076923076914,0.5228108108108107,0.2743783783783784,0.3656756756756756,0.012036325443786982,0.00738169822485207,0.009600408284023669,0.020763504747991234,0.011644937910883855,0.014283516435354271,0.5548108108108107,0.3568648648648649,0.4170540540540541,0.11027234927234919,0.0674802494802495,0.04982328482328496,26,37,0.5518856120809456,0.7808108108108099,72.58730158730158,63,67
1046,1046.0,0.4540416666666666,0.29158333333333336,0.3669166666666667,0.5228108108108107,0.2743783783783784,0.3656756756756756,0.011792789930555552,0.007933243055555554,0.010285076388888889,0.020763504747991234,0.011644937910883855,0.014283516435354271,0.5548108108108107,0.3568648648648649,0.4170540540540541,0.10076914414414412,0.06528153153153154,0.05013738738738738,24,37,0.5638323704324194,0.8083783783783776,73.45901639344262,61,69
1047,1047.0,0.46888461538461534,0.30403846153846154,0.37165384615384617,0.5228108108108107,0.2743783783783784,0.3656756756756756,0.013608178994082839,0.00961149852071006,0.00984953402366864,0.020763504747991234,0.011644937910883855,0.014283516435354271,0.5548108108108107,0.3568648648648649,0.4170540540540541,0.0859261954261954,0.05282640332640337,0.045400207900207934,26,37,0.5634996251998586,0.8602702702702697,72.68253968253968,63,65
1048,1048.0,0.47721428571428565,0.3142142857142857,0.37439285714285714,0.5348378378378379,0.27624324324324323,0.3657567567567567,0.014699311224489793,0.010366239795918369,0.009667024234693877,0.018037595325054785,0.011723967859751643,0.01427391380569759,0.5624864864864865,0.3732972972972973,0.4286756756756757,0.08527220077220082,0.0590830115830116,0.05428281853281858,28,37,0.5179972752038393,0.8272972972972965,73.12307692307692,65,70
1049,1049.0,0.4758518518518518,0.31525925925925935,0.3722962962962963,0.5425384615384616,0.27612820512820513,0.3705897435897435,0.015007755829903978,0.01077026611796982,0.009793097393689987,0.018370453648915187,0.011143496383957922,0.013978190664036815,0.5689743589743589,0.38958974358974363,0.43676923076923085,0.09312250712250708,0.07433048433048428,0.06447293447293456,27,39,0.5343290874090739,0.8135897435897428,73.54545454545455,66,70
1050,1050.0,0.4777307692307691,0.3136538461538461,0.38111538461538463,0.5425384615384616,0.27612820512820513,0.3705897435897435,0.015489658284023666,0.011114918639053254,0.008069794378698225,0.018370453648915187,0.011143496383957922,0.013978190664036815,0.5689743589743589,0.38958974358974363,0.43676923076923085,0.09124358974358976,0.07593589743589751,0.05565384615384622,26,39,0.6146702178657408,0.8589743589743583,74.6923076923077,65,65
1051,1051.0,0.4849583333333333,0.32133333333333336,0.37891666666666673,0.5389736842105265,0.27289473684210525,0.36878947368421056,0.015821039930555555,0.011242805555555556,0.008506909722222221,0.018311972991689754,0.011220041551246538,0.01423563988919668,0.5702368421052632,0.3816578947368422,0.432,0.08527850877192983,0.060324561403508836,0.05308333333333326,24,38,0.6045024156806728,0.8434210526315781,72.7258064516129,62,68
1052,1052.0,0.48130434782608694,0.3168260869565217,0.376608695652174,0.5389736842105265,0.27289473684210525,0.36878947368421056,0.016188472589792058,0.011244056710775047,0.008748933837429113,0.018311972991689754,0.011220041551246538,0.01423563988919668,0.5702368421052632,0.3816578947368422,0.432,0.08893249427917621,0.0648318077803205,0.05539130434782602,23,38,0.6196993023588552,0.921842105263157,74.42622950819673,61,65
1053,1053.0,0.4829583333333334,0.32245833333333335,0.37695833333333334,0.5399487179487179,0.2724358974358974,0.3702820512820513,0.015576873263888888,0.011505164930555556,0.008387206597222223,0.018037946088099936,0.010417271531886917,0.0140086127547666,0.5778205128205128,0.3801282051282052,0.4416666666666667,0.09486217948717945,0.057669871794871874,0.06470833333333337,24,39,0.6003740202043734,0.8615384615384608,73.42857142857143,63,68
1054,1054.0,0.47526923076923083,0.32488461538461544,0.3731153846153846,0.5363170731707316,0.27292682926829265,0.36678048780487804,0.015592812130177516,0.0109407174556213,0.00827494822485207,0.017417972635336107,0.009959189767995242,0.013963878643664484,0.5685365853658537,0.3702195121951219,0.4430487804878049,0.09326735459662289,0.04533489681050645,0.06993339587242026,26,41,0.6041950254312144,0.8251219512195115,72.49253731343283,67,67
1055,1055.0,0.4622592592592592,0.3077037037037037,0.3740740740740741,0.5356923076923076,0.2684615384615385,0.36056410256410254,0.014474710562414264,0.011103838134430728,0.007950883401920437,0.015718571992110457,0.008968043392504932,0.013835271531886918,0.5727435897435896,0.3656153846153846,0.4472564102564104,0.11048433048433043,0.05791168091168092,0.07318233618233627,27,39,0.619029697563567,0.8669230769230762,73.46969696969697,66,65
1056,1056.0,0.4622592592592592,0.3077037037037037,0.3740740740740741,0.5384594594594594,0.2712972972972973,0.36427027027027026,0.014474710562414264,0.011103838134430728,0.007950883401920437,0.015620951059167273,0.009101398100803506,0.01373062965668371,0.5778918918918918,0.3746486486486486,0.4512162162162162,0.11563263263263263,0.0669449449449449,0.0771421421421421,27,37,0.5838493394868425,0.8713513513513504,73.375,64,66
1057,1057.0,0.45248,0.30052,0.36788,0.5417631578947368,0.27442105263157895,0.3649210526315789,0.0136272096,0.0099330496,0.0078136256,0.015613707063711907,0.009222927977839336,0.013384967451523545,0.5855,0.3839210526315789,0.45331578947368417,0.13302000000000003,0.08340105263157888,0.08543578947368419,25,38,0.6487825075616145,0.944999999999999,75.3015873015873,63,60
1058,1058.0,0.45248,0.30052,0.36788,0.5360263157894737,0.27557894736842115,0.3668684210526315,0.0136272096,0.0099330496,0.0078136256,0.016702499307479222,0.00914882271468144,0.012832324792243766,0.5868421052631578,0.3828421052631579,0.4521842105263158,0.13436210526315784,0.08232210526315786,0.08430421052631581,25,38,0.6093486125393468,1.0047368421052623,75.01587301587301,63,57
1059,1059.0,0.4618,0.29884,0.3683600000000001,0.5436052631578947,0.27936842105263154,0.3787368421052631,0.0142304,0.010173894400000001,0.007890310400000001,0.01647960734072022,0.009426074792243768,0.012534825484764542,0.587657894736842,0.41084210526315784,0.4426052631578947,0.12585789473684206,0.11200210526315785,0.07424526315789465,25,38,0.5492194978925404,0.9526315789473679,73.9047619047619,63,60
1060,1060.0,0.4618,0.29884,0.3683600000000001,0.5393076923076923,0.28476923076923083,0.37643589743589734,0.0142304,0.010173894400000001,0.007890310400000001,0.01599990532544379,0.008829100591715976,0.012617425378040765,0.5801025641025639,0.41,0.44266666666666665,0.1183025641025639,0.11115999999999998,0.07430666666666658,25,39,0.5236613572559576,0.9402564102564097,73.5,64,62
1061,1061.0,0.4591153846153846,0.29953846153846153,0.36150000000000004,0.5393421052631578,0.2813421052631579,0.3741842105263157,0.013863255917159763,0.009794786982248522,0.008763326923076924,0.0160196987534626,0.008839172437673131,0.012745834487534625,0.5723421052631578,0.39121052631578945,0.4499736842105263,0.11322672064777317,0.09167206477732792,0.08847368421052626,26,38,0.49240693905709115,0.9313157894736837,74.34375,64,65
1062,1062.0,0.4573333333333333,0.30048148148148146,0.3528518518518519,0.533578947368421,0.27349999999999997,0.36797368421052623,0.01343237037037037,0.00945513854595336,0.010383311385459535,0.017318401662049857,0.007173776315789473,0.01303918351800554,0.5496842105263158,0.3611315789473684,0.4257105263157895,0.09235087719298246,0.060650097465886954,0.07285867446393757,27,38,0.5115871064032481,0.9139473684210522,73.3076923076923,65,63
1063,1063.0,0.460074074074074,0.29803703703703704,0.34581481481481474,0.533578947368421,0.27349999999999997,0.36797368421052623,0.0128858463648834,0.009304850480109738,0.011063558299039778,0.017318401662049857,0.007173776315789473,0.01303918351800554,0.5496842105263158,0.3611315789473684,0.4257105263157895,0.08961013645224175,0.06309454191033137,0.07989571150097474,27,38,0.5439071353476075,0.9213157894736838,74.06153846153846,65,61
1064,1064.0,0.4633999999999999,0.2936666666666667,0.3438999999999999,0.5375135135135135,0.27416216216216216,0.3702702702702702,0.012061639999999997,0.008877022222222223,0.01245429,0.017198195763330898,0.007351000730460189,0.013191170197224251,0.5545135135135135,0.3627297297297297,0.433,0.0911135135135136,0.06906306306306303,0.08910000000000012,30,37,0.5282259908265697,0.8643243243243237,74.08955223880596,67,65
1065,1065.0,0.4692903225806451,0.2925483870967742,0.34419354838709665,0.5360000000000001,0.28102631578947374,0.37728947368421045,0.012713431841831423,0.008628183142559833,0.012055123829344433,0.016710631578947366,0.008083920360110804,0.011667310941828256,0.5627368421052632,0.3521842105263158,0.45494736842105266,0.09344651952461808,0.0596358234295416,0.11075382003395601,31,38,0.5693029299005371,0.9060526315789468,72.42028985507247,69,55
1066,1066.0,0.47615624999999995,0.2869375,0.3455625,0.5360000000000001,0.28102631578947374,0.37728947368421045,0.013777506835937498,0.00933449609375,0.01173649609375,0.016710631578947366,0.008083920360110804,0.011667310941828256,0.5627368421052632,0.3521842105263158,0.45494736842105266,0.08658059210526325,0.06524671052631581,0.10938486842105266,32,38,0.5998248175543475,0.9528947368421046,73.44285714285714,70,50
1067,1067.0,0.4786571428571428,0.28465714285714283,0.3466571428571429,0.5291538461538463,0.279974358974359,0.37279487179487175,0.013651539591836735,0.008981425306122448,0.012291653877551021,0.01806320710059172,0.007918691650230113,0.012135804076265615,0.554025641025641,0.34879487179487184,0.44441025641025644,0.07536849816849822,0.06413772893772901,0.09775311355311356,35,39,0.5838406311560992,0.8771794871794867,73.0945945945946,74,53
1068,1068.0,0.4847222222222221,0.2861666666666667,0.3474166666666667,0.5291538461538463,0.279974358974359,0.37279487179487175,0.01455981172839506,0.008811694444444443,0.011970409722222223,0.01806320710059172,0.007918691650230113,0.012135804076265615,0.554025641025641,0.34879487179487184,0.44441025641025644,0.06930341880341889,0.06262820512820516,0.09699358974358974,36,39,0.5628789709978652,0.8479487179487172,73.28,75,56
1069,1069.0,0.4868285714285714,0.28505714285714284,0.3536857142857143,0.5291538461538463,0.279974358974359,0.37279487179487175,0.014816084897959181,0.009019139591836737,0.010897586938775511,0.01806320710059172,0.007918691650230113,0.012135804076265615,0.554025641025641,0.34879487179487184,0.44441025641025644,0.06719706959706961,0.063737728937729,0.09072454212454212,35,39,0.5897475778824297,0.8464102564102558,73.87837837837837,74,56
1070,1070.0,0.48622857142857145,0.286,0.35682857142857144,0.530525,0.27835,0.3765,0.014886919183673467,0.009152971428571428,0.011574827755102041,0.017923649375,0.0078701275,0.011869049999999999,0.564875,0.3523,0.44102499999999994,0.07864642857142856,0.06630000000000003,0.0841964285714285,35,40,0.5600594463159098,0.8717499999999994,71.8,75,53
1071,1071.0,0.48622857142857145,0.286,0.35682857142857144,0.5379024390243903,0.2839512195121951,0.3824878048780488,0.014886919183673467,0.009152971428571428,0.011574827755102041,0.017982868530636523,0.008561704937537181,0.010976640095181438,0.5783658536585365,0.37046341463414634,0.45304878048780495,0.09213728222996509,0.08446341463414636,0.09622020905923351,35,41,0.5549541833187058,0.9170731707317067,73.5657894736842,76,49
1072,1072.0,0.50353125,0.2896875,0.35771875,0.5379024390243903,0.2839512195121951,0.3824878048780488,0.012385874023437498,0.00958890234375,0.0114781396484375,0.017982868530636523,0.008561704937537181,0.010976640095181438,0.5783658536585365,0.37046341463414634,0.45304878048780495,0.07483460365853656,0.08077591463414635,0.09533003048780497,32,41,0.5214004373030117,0.9502439024390237,73.54794520547945,73,50
1073,1073.0,0.51515625,0.29375,0.35215625,0.5398461538461539,0.28505128205128216,0.3836923076923077,0.013102006835937497,0.0098561875,0.010925944335937502,0.017974232741617358,0.008972253780407625,0.010889289940828403,0.584102564102564,0.3623333333333334,0.46046153846153853,0.06894631410256402,0.06858333333333338,0.10830528846153853,32,39,0.5124540664569555,0.9192307692307687,72.26760563380282,71,53
1074,1074.0,0.5205625,0.29465625,0.36165625,0.534025,0.284875,0.3782,0.012719683593749998,0.009887538085937501,0.0109467255859375,0.018846424375,0.008749159375,0.01179351,0.5783250000000001,0.3584,0.44922499999999993,0.05776250000000005,0.06374374999999999,0.08756874999999992,32,40,0.504854146228926,0.9309999999999994,71.77777777777777,72,52
1075,1075.0,0.5205625,0.29465625,0.36165625,0.53415,0.2905,0.364475,0.012719683593749998,0.009887538085937501,0.0109467255859375,0.019131577500000004,0.008130550000000002,0.011248999375,0.56665,0.36345,0.44782500000000003,0.04608749999999995,0.06879374999999999,0.08616875000000002,32,40,0.472459086470006,0.8944999999999993,71.19444444444444,72,54
1076,1076.0,0.5220909090909092,0.2976969696969697,0.36303030303030304,0.5324634146341464,0.28241463414634144,0.3655121951219512,0.012408991735537188,0.009883786960514234,0.010675423324150597,0.018013858417608566,0.00917716954193932,0.010977859607376564,0.5700975609756096,0.35236585365853657,0.45514634146341465,0.048006651884700435,0.05466888396156688,0.09211603843311161,33,41,0.4782439046895379,0.833414634146341,69.93243243243244,74,55
1077,1077.0,0.522258064516129,0.30238709677419356,0.3581612903225807,0.5317619047619048,0.27954761904761904,0.3673571428571429,0.01292844953173777,0.009924430801248699,0.010075683662851196,0.017588848072562356,0.009237104875283448,0.01048137244897959,0.5765238095238094,0.34719047619047616,0.4613571428571429,0.054265745007680444,0.044803379416282596,0.1031958525345622,31,42,0.5473347881766613,0.8052380952380948,67.91780821917808,73,53
1078,1078.0,0.516516129032258,0.3060967741935484,0.35800000000000004,0.5317619047619048,0.27954761904761904,0.3673571428571429,0.011910830385015607,0.01060892611862643,0.01007135483870968,0.017588848072562356,0.009237104875283448,0.01048137244897959,0.5765238095238094,0.34719047619047616,0.4613571428571429,0.060007680491551474,0.041093701996927745,0.10335714285714287,31,42,0.5808257030440686,0.7961904761904757,68.91780821917808,73,53
1079,1079.0,0.5175161290322581,0.3147741935483871,0.3588387096774194,0.533046511627907,0.28141860465116275,0.37153488372093024,0.012075798126951092,0.010453852237252861,0.01013774817898023,0.017249114115738238,0.009169313142239049,0.010970667387777177,0.5799767441860465,0.33911627906976743,0.4665348837209303,0.062460615153788424,0.02434208552138034,0.10769617404351095,31,43,0.5507608993168625,0.7839534883720926,67.82432432432432,74,52
1080,1080.0,0.5301875,0.309875,0.36821875000000004,0.5364318181818182,0.28224999999999995,0.3699772727272727,0.011861027343749997,0.010655921875000002,0.0104495458984375,0.017349881714876034,0.008990642045454546,0.010825658574380167,0.5853636363636364,0.3356818181818182,0.4722954545454546,0.055176136363636386,0.02580681818181818,0.10407670454545453,32,44,0.5641902089149082,0.7736363636363631,65.21052631578948,76,49
1081,1081.0,0.5277419354838709,0.3131935483870969,0.3654516129032258,0.5356046511627908,0.2802790697674418,0.36737209302325585,0.012052255983350675,0.010647252861602499,0.010541602497398541,0.017723262303948082,0.009028805840995134,0.010778791779340184,0.5833255813953488,0.3258139534883721,0.4696046511627907,0.05558364591147791,0.012620405101275212,0.1041530382595649,31,43,0.5268441843715208,0.7979069767441856,66.0,74,53
1082,1082.0,0.5361290322580645,0.3093225806451613,0.3722580645161291,0.5356046511627908,0.2802790697674418,0.36737209302325585,0.011566886576482825,0.011740863683662851,0.009352449531737772,0.017723262303948082,0.009028805840995134,0.010778791779340184,0.5833255813953488,0.3258139534883721,0.4696046511627907,0.04719654913728433,0.016491372843210783,0.09734658664666163,31,43,0.5156648538134555,0.8113953488372087,67.89189189189189,74,53
1083,1083.0,0.5371000000000001,0.3130666666666667,0.36813333333333337,0.5384883720930232,0.27623255813953485,0.36730232558139536,0.011923223333333332,0.011697662222222223,0.009136782222222221,0.018663087074094108,0.00930603893996755,0.01078728069226609,0.5898837209302326,0.32206976744186044,0.4625348837209303,0.052783720930232425,0.009003100775193729,0.09440155038759696,30,43,0.4721334173035047,0.7925581395348829,67.47945205479452,73,58
1084,1084.0,0.5316551724137932,0.31220689655172423,0.35927586206896556,0.5388048780487805,0.27160975609756094,0.3692439024390244,0.012140156956004755,0.012044922711058267,0.008390958382877527,0.018411571683521716,0.009615994051160025,0.010770233194527069,0.5910243902439024,0.31465853658536586,0.4701463414634146,0.05936921783010918,0.002451640033641622,0.11087047939444905,29,41,0.4690434097646309,0.8065853658536578,69.28571428571429,70,60
1085,1085.0,0.5352857142857144,0.31485714285714284,0.36767857142857147,0.5400263157894737,0.2683421052631578,0.36500000000000005,0.012540561224489792,0.01195140816326531,0.007676289540816327,0.018303604570637122,0.010120593490304709,0.011274842105263158,0.5993421052631578,0.31871052631578944,0.4672105263157894,0.06405639097744342,0.0038533834586466087,0.09953195488721794,28,38,0.5394126179830587,0.8378947368421046,67.25757575757575,66,58
1086,1086.0,0.5348148148148147,0.3096666666666667,0.36951851851851847,0.5364324324324324,0.27170270270270264,0.3648918918918919,0.012998817558299038,0.011639703703703706,0.007865805212620026,0.018307488677867054,0.009964965668371073,0.011579123447772097,0.5986756756756756,0.32491891891891894,0.4712702702702702,0.06386086086086085,0.01525225225225224,0.10175175175175172,27,37,0.5405034910027088,0.8008108108108101,67.265625,64,63
1087,1087.0,0.5348148148148147,0.3096666666666667,0.36951851851851847,0.5372432432432431,0.2731351351351351,0.3601891891891892,0.012998817558299038,0.011639703703703706,0.007865805212620026,0.016513859751643534,0.0099396303871439,0.012179018261504748,0.5897297297297296,0.3224594594594595,0.46283783783783783,0.05491491491491485,0.012792792792792773,0.09331931931931936,27,37,0.4746824835908164,0.8013513513513508,66.953125,64,68
1088,1088.0,0.5348148148148147,0.3096666666666667,0.36951851851851847,0.5310285714285713,0.2688857142857143,0.35657142857142854,0.012998817558299038,0.011639703703703706,0.007865805212620026,0.016704370612244897,0.010151815510204082,0.012534416326530615,0.5835428571428571,0.3008,0.45842857142857146,0.0487280423280424,0.00886666666666669,0.088910052910053,27,35,0.4755281428455907,0.8839999999999992,66.74193548387096,62,67
1089,1089.0,0.5348148148148147,0.3096666666666667,0.36951851851851847,0.5383823529411764,0.26711764705882357,0.35720588235294115,0.012998817558299038,0.011639703703703706,0.007865805212620026,0.01530294204152249,0.010340986159169549,0.012888987024221456,0.5906176470588235,0.3048235294117647,0.4656764705882353,0.05580283224400873,0.004843137254901986,0.09615795206971683,27,34,0.513410839137402,0.9132352941176464,66.93442622950819,61,65
1090,1090.0,0.5314074074074074,0.3163333333333333,0.37533333333333335,0.5345757575757575,0.2633939393939394,0.35624242424242425,0.01291779698216735,0.011106370370370374,0.008320222222222222,0.01527400183654729,0.010182905417814506,0.013248001836547292,0.5822424242424243,0.29203030303030303,0.46369696969696966,0.0508350168350169,0.02430303030303027,0.08836363636363631,27,33,0.4842732460893193,0.9139393939393932,66.6,60,67
1091,1091.0,0.5411923076923078,0.3208076923076923,0.3748076923076923,0.5327714285714286,0.26225714285714286,0.3616285714285714,0.010829539940828402,0.010993001479289942,0.008632770710059173,0.014466119183673468,0.010111276734693878,0.01296966204081633,0.5878000000000001,0.2978857142857143,0.4722,0.04660769230769235,0.022921978021977985,0.09739230769230772,26,35,0.4907412724717432,0.9182857142857135,66.06557377049181,61,65
1092,1092.0,0.55076,0.32176000000000005,0.37944,0.5327714285714286,0.26225714285714286,0.3616285714285714,0.008882662399999998,0.0114091424,0.0084201664,0.014466119183673468,0.010111276734693878,0.01296966204081633,0.5878000000000001,0.2978857142857143,0.4722,0.03704000000000007,0.023874285714285737,0.09276000000000001,25,35,0.5151231895403283,1.0034285714285707,66.23333333333333,60,61
1093,1093.0,0.5480833333333334,0.3245416666666667,0.38012500000000005,0.5300571428571429,0.26811428571428575,0.35191428571428574,0.009073659722222223,0.011691081597222222,0.008759276041666667,0.014471082448979591,0.00945895836734694,0.01438350693877551,0.5783428571428572,0.3062857142857143,0.4633428571428572,0.03025952380952379,0.0182559523809524,0.08321785714285718,24,35,0.598610333835925,0.988571428571428,66.47457627118644,59,59
1094,1094.0,0.5493478260869565,0.3189130434782609,0.38060869565217387,0.5295555555555556,0.2652777777777778,0.35591666666666666,0.009429792060491493,0.011439035916824197,0.009134499054820415,0.014077913580246912,0.00947781172839506,0.014544631944444449,0.5800833333333334,0.30277777777777776,0.4660000000000001,0.03073550724637686,0.016135265700483126,0.08539130434782621,23,36,0.5840646779100027,0.9980555555555548,68.27118644067797,59,60
1095,1095.0,0.5325217391304349,0.31243478260869567,0.38043478260869557,0.5291891891891891,0.26213513513513514,0.36021621621621625,0.012607727788279769,0.012050245746691871,0.009103028355387524,0.013702261504747992,0.009577197954711469,0.014817034331628929,0.585864864864865,0.2976486486486486,0.4701621621621623,0.05334312573443012,0.014786133960047076,0.08972737955346671,23,37,0.6402470550576927,0.9443243243243239,68.96666666666667,60,62
1096,1096.0,0.5408888888888889,0.3057407407407407,0.3857777777777778,0.5291891891891891,0.26213513513513514,0.36021621621621625,0.010915135802469134,0.009418266117969823,0.0109600987654321,0.013702261504747992,0.009577197954711469,0.014817034331628929,0.585864864864865,0.2976486486486486,0.4701621621621623,0.044975975975976135,0.008092092092092107,0.0843843843843845,27,37,0.6316398329149602,0.8499999999999993,68.53125,64,65
1097,1097.0,0.5408888888888889,0.3057407407407407,0.3857777777777778,0.5261081081081082,0.2664594594594594,0.3632702702702703,0.010915135802469134,0.009418266117969823,0.0109600987654321,0.013145501826150475,0.00932381592403214,0.015591278305332362,0.5808648648648649,0.30105405405405405,0.4648378378378379,0.03997597597597602,0.0046866866866866475,0.07906006006006011,27,37,0.6081750399887343,0.8462162162162156,68.984375,64,66
1098,1098.0,0.5410384615384615,0.30999999999999994,0.3820384615384616,0.5224473684210527,0.2665526315789473,0.3579473684210527,0.01133434467455621,0.009290692307692309,0.011004113905325444,0.013295405124653737,0.009078773545706373,0.016229313019390585,0.5762368421052632,0.3010263157894737,0.45626315789473687,0.03519838056680169,0.008973684210526245,0.07422469635627527,26,38,0.6471730670042076,0.8547368421052625,69.75,64,65
1099,1099.0,0.5418400000000001,0.30432,0.38192,0.5224473684210527,0.2665526315789473,0.3579473684210527,0.011771014399999996,0.0088234976,0.0114439136,0.013295405124653737,0.009078773545706373,0.016229313019390585,0.5762368421052632,0.3010263157894737,0.45626315789473687,0.03439684210526306,0.003293684210526282,0.07434315789473689,25,38,0.6565854810325294,0.9068421052631571,70.88888888888889,63,64
1100,1100.0,0.5378333333333334,0.3025833333333333,0.3794166666666667,0.5232432432432432,0.26502702702702696,0.35748648648648657,0.011860138888888887,0.009115743055555557,0.01176407638888889,0.013630670562454344,0.009235701972242513,0.016659871439006577,0.5748378378378379,0.30248648648648646,0.45056756756756755,0.03700450450450454,9.684684684685418e-05,0.07115090090090087,24,37,0.6269492501012658,0.9721621621621613,71.72131147540983,61,64
1101,1101.0,0.53876,0.30335999999999996,0.37408,0.5248421052631579,0.2683157894736842,0.35881578947368425,0.0114063424,0.0087655904,0.011977033599999999,0.0133665540166205,0.009392847645429364,0.016286834487534627,0.5783421052631579,0.3047631578947368,0.45371052631578945,0.03958210526315786,0.0014031578947368284,0.07963052631578943,25,38,0.6112395566607455,0.9589473684210518,71.92063492063492,63,65
1102,1102.0,0.5354782608695653,0.3069565217391304,0.3725652173913044,0.5292702702702702,0.2676756756756757,0.3543513513513514,0.01116303213610586,0.007435606805293007,0.012988767485822306,0.012982683710737762,0.009631138056975894,0.01596963330898466,0.5864864864864865,0.30872972972972973,0.46010810810810804,0.0510082256169212,0.0017732079905993237,0.08754289071680366,23,37,0.571829596887737,0.9629729729729722,70.8,60,67
1103,1103.0,0.5347916666666667,0.302,0.3722083333333333,0.5279743589743588,0.26346153846153847,0.3522051282051282,0.010708748263888887,0.007690833333333334,0.012450498263888889,0.012348178829717288,0.009485274161735701,0.01652421433267587,0.586076923076923,0.30653846153846154,0.45425641025641017,0.051285256410256386,0.004538461538461547,0.08204807692307686,24,39,0.6372134356758383,0.9038461538461533,69.6984126984127,63,66
1104,1104.0,0.5317599999999999,0.3114,0.36744,0.5309250000000001,0.26539999999999997,0.3547,0.010087542399999998,0.006337760000000001,0.0126133664,0.012379019374999998,0.00939469,0.016353860000000005,0.592375,0.315975,0.45187499999999997,0.060615000000000085,0.004574999999999996,0.08443499999999998,25,40,0.7096382784635789,0.8359999999999992,70.1076923076923,65,66
1105,1105.0,0.5370384615384615,0.3133846153846154,0.3666923076923077,0.5309250000000001,0.26539999999999997,0.3547,0.010396113905325442,0.006192467455621302,0.01214221301775148,0.012379019374999998,0.00939469,0.016353860000000005,0.592375,0.315975,0.45187499999999997,0.05533653846153852,0.0025903846153846333,0.08518269230769226,26,40,0.6759717588297562,0.8159999999999993,70.60606060606061,66,70
1106,1106.0,0.53384,0.30432000000000003,0.36812000000000006,0.5309250000000001,0.26539999999999997,0.3547,0.0109030944,0.006345817600000001,0.012225065600000003,0.012379019374999998,0.00939469,0.016353860000000005,0.592375,0.315975,0.45187499999999997,0.058535000000000004,0.011654999999999971,0.08375499999999991,25,40,0.6681069743054584,0.8034999999999993,69.6923076923077,65,71
1107,1107.0,0.53384,0.30432000000000003,0.36812000000000006,0.5321282051282051,0.2687179487179487,0.35994871794871797,0.0109030944,0.006345817600000001,0.012225065600000003,0.012638522024983563,0.009195228139381987,0.01567122813938199,0.5987948717948718,0.3153846153846154,0.4616666666666667,0.0649548717948718,0.01106461538461534,0.09354666666666667,25,39,0.6693484332066422,0.8253846153846148,70.078125,64,69
1108,1108.0,0.5371538461538461,0.29815384615384616,0.37273076923076925,0.5320750000000001,0.267925,0.36350000000000005,0.010758284023668638,0.0070522840236686415,0.012286350591715975,0.012322669375,0.008989869375,0.015771300000000002,0.601225,0.3099,0.46395,0.06407115384615392,0.01174615384615385,0.09121923076923072,26,40,0.6334842512623289,0.8019999999999993,70.39393939393939,66,71
1109,1109.0,0.5355714285714285,0.3002500000000001,0.36839285714285713,0.5311860465116279,0.26290697674418606,0.3578604651162791,0.013263030612244897,0.006605830357142858,0.012231952806122449,0.011593732828555976,0.008835758788534343,0.016552910762574365,0.593767441860465,0.3043953488372093,0.4488372093023256,0.05819601328903656,0.0041453488372092395,0.08044435215946849,28,43,0.646822156481116,0.7565116279069761,71.38028169014085,71,68
1110,1110.0,0.5396206896551724,0.3027931034482759,0.36975862068965515,0.5328837209302326,0.2611162790697674,0.35925581395348843,0.013264787158145065,0.00655912960760999,0.011862390011890605,0.011724335316387237,0.009116939967550029,0.016710422931314226,0.5966279069767442,0.3072558139534884,0.4494651162790698,0.05700721732157177,0.004462710505212464,0.07970649558941467,29,43,0.6942182551405293,0.7313953488372086,71.51388888888889,72,65
1111,1111.0,0.5407586206896551,0.31258620689655175,0.37010344827586195,0.5328837209302326,0.2611162790697674,0.35925581395348843,0.013347424494649224,0.006134311533888228,0.011847265160523184,0.011724335316387237,0.009116939967550029,0.016710422931314226,0.5966279069767442,0.3072558139534884,0.4494651162790698,0.05586928628708909,0.005330392943063367,0.07936166800320787,29,43,0.6513618054250612,0.7448837209302318,71.41666666666667,72,64
1112,1112.0,0.5407586206896551,0.31258620689655175,0.37010344827586195,0.5312325581395348,0.2602325581395349,0.3571860465116279,0.013347424494649224,0.006134311533888228,0.011847265160523184,0.012191806381828013,0.009100457544618712,0.017326058409951325,0.5988372093023255,0.30865116279069765,0.44979069767441854,0.058078588612670456,0.003935044105854102,0.07968724939855659,29,43,0.6086512407637401,0.7788372093023248,72.01388888888889,72,62
1113,1113.0,0.5407586206896551,0.31258620689655175,0.37010344827586195,0.5266818181818181,0.2592272727272727,0.3466590909090909,0.013347424494649224,0.006134311533888228,0.011847265160523184,0.012144535123966942,0.008941811983471075,0.018689406508264464,0.5817954545454546,0.31065909090909094,0.42377272727272736,0.04103683385579948,0.0019271159874608146,0.05366927899686541,29,44,0.6124924002403501,0.8095454545454538,72.13698630136986,73,55
1114,1114.0,0.5426071428571428,0.31064285714285716,0.37092857142857133,0.5222444444444445,0.2585111111111111,0.3443555555555556,0.013725024234693878,0.006243872448979592,0.012250637755102043,0.01274102913580247,0.008765672098765432,0.018507562469135805,0.5792444444444445,0.3128888888888889,0.4178666666666668,0.03663730158730161,0.002246031746031718,0.046938095238095445,28,45,0.5873384821141278,0.8335555555555548,72.42465753424658,73,53
1115,1115.0,0.544896551724138,0.31155172413793103,0.3834827586206896,0.5265531914893617,0.2611702127659574,0.34987234042553195,0.01332802378121284,0.005890316290130797,0.0104693531510107,0.012617438660027163,0.008873843368039838,0.01845113263920326,0.5791276595744681,0.3107659574468085,0.42629787234042565,0.03423110785033012,0.0007857666911225136,0.042815113719736064,29,47,0.5695965697281064,0.842765957446808,71.85526315789474,76,47
1116,1116.0,0.5445,0.31516666666666665,0.38269999999999993,0.5277916666666667,0.26206250000000003,0.3491666666666667,0.012888316666666667,0.0060729388888888895,0.010138143333333332,0.012426664930555555,0.008726391927083334,0.018090138888888888,0.5777916666666666,0.3042916666666667,0.43287499999999995,0.03329166666666661,0.010874999999999968,0.050175000000000025,30,48,0.5510085458335467,0.8579166666666659,72.76923076923077,78,44
1117,1117.0,0.5458387096774193,0.31487096774193546,0.3817096774193548,0.5324693877551021,0.264,0.3488163265306123,0.012526328824141517,0.005879660770031218,0.009840528616024974,0.013223351103706787,0.008728489795918368,0.01772684381507705,0.5845714285714285,0.31226530612244896,0.43318367346938774,0.0387327188940092,0.002605661619486499,0.051473996050032944,31,49,0.5784260632055308,0.8206122448979584,73.6125,80,44
1118,1118.0,0.5369714285714285,0.31614285714285717,0.37717142857142855,0.5359795918367347,0.2690612244897959,0.3456326530612245,0.01181459918367347,0.006259836734693878,0.011653970612244898,0.013671081216159934,0.008966057476051646,0.017276191586838817,0.5823877551020408,0.3231428571428571,0.4384081632653062,0.04541632653061223,0.006999999999999951,0.06123673469387764,35,49,0.5604222697952359,0.7899999999999993,73.6547619047619,84,44
1119,1119.0,0.5372857142857143,0.30951428571428574,0.37657142857142856,0.5347551020408163,0.26432653061224487,0.34159183673469384,0.01180854693877551,0.007715849795918368,0.011590816326530612,0.013539735943356933,0.008290832153269471,0.017232649729279466,0.5755510204081633,0.31434693877551023,0.43061224489795924,0.03826530612244905,0.00483265306122449,0.05404081632653068,35,49,0.550383103278576,0.7442857142857136,74.75,84,48
1120,1120.0,0.535,0.3057941176470588,0.3755588235294118,0.5347551020408163,0.26432653061224487,0.34159183673469384,0.011973,0.0074583987889273356,0.011895834775086505,0.013539735943356933,0.008290832153269471,0.017232649729279466,0.5755510204081633,0.31434693877551023,0.43061224489795924,0.040551020408163274,0.008552821128451404,0.05505342136854746,34,49,0.5224541516568829,0.7655102040816318,76.13253012048193,83,49
1121,1121.0,0.5278999999999999,0.30573333333333336,0.3704,0.5308297872340426,0.26099999999999995,0.3354893617021277,0.013316756666666664,0.0075318622222222235,0.013172173333333334,0.013736864644635586,0.007556255319148935,0.017031058397464917,0.5733191489361702,0.31591489361702124,0.4230000000000001,0.04541914893617027,0.010181560283687885,0.05260000000000009,30,47,0.5416003028588041,0.7853191489361694,76.96103896103897,77,52
1122,1122.0,0.5323870967741935,0.30454838709677423,0.37277419354838714,0.5317391304347826,0.25936956521739124,0.333,0.013491204994797083,0.007331021852237254,0.01291636836628512,0.013996627599243855,0.007595580812854444,0.01711004347826087,0.566804347826087,0.30632608695652175,0.42295652173913056,0.03441725105189353,0.0017776998597475169,0.05018232819074342,31,46,0.526169880213134,0.8006521739130426,78.1948051948052,77,53
1123,1123.0,0.5408928571428571,0.30892857142857144,0.38992857142857146,0.531531914893617,0.25940425531914885,0.3330851063829787,0.013798167091836734,0.007730352040816326,0.011237423469387756,0.013700802172928926,0.007434028066998642,0.016746333182435492,0.5658936170212767,0.3017872340425532,0.4304255319148938,0.025000759878419654,0.007141337386018243,0.04049696048632234,28,47,0.5690530648322899,0.790212765957446,78.24,75,53
1124,1124.0,0.5408928571428571,0.30892857142857144,0.38992857142857146,0.5289565217391303,0.25752173913043475,0.33471739130434786,0.013798167091836734,0.007730352040816326,0.011237423469387756,0.013686911153119092,0.0074290756143667305,0.016985159262759925,0.5645869565217392,0.2927608695652174,0.4220869565217392,0.023694099378882116,0.016167701863354034,0.03215838509316776,28,46,0.5220182087263756,0.8430434782608688,78.83783783783784,74,53
1125,1125.0,0.5497407407407406,0.3081851851851852,0.39614814814814814,0.5325652173913045,0.256195652173913,0.3349347826086957,0.012117229080932783,0.00800118792866941,0.010570496570644718,0.012873071833648393,0.007488374763705103,0.016955234877126656,0.5632173913043479,0.29334782608695653,0.42310869565217396,0.013476650563607251,0.014837359098228642,0.026960547504025822,27,46,0.5176504948719223,0.8569565217391298,78.94520547945206,73,54
1126,1126.0,0.547576923076923,0.3071153846153846,0.3926538461538462,0.5336363636363637,0.25775,0.3347727272727273,0.01245685946745562,0.008278025147928995,0.010647380177514792,0.013411776859504128,0.007762960227272728,0.016510221074380164,0.5642272727272727,0.2988863636363636,0.42881818181818177,0.016650349650349727,0.008229020979021007,0.03616433566433558,26,44,0.48058309271220206,0.9313636363636355,79.14285714285714,70,54
1127,1127.0,0.5422499999999999,0.29960714285714285,0.3824285714285715,0.5373478260869565,0.2584347826086956,0.33947826086956523,0.01194625892857143,0.008431667091836735,0.011857244897959186,0.013866487712665404,0.00748750661625709,0.01640164083175804,0.5658478260869565,0.2876086956521739,0.44508695652173913,0.023597826086956597,0.011998447204968954,0.06265838509316762,28,46,0.47009051565900944,0.8721739130434776,79.08108108108108,74,56
1128,1128.0,0.5386296296296296,0.3018888888888889,0.3692962962962963,0.5373478260869565,0.2584347826086956,0.33947826086956523,0.011613418381344307,0.008918172839506173,0.01183828257887517,0.013866487712665404,0.00748750661625709,0.01640164083175804,0.5658478260869565,0.2876086956521739,0.44508695652173913,0.027218196457326926,0.014280193236714978,0.07579066022544284,27,46,0.480509253662833,0.8821739130434775,79.91780821917808,73,56
1129,1129.0,0.53484,0.30356,0.3679599999999999,0.5373478260869565,0.2584347826086956,0.33947826086956523,0.011989494399999998,0.008902006399999999,0.0127225184,0.013866487712665404,0.00748750661625709,0.01640164083175804,0.5658478260869565,0.2876086956521739,0.44508695652173913,0.031007826086956514,0.0159513043478261,0.07712695652173923,25,46,0.5026511730438373,0.8856521739130426,81.52112676056338,71,58
1130,1130.0,0.5322399999999999,0.30028,0.35684,0.5373478260869565,0.2584347826086956,0.33947826086956523,0.0123381024,0.0087702816,0.012976054400000001,0.013866487712665404,0.00748750661625709,0.01640164083175804,0.5658478260869565,0.2876086956521739,0.44508695652173913,0.03360782608695656,0.012671304347826096,0.08824695652173914,25,46,0.5172161048760565,0.9282608695652164,81.67605633802818,71,55
1131,1131.0,0.5322399999999999,0.30028,0.35684,0.5356304347826086,0.2579565217391305,0.3382826086956522,0.0123381024,0.0087702816,0.012976054400000001,0.014110319943289224,0.007423606805293007,0.01652450708884688,0.5584130434782609,0.29330434782608694,0.4295434782608696,0.026173043478260993,0.0069756521739130495,0.07270347826086959,25,46,0.49674985917823355,0.9282608695652165,82.22535211267606,71,56
1132,1132.0,0.52684,0.29796,0.35788000000000003,0.5333863636363635,0.25520454545454546,0.33865909090909097,0.012360134399999998,0.0084321184,0.013085545599999996,0.013085691632231404,0.00767666270661157,0.01593486105371901,0.5607500000000001,0.2802272727272727,0.43284090909090905,0.03391000000000011,0.01773272727272729,0.07496090909090902,25,44,0.5194520915229703,0.8995454545454536,80.7536231884058,69,58
1133,1133.0,0.5386,0.30064,0.34903999999999996,0.5324999999999999,0.25325000000000003,0.32695454545454544,0.00909744,0.0080847904,0.0128019584,0.013301977272727273,0.007308505681818182,0.015329907024793388,0.5562272727272727,0.3006590909090909,0.41902272727272716,0.017627272727272714,1.9090909090857533e-05,0.0699827272727272,25,44,0.5261807533435614,0.8634090909090903,80.0,69,59
1134,1134.0,0.5393043478260869,0.2941304347826087,0.3408695652173913,0.5285238095238095,0.2505714285714286,0.32652380952380955,0.009739689981096408,0.008225069943289224,0.012968026465028353,0.013282820861678004,0.007318578231292518,0.015835630385487527,0.5432142857142856,0.2824047619047619,0.41640476190476183,0.003909937888198711,0.011725672877846816,0.07553519668737052,23,42,0.5362636818875609,0.8821428571428565,80.27692307692308,65,59
1135,1135.0,0.5381363636363636,0.28904545454545455,0.33759090909090905,0.5258478260869566,0.25526086956521743,0.3267608695652174,0.010151026859504132,0.008004225206611572,0.013310241735537189,0.012802868147448016,0.007629714555765595,0.014833051512287334,0.5248478260869565,0.28723913043478255,0.3983478260869564,0.013288537549407176,0.0018063241106719974,0.06075691699604735,22,46,0.5416166480459381,0.9015217391304344,79.70588235294117,68,51
1136,1136.0,0.5388571428571429,0.2876666666666666,0.34609523809523807,0.5238888888888888,0.25193333333333334,0.32408888888888887,0.010622979591836734,0.008343555555555554,0.012352943310657597,0.01291085432098765,0.007289928888888888,0.014834258765432096,0.5178444444444443,0.2787111111111111,0.397911111111111,0.021012698412698594,0.00895555555555555,0.051815873015872926,21,45,0.5608609160312934,0.8977777777777771,79.66666666666667,66,52
1137,1137.0,0.5376363636363637,0.2953181818181818,0.34104545454545454,0.5249782608695652,0.25482608695652176,0.3247173913043478,0.010171413223140493,0.009193762396694217,0.012326952479338843,0.012683586483931945,0.007508013232514179,0.014529550567107752,0.5123478260869565,0.2800869565217391,0.3931086956521738,0.025288537549407186,0.015231225296442719,0.05206324110671928,22,46,0.599423527341357,0.8923913043478254,79.6029411764706,68,50
1138,1138.0,0.5331739130434784,0.3003478260869565,0.3347391304347826,0.5249782608695652,0.25482608695652176,0.3247173913043478,0.010167274102079396,0.009350574669187145,0.012665931947069942,0.012683586483931945,0.007508013232514179,0.014529550567107752,0.5123478260869565,0.2800869565217391,0.3931086956521738,0.020826086956521883,0.020260869565217388,0.05836956521739123,23,46,0.6170461035142449,0.9132608695652165,80.10144927536231,69,48
1139,1139.0,0.5293913043478262,0.30165217391304344,0.329304347826087,0.5249782608695652,0.25482608695652176,0.3247173913043478,0.010021890359168242,0.00925405293005671,0.01301942911153119,0.012683586483931945,0.007508013232514179,0.014529550567107752,0.5123478260869565,0.2800869565217391,0.3931086956521738,0.017043478260869716,0.021565217391304348,0.06380434782608685,23,46,0.5910661008087973,0.9232608695652165,79.94202898550725,69,48
1140,1140.0,0.5263913043478261,0.30704347826086953,0.3169565217391304,0.5216122448979592,0.25381632653061226,0.31648979591836734,0.009676238185255199,0.008193606805293005,0.012454650283553876,0.012520278217409413,0.007391088713036235,0.01468310703873386,0.5018163265306123,0.28016326530612246,0.37469387755102046,0.02457497781721385,0.026880212954747074,0.057737355811890045,23,49,0.6148803737989079,0.8546938775510196,80.08333333333333,72,50
1141,1141.0,0.5243636363636365,0.3117272727272727,0.3278636363636364,0.51874,0.25124,0.31427999999999995,0.010060776859504133,0.009163107438016528,0.013728572314049588,0.012674112400000001,0.0075685024,0.014628721599999998,0.4965,0.28156000000000003,0.36806000000000005,0.02786363636363648,0.030167272727272654,0.04019636363636364,22,50,0.6126448013719,0.8273999999999991,79.41666666666667,72,54
1142,1142.0,0.5243636363636365,0.3117272727272727,0.3278636363636364,0.51864,0.25658,0.31048000000000003,0.010060776859504133,0.009163107438016528,0.013728572314049588,0.012652750400000001,0.0087816436,0.0138716096,0.49355999999999994,0.29002,0.37152,0.030803636363636533,0.021707272727272686,0.043656363636363604,22,50,0.5744145981509904,0.8449999999999993,79.73611111111111,72,53
1143,1143.0,0.5277727272727273,0.3149090909090909,0.33504545454545454,0.5195714285714287,0.2566734693877551,0.30887755102040815,0.010015993801652894,0.009116537190082645,0.012558588842975206,0.012867591836734693,0.008960423990004164,0.014026311536859641,0.4936734693877551,0.2959387755102041,0.3626530612244898,0.0340992578849722,0.018970315398886828,0.02760760667903528,22,49,0.5766116001193273,0.8828571428571421,80.05633802816901,71,50
1144,1144.0,0.5211428571428571,0.31709523809523804,0.3298571428571429,0.5128750000000001,0.25195833333333334,0.3021666666666667,0.009525931972789116,0.009445514739229024,0.012564408163265307,0.011923567708333332,0.008735831597222223,0.013366138888888887,0.48662500000000003,0.30091666666666667,0.35010416666666666,0.0345178571428571,0.016178571428571376,0.020247023809523756,21,48,0.6139635733781422,0.9239583333333324,79.43478260869566,69,46
1145,1145.0,0.5211428571428571,0.31709523809523804,0.3298571428571429,0.5114489795918368,0.25087755102040815,0.30108163265306126,0.009525931972789116,0.009445514739229024,0.012564408163265307,0.011777839233652644,0.00861361765930862,0.013149870887130361,0.4799795918367347,0.3004081632653061,0.3443265306122449,0.04116326530612241,0.016687074829931925,0.014469387755101981,21,49,0.5526678654579678,0.9097959183673461,80.61428571428571,70,50
1146,1146.0,0.5108,0.31665,0.32625,0.5152352941176471,0.2527843137254902,0.3061960784313726,0.00775576,0.009913627500000003,0.012919387499999999,0.01236088581314879,0.008953384851980009,0.013391530180699732,0.4924509803921569,0.30188235294117644,0.35149019607843135,0.01834901960784313,0.014767647058823552,0.025240196078431365,20,51,0.520490361720841,0.9690196078431365,80.80281690140845,71,43
1147,1147.0,0.5147619047619048,0.3165714285714286,0.33176190476190476,0.5139433962264152,0.25673584905660374,0.2998679245283019,0.0077003718820861655,0.009441673469387755,0.012911800453514739,0.01195209113563546,0.009013703809184762,0.013992491990032042,0.4850377358490567,0.3020754716981132,0.34350943396226413,0.02972416891284807,0.014495956873315397,0.011747529200359375,21,53,0.5347839054640541,0.9430188679245277,81.24324324324324,74,42
1148,1148.0,0.5135454545454545,0.3112727272727273,0.32968181818181813,0.5172222222222222,0.25755555555555554,0.3077037037037037,0.00738397520661157,0.009681561983471075,0.012041398760330578,0.011750543209876542,0.00966795061728395,0.014079245541838136,0.5010740740740741,0.306462962962963,0.35724074074074075,0.012471380471380411,0.0048097643097643195,0.027558922558922616,22,54,0.5776641204374152,0.8768518518518513,80.35526315789474,76,44
1149,1149.0,0.5174285714285715,0.3139047619047619,0.3280952380952381,0.5124716981132076,0.25664150943396224,0.29583018867924527,0.007432721088435375,0.007495419501133787,0.011668752834467121,0.011797834104663582,0.009349588465646139,0.01435625418298327,0.48816981132075477,0.30466037735849055,0.3518301886792453,0.029258760107816695,0.009244384546271356,0.02373495058400721,21,53,0.5957106755301901,0.8671698113207541,78.98648648648648,74,44
1150,1150.0,0.5125454545454546,0.3190454545454545,0.32081818181818184,0.5132037037037036,0.25796296296296295,0.30166666666666664,0.007595611570247934,0.007709679752066115,0.012250421487603308,0.011669754801097396,0.00916122085048011,0.013936925925925927,0.48983333333333334,0.3053703703703704,0.3569444444444444,0.022712121212121295,0.013675084175084118,0.03612626262626256,22,54,0.5352747835448698,0.8790740740740736,77.76315789473684,76,42
1151,1151.0,0.5125454545454546,0.3190454545454545,0.32081818181818184,0.5170754716981132,0.2599622641509434,0.30277358490566036,0.007595611570247934,0.007709679752066115,0.012250421487603308,0.011080447134211462,0.009118224991100035,0.014133722321110714,0.4953773584905661,0.3062641509433962,0.3625849056603773,0.01716809605488856,0.012781303602058314,0.041766723842195486,22,53,0.5268117878390172,0.8886792452830183,78.28,75,42
1152,1152.0,0.5125454545454546,0.3190454545454545,0.32081818181818184,0.5176851851851851,0.2615740740740741,0.30024074074074075,0.007595611570247934,0.007709679752066115,0.012250421487603308,0.01098414163237311,0.009071651920438956,0.013452590192043893,0.48762962962962964,0.31129629629629635,0.3578333333333333,0.024915824915825002,0.007749158249158172,0.037015151515151445,22,54,0.4592578830422553,0.8916666666666659,77.89473684210526,76,43
1153,1153.0,0.5125454545454546,0.3190454545454545,0.32081818181818184,0.5176851851851851,0.2615740740740741,0.30024074074074075,0.007595611570247934,0.007709679752066115,0.012250421487603308,0.01098414163237311,0.009071651920438956,0.013452590192043893,0.48762962962962964,0.31129629629629635,0.3578333333333333,0.024915824915825002,0.007749158249158172,0.037015151515151445,22,54,0.4962494327909481,0.8887037037037027,78.89473684210526,76,43
1154,1154.0,0.5125454545454546,0.3190454545454545,0.32081818181818184,0.5163962264150943,0.2607735849056604,0.2999433962264151,0.007595611570247934,0.007709679752066115,0.012250421487603308,0.011101673193307226,0.00920821288714845,0.013701638305446783,0.4871132075471698,0.31716981132075467,0.35058490566037737,0.025432246998284835,0.0018756432246998522,0.02976672384219553,22,53,0.46505916435782263,0.9094339622641501,79.4,75,44
1155,1155.0,0.5146666666666666,0.31676190476190474,0.32904761904761903,0.5140384615384614,0.26396153846153847,0.29748076923076927,0.007858317460317463,0.007962086167800453,0.011343854875283447,0.010012883136094672,0.009011190828402366,0.014391172707100596,0.48192307692307695,0.31211538461538463,0.35075,0.03274358974358965,0.004646520146520117,0.021702380952380973,21,52,0.5200891140536953,0.9113461538461528,78.6027397260274,73,41
1156,1156.0,0.51505,0.31864999999999993,0.33365,0.5181153846153845,0.2683269230769231,0.3027884615384615,0.0082481475,0.008285327500000002,0.011466227499999999,0.010240563609467459,0.009738950813609466,0.014718820636094672,0.48759615384615385,0.3183846153846154,0.35542307692307695,0.027453846153846162,0.00026538461538455627,0.02177307692307695,20,52,0.5590280512484374,0.9124999999999991,78.61111111111111,72,40
1157,1157.0,0.5113157894736842,0.31931578947368416,0.33268421052631575,0.5195882352941176,0.26968627450980387,0.303843137254902,0.008403373961218838,0.008712531855955677,0.012051058171745153,0.010328555940023066,0.009833823144944253,0.014949583237216455,0.49400000000000005,0.3192156862745098,0.361078431372549,0.017315789473684118,0.00010010319917436172,0.028394220846233276,19,51,0.5314897298787815,0.9117647058823521,78.75714285714285,70,41
1158,1158.0,0.5156111111111111,0.3214444444444444,0.3393888888888889,0.5196599999999999,0.2721,0.29962,0.008519682098765432,0.00911046913580247,0.01186645987654321,0.010534864400000002,0.009733369999999998,0.0143389956,0.48800000000000004,0.32334,0.35589999999999994,0.027611111111111086,0.0018955555555555947,0.016511111111111032,18,50,0.5335995744638665,0.9365999999999991,79.45588235294117,68,41
1159,1159.0,0.5190526315789473,0.31773684210526315,0.344,0.5198799999999999,0.27477999999999997,0.29696,0.008284470914127423,0.008878404432132964,0.011624631578947367,0.0105277056,0.0096613316,0.014891158399999998,0.49226,0.32564,0.35796000000000006,0.026792631578947346,0.007903157894736834,0.013960000000000083,19,50,0.4831329522575114,0.9277999999999992,78.84057971014492,69,43
1160,1160.0,0.5247499999999999,0.30100000000000005,0.35635,0.5198799999999999,0.27477999999999997,0.29696,0.0081215875,0.0081908,0.0111954275,0.0105277056,0.0096613316,0.014891158399999998,0.49226,0.32564,0.35796000000000006,0.03248999999999996,0.02463999999999994,0.0016100000000000558,20,50,0.555119442651173,0.899799999999999,79.71428571428571,70,44
1161,1161.0,0.5247499999999999,0.30100000000000005,0.35635,0.516875,0.27960416666666665,0.2952916666666667,0.0081215875,0.0081908,0.0111954275,0.010695234375000001,0.009316697482638888,0.015126664930555556,0.49239583333333337,0.33014583333333336,0.35725,0.03235416666666657,0.029145833333333315,0.0009000000000000119,20,48,0.5008340003015109,0.9160416666666658,79.6470588235294,68,47
1162,1162.0,0.5204500000000001,0.29500000000000004,0.3578,0.516875,0.27960416666666665,0.2952916666666667,0.0074301474999999995,0.009378799999999998,0.01122566,0.010695234375000001,0.009316697482638888,0.015126664930555556,0.49239583333333337,0.33014583333333336,0.35725,0.028054166666666713,0.03514583333333332,0.0005499999999999949,20,48,0.523746229342718,0.9447916666666657,80.25,68,43
1163,1163.0,0.525952380952381,0.2995714285714286,0.35766666666666663,0.513282608695652,0.2794347826086957,0.3015217391304348,0.0076818548752834465,0.009350149659863947,0.010691460317460318,0.010209550567107751,0.008977463137996218,0.015207945179584124,0.4901956521739131,0.32336956521739124,0.3687391304347826,0.03575672877846786,0.023798136645962642,0.011072463768115992,21,46,0.4733801800822571,0.9515217391304338,80.01492537313433,67,47
1164,1164.0,0.5256666666666666,0.28414285714285714,0.3519047619047619,0.513282608695652,0.2794347826086957,0.3015217391304348,0.008106317460317461,0.00944031292517007,0.010014848072562357,0.010209550567107751,0.008977463137996218,0.015207945179584124,0.4901956521739131,0.32336956521739124,0.3687391304347826,0.03547101449275353,0.0392267080745341,0.016834368530020738,21,46,0.5612561912470497,0.9354347826086946,80.19402985074628,67,47
1165,1165.0,0.5221250000000001,0.27658333333333335,0.3450416666666667,0.5171063829787232,0.2725531914893617,0.30317021276595746,0.007195859374999999,0.008898493055555555,0.009649289930555555,0.00993132910819375,0.009032545043005885,0.014683843368039837,0.4919574468085107,0.3152765957446808,0.3797872340425532,0.030167553191489338,0.03869326241134746,0.03474556737588652,24,47,0.6290709514165401,0.8165957446808505,76.52112676056338,71,46
1166,1166.0,0.52252,0.2764,0.33992000000000006,0.5233555555555556,0.2744888888888889,0.3106,0.006911769599999999,0.008543360000000002,0.0098928736,0.008941384691358025,0.00934056098765432,0.013845617777777779,0.5018222222222223,0.31857777777777774,0.39393333333333336,0.020697777777777704,0.04217777777777776,0.0540133333333333,25,45,0.6201610946839543,0.8173333333333326,75.31428571428572,70,47
1167,1167.0,0.51888,0.28192,0.34436,0.5235434782608696,0.274195652173913,0.3181304347826088,0.007131625599999999,0.008894873599999999,0.0095852704,0.00903846550094518,0.010082461720226843,0.013604982986767484,0.5105000000000001,0.3250869565217391,0.4141304347826087,0.008379999999999943,0.043166956521739075,0.06977043478260869,25,46,0.5663188716307961,0.8110869565217386,74.11267605633803,71,48
1168,1168.0,0.51888,0.28192,0.34436,0.520090909090909,0.276,0.3154545454545455,0.007131625599999999,0.008894873599999999,0.0095852704,0.008865764462809919,0.010148954545454544,0.013809793388429753,0.504090909090909,0.3348636363636363,0.3984090909090909,0.014789090909090974,0.052943636363636304,0.05404909090909088,25,44,0.572424262474541,0.8447727272727263,74.08695652173913,69,46
1169,1169.0,0.51888,0.28192,0.34436,0.518953488372093,0.27444186046511626,0.3126279069767442,0.007131625599999999,0.008894873599999999,0.0095852704,0.009396788534342889,0.010506060573282856,0.01399734991887507,0.49609302325581395,0.33995348837209305,0.3917441860465116,0.02278697674418606,0.058033488372093045,0.04738418604651162,25,43,0.5525296533182859,0.8332558139534878,73.07352941176471,68,48
1170,1170.0,0.5197600000000001,0.28840000000000005,0.34387999999999996,0.518953488372093,0.27444186046511626,0.3126279069767442,0.007222582399999998,0.008050400000000001,0.009554665599999998,0.009396788534342889,0.010506060573282856,0.01399734991887507,0.49609302325581395,0.33995348837209305,0.3917441860465116,0.023666976744186163,0.051553488372093004,0.04786418604651166,25,43,0.5878637562998873,0.8351162790697665,73.67647058823529,68,48
1171,1171.0,0.5224642857142857,0.3042857142857143,0.35357142857142854,0.5132857142857142,0.2724761904761905,0.3121666666666667,0.006693177295918366,0.010914918367346937,0.009323459183673468,0.008239204081632654,0.0105900589569161,0.014321472222222222,0.48623809523809525,0.33149999999999996,0.39040476190476187,0.03622619047619047,0.027214285714285635,0.03683333333333333,28,42,0.5695721006896332,0.7833333333333324,73.87142857142857,70,52
1172,1172.0,0.5202962962962964,0.3062592592592593,0.3508518518518518,0.5106904761904763,0.27114285714285713,0.31642857142857145,0.006809467764060355,0.011210117969821675,0.009461681755829902,0.00811483276643991,0.010675836734693876,0.013888244897959182,0.48669047619047623,0.3260714285714285,0.40361904761904766,0.03360582010582014,0.019812169312169225,0.05276719576719585,27,42,0.5753917244421498,0.7566666666666658,73.28985507246377,69,53
1173,1173.0,0.5175000000000001,0.30453571428571424,0.3409642857142857,0.5096904761904762,0.2759047619047619,0.3192857142857143,0.006476535714285713,0.011019605867346936,0.01044853443877551,0.007963213718820862,0.010404181405895692,0.014957632653061223,0.48202380952380963,0.33814285714285713,0.4022857142857143,0.03547619047619044,0.03360714285714289,0.06132142857142858,28,42,0.5474130155449872,0.7266666666666659,71.68571428571428,70,55
1174,1174.0,0.5274074074074074,0.3076296296296296,0.3376296296296296,0.5122790697674419,0.2787209302325581,0.32083720930232557,0.0040349080932784625,0.0110657146776406,0.009885196159122086,0.00805945700378583,0.010495317468902112,0.014710880475932935,0.4937674418604652,0.34662790697674417,0.4026046511627907,0.03363996554694226,0.038998277347114585,0.06497502153316109,27,43,0.5381578579350086,0.7276744186046504,71.37142857142857,70,54
1175,1175.0,0.5316538461538461,0.3051153846153846,0.3306923076923078,0.5107209302325582,0.27832558139534885,0.3196046511627907,0.0037032263313609456,0.011320640532544378,0.008965982248520712,0.008171643050297458,0.010510359113034074,0.01513419253650622,0.49227906976744185,0.3499069767441861,0.4034418604651163,0.0393747763864043,0.04479159212880146,0.07274955277280853,26,43,0.564416969911093,0.7369767441860458,71.23188405797102,69,51
1176,1176.0,0.5279565217391305,0.30530434782608695,0.3379130434782609,0.5107906976744185,0.27448837209302324,0.31820930232558137,0.0036596937618147444,0.012293950850661626,0.009221644612476371,0.008160025959978367,0.010854994050838292,0.015382305029745807,0.4913488372093022,0.35397674418604647,0.4026511627906977,0.03660768452982832,0.04867239635995951,0.06473811931243678,23,43,0.5743620526611487,0.7574418604651156,71.83333333333333,66,52
1177,1177.0,0.5302083333333333,0.314125,0.3430416666666667,0.5102926829268293,0.2693414634146341,0.3210243902439024,0.003623831597222222,0.013571192708333332,0.009442373263888889,0.008377133848899463,0.010791346817370614,0.014560804283164782,0.4860243902439024,0.3459756097560976,0.4036341463414634,0.044183943089430855,0.0318506097560976,0.060592479674796695,24,41,0.5740022615085965,0.7734146341463407,71.23076923076923,65,52
1178,1178.0,0.5302083333333333,0.314125,0.3430416666666667,0.5156829268292683,0.27463414634146344,0.3269024390243902,0.003623831597222222,0.013571192708333332,0.009442373263888889,0.008113143367043425,0.010383939321832245,0.014590624628197504,0.4942195121951219,0.34726829268292686,0.41763414634146345,0.03598882113821139,0.03314329268292687,0.07459247967479676,24,41,0.5134566611319683,0.8353658536585359,71.8923076923077,65,52
1179,1179.0,0.5260416666666666,0.305875,0.33670833333333333,0.5193255813953488,0.28530232558139534,0.33051162790697675,0.004029206597222223,0.012304859374999998,0.008695456597222222,0.008287614926987564,0.01126421092482423,0.01466490102758248,0.49381395348837204,0.35351162790697677,0.4153488372093023,0.03222771317829459,0.04763662790697676,0.07864050387596899,24,43,0.6033525882464,0.8295348837209296,69.97014925373135,67,45
1180,1180.0,0.5251363636363636,0.3134545454545455,0.34786363636363643,0.5197857142857142,0.2825714285714286,0.33007142857142857,0.0038605723140495863,0.01254588429752066,0.007974845041322313,0.006784787414965986,0.011130387755102042,0.015085018707482993,0.4940714285714285,0.34938095238095235,0.41150000000000003,0.03106493506493513,0.03592640692640686,0.0636363636363636,22,42,0.6033207453681725,0.8611904761904755,68.171875,64,45
1181,1181.0,0.5239523809523811,0.306,0.34438095238095245,0.5206829268292683,0.28185365853658534,0.3353414634146341,0.0040135691609977315,0.011920761904761903,0.00808775963718821,0.006916460440214159,0.011380222486615112,0.014286468768590124,0.49600000000000005,0.34739024390243906,0.41470731707317066,0.027952380952381006,0.04139024390243906,0.0703263646922182,21,41,0.5760544037019083,0.8648780487804874,68.85483870967742,62,49
1182,1182.0,0.5301739130434783,0.3006086956521739,0.33960869565217394,0.5184285714285713,0.2802142857142857,0.3375238095238095,0.0043685784499054815,0.011853629489603026,0.008056672967863894,0.006960149659863945,0.011219454081632654,0.014141582766439908,0.5002619047619048,0.3411904761904762,0.4176904761904761,0.029912008281573477,0.0405817805383023,0.07808178053830217,23,42,0.5834010526518327,0.7707142857142851,68.52307692307693,65,55
1183,1183.0,0.5301739130434783,0.3006086956521739,0.33960869565217394,0.5212926829268293,0.2771463414634146,0.34317073170731704,0.0043685784499054815,0.011853629489603026,0.008056672967863894,0.006909670434265318,0.011744612730517549,0.013245556216537774,0.5001951219512196,0.3406585365853658,0.4205365853658537,0.02997879109225865,0.040049840933191916,0.08092788971367976,23,41,0.5662315136759659,0.8063414634146335,68.484375,64,56
1184,1184.0,0.5300454545454545,0.2951818181818182,0.3386818181818182,0.516025641025641,0.2694102564102564,0.3392051282051281,0.004566770661157025,0.011715057851239668,0.008403126033057852,0.006672691650230112,0.011103421433267587,0.013596778435239973,0.5014871794871795,0.3237692307692308,0.39953846153846156,0.028558275058275018,0.028587412587412597,0.06085664335664337,22,39,0.48048209631374506,0.8707692307692303,68.18032786885246,61,57
1185,1185.0,0.529391304347826,0.29008695652173916,0.3400434782608696,0.5202564102564101,0.27497435897435896,0.3394102564102563,0.004377629489603025,0.01177677504725898,0.008078563327032136,0.007268036817882971,0.011563101906640366,0.013652447074293228,0.4990512820512821,0.3293589743589743,0.4025128205128205,0.030340022296543923,0.03927201783723516,0.06246934225195089,23,39,0.4752639205474263,0.8610256410256404,68.45161290322581,62,58
1186,1186.0,0.529391304347826,0.29008695652173916,0.3400434782608696,0.5184358974358974,0.2705641025641026,0.342076923076923,0.004377629489603025,0.01177677504725898,0.008078563327032136,0.007019886916502302,0.010308553583168968,0.013803147928994078,0.5002564102564103,0.3161282051282051,0.3958717948717948,0.029134894091415675,0.02604124860646595,0.05582831661092519,23,39,0.5016678865475483,0.8584615384615378,68.09677419354838,62,56
1187,1187.0,0.5390769230769231,0.27823076923076917,0.35630769230769227,0.5154358974358972,0.2743076923076923,0.34417948717948715,0.0050017633136094685,0.011737562130177513,0.007840674556213015,0.006668502301117689,0.010589802761341223,0.013958198553583165,0.4923589743589744,0.305974358974359,0.4000769230769231,0.04671794871794871,0.027743589743589814,0.04376923076923084,26,39,0.5181415966193927,0.7866666666666661,70.01538461538462,65,59
1188,1188.0,0.5391111111111111,0.27299999999999996,0.3559259259259259,0.5131666666666667,0.2709761904761904,0.33878571428571425,0.0048165432098765445,0.012014222222222223,0.007554068587105623,0.0064142341269841285,0.011078928004535147,0.013547311224489792,0.4825714285714286,0.30878571428571433,0.3792142857142857,0.0565396825396825,0.035785714285714365,0.023288359788359803,27,42,0.4930027070883741,0.8021428571428566,68.72463768115942,69,55
1189,1189.0,0.5298518518518519,0.2755925925925926,0.3495925925925926,0.512951219512195,0.2712195121951219,0.3388292682926829,0.006473607681755829,0.011826019204389575,0.00705068587105624,0.006568729327781083,0.011346659131469363,0.013877653777513382,0.4815609756097561,0.31404878048780493,0.36958536585365853,0.048290876242095826,0.038456187895212324,0.01999277326106591,27,41,0.5575772468997968,0.7926829268292676,68.02941176470588,68,54
1190,1190.0,0.5309285714285715,0.27589285714285716,0.34128571428571436,0.5170731707317073,0.26709756097560977,0.3405609756097561,0.00627870918367347,0.011529524234693877,0.006883632653061223,0.007050897085068412,0.012291892920880428,0.014174831647828671,0.4895853658536585,0.31902439024390244,0.3625121951219512,0.041343205574913,0.04313153310104528,0.02122648083623685,28,41,0.5912386767126441,0.7726829268292678,65.78260869565217,69,53
1191,1191.0,0.5353793103448277,0.28172413793103446,0.3444137931034484,0.5215365853658537,0.26651219512195123,0.34475609756097564,0.006616856123662308,0.012084061831153388,0.006920242568370984,0.007442346222486615,0.01247254253420583,0.013551989292088036,0.48848780487804877,0.3187560975609756,0.38346341463414635,0.04689150546677889,0.03703195962994116,0.039049621530697964,29,41,0.5842655716717355,0.7512195121951214,64.81428571428572,70,54
1192,1192.0,0.5423214285714286,0.28485714285714286,0.35610714285714284,0.5217857142857143,0.2713809523809524,0.3470952380952381,0.006876289540816328,0.012213193877551017,0.006262095663265305,0.00726769217687075,0.013147473922902494,0.013453657596371883,0.4817142857142857,0.3181904761904762,0.3752857142857143,0.060607142857142915,0.033333333333333326,0.019178571428571434,28,42,0.5594971021003023,0.7883333333333328,64.37142857142857,70,51
1193,1193.0,0.5391724137931034,0.2886551724137931,0.3554827586206896,0.5256046511627908,0.2802790697674418,0.3526511627906977,0.006916832342449468,0.012195950059453028,0.006057077288941735,0.007783215792320175,0.0128159221200649,0.013919855056787452,0.47639534883720935,0.32034883720930235,0.37730232558139537,0.06277706495589408,0.031693664795509224,0.02181956696070575,29,43,0.5187609345870702,0.7558139534883715,64.41666666666667,72,55
1194,1194.0,0.5391724137931034,0.2886551724137931,0.3554827586206896,0.5256046511627908,0.2802790697674418,0.3526511627906977,0.006916832342449468,0.012195950059453028,0.006057077288941735,0.007783215792320175,0.0128159221200649,0.013919855056787452,0.47639534883720935,0.32034883720930235,0.37730232558139537,0.06277706495589408,0.031693664795509224,0.02181956696070575,29,43,0.5048078866230357,0.7855813953488368,65.41666666666667,72,54
1195,1195.0,0.5391724137931034,0.2886551724137931,0.3554827586206896,0.5265000000000001,0.28211363636363634,0.35243181818181823,0.006916832342449468,0.012195950059453028,0.006057077288941735,0.007640795454545455,0.012669373450413223,0.013605563533057847,0.48236363636363644,0.32438636363636364,0.3788409090909091,0.056808777429466994,0.03573119122257051,0.023358150470219496,29,44,0.4797866282320027,0.8002272727272722,65.76712328767124,73,54
1196,1196.0,0.5422758620689655,0.2862758620689655,0.3623793103448275,0.5293409090909091,0.2877045454545455,0.3509772727272727,0.0069061307966706295,0.012343303210463731,0.005658028537455408,0.0076838610537190094,0.012469117252066118,0.01348543130165289,0.48020454545454555,0.3294318181818182,0.3827045454545454,0.06207131661441995,0.04315595611285272,0.0203252351097179,29,44,0.44456418781914037,0.7934090909090904,66.47945205479452,73,56
1197,1197.0,0.5397500000000001,0.28067857142857144,0.3584642857142857,0.5293409090909091,0.2877045454545455,0.3509772727272727,0.00696775892857143,0.011875575255102041,0.005415605867346939,0.0076838610537190094,0.012469117252066118,0.01348543130165289,0.48020454545454555,0.3294318181818182,0.3827045454545454,0.05954545454545451,0.04875324675324677,0.02424025974025973,28,44,0.47865820559375,0.8102272727272722,66.94444444444444,72,54
1198,1198.0,0.5368,0.2816666666666667,0.3603666666666666,0.5285454545454545,0.28540909090909095,0.34602272727272737,0.0066278933333333324,0.011100355555555556,0.005169298888888888,0.007568429752066116,0.012143423553719007,0.013648931301652893,0.47565909090909086,0.3313409090909091,0.3744090909090909,0.06114090909090919,0.0496742424242424,0.0140424242424243,30,44,0.5043943237589585,0.8049999999999996,66.72972972972973,74,50
1199,1199.0,0.5428928571428572,0.29217857142857145,0.36074999999999996,0.5263720930232558,0.28588372093023257,0.34446511627906984,0.007675595663265307,0.0110862181122449,0.005585544642857142,0.007536605732828556,0.012415916711736072,0.013859597620335316,0.4729767441860465,0.3311162790697675,0.3695813953488372,0.06991611295681066,0.03893770764119603,0.008831395348837257,28,43,0.5727879016340697,0.8174418604651158,66.59154929577464,71,48
1200,1200.0,0.5420357142857143,0.2824999999999999,0.36157142857142854,0.5242195121951219,0.2855365853658537,0.33731707317073173,0.007174534438775512,0.01235710714285714,0.005722530612244899,0.00746451279000595,0.012779955978584176,0.013432265318262939,0.4632682926829268,0.33473170731707313,0.361390243902439,0.07876742160278749,0.05223170731707322,0.00018118466898953134,28,41,0.5964520537531637,0.8197560975609751,64.79710144927536,69,47
1201,1201.0,0.54425,0.2844285714285714,0.36225,0.5299999999999999,0.2884761904761905,0.3384761904761905,0.007041044642857145,0.011992744897959188,0.0057531875,0.008656761904761905,0.01282996371882086,0.013167535147392289,0.4694523809523809,0.3394047619047619,0.3641904761904762,0.07479761904761911,0.054976190476190456,0.0019404761904761592,28,42,0.5507950670621461,0.8671428571428565,64.3,70,45
1202,1202.0,0.54425,0.2844285714285714,0.36225,0.5299999999999999,0.2884761904761905,0.3384761904761905,0.007041044642857145,0.011992744897959188,0.0057531875,0.008656761904761905,0.01282996371882086,0.013167535147392289,0.4694523809523809,0.3394047619047619,0.3641904761904762,0.07479761904761911,0.054976190476190456,0.0019404761904761592,28,42,0.532052957522647,0.9342857142857136,65.3,70,42
1203,1203.0,0.54425,0.2844285714285714,0.36225,0.5297209302325581,0.28818604651162794,0.33741860465116275,0.007041044642857145,0.011992744897959188,0.0057531875,0.008458712817739317,0.012535128177393185,0.012908289886425095,0.4616511627906977,0.33804651162790694,0.3580697674418605,0.08259883720930233,0.05361794019933552,0.0041802325581395405,28,43,0.5615251336974337,0.9583720930232553,66.30985915492958,71,38
1204,1204.0,0.5464285714285715,0.28964285714285715,0.36282142857142846,0.5297209302325581,0.28818604651162794,0.33741860465116275,0.007333673469387756,0.012899658163265307,0.005770860969387754,0.008458712817739317,0.012535128177393185,0.012908289886425095,0.4616511627906977,0.33804651162790694,0.3580697674418605,0.08477740863787381,0.048403654485049796,0.004751661129567986,28,43,0.6042718055937868,0.9369767441860458,66.95774647887323,71,39
1205,1205.0,0.5464285714285715,0.28964285714285715,0.36282142857142846,0.530909090909091,0.283,0.3403409090909091,0.007333673469387756,0.012899658163265307,0.005770860969387754,0.008137582644628102,0.01300172727272727,0.012633042871900823,0.4677272727272727,0.33775000000000005,0.36175,0.07870129870129877,0.048107142857142904,0.0010714285714284455,28,44,0.5747292729445151,0.9368181818181813,68.02777777777777,72,38
1206,1206.0,0.5472962962962963,0.29144444444444445,0.35211111111111104,0.53025,0.2849545454545454,0.3425,0.005365986282578877,0.010343432098765433,0.007290098765432098,0.00829059659090909,0.012642179752066112,0.01222747727272727,0.47472727272727266,0.33188636363636365,0.3632500000000001,0.07256902356902362,0.040441919191919196,0.011138888888889031,27,44,0.585574972616532,0.8990909090909085,67.02816901408451,71,40
1207,1207.0,0.5444074074074075,0.29537037037037034,0.3513333333333333,0.53025,0.2849545454545454,0.3425,0.004931796982167353,0.011949862825788752,0.007181555555555556,0.00829059659090909,0.012642179752066112,0.01222747727272727,0.47472727272727266,0.33188636363636365,0.3632500000000001,0.06968013468013479,0.03651599326599331,0.011916666666666798,27,44,0.5581588560913059,0.8999999999999996,68.38028169014085,71,43
1208,1208.0,0.5436785714285716,0.2927142857142857,0.34528571428571425,0.5295333333333333,0.28779999999999994,0.3466222222222222,0.004783575255102041,0.011834989795918368,0.008226061224489796,0.00812896,0.012717493333333333,0.012703435061728396,0.47406666666666664,0.3360222222222222,0.37148888888888904,0.06961190476190493,0.04330793650793652,0.026203174603174784,28,45,0.5311897340264394,0.857555555555555,69.4931506849315,73,47
1209,1209.0,0.5430370370370371,0.3001481481481481,0.355962962962963,0.5295333333333333,0.28779999999999994,0.3466222222222222,0.0046957393689986285,0.0148059780521262,0.008301591220850479,0.00812896,0.012717493333333333,0.012703435061728396,0.47406666666666664,0.3360222222222222,0.37148888888888904,0.06897037037037046,0.035874074074074114,0.015525925925926054,27,45,0.5958115439167974,0.8242222222222215,69.69444444444444,72,49
1210,1210.0,0.5406296296296297,0.3033333333333333,0.34855555555555556,0.5295333333333333,0.28779999999999994,0.3466222222222222,0.004841788751714678,0.01464837037037037,0.007935061728395061,0.00812896,0.012717493333333333,0.012703435061728396,0.47406666666666664,0.3360222222222222,0.37148888888888904,0.06656296296296305,0.032688888888888934,0.022933333333333472,27,45,0.5938708300321537,0.7686666666666659,69.26388888888889,72,55
1211,1211.0,0.537448275862069,0.2982413793103448,0.3376896551724138,0.5311521739130435,0.2884782608695652,0.34302173913043477,0.0046459024970273485,0.014830252080856123,0.009190351961950059,0.008070172495274103,0.012461727788279775,0.013010629962192816,0.47041304347826085,0.3371086956521739,0.36797826086956537,0.06703523238380815,0.038867316341829106,0.030288605697151583,29,46,0.5970603284481646,0.7399999999999993,69.36,75,55
1212,1212.0,0.5389333333333334,0.3002666666666666,0.33596666666666664,0.5304,0.28686666666666666,0.34302222222222223,0.0045549955555555565,0.014454862222222222,0.008970098888888889,0.008223484444444444,0.012619182222222223,0.013299755061728395,0.46444444444444444,0.33353333333333335,0.36626666666666674,0.07448888888888894,0.03326666666666672,0.030300000000000105,30,45,0.5813833737054881,0.7784444444444437,70.13333333333334,75,54
1213,1213.0,0.53765625,0.29112499999999997,0.33884375,0.5335869565217393,0.28893478260869565,0.3405869565217391,0.004473663085937499,0.014925984375,0.0086546318359375,0.008276764177693761,0.013097408790170134,0.013170372873345935,0.4666304347826087,0.342804347826087,0.3601739130434783,0.07102581521739126,0.05167934782608702,0.02133016304347829,32,46,0.5441696431085312,0.7504347826086951,70.47435897435898,78,55
1214,1214.0,0.5388709677419355,0.287258064516129,0.3456129032258064,0.5317234042553192,0.29040425531914893,0.34185106382978714,0.004587789802289281,0.016098965660770036,0.007621398543184184,0.00827126392032594,0.012943091896785879,0.012793360796740606,0.45991489361702126,0.34785106382978725,0.3486170212765958,0.07895607412491429,0.06059299931365825,0.0030041180507893728,31,47,0.5354977827905248,0.6729787234042546,72.15384615384616,78,61
1215,1215.0,0.5346333333333334,0.2849,0.3432666666666666,0.531,0.28921739130434787,0.33699999999999997,0.004184032222222222,0.016463223333333336,0.007704795555555557,0.008426478260869565,0.01315825708884688,0.011965434782608699,0.4609130434782609,0.34171739130434786,0.3395869565217392,0.07372028985507251,0.056817391304347875,0.003679710144927406,30,46,0.5309911211196219,0.7126086956521732,72.98684210526316,76,59
1216,1216.0,0.5379333333333334,0.28966666666666663,0.3417333333333333,0.5259318181818182,0.28781818181818186,0.33299999999999996,0.0043636622222222214,0.015388022222222223,0.007356728888888888,0.008173608987603305,0.012518421487603305,0.012139681818181819,0.4528636363636364,0.3426136363636364,0.3252954545454546,0.08506969696969696,0.05294696969696977,0.016437878787878668,30,44,0.5340722020256765,0.6854545454545448,73.5,74,63
1217,1217.0,0.5344666666666666,0.2787666666666667,0.32810000000000006,0.5214186046511629,0.2814651162790698,0.3296279069767442,0.004369382222222221,0.013712445555555557,0.008345023333333335,0.007948336398053,0.012546481341265549,0.011905396430502976,0.4453488372093023,0.3446511627906977,0.31472093023255815,0.08911782945736435,0.06588449612403097,0.013379069767441909,30,43,0.5436061277860352,0.7058139534883715,71.57534246575342,73,58
1218,1218.0,0.5344666666666666,0.2787666666666667,0.32810000000000006,0.5225909090909092,0.2799090909090909,0.3311136363636364,0.004369382222222221,0.013712445555555557,0.008345023333333335,0.007826787190082644,0.012365446280991734,0.011729737086776859,0.44693181818181815,0.3405681818181818,0.32149999999999995,0.0875348484848485,0.06180151515151511,0.006600000000000106,30,44,0.5180019504834358,0.6995454545454538,72.25675675675676,74,60
1219,1219.0,0.5323793103448275,0.27734482758620693,0.3309310344827587,0.5200952380952382,0.27726190476190476,0.3279285714285714,0.004389338882282997,0.014124639714625445,0.00839234007134364,0.007270038548752834,0.012794859977324264,0.011721066326530614,0.4411190476190476,0.3449047619047619,0.31621428571428567,0.09126026272577997,0.06755993431855495,0.01471674876847301,29,42,0.549963625123713,0.7176190476190468,72.47887323943662,71,60
1220,1220.0,0.5323793103448275,0.27734482758620693,0.3309310344827587,0.5223589743589744,0.27805128205128204,0.33202564102564097,0.004389338882282997,0.014124639714625445,0.00839234007134364,0.007508640368178827,0.011981074293228141,0.011396281393819856,0.4545641025641025,0.3447948717948718,0.332974358974359,0.07781520778072504,0.06745004420866485,0.002043324491600329,29,39,0.5081103286669962,0.7766666666666661,71.57352941176471,68,60
1221,1221.0,0.5312592592592593,0.2624074074074074,0.32470370370370377,0.5223589743589744,0.27805128205128204,0.33202564102564097,0.003918043895747599,0.011209574759945133,0.008251393689986283,0.007508640368178827,0.011981074293228141,0.011396281393819856,0.4545641025641025,0.3447948717948718,0.332974358974359,0.07669515669515681,0.08238746438746436,0.008270655270655236,27,39,0.525633409433155,0.7879487179487173,72.6969696969697,66,62
1222,1222.0,0.5307777777777778,0.26762962962962966,0.3251851851851852,0.5223589743589744,0.27805128205128204,0.33202564102564097,0.003873283950617284,0.011496603566529495,0.00835881755829904,0.007508640368178827,0.011981074293228141,0.011396281393819856,0.4545641025641025,0.3447948717948718,0.332974358974359,0.07621367521367528,0.07716524216524212,0.00778917378917382,27,39,0.5546765080544999,0.7684615384615378,73.28787878787878,66,64
1223,1223.0,0.5307777777777778,0.26762962962962966,0.3251851851851852,0.5116486486486487,0.2746486486486487,0.3222972972972973,0.003873283950617284,0.011496603566529495,0.00835881755829904,0.005947525200876553,0.011462606281957636,0.011978479181884587,0.4187837837837838,0.33618918918918916,0.31635135135135134,0.11199399399399401,0.0685595595595595,0.008833833833833848,27,37,0.532408581770402,0.8505405405405397,73.5625,64,62
1224,1224.0,0.53356,0.26968000000000003,0.32931999999999995,0.5115999999999999,0.2755428571428571,0.3248857142857142,0.0040555264,0.011872857600000002,0.008795737599999999,0.005995211428571429,0.011971162448979592,0.01237238693877551,0.42297142857142855,0.3319714285714286,0.32919999999999994,0.11058857142857148,0.06229142857142855,0.00012000000000000899,25,35,0.4764683694055232,0.8122857142857135,73.48333333333333,60,66
1225,1225.0,0.53456,0.26524,0.33452,0.5075294117647059,0.27002941176470585,0.3206470588235294,0.0040104063999999995,0.0117215424,0.008578169600000001,0.005591602076124568,0.011259322664359861,0.012107463667820069,0.4123529411764706,0.32473529411764707,0.32544117647058823,0.12220705882352945,0.05949529411764709,0.00907882352941175,25,34,0.47231484913240457,0.8629411764705874,73.37288135593221,59,67
1226,1226.0,0.52984,0.2614,0.33043999999999996,0.5075294117647059,0.27002941176470585,0.3206470588235294,0.0035214143999999998,0.010679520000000003,0.008557606399999999,0.005591602076124568,0.011259322664359861,0.012107463667820069,0.4123529411764706,0.32473529411764707,0.32544117647058823,0.11748705882352939,0.06333529411764705,0.004998823529411722,25,34,0.4889989712053174,0.8758823529411756,73.13559322033899,59,67
1227,1227.0,0.52984,0.2614,0.33043999999999996,0.5075294117647059,0.27002941176470585,0.3206470588235294,0.0035214143999999998,0.010679520000000003,0.008557606399999999,0.005591602076124568,0.011259322664359861,0.012107463667820069,0.4123529411764706,0.32473529411764707,0.32544117647058823,0.11748705882352939,0.06333529411764705,0.004998823529411722,25,34,0.4752615334681493,0.9388235294117638,74.13559322033899,59,66
1228,1228.0,0.5314230769230769,0.26261538461538464,0.3250384615384615,0.50921875,0.26446875000000003,0.3213125,0.003448628698224852,0.010305698224852073,0.008957883136094675,0.0058755458984375,0.0114368115234375,0.012792652343749999,0.417875,0.32187499999999997,0.33471875,0.11354807692307689,0.05925961538461533,0.009680288461538511,26,32,0.4899270151259432,0.979374999999999,73.62068965517241,58,65
1229,1229.0,0.5321153846153845,0.26784615384615384,0.3138461538461538,0.5140909090909092,0.26763636363636367,0.32415151515151513,0.003486332840236685,0.009529130177514793,0.010344437869822485,0.006457112947658402,0.011411322314049586,0.012662916437098257,0.42696969696969694,0.32406060606060605,0.34400000000000003,0.1051456876456876,0.056214452214452204,0.030153846153846253,26,33,0.49419747549276766,0.9093939393939384,73.50847457627118,59,69
1230,1230.0,0.5224642857142857,0.26946428571428577,0.30471428571428577,0.5145937500000001,0.26309375,0.31778125,0.005041391581632653,0.008605748724489796,0.010271632653061224,0.0066505537109375,0.0110869599609375,0.011719483398437501,0.42640625,0.318,0.3318125,0.09605803571428573,0.04853571428571424,0.02709821428571424,28,32,0.5386601529781913,0.863124999999999,71.83333333333333,60,69
1231,1231.0,0.5196071428571429,0.2633571428571429,0.3127142857142857,0.510764705882353,0.2585294117647059,0.315264705882353,0.005430238520408163,0.00845037244897959,0.010694704081632655,0.0065522975778546716,0.010773425605536333,0.011379959342560555,0.4209411764705882,0.3149411764705882,0.31570588235294117,0.09866596638655473,0.051584033613445324,0.002991596638655447,28,34,0.5846194831202339,0.7864705882352933,71.43548387096774,62,70
1232,1232.0,0.5305000000000001,0.25792857142857145,0.3102142857142857,0.5128000000000001,0.2593714285714286,0.31782857142857146,0.006460392857142857,0.007245494897959184,0.011301311224489796,0.006505931428571428,0.01048971918367347,0.011278313469387758,0.4226285714285714,0.3129142857142857,0.3258857142857143,0.10787142857142867,0.05498571428571425,0.01567142857142856,28,35,0.6156325455130227,0.7465714285714277,70.57142857142857,63,71
1233,1233.0,0.5305000000000001,0.25792857142857145,0.3102142857142857,0.5128000000000001,0.2593714285714286,0.31782857142857146,0.006460392857142857,0.007245494897959184,0.011301311224489796,0.006505931428571428,0.01048971918367347,0.011278313469387758,0.4226285714285714,0.3129142857142857,0.3258857142857143,0.10787142857142867,0.05498571428571425,0.01567142857142856,28,35,0.6156871223982352,0.777999999999999,71.57142857142857,63,71
1234,1234.0,0.5305000000000001,0.25792857142857145,0.3102142857142857,0.5128000000000001,0.2593714285714286,0.31782857142857146,0.006460392857142857,0.007245494897959184,0.011301311224489796,0.006505931428571428,0.01048971918367347,0.011278313469387758,0.4226285714285714,0.3129142857142857,0.3258857142857143,0.10787142857142867,0.05498571428571425,0.01567142857142856,28,35,0.6157416992834477,0.8522857142857133,72.57142857142857,63,68
1235,1235.0,0.5305000000000001,0.25792857142857145,0.3102142857142857,0.5128000000000001,0.2593714285714286,0.31782857142857146,0.006460392857142857,0.007245494897959184,0.011301311224489796,0.006505931428571428,0.01048971918367347,0.011278313469387758,0.4226285714285714,0.3129142857142857,0.3258857142857143,0.10787142857142867,0.05498571428571425,0.01567142857142856,28,35,0.5800819904543744,0.840857142857142,73.57142857142857,63,73
1236,1236.0,0.5305000000000001,0.25792857142857145,0.3102142857142857,0.5119714285714286,0.2566285714285715,0.3167142857142857,0.006460392857142857,0.007245494897959184,0.011301311224489796,0.006331742040816327,0.009447433469387756,0.011121804081632653,0.4125428571428572,0.30105714285714286,0.33034285714285716,0.11795714285714287,0.043128571428571405,0.02012857142857144,28,35,0.6104937101967297,0.8785714285714276,74.14285714285714,63,69
1237,1237.0,0.5352758620689656,0.25,0.31755172413793104,0.5138387096774194,0.2512258064516129,0.3166451612903226,0.0075118549346016635,0.0076535862068965515,0.011712316290130797,0.006870651404786681,0.010601207075962536,0.011789132154006244,0.4210645161290323,0.2958709677419355,0.36674193548387096,0.11421134593993332,0.0458709677419355,0.04919021134593993,29,31,0.6340582842625517,0.9196774193548378,73.73333333333333,60,69
1238,1238.0,0.5351935483870968,0.2530645161290323,0.32238709677419347,0.5122333333333333,0.24766666666666673,0.31833333333333336,0.0073902206035379794,0.0073916087408949,0.011973527575442247,0.007019778888888888,0.01056188888888889,0.012093755555555556,0.4273666666666667,0.2957000000000001,0.3692,0.10782688172043009,0.04263548387096777,0.0468129032258065,31,30,0.6687968082723619,0.9189999999999989,73.36065573770492,61,68
1239,1239.0,0.5351935483870968,0.2530645161290323,0.32238709677419347,0.5092812499999999,0.23771875,0.3256875,0.0073902206035379794,0.0073916087408949,0.011973527575442247,0.0075527646484375,0.011448202148437501,0.01214921484375,0.438375,0.28271875,0.39575,0.09681854838709675,0.029654233870967717,0.07336290322580652,31,32,0.6699550611535383,0.9115624999999992,73.57142857142857,63,67
1240,1240.0,0.5277878787878788,0.2475454545454545,0.316,0.5062187499999999,0.2350625,0.31884375000000004,0.007926288337924702,0.007445096418732784,0.011982060606060607,0.007300108398437501,0.01085793359375,0.0131178193359375,0.43165625,0.28334375,0.38103125,0.09613162878787879,0.03579829545454549,0.06503124999999998,33,32,0.6168034162144288,0.8890624999999991,72.3076923076923,65,69
1241,1241.0,0.5260645161290323,0.2494193548387097,0.3144193548387097,0.50296875,0.23665624999999998,0.32384375,0.008388640998959414,0.007834824141519252,0.0120879209157128,0.0077654677734375005,0.0106368505859375,0.012164381835937502,0.43503125,0.278125,0.38309375,0.09103326612903229,0.028705645161290316,0.06867439516129031,31,32,0.6446727448113386,0.8940624999999991,71.85714285714286,63,69
1242,1242.0,0.5317333333333333,0.25310000000000005,0.31823333333333326,0.49983870967741933,0.2302580645161291,0.3188709677419354,0.007672062222222222,0.007676023333333335,0.012039912222222225,0.007702457856399585,0.009669997918834548,0.01176546722164412,0.4295483870967743,0.2747096774193548,0.3780645161290323,0.102184946236559,0.021609677419354767,0.059831182795699045,30,31,0.6454073988035905,0.9141935483870959,72.42622950819673,61,73
1243,1243.0,0.5317333333333333,0.25310000000000005,0.31823333333333326,0.50509375,0.22821875000000003,0.3199375,0.007672062222222222,0.007676023333333335,0.012039912222222225,0.0082653349609375,0.0091920458984375,0.01180362109375,0.44446874999999997,0.2694375,0.40140624999999996,0.08726458333333331,0.01633749999999995,0.08317291666666671,30,32,0.6318231107963554,0.8934374999999992,70.5,62,73
1244,1244.0,0.532448275862069,0.2552068965517242,0.3202758620689654,0.50509375,0.22821875000000003,0.3199375,0.007921281807372175,0.007807543400713437,0.012329923900118908,0.0082653349609375,0.0091920458984375,0.01180362109375,0.44446874999999997,0.2694375,0.40140624999999996,0.08797952586206903,0.014230603448275814,0.08113038793103455,29,32,0.6284959055945121,0.9315624999999992,70.8688524590164,61,73
1245,1245.0,0.5416206896551725,0.26672413793103444,0.3379655172413793,0.50509375,0.22821875000000003,0.3199375,0.00871354577883472,0.007389027348394767,0.0118850677764566,0.0082653349609375,0.0091920458984375,0.01180362109375,0.44446874999999997,0.2694375,0.40140624999999996,0.09715193965517255,0.0027133620689655524,0.06344073275862067,29,32,0.626601203304238,0.9259374999999992,69.90163934426229,61,74
1246,1246.0,0.5392,0.26389999999999997,0.3343,0.5081612903225806,0.22870967741935488,0.316516129032258,0.008593026666666666,0.007374023333333334,0.011878543333333332,0.008230844953173777,0.009480851196670134,0.011809798126951094,0.4472258064516129,0.27593548387096767,0.3836129032258065,0.0919741935483871,0.0120354838709677,0.049312903225806504,30,31,0.6768289928171143,1.0154838709677412,71.0327868852459,61,68
1247,1247.0,0.5352666666666668,0.26899999999999996,0.33616666666666667,0.5077241379310344,0.22334482758620694,0.3109310344827586,0.009428728888888889,0.006650333333333333,0.011239272222222225,0.008255372175980975,0.009085674197384066,0.012080753864447088,0.4324827586206897,0.2811724137931034,0.3719655172413793,0.10278390804597709,0.012172413793103465,0.035798850574712604,30,29,0.6534428763863905,1.0662068965517235,68.91525423728814,59,67
1248,1248.0,0.5281333333333333,0.2671,0.3270333333333334,0.5077241379310344,0.22334482758620694,0.3109310344827586,0.009795382222222222,0.006842423333333333,0.011889565555555556,0.008255372175980975,0.009085674197384066,0.012080753864447088,0.4324827586206897,0.2811724137931034,0.3719655172413793,0.09565057471264365,0.014072413793103422,0.044932183908045875,30,29,0.6807201034150389,1.03655172413793,69.35593220338983,59,68
1249,1249.0,0.5288387096774194,0.2667741935483871,0.3240967741935485,0.5120333333333333,0.21993333333333337,0.3155666666666666,0.009494328824141519,0.006624884495317379,0.011764732570239337,0.00851869888888889,0.00912032888888889,0.012301245555555554,0.4447333333333334,0.28236666666666665,0.38159999999999994,0.08410537634408599,0.015592473118279548,0.05750322580645145,31,30,0.6406729901798291,1.0746666666666658,69.90163934426229,61,67
1250,1250.0,0.5288387096774194,0.2667741935483871,0.3240967741935485,0.51465625,0.22059375000000003,0.32140625,0.009494328824141519,0.006624884495317379,0.011764732570239337,0.009081725585937502,0.0103524912109375,0.0122919912109375,0.44753125,0.272625,0.40534375,0.08130745967741942,0.0058508064516129,0.08124697580645152,31,32,0.5934546925873273,1.0262499999999992,70.41269841269842,63,71
1251,1251.0,0.52809375,0.26421875,0.32075,0.5185000000000001,0.22605882352941178,0.3150882352941176,0.0092148349609375,0.006620295898437501,0.011744312500000001,0.009132661764705882,0.01037140830449827,0.0122641392733564,0.4471764705882353,0.2726176470588235,0.40267647058823525,0.08091727941176474,0.008398897058823518,0.08192647058823527,32,34,0.5822915076512369,0.960588235294117,69.77272727272727,66,73
1252,1252.0,0.52809375,0.26421875,0.32075,0.5133783783783784,0.23270270270270269,0.3078648648648648,0.0092148349609375,0.006620295898437501,0.011744312500000001,0.009241316289262235,0.01020464134404675,0.012058008765522278,0.4424864864864865,0.2848918918918919,0.3822702702702702,0.08560726351351355,0.0206731418918919,0.06152027027027024,32,37,0.5614988147263701,0.8905405405405399,69.92753623188406,69,75
1253,1253.0,0.52990625,0.26496875,0.31659375,0.5143421052631579,0.2355,0.308,0.0094685849609375,0.006533905273437501,0.0106235537109375,0.009032488227146817,0.010225618421052634,0.01174136842105263,0.43536842105263157,0.2832368421052632,0.3766578947368421,0.09453782894736845,0.0182680921052632,0.06006414473684207,32,38,0.5416486081648715,0.8663157894736835,70.81428571428572,70,78
1254,1254.0,0.5255151515151515,0.25872727272727275,0.3107878787878787,0.5143421052631579,0.2355,0.308,0.008608249770431588,0.006963531680440772,0.01089816712580349,0.009032488227146817,0.010225618421052634,0.01174136842105263,0.43536842105263157,0.2832368421052632,0.3766578947368421,0.09014673046251992,0.024509569377990426,0.06587001594896336,33,38,0.5997091375332252,0.810526315789473,70.77464788732394,71,77
1255,1255.0,0.5307575757575758,0.2646363636363637,0.3172727272727273,0.5191842105263159,0.23581578947368417,0.3027894736842105,0.007815213957759413,0.0066777465564738315,0.01049571349862259,0.008298781855955678,0.0101563608033241,0.01140158725761773,0.4283157894736842,0.292,0.3538421052631579,0.10244178628389156,0.027363636363636257,0.036569377990430585,33,38,0.5789806952528889,0.7689473684210519,71.40845070422536,71,81
1256,1256.0,0.5307575757575758,0.2646363636363637,0.3172727272727273,0.5153333333333334,0.23682051282051278,0.2945384615384616,0.007815213957759413,0.0066777465564738315,0.01049571349862259,0.008245811965811967,0.009532301117685734,0.010823171597633135,0.42135897435897435,0.2978717948717949,0.3352820512820513,0.10939860139860141,0.033235431235431157,0.01800932400932398,33,39,0.5617317158969943,0.7402564102564096,71.76388888888889,72,82
1257,1257.0,0.5306666666666666,0.2695000000000001,0.31375,0.5113749999999999,0.23682499999999998,0.29137500000000005,0.007754833333333334,0.006505861111111112,0.010337743055555555,0.008650734375,0.009293994375000001,0.010942884375,0.4189,0.2993,0.3303,0.11176666666666663,0.029799999999999938,0.01655000000000001,36,40,0.5830271454550566,0.7589999999999992,71.10526315789474,76,75
1258,1258.0,0.5318571428571428,0.26857142857142857,0.3125428571428571,0.5147179487179487,0.23797435897435895,0.291,0.007925379591836732,0.006660702040816327,0.010580648163265306,0.008425535831689677,0.009479460880999342,0.011217846153846151,0.4234358974358975,0.2986153846153846,0.33707692307692305,0.10842124542124532,0.030043956043956044,0.02453406593406593,35,39,0.6020018325735166,0.8151282051282044,71.63513513513513,74,73
1259,1259.0,0.5210833333333335,0.26202777777777775,0.30527777777777776,0.5108,0.23935,0.290075,0.008210965277777779,0.0067116381172839515,0.01107608950617284,0.008813560000000002,0.009316277500000001,0.010970769375,0.4182,0.299725,0.329025,0.10288333333333344,0.03769722222222227,0.023747222222222253,36,40,0.588524061328323,0.8062499999999992,71.63157894736842,76,71
1260,1260.0,0.5210833333333335,0.26202777777777775,0.30527777777777776,0.512675,0.24059999999999998,0.28802500000000003,0.008210965277777779,0.0067116381172839515,0.01107608950617284,0.008531419375000002,0.00933884,0.011171874375000002,0.41974999999999996,0.30242500000000005,0.3288,0.1013333333333335,0.040397222222222307,0.023522222222222222,36,40,0.586581119585912,0.8262499999999994,71.39473684210526,76,69
1261,1261.0,0.5235405405405406,0.2671621621621622,0.3029459459459459,0.5099750000000001,0.242875,0.2911,0.008052032140248355,0.007366514243973703,0.010569780861943025,0.008986774375000001,0.009333209375000002,0.011060790000000001,0.41797500000000004,0.30179999999999996,0.33192499999999997,0.10556554054054051,0.03463783783783775,0.028979054054054043,37,40,0.5585679464728133,0.7812499999999993,70.2987012987013,77,71
1262,1262.0,0.523871794871795,0.2552051282051282,0.2931025641025642,0.5137435897435898,0.24458974358974359,0.2935384615384615,0.008036573307034845,0.005811239973701512,0.011519784352399738,0.008649113740959896,0.009454908612754769,0.011106556213017751,0.42123076923076924,0.3013589743589744,0.3377948717948718,0.10264102564102578,0.04615384615384621,0.04469230769230759,39,39,0.571418385218114,0.7538461538461532,68.97435897435898,78,69
1263,1263.0,0.52925,0.25535,0.29795,0.5124864864864865,0.2381351351351351,0.28545945945945944,0.007785187500000001,0.0057124275000000006,0.011811597500000002,0.009073655222790357,0.00908736011687363,0.010407978086194302,0.41448648648648645,0.30194594594594604,0.3226216216216216,0.11476351351351355,0.046595945945946016,0.02467162162162162,40,37,0.566261537066158,0.8191891891891886,68.54545454545455,77,67
1264,1264.0,0.5295263157894737,0.25873684210526315,0.2963421052631579,0.5061025641025642,0.239051282051282,0.28228205128205125,0.008077144044321328,0.00523608864265928,0.011371961911357342,0.009938502301117688,0.008755023011176857,0.01006256147271532,0.4077435897435897,0.3078205128205128,0.3083076923076923,0.12178272604588403,0.04908367071524966,0.011965587044534376,38,39,0.5863595118335004,0.7982051282051275,69.6103896103896,77,67
1265,1265.0,0.5311621621621622,0.2608108108108108,0.29818918918918924,0.4963,0.23492499999999997,0.281725,0.008193757487216945,0.005214153396639884,0.011549666910153397,0.010780760000000002,0.008765869374999999,0.009746599375000001,0.40655,0.302425,0.297825,0.12461216216216214,0.04161418918918919,0.0003641891891892346,37,40,0.5584090193638294,0.8094999999999993,70.18181818181819,77,64
1266,1266.0,0.5307058823529411,0.25950000000000006,0.2929117647058823,0.49885365853658536,0.23260975609756096,0.2827073170731707,0.007717442906574395,0.005451132352941177,0.01083802162629758,0.010778661511005354,0.008766481856038073,0.009547475312314098,0.404,0.29648780487804877,0.2920731707317073,0.1267058823529411,0.0369878048780487,0.000838593974175017,34,41,0.5927207930034922,0.8153658536585361,71.02666666666667,75,64
1267,1267.0,0.5307058823529411,0.25950000000000006,0.2929117647058823,0.49957499999999994,0.23279999999999998,0.27975000000000005,0.007717442906574395,0.005451132352941177,0.01083802162629758,0.011012394375000002,0.008764860000000001,0.0102213875,0.41615,0.296375,0.29685,0.11455588235294112,0.036874999999999936,0.003938235294117687,34,40,0.5790729990902017,0.8239999999999993,70.75675675675676,74,63
1268,1268.0,0.5304545454545454,0.2572121212121212,0.289969696969697,0.5013953488372092,0.23618604651162792,0.2769302325581396,0.007949157024793388,0.0054383489439853066,0.01087215059687787,0.01029991346673878,0.008402523526230395,0.009697739318550568,0.4055348837209303,0.29937209302325585,0.2848372093023256,0.12491966173361513,0.04215997181113462,0.005132487667371399,33,43,0.5435795678362686,0.8095348837209296,71.03947368421052,76,64
1269,1269.0,0.5311874999999999,0.25721875,0.28953125,0.5013953488372092,0.23618604651162792,0.2769302325581396,0.00817983984375,0.0056082958984375,0.011205561523437501,0.01029991346673878,0.008402523526230395,0.009697739318550568,0.4055348837209303,0.29937209302325585,0.2848372093023256,0.12565261627906965,0.04215334302325585,0.004694040697674429,32,43,0.5216979898034115,0.8393023255813947,71.36,75,64
1270,1270.0,0.5358709677419354,0.2606774193548387,0.2895483870967742,0.505340909090909,0.23463636363636364,0.2816818181818182,0.0077417898022892825,0.005406412070759624,0.011567021852237255,0.010735224690082647,0.008314822314049586,0.010448171487603306,0.41543181818181824,0.29831818181818187,0.2931136363636364,0.1204391495601172,0.03764076246334319,0.0035652492668621916,31,44,0.5002851137805782,0.8299999999999996,71.68,75,65
1271,1271.0,0.5348,0.2607333333333333,0.29546666666666666,0.505340909090909,0.23463636363636364,0.2816818181818182,0.007964293333333334,0.005586528888888889,0.010866782222222223,0.010735224690082647,0.008314822314049586,0.010448171487603306,0.41543181818181824,0.29831818181818187,0.2931136363636364,0.11936818181818182,0.037584848484848554,0.0023530303030302457,30,44,0.5288485704507747,0.8354545454545446,72.20270270270271,74,65
1272,1272.0,0.5405172413793103,0.2592758620689655,0.2958620689655172,0.5108571428571429,0.23559523809523805,0.2859285714285714,0.007258318668252081,0.005715441141498216,0.011236808561236624,0.010574979591836736,0.008587574263038548,0.01054463775510204,0.42280952380952386,0.29459523809523813,0.30445238095238103,0.11770771756978649,0.03531937602627261,0.00859031198686383,29,42,0.5658158911740463,0.8599999999999992,71.63380281690141,71,63
1273,1273.0,0.5405172413793103,0.2592758620689655,0.2958620689655172,0.5103095238095238,0.23047619047619042,0.2851428571428572,0.007258318668252081,0.005715441141498216,0.011236808561236624,0.010708689909297055,0.0096680589569161,0.01055569387755102,0.4200238095238096,0.2948095238095238,0.30392857142857144,0.12049343185550077,0.035533661740558276,0.008066502463054237,29,42,0.5588386485843526,0.895714285714285,71.5774647887324,71,62
1274,1274.0,0.5436071428571428,0.26525000000000004,0.30046428571428574,0.5104390243902438,0.2288780487804878,0.28670731707317076,0.0072406670918367345,0.004884544642857143,0.011023891581632651,0.010909563355145748,0.009486936347412255,0.01054498750743605,0.412,0.2862682926829268,0.31858536585365854,0.13160714285714287,0.021018292682926765,0.018121080139372803,28,41,0.564319476399507,0.8773170731707312,70.3623188405797,69,64
1275,1275.0,0.5352,0.2665,0.29843333333333333,0.5104390243902438,0.2288780487804878,0.28670731707317076,0.007904293333333335,0.004584050000000001,0.01083977888888889,0.010909563355145748,0.009486936347412255,0.01054498750743605,0.412,0.2862682926829268,0.31858536585365854,0.12320000000000003,0.01976829268292679,0.020152032520325214,30,41,0.6066151177450714,0.9007317073170724,69.98591549295774,71,59
1276,1276.0,0.5308275862068965,0.26617241379310347,0.29179310344827586,0.5146153846153846,0.22528205128205128,0.2912564102564103,0.007603315101070154,0.004738901307966707,0.009890784780023785,0.010852954635108483,0.009706510190664036,0.010500703484549638,0.4168717948717949,0.2818205128205128,0.3296666666666667,0.11395579133510164,0.015648099027409323,0.03787356321839086,29,39,0.6076420589239845,0.9643589743589738,70.61764705882354,68,58
1277,1277.0,0.5235333333333333,0.2675666666666667,0.2909,0.5146153846153846,0.22528205128205128,0.2912564102564103,0.008892848888888888,0.004637312222222221,0.009584223333333336,0.010852954635108483,0.009706510190664036,0.010500703484549638,0.4168717948717949,0.2818205128205128,0.3296666666666667,0.10666153846153842,0.014253846153846117,0.03876666666666673,30,39,0.5757756174051043,0.9448717948717942,71.18840579710145,69,62
1278,1278.0,0.5203928571428571,0.2660357142857143,0.28996428571428573,0.5133,0.227,0.291675,0.009101095663265307,0.004160820153061224,0.00971503443877551,0.01064911,0.00957895,0.010245019375,0.41434999999999994,0.283975,0.323425,0.10604285714285716,0.017939285714285658,0.03346071428571429,28,40,0.5568466006751773,0.9859999999999992,71.42647058823529,68,62
1279,1279.0,0.5156666666666666,0.26196296296296295,0.28833333333333333,0.5134883720930233,0.22972093023255813,0.29800000000000004,0.00881274074074074,0.003850480109739369,0.010000370370370371,0.010025552190373174,0.009095363980530015,0.010538139534883719,0.41474418604651164,0.2795348837209302,0.3343023255813954,0.10092248062015496,0.017571920757967263,0.04596899224806206,27,43,0.5256447250636886,0.9602325581395342,70.98571428571428,70,63
1280,1280.0,0.509888888888889,0.26014814814814813,0.2832222222222222,0.512391304347826,0.22273913043478258,0.29478260869565215,0.00868483950617284,0.004217755829903978,0.009140543209876544,0.009500977315689984,0.00917054064272212,0.01038534404536862,0.40815217391304354,0.27902173913043476,0.31565217391304345,0.10173671497584541,0.018873590982286637,0.032429951690821246,27,46,0.5328424332334003,0.8589130434782604,68.94520547945206,73,61
1281,1281.0,0.509888888888889,0.26014814814814813,0.2832222222222222,0.5091276595744681,0.2268510638297872,0.29746808510638295,0.00868483950617284,0.004217755829903978,0.009140543209876544,0.009242239022181985,0.008879999094612947,0.010481823449524672,0.39472340425531915,0.2778936170212766,0.3231702127659574,0.11516548463356979,0.017745468873128445,0.03994799054373521,27,47,0.5428478520614285,0.8714893617021274,68.77027027027027,74,56
1282,1282.0,0.5136538461538461,0.25919230769230767,0.2813461538461538,0.5108958333333332,0.22591666666666665,0.30150000000000005,0.008636149408284024,0.004355309171597633,0.009397072485207103,0.009196634982638889,0.008736034722222221,0.0110275,0.4030416666666667,0.2783125,0.3303958333333334,0.11061217948717944,0.019120192307692352,0.04904967948717959,26,48,0.5569250586650852,0.8845833333333327,69.29729729729729,74,54
1283,1283.0,0.5283,0.2576666666666666,0.2883666666666666,0.5075106382978724,0.22287234042553192,0.29908510638297864,0.01010861,0.004464355555555554,0.008752832222222224,0.008842249886826619,0.00847704753282028,0.01098220552286102,0.3963404255319149,0.27585106382978725,0.3237872340425532,0.1319595744680851,0.018184397163120647,0.035420567375886614,30,47,0.5800739233512253,0.8659574468085101,68.22077922077922,77,50
1284,1284.0,0.5281250000000001,0.25865625,0.29181250000000003,0.50575,0.22375,0.2967916666666667,0.010012046875,0.0043237880859375005,0.00840765234375,0.008803729166666668,0.008336645833333333,0.01100062326388889,0.3928125,0.27410416666666665,0.3185625,0.13531250000000006,0.015447916666666672,0.026749999999999996,32,48,0.5641953851056871,0.8452083333333328,67.8375,80,50
1285,1285.0,0.5337941176470589,0.2547058823529411,0.2924117647058824,0.50575,0.22375,0.2967916666666667,0.010377457612456746,0.004749148788927335,0.010064771626297578,0.008803729166666668,0.008336645833333333,0.01100062326388889,0.3928125,0.27410416666666665,0.3185625,0.14098161764705885,0.019398284313725533,0.0261507352941176,34,48,0.5661429162687376,0.8489583333333327,68.48780487804878,82,48
1286,1286.0,0.5331388888888889,0.25802777777777774,0.2945,0.5042448979591836,0.2216122448979592,0.29510204081632657,0.00994711959876543,0.00472802700617284,0.010146472222222225,0.008732797167846732,0.008385870054144108,0.010913152852977923,0.39232653061224493,0.27248979591836736,0.31206122448979595,0.140812358276644,0.014462018140589616,0.017561224489795968,36,49,0.5606696525201486,0.8077551020408159,69.10588235294118,85,49
1287,1287.0,0.5332162162162163,0.2603243243243243,0.29245945945945945,0.5055208333333333,0.22210416666666669,0.29752083333333335,0.009678493791088386,0.004790111029948867,0.010022140248356464,0.009094957899305556,0.008607468315972222,0.010637832899305555,0.394625,0.2693541666666666,0.31295833333333334,0.13859121621621628,0.009029842342342331,0.02049887387387389,37,48,0.5489563573474289,0.7831249999999995,68.10588235294118,85,48
1288,1288.0,0.524157894736842,0.26052631578947366,0.2841315789473684,0.5102765957446809,0.22240425531914895,0.2989787234042553,0.008405501385041552,0.004622986149584488,0.010012061634349029,0.008202838388411047,0.00878628338614758,0.010762148483476683,0.3972553191489361,0.26625531914893613,0.3177659574468085,0.12690257558790596,0.00572900335946247,0.03363437849944012,38,47,0.5400562710100699,0.7570212765957441,66.4,85,50
1289,1289.0,0.5208999999999999,0.2636,0.29485,0.50875,0.2255208333333333,0.30841666666666673,0.009834689999999998,0.00488794,0.0101226275,0.0081488125,0.00851541623263889,0.012054368055555554,0.40858333333333335,0.26577083333333335,0.34504166666666664,0.11231666666666656,0.002170833333333344,0.050191666666666634,40,48,0.558070524935063,0.7377083333333326,67.8409090909091,88,47
1290,1290.0,0.5208999999999999,0.2636,0.29485,0.5048125,0.22372916666666667,0.3095625,0.009834689999999998,0.00488794,0.0101226275,0.007710027343749999,0.00817007248263889,0.01197074609375,0.4046874999999999,0.2685208333333333,0.33395833333333336,0.1162125,0.004920833333333319,0.039108333333333356,40,48,0.5385324058148641,0.7614583333333327,68.05681818181819,88,46
1291,1291.0,0.5228205128205128,0.2646153846153846,0.2987435897435897,0.5007755102040816,0.22340816326530613,0.30851020408163266,0.009939326758711373,0.004972031558185404,0.00977578040762656,0.008334949604331529,0.008008282382340692,0.011779596834652227,0.40079591836734685,0.2661428571428571,0.3286122448979592,0.12202459445316594,0.0015274725274725398,0.029868655154369483,39,49,0.5454369854336094,0.811836734693877,69.3409090909091,88,40
1292,1292.0,0.5268684210526315,0.26428947368421046,0.29723684210526313,0.5001599999999999,0.22640000000000005,0.30946,0.009561851108033242,0.0050987319944598335,0.009944496537396123,0.0081656144,0.007706160000000001,0.0115415684,0.4089,0.26736,0.33436,0.11796842105263156,0.0030705263157895235,0.03712315789473686,38,50,0.4978695902724689,0.7943999999999994,70.05681818181819,88,43
1293,1293.0,0.5333421052631578,0.2666578947368421,0.3021842105263158,0.5001599999999999,0.22640000000000005,0.30946,0.008900172437673127,0.004774382963988918,0.010461887119113574,0.0081656144,0.007706160000000001,0.0115415684,0.4089,0.26736,0.33436,0.12444210526315785,0.0007021052631578928,0.03217578947368421,38,50,0.4793655125209689,0.8003999999999993,69.97727272727273,88,43
1294,1294.0,0.5313333333333332,0.2669230769230769,0.30097435897435904,0.49862,0.23260000000000003,0.30732,0.008825299145299144,0.004654635108481263,0.010249255752794213,0.0080541156,0.007404440000000001,0.0112916976,0.40598,0.27378,0.3208,0.1253533333333332,0.006856923076923149,0.01982564102564094,39,50,0.45076823007138156,0.8107999999999995,70.26966292134831,89,43
1295,1295.0,0.5176756756756756,0.2638108108108108,0.3040810810810812,0.5054901960784314,0.22984313725490196,0.3136274509803922,0.008478489408327244,0.005233018261504748,0.01049526369612856,0.007388838139177239,0.0075299361783929255,0.012075253364090734,0.41662745098039217,0.2692156862745098,0.34662745098039216,0.10104822469528346,0.005404875463698999,0.04254636989931099,37,51,0.436027123675684,0.8088235294117642,68.98863636363636,88,41
1296,1296.0,0.5132,0.2655428571428571,0.30222857142857146,0.50572,0.23073999999999997,0.31220000000000003,0.008591474285714286,0.00520053387755102,0.011014004897959182,0.0075476016,0.0076531124,0.01223196,0.40943999999999997,0.27405999999999997,0.34018,0.10376000000000002,0.00851714285714289,0.037951428571428525,35,50,0.4439565056717409,0.8039999999999994,69.65882352941176,85,42
1297,1297.0,0.5105263157894736,0.26794736842105266,0.31221052631578955,0.51152,0.23549999999999996,0.3106,0.007999986149584486,0.005243365650969529,0.012355429362880888,0.008294409600000002,0.007147410000000001,0.01184604,0.4079799999999999,0.2733,0.3382400000000001,0.10254631578947371,0.005352631578947331,0.026029473684210547,38,50,0.4901045035744017,0.7435999999999994,68.5340909090909,88,40
1298,1298.0,0.5066153846153846,0.26541025641025645,0.31307692307692314,0.51116,0.23743999999999998,0.30678,0.008376082840236686,0.005353523997370152,0.012067147928994083,0.0083054544,0.006988446400000002,0.012160731599999999,0.4054,0.28122,0.31824,0.1012153846153846,0.015809743589743575,0.005163076923076881,39,50,0.4652919488672657,0.7591999999999994,68.6067415730337,89,38
1299,1299.0,0.4989444444444445,0.2715277777777778,0.3148055555555556,0.5047692307692307,0.23711538461538462,0.30753846153846165,0.008477941358024692,0.005010749228395063,0.01144326774691358,0.008560446745562129,0.006585063609467456,0.011773940828402368,0.42146153846153855,0.28028846153846154,0.33778846153846154,0.07748290598290597,0.00876068376068373,0.02298290598290592,36,52,0.48469480588996267,0.690384615384615,66.88636363636364,88,40
1300,1300.0,0.5015000000000001,0.2697368421052632,0.32036842105263164,0.5102884615384615,0.2356923076923077,0.31251923076923077,0.008180881578947368,0.005171720221606648,0.012040653739612188,0.009321782174556214,0.00677121301775148,0.012266749630177513,0.42803846153846153,0.2742884615384616,0.34517307692307697,0.07346153846153852,0.004551619433198373,0.024804655870445336,38,52,0.46797396640536265,0.6688461538461534,66.31111111111112,90,40
1301,1301.0,0.5015000000000001,0.2697368421052632,0.32036842105263164,0.51092,0.23412,0.31557999999999997,0.008180881578947368,0.005171720221606648,0.012040653739612188,0.009654033599999999,0.006916945600000001,0.0124328436,0.43592,0.27072,0.3547,0.06558000000000008,0.000983157894736797,0.03433157894736838,38,50,0.4672986242768991,0.7079999999999995,67.25,88,38
1302,1302.0,0.509,0.26713157894736844,0.3209736842105264,0.51092,0.23412,0.31557999999999997,0.006534631578947369,0.00522348268698061,0.012098551939058172,0.009654033599999999,0.006916945600000001,0.0124328436,0.43592,0.27072,0.3547,0.07308000000000003,0.003588421052631574,0.033726315789473604,38,50,0.4576528497299317,0.7239999999999993,68.07954545454545,88,37
1303,1303.0,0.5115405405405405,0.26767567567567563,0.32591891891891894,0.5104081632653061,0.23475510204081632,0.31938775510204087,0.0066532753834916,0.005050327246165084,0.012015155588020451,0.009837955851728445,0.007037940024989587,0.011961625156184924,0.4387755102040816,0.2672244897959184,0.3616122448979591,0.07276503033645892,0.0004511858797572321,0.03569332597904018,37,49,0.43855994107651897,0.7299999999999992,67.93023255813954,86,37
1304,1304.0,0.5115405405405405,0.26767567567567563,0.32591891891891894,0.512723404255319,0.2343404255319149,0.323936170212766,0.0066532753834916,0.005050327246165084,0.012015155588020451,0.009982114984155726,0.0072372032593933915,0.011957123585332732,0.4427446808510638,0.26521276595744686,0.37117021276595735,0.06879585968947677,0.0024629097182287674,0.04525129384703841,37,47,0.439134621010008,0.743617021276595,67.85714285714286,84,34
1305,1305.0,0.5113529411764706,0.2645588235294117,0.3256176470588235,0.5146170212765956,0.23312765957446807,0.3255957446808511,0.00698481660899654,0.004867187716262975,0.011975824394463666,0.0105003214124038,0.007048579447713898,0.01249892168401992,0.4573829787234043,0.2610638297872341,0.37991489361702124,0.05396996245306629,0.003494993742177599,0.05429724655819773,34,47,0.4767987583617957,0.7389361702127655,70.23456790123457,81,35
1306,1306.0,0.5173823529411764,0.2633235294117647,0.32717647058823524,0.5116326530612245,0.23497959183673464,0.32071428571428573,0.0059131773356401384,0.004795395328719723,0.011785968858131487,0.01030635485214494,0.006754877134527281,0.01193126530612245,0.4463673469387755,0.2586326530612245,0.3736326530612244,0.0710150060024009,0.004690876350540163,0.04645618247298916,34,49,0.43077131472447966,0.7165306122448973,70.83132530120481,83,38
1307,1307.0,0.5173823529411764,0.2633235294117647,0.32717647058823524,0.5155957446808511,0.23787234042553188,0.31676595744680847,0.0059131773356401384,0.004795395328719723,0.011785968858131487,0.010357730194658216,0.0068185368945224084,0.012040860117700315,0.4453191489361702,0.26604255319148934,0.3475106382978724,0.07206320400500621,0.002719023779724661,0.02033416770963714,34,47,0.42135486495743457,0.7470212765957442,70.88888888888889,81,37
1308,1308.0,0.5211764705882352,0.2591764705882353,0.3352941176470588,0.5140909090909092,0.23236363636363636,0.31179545454545454,0.005914851211072665,0.005249498269896194,0.012788737024221453,0.010329537190082644,0.006558458677685951,0.011224208161157025,0.43945454545454543,0.2614318181818182,0.3438636363636364,0.08172192513368981,0.0022553475935829237,0.008569518716577629,34,44,0.4185666810771997,0.7818181818181813,69.44871794871794,78,35
1309,1309.0,0.5167586206896552,0.26682758620689656,0.32779310344827584,0.5188260869565218,0.23489130434782612,0.3147391304347826,0.006160045184304399,0.005253246135552913,0.013593198573127227,0.01037370888468809,0.00643040122873346,0.011060758034026466,0.4504347826086956,0.25856521739130434,0.3575000000000001,0.06632383808095954,0.008262368815592225,0.02970689655172426,29,46,0.43408059843957136,0.7595652173913037,69.0,75,37
1310,1310.0,0.5241379310344828,0.261,0.32948275862068965,0.5152888888888889,0.2307555555555556,0.32066666666666666,0.007009429250891796,0.00480351724137931,0.01403880142687277,0.011587805432098766,0.006244718024691358,0.013052488888888892,0.4713777777777778,0.252,0.3757111111111111,0.05276015325670502,0.009000000000000008,0.046228352490421454,29,45,0.41203803257401367,0.7939999999999995,68.62162162162163,74,35
1311,1311.0,0.5274444444444444,0.257,0.3348888888888889,0.5165454545454545,0.2317272727272728,0.32502272727272724,0.007365950617283951,0.004856148148148148,0.014598913580246913,0.011780111570247932,0.006344152892561983,0.012495249483471076,0.4751136363636364,0.24750000000000003,0.38425,0.05233080808080798,0.00949999999999998,0.04936111111111108,27,44,0.42754166570781327,0.8395454545454542,69.01408450704226,71,33
1312,1312.0,0.529962962962963,0.25292592592592594,0.335074074074074,0.5165454545454545,0.2317272727272728,0.32502272727272724,0.006445665294924554,0.004872142661179698,0.014573920438957475,0.011780111570247932,0.006344152892561983,0.012495249483471076,0.4751136363636364,0.24750000000000003,0.38425,0.054849326599326564,0.005425925925925917,0.049175925925925956,27,44,0.40003577047241334,0.8290909090909085,69.83098591549296,71,37
1313,1313.0,0.529962962962963,0.25292592592592594,0.335074074074074,0.512860465116279,0.2332093023255814,0.3212790697674419,0.006445665294924554,0.004872142661179698,0.014573920438957475,0.011456585181179013,0.00639504921579232,0.012169177934018392,0.4666046511627907,0.24737209302325583,0.378093023255814,0.06335831180017226,0.005553832902670114,0.043018949181739985,27,43,0.3462898342745295,0.8213953488372084,70.32857142857142,70,42
1314,1314.0,0.53388,0.25216,0.3329600000000001,0.5118750000000001,0.23702499999999999,0.317,0.0067541056,0.0050883744,0.012333878400000003,0.011702059374999999,0.006456474375,0.012626500000000002,0.454,0.246925,0.370175,0.07988,0.00523499999999999,0.03721499999999989,25,40,0.35791101673890985,0.8562499999999993,69.26153846153846,65,42
1315,1315.0,0.531913043478261,0.24404347826086958,0.33221739130434785,0.5208999999999999,0.23464999999999997,0.32480000000000003,0.006964166351606806,0.004641606805293005,0.01335930056710775,0.012877339999999998,0.0067668275,0.01336126,0.46430000000000005,0.24169999999999997,0.38325000000000004,0.06761304347826091,0.0023434782608696136,0.05103260869565218,23,40,0.3475355220929409,0.8702499999999993,70.31746031746032,63,43
1316,1316.0,0.5214000000000001,0.24305000000000007,0.31535,0.5195365853658536,0.2327073170731707,0.3230975609756098,0.006210340000000001,0.004581047499999999,0.011785727499999999,0.01263761451516954,0.006752743604997026,0.01315130755502677,0.461829268292683,0.2446829268292683,0.37548780487804884,0.05957073170731708,0.0016329268292682164,0.06013780487804882,20,41,0.40834765635125186,0.8746341463414629,70.67213114754098,61,43
1317,1317.0,0.5214000000000001,0.24305000000000007,0.31535,0.517925,0.23152500000000004,0.3206,0.006210340000000001,0.004581047499999999,0.011785727499999999,0.012847069374999997,0.006864249375000001,0.013224340000000001,0.463375,0.2503,0.36150000000000004,0.058025000000000104,0.007249999999999951,0.046150000000000024,20,40,0.4050301375485169,0.9139999999999994,71.1,60,43
1318,1318.0,0.5214000000000001,0.24305000000000007,0.31535,0.5158780487804878,0.23214634146341465,0.3143170731707317,0.006210340000000001,0.004581047499999999,0.011785727499999999,0.012701326591314692,0.006712271267102916,0.014480801903628795,0.458780487804878,0.2547560975609756,0.35365853658536583,0.06261951219512207,0.011706097560975542,0.038308536585365816,20,41,0.4692126187457819,0.9173170731707312,72.44262295081967,61,41
1319,1319.0,0.5240000000000001,0.24050000000000005,0.3155,0.5139024390243903,0.23146341463414635,0.313,0.006663777777777779,0.005019583333333334,0.013031027777777777,0.012872770969660913,0.006580882807852469,0.014643219512195122,0.4512926829268293,0.25126829268292683,0.3564878048780488,0.07270731707317085,0.010768292682926783,0.04098780487804882,18,41,0.4939162864131245,0.9456097560975604,72.32203389830508,59,39
1320,1320.0,0.5201052631578948,0.23589473684210527,0.3178421052631579,0.5183571428571428,0.2315,0.315047619047619,0.0065860941828254855,0.005137146814404432,0.01244392243767313,0.013379896258503401,0.006424249999999999,0.014466473922902496,0.4486190476190476,0.24528571428571427,0.37023809523809526,0.07148621553884726,0.009390977443609005,0.05239598997493733,19,42,0.5252625718887356,0.8709523809523803,72.77049180327869,61,44
1321,1321.0,0.5201052631578948,0.23589473684210527,0.3178421052631579,0.5152,0.23802222222222222,0.30877777777777776,0.0065860941828254855,0.005137146814404432,0.01244392243767313,0.012770159999999997,0.006622466172839506,0.014259639506172844,0.4362222222222222,0.2605111111111111,0.3524,0.08388304093567267,0.024616374269005814,0.034557894736842065,19,45,0.5009241926969304,0.8522222222222218,72.953125,64,44
1322,1322.0,0.5201052631578948,0.23589473684210527,0.3178421052631579,0.5152,0.23802222222222222,0.30877777777777776,0.0065860941828254855,0.005137146814404432,0.01244392243767313,0.012770159999999997,0.006622466172839506,0.014259639506172844,0.4362222222222222,0.2605111111111111,0.3524,0.08388304093567267,0.024616374269005814,0.034557894736842065,19,45,0.500270024031441,0.856666666666666,73.953125,64,46
1323,1323.0,0.5139500000000001,0.24295,0.32305,0.5137333333333334,0.23695555555555556,0.3066666666666667,0.0069940475,0.005857247499999999,0.0117574475,0.012709928888888888,0.00668750913580247,0.013720133333333334,0.4369111111111111,0.2680888888888889,0.3402,0.07703888888888905,0.025138888888888877,0.01715,20,45,0.49199385732260004,0.8335555555555548,72.29230769230769,65,49
1324,1324.0,0.5105238095238095,0.24261904761904765,0.32047619047619047,0.5090454545454546,0.23929545454545453,0.30252272727272733,0.006954916099773243,0.005535950113378684,0.011484344671201813,0.012009861570247932,0.006593117252066116,0.013259204028925619,0.4297272727272727,0.27136363636363636,0.33293181818181816,0.08079653679653681,0.02874458874458871,0.012455627705627692,21,44,0.47933936054373416,0.802727272727272,72.73846153846154,65,54
1325,1325.0,0.5105238095238095,0.24261904761904765,0.32047619047619047,0.5052888888888888,0.23735555555555557,0.3018,0.006954916099773243,0.005535950113378684,0.011484344671201813,0.011967894320987655,0.00655494024691358,0.01321224888888889,0.42775555555555556,0.2719333333333333,0.32593333333333335,0.08276825396825394,0.029314285714285654,0.005457142857142883,21,45,0.4832677301375138,0.8193333333333327,73.81818181818181,66,53
1326,1326.0,0.5169444444444444,0.24633333333333335,0.3221666666666667,0.5055434782608694,0.2396086956521739,0.30089130434782607,0.006381496913580247,0.006120666666666667,0.01101613888888889,0.011710639413988656,0.006640890359168245,0.01296218383742911,0.4234347826086956,0.2741521739130435,0.3195217391304348,0.09350966183574883,0.027818840579710125,0.0026449275362319113,18,46,0.4315679987535906,0.8743478260869557,73.828125,64,51
1327,1327.0,0.5112,0.25860000000000005,0.33,0.5066521739130434,0.2435869565217391,0.3092608695652174,0.007305360000000002,0.005993839999999999,0.006102266666666667,0.011607444234404537,0.007133416351606804,0.011331497164461246,0.4255,0.2725,0.3338695652173913,0.0857,0.013899999999999968,0.003869565217391291,15,46,0.376421605751725,0.8413043478260864,72.57377049180327,61,53
1328,1328.0,0.5112,0.25860000000000005,0.33,0.5124418604651162,0.24451162790697673,0.31074418604651166,0.007305360000000002,0.005993839999999999,0.006102266666666667,0.010644386154678203,0.007333319632233641,0.011953818280151435,0.43086046511627907,0.2704883720930233,0.3472558139534884,0.08033953488372092,0.011888372093023236,0.017255813953488408,15,43,0.3897036746429744,0.8806976744186041,72.24137931034483,58,53
1329,1329.0,0.48523076923076924,0.27061538461538465,0.321,0.5124418604651162,0.24451162790697673,0.31074418604651166,0.008003562130177517,0.005763621301775147,0.005711692307692307,0.010644386154678203,0.007333319632233641,0.011953818280151435,0.43086046511627907,0.2704883720930233,0.3472558139534884,0.054370304114490176,0.0001270125223613583,0.026255813953488416,13,43,0.5020246196198987,0.8823255813953483,71.48214285714286,56,54
1330,1330.0,0.4765384615384616,0.2612307692307692,0.33076923076923076,0.5124418604651162,0.24451162790697673,0.31074418604651166,0.008027633136094675,0.005461869822485207,0.004864023668639052,0.010644386154678203,0.007333319632233641,0.011953818280151435,0.43086046511627907,0.2704883720930233,0.3472558139534884,0.04567799642218251,0.009257602862254077,0.016486583184257664,13,43,0.5450892612751012,0.8932558139534875,71.53571428571429,56,55
1331,1331.0,0.4725833333333334,0.26391666666666663,0.327,0.5126818181818181,0.2425454545454545,0.3142272727272728,0.008493243055555558,0.0058232430555555555,0.005084666666666667,0.010404944214876033,0.007332884297520661,0.012203811983471074,0.44,0.268409090909091,0.3527727272727273,0.03258333333333341,0.004492424242424353,0.02577272727272728,12,44,0.44498478813443576,0.8940909090909082,71.625,56,58
1332,1332.0,0.4900769230769232,0.261,0.34507692307692306,0.5103333333333333,0.24151111111111107,0.3131111111111112,0.011512224852071009,0.005477384615384615,0.008614840236686391,0.010416400000000001,0.007217005432098767,0.011987432098765436,0.4410888888888889,0.2631333333333334,0.3671555555555556,0.04898803418803427,0.002133333333333376,0.022078632478632565,13,45,0.4427884933039953,0.8673333333333327,70.75862068965517,58,61
1333,1333.0,0.4980000000000001,0.25399999999999995,0.35078571428571426,0.5109318181818181,0.2400681818181818,0.31375000000000003,0.011506,0.0057231428571428555,0.008423168367346941,0.010637018078512396,0.007287336260330579,0.012241505681818182,0.4448409090909091,0.2610454545454546,0.3664772727272727,0.05315909090909099,0.0070454545454546325,0.01569155844155845,14,44,0.41172638382742444,0.9527272727272721,71.32758620689656,58,57
1334,1334.0,0.4927333333333334,0.25093333333333334,0.34719999999999995,0.5109318181818181,0.2400681818181818,0.31375000000000003,0.011127262222222222,0.005473262222222222,0.008041626666666668,0.010637018078512396,0.007287336260330579,0.012241505681818182,0.4448409090909091,0.2610454545454546,0.3664772727272727,0.04789242424242429,0.010112121212121239,0.019277272727272754,15,44,0.4144673292717252,0.9324999999999993,71.38983050847457,59,60
1335,1335.0,0.4947142857142858,0.24828571428571428,0.35492857142857137,0.5149999999999999,0.2435116279069767,0.31416279069767444,0.011863204081632652,0.005759061224489795,0.007720066326530614,0.010512418604651163,0.008640482422931315,0.012473950243374799,0.45990697674418596,0.2568604651162791,0.37995348837209303,0.034807308970099815,0.008574750830564803,0.025024916943521658,14,43,0.44929188904856554,0.9937209302325573,71.01754385964912,57,57
1336,1336.0,0.4947142857142858,0.24828571428571428,0.35492857142857137,0.5130697674418604,0.238953488372093,0.3173953488372093,0.011863204081632652,0.005759061224489795,0.007720066326530614,0.010800157923201728,0.009007253650621955,0.012123029745808546,0.4607209302325581,0.24918604651162796,0.37995348837209303,0.03399335548172766,0.0009003322259136803,0.025024916943521658,14,43,0.49241306349617114,0.9909302325581388,70.08771929824562,57,58
1337,1337.0,0.4800769230769231,0.25061538461538463,0.34492307692307683,0.5133488372093022,0.23902325581395345,0.3183953488372093,0.009776224852071006,0.0061260828402366855,0.006912378698224853,0.01090832017306652,0.009006627366143861,0.012328239048134128,0.4652093023255813,0.25302325581395346,0.37539534883720926,0.014867620751341848,0.002407871198568834,0.03047227191413243,13,43,0.47274985208669346,1.0193023255813949,68.19642857142857,56,57
1338,1338.0,0.47475,0.235,0.34299999999999997,0.5182857142857143,0.24038095238095242,0.32302380952380955,0.010222020833333331,0.003466666666666667,0.007440333333333334,0.010144013605442176,0.008928807256235828,0.011666308956916102,0.46349999999999997,0.25447619047619047,0.3827380952380952,0.011250000000000038,0.01947619047619048,0.03973809523809524,12,42,0.4752095146791933,1.046666666666666,67.11111111111111,54,55
1339,1339.0,0.47475,0.235,0.34299999999999997,0.5167674418604651,0.23972093023255817,0.3202325581395349,0.010222020833333331,0.003466666666666667,0.007440333333333334,0.01000492266089778,0.008739457003785828,0.011722224986479178,0.4650232558139535,0.2485581395348837,0.3970930232558139,0.009726744186046521,0.013558139534883717,0.05409302325581394,12,43,0.4516118799547233,1.0216279069767438,67.89090909090909,55,59
1340,1340.0,0.48307692307692307,0.24238461538461537,0.34299999999999997,0.5167674418604651,0.23972093023255817,0.3202325581395349,0.010267763313609466,0.0038543905325443785,0.006868000000000001,0.01000492266089778,0.008739457003785828,0.011722224986479178,0.4650232558139535,0.2485581395348837,0.3970930232558139,0.018053667262969586,0.006173524150268339,0.05409302325581394,13,43,0.4604746879048491,1.0030232558139527,68.05357142857143,56,62
1341,1341.0,0.48307692307692307,0.24238461538461537,0.34299999999999997,0.5172045454545455,0.23840909090909096,0.32375,0.010267763313609466,0.0038543905325443785,0.006868000000000001,0.009785753615702482,0.008614832644628097,0.011987823863636365,0.47456818181818183,0.24949999999999994,0.4006363636363636,0.008508741258741237,0.007115384615384579,0.05763636363636365,13,44,0.47291831776136145,1.0127272727272718,68.43859649122807,57,62
1342,1342.0,0.49485714285714283,0.2404285714285714,0.3478571428571428,0.5138,0.23937777777777783,0.3223333333333333,0.011338408163265307,0.0036288163265306124,0.006684122448979593,0.010078293333333332,0.00846467950617284,0.011809733333333333,0.4644,0.2507555555555555,0.3958,0.03045714285714285,0.010326984126984101,0.047942857142857176,14,45,0.42926466564516846,0.9833333333333325,68.22033898305085,59,66
1343,1343.0,0.5084444444444445,0.23516666666666663,0.3448333333333333,0.5127659574468086,0.24019148936170215,0.321531914893617,0.010123913580246911,0.005430472222222222,0.008401583333333334,0.010193072883657762,0.008144920778632863,0.011326334087822545,0.45555319148936163,0.257595744680851,0.3789574468085106,0.052891252955082846,0.022429078014184367,0.0341241134751773,18,47,0.48697413901516967,0.9138297872340418,67.64615384615385,65,66
1344,1344.0,0.5039523809523809,0.23538095238095236,0.3363333333333333,0.5099555555555557,0.24613333333333334,0.3171555555555556,0.010822235827664398,0.007474045351473921,0.009851079365079368,0.010517375802469135,0.007640871111111111,0.011399642469135805,0.4532888888888888,0.2631777777777778,0.36237777777777774,0.05066349206349213,0.02779682539682543,0.026044444444444426,21,45,0.46454414159149815,0.8604444444444439,65.16666666666667,66,70
1345,1345.0,0.49931818181818177,0.2371818181818182,0.3318181818181818,0.5115652173913044,0.24306521739130438,0.3195217391304348,0.01078130785123967,0.0072024214876033055,0.009831421487603307,0.010405332703213612,0.007898365311909262,0.011403771266540644,0.451391304347826,0.25754347826086954,0.3762391304347826,0.04792687747035579,0.020361660079051352,0.044420948616600786,22,46,0.4858149938876873,0.8558695652173908,65.57352941176471,68,69
1346,1346.0,0.4902727272727272,0.23986363636363636,0.32940909090909093,0.5129574468085109,0.2442340425531915,0.3190212765957447,0.010660016528925618,0.006955572314049585,0.0095043326446281,0.010273104572204617,0.007793157990040743,0.011172659121774559,0.4477446808510638,0.26089361702127656,0.3729361702127659,0.04252804642166341,0.021029980657640196,0.043527079303675,22,47,0.48116448406044565,0.7974468085106377,65.5072463768116,69,75
1347,1347.0,0.48799999999999993,0.24621739130434783,0.32643478260869563,0.512125,0.24702083333333333,0.3169166666666667,0.010310173913043478,0.00754130056710775,0.00928572400756144,0.010091651041666665,0.00799581206597222,0.011148076388888891,0.449375,0.2640833333333334,0.370125,0.03862499999999991,0.01786594202898556,0.04369021739130435,23,48,0.4987194279884749,0.7718749999999993,65.29577464788733,71,76
1348,1348.0,0.47156521739130425,0.24134782608695657,0.31230434782608696,0.5095000000000001,0.24848076923076923,0.3124038461538462,0.009284071833648391,0.008259879017013232,0.007021168241965972,0.009482711538461539,0.007726903476331362,0.01081670229289941,0.44323076923076926,0.26580769230769236,0.3676346153846153,0.028334448160534986,0.024459866220735788,0.05533026755852832,23,52,0.49516995398780284,0.7217307692307687,66.30666666666667,75,77
1349,1349.0,0.47170833333333334,0.23795833333333336,0.31183333333333335,0.507622641509434,0.24824528301886792,0.3126415094339623,0.008897706597222223,0.008179956597222222,0.006733722222222223,0.009487065147739409,0.00758399644001424,0.010615550729797084,0.43650943396226416,0.2666981132075472,0.3608113207547169,0.03519889937106918,0.02873977987421386,0.04897798742138354,24,53,0.5096352540230754,0.696226415094339,66.84415584415585,77,78
1350,1350.0,0.4756956521739129,0.2396956521739131,0.3136521739130435,0.507923076923077,0.2483846153846154,0.3135,0.008902994328922493,0.008463168241965973,0.006947096408317582,0.009664724852071004,0.007728813609467454,0.010780634615384616,0.43674999999999997,0.2663269230769231,0.366403846153846,0.03894565217391294,0.02663127090301004,0.052751672240802516,23,52,0.4772522337339398,0.7267307692307688,67.09333333333333,75,80
1351,1351.0,0.48700000000000004,0.23904166666666668,0.31612500000000004,0.5005576923076924,0.2471538461538462,0.31244230769230763,0.011471166666666666,0.008120373263888888,0.0067982760416666664,0.010736246671597633,0.007654399408284025,0.010815477440828404,0.4307884615384615,0.26984615384615385,0.35501923076923075,0.056211538461538535,0.030804487179487167,0.03889423076923071,24,52,0.4298989415835905,0.7248076923076916,66.82894736842105,76,83
1352,1352.0,0.4827916666666667,0.24491666666666667,0.3161666666666667,0.4968627450980391,0.2461764705882353,0.31249019607843137,0.010523414930555556,0.008631743055555556,0.006806222222222223,0.01051682429834679,0.007779517877739331,0.010946093041138022,0.42105882352941176,0.2748235294117647,0.3428823529411765,0.06173284313725491,0.029906862745098017,0.02671568627450982,24,51,0.5046016001696235,0.7356862745098033,65.74666666666667,75,79
1353,1353.0,0.47503999999999996,0.23888,0.31432000000000004,0.4968627450980391,0.2461764705882353,0.31249019607843137,0.0115445984,0.0091610656,0.006615817600000001,0.01051682429834679,0.007779517877739331,0.010946093041138022,0.42105882352941176,0.2748235294117647,0.3428823529411765,0.0539811764705882,0.03594352941176468,0.028562352941176483,25,51,0.5217769595122634,0.7309803921568621,66.53947368421052,76,79
1354,1354.0,0.47503999999999996,0.23888,0.31432000000000004,0.4930576923076923,0.24144230769230765,0.31209615384615386,0.0115445984,0.0091610656,0.006615817600000001,0.010831285133136092,0.00841293897928994,0.010825356139053258,0.4274230769230769,0.27499999999999997,0.3481730769230769,0.04761692307692306,0.03611999999999996,0.033853076923076875,25,52,0.4972111683478671,0.7682692307692303,67.01298701298701,77,76
1355,1355.0,0.47631999999999997,0.23199999999999998,0.31332,0.4941764705882353,0.24245098039215685,0.3141764705882353,0.0114916576,0.007928719999999998,0.006922457599999999,0.010978576701268743,0.008524992695117263,0.010812576701268742,0.4305686274509804,0.27327450980392154,0.35439215686274506,0.045751372549019564,0.041274509803921555,0.04107215686274507,25,51,0.4937520329962122,0.8470588235294111,67.72368421052632,76,71
1356,1356.0,0.4673913043478261,0.23417391304347826,0.3066086956521739,0.49559999999999993,0.242,0.31668,0.011493020793950853,0.007222056710775046,0.006765194706994329,0.011094799999999998,0.00868512,0.010709177600000001,0.43463999999999997,0.2749,0.36002,0.03275130434782614,0.04072608695652172,0.053411304347826094,23,50,0.5031020967811165,0.8183999999999994,69.16438356164383,73,76
1357,1357.0,0.45760869565217394,0.2357826086956522,0.2932173913043478,0.49632000000000004,0.24261999999999997,0.31814,0.010260412098298678,0.007271996219281663,0.006628952741020794,0.011008457599999999,0.008788275600000001,0.0105079604,0.4305399999999999,0.27672,0.36252,0.027068695652174013,0.040937391304347814,0.06930260869565219,23,50,0.5413663460610132,0.8247999999999993,69.21917808219177,73,73
1358,1358.0,0.45760869565217394,0.2357826086956522,0.2932173913043478,0.49492156862745107,0.24825490196078426,0.3141960784313726,0.010260412098298678,0.007271996219281663,0.006628952741020794,0.010876582083813917,0.009607484044598233,0.010790236063052676,0.4262549019607843,0.28041176470588236,0.36088235294117643,0.03135379369138963,0.04462915601023015,0.06766496163682861,23,51,0.4762834107953963,0.8178431372549013,68.54054054054055,74,75
1359,1359.0,0.4613333333333333,0.24345833333333333,0.29704166666666665,0.4957142857142857,0.2450408163265306,0.3145918367346939,0.010151972222222222,0.008324081597222222,0.006689123263888889,0.010924408163265306,0.009657182007496877,0.011222976259891711,0.4299183673469388,0.27283673469387754,0.37124489795918364,0.03141496598639454,0.029378401360544204,0.07420323129251699,24,49,0.5399004557160385,0.8028571428571422,67.56164383561644,73,73
1360,1360.0,0.461952380952381,0.2464761904761905,0.3033809523809523,0.495,0.244,0.3184081632653061,0.011130521541950118,0.009138535147392289,0.006921664399092971,0.010938489795918365,0.009671795918367346,0.010917670137442735,0.4277142857142856,0.27602040816326534,0.3721020408163265,0.0342380952380954,0.029544217687074853,0.06872108843537417,21,49,0.5610473959582021,0.8055102040816321,67.05714285714286,70,73
1361,1361.0,0.461952380952381,0.2464761904761905,0.3033809523809523,0.49506000000000006,0.24745999999999999,0.31884,0.011130521541950118,0.009138535147392289,0.006921664399092971,0.010766696400000003,0.0095626484,0.0103790544,0.4274,0.28106,0.36821999999999994,0.034552380952381,0.03458380952380949,0.06483904761904763,21,50,0.4944641632693181,0.7879999999999994,66.61971830985915,71,75
1362,1362.0,0.4535,0.24620000000000003,0.2951999999999999,0.49597959183673473,0.24753061224489797,0.31918367346938775,0.010186750000000003,0.00959386,0.00586226,0.010944142440649727,0.009757555185339441,0.010584966264056644,0.4333061224489796,0.2756530612244898,0.37481632653061225,0.020193877551020423,0.029453061224489763,0.07961632653061235,20,49,0.490439944201665,0.7842857142857136,67.18840579710145,69,79
1363,1363.0,0.45165000000000005,0.24645,0.29105,0.4966938775510204,0.2433265306122449,0.3233673469387755,0.010172227500000002,0.009551947499999998,0.0061413475,0.01105294710537276,0.010269281132861309,0.010344191586838816,0.4390816326530612,0.275265306122449,0.37440816326530607,0.012568367346938836,0.02881530612244898,0.0833581632653061,20,49,0.4270372460791664,0.7597959183673463,65.57971014492753,69,80
1364,1364.0,0.456,0.26027272727272727,0.28663636363636363,0.4966938775510204,0.2433265306122449,0.3233673469387755,0.009474909090909091,0.012072107438016528,0.005780595041322314,0.01105294710537276,0.010269281132861309,0.010344191586838816,0.4390816326530612,0.275265306122449,0.37440816326530607,0.0169183673469388,0.014992578849721716,0.08777179962894244,22,49,0.4045615055780326,0.7320408163265298,67.01408450704226,71,84
1365,1365.0,0.456,0.26027272727272727,0.28663636363636363,0.4975416666666666,0.24533333333333332,0.3229583333333333,0.009474909090909091,0.012072107438016528,0.005780595041322314,0.011152664930555556,0.010410763888888888,0.010534664930555557,0.44,0.28262499999999996,0.3656458333333333,0.016000000000000014,0.022352272727272693,0.07900946969696965,22,48,0.36828884888589203,0.7383333333333327,66.58571428571429,70,86
1366,1366.0,0.44266666666666665,0.2627222222222222,0.28177777777777785,0.4962666666666666,0.2522666666666667,0.32266666666666666,0.006483666666666668,0.013201533950617284,0.005015728395061729,0.011392328888888888,0.009748906666666666,0.009912533333333336,0.42979999999999996,0.29208888888888884,0.36286666666666667,0.012866666666666693,0.029366666666666652,0.08108888888888882,18,45,0.4552563109641638,0.7339999999999994,64.31746031746032,63,86
1367,1367.0,0.4477058823529411,0.262,0.27858823529411764,0.4942727272727273,0.2556136363636364,0.3203181818181818,0.006407972318339101,0.013968705882352942,0.0051276539792387546,0.0114723347107438,0.00946637345041322,0.009889626033057854,0.43124999999999997,0.29863636363636364,0.34838636363636366,0.016455882352941154,0.036636363636363634,0.06979812834224602,17,44,0.45923927520134844,0.7559090909090904,64.75409836065573,61,89
1368,1368.0,0.43827777777777777,0.2582222222222222,0.27744444444444444,0.4942727272727273,0.2556136363636364,0.3203181818181818,0.007563089506172841,0.013435283950617286,0.0048650246913580246,0.0114723347107438,0.00946637345041322,0.009889626033057854,0.43124999999999997,0.29863636363636364,0.34838636363636366,0.0070277777777777994,0.04041414141414146,0.07094191919191922,18,44,0.47908660077921106,0.8120454545454538,65.24193548387096,62,85
1369,1369.0,0.4342105263157895,0.24563157894736842,0.2782631578947368,0.49731111111111115,0.25635555555555556,0.32139999999999996,0.00746279778393352,0.01558160110803324,0.004621036011080332,0.01162359209876543,0.00928022913580247,0.009721351111111113,0.42877777777777776,0.29200000000000004,0.3612888888888889,0.0054327485380117335,0.046368421052631614,0.08302573099415206,19,45,0.46008051378091147,0.8315555555555548,65.578125,64,84
1370,1370.0,0.4342105263157895,0.24563157894736842,0.2782631578947368,0.4964318181818182,0.2580454545454546,0.3179090909090909,0.00746279778393352,0.01558160110803324,0.004621036011080332,0.011852972623966944,0.009362634297520663,0.009393900826446283,0.4184090909090909,0.29204545454545455,0.35693181818181824,0.015801435406698594,0.04641387559808613,0.07866866028708142,19,44,0.43474705954369747,0.8324999999999992,66.63492063492063,63,89
1371,1371.0,0.44094444444444447,0.26233333333333336,0.27655555555555555,0.49532558139534877,0.25834883720930235,0.31660465116279074,0.007384719135802469,0.016123222222222223,0.0056772469135802466,0.012177754461871282,0.009795110870740942,0.00988744835045971,0.4246511627906977,0.28825581395348837,0.36658139534883727,0.01629328165374677,0.02592248062015501,0.09002583979328171,18,43,0.5048616858858953,0.7730232558139529,66.1311475409836,61,91
1372,1372.0,0.44094444444444447,0.26233333333333336,0.27655555555555555,0.5056304347826086,0.2588478260869565,0.316,0.007384719135802469,0.016123222222222223,0.0056772469135802466,0.013183885160680529,0.009207737712665408,0.009714130434782609,0.43154347826086964,0.28426086956521734,0.3745217391304348,0.009400966183574833,0.02192753623188398,0.09796618357487924,18,46,0.5668494213884242,0.7710869565217385,65.9375,64,87
1373,1373.0,0.442,0.26476470588235296,0.27247058823529413,0.5070851063829788,0.2571063829787234,0.32253191489361704,0.007799058823529412,0.01696523875432526,0.005710837370242215,0.013000716161158896,0.008983499320959711,0.009976461747397015,0.44270212765957445,0.27676595744680854,0.3883829787234042,0.0007021276595744474,0.012001251564455584,0.11591239048811008,17,47,0.5291777138240764,0.7608510638297867,66.296875,64,89
1374,1374.0,0.4361666666666667,0.25577777777777777,0.2707222222222222,0.5034791666666667,0.25756249999999997,0.3211875,0.00942025,0.018700395061728395,0.005458533950617284,0.013340999565972221,0.00880612109375,0.009853569010416669,0.4353125,0.2768541666666667,0.38514583333333335,0.0008541666666667114,0.02107638888888891,0.11442361111111116,18,48,0.5760989193872843,0.7820833333333327,66.62121212121212,66,85
1375,1375.0,0.4335789473684211,0.2460526315789473,0.2611578947368421,0.5030851063829788,0.2556595744680851,0.32165957446808513,0.008523296398891966,0.016549313019390582,0.004588869806094183,0.013617397012222723,0.008819671344499772,0.010052522408329564,0.4377872340425532,0.2732127659574468,0.3867872340425532,0.004208286674132089,0.027160134378499512,0.12562933930571113,19,47,0.5726592925903621,0.77063829787234,67.72727272727273,66,89
1376,1376.0,0.4335789473684211,0.2460526315789473,0.2611578947368421,0.50525,0.254,0.3216875,0.008523296398891966,0.016549313019390582,0.004588869806094183,0.013553979166666666,0.008765374999999999,0.009843131510416667,0.4436875,0.2691875,0.3925,0.010108552631578893,0.023134868421052723,0.13134210526315793,19,48,0.5132184806192004,0.8331249999999993,67.92537313432835,67,86
1377,1377.0,0.43735000000000007,0.24629999999999996,0.25894999999999996,0.50564,0.25120000000000003,0.31626,0.0083673275,0.015723010000000003,0.0044520474999999995,0.013034830399999997,0.00878788,0.010248552400000001,0.44124,0.2753,0.37851999999999997,0.003889999999999949,0.029000000000000026,0.11957000000000001,20,50,0.5085887852156364,0.8133999999999995,67.91428571428571,70,86
1378,1378.0,0.431578947368421,0.2405263157894737,0.2508947368421053,0.5062941176470588,0.2516862745098039,0.31337254901960787,0.00814161218836565,0.01588382825484765,0.0033886204986149585,0.012800638985005768,0.008627391772395233,0.010464469050365246,0.43807843137254904,0.275,0.37350980392156863,0.006499484004128031,0.03447368421052632,0.12261506707946335,19,51,0.5806099486047145,0.8199999999999994,68.38571428571429,70,84
1379,1379.0,0.4280500000000001,0.22750000000000004,0.2605,0.5005714285714287,0.24744897959183673,0.31087755102040815,0.007608147499999998,0.014585850000000001,0.004930950000000001,0.012307510204081634,0.007938818825489379,0.010546882965431072,0.4321836734693878,0.27836734693877546,0.36165306122448987,0.0041336734693877,0.050867346938775426,0.10115306122448986,20,49,0.598208378014831,0.8657142857142852,68.04347826086956,69,83
1380,1380.0,0.43255,0.22174999999999997,0.2591,0.4923725490196079,0.2437843137254902,0.31382352941176467,0.006642447500000001,0.015599287500000003,0.00497519,0.013526939638600535,0.007994208381391773,0.010456066897347172,0.4291568627450981,0.27727450980392154,0.36913725490196087,0.003393137254901868,0.05552450980392157,0.11003725490196087,20,51,0.5935198505132031,0.8639215686274503,68.11267605633803,71,82
1381,1381.0,0.4447916666666667,0.22791666666666668,0.2567083333333333,0.4923725490196079,0.2437843137254902,0.31382352941176467,0.006442414930555557,0.014435243055555555,0.005447539930555555,0.013526939638600535,0.007994208381391773,0.010456066897347172,0.4291568627450981,0.27727450980392154,0.36913725490196087,0.015634803921568574,0.04935784313725486,0.11242892156862755,24,51,0.6101701037487622,0.8376470588235287,67.0,75,81
1382,1382.0,0.44330434782608685,0.22604347826086957,0.25708695652173913,0.4892708333333333,0.24685416666666662,0.3080416666666667,0.006669429111531191,0.014978650283553874,0.005680948960302458,0.012570280815972223,0.008168541232638889,0.01009274826388889,0.4224375,0.28175,0.35260416666666666,0.020866847826086832,0.05570652173913043,0.09551721014492753,23,48,0.5997744537422276,0.8752083333333327,65.54929577464789,71,82
1383,1383.0,0.44330434782608685,0.22604347826086957,0.25708695652173913,0.4892708333333333,0.24685416666666662,0.3080416666666667,0.006669429111531191,0.014978650283553874,0.005680948960302458,0.012570280815972223,0.008168541232638889,0.01009274826388889,0.4224375,0.28175,0.35260416666666666,0.020866847826086832,0.05570652173913043,0.09551721014492753,23,48,0.548274062797654,0.9081249999999992,66.54929577464789,71,83
1384,1384.0,0.44330434782608685,0.22604347826086957,0.25708695652173913,0.490340425531915,0.2512127659574468,0.30919148936170215,0.006669429111531191,0.014978650283553874,0.005680948960302458,0.012782820280669984,0.007430465368945225,0.01024402716161159,0.4246170212765958,0.2847446808510638,0.36000000000000004,0.018687326549491068,0.058701202590194235,0.10291304347826091,23,47,0.4967736718530803,0.9719148936170205,66.94285714285714,70,83
1385,1385.0,0.4405833333333334,0.22275,0.2622083333333333,0.4915102040816327,0.24744897959183673,0.31179591836734694,0.00656182638888889,0.014604020833333335,0.006047498263888888,0.012349107038733863,0.007721308621407747,0.010060774677217827,0.43716326530612243,0.2803673469387755,0.3752040816326532,0.003420068027210954,0.057617346938775515,0.11299574829931985,24,49,0.5058868942039855,0.9367346938775504,66.76712328767124,73,83
1386,1386.0,0.4504347826086956,0.22300000000000003,0.26273913043478264,0.4950204081632653,0.24757142857142858,0.31312244897959185,0.004517897920604916,0.01523747826086957,0.006303671077504726,0.01180667305289463,0.007725591836734694,0.010238638067471887,0.43493877551020405,0.26912244897959187,0.3888979591836734,0.015496007098491582,0.046122448979591835,0.12615882874889078,23,49,0.4687072265373791,0.9702040816326525,67.18055555555556,72,82
1387,1387.0,0.45465384615384613,0.22634615384615384,0.26484615384615384,0.49551020408163265,0.2517755102040817,0.3148571428571429,0.00437453402366864,0.013576764792899411,0.007227899408284023,0.011669270304039983,0.006828663890045815,0.009921224489795918,0.4329387755102041,0.26712244897959186,0.388795918367347,0.02171507064364203,0.04077629513343803,0.12394976452119316,26,49,0.48240482195446927,0.9744897959183666,67.54666666666667,75,78
1388,1388.0,0.4581724137931034,0.24889655172413794,0.26275862068965516,0.49087499999999995,0.2507916666666667,0.31325000000000003,0.004392280618311534,0.011912920332936982,0.0068206658739595714,0.010859609375,0.006923498263888889,0.010001354166666667,0.4342291666666666,0.27268749999999997,0.379125,0.023943247126436806,0.023790948275862034,0.11636637931034483,29,48,0.5343898042170124,0.9037499999999993,66.55844155844156,77,80
1389,1389.0,0.45455555555555555,0.233037037037037,0.25996296296296295,0.48781632653061224,0.25681632653061226,0.3097142857142858,0.004515432098765433,0.008854257887517147,0.006913887517146776,0.011142966264056644,0.00746876218242399,0.009857673469387757,0.44659183673469394,0.2684081632653061,0.3820204081632653,0.00796371882086161,0.0353711262282691,0.12205744520030237,27,49,0.5282717845583569,0.8728571428571422,66.86842105263158,76,85
1390,1390.0,0.4590714285714285,0.23542857142857138,0.26746428571428565,0.48689795918367346,0.2567959183673469,0.3102244897959184,0.004904780612244898,0.00869245918367347,0.008186248724489795,0.011148214077467723,0.007468774677217826,0.009917398583923367,0.4458571428571429,0.2725918367346939,0.3690204081632653,0.013214285714285623,0.03716326530612252,0.10155612244897966,28,49,0.4791970428554258,0.845714285714285,67.15584415584415,77,89
1391,1391.0,0.4657037037037036,0.24670370370370368,0.2721851851851852,0.486764705882353,0.2546862745098039,0.30811764705882355,0.005228801097393689,0.007540727023319617,0.008738076817558298,0.01074559169550173,0.007455744713571704,0.009647907727797004,0.44047058823529417,0.2740196078431373,0.35825490196078436,0.02523311546840945,0.027315904139433606,0.08606971677559916,27,51,0.49742451729585013,0.8454901960784308,66.56410256410257,78,86
1392,1392.0,0.4671153846153846,0.24892307692307694,0.27457692307692305,0.486764705882353,0.2546862745098039,0.30811764705882355,0.005376102071005918,0.007697763313609469,0.008919705621301776,0.01074559169550173,0.007455744713571704,0.009647907727797004,0.44047058823529417,0.2740196078431373,0.35825490196078436,0.02664479638009043,0.02509653092006034,0.0836779788838613,26,51,0.4876520857527693,0.8545098039215681,67.07792207792208,77,85
1393,1393.0,0.46872,0.25096,0.26792,0.4832040816326531,0.2549795918367347,0.30579591836734693,0.0055242016,0.007897798400000001,0.008124313599999999,0.010263305289462725,0.007706428154935444,0.008833060391503542,0.43095918367346936,0.2827142857142857,0.3375714285714286,0.037760816326530666,0.03175428571428568,0.06965142857142859,25,49,0.4545546598833109,0.8922448979591829,66.72972972972973,74,87
1394,1394.0,0.47763999999999995,0.25544,0.27792,0.4876530612244897,0.24965306122448977,0.31263265306122445,0.0064229503999999995,0.0073276864,0.010926713600000002,0.010784471470220741,0.007629900041649312,0.009547987505206166,0.43812244897959174,0.279734693877551,0.3475918367346939,0.039517551020408215,0.02429469387755101,0.0696718367346939,25,49,0.4672782133618576,0.8689795918367339,65.62162162162163,74,87
1395,1395.0,0.4809310344827586,0.2501379310344828,0.287551724137931,0.4856122448979591,0.24538775510204083,0.31351020408163266,0.00569289179548157,0.007799291319857312,0.010104592152199762,0.011109502707205331,0.006964686380674719,0.009457474385672638,0.431469387755102,0.277265306122449,0.345734693877551,0.04946164672765657,0.0271273750879662,0.058182969739620005,29,49,0.5236535154977713,0.8673469387755095,64.82051282051282,78,81
1396,1396.0,0.48564516129032265,0.25432258064516133,0.281,0.48754,0.24698,0.31156,0.005434228928199792,0.0075144765868886566,0.010149806451612904,0.011069408400000001,0.006949619599999999,0.0094546864,0.4293,0.2822,0.34387999999999996,0.05634516129032263,0.027877419354838673,0.06287999999999994,31,50,0.5201920001285537,0.8317999999999992,65.30864197530865,81,82
1397,1397.0,0.48564516129032265,0.25432258064516133,0.281,0.4858431372549019,0.24729411764705883,0.31156862745098035,0.005434228928199792,0.0075144765868886566,0.010149806451612904,0.010996328335255672,0.006818286043829297,0.009269304113802385,0.43025490196078436,0.28833333333333333,0.3373529411764706,0.05539025932953828,0.034010752688172,0.05635294117647055,31,51,0.4789429253291344,0.8652941176470582,65.70731707317073,82,80
1398,1398.0,0.4786896551724138,0.2598275862068965,0.286448275862069,0.4805185185185185,0.24544444444444444,0.3113148148148148,0.005492145065398336,0.007797797859690844,0.00876610939357907,0.011234768175582992,0.00737658024691358,0.008907252743484226,0.4245555555555555,0.2821296296296297,0.34146296296296297,0.05413409961685828,0.022302043422733175,0.055014687100893966,29,54,0.47791953875223536,0.8951851851851846,64.49397590361446,83,74
1399,1399.0,0.48703703703703705,0.27114814814814814,0.2852962962962963,0.4807358490566038,0.24477358490566037,0.31184905660377354,0.004877961591220851,0.0063986447187928674,0.008945541838134431,0.0114441943752225,0.007491458170167319,0.009059901744393025,0.41520754716981134,0.2826792452830189,0.33733962264150946,0.0718294898672257,0.011531097134870771,0.05204332634521314,27,53,0.5025638921175835,0.9009433962264144,64.2625,80,73
1400,1400.0,0.4915333333333333,0.2647666666666667,0.2944666666666667,0.4872363636363637,0.24627272727272723,0.30812727272727264,0.005517982222222222,0.007035312222222221,0.009129115555555557,0.010157089586776859,0.007335943801652893,0.010674511074380163,0.42172727272727273,0.2807636363636364,0.33898181818181816,0.0698060606060606,0.015996969696969676,0.04451515151515145,30,55,0.5382033122577464,0.8221818181818178,62.32941176470588,85,71
1401,1401.0,0.4918666666666666,0.2639000000000001,0.28876666666666667,0.48729824561403506,0.24633333333333338,0.30722807017543863,0.0055908488888888885,0.006897223333333333,0.007124045555555555,0.00982354262850108,0.007586397660818713,0.010391158510310868,0.4149473684210527,0.27775438596491225,0.33601754385964916,0.07691929824561394,0.013854385964912175,0.04725087719298249,30,57,0.5714448055976237,0.825263157894736,61.39080459770115,87,64
1402,1402.0,0.4944838709677419,0.26341935483870976,0.2900645161290323,0.4852456140350877,0.24668421052631576,0.30654385964912284,0.005615991675338189,0.00668166285119667,0.006944770031217481,0.009691237919359805,0.007629549399815328,0.010432739304401356,0.41661403508771927,0.275,0.33657894736842103,0.07786983588002261,0.01158064516129026,0.046514431239388754,31,57,0.5680940557161944,0.7842105263157888,61.84090909090909,88,66
1403,1403.0,0.4960625,0.26990625,0.28446875,0.48462500000000003,0.24492857142857144,0.3024107142857143,0.005719871093749999,0.0075659599609375,0.0082918740234375,0.009752341517857144,0.007254352040816326,0.009464670599489796,0.4028035714285714,0.27916071428571426,0.32100000000000006,0.09325892857142859,0.009254464285714248,0.03653125000000007,32,56,0.5857650389593391,0.8008928571428565,60.875,88,59
1404,1404.0,0.4953636363636364,0.26363636363636367,0.2873030303030303,0.4902982456140351,0.24836842105263157,0.3004736842105263,0.005562170798898071,0.00859465564738292,0.00829766574839302,0.009336981224992305,0.007366267774699908,0.009618424746075717,0.3989824561403509,0.28289473684210525,0.3169298245614035,0.09638118022328551,0.019258373205741586,0.029626794258373224,33,57,0.5243296811702229,0.7978947368421047,60.78888888888889,90,59
1405,1405.0,0.4926666666666666,0.2667222222222222,0.28188888888888886,0.4902982456140351,0.24836842105263157,0.3004736842105263,0.005168166666666666,0.008200033950617282,0.008337876543209876,0.009336981224992305,0.007366267774699908,0.009618424746075717,0.3989824561403509,0.28289473684210525,0.3169298245614035,0.0936842105263157,0.01617251461988306,0.03504093567251465,36,57,0.5526682251886269,0.821929824561403,61.193548387096776,93,51
1406,1406.0,0.49663888888888885,0.2612222222222222,0.28313888888888894,0.4916779661016949,0.24294915254237287,0.30218644067796613,0.005270230709876542,0.007781728395061727,0.008345341820987652,0.00912367595518529,0.008081777075553003,0.009400694053432924,0.40216949152542375,0.2748983050847458,0.3173559322033898,0.0944693973634651,0.013676082862523586,0.03421704331450087,36,59,0.5638751476222268,0.8393220338983044,60.294736842105266,95,43
1407,1407.0,0.5000833333333332,0.2621666666666666,0.2861944444444444,0.4916779661016949,0.24294915254237287,0.30218644067796613,0.006328631944444443,0.007959861111111112,0.009202934413580244,0.00912367595518529,0.008081777075553003,0.009400694053432924,0.40216949152542375,0.2748983050847458,0.3173559322033898,0.09791384180790946,0.012731638418079172,0.031161487758945394,36,59,0.545464338307647,0.8310169491525418,61.36842105263158,95,44
1408,1408.0,0.5021621621621621,0.2631621621621621,0.2891621621621622,0.4945333333333332,0.24846666666666667,0.30040000000000006,0.006313162892622351,0.007780406135865595,0.009271271000730458,0.010063915555555554,0.00807068222222222,0.008444840000000002,0.404,0.27548333333333336,0.3240333333333333,0.09816216216216211,0.012321171171171263,0.03487117117117111,37,60,0.5171029425846224,0.8371666666666663,61.0,97,41
1409,1409.0,0.5021621621621621,0.2631621621621621,0.2891621621621622,0.4998833333333333,0.2534666666666667,0.29238333333333344,0.006313162892622351,0.007780406135865595,0.009271271000730458,0.00912130305555556,0.007738115555555555,0.009284503055555556,0.4001333333333334,0.27563333333333334,0.30761666666666654,0.10202882882882874,0.012471171171171247,0.018454504504504365,37,60,0.4965859795587889,0.8369999999999995,61.154639175257735,97,37
1410,1410.0,0.49812820512820505,0.26197435897435895,0.29287179487179493,0.5009661016949152,0.2513559322033898,0.2943389830508475,0.0065335476660092024,0.008125460880999342,0.008606419460881,0.009205558172938813,0.007601958058029302,0.00921239356506751,0.40113559322033904,0.27616949152542375,0.3109322033898304,0.09699261190786601,0.014195132551064804,0.018060408518035476,39,59,0.5392884500528273,0.8127118644067791,61.40816326530612,98,33
1411,1411.0,0.49812820512820505,0.26197435897435895,0.29287179487179493,0.49891935483870975,0.2549516129032258,0.29066129032258065,0.0065335476660092024,0.008125460880999342,0.008606419460881,0.008800493496357961,0.007708497658688866,0.009816449791883456,0.4105806451612904,0.27595161290322584,0.31130645161290327,0.08754755996691466,0.013977253928866895,0.018434656741108335,39,62,0.5222705387487331,0.7687096774193545,60.40594059405941,101,31
1412,1412.0,0.4993513513513512,0.2728648648648649,0.2887567567567568,0.49891935483870975,0.2549516129032258,0.29066129032258065,0.006857200876552227,0.006251576333089846,0.008737048940832723,0.008800493496357961,0.007708497658688866,0.009816449791883456,0.4105806451612904,0.27595161290322584,0.31130645161290327,0.08877070619006083,0.0030867480383609536,0.02254969485614644,37,62,0.5231530551315051,0.7690322580645156,60.666666666666664,99,32
1413,1413.0,0.4993513513513512,0.2728648648648649,0.2887567567567568,0.4930983606557377,0.25345901639344265,0.2898360655737705,0.006857200876552227,0.006251576333089846,0.008737048940832723,0.008333269013705992,0.007727723730180059,0.009697448535339964,0.40962295081967215,0.27608196721311473,0.3053934426229508,0.08972840053167908,0.003217102348249845,0.01663668586619399,37,61,0.4931665864173698,0.7759016393442619,61.52040816326531,98,32
1414,1414.0,0.5012222222222222,0.27330555555555563,0.2889166666666667,0.49409836065573765,0.25160655737704923,0.2941311475409837,0.006918172839506171,0.006418045524691359,0.008978798611111111,0.00835307229239452,0.007472205858640151,0.010187228701961835,0.41118032786885245,0.27242622950819667,0.31385245901639347,0.09004189435336979,0.0008793260473589637,0.02493579234972676,36,61,0.49108794998991695,0.7798360655737698,62.03092783505155,97,32
1415,1415.0,0.5033421052631578,0.2712105263157895,0.29286842105263167,0.49409836065573765,0.25160655737704923,0.2941311475409837,0.006743909279778393,0.0064062188365650976,0.009242535318559557,0.00835307229239452,0.007472205858640151,0.010187228701961835,0.41118032786885245,0.27242622950819667,0.31385245901639347,0.09216177739430537,0.0012157031924071582,0.020984037963761804,38,61,0.47818957796237366,0.7742622950819664,62.54545454545455,99,31
1416,1416.0,0.4999999999999999,0.271,0.29968421052631583,0.49685,0.25271666666666665,0.2934833333333334,0.007019105263157893,0.006403736842105262,0.00913653185595568,0.008030427500000001,0.007521569722222222,0.010331416388888886,0.41531666666666667,0.2688333333333333,0.31733333333333336,0.08468333333333322,0.0021666666666667056,0.017649122807017525,38,60,0.4571073155490173,0.7348333333333326,62.97959183673469,98,38
1417,1417.0,0.4928947368421051,0.26142105263157894,0.2966052631578948,0.49861666666666665,0.25288333333333335,0.29581666666666667,0.0058459889196675885,0.007844612188365652,0.008376923130193906,0.008200969722222222,0.007522969722222223,0.009927049722222222,0.4161,0.26521666666666666,0.32661666666666667,0.07679473684210508,0.0037956140350877132,0.03001140350877185,38,60,0.4589836656312376,0.7464999999999992,63.204081632653065,98,35
1418,1418.0,0.49577777777777765,0.2566666666666666,0.3044722222222222,0.49566101694915254,0.253135593220339,0.2930847457627118,0.005388617283950616,0.007790444444444444,0.007628860339506171,0.00781581729388107,0.007646659580580294,0.009647501292731973,0.4103559322033898,0.2683050847457627,0.3201525423728813,0.08542184557438787,0.011638418079096102,0.01568032015065912,36,59,0.4578152551202623,0.7610169491525416,62.98947368421052,95,35
1419,1419.0,0.4967567567567566,0.25697297297297295,0.30081081081081085,0.49566101694915254,0.253135593220339,0.2930847457627118,0.00526807596785975,0.007584242512783053,0.007985558802045288,0.00781581729388107,0.007646659580580294,0.009647501292731973,0.4103559322033898,0.2683050847457627,0.3201525423728813,0.08640082455336684,0.011332111772789755,0.019341731562070474,37,59,0.5002278699859722,0.7820338983050841,63.71875,96,28
1420,1420.0,0.49394285714285713,0.26037142857142853,0.30571428571428577,0.503,0.25615789473684214,0.2962631578947369,0.005399768163265305,0.007282804897959185,0.006728432653061225,0.00729842105263158,0.007424027700831023,0.010191983379501387,0.4270701754385965,0.2688947368421053,0.3313859649122807,0.06687268170426064,0.008523308270676766,0.0256716791979949,35,57,0.5087896241182484,0.8249122807017537,64.6304347826087,92,25
1421,1421.0,0.49394285714285713,0.26037142857142853,0.30571428571428577,0.5016724137931035,0.2576379310344828,0.29512068965517246,0.005399768163265305,0.007282804897959185,0.006728432653061225,0.007273047859690844,0.007420886147443519,0.01009065784780024,0.4223965517241379,0.26848275862068965,0.3256724137931034,0.0715463054187192,0.008111330049261123,0.01995812807881764,35,58,0.45159024517649177,0.8343103448275855,64.93548387096774,93,26
1422,1422.0,0.49190625,0.24871875,0.31803125,0.5020000000000001,0.2566842105263158,0.29680701754385963,0.005677647460937499,0.0093968271484375,0.0052337802734375004,0.0074700701754385965,0.007368216066481994,0.009666541705140044,0.41421052631578953,0.2690175438596491,0.3346842105263158,0.07769572368421046,0.02029879385964911,0.01665296052631582,32,57,0.47304578540655273,0.8510526315789466,65.43820224719101,89,26
1423,1423.0,0.49190625,0.24871875,0.31803125,0.49983050847457633,0.2580677966101695,0.2967627118644068,0.005677647460937499,0.0093968271484375,0.0052337802734375004,0.007407971272622812,0.007249486929043378,0.009345096236713587,0.41289830508474584,0.26974576271186435,0.32722033898305086,0.07900794491525415,0.021027012711864357,0.009189088983050875,32,59,0.4107588963888056,0.8225423728813553,67.03296703296704,91,30
1424,1424.0,0.49103125000000003,0.2508125,0.315875,0.5001666666666666,0.25610000000000005,0.2997666666666667,0.006016530273437499,0.00968877734375,0.0053138593750000004,0.007291172222222223,0.007357123333333332,0.009721745555555553,0.41378333333333345,0.26524999999999993,0.33798333333333336,0.07724791666666658,0.014437499999999936,0.02210833333333334,32,60,0.41329098616248405,0.7903333333333327,66.41304347826087,92,31
1425,1425.0,0.49073333333333335,0.24989999999999996,0.3183,0.49713793103448284,0.2517758620689656,0.2965,0.006026062222222223,0.010108556666666667,0.005553610000000001,0.0063695326991676585,0.007089518727705113,0.00986821551724138,0.40434482758620693,0.26470689655172414,0.3197931034482759,0.08638850574712642,0.01480689655172418,0.0014931034482758565,30,58,0.4203031706790747,0.8431034482758613,65.875,88,25
1426,1426.0,0.4943333333333334,0.2362,0.3178000000000001,0.49667796610169496,0.250813559322034,0.2986779661016949,0.005683822222222222,0.010014026666666665,0.005557160000000001,0.006273845446710716,0.007023066934788854,0.009976082734846308,0.41067796610169494,0.26245762711864407,0.32786440677966106,0.08365536723163847,0.026257627118644072,0.010064406779660973,30,59,0.420132826107964,0.8140677966101689,67.29213483146067,89,27
1427,1427.0,0.49859259259259264,0.2357777777777778,0.3224074074074074,0.4973666666666667,0.24976666666666675,0.297,0.005476982167352538,0.010292024691358025,0.005603352537722908,0.006197265555555556,0.006970678888888888,0.00997593333333333,0.4077333333333334,0.2632833333333333,0.3253666666666667,0.09085925925925925,0.027505555555555505,0.0029592592592592726,27,60,0.4428789406197185,0.8053333333333327,67.48275862068965,87,28
1428,1428.0,0.49752,0.22888000000000003,0.32316,0.4977903225806452,0.2497580645161291,0.29796774193548387,0.005621129599999999,0.0104307456,0.005993974400000001,0.0065525850676378785,0.007469118886576482,0.010155289281997916,0.4091451612903226,0.25633870967741934,0.3258870967741936,0.08837483870967744,0.027458709677419313,0.0027270967741935825,25,62,0.48261341216721587,0.8043548387096767,66.816091954023,87,25
1429,1429.0,0.4950769230769231,0.2335769230769231,0.3206153846153846,0.49357142857142855,0.24646031746031746,0.29960317460317465,0.005517455621301775,0.009919551775147927,0.005934544378698225,0.0070288163265306135,0.0072659309649785835,0.010382144116906019,0.40793650793650804,0.25088888888888883,0.32917460317460323,0.08714041514041504,0.01731196581196573,0.008559218559218651,26,63,0.48914758572380834,0.7523809523809519,67.17977528089888,89,24
1430,1430.0,0.48523076923076924,0.2268076923076923,0.31507692307692314,0.49357142857142855,0.24646031746031746,0.29960317460317465,0.004811562130177515,0.009719078402366865,0.00524607100591716,0.0070288163265306135,0.0072659309649785835,0.010382144116906019,0.40793650793650804,0.25088888888888883,0.32917460317460323,0.0772942612942612,0.024081196581196535,0.014097680097680088,26,63,0.4831015450339298,0.7568253968253963,68.53932584269663,89,24
1431,1431.0,0.48523076923076924,0.2268076923076923,0.31507692307692314,0.4961935483870968,0.2450483870967742,0.3003548387096775,0.004811562130177515,0.009719078402366865,0.00524607100591716,0.006709027055150884,0.00725752991675338,0.010514003121748178,0.41112903225806463,0.24912903225806451,0.3344838709677419,0.07410173697270461,0.02232133995037222,0.01940694789081876,26,62,0.4304994217647281,0.7772580645161283,69.5,88,26
1432,1432.0,0.48523076923076924,0.2268076923076923,0.31507692307692314,0.4983166666666667,0.2429333333333333,0.3096166666666667,0.004811562130177515,0.009719078402366865,0.00524607100591716,0.007411483055555556,0.007370162222222223,0.009405769722222223,0.41675,0.24076666666666663,0.35674999999999996,0.06848076923076923,0.013958974358974335,0.04167307692307681,26,60,0.39135883695706475,0.7981666666666657,69.15116279069767,86,26
1433,1433.0,0.4795416666666667,0.22241666666666668,0.3153333333333333,0.5011551724137931,0.24586206896551724,0.31096551724137933,0.0047287482638888895,0.010243326388888889,0.003602055555555556,0.006903648335315101,0.006886843043995244,0.009320274673008323,0.41818965517241385,0.24458620689655172,0.3509482758620689,0.061352011494252845,0.022169540229885043,0.035614942528735594,24,58,0.4333309231157596,0.8101724137931027,69.09756097560975,82,24
1434,1434.0,0.48308,0.23516,0.31844,0.5001639344262295,0.2460983606557377,0.3110819672131148,0.0042820736,0.009463414399999998,0.0031654464000000003,0.0065851862402579965,0.006707826390755175,0.009442829346949743,0.42062295081967216,0.24337704918032788,0.3531967213114754,0.06245704918032785,0.008217049180327868,0.03475672131147539,25,61,0.42507596485265686,0.7495081967213109,68.45348837209302,86,27
1435,1435.0,0.48840000000000006,0.23216,0.32248000000000004,0.49713793103448284,0.24932758620689655,0.31701724137931037,0.0045774399999999995,0.0093563744,0.0034970496,0.00684663614744352,0.006567220273483948,0.010150775564803803,0.418051724137931,0.23789655172413793,0.37117241379310345,0.07034827586206904,0.005736551724137923,0.048692413793103406,25,58,0.4558703429128763,0.7694827586206889,69.24096385542168,83,26
1436,1436.0,0.4879615384615385,0.23569230769230773,0.3288461538461539,0.4951052631578948,0.24771929824561406,0.31328070175438594,0.004770113905325445,0.009260059171597631,0.0038662071005917164,0.00715121698984303,0.006593745767928594,0.00999802646968298,0.41359649122807024,0.23963157894736845,0.36178947368421055,0.07436504723346826,0.003939271255060717,0.03294331983805665,26,57,0.49508909847386084,0.773684210526315,70.46987951807229,83,25
1437,1437.0,0.4879615384615385,0.23569230769230773,0.3288461538461539,0.4951052631578948,0.24771929824561406,0.31328070175438594,0.004770113905325445,0.009260059171597631,0.0038662071005917164,0.00715121698984303,0.006593745767928594,0.00999802646968298,0.41359649122807024,0.23963157894736845,0.36178947368421055,0.07436504723346826,0.003939271255060717,0.03294331983805665,26,57,0.4807121796417383,0.7687719298245606,71.46987951807229,83,27
1438,1438.0,0.49263999999999997,0.25248000000000004,0.32388,0.49525454545454545,0.2467636363636364,0.3098,0.0045728704,0.0085716096,0.0039628256,0.007160117024793387,0.006752180495867768,0.009543723636363638,0.4059636363636364,0.23572727272727276,0.35890909090909096,0.08667636363636355,0.01675272727272728,0.035029090909090954,25,55,0.5269217374325111,0.7767272727272718,71.55,80,28
1439,1439.0,0.4861666666666667,0.24808333333333335,0.32095833333333335,0.49699999999999994,0.246462962962963,0.3097592592592593,0.0037158055555555555,0.008445493055555557,0.003914539930555555,0.007125148148148148,0.006872248628257888,0.009720367969821675,0.4046296296296296,0.22907407407407407,0.3653518518518518,0.08153703703703707,0.01900925925925928,0.04439351851851847,24,54,0.5145960861926007,0.7912962962962955,73.38461538461539,78,30
1440,1440.0,0.48824000000000006,0.24811999999999998,0.32047999999999993,0.49494,0.25156,0.30508,0.0033423424,0.0081013056,0.003529209600000001,0.0076050964000000006,0.0065862464,0.009762553599999998,0.3954600000000001,0.2339,0.34861999999999993,0.09277999999999997,0.014219999999999983,0.02814,25,50,0.49995692833191846,0.8371999999999992,73.28,75,28
1441,1441.0,0.4955,0.24520833333333333,0.322,0.4962156862745098,0.2544313725490196,0.30525490196078436,0.0038205833333333334,0.008578998263888889,0.0036135000000000004,0.0075373456362937356,0.006869343329488658,0.009572660515186467,0.39474509803921576,0.22931372549019607,0.36050980392156856,0.10075490196078424,0.01589460784313726,0.03850980392156855,24,51,0.5111181320150893,0.8198039215686267,73.61333333333333,75,30
1442,1442.0,0.49152,0.24148,0.32199999999999995,0.4976326530612245,0.2532448979591837,0.3023265306122449,0.004047929600000001,0.0085694496,0.003468960000000001,0.007781293627655144,0.006959450229071221,0.009376342357351103,0.399795918367347,0.23120408163265307,0.35473469387755097,0.091724081632653,0.010275918367346926,0.03273469387755101,25,49,0.5078463763081725,0.8540816326530605,73.77027027027027,74,28
1443,1443.0,0.4877692307692308,0.24203846153846154,0.31953846153846155,0.4943333333333333,0.2535,0.3015208333333333,0.0042439467455621304,0.008247652366863905,0.003487017751479291,0.006740847222222224,0.007091,0.009583749565972223,0.3974166666666667,0.22981249999999998,0.3445416666666667,0.09035256410256409,0.01222596153846156,0.02500320512820514,26,48,0.4778781827065621,0.8254166666666657,73.21621621621621,74,31
1444,1444.0,0.48533333333333334,0.23954166666666668,0.3164166666666667,0.49619148936170215,0.2547234042553192,0.3023191489361702,0.004366388888888888,0.008835164930555556,0.0028988263888888887,0.0067185377999094634,0.00717002987777275,0.0097570683567225,0.39546808510638304,0.23404255319148937,0.33059574468085107,0.0898652482269503,0.005499113475177314,0.014179078014184388,24,47,0.4702724408501689,0.8325531914893611,72.64788732394366,71,33
1445,1445.0,0.4845,0.238,0.3198750000000001,0.4970222222222222,0.25264444444444445,0.3029777777777778,0.0043795833333333326,0.008811333333333332,0.002721442708333334,0.00671291061728395,0.00726925135802469,0.010159977283950617,0.39522222222222214,0.2275555555555555,0.3355111111111111,0.08927777777777784,0.010444444444444478,0.015636111111111017,24,45,0.5711136827650702,0.8459999999999992,71.68115942028986,69,27
1446,1446.0,0.48204545454545467,0.2385,0.31763636363636366,0.4949545454545454,0.2528181818181818,0.29956818181818184,0.004278861570247933,0.009578249999999998,0.0024945041322314058,0.006673088842975208,0.007433103305785122,0.00986774535123967,0.3973181818181818,0.23065909090909092,0.3204090909090909,0.08472727272727287,0.007840909090909065,0.00277272727272726,22,44,0.5919319607780589,0.8813636363636355,72.13636363636364,66,29
1447,1447.0,0.48288461538461536,0.2316923076923077,0.3120769230769231,0.49318604651162795,0.25134883720930234,0.3,0.004522717455621302,0.009080366863905325,0.0024507633136094673,0.006690663061114118,0.007510971335857221,0.010089023255813954,0.4007674418604652,0.22818604651162788,0.3278604651162791,0.08211717352415016,0.003506261180679815,0.015783542039356002,26,43,0.5832387974285728,0.8430232558139523,73.43478260869566,69,32
1448,1448.0,0.48434615384615387,0.2373076923076923,0.31492307692307697,0.49091111111111113,0.25093333333333334,0.3001777777777778,0.004623226331360946,0.0077270591715976325,0.002624378698224852,0.00721016987654321,0.007920462222222223,0.009698901728395062,0.4041555555555556,0.2244,0.32680000000000003,0.08019059829059827,0.012907692307692314,0.011876923076923063,26,45,0.5437083483311064,0.7917777777777769,73.85915492957747,71,36
1449,1449.0,0.49040740740740746,0.24981481481481485,0.30825925925925923,0.49091111111111113,0.25093333333333334,0.3001777777777778,0.004421130315500686,0.008774150891632372,0.0030853772290809333,0.00721016987654321,0.007920462222222223,0.009698901728395062,0.4041555555555556,0.2244,0.32680000000000003,0.08625185185185186,0.025414814814814862,0.018540740740740802,27,45,0.5341289572439489,0.742888888888888,73.75,72,41
1450,1450.0,0.4904615384615385,0.24834615384615388,0.30723076923076925,0.4923617021276596,0.2509787234042553,0.3023829787234043,0.0045910946745562125,0.00905338017751479,0.0031754852071005923,0.0069840606609325485,0.007583637845178816,0.0096679384336804,0.40559574468085113,0.22402127659574464,0.32874468085106384,0.08486579378068737,0.024324877250409244,0.02151391162029459,26,47,0.5085243652642982,0.8070212765957441,74.97260273972603,73,36
1451,1451.0,0.49019999999999997,0.24816000000000002,0.30524000000000007,0.4932352941176471,0.2507254901960784,0.3048235294117647,0.004772960000000001,0.009414614399999998,0.0031994624000000003,0.006564493656286047,0.008110356016916571,0.009071753171856978,0.40562745098039216,0.21805882352941175,0.32884313725490205,0.08457254901960781,0.03010117647058827,0.023603137254901985,25,51,0.5114293929221146,0.797058823529411,75.6842105263158,76,33
1452,1452.0,0.4948518518518519,0.24837037037037038,0.308925925925926,0.49233333333333335,0.24958823529411767,0.3015686274509804,0.004765755829903977,0.008718085048010972,0.0031714759945130322,0.006661516339869282,0.008163026528258361,0.009105578623606307,0.4020980392156862,0.22094117647058825,0.3257254901960784,0.09275381263616567,0.02742919389978213,0.01679956427015239,27,51,0.5265704617673161,0.7898039215686267,74.2948717948718,78,32
1453,1453.0,0.5023214285714286,0.24939285714285714,0.31096428571428575,0.4923137254901961,0.2480980392156863,0.3065098039215686,0.004955003826530612,0.008420809948979592,0.0032143915816326535,0.00666013687043445,0.008335421760861206,0.009569661668589004,0.40972549019607846,0.219,0.34139215686274504,0.09259593837535013,0.030392857142857138,0.030427871148459296,28,51,0.5064718248860107,0.7890196078431366,73.0886075949367,79,31
1454,1454.0,0.5055185185185186,0.25303703703703706,0.3137037037037037,0.4923137254901961,0.2480980392156863,0.3065098039215686,0.004852323731138545,0.00836085048010974,0.003123319615912209,0.00666013687043445,0.008335421760861206,0.009569661668589004,0.40972549019607846,0.219,0.34139215686274504,0.09579302832244013,0.03403703703703706,0.027688453159041337,27,51,0.47967224271625775,0.8176470588235286,73.71794871794872,78,31
1455,1455.0,0.5133333333333333,0.2452222222222222,0.31633333333333336,0.49458823529411766,0.2467450980392157,0.30733333333333335,0.005963185185185184,0.007417283950617283,0.0031363703703703705,0.006567104959630912,0.008340621299500193,0.009550026143790852,0.4023333333333334,0.21658823529411766,0.3400392156862745,0.11099999999999993,0.028633986928104538,0.023705882352941132,27,51,0.44937078720947016,0.7929411764705874,72.23076923076923,78,33
1456,1456.0,0.5169230769230769,0.24284615384615385,0.3168076923076923,0.4968235294117647,0.24352941176470588,0.3132156862745098,0.005844609467455621,0.007550130177514792,0.003250924556213018,0.007154066897347177,0.00822573933102653,0.00871150249903883,0.4060980392156864,0.21431372549019606,0.34943137254901957,0.11082503770739055,0.02853242835595779,0.03262368024132728,26,51,0.4188013854347127,0.7843137254901953,71.98701298701299,77,34
1457,1457.0,0.5181851851851852,0.2494074074074074,0.3167037037037037,0.49466666666666664,0.2401875,0.30833333333333335,0.006053262002743483,0.007977352537722908,0.00328080109739369,0.007002847222222224,0.008338819010416667,0.008175055555555555,0.39916666666666667,0.21837499999999999,0.33433333333333337,0.11901851851851852,0.031032407407407425,0.017629629629629662,27,48,0.4413252855231677,0.8147916666666658,72.12,75,33
1458,1458.0,0.51168,0.24792000000000003,0.31023999999999996,0.49375555555555556,0.23884444444444444,0.30948888888888887,0.0059537376,0.008493193599999999,0.0026960224,0.006636673580246914,0.007766842469135803,0.008701183209876543,0.3954000000000001,0.22184444444444446,0.32939999999999997,0.11627999999999994,0.026075555555555574,0.01916000000000001,25,45,0.45559279665634245,0.8013333333333325,71.67142857142858,70,36
1459,1459.0,0.51168,0.24792000000000003,0.31023999999999996,0.49375555555555556,0.23884444444444444,0.30948888888888887,0.0059537376,0.008493193599999999,0.0026960224,0.006636673580246914,0.007766842469135803,0.008701183209876543,0.3954000000000001,0.22184444444444446,0.32939999999999997,0.11627999999999994,0.026075555555555574,0.01916000000000001,25,45,0.46247936263313355,0.7946666666666659,72.67142857142858,70,38
1460,1460.0,0.514521739130435,0.2423913043478261,0.31104347826086953,0.49465909090909094,0.23652272727272727,0.31004545454545457,0.006224336483931948,0.008692586011342153,0.0025083894139886578,0.006750770144628102,0.0077007949380165286,0.008884997933884297,0.40302272727272737,0.21725000000000003,0.3327272727272727,0.11149901185770761,0.025141304347826077,0.021683794466403172,23,44,0.49021672417181134,0.8256818181818173,74.32835820895522,67,39
1461,1461.0,0.514521739130435,0.2423913043478261,0.31104347826086953,0.48772093023255825,0.23851162790697672,0.3057441860465116,0.006224336483931948,0.008692586011342153,0.0025083894139886578,0.006189224445646296,0.007963691725256896,0.008789213628988641,0.3879302325581396,0.21388372093023253,0.32190697674418606,0.1265915065722954,0.028507583417593574,0.010863498483316525,23,43,0.495792388016655,0.8279069767441851,75.03030303030303,66,40
1462,1462.0,0.514521739130435,0.2423913043478261,0.31104347826086953,0.49200000000000005,0.2377272727272727,0.30627272727272725,0.006224336483931948,0.008692586011342153,0.0025083894139886578,0.006835909090909092,0.007809152892561983,0.008601471074380165,0.3931818181818182,0.21261363636363634,0.3290227272727273,0.12133992094861679,0.029777667984189765,0.017979249011857767,23,44,0.45788979099193344,0.8529545454545446,76.23880597014926,67,40
1463,1463.0,0.514521739130435,0.2423913043478261,0.31104347826086953,0.49218604651162795,0.23925581395348838,0.302953488372093,0.006224336483931948,0.008692586011342153,0.0025083894139886578,0.006993360735532723,0.007887957815035153,0.008316742022714983,0.3877441860465117,0.2143720930232558,0.3163255813953488,0.1267775530839233,0.028019211324570303,0.0052821031344792435,23,43,0.46998719396721184,0.9134883720930225,77.78787878787878,66,38
1464,1464.0,0.5084347826086958,0.24508695652173912,0.31513043478260866,0.49275,0.23870454545454545,0.30013636363636365,0.007776245746691872,0.008068601134215498,0.0024913308128544425,0.006848096590909091,0.007721753615702479,0.008468981404958676,0.3879772727272728,0.21845454545454546,0.3091363636363636,0.12045750988142301,0.026632411067193662,0.005994071146245061,23,44,0.5218310514114567,0.9206818181818174,77.53731343283582,67,35
1465,1465.0,0.502,0.24852,0.31055999999999995,0.48828888888888894,0.24215555555555557,0.2970666666666667,0.007928,0.0076681696,0.0025419264,0.007130783209876546,0.007759509135802469,0.008442773333333332,0.38275555555555546,0.22822222222222222,0.297,0.11924444444444454,0.020297777777777776,0.013559999999999961,25,45,0.4952397972411709,0.9291111111111102,76.8,70,32
1466,1466.0,0.49664,0.25252,0.30656,0.48839534883720925,0.2418372093023256,0.2987906976744186,0.007609830400000001,0.0075680096,0.0029144063999999997,0.007193541373715525,0.008110275824770148,0.008572072471606273,0.3915581395348836,0.22734883720930232,0.30890697674418605,0.10508186046511642,0.0251711627906977,0.0023469767441860467,25,43,0.5302363489426487,0.926744186046511,76.5,68,32
1467,1467.0,0.49852173913043485,0.2494347826086957,0.3119565217391304,0.49250000000000005,0.2449047619047619,0.2995238095238096,0.007813293005671077,0.006854941398865783,0.0027427372400756146,0.00664034523809524,0.007898752834467119,0.008753058956916101,0.39599999999999996,0.23197619047619047,0.31626190476190474,0.10252173913043489,0.017458592132505224,0.004305383022774334,23,42,0.5724967128709205,0.9295238095238086,75.76923076923077,65,32
1468,1468.0,0.49852173913043485,0.2494347826086957,0.3119565217391304,0.49960975609756103,0.24482926829268292,0.3033170731707317,0.007813293005671077,0.006854941398865783,0.0027427372400756146,0.007982920880428318,0.008074775728732895,0.008549436049970256,0.39412195121951216,0.228219512195122,0.3245853658536585,0.10439978791092269,0.02121527041357371,0.012628844114528082,23,41,0.5347817131210159,0.9163414634146334,74.546875,64,35
1469,1469.0,0.485625,0.24254166666666668,0.30383333333333334,0.49668292682926823,0.2406341463414634,0.30246341463414633,0.007296567708333333,0.006995248263888889,0.002778138888888889,0.007925240928019038,0.007720134443783463,0.008515955978584174,0.3843658536585366,0.22517073170731705,0.31226829268292683,0.10125914634146338,0.017370934959349632,0.008434959349593485,24,41,0.5156209689607661,0.8992682926829261,73.86153846153846,65,37
1470,1470.0,0.485625,0.24254166666666668,0.30383333333333334,0.49530952380952376,0.24354761904761904,0.3030952380952381,0.007296567708333333,0.006995248263888889,0.002778138888888889,0.00781388038548753,0.007884342970521542,0.008329562358276645,0.37711904761904763,0.22849999999999998,0.308,0.10850595238095234,0.014041666666666702,0.004166666666666652,24,42,0.4984408831791917,0.9376190476190468,75.04545454545455,66,35
1471,1471.0,0.4807619047619048,0.2405714285714286,0.3022380952380952,0.49390243902439024,0.24339024390243902,0.29995121951219517,0.008024562358276645,0.0076040544217687075,0.002763419501133787,0.007921307555026772,0.008075603807257584,0.008117558596073767,0.3698780487804878,0.23014634146341464,0.30156097560975614,0.11088385598141698,0.010425087108013958,0.0006771196283390513,21,41,0.5326493833007784,0.9224390243902431,74.8225806451613,62,37
1472,1472.0,0.4951578947368421,0.24210526315789477,0.31205263157894736,0.4920714285714286,0.24333333333333332,0.2990238095238095,0.007732764542936288,0.007798304709141275,0.00366594459833795,0.007870161564625852,0.007883460317460317,0.007959547052154195,0.3671666666666667,0.22542857142857142,0.29754761904761906,0.12799122807017538,0.016676691729323345,0.014505012531328298,19,42,0.48884167348447083,0.8721428571428563,73.36065573770492,61,43
1473,1473.0,0.49561111111111106,0.23916666666666664,0.31216666666666665,0.4920714285714286,0.24333333333333332,0.2990238095238095,0.00815845987654321,0.008067472222222224,0.003869361111111111,0.007870161564625852,0.007883460317460317,0.007959547052154195,0.3671666666666667,0.22542857142857142,0.29754761904761906,0.12844444444444436,0.013738095238095216,0.014619047619047587,18,42,0.48853135307486695,0.9152380952380943,74.86666666666666,60,43
1474,1474.0,0.49199999999999994,0.23121052631578945,0.31,0.49455813953488376,0.2431395348837209,0.30311627906976746,0.00796378947368421,0.008782271468144046,0.0037502105263157895,0.007946851270957275,0.0077017014602487836,0.008477870200108165,0.3713953488372093,0.225,0.31106976744186043,0.12060465116279062,0.006210526315789444,0.0010697674418604364,19,43,0.46804118890411184,0.9234883720930225,74.61290322580645,62,43
1475,1475.0,0.48844999999999994,0.23329999999999998,0.3089,0.49300000000000005,0.24079999999999996,0.3054,0.0078050475,0.008426109999999999,0.00358569,0.007792800000000001,0.007656293333333333,0.00821455111111111,0.37213333333333337,0.225,0.32124444444444444,0.11631666666666657,0.008299999999999974,0.012344444444444436,20,45,0.4645867050032537,0.890666666666666,73.96923076923076,65,44
1476,1476.0,0.4876499999999999,0.23829999999999996,0.30865,0.49300000000000005,0.24079999999999996,0.3054,0.0079619275,0.00813811,0.0035873274999999997,0.007792800000000001,0.007656293333333333,0.00821455111111111,0.37213333333333337,0.225,0.32124444444444444,0.11551666666666655,0.01329999999999995,0.012594444444444464,20,45,0.6107059393671236,0.9239999999999992,73.92307692307692,65,37
1477,1477.0,0.4876499999999999,0.23829999999999996,0.30865,0.49609090909090914,0.24124999999999996,0.3059090909090909,0.0079619275,0.00813811,0.0035873274999999997,0.007539991735537193,0.007821187500000002,0.0083895826446281,0.38052272727272735,0.22147727272727272,0.32381818181818184,0.10712727272727257,0.01682272727272724,0.015168181818181858,20,44,0.5580509843010512,0.9047727272727265,74.40625,64,44
1478,1478.0,0.4876499999999999,0.23829999999999996,0.30865,0.495452380952381,0.2383809523809524,0.3085,0.0079619275,0.00813811,0.0035873274999999997,0.0075086286848072585,0.0079382358276644,0.008607964285714285,0.38057142857142856,0.22438095238095238,0.322452380952381,0.10707857142857136,0.013919047619047581,0.01380238095238101,20,42,0.5553960292349787,0.9302380952380941,74.56451612903226,62,46
1479,1479.0,0.4876499999999999,0.23829999999999996,0.30865,0.4964186046511628,0.23772093023255816,0.311,0.0079619275,0.00813811,0.0035873274999999997,0.007373220118983236,0.007771922120064902,0.008670279069767441,0.38199999999999995,0.22439534883720927,0.32109302325581396,0.10564999999999997,0.013904651162790688,0.012443023255813979,20,43,0.5702410741689063,0.9195348837209292,74.55555555555556,63,47
1480,1480.0,0.50005,0.2341999999999999,0.31895,0.4921428571428571,0.23852380952380958,0.3105714285714286,0.008436847500000002,0.008484559999999999,0.0038798475,0.006762646258503402,0.007929249433106576,0.008868816326530613,0.37635714285714283,0.2259761904761905,0.3136190476190476,0.12369285714285716,0.008223809523809411,0.005330952380952436,20,42,0.5776644424172358,0.8926190476190466,74.62903225806451,62,51
1481,1481.0,0.4985714285714285,0.23280952380952374,0.3148095238095238,0.49243181818181814,0.24354545454545462,0.3078181818181818,0.008078816326530614,0.008119201814058957,0.0040379637188208625,0.006469381714876035,0.008808611570247933,0.008835057851239671,0.3848863636363636,0.2323181818181819,0.3161818181818182,0.11368506493506492,0.0004913419913418482,0.0013722943722943581,21,44,0.5902213592271893,0.8615909090909082,74.4,65,51
1482,1482.0,0.4942173913043478,0.23673913043478254,0.30447826086956525,0.48979545454545453,0.24706818181818183,0.3033181818181819,0.007586865784499056,0.007828888468809074,0.005024945179584121,0.0065652536157024795,0.008888018078512396,0.008380762396694214,0.3640681818181818,0.2317045454545454,0.2981818181818182,0.13014920948616598,0.005034584980237122,0.006296442687747039,23,44,0.5384682106172053,0.8193181818181811,72.07462686567165,67,54
1483,1483.0,0.49004000000000003,0.23968,0.30491999999999997,0.48979545454545453,0.24706818181818183,0.3033181818181819,0.007184518400000002,0.0077110176,0.0057580736,0.0065652536157024795,0.008888018078512396,0.008380762396694214,0.3640681818181818,0.2317045454545454,0.2981818181818182,0.12597181818181824,0.007975454545454591,0.006738181818181754,25,44,0.5628887766757036,0.861136363636363,73.3913043478261,69,49
1484,1484.0,0.49004000000000003,0.23968,0.30491999999999997,0.48995348837209296,0.24460465116279068,0.30334883720930234,0.007184518400000002,0.0077110176,0.0057580736,0.006716835045970797,0.008827680908599244,0.008575622498647918,0.3710465116279069,0.2344651162790698,0.3042790697674419,0.11899348837209311,0.005214883720930208,0.0006409302325580679,25,43,0.5502030147017215,0.8906976744186038,73.8970588235294,68,50
1485,1485.0,0.49569565217391304,0.24091304347826084,0.29608695652173916,0.48995348837209296,0.24460465116279068,0.30334883720930234,0.006338037807183366,0.007977992438563328,0.005078948960302457,0.006716835045970797,0.008827680908599244,0.008575622498647918,0.3710465116279069,0.2344651162790698,0.3042790697674419,0.12464914054600612,0.006447927199191045,0.008192113245702737,23,43,0.5415967845203766,0.8972093023255804,75.06060606060606,66,54
1486,1486.0,0.49569565217391304,0.24091304347826084,0.29608695652173916,0.49243181818181814,0.2435681818181818,0.3013863636363637,0.006338037807183366,0.007977992438563328,0.005078948960302457,0.006828290805785126,0.00867324535123967,0.008546327995867768,0.3685227272727273,0.23504545454545456,0.29881818181818187,0.12717292490118576,0.005867588932806284,0.0027312252964427075,23,44,0.5041238620723266,0.9547727272727262,75.70149253731343,67,51
1487,1487.0,0.49569565217391304,0.24091304347826084,0.29608695652173916,0.49249999999999994,0.24220454545454545,0.3011363636363637,0.006338037807183366,0.007977992438563328,0.005078948960302457,0.00682843181818182,0.008509299070247934,0.008547208677685951,0.3715,0.24011363636363636,0.29531818181818187,0.12419565217391304,0.0007994071146244786,0.0007687747035572956,23,44,0.46665093962427656,0.9849999999999991,75.94029850746269,67,52
1488,1488.0,0.4988181818181818,0.24786363636363634,0.29722727272727273,0.49546666666666667,0.24455555555555558,0.30111111111111116,0.0064018760330578515,0.007229481404958679,0.005279902892561983,0.006214604444444444,0.008826913580246913,0.008354765432098767,0.37111111111111117,0.2400222222222222,0.29217777777777776,0.12770707070707066,0.00784141414141415,0.00504949494949497,22,45,0.46476493255741697,0.9544444444444438,75.44776119402985,67,54
1489,1489.0,0.5052272727272726,0.25086363636363634,0.2914090909090909,0.49811627906976735,0.2417209302325581,0.29800000000000004,0.007215539256198347,0.007239299586776859,0.004969423553719009,0.005798707409410493,0.008639550027041644,0.008635116279069766,0.36248837209302326,0.2343023255813954,0.28974418604651164,0.14273890063424938,0.016561310782240934,0.0016649048625792529,22,43,0.41915296818676795,0.9495348837209295,73.38461538461539,65,53
1490,1490.0,0.511095238095238,0.25057142857142856,0.2908571428571428,0.494425,0.246575,0.287575,0.006801609977324265,0.007582149659863945,0.0051993605442176875,0.005589594375000001,0.008861594375,0.0073497943750000004,0.337175,0.241175,0.2585,0.17392023809523804,0.009396428571428556,0.03235714285714281,21,40,0.47964335090977184,0.9554999999999992,72.8688524590164,61,53
1491,1491.0,0.5136499999999999,0.2631,0.2912,0.4954615384615384,0.2572820512820512,0.2834871794871795,0.007004627500000002,0.00466499,0.005456859999999999,0.005689940828402368,0.008000766600920447,0.008313993425378042,0.3316923076923077,0.24766666666666667,0.26397435897435895,0.18195769230769226,0.015433333333333327,0.027225641025641067,20,39,0.47331952458069165,0.9299999999999992,72.42372881355932,59,56
1492,1492.0,0.5136499999999999,0.2631,0.2912,0.49275,0.25780000000000003,0.28045,0.007004627500000002,0.00466499,0.005456859999999999,0.0058344375,0.007811209999999999,0.0084658975,0.33182500000000004,0.24684999999999996,0.257375,0.1818249999999999,0.016250000000000042,0.033824999999999994,20,40,0.5377522502061183,0.9512499999999993,72.45,60,52
1493,1493.0,0.5136499999999999,0.2631,0.2912,0.495125,0.257025,0.28115,0.007004627500000002,0.00466499,0.005456859999999999,0.006839509375000001,0.0075329743749999985,0.008438177500000001,0.342125,0.23615000000000003,0.27735,0.17152499999999993,0.026949999999999974,0.013850000000000029,20,40,0.469684975831545,0.9082499999999992,72.43333333333334,60,59
1494,1494.0,0.5136499999999999,0.2631,0.2912,0.4886410256410257,0.2561025641025641,0.27461538461538465,0.007004627500000002,0.00466499,0.005456859999999999,0.0067055121630506245,0.007679784352399737,0.008301980276134121,0.33551282051282055,0.23905128205128207,0.26787179487179485,0.1781371794871794,0.024048717948717935,0.02332820512820516,20,39,0.48411770145697164,0.9130769230769226,71.64406779661017,59,58
1495,1495.0,0.5167222222222222,0.26366666666666666,0.29616666666666663,0.4925750000000001,0.25780000000000003,0.2765,0.007536422839506174,0.004831666666666666,0.00547425,0.007141444375,0.00760016,0.00823295,0.342475,0.23702499999999999,0.28054999999999997,0.17424722222222222,0.026641666666666675,0.015616666666666668,18,40,0.49712137060205197,0.9424999999999992,70.56896551724138,58,56
1496,1496.0,0.5171111111111111,0.2593333333333333,0.3056666666666667,0.4954358974358976,0.25820512820512814,0.2782820512820513,0.007494876543209877,0.005494666666666666,0.004155333333333333,0.006997168967784353,0.007788470742932283,0.008317023011176856,0.342948717948718,0.2351538461538461,0.28515384615384615,0.17416239316239307,0.024179487179487202,0.02051282051282055,18,39,0.5111107035310434,0.9192307692307685,71.63157894736842,57,60
1497,1497.0,0.518611111111111,0.2622777777777777,0.3061111111111111,0.49365,0.257,0.284725,0.006765459876543211,0.005342756172839507,0.005073209876543211,0.007280077500000001,0.00767955,0.007991549375,0.3524,0.23512499999999997,0.29957500000000004,0.16621111111111103,0.027152777777777748,0.006536111111111076,18,40,0.6032501496003518,0.8692499999999992,70.15517241379311,58,60
1498,1498.0,0.5254,0.2577999999999999,0.30935,0.4955641025641027,0.2565128205128205,0.2856923076923077,0.007000740000000003,0.00509456,0.0046785275,0.007320194608809993,0.0078669677843524,0.008159033530571992,0.3554871794871795,0.2341538461538461,0.306974358974359,0.16991282051282047,0.023646153846153817,0.0023756410256410287,20,39,0.5899628225094184,0.8671794871794865,68.61016949152543,59,60
1499,1499.0,0.526,0.2575714285714285,0.3098095238095238,0.49924999999999997,0.256225,0.28897500000000004,0.00689,0.005786340136054422,0.004743297052154194,0.007667037500000001,0.007673524374999999,0.008375324375,0.360075,0.23302499999999998,0.32045,0.16592500000000004,0.024546428571428525,0.0106404761904762,21,40,0.5884569237575358,0.8762499999999992,68.42622950819673,61,57
1500,1500.0,0.5308,0.26359999999999995,0.31185,0.5018,0.26352499999999995,0.285725,0.006750660000000001,0.005312440000000001,0.004893027499999999,0.00788876,0.006405149375,0.008208599375,0.367025,0.241075,0.3237,0.16377500000000006,0.022524999999999934,0.011849999999999972,20,40,0.5225794482768592,0.8549999999999993,67.86666666666666,60,61
1501,1501.0,0.5353333333333333,0.26566666666666666,0.3105714285714286,0.5041463414634146,0.2662682926829268,0.28756097560975613,0.0067527936507936525,0.0061174603174603175,0.0054860544217687065,0.007916563950029744,0.006549952409280191,0.00814322189173111,0.36756097560975604,0.2364146341463415,0.3400731707317073,0.1677723577235773,0.029252032520325155,0.029501742160278677,21,41,0.5077258963329717,0.8519512195121944,67.58064516129032,62,59
1502,1502.0,0.5353333333333333,0.26566666666666666,0.3105714285714286,0.5047,0.26732500000000003,0.28680000000000005,0.0067527936507936525,0.0061174603174603175,0.0054860544217687065,0.00810191,0.006667919375,0.008323059999999998,0.361975,0.23754999999999998,0.332825,0.17335833333333334,0.02811666666666668,0.022253571428571373,21,40,0.47787601318613215,0.8869999999999992,67.90163934426229,61,60
1503,1503.0,0.5467894736842106,0.2622105263157895,0.3026842105263158,0.5047,0.26732500000000003,0.28680000000000005,0.0060779556786703616,0.0064083767313019395,0.005211163434903046,0.00810191,0.006667919375,0.008323059999999998,0.361975,0.23754999999999998,0.332825,0.1848144736842106,0.02466052631578952,0.030140789473684204,19,40,0.46845895383026886,0.9594999999999991,68.03389830508475,59,58
1504,1504.0,0.5446666666666666,0.26272222222222225,0.2985,0.5050243902439024,0.2689756097560976,0.2832195121951219,0.0063300000000000006,0.006759422839506174,0.0051680277777777775,0.007913389649018441,0.0065459750148721,0.008453342058298632,0.3605121951219512,0.24051219512195124,0.32678048780487806,0.18415447154471543,0.022210027100271007,0.028280487804878074,18,41,0.4516939349377722,0.9490243902439018,67.22033898305085,59,58
1505,1505.0,0.5366842105263159,0.2745789473684211,0.29715789473684207,0.5099230769230768,0.2733333333333333,0.28210256410256407,0.007143795013850416,0.008934138504155125,0.004928448753462604,0.007824378698224853,0.006325760683760683,0.008761989480604864,0.37243589743589733,0.24458974358974367,0.3338717948717949,0.16424831309041854,0.02998920377867742,0.03671390013495285,19,39,0.46654821420140175,0.9341025641025633,66.10344827586206,58,57
1506,1506.0,0.5381052631578946,0.27278947368421047,0.295,0.5099230769230768,0.2733333333333333,0.28210256410256407,0.007176409972299169,0.007894060941828256,0.005882210526315789,0.007824378698224853,0.006325760683760683,0.008761989480604864,0.37243589743589733,0.24458974358974367,0.3338717948717949,0.1656693657219973,0.0281997300944668,0.03887179487179493,19,39,0.47370999403312974,0.9479487179487172,64.82758620689656,58,57
1507,1507.0,0.5409499999999999,0.26819999999999994,0.3016,0.509925,0.27302499999999996,0.28209999999999996,0.006971347500000001,0.007899560000000002,0.0064157400000000005,0.0076287693749999995,0.006171324375,0.008542939999999999,0.363525,0.249275,0.33140000000000003,0.17742499999999994,0.018924999999999942,0.02980000000000005,20,40,0.4765584511015561,0.9589999999999991,65.25,60,56
1508,1508.0,0.5289473684210526,0.2735263157894737,0.303,0.5030714285714285,0.2717380952380952,0.2800238095238095,0.006013207756232687,0.007721407202216065,0.007978631578947369,0.008354256802721088,0.005911336167800453,0.008275785147392292,0.3544285714285714,0.25526190476190475,0.3249761904761905,0.17451879699248118,0.018264411027568928,0.021976190476190482,19,42,0.5194471202802349,0.9490476190476184,65.72131147540983,61,55
1509,1509.0,0.5289473684210526,0.2735263157894737,0.303,0.5080454545454546,0.2676363636363636,0.2872954545454546,0.006013207756232687,0.007721407202216065,0.007978631578947369,0.008476270661157024,0.005536140495867769,0.009278526342975203,0.3670227272727273,0.26025000000000004,0.34738636363636366,0.16192464114832533,0.013276315789473636,0.04438636363636367,19,44,0.49479598718899603,0.8686363636363631,66.12698412698413,63,59
1510,1510.0,0.5289473684210526,0.2735263157894737,0.303,0.5069565217391304,0.2642173913043478,0.2838260869565218,0.006013207756232687,0.007721407202216065,0.007978631578947369,0.008365519848771269,0.005765648393194708,0.009163926275992438,0.3587173913043479,0.2530869565217392,0.3341086956521739,0.17022997711670473,0.02043935926773449,0.03110869565217389,19,46,0.5043553804135466,0.8643478260869562,65.84615384615384,65,58
1511,1511.0,0.5238888888888888,0.2798888888888889,0.2973888888888888,0.5064791666666667,0.2632083333333333,0.2839375,0.005861098765432098,0.007381209876543211,0.007823682098765432,0.00804929123263889,0.005657206597222221,0.009123641927083334,0.3643541666666667,0.2556666666666667,0.32716666666666666,0.15953472222222215,0.0242222222222222,0.029777777777777847,18,48,0.48698670102955194,0.8587499999999992,66.36363636363636,66,59
1512,1512.0,0.5189999999999999,0.29064999999999996,0.28845,0.5064791666666667,0.2632083333333333,0.2839375,0.0055001,0.0077723275000000005,0.007844547500000002,0.00804929123263889,0.005657206597222221,0.009123641927083334,0.3643541666666667,0.2556666666666667,0.32716666666666666,0.1546458333333332,0.034983333333333255,0.03871666666666668,20,48,0.48512635408696025,0.8520833333333325,67.5,68,60
1513,1513.0,0.5189999999999999,0.29064999999999996,0.28845,0.5000425531914894,0.2661489361702128,0.28065957446808515,0.0055001,0.0077723275000000005,0.007844547500000002,0.007673402444545046,0.005512637392485286,0.009302437301946583,0.3595744680851064,0.25517021276595747,0.3194468085106383,0.1594255319148935,0.03547978723404249,0.030996808510638296,20,47,0.4491678008360255,0.8617021276595737,67.41791044776119,67,62
1514,1514.0,0.5187142857142857,0.29204761904761906,0.2836666666666666,0.5000425531914894,0.2661489361702128,0.28065957446808515,0.005239823129251702,0.007441283446712017,0.007928603174603175,0.007673402444545046,0.005512637392485286,0.009302437301946583,0.3595744680851064,0.25517021276595747,0.3194468085106383,0.15913981762917928,0.036877406281661584,0.03578014184397166,21,47,0.4816278548429435,0.8599999999999991,68.41176470588235,68,62
1515,1515.0,0.5143478260869564,0.28991304347826086,0.27899999999999997,0.5001041666666667,0.26285416666666667,0.2859791666666667,0.005070661625708885,0.007262079395085066,0.007651826086956522,0.008392468315972222,0.005044666232638888,0.010022645399305556,0.35406249999999995,0.2502708333333334,0.3293333333333333,0.16028532608695645,0.03964221014492747,0.05033333333333334,23,48,0.5040152325423027,0.832291666666666,68.14084507042253,71,60
1516,1516.0,0.5151600000000001,0.28868000000000005,0.27812,0.49952173913043474,0.26399999999999996,0.2841304347826087,0.0047246143999999995,0.0071426176,0.0070489056,0.008212988657844993,0.005196739130434783,0.009454896030245746,0.3627391304347825,0.2589782608695652,0.3220217391304348,0.15242086956521755,0.029701739130434834,0.043901739130434825,25,46,0.5246716833034707,0.8232608695652167,67.88732394366197,71,61
1517,1517.0,0.5222380952380954,0.2867619047619048,0.29014285714285715,0.4953617021276595,0.2648510638297872,0.28206382978723404,0.005359133786848073,0.007858562358276644,0.005484789115646258,0.00754269895880489,0.005355403349932096,0.00926635762788592,0.3527872340425532,0.2647446808510638,0.3062978723404255,0.1694508611955422,0.02201722391084099,0.016155015197568345,21,47,0.5728072694307492,0.7965957446808506,67.27941176470588,68,64
1518,1518.0,0.5194000000000001,0.28250000000000003,0.293,0.4957291666666667,0.2663333333333333,0.2829375,0.005457940000000001,0.007870049999999998,0.0055876,0.007512739149305556,0.005283222222222221,0.00904793359375,0.3522708333333333,0.2661458333333333,0.3086041666666666,0.16712916666666677,0.016354166666666725,0.015604166666666641,20,48,0.5016257424745466,0.8043749999999994,66.13235294117646,68,66
1519,1519.0,0.5175500000000002,0.28575,0.29145,0.4952765957446807,0.2745106382978723,0.27689361702127663,0.005709447500000002,0.0075669875,0.0058223475,0.0076538171118153,0.004315824354911724,0.008425371661385241,0.3444468085106383,0.2772553191489362,0.28004255319148935,0.17310319148936187,0.008494680851063807,0.011407446808510635,20,47,0.5030640882034081,0.8038297872340421,65.50746268656717,67,65
1520,1520.0,0.5207142857142858,0.2856190476190476,0.29933333333333334,0.4966956521739129,0.2727608695652174,0.2783478260869565,0.0056378231292517015,0.007206997732426302,0.006788031746031746,0.007725559546313799,0.004265747164461248,0.008509139886578452,0.3508260869565217,0.2807608695652174,0.2861304347826087,0.16988819875776412,0.004858178053830209,0.013202898550724651,21,46,0.509201808658636,0.8413043478260862,66.8955223880597,67,64
1521,1521.0,0.5222272727272728,0.2849545454545455,0.30018181818181816,0.49625531914893606,0.27402127659574466,0.2772340425531915,0.005290539256198348,0.007102861570247934,0.006332603305785125,0.007570105024898145,0.004248063377093708,0.00838515799004074,0.3571489361702127,0.2851276595744681,0.28004255319148935,0.16507833655706006,0.00017311411992260162,0.02013926499032881,22,47,0.49208453739423724,0.8321276595744673,66.89855072463769,69,65
1522,1522.0,0.5178499999999999,0.29095,0.29424999999999996,0.494375,0.2774375,0.27247916666666666,0.0056087275000000015,0.0068993475,0.006575787500000001,0.007861234375,0.004131954427083333,0.008579791232638889,0.36141666666666666,0.28081249999999996,0.2783333333333333,0.15643333333333326,0.010137500000000021,0.015916666666666635,20,48,0.46294134786254026,0.8064583333333326,65.61764705882354,68,67
1523,1523.0,0.519578947368421,0.287421052631579,0.30031578947368426,0.49823404255319137,0.27789361702127663,0.27351063829787237,0.005844138504155127,0.007013401662049862,0.006186005540166206,0.007313668628338615,0.004209882299683115,0.008711271163422364,0.368936170212766,0.27880851063829787,0.27995744680851065,0.15064277715565505,0.008612541993281153,0.020358342665173612,19,47,0.45883321924100495,0.818297872340425,66.15151515151516,66,70
1524,1524.0,0.5071052631578948,0.28531578947368424,0.2995263157894737,0.49872916666666667,0.27720833333333333,0.27368750000000003,0.00648883102493075,0.0069096897506925195,0.006068249307479224,0.0071728224826388895,0.004144248263888889,0.008531256510416666,0.36554166666666665,0.27497916666666666,0.2758125,0.14156359649122818,0.010336622807017581,0.02371381578947368,19,48,0.42170108872237294,0.823541666666666,65.28358208955224,67,71
1525,1525.0,0.5057058823529411,0.29000000000000004,0.2938235294117647,0.49974,0.27666,0.273,0.007229384083044985,0.006861176470588234,0.0034614394463667827,0.0069152724,0.0041225844000000005,0.00830336,0.36174,0.27252000000000004,0.27024000000000004,0.1439658823529411,0.017479999999999996,0.02358352941176467,17,50,0.42728306251662285,0.8381999999999994,66.28358208955224,67,70
1526,1526.0,0.5038888888888889,0.29400000000000004,0.2893888888888889,0.49827450980392163,0.2777450980392157,0.2708039215686274,0.0068838765432098796,0.006751999999999999,0.0036034598765432102,0.006887061899269511,0.0041006212995001925,0.008381687043444828,0.35913725490196075,0.27482352941176474,0.2684901960784314,0.1447516339869282,0.019176470588235295,0.02089869281045753,18,51,0.41158757455165507,0.8599999999999994,66.91304347826087,69,68
1527,1527.0,0.5085263157894737,0.2967894736842106,0.29526315789473684,0.5007692307692309,0.27865384615384614,0.27375,0.006908670360110805,0.006536692520775622,0.004034930747922438,0.007072023668639053,0.0040638801775147925,0.008663149038461538,0.36255769230769225,0.2737307692307693,0.28046153846153843,0.14596862348178147,0.023058704453441325,0.01480161943319841,19,52,0.4210885535238709,0.909038461538461,67.25352112676056,71,62
1528,1528.0,0.5130000000000001,0.2896500000000001,0.29605000000000004,0.5007692307692309,0.27865384615384614,0.27375,0.006943500000000001,0.007178327500000001,0.0038449474999999998,0.007072023668639053,0.0040638801775147925,0.008663149038461538,0.36255769230769225,0.2737307692307693,0.28046153846153843,0.15044230769230788,0.015919230769230797,0.015588461538461607,20,52,0.40934465538424025,0.9228846153846146,67.41666666666667,72,62
1529,1529.0,0.5110526315789475,0.28652631578947363,0.2976315789473684,0.49871153846153854,0.2795384615384615,0.2728846153846154,0.007233102493074793,0.007360986149584486,0.003997285318559558,0.007114166789940828,0.004012402366863906,0.008643794378698225,0.3575384615384615,0.2776153846153846,0.2773269230769231,0.153514170040486,0.008910931174089032,0.02030465587044533,19,52,0.4195901233178614,0.9171153846153839,67.05633802816901,71,63
1530,1530.0,0.4967058823529412,0.29376470588235293,0.29047058823529415,0.5000000000000001,0.28028301886792456,0.27122641509433965,0.0058462076124567485,0.0073334740484429055,0.002838955017301038,0.007066264150943395,0.003965523673905305,0.008623684585261658,0.3546037735849057,0.27654716981132077,0.2732641509433962,0.14210210876803553,0.017217536071032158,0.01720643729189797,17,53,0.5489461092546141,0.938867924528301,67.42857142857143,70,58
1531,1531.0,0.5004375000000001,0.291375,0.29325,0.5011698113207548,0.2813962264150944,0.27141509433962263,0.0059748710937500005,0.007694734375,0.0028850625000000005,0.0068590088999644005,0.00395808828764685,0.008596016375934497,0.35601886792452836,0.28132075471698115,0.2723018867924528,0.14441863207547173,0.010054245283018848,0.020948113207547192,16,53,0.5205488553526361,0.9554716981132069,67.3623188405797,69,56
1532,1532.0,0.5013529411764707,0.2878823529411765,0.2885882352941177,0.5033773584905661,0.278622641509434,0.2776037735849057,0.005636816608996541,0.007437280276816608,0.003063065743944636,0.007017970808116769,0.003937404770380918,0.009657522249911,0.36484905660377365,0.27856603773584904,0.2828301886792453,0.13650388457269702,0.009316315205327441,0.005758046614872392,17,53,0.49283023133626097,0.9190566037735843,66.71428571428571,70,59
1533,1533.0,0.504421052631579,0.2986842105263158,0.2904736842105264,0.5019814814814816,0.2782592592592593,0.2762407407407408,0.006755085872576178,0.007653795013850414,0.003522459833795014,0.006991277434842249,0.0038714883401920436,0.009577145747599452,0.3640555555555556,0.28088888888888885,0.27964814814814815,0.14036549707602342,0.01779532163742692,0.010825536062378238,19,54,0.5381762443605949,0.9116666666666661,68.32876712328768,73,56
1534,1534.0,0.4943500000000001,0.30469999999999997,0.28075,0.4982909090909091,0.27570909090909096,0.2741636363636364,0.0060578275,0.00686311,0.004604587500000001,0.007193188099173553,0.0035421335537190084,0.009531991404958678,0.3635272727272728,0.2905090909090909,0.25856363636363633,0.1308227272727273,0.014190909090909087,0.02218636363636367,20,55,0.5955914974678272,0.873636363636363,67.22666666666667,75,54
1535,1535.0,0.4976315789473684,0.3065263157894737,0.28494736842105267,0.49636363636363645,0.27921818181818187,0.27192727272727274,0.006161285318559556,0.007157617728531855,0.0044945761772853185,0.0074681223140495865,0.003865225123966942,0.009771485619834711,0.3689454545454545,0.2957454545454546,0.25943636363636363,0.1286861244019139,0.010780861244019113,0.02551100478468904,19,55,0.5639916197217392,0.8769090909090902,68.21621621621621,74,55
1536,1536.0,0.4963333333333334,0.30972222222222223,0.2823333333333333,0.4937254901960785,0.2806470588235294,0.2715490196078431,0.006471555555555554,0.0073612006172839506,0.004614444444444445,0.007580003075740101,0.003942777393310265,0.009483659361783928,0.36978431372549014,0.30203921568627445,0.2582549019607843,0.12654901960784326,0.007683006535947778,0.024078431372549003,18,51,0.5882640428955663,0.9084313725490191,66.89855072463769,69,52
1537,1537.0,0.4907058823529411,0.3075294117647059,0.2753529411764706,0.4898653846153846,0.2815192307692308,0.2685961538461538,0.0062822076124567465,0.007707660899653979,0.00400881660899654,0.007283885724852071,0.004091134245562129,0.008838586908284023,0.3634423076923076,0.31261538461538463,0.24326923076923077,0.12726357466063348,0.005085972850678744,0.03208371040723981,17,52,0.5994555803281888,0.906538461538461,67.3623188405797,69,50
1538,1538.0,0.484,0.3096190476190476,0.264952380952381,0.4886415094339623,0.28422641509433966,0.2669622641509434,0.005403619047619048,0.007627378684807255,0.00487671201814059,0.0072243431826272695,0.004395043075827697,0.008810640085439655,0.3617735849056603,0.3176981132075472,0.24071698113207549,0.12222641509433968,0.008079065588499579,0.02423539982030551,21,53,0.5685560333526531,0.8379245283018862,67.12162162162163,74,54
1539,1539.0,0.4903809523809525,0.3015238095238095,0.27376190476190476,0.4886415094339623,0.28422641509433966,0.2669622641509434,0.005975473922902493,0.007199487528344671,0.005936371882086167,0.0072243431826272695,0.004395043075827697,0.008810640085439655,0.3617735849056603,0.3176981132075472,0.24071698113207549,0.12860736747529217,0.01617430368373768,0.033044923629829276,21,53,0.5771718541196502,0.8318867924528296,66.75675675675676,74,55
1540,1540.0,0.4903809523809525,0.3015238095238095,0.27376190476190476,0.4831730769230769,0.2866538461538462,0.26448076923076924,0.005975473922902493,0.007199487528344671,0.005936371882086167,0.007707681582840238,0.004252303254437869,0.008595403476331361,0.35988461538461536,0.3182884615384616,0.2255769230769231,0.13049633699633711,0.01676465201465205,0.04818498168498167,21,52,0.509937785150703,0.8219230769230763,65.26027397260275,73,57
1541,1541.0,0.4903809523809525,0.3015238095238095,0.27376190476190476,0.4831730769230769,0.2866538461538462,0.26448076923076924,0.005975473922902493,0.007199487528344671,0.005936371882086167,0.007707681582840238,0.004252303254437869,0.008595403476331361,0.35988461538461536,0.3182884615384616,0.2255769230769231,0.13049633699633711,0.01676465201465205,0.04818498168498167,21,52,0.5284180018960414,0.8492307692307685,66.26027397260275,73,55
1542,1542.0,0.4912500000000001,0.2985,0.27674999999999994,0.4833396226415094,0.28698113207547177,0.26447169811320753,0.0062583874999999995,0.00736745,0.006045687500000001,0.007563695977216092,0.004177641153435386,0.008433230331078677,0.36415094339622633,0.32158490566037734,0.2219245283018868,0.12709905660377374,0.023084905660377353,0.05482547169811314,20,53,0.48136961287220537,0.8628301886792445,66.58904109589041,73,56
1543,1543.0,0.4897222222222223,0.3010555555555555,0.29983333333333334,0.4827307692307693,0.2833846153846154,0.2660576923076923,0.007331533950617284,0.008425385802469137,0.007995583333333334,0.0076895044378698235,0.003572428994082841,0.008462092825443785,0.3608269230769231,0.3173846153846153,0.22407692307692306,0.12889529914529918,0.0163290598290598,0.07575641025641028,18,52,0.6149088452944295,0.8880769230769224,67.41428571428571,70,54
1544,1544.0,0.48384210526315785,0.3021052631578947,0.2881578947368421,0.4829615384615385,0.2825192307692308,0.2653461538461538,0.007157501385041552,0.007950409972299169,0.00877792243767313,0.0076471139053254445,0.0036459034763313613,0.008533534023668639,0.35571153846153847,0.31873076923076926,0.22590384615384612,0.12813056680161938,0.016625506072874552,0.06225404858299599,19,52,0.6511909505842827,0.9005769230769225,66.4225352112676,71,50
1545,1545.0,0.48129999999999995,0.297,0.28515,0.47916,0.28372,0.26292,0.0069224099999999995,0.0080481,0.008510927500000001,0.0079570944,0.0037136816,0.0083552336,0.33836,0.32214,0.22027999999999998,0.14293999999999996,0.025139999999999996,0.06487000000000004,20,50,0.6191830651730349,0.8625999999999995,64.65714285714286,70,51
1546,1546.0,0.48009090909090907,0.28654545454545455,0.28113636363636363,0.48004081632653056,0.28393877551020413,0.2629387755102041,0.00637899173553719,0.008415247933884299,0.007904117768595042,0.008080692211578509,0.0037870778842149107,0.0085257309454394,0.3408979591836734,0.32053061224489793,0.22446938775510203,0.13919294990723569,0.03398515769944338,0.0566669758812616,22,49,0.6311300931564161,0.8624489795918361,65.64788732394366,71,51
1547,1547.0,0.48815,0.27170000000000005,0.2844999999999999,0.47985999999999995,0.28450000000000003,0.26326,0.006298227499999999,0.006551610000000002,0.00850505,0.0079206804,0.00372677,0.0083602724,0.33903999999999995,0.31784,0.22252,0.14911000000000002,0.04613999999999996,0.061979999999999924,20,50,0.6128168263026976,0.8689999999999994,66.35714285714286,70,53
1548,1548.0,0.49442105263157893,0.2706842105263158,0.28015789473684205,0.4778,0.27991999999999995,0.26111999999999996,0.005843191135734072,0.006875795013850417,0.008575606648199448,0.00764188,0.0039164736,0.0081663456,0.33858,0.31748,0.20410000000000003,0.15584105263157894,0.04679578947368418,0.07605789473684202,19,50,0.5840825489795938,0.8765999999999994,67.17391304347827,69,54
1549,1549.0,0.5,0.26630000000000004,0.2790499999999999,0.47641176470588237,0.27984313725490195,0.2649411764705882,0.0056384,0.006270810000000003,0.0081588475,0.0074340461361015004,0.003843504805843906,0.009069820069204152,0.3444509803921569,0.31684313725490193,0.2140980392156863,0.15554901960784312,0.05054313725490189,0.06495196078431362,20,51,0.6106333905142651,0.798823529411764,65.1830985915493,71,58
1550,1550.0,0.5,0.26630000000000004,0.2790499999999999,0.47768,0.28056000000000003,0.26725999999999994,0.0056384,0.006270810000000003,0.0081588475,0.0075006976,0.0038941664,0.0089769924,0.34509999999999996,0.31918,0.2152,0.15490000000000004,0.05287999999999998,0.0638499999999999,20,50,0.5578153231542206,0.8465999999999994,65.51428571428572,70,57
1551,1551.0,0.50715,0.265,0.27924999999999994,0.47900000000000004,0.2790196078431373,0.268921568627451,0.004178727500000001,0.0061035,0.0081547875,0.007994156862745098,0.004035666282199155,0.008979993848519798,0.3552745098039216,0.30890196078431376,0.22241176470588236,0.15187549019607838,0.04390196078431374,0.05683823529411758,20,51,0.6003632186891168,0.7931372549019603,64.7605633802817,71,59
1552,1552.0,0.50715,0.265,0.27924999999999994,0.47900000000000004,0.2790196078431373,0.268921568627451,0.004178727500000001,0.0061035,0.0081547875,0.007994156862745098,0.004035666282199155,0.008979993848519798,0.3552745098039216,0.30890196078431376,0.22241176470588236,0.15187549019607838,0.04390196078431374,0.05683823529411758,20,51,0.5474602945976988,0.8217647058823522,65.7605633802817,71,60
1553,1553.0,0.50715,0.265,0.27924999999999994,0.48027450980392156,0.281078431372549,0.2672745098039216,0.004178727500000001,0.0061035,0.0081547875,0.008184983467896964,0.004107523260284507,0.009072552095347942,0.3591764705882353,0.31460784313725493,0.22231372549019607,0.14797352941176467,0.049607843137254914,0.056936274509803875,20,51,0.4870573705062807,0.8339215686274505,66.15492957746478,71,63
1554,1554.0,0.4993684210526316,0.25794736842105265,0.27336842105263154,0.48144897959183686,0.28016326530612246,0.26983673469387753,0.003187601108033241,0.00542994459833795,0.007892127423822715,0.008469920866305705,0.004247442732194919,0.009272503956684714,0.361265306122449,0.3106734693877551,0.22471428571428573,0.13810311493018257,0.05272610096670244,0.04865413533834581,19,49,0.48340298575831137,0.902653061224489,65.6029411764706,68,61
1555,1555.0,0.5098125,0.2441875,0.2888125,0.48269387755102033,0.2801020408163265,0.2691224489795918,0.0029751523437500003,0.0042107773437500004,0.007858652343750001,0.008334049146189088,0.004249724281549354,0.009369617659308622,0.37483673469387757,0.3127755102040816,0.22112244897959185,0.13497576530612243,0.06858801020408162,0.06769005102040818,16,49,0.5075261956456749,0.9275510204081625,67.23076923076923,65,63
1556,1556.0,0.5096666666666666,0.249,0.2981666666666667,0.48452083333333335,0.28125,0.27370833333333333,0.002762111111111111,0.004178888888888889,0.008565583333333333,0.008431624565972223,0.0042196875,0.010228914930555557,0.37593750000000004,0.30587499999999995,0.23575,0.13372916666666657,0.05687499999999995,0.062416666666666704,18,48,0.529165041447852,0.8618749999999994,68.10606060606061,66,66
1557,1557.0,0.506578947368421,0.2521052631578947,0.314,0.48606122448979594,0.28438775510204084,0.2726122448979592,0.0027883490304709143,0.004132515235457064,0.012627263157894737,0.008373445231153685,0.004606155768429821,0.010077829237817576,0.38046938775510203,0.30826530612244896,0.23093877551020406,0.126109559613319,0.056160042964554235,0.08306122448979594,19,49,0.559029101964548,0.865306122448979,68.41176470588235,68,64
1558,1558.0,0.5138,0.24730000000000002,0.33004999999999995,0.4859166666666667,0.2845,0.2745416666666667,0.00268766,0.004126610000000001,0.0123643475,0.008546868055555554,0.0047015,0.010105373263888889,0.3833125,0.3061041666666666,0.23102083333333334,0.13048750000000003,0.0588041666666666,0.09902916666666661,20,48,0.5835421194826654,0.8554166666666658,69.05882352941177,68,62
1559,1559.0,0.49933333333333335,0.2368095238095238,0.3225714285714286,0.4882127659574468,0.28489361702127664,0.27612765957446817,0.0029000317460317455,0.003858916099773243,0.012395863945578229,0.008615656858306928,0.004340775916704391,0.010119217745586238,0.38927659574468093,0.3073404255319149,0.23144680851063834,0.11005673758865242,0.07053090172239107,0.09112462006079028,21,47,0.637601211793061,0.8325531914893608,68.8970588235294,68,61
1560,1560.0,0.49933333333333335,0.2368095238095238,0.3225714285714286,0.48948888888888875,0.28582222222222226,0.2788666666666667,0.0029000317460317455,0.003858916099773243,0.012395863945578229,0.008786694320987654,0.00441939061728395,0.01037904888888889,0.4003555555555555,0.30739999999999995,0.23731111111111117,0.09897777777777783,0.07059047619047615,0.08526031746031745,21,45,0.6322432462485135,0.8562222222222214,68.8030303030303,66,62
1561,1561.0,0.49990909090909097,0.2382272727272727,0.32268181818181824,0.48948888888888875,0.28582222222222226,0.2788666666666667,0.002775173553719008,0.003725721074380166,0.011832671487603308,0.008786694320987654,0.00441939061728395,0.01037904888888889,0.4003555555555555,0.30739999999999995,0.23731111111111117,0.09955353535353545,0.06917272727272725,0.08537070707070707,22,45,0.5847541315810585,0.900666666666666,69.97014925373135,67,61
1562,1562.0,0.502875,0.24016666666666667,0.3207083333333333,0.4920666666666666,0.2854666666666667,0.2793333333333333,0.002836692708333333,0.0036526388888888893,0.011016206597222222,0.008153706666666666,0.004450426666666667,0.010382222222222222,0.4056222222222222,0.30233333333333334,0.23846666666666666,0.09725277777777774,0.062166666666666676,0.08224166666666666,24,45,0.6437005523484075,0.848666666666666,69.20289855072464,69,61
1563,1563.0,0.50244,0.23620000000000002,0.32064,0.4917659574468084,0.2841063829787235,0.2802978723404255,0.0027277663999999992,0.00388416,0.010575670399999999,0.00808796650067904,0.004682690810321412,0.010856038931643278,0.4041489361702128,0.2988297872340426,0.2460212765957447,0.0982910638297872,0.06262978723404256,0.0746187234042553,25,47,0.6430488472443128,0.8082978723404248,70.45833333333333,72,62
1564,1564.0,0.4964230769230769,0.23761538461538462,0.31203846153846154,0.4931063829787233,0.2823829787234043,0.28291489361702127,0.003527936390532544,0.0037848520710059173,0.012018575443786981,0.007938009959257582,0.004792108646446355,0.010687992756903577,0.4058510638297872,0.29938297872340425,0.2451914893617021,0.09057201309328972,0.06176759410801963,0.06684697217675944,26,47,0.6077525960514453,0.8102127659574462,71.05479452054794,73,62
1565,1565.0,0.4968888888888889,0.24022222222222223,0.3105925925925926,0.497530612244898,0.2788163265306122,0.28775510204081634,0.0034029135802469135,0.003821358024691358,0.011627796982167355,0.008082575593502707,0.004895496876301541,0.01102279716784673,0.41344897959183674,0.2945714285714286,0.2628775510204081,0.08343990929705214,0.05434920634920637,0.04771504157218448,27,49,0.6210554334394373,0.7918367346938767,71.61842105263158,76,60
1566,1566.0,0.4975,0.24846153846153848,0.3027692307692308,0.4935102040816326,0.2797959183673469,0.2845510204081632,0.003494173076923076,0.004598171597633136,0.01013648520710059,0.008484780508121615,0.004812611411911704,0.01142428821324448,0.41567346938775507,0.29218367346938773,0.2621428571428571,0.08182653061224493,0.043722135007849244,0.04062637362637367,26,49,0.6757079126618375,0.7877551020408154,70.33333333333333,75,56
1567,1567.0,0.48872413793103453,0.24096551724137932,0.3016206896551724,0.4916274509803922,0.27984313725490195,0.27839215686274504,0.0041806135552913196,0.004763688466111773,0.009580166468489894,0.008264390618992694,0.004632759707804691,0.011931101114955786,0.4047843137254902,0.2907254901960784,0.2549411764705882,0.08393982420554436,0.04975997295469908,0.04667951318458419,29,51,0.6722254419781086,0.7811764705882347,69.8375,80,51
1568,1568.0,0.49113333333333337,0.24960000000000002,0.3037,0.4911923076923077,0.2770576923076923,0.27946153846153843,0.004209582222222222,0.006766973333333333,0.00938621,0.008115116863905324,0.004939362056213018,0.011759979289940829,0.40123076923076917,0.28896153846153844,0.25025,0.0899025641025642,0.03936153846153842,0.05345000000000005,30,52,0.6172844764857429,0.774038461538461,71.1219512195122,82,53
1569,1569.0,0.49113333333333337,0.24960000000000002,0.3037,0.4853,0.279,0.27546,0.004209582222222222,0.006766973333333333,0.00938621,0.00804613,0.004717160000000001,0.0117358484,0.39864,0.2954,0.24185999999999996,0.09249333333333337,0.04579999999999998,0.06184000000000006,30,50,0.5928610289196027,0.7933999999999993,70.85,80,53
1570,1570.0,0.4875806451612904,0.2465483870967742,0.3020645161290323,0.48690196078431375,0.2801764705882353,0.27358823529411763,0.004452437044745057,0.0068280541103017695,0.009163673257023932,0.00801667666282199,0.004693870818915801,0.011680908881199537,0.402313725490196,0.2992156862745098,0.2371176470588235,0.0852669196710944,0.05266729917773558,0.0649468690702088,31,51,0.5404234658259316,0.7866666666666661,71.67073170731707,82,55
1571,1571.0,0.4875806451612904,0.2465483870967742,0.3020645161290323,0.48690196078431375,0.2801764705882353,0.27358823529411763,0.004452437044745057,0.0068280541103017695,0.009163673257023932,0.00801667666282199,0.004693870818915801,0.011680908881199537,0.402313725490196,0.2992156862745098,0.2371176470588235,0.0852669196710944,0.05266729917773558,0.0649468690702088,31,51,0.5038956761285656,0.834901960784313,72.67073170731707,82,53
1572,1572.0,0.4875806451612904,0.2465483870967742,0.3020645161290323,0.47928571428571426,0.28230612244897957,0.26632653061224487,0.004452437044745057,0.0068280541103017695,0.009163673257023932,0.006794897959183674,0.004847151187005414,0.010971117867555183,0.39283673469387753,0.3040408163265306,0.2158367346938775,0.09474391046741287,0.05749242922975642,0.08622778143515478,31,49,0.4786582090118449,0.855918367346938,72.4625,80,53
1573,1573.0,0.4886551724137931,0.24393103448275866,0.30006896551724144,0.47556,0.28028,0.2643,0.004701053507728895,0.007149719381688465,0.004972822829964328,0.0073391664,0.004951361599999999,0.010952930000000001,0.38647999999999993,0.30082000000000003,0.2133,0.10217517241379315,0.056888965517241374,0.08676896551724145,29,50,0.5131875568901966,0.8385999999999992,72.65822784810126,79,54
1574,1574.0,0.48664516129032254,0.25374193548387103,0.29729032258064514,0.4772745098039215,0.2803921568627451,0.2683921568627451,0.0048028740894901145,0.008580901144640999,0.004940270551508845,0.007342238369857747,0.004854905036524414,0.011575454056132257,0.39347058823529407,0.2952941176470588,0.22678431372549018,0.09317457305502846,0.04155218216318779,0.07050600885515496,31,51,0.5266501425510112,0.7643137254901953,71.59756097560975,82,57
1575,1575.0,0.48664516129032254,0.25374193548387103,0.29729032258064514,0.4761320754716981,0.2793018867924528,0.2686037735849056,0.0048028740894901145,0.008580901144640999,0.004940270551508845,0.007165020291918832,0.004734852260590956,0.011171522249911001,0.3871132075471697,0.2936981132075472,0.2201698113207547,0.09953195374315282,0.039956177723676156,0.07712051125989045,31,53,0.5288540558838305,0.7309433962264145,71.53571428571429,84,58
1576,1576.0,0.49348275862068963,0.2601379310344828,0.30203448275862077,0.47946153846153855,0.2748846153846154,0.2709615384615385,0.0042193531510107025,0.0084806016646849,0.00490313674197384,0.0072322100591715975,0.004308640532544378,0.011156806213017753,0.38457692307692304,0.28565384615384615,0.2295961538461538,0.1089058355437666,0.025515915119363353,0.07243832891246696,29,52,0.5248862830370908,0.7926923076923071,71.17283950617283,81,54
1577,1577.0,0.49079999999999996,0.26096666666666674,0.2941333333333334,0.4787450980392158,0.2754509803921569,0.2672549019607843,0.004111426666666667,0.008341565555555557,0.006215515555555555,0.007347327181853133,0.004376443675509419,0.01066113110342176,0.3806470588235295,0.28729411764705887,0.21941176470588233,0.11015294117647045,0.02632745098039213,0.07472156862745108,30,51,0.47542574335526094,0.808431372549019,69.91358024691358,81,53
1578,1578.0,0.4931612903225806,0.26567741935483874,0.29332258064516137,0.474173076923077,0.2750192307692308,0.26671153846153844,0.004366264308012487,0.008816928199791884,0.005873186264308015,0.008272104659763312,0.004301788091715976,0.010471166789940827,0.38015384615384623,0.28875,0.21775,0.11300744416873437,0.023072580645161267,0.07557258064516137,31,52,0.5396747977415446,0.7834615384615378,69.57831325301204,83,50
1579,1579.0,0.4891290322580645,0.2659677419354839,0.28567741935483876,0.47237254901960785,0.2735882352941177,0.26317647058823535,0.004000499479708637,0.008808611862643083,0.005659121748178982,0.008265723952326028,0.004279653979238755,0.010026655132641293,0.37574509803921574,0.29052941176470587,0.20588235294117646,0.11338393421884874,0.024561669829221977,0.0797950664136623,31,51,0.5261565173108067,0.8186274509803914,70.47560975609755,82,48
1580,1580.0,0.4984516129032258,0.2693225806451613,0.2856451612903226,0.47442307692307695,0.27167307692307696,0.2671346153846154,0.004091860561914673,0.00866079916753382,0.006067390218522373,0.008321205621301774,0.004384412352071007,0.010632847263313606,0.3825961538461539,0.28534615384615386,0.2203269230769231,0.1158554590570719,0.01602357320099257,0.0653182382133995,31,52,0.5250244713214952,0.787692307692307,70.55421686746988,83,50
1581,1581.0,0.4984516129032258,0.2693225806451613,0.2856451612903226,0.4807358490566038,0.27733962264150946,0.26947169811320754,0.004091860561914673,0.00866079916753382,0.006067390218522373,0.00814796796012816,0.004315356354574581,0.011211871840512635,0.41207547169811315,0.29547169811320756,0.22835849056603774,0.08637614120511267,0.026149117468046268,0.05728667072428484,31,53,0.5011833504520395,0.8575471698113202,69.35714285714286,84,43
1582,1582.0,0.4970333333333333,0.27030000000000004,0.27976666666666666,0.48110909090909093,0.27990909090909094,0.26718181818181813,0.004165898888888888,0.008919876666666667,0.0051983788888888905,0.008182388099173554,0.004168519008264462,0.011112185123966941,0.4129272727272727,0.28890909090909095,0.23585454545454548,0.08410606060606063,0.01860909090909091,0.04391212121212118,30,55,0.5159344517590262,0.8336363636363632,68.58823529411765,85,42
1583,1583.0,0.4946333333333334,0.2584,0.2772,0.47735714285714287,0.27719642857142857,0.26701785714285714,0.004025898888888889,0.0075597066666666666,0.004957026666666667,0.00881051530612245,0.004498800701530613,0.010915231823979592,0.40651785714285715,0.28626785714285713,0.2327321428571429,0.08811547619047627,0.02786785714285711,0.044467857142857115,30,56,0.48148245643794013,0.8048214285714278,69.17441860465117,86,45
1584,1584.0,0.49113333333333337,0.25579999999999997,0.27586666666666665,0.47719298245614034,0.27635087719298246,0.2674385964912281,0.004462582222222222,0.00792422666666667,0.004747782222222222,0.008657453985841798,0.004459911972914742,0.010733649738381042,0.4042280701754386,0.28343859649122805,0.23233333333333336,0.08690526315789476,0.027638596491228073,0.043533333333333285,30,57,0.49890234462727184,0.8194736842105256,69.0919540229885,87,41
1585,1585.0,0.492483870967742,0.25941935483870965,0.272741935483871,0.47567272727272725,0.27456363636363634,0.26881818181818184,0.004373346514047866,0.00806159833506764,0.004887546305931322,0.008822620165289256,0.004524427768595041,0.010980621487603304,0.4037636363636364,0.2814545454545455,0.2384727272727273,0.08872023460410561,0.022035190615835865,0.03426920821114368,31,55,0.5190493082883764,0.8445454545454537,68.6046511627907,86,37
1586,1586.0,0.4960967741935484,0.261258064516129,0.27345161290322584,0.4768888888888889,0.27485185185185185,0.27038888888888885,0.004401958376690946,0.00824657856399584,0.005217731529656607,0.008904654320987655,0.004603644718792867,0.011048274691358027,0.41124074074074074,0.28425925925925927,0.24288888888888888,0.08485603345280768,0.023001194743130282,0.03056272401433696,31,54,0.6003473274996065,0.8142592592592584,68.31764705882352,85,32
1587,1587.0,0.4871470588235294,0.25270588235294117,0.2704411764705882,0.47429090909090915,0.2728181818181818,0.2694181818181817,0.005014301903114186,0.008344266435986162,0.004994070069204153,0.008627515371900827,0.004538076033057852,0.011127552396694213,0.4145636363636364,0.2908727272727273,0.23830909090909097,0.07258342245989297,0.038166844919786114,0.032132085561497215,34,55,0.552304855993962,0.7789090909090901,68.06741573033707,89,33
1588,1588.0,0.4901470588235294,0.25364705882352945,0.2775,0.46871698113207544,0.2730754716981132,0.262754716981132,0.00447041955017301,0.008400404844290658,0.005347426470588236,0.008052467070131719,0.004704447134211464,0.010114147383410464,0.4076981132075472,0.29688679245283023,0.21958490566037736,0.0824489456159822,0.04323973362930078,0.057915094339622664,34,53,0.5511265262572566,0.7879245283018861,68.66666666666667,87,34
1589,1589.0,0.48731428571428564,0.2546285714285714,0.2797428571428571,0.46942307692307694,0.27042307692307693,0.2636538461538461,0.004615529795918367,0.008193147755102043,0.0053656767346938776,0.008156282544378697,0.004479667159763313,0.010122495562130174,0.41805769230769224,0.3001538461538461,0.22161538461538466,0.0692565934065934,0.04552527472527468,0.05812747252747247,35,52,0.5286324182425303,0.7905769230769225,68.82758620689656,87,33
1590,1590.0,0.48822857142857135,0.24899999999999994,0.2777714285714286,0.4687777777777778,0.27149999999999996,0.26129629629629625,0.004617776326530612,0.008568171428571428,0.0055322906122448985,0.007930358024691359,0.004345472222222222,0.010068430727023318,0.4231851851851851,0.2988703703703703,0.21512962962962967,0.06504338624338624,0.04987037037037034,0.06264179894179894,35,54,0.5304512688362114,0.7894444444444436,69.42696629213484,89,30
1591,1591.0,0.48694117647058827,0.2505,0.27891176470588236,0.46836363636363637,0.270890909090909,0.2588181818181818,0.0050052318339100345,0.009199132352941179,0.004595492214532872,0.007795431404958678,0.004286497190082645,0.010216985123966944,0.42699999999999994,0.2982727272727272,0.2127272727272728,0.05994117647058833,0.04777272727272719,0.06618449197860957,34,55,0.552542841056092,0.7494545454545448,69.66292134831461,89,32
1592,1592.0,0.49303030303030304,0.2577878787878788,0.2794848484848485,0.46494545454545455,0.2707272727272727,0.25690909090909086,0.004644756657483931,0.009209924701561066,0.004740128558310376,0.008264778842975207,0.004277107438016529,0.01039400991735537,0.4193090909090908,0.2967818181818182,0.21610909090909092,0.07372121212121224,0.038993939393939414,0.06337575757575759,33,55,0.5653479568492111,0.7221818181818175,69.7840909090909,88,33
1593,1593.0,0.49134285714285725,0.25657142857142856,0.2753428571428572,0.46494545454545455,0.2707272727272727,0.25690909090909086,0.004834339591836734,0.008924187755102042,0.0049863967346938775,0.008264778842975207,0.004277107438016529,0.01039400991735537,0.4193090909090908,0.2967818181818182,0.21610909090909092,0.07203376623376645,0.04021038961038964,0.059233766233766305,35,55,0.5376952074711032,0.6930909090909083,69.66666666666667,90,36
1594,1594.0,0.49134285714285725,0.25657142857142856,0.2753428571428572,0.46679245283018866,0.2725283018867924,0.2597735849056604,0.004834339591836734,0.008924187755102042,0.0049863967346938775,0.008500164471342116,0.004424664293342826,0.01045723175507298,0.4290754716981131,0.29,0.22141509433962264,0.06226738544474414,0.03342857142857142,0.05392776280323458,35,53,0.4808401775651938,0.6722641509433954,68.86363636363636,88,39
1595,1595.0,0.4938181818181818,0.25066666666666665,0.2775757575757576,0.46788679245283016,0.2706415094339622,0.2647358490566038,0.004812694214876032,0.008726646464646465,0.005129213957759412,0.008435949448202206,0.004796682805268779,0.011491817016731933,0.4307358490566037,0.2829245283018868,0.24028301886792452,0.0630823327615781,0.03225786163522015,0.03729273870783306,33,53,0.4825021293909572,0.6522641509433954,69.36046511627907,86,42
1596,1596.0,0.4938181818181818,0.25066666666666665,0.2775757575757576,0.4714509803921569,0.2698627450980392,0.2651372549019608,0.004812694214876032,0.008726646464646465,0.005129213957759412,0.008394835832372166,0.0049075301806997314,0.011764785082660514,0.4335098039215687,0.2833529411764706,0.24409803921568626,0.06030837789661314,0.032686274509803936,0.033477718360071324,33,51,0.4753835418804686,0.6601960784313718,69.45238095238095,84,42
1597,1597.0,0.4938181818181818,0.25066666666666665,0.2775757575757576,0.47208,0.26921999999999996,0.26581999999999995,0.004812694214876032,0.008726646464646465,0.005129213957759412,0.008542553599999999,0.004984611599999999,0.0119763076,0.43007999999999996,0.27908,0.24898,0.06373818181818186,0.028413333333333346,0.02859575757575758,33,50,0.46826495436997984,0.7031999999999993,70.3132530120482,83,40
1598,1598.0,0.49542424242424243,0.25239393939393934,0.2736666666666666,0.47353061224489795,0.27014285714285713,0.26591836734693874,0.0045232139577594125,0.008467450872359965,0.0051692525252525255,0.008611677634319035,0.0050437551020408155,0.012220238234069139,0.4288571428571428,0.28153061224489795,0.25012244897959185,0.06656709956709961,0.02913667285095861,0.023544217687074764,33,49,0.5128848416631591,0.7238775510204074,70.60975609756098,82,37
1599,1599.0,0.4996774193548386,0.2493548387096774,0.2762903225806451,0.47069387755102043,0.2701224489795918,0.26442857142857146,0.0039404120707596255,0.008272938605619149,0.005388141519250779,0.008507355268638068,0.005044148271553519,0.012409959183673467,0.4342857142857142,0.28806122448979593,0.25116326530612243,0.0653917050691244,0.038706385780118535,0.02512705727452269,31,49,0.49638112869892753,0.7691836734693869,70.825,80,35
1600,1600.0,0.49721874999999993,0.247375,0.2814375,0.47982978723404257,0.27351063829787226,0.2651063829787234,0.0039615458984375,0.008900359375,0.0062246210937500004,0.006814907197827072,0.004811313716613852,0.012922946129470349,0.44406382978723397,0.2895957446808511,0.2577234042553192,0.053154920212765966,0.042220744680851074,0.023714095744680808,32,47,0.537040569596722,0.8019148936170206,70.49367088607595,79,31
1601,1601.0,0.4957941176470587,0.24847058823529414,0.2838235294117647,0.4830851063829787,0.2688297872340425,0.2650425531914894,0.003810457612456748,0.008432778546712804,0.006469321799307959,0.006984460842009959,0.004859715708465368,0.012928508827523767,0.45134042553191484,0.2814468085106383,0.25640425531914895,0.044453692115143884,0.032976220275344165,0.027419274092615742,34,47,0.4926562874832141,0.8097872340425525,71.39506172839506,81,32
1602,1602.0,0.4957941176470587,0.24847058823529414,0.2838235294117647,0.48200000000000004,0.2704285714285714,0.26173469387755105,0.003810457612456748,0.008432778546712804,0.006469321799307959,0.007107142857142859,0.005411224489795918,0.012685541857559351,0.449265306122449,0.2930408163265307,0.24797959183673468,0.04652881152460969,0.044570228091236536,0.035843937575030016,34,49,0.504702133824412,0.7955102040816319,71.27710843373494,83,30
1603,1603.0,0.5011818181818182,0.24936363636363634,0.2796363636363636,0.48231372549019613,0.27209803921568626,0.25760784313725493,0.0035760881542699725,0.00883683746556474,0.006837261707988981,0.007279823144944253,0.005550637447135716,0.012644238369857747,0.453607843137255,0.29309803921568633,0.24072549019607845,0.04757397504456318,0.04373440285204999,0.03891087344028518,33,51,0.5249896927332725,0.7572549019607836,72.36904761904762,84,30
1604,1604.0,0.5011818181818182,0.24936363636363634,0.2796363636363636,0.48696,0.26748,0.26112,0.0035760881542699725,0.00883683746556474,0.006837261707988981,0.0074047183999999995,0.005488649600000001,0.013470265599999998,0.46678000000000003,0.2822,0.25846,0.034401818181818145,0.032836363636363664,0.021176363636363604,33,50,0.48287379407962405,0.7749999999999991,72.98795180722891,83,30
1605,1605.0,0.5000000000000001,0.2469310344827586,0.28034482758620693,0.49048,0.26714,0.25971999999999995,0.0034811034482758628,0.008665719381688468,0.007456984542211653,0.0070687696,0.0054864804,0.0134798416,0.4685999999999999,0.27814,0.25698,0.031400000000000206,0.031208965517241394,0.02336482758620695,29,50,0.4923921623059679,0.7997999999999992,72.35443037974683,79,29
1606,1606.0,0.5000000000000001,0.24544827586206897,0.28751724137931034,0.4911,0.26966,0.25834,0.0034811034482758628,0.00848093697978597,0.00794569797859691,0.00720729,0.0054391044,0.012978984399999997,0.4661,0.27818000000000004,0.2602,0.0339000000000001,0.03273172413793107,0.027317241379310353,29,50,0.5117828339076769,0.7945999999999992,72.27848101265823,79,27
1607,1607.0,0.5009285714285715,0.25,0.28767857142857134,0.4911,0.26966,0.25834,0.003781923469387755,0.00822057142857143,0.008084075255102042,0.00720729,0.0054391044,0.012978984399999997,0.4661,0.27818000000000004,0.2602,0.034828571428571486,0.02818000000000004,0.027478571428571352,28,50,0.537878897481642,0.8105999999999993,73.78205128205128,78,26
1608,1608.0,0.5009285714285715,0.25,0.28767857142857134,0.49072916666666666,0.2694375,0.2625416666666667,0.003781923469387755,0.00822057142857143,0.008084075255102042,0.007502655815972222,0.00565099609375,0.013049164930555556,0.45943749999999994,0.27297916666666666,0.2710416666666667,0.04149107142857156,0.02297916666666666,0.01663690476190466,28,48,0.5029305047659545,0.873124999999999,73.96052631578948,76,25
1609,1609.0,0.49546666666666667,0.2518333333333333,0.2788666666666666,0.48621568627450973,0.26852941176470585,0.2548235294117647,0.003962448888888889,0.008195605555555556,0.008686382222222223,0.007697502499038832,0.005849700115340254,0.012726929642445213,0.45241176470588235,0.2782352941176471,0.25739215686274514,0.04305490196078432,0.026401960784313783,0.02147450980392146,30,51,0.5134499712469157,0.7819607843137247,72.14814814814815,81,26
1610,1610.0,0.4899285714285714,0.25621428571428567,0.28657142857142853,0.48546,0.26752,0.25628,0.003914923469387754,0.007565954081632653,0.01081981632653061,0.0078223284,0.005914729600000001,0.0128732816,0.44789999999999996,0.27612000000000003,0.26054,0.042028571428571415,0.01990571428571436,0.02603142857142854,28,50,0.5526004126628286,0.7829999999999993,72.78205128205128,78,27
1611,1611.0,0.49229999999999996,0.26366666666666666,0.2789666666666666,0.4863061224489796,0.26781632653061227,0.26104081632653064,0.003741476666666667,0.007986355555555555,0.011144165555555556,0.008092457309454393,0.005598966264056642,0.01372616159933361,0.4531632653061224,0.27102040816326534,0.2845102040816327,0.03913673469387757,0.007353741496598676,0.005543537414966104,30,49,0.558247776777569,0.7240816326530605,71.53164556962025,79,29
1612,1612.0,0.49229999999999996,0.26366666666666666,0.2789666666666666,0.48484,0.26778,0.25766,0.003741476666666667,0.007986355555555555,0.011144165555555556,0.008035934400000002,0.0054870516,0.014011704399999998,0.45574,0.27366,0.28058,0.03655999999999998,0.009993333333333354,0.001613333333333411,30,50,0.5505105644426358,0.7033999999999994,72.5375,80,31
1613,1613.0,0.4907272727272727,0.2663636363636364,0.26745454545454544,0.4833333333333334,0.26588235294117646,0.25735294117647056,0.0037901983471074377,0.00836095867768595,0.011894914600550963,0.007991869281045751,0.005559515570934254,0.01374167935409458,0.4475686274509804,0.26986274509803926,0.275078431372549,0.04315864527629226,0.003499108734402845,0.007623885918003559,33,51,0.5219768632396254,0.6278431372549012,70.85714285714286,84,36
1614,1614.0,0.494741935483871,0.2756774193548387,0.26058064516129037,0.48537499999999995,0.26625000000000004,0.25810416666666663,0.0038083850156087405,0.007832412070759626,0.011524243496357956,0.008181776041666667,0.005585062499999999,0.01432959331597222,0.45275,0.27258333333333334,0.28206250000000005,0.041991935483871035,0.003094086021505349,0.02148185483870968,31,48,0.5418460753662218,0.6452083333333326,70.0126582278481,79,36
1615,1615.0,0.49860000000000004,0.2749333333333333,0.2645,0.4842826086956522,0.26595652173913037,0.25504347826086954,0.003473906666666666,0.00807632888888889,0.011432183333333335,0.008389028827977313,0.005818476370510396,0.01381995463137996,0.4417826086956522,0.2730869565217392,0.2735869565217391,0.05681739130434782,0.0018463768115941082,0.009086956521739076,30,46,0.5554751416171454,0.6345652173913036,70.36842105263158,76,39
1616,1616.0,0.5021785714285714,0.28424999999999995,0.2661428571428571,0.4838085106382979,0.2678085106382978,0.2594468085106383,0.003412789540816326,0.007351044642857142,0.012060408163265307,0.008220878225441378,0.005852452693526482,0.014417821638750565,0.443,0.2717659574468086,0.2845744680851064,0.05917857142857136,0.012484042553191355,0.018431610942249266,28,47,0.5347091143303773,0.6702127659574462,70.82666666666667,75,39
1617,1617.0,0.5022692307692307,0.29038461538461535,0.2588076923076923,0.4847872340425532,0.266468085106383,0.26093617021276594,0.0037678890532544373,0.007071775147928995,0.010859693786982249,0.00832403983703033,0.005843440470801268,0.014741932095971026,0.44661702127659575,0.2690000000000001,0.28672340425531917,0.05565220949263494,0.02138461538461528,0.027915711947626876,26,47,0.5354758461277644,0.6493617021276588,69.79452054794521,73,42
1618,1618.0,0.5022692307692307,0.29038461538461535,0.2588076923076923,0.4896976744186045,0.26462790697674415,0.26946511627906977,0.0037678890532544373,0.007071775147928995,0.010859693786982249,0.00854448999459167,0.006269722011898325,0.015031458085451595,0.4386744186046512,0.2568604651162791,0.3044883720930232,0.06359481216457952,0.03352415026833627,0.04568067978533091,26,43,0.5209863029104493,0.7093023255813945,69.40579710144928,69,41
1619,1619.0,0.4997692307692307,0.2860384615384616,0.25003846153846154,0.4876153846153847,0.2625384615384615,0.26953846153846156,0.0038804852071005914,0.007573421597633135,0.009920036982248519,0.008027621301775149,0.0064412741617357,0.014451889546351083,0.44074358974358974,0.25125641025641027,0.305076923076923,0.05902564102564095,0.03478205128205131,0.05503846153846148,26,39,0.5480452769084265,0.7051282051282045,68.29230769230769,65,43
1620,1620.0,0.5026923076923077,0.2818846153846154,0.26269230769230767,0.48733333333333334,0.25758974358974357,0.27941025641025646,0.003709597633136094,0.007373717455621302,0.010809213017751479,0.008468478632478635,0.00601875476660092,0.013741677843523998,0.4302820512820513,0.23853846153846162,0.3285897435897436,0.07241025641025634,0.043346153846153784,0.06589743589743591,26,39,0.5326210888283256,0.7199999999999994,68.13846153846154,65,44
1621,1621.0,0.5026923076923077,0.2818846153846154,0.26269230769230767,0.48478947368421055,0.2602631578947368,0.2809736842105263,0.003709597633136094,0.007373717455621302,0.010809213017751479,0.008438955678670363,0.005898404432132963,0.014007972991689752,0.43152631578947376,0.2416842105263158,0.33428947368421047,0.0711659919028339,0.04020040485829959,0.0715971659919028,26,38,0.47971241782890306,0.7097368421052623,68.453125,64,49
1622,1622.0,0.4985,0.283076923076923,0.2609230769230769,0.48478947368421055,0.2602631578947368,0.2809736842105263,0.004750096153846153,0.007225917159763314,0.01108807100591716,0.008438955678670363,0.005898404432132963,0.014007972991689752,0.43152631578947376,0.2416842105263158,0.33428947368421047,0.06697368421052624,0.0413927125506072,0.07336639676113355,26,38,0.47332366346906724,0.717105263157894,69.640625,64,51
1623,1623.0,0.49968,0.28091999999999995,0.25156,0.4731081081081081,0.25670270270270273,0.2723513513513514,0.004903897599999999,0.007393993599999999,0.0092522464,0.00815263696128561,0.0058296143170197216,0.01340709276844412,0.4190540540540541,0.24856756756756765,0.30518918918918914,0.08062594594594591,0.0323524324324323,0.05362918918918913,25,37,0.4720139123241077,0.7567567567567561,69.45161290322581,62,51
1624,1624.0,0.4956666666666667,0.27666666666666667,0.2525833333333333,0.4731081081081081,0.25670270270270273,0.2723513513513514,0.004705555555555555,0.007249805555555555,0.009611576388888888,0.00815263696128561,0.0058296143170197216,0.01340709276844412,0.4190540540540541,0.24856756756756765,0.30518918918918914,0.0766126126126126,0.028099099099099023,0.05260585585585581,24,37,0.4818610971369865,0.892432432432432,69.80327868852459,61,43
1625,1625.0,0.49886956521739123,0.2796086956521739,0.25708695652173913,0.47780555555555565,0.25563888888888886,0.2755000000000001,0.004663939508506616,0.007357281663516068,0.009542688090737241,0.007562656635802469,0.005949675154320987,0.013412694444444444,0.4261666666666667,0.24405555555555558,0.3076111111111111,0.07270289855072454,0.03555314009661831,0.05052415458937198,23,36,0.5369334689434349,0.9558333333333326,70.20338983050847,59,41
1626,1626.0,0.49872727272727263,0.28136363636363637,0.24986363636363637,0.4724166666666666,0.2584444444444444,0.2747777777777778,0.0048754710743801645,0.007620867768595041,0.00877639049586777,0.007973743055555557,0.006292358024691357,0.01392606172839506,0.4266666666666667,0.24466666666666662,0.31919444444444445,0.07206060606060594,0.036696969696969756,0.06933080808080808,22,36,0.5446886614721179,0.9847222222222215,69.55172413793103,58,39
1627,1627.0,0.49890909090909086,0.2845909090909091,0.25486363636363635,0.4724166666666666,0.2584444444444444,0.2747777777777778,0.0048631735537190066,0.007817878099173553,0.008512754132231405,0.007973743055555557,0.006292358024691357,0.01392606172839506,0.4266666666666667,0.24466666666666662,0.31919444444444445,0.07224242424242416,0.0399242424242425,0.0643308080808081,22,36,0.5928092855593703,0.9738888888888884,70.46551724137932,58,40
1628,1628.0,0.50656,0.28143999999999997,0.26104000000000005,0.47068421052631576,0.2564473684210526,0.2704736842105263,0.005591526399999999,0.007112886400000001,0.0082562784,0.008286110803324101,0.00608856301939058,0.013822617728531857,0.41392105263157897,0.24049999999999994,0.3106578947368421,0.09263894736842104,0.04094000000000003,0.04961789473684203,25,38,0.5672092302143125,0.9031578947368416,69.66666666666667,63,42
1629,1629.0,0.5113333333333333,0.2650416666666667,0.2627083333333333,0.47068421052631576,0.2564473684210526,0.2704736842105263,0.005763138888888888,0.0070159565972222225,0.006699206597222222,0.008286110803324101,0.00608856301939058,0.013822617728531857,0.41392105263157897,0.24049999999999994,0.3106578947368421,0.09741228070175434,0.02454166666666674,0.047949561403508756,24,38,0.5862469468839628,0.8899999999999995,70.87096774193549,62,45
1630,1630.0,0.50212,0.27043999999999996,0.26012,0.47037500000000004,0.2587,0.267175,0.0055793056,0.0062340864,0.006467865600000001,0.007933134375000001,0.005883359999999999,0.013351844375,0.41785000000000005,0.24957500000000002,0.298225,0.08426999999999996,0.02086499999999994,0.038105,25,40,0.5476758864575685,0.8174999999999993,69.9076923076923,65,49
1631,1631.0,0.5096250000000001,0.27187500000000003,0.26429166666666665,0.4684864864864865,0.2577567567567568,0.26805405405405414,0.004403651041666667,0.006442359375000001,0.006302289930555556,0.00820143900657414,0.005233643535427318,0.014313510591672756,0.4272702702702703,0.2503513513513513,0.32094594594594594,0.08235472972972979,0.021523648648648752,0.056654279279279296,24,37,0.5796432115962283,0.9018918918918915,68.90163934426229,61,46
1632,1632.0,0.5017083333333333,0.266125,0.258125,0.4684864864864865,0.2577567567567568,0.26805405405405414,0.0044300399305555556,0.0070058593749999995,0.005577192708333334,0.00820143900657414,0.005233643535427318,0.014313510591672756,0.4272702702702703,0.2503513513513513,0.32094594594594594,0.074438063063063,0.01577364864864872,0.06282094594594595,24,37,0.5769128850439312,0.9375675675675671,69.60655737704919,61,46
1633,1633.0,0.5023478260869566,0.26421739130434785,0.2580434782608696,0.4744324324324325,0.2601081081081082,0.2678918918918919,0.004612835538752363,0.007223126654064272,0.005819519848771267,0.009004623813002191,0.005645447772096421,0.014335555880204532,0.4357027027027028,0.25462162162162155,0.32018918918918915,0.06664512338425382,0.009595769682726296,0.06214571092831955,23,37,0.5400497639643231,0.9235135135135126,68.93333333333334,60,50
1634,1634.0,0.5023478260869566,0.26421739130434785,0.2580434782608696,0.47805714285714296,0.26231428571428567,0.2721428571428571,0.004612835538752363,0.007223126654064272,0.005819519848771267,0.00848045387755102,0.005784272653061224,0.014774008163265306,0.45260000000000006,0.25822857142857136,0.3359142857142857,0.04974782608695655,0.0059888198757764854,0.07787080745341612,23,35,0.5308687335444194,0.9768571428571424,68.48275862068965,58,48
1635,1635.0,0.5046153846153846,0.26803846153846156,0.254,0.4728108108108109,0.2618648648648648,0.2704324324324324,0.004354544378698226,0.006589113905325444,0.00616446153846154,0.008019450693937181,0.005497738495252007,0.014054948137326514,0.43529729729729727,0.25586486486486487,0.3301081081081081,0.06931808731808731,0.012173596673596687,0.07610810810810809,26,37,0.5249545066101485,0.8743243243243238,68.6984126984127,63,49
1636,1636.0,0.5046153846153846,0.26803846153846156,0.254,0.4756571428571427,0.2625428571428571,0.27314285714285713,0.004354544378698226,0.006589113905325444,0.00616446153846154,0.008327311020408162,0.0057887624489795925,0.014442179591836732,0.4476,0.25857142857142856,0.34140000000000004,0.05701538461538458,0.009467032967032996,0.08740000000000003,26,35,0.4914981909036778,0.8588571428571422,68.11475409836065,61,52
1637,1637.0,0.5144444444444445,0.27296296296296296,0.2615185185185185,0.47414705882352937,0.2698235294117647,0.2689705882352942,0.0048104691358024695,0.00594322085048011,0.007032323731138547,0.007638301903114188,0.00661032179930796,0.014426146193771625,0.44964705882352946,0.2815,0.3220588235294118,0.06479738562091503,0.00853703703703701,0.0605403050108933,27,34,0.4817600732609325,0.830588235294117,68.08196721311475,61,56
1638,1638.0,0.5196538461538462,0.26826923076923076,0.26361538461538464,0.47341176470588237,0.2715294117647059,0.2715882352941177,0.00438430325443787,0.005347735207100593,0.006880390532544379,0.007529889273356401,0.006601190311418684,0.01535918339100346,0.45270588235294124,0.2802647058823529,0.3238235294117647,0.06694796380090501,0.011995475113122156,0.060208144796380036,26,34,0.48804963427868164,0.8241176470588228,67.91666666666667,60,58
1639,1639.0,0.5209230769230769,0.26853846153846156,0.2616538461538462,0.47341176470588237,0.2715294117647059,0.2715882352941177,0.004262994082840237,0.005347248520710059,0.007159457100591717,0.007529889273356401,0.006601190311418684,0.01535918339100346,0.45270588235294124,0.2802647058823529,0.3238235294117647,0.0682171945701357,0.011726244343891357,0.062169683257918495,26,34,0.5010302084629686,0.8076470588235286,68.86666666666666,60,61
1640,1640.0,0.5111785714285715,0.26607142857142857,0.25439285714285714,0.4742,0.2704857142857143,0.27134285714285716,0.004682503826530613,0.004592994897959183,0.009188667091836734,0.007335874285714285,0.006449621224489796,0.014922396734693878,0.4422857142857143,0.28591428571428573,0.3217428571428571,0.0688928571428572,0.019842857142857162,0.06734999999999997,28,35,0.5758635968716763,0.7271428571428564,66.93650793650794,63,61
1641,1641.0,0.5078,0.26999999999999996,0.2607,0.4734705882352941,0.2693529411764706,0.2728235294117647,0.0069749600000000005,0.0053541333333333345,0.010208276666666667,0.007533013840830449,0.006594404844290657,0.015284557093425603,0.44223529411764706,0.28141176470588236,0.3312058823529412,0.06556470588235297,0.011411764705882399,0.0705058823529412,30,34,0.568206585855687,0.718823529411764,66.5,64,63
1642,1642.0,0.5078,0.26999999999999996,0.2607,0.4734705882352941,0.2693529411764706,0.2728235294117647,0.0069749600000000005,0.0053541333333333345,0.010208276666666667,0.007533013840830449,0.006594404844290657,0.015284557093425603,0.44223529411764706,0.28141176470588236,0.3312058823529412,0.06556470588235297,0.011411764705882399,0.0705058823529412,30,34,0.5820107873469695,0.7964705882352935,67.5,64,59
1643,1643.0,0.5091333333333333,0.2700666666666666,0.25723333333333337,0.4734705882352941,0.2693529411764706,0.2728235294117647,0.007032382222222222,0.00535212888888889,0.00920271222222222,0.007533013840830449,0.006594404844290657,0.015284557093425603,0.44223529411764706,0.28141176470588236,0.3312058823529412,0.06689803921568627,0.01134509803921574,0.07397254901960781,30,34,0.5693380001135304,0.8320588235294109,68.59375,64,59
1644,1644.0,0.5071724137931034,0.2690344827586207,0.2536896551724138,0.4822647058823529,0.2678235294117647,0.27741176470588236,0.0071595219976218795,0.005504722948870391,0.009143317479191441,0.009338135813148789,0.006513615916955017,0.015430301038062288,0.4410588235294117,0.2734411764705882,0.3582058823529412,0.06611359026369168,0.004406693711967502,0.10451622718052739,29,34,0.5644818975248157,0.8832352941176465,69.57142857142857,63,59
1645,1645.0,0.5035483870967742,0.2716129032258065,0.25858064516129037,0.48220588235294115,0.27232352941176474,0.26920588235294113,0.007711860561914673,0.005502043704474506,0.008960308012486993,0.009340045847750866,0.005878454152249134,0.01403216349480969,0.42582352941176477,0.2800588235294118,0.33264705882352935,0.07772485768500942,0.008445920303605303,0.07406641366223898,31,34,0.5673988696073636,0.8755882352941169,68.95384615384616,65,57
1646,1646.0,0.5035483870967742,0.2716129032258065,0.25858064516129037,0.48688235294117654,0.27729411764705886,0.26611764705882346,0.007711860561914673,0.005502043704474506,0.008960308012486993,0.009133868512110725,0.006253148788927335,0.014848456747404844,0.4286470588235294,0.2967941176470588,0.3302058823529412,0.0749013282732448,0.025181214421252318,0.07162523719165081,31,34,0.571314253960439,0.8861764705882347,68.98461538461538,65,56
1647,1647.0,0.49970967741935485,0.2758064516129032,0.25361290322580654,0.48688235294117654,0.27729411764705886,0.26611764705882346,0.007536270551508846,0.005538027055150885,0.008911592091571281,0.009133868512110725,0.006253148788927335,0.014848456747404844,0.4286470588235294,0.2967941176470588,0.3302058823529412,0.07106261859582547,0.02098766603415564,0.07659297912713464,31,34,0.5271767916942804,0.8697058823529403,68.84615384615384,65,57
1648,1648.0,0.5002,0.28676666666666667,0.24906666666666671,0.48688235294117654,0.27729411764705886,0.26611764705882346,0.008139760000000001,0.0052287122222222215,0.009294995555555553,0.009133868512110725,0.006253148788927335,0.014848456747404844,0.4286470588235294,0.2967941176470588,0.3302058823529412,0.0715529411764706,0.01002745098039215,0.08113921568627447,30,34,0.5451965744673242,0.8532352941176463,67.703125,64,59
1649,1649.0,0.5037741935483872,0.2869032258064516,0.25532258064516133,0.48688235294117654,0.27729411764705886,0.26611764705882346,0.008260432882414152,0.005060603537981271,0.010169250780437044,0.009133868512110725,0.006253148788927335,0.014848456747404844,0.4286470588235294,0.2967941176470588,0.3302058823529412,0.07512713472485777,0.009890891840607208,0.07488330170777985,31,34,0.5797455347693943,0.8514705882352933,67.9076923076923,65,58
1650,1650.0,0.5011333333333333,0.2863,0.2531,0.4878857142857143,0.27717142857142857,0.26577142857142855,0.008465715555555555,0.005052076666666666,0.009552956666666668,0.00842055836734694,0.0057678563265306125,0.014594519183673467,0.42405714285714285,0.298,0.3274857142857142,0.07707619047619046,0.011699999999999988,0.07438571428571422,30,35,0.6204575650573984,0.8537142857142852,67.46153846153847,65,55
1651,1651.0,0.5011333333333333,0.2863,0.2531,0.4947428571428571,0.28317142857142863,0.26345714285714283,0.008465715555555555,0.005052076666666666,0.009552956666666668,0.00888253387755102,0.006329799183673469,0.014872762448979593,0.4424,0.3161142857142858,0.3261142857142857,0.058733333333333304,0.029814285714285793,0.0730142857142857,30,35,0.6126177973858803,0.8234285714285706,67.98461538461538,65,58
1652,1652.0,0.5011333333333333,0.2863,0.2531,0.4952285714285714,0.28831428571428575,0.26342857142857146,0.008465715555555555,0.005052076666666666,0.009552956666666668,0.008828404897959184,0.006034158367346938,0.01365058775510204,0.4233142857142857,0.31934285714285715,0.32851428571428576,0.07781904761904762,0.03304285714285715,0.07541428571428577,30,35,0.5997780297143626,0.8148571428571423,67.04615384615384,65,58
1653,1653.0,0.49972413793103443,0.28372413793103446,0.2563103448275862,0.4952285714285714,0.28831428571428575,0.26342857142857146,0.008698061831153387,0.005027234244946491,0.009573179548156957,0.008828404897959184,0.006034158367346938,0.01365058775510204,0.4233142857142857,0.31934285714285715,0.32851428571428576,0.07640985221674873,0.03561871921182269,0.07220394088669957,29,35,0.6014208483445952,0.817714285714285,67.671875,64,61
1654,1654.0,0.49972413793103443,0.28372413793103446,0.2563103448275862,0.49847222222222215,0.28683333333333333,0.26686111111111116,0.008698061831153387,0.005027234244946491,0.009573179548156957,0.008951415895061729,0.005943305555555556,0.0136837862654321,0.43202777777777773,0.31177777777777776,0.34500000000000003,0.0676963601532567,0.028053639846743306,0.08868965517241384,29,36,0.5606697683844114,0.8436111111111103,68.0,65,62
1655,1655.0,0.5016060606060606,0.2787272727272727,0.26406060606060605,0.49639999999999995,0.28720000000000007,0.2604571428571429,0.008559511478420571,0.004701955922865013,0.009760662993572084,0.009052582857142857,0.006108274285714285,0.012598362448979591,0.42882857142857145,0.31537142857142864,0.33074285714285717,0.07277748917748916,0.03664415584415592,0.06668225108225112,33,35,0.5614436958879576,0.8234285714285708,66.67647058823529,68,62
1656,1656.0,0.49846875,0.275,0.26671875,0.49561111111111106,0.28713888888888894,0.2615277777777778,0.0085021865234375,0.0043904375,0.0098325146484375,0.008822904320987656,0.005938730709876543,0.012288527006172839,0.42036111111111113,0.32041666666666674,0.3270555555555556,0.07810763888888889,0.045416666666666716,0.060336805555555595,32,36,0.517294849528673,0.8213888888888884,66.23529411764706,68,65
1657,1657.0,0.49846875,0.275,0.26671875,0.4946764705882353,0.2911470588235294,0.2591470588235294,0.0085021865234375,0.0043904375,0.0098325146484375,0.008844395328719723,0.005900007785467128,0.011805301903114185,0.40588235294117647,0.32517647058823534,0.3121176470588236,0.09258639705882354,0.05017647058823532,0.045398897058823606,32,34,0.49574753627713986,0.8352941176470582,65.92424242424242,66,67
1658,1658.0,0.4984571428571429,0.2738285714285715,0.2641142857142857,0.4972424242424243,0.2920606060606061,0.2593333333333333,0.007795676734693877,0.004100770612244898,0.009190615510204083,0.008888547291092746,0.00605042056932966,0.012161858585858587,0.40118181818181825,0.3219393939393939,0.3175454545454545,0.09727532467532463,0.04811082251082244,0.05343116883116883,35,33,0.4935544896234119,0.8184848484848479,65.55882352941177,68,68
1659,1659.0,0.4941764705882353,0.27541176470588236,0.26205882352941173,0.5025937500000001,0.29328125,0.26375,0.007383615916955017,0.0041336539792387545,0.009313055363321799,0.008221303710937499,0.006190327148437499,0.0118981875,0.41371875,0.32634375000000004,0.3239375,0.08045772058823525,0.05093198529411769,0.061878676470588256,34,32,0.5218156430825268,0.9078124999999992,65.10606060606061,66,61
1660,1660.0,0.4936,0.2716,0.2644571428571429,0.4962121212121212,0.29275757575757577,0.2666060606060606,0.007140868571428571,0.004517611428571429,0.009285391020408163,0.006640712580348943,0.006286910927456382,0.01198351147842057,0.43060606060606066,0.30936363636363634,0.34690909090909094,0.06299393939393932,0.03776363636363633,0.08245194805194805,35,33,0.5341324069268537,0.8230303030303023,65.0,68,60
1661,1661.0,0.49517142857142854,0.27159999999999995,0.26802857142857145,0.4962121212121212,0.29275757575757577,0.2666060606060606,0.006930656326530613,0.004517611428571429,0.008822942040816326,0.006640712580348943,0.006286910927456382,0.01198351147842057,0.43060606060606066,0.30936363636363634,0.34690909090909094,0.06456536796536788,0.03776363636363639,0.0788805194805195,35,33,0.5445020195054894,0.852727272727272,66.11764705882354,68,59
1662,1662.0,0.49517142857142854,0.27159999999999995,0.26802857142857145,0.4962121212121212,0.29275757575757577,0.2666060606060606,0.006930656326530613,0.004517611428571429,0.008822942040816326,0.006640712580348943,0.006286910927456382,0.01198351147842057,0.43060606060606066,0.30936363636363634,0.34690909090909094,0.06456536796536788,0.03776363636363639,0.0788805194805195,35,33,0.529602848473459,0.8733333333333326,67.11764705882354,68,60
1663,1663.0,0.5036486486486487,0.277054054054054,0.27016216216216216,0.49996874999999996,0.29115625,0.2701875,0.007814119795471147,0.004862105186267348,0.010889595325054784,0.0063825302734375,0.006398756835937501,0.01193471484375,0.43371875000000004,0.30834374999999997,0.35687500000000005,0.06992989864864863,0.031289695945945994,0.0867128378378379,37,32,0.5024662646696338,0.8809374999999993,66.46376811594203,69,61
1664,1664.0,0.5036944444444446,0.2736388888888889,0.27594444444444444,0.49803125000000004,0.28600000000000003,0.26759375,0.00783776774691358,0.004953175154320987,0.011734885802469135,0.006382530273437499,0.006977062500000001,0.0122324287109375,0.42225,0.30971875,0.354,0.08144444444444454,0.03607986111111111,0.07805555555555554,36,32,0.47912296236349483,0.8568749999999994,65.77941176470588,68,61
1665,1665.0,0.5043513513513513,0.27040540540540536,0.2741351351351351,0.4986176470588235,0.2831176470588236,0.2655882352941177,0.007625903579254932,0.00508672753834916,0.01125990065741417,0.006352353806228374,0.006871103806228374,0.012007242214532874,0.41935294117647054,0.30247058823529416,0.3651470588235294,0.0849984101748808,0.032065182829888794,0.09101192368839428,37,34,0.4588362541667045,0.8247058823529405,66.67605633802818,71,62
1666,1666.0,0.5148421052631579,0.2767631578947368,0.26223684210526305,0.5016875000000001,0.2810625,0.27396875,0.007852711911357342,0.0063417596952908585,0.013353496537396122,0.006560277343749999,0.0072037460937499995,0.0115093427734375,0.43440625,0.30187499999999995,0.37615624999999997,0.08043585526315788,0.025111842105263127,0.11391940789473692,38,32,0.46405709593245664,0.7281249999999995,64.74285714285715,70,68
1667,1667.0,0.5125277777777777,0.27191666666666664,0.2691944444444444,0.5022666666666668,0.2799666666666667,0.2661,0.007870527006172839,0.00607357638888889,0.013095378858024692,0.006874662222222222,0.007664765555555554,0.01060589,0.42549999999999993,0.31470000000000004,0.3634666666666667,0.08702777777777776,0.042783333333333395,0.09427222222222231,36,30,0.4906997072648823,0.7853333333333327,66.0909090909091,66,69
1668,1668.0,0.5104571428571428,0.27325714285714287,0.26765714285714287,0.5022666666666668,0.2799666666666667,0.2661,0.007941048163265307,0.006182419591836736,0.01338445387755102,0.006874662222222222,0.007664765555555554,0.01060589,0.42549999999999993,0.31470000000000004,0.3634666666666667,0.0849571428571429,0.04144285714285717,0.09580952380952384,35,30,0.4930787419055669,0.8839999999999996,66.8923076923077,65,65
1669,1669.0,0.5098529411764707,0.27279411764705885,0.2668235294117647,0.5023103448275862,0.28151724137931033,0.2662068965517241,0.008161831314878895,0.006356751730103807,0.013753792387543252,0.007111662306777643,0.007856939357907253,0.010971267538644469,0.43713793103448273,0.3090689655172414,0.3673448275862069,0.072715010141988,0.036274847870182536,0.10052129817444222,34,29,0.5426344533487392,0.8889655172413786,67.87301587301587,63,64
1670,1670.0,0.5076176470588236,0.27649999999999997,0.26941176470588235,0.501925925925926,0.27307407407407414,0.261037037037037,0.008947471453287198,0.00659654411764706,0.013680712802768167,0.007482957475994512,0.007271475994513032,0.010220406035665293,0.4282222222222222,0.29785185185185187,0.36529629629629634,0.07939542483660139,0.0213518518518519,0.09588453159041399,34,27,0.5998157083772191,0.903703703703703,67.14754098360656,61,60
1671,1671.0,0.5076176470588236,0.27649999999999997,0.26941176470588235,0.5022857142857143,0.27142857142857146,0.2568214285714286,0.008947471453287198,0.00659654411764706,0.013680712802768167,0.007219204081632653,0.0070848877551020414,0.010335218112244898,0.4362857142857143,0.30257142857142855,0.3539642857142858,0.07133193277310934,0.02607142857142858,0.08455252100840344,34,28,0.6011522483996222,0.9096428571428566,68.3225806451613,62,60
1672,1672.0,0.5127575757575757,0.2736060606060606,0.2685151515151515,0.5033846153846154,0.27580769230769236,0.2545769230769231,0.008320365472910929,0.006511693296602388,0.014067946740128557,0.007134544378698223,0.0073544630177514786,0.009699013313609468,0.43669230769230766,0.3087692307692308,0.3427307692307692,0.07606526806526809,0.03516317016317022,0.07421561771561774,33,26,0.5936238335681007,0.9296153846153837,67.45762711864407,59,64
1673,1673.0,0.5141818181818182,0.2711818181818182,0.27221212121212124,0.5033846153846154,0.27580769230769236,0.2545769230769231,0.008209360881542699,0.006392391184573002,0.013806470156106518,0.007134544378698223,0.0073544630177514786,0.009699013313609468,0.43669230769230766,0.3087692307692308,0.3427307692307692,0.07748951048951053,0.037587412587412605,0.07051864801864799,33,26,0.6383960068080865,0.9411538461538455,68.20338983050847,59,62
1674,1674.0,0.5141818181818182,0.2711818181818182,0.27221212121212124,0.5072222222222222,0.28088888888888885,0.2534074074074074,0.008209360881542699,0.006392391184573002,0.013806470156106518,0.007440469135802468,0.008124469135802469,0.01005772290809328,0.44481481481481483,0.32707407407407413,0.35781481481481475,0.06936700336700335,0.05589225589225594,0.08560269360269351,33,27,0.5913126448084458,0.9718518518518513,68.41666666666667,60,64
1675,1675.0,0.5160312499999999,0.27053125,0.27246875,0.5146333333333334,0.2876333333333333,0.24789999999999998,0.008353030273437503,0.0065781865234375,0.014235749023437501,0.007287098888888888,0.009889565555555558,0.010046423333333335,0.4599666666666667,0.3462333333333334,0.35169999999999996,0.05606458333333325,0.07570208333333339,0.07923124999999998,32,30,0.5418134019577814,0.8703333333333327,68.58064516129032,62,71
1676,1676.0,0.52625,0.268375,0.27171875,0.5163,0.28959999999999997,0.24483333333333335,0.006541437500000001,0.006000109375,0.014328889648437499,0.007212209999999999,0.009460373333333333,0.010796938888888887,0.48173333333333335,0.3561,0.34959999999999997,0.04451666666666665,0.08772500000000005,0.07788124999999996,32,30,0.5448502557122088,0.8563333333333324,69.20967741935483,62,73
1677,1677.0,0.5264666666666666,0.2632,0.27416666666666667,0.5169,0.28543333333333337,0.2440666666666667,0.006952715555555556,0.00502756,0.012881872222222222,0.00712029,0.010543845555555558,0.010756995555555557,0.4786000000000001,0.34726666666666667,0.34933333333333333,0.04786666666666656,0.08406666666666668,0.07516666666666666,30,30,0.5559998721553158,0.8663333333333327,69.6,60,73
1678,1678.0,0.517074074074074,0.26162962962962966,0.25433333333333336,0.5191379310344828,0.28686206896551725,0.24382758620689657,0.0064961426611796986,0.0052703813443072695,0.009875259259259259,0.007215567181926276,0.010846187871581451,0.011126211652794295,0.4870000000000001,0.3525172413793103,0.3536206896551724,0.03007407407407392,0.09088761174968063,0.09928735632183905,27,29,0.6231387204192047,0.8986206896551717,69.58928571428571,56,73
1679,1679.0,0.517074074074074,0.26162962962962966,0.25433333333333336,0.5189999999999999,0.2812,0.2508,0.0064961426611796986,0.0052703813443072695,0.009875259259259259,0.006911200000000001,0.010381293333333335,0.011199160000000001,0.49483333333333335,0.34576666666666667,0.39869999999999994,0.022240740740740672,0.08413703703703701,0.1443666666666666,27,30,0.6166041290046498,0.8269999999999996,68.42105263157895,57,73
1680,1680.0,0.5197142857142857,0.2679285714285714,0.2527142857142857,0.516258064516129,0.2810967741935484,0.24958064516129036,0.006452346938775511,0.006153423469387756,0.009593346938775508,0.0069138043704474504,0.010046732570239334,0.010882501560874091,0.49612903225806454,0.3456129032258064,0.38841935483870965,0.023585253456221145,0.077684331797235,0.13570506912442393,28,31,0.616790566520666,0.776129032258064,67.79661016949153,59,76
1681,1681.0,0.5197142857142857,0.2679285714285714,0.2527142857142857,0.516258064516129,0.2810967741935484,0.24958064516129036,0.006452346938775511,0.006153423469387756,0.009593346938775508,0.0069138043704474504,0.010046732570239334,0.010882501560874091,0.49612903225806454,0.3456129032258064,0.38841935483870965,0.023585253456221145,0.077684331797235,0.13570506912442393,28,31,0.6210767508873021,0.8029032258064509,68.79661016949153,59,75
1682,1682.0,0.5192222222222221,0.27270370370370367,0.25037037037037035,0.516258064516129,0.2810967741935484,0.24958064516129036,0.0066845432098765435,0.005742875171467764,0.009794825788751715,0.0069138043704474504,0.010046732570239334,0.010882501560874091,0.49612903225806454,0.3456129032258064,0.38841935483870965,0.0230931899641576,0.07290919952210273,0.1380489844683393,27,31,0.6347239270482182,0.8596774193548381,69.17241379310344,58,74
1683,1683.0,0.523037037037037,0.27748148148148144,0.2492222222222222,0.516258064516129,0.2810967741935484,0.24958064516129036,0.007648702331961591,0.007256545953360769,0.009949358024691357,0.0069138043704474504,0.010046732570239334,0.010882501560874091,0.49612903225806454,0.3456129032258064,0.38841935483870965,0.026908004778972427,0.06813142174432496,0.13919713261648745,27,31,0.7255094044889775,0.8777419354838705,69.65517241379311,58,70
1684,1684.0,0.523037037037037,0.27748148148148144,0.2492222222222222,0.518,0.28071875,0.25171875000000005,0.007648702331961591,0.007256545953360769,0.009949358024691357,0.006791812499999999,0.009737202148437499,0.0106841396484375,0.49396875,0.34221875,0.40753124999999996,0.029068287037036955,0.06473726851851858,0.15830902777777775,27,32,0.6853727982646667,0.8943749999999993,70.40677966101696,59,72
1685,1685.0,0.5054,0.27773333333333333,0.2530333333333333,0.5216969696969698,0.2853939393939394,0.2518484848484849,0.010547506666666668,0.0077968622222222205,0.011314765555555554,0.00702336271808999,0.010141572084481175,0.010360916437098255,0.4981515151515152,0.3560909090909091,0.39618181818181814,0.007248484848484782,0.07835757575757579,0.14314848484848486,30,33,0.674278126483508,0.799696969696969,70.87301587301587,63,75
1686,1686.0,0.5054,0.27773333333333333,0.2530333333333333,0.5201612903225806,0.28658064516129034,0.24425806451612903,0.010547506666666668,0.0077968622222222205,0.011314765555555554,0.0074339417273673256,0.01036998543184183,0.00941406243496358,0.49699999999999994,0.36803225806451617,0.3930967741935484,0.008400000000000019,0.09029892473118284,0.1400634408602151,30,31,0.6713623391957122,0.8167741935483864,70.34426229508196,61,75
1687,1687.0,0.5054,0.27773333333333333,0.2530333333333333,0.5201612903225806,0.28658064516129034,0.24425806451612903,0.010547506666666668,0.0077968622222222205,0.011314765555555554,0.0074339417273673256,0.01036998543184183,0.00941406243496358,0.49699999999999994,0.36803225806451617,0.3930967741935484,0.008400000000000019,0.09029892473118284,0.1400634408602151,30,31,0.6851132185745833,0.9219354838709671,71.34426229508196,61,70
1688,1688.0,0.5026451612903224,0.2745806451612903,0.25177419354838704,0.5201612903225806,0.28658064516129034,0.24425806451612903,0.01043493860561915,0.007843533818938606,0.010997336108220606,0.0074339417273673256,0.01036998543184183,0.00941406243496358,0.49699999999999994,0.36803225806451617,0.3930967741935484,0.005645161290322498,0.09345161290322584,0.14132258064516134,31,31,0.666642675438827,0.8754838709677415,72.11290322580645,62,75
1689,1689.0,0.5059374999999999,0.27878125,0.2491875,0.51965625,0.28515625,0.24921875,0.010444871093749999,0.008145420898437498,0.010861089843750001,0.0072095380859375,0.0101088193359375,0.0098827333984375,0.49378124999999995,0.36846875,0.4066875,0.01215624999999998,0.08968750000000003,0.15749999999999997,32,32,0.658698681831089,0.8390624999999994,72.421875,64,77
1690,1690.0,0.5059374999999999,0.27878125,0.2491875,0.5174838709677418,0.27861290322580645,0.25235483870967745,0.010444871093749999,0.008145420898437498,0.010861089843750001,0.006719088449531737,0.010000559833506764,0.010339712799167537,0.47706451612903217,0.3642258064516129,0.4143548387096774,0.02887298387096776,0.08544455645161292,0.16516733870967737,32,31,0.6167422709996982,0.8161290322580639,72.0952380952381,63,82
1691,1691.0,0.5059374999999999,0.27878125,0.2491875,0.521125,0.27615625,0.25884375000000004,0.010444871093749999,0.008145420898437498,0.010861089843750001,0.006920109374999999,0.0098751318359375,0.0113218818359375,0.4875312500000001,0.35284375,0.43265624999999996,0.018406249999999846,0.07406250000000003,0.18346874999999996,32,32,0.5747858601683073,0.8346874999999994,72.328125,64,84
1692,1692.0,0.5059374999999999,0.27878125,0.2491875,0.5214516129032257,0.2776451612903226,0.2549354838709677,0.010444871093749999,0.008145420898437498,0.010861089843750001,0.007139925078043703,0.01012274505723205,0.011198318418314257,0.4813548387096774,0.36190322580645157,0.4178387096774193,0.02458266129032255,0.08312197580645159,0.1686512096774193,32,31,0.5375169493369165,0.8845161290322574,72.76190476190476,63,85
1693,1693.0,0.513032258064516,0.27603225806451614,0.24729032258064512,0.5205,0.2740625,0.250375,0.009171063475546307,0.008166353798126951,0.011096270551508847,0.006944875,0.01020430859375,0.011493109375000001,0.475625,0.36015625,0.41246875000000005,0.037407258064516,0.08412399193548387,0.16517842741935493,31,32,0.5618354874138103,0.9165624999999994,73.19047619047619,63,82
1694,1694.0,0.5139666666666666,0.2778333333333334,0.24809999999999996,0.5205,0.2740625,0.250375,0.009449698888888887,0.008338005555555555,0.011445823333333334,0.006944875,0.01020430859375,0.011493109375000001,0.475625,0.36015625,0.41246875000000005,0.03834166666666655,0.08232291666666663,0.1643687500000001,30,32,0.5927223742944692,0.9234374999999994,74.01612903225806,62,83
1695,1695.0,0.5139666666666666,0.2778333333333334,0.24809999999999996,0.516483870967742,0.26896774193548384,0.25316129032258067,0.009449698888888887,0.008338005555555555,0.011445823333333334,0.006652765868886578,0.00970286992715921,0.011615425598335066,0.470258064516129,0.3479032258064516,0.4257741935483871,0.04370860215053757,0.07006989247311823,0.17767419354838712,30,31,0.639724970199629,0.9712903225806444,74.27868852459017,61,80
1696,1696.0,0.5081,0.2771,0.24949999999999994,0.51359375,0.26990625,0.2498125,0.008793023333333334,0.00816269,0.011071183333333333,0.006703803710937499,0.0094269599609375,0.011600089843750001,0.46059375,0.35309375,0.41615625,0.04750624999999997,0.07599374999999997,0.16665625000000006,30,32,0.7061633349371967,0.9318749999999993,73.93548387096774,62,79
1697,1697.0,0.5070645161290321,0.27903225806451615,0.25441935483870964,0.5045555555555556,0.2647777777777778,0.25216666666666665,0.008541544224765869,0.008011386056191467,0.011440049947970866,0.008236524691358023,0.00896011728395062,0.012161805555555554,0.4589444444444445,0.3511111111111111,0.42250000000000004,0.04812007168458765,0.07207885304659495,0.1680806451612904,31,36,0.6838040345195993,0.7899999999999996,72.50746268656717,67,84
1698,1698.0,0.5082187499999999,0.27796875,0.25684375000000004,0.5045555555555556,0.2647777777777778,0.25216666666666665,0.0083159208984375,0.0077960927734375,0.0112647568359375,0.008236524691358023,0.00896011728395062,0.012161805555555554,0.4589444444444445,0.3511111111111111,0.42250000000000004,0.04927430555555545,0.07314236111111111,0.16565625,32,36,0.6955244763585304,0.7861111111111102,72.5,68,84
1699,1699.0,0.5091935483870967,0.2830322580645161,0.2503225806451613,0.5023157894736843,0.26639473684210524,0.25702631578947366,0.008553768990634755,0.00722712799167534,0.01026731529656608,0.00831021606648199,0.008587817867036012,0.012051025623268697,0.44615789473684214,0.34318421052631576,0.42657894736842106,0.0630356536502546,0.06015195246179966,0.17625636672325978,31,38,0.6874389747463964,0.8331578947368414,72.33333333333333,69,81
1700,1700.0,0.5113103448275862,0.2855862068965517,0.25137931034482763,0.5051025641025642,0.2687692307692307,0.2503589743589743,0.009066627824019024,0.007581346016646849,0.010629752675386446,0.008619117685733072,0.00836043392504931,0.013190948060486521,0.4435897435897437,0.34487179487179487,0.41282051282051274,0.06772060123784251,0.05928558797524319,0.1614412024756851,29,39,0.7350813575813937,0.8579487179487174,70.51470588235294,68,76
1701,1701.0,0.5126666666666666,0.2873333333333333,0.25093333333333334,0.4975853658536584,0.27263414634146343,0.24721951219512198,0.008817755555555556,0.0074171555555555555,0.010281195555555556,0.00937863295657347,0.008370768590124925,0.01280290303390839,0.4298780487804878,0.34724390243902437,0.40246341463414637,0.0827886178861788,0.05991056910569109,0.15153008130081302,30,41,0.6726567876507248,0.8292682926829263,69.84507042253522,71,79
1702,1702.0,0.5089354838709678,0.28622580645161283,0.2510322580645161,0.4998837209302324,0.2759302325581396,0.24900000000000003,0.008950963579604575,0.007214690946930281,0.009949837669094694,0.009121451595457002,0.008332343969713359,0.012882186046511628,0.43469767441860463,0.35313953488372096,0.4025813953488372,0.07423780945236313,0.06691372843210813,0.15154913728432107,31,43,0.6770404920473181,0.8595348837209298,70.0945945945946,74,73
1703,1703.0,0.5059375,0.2820625,0.24868749999999998,0.5002608695652172,0.27839130434782616,0.2563913043478261,0.008949871093749999,0.00752655859375,0.00980933984375,0.009540844990548206,0.007950803402646502,0.013259977315689979,0.43173913043478257,0.3546739130434783,0.3981304347826087,0.07419836956521747,0.07261141304347829,0.1494429347826087,32,46,0.6748783930775555,0.834782608695652,71.2051282051282,78,70
1704,1704.0,0.50165625,0.28009375,0.254125,0.5042391304347825,0.28213043478260874,0.25615217391304346,0.0092264130859375,0.0079304599609375,0.010848921875,0.009805399338374291,0.0069467655954631394,0.013277085538752361,0.4442391304347826,0.36041304347826086,0.40023913043478254,0.057417119565217445,0.08031929347826089,0.14611413043478255,32,46,0.6723566851239122,0.8054347826086954,71.03846153846153,78,68
1705,1705.0,0.50165625,0.28009375,0.254125,0.5064285714285713,0.2808367346938776,0.24916326530612243,0.0092264130859375,0.0079304599609375,0.010848921875,0.009396979591836734,0.007350667221990837,0.013671157017909205,0.4484897959183674,0.36524489795918363,0.3817551020408163,0.05316645408163262,0.08515114795918366,0.12763010204081632,32,49,0.6523211898714087,0.758367346938775,70.75308641975309,81,70
1706,1706.0,0.50165625,0.28009375,0.254125,0.5068367346938776,0.28046938775510205,0.24265306122448982,0.0092264130859375,0.0079304599609375,0.010848921875,0.009402993752603082,0.0073864123281965855,0.013702512286547272,0.45377551020408163,0.36481632653061224,0.36636734693877554,0.04788073979591839,0.08472257653061227,0.11224234693877555,32,49,0.6416606946189054,0.7832653061224485,71.35802469135803,81,69
1707,1707.0,0.5015151515151516,0.2821212121212121,0.2568484848484848,0.5068367346938776,0.28046938775510205,0.24265306122448982,0.008947461891643712,0.00782168227731864,0.010757522497704316,0.009402993752603082,0.0073864123281965855,0.013702512286547272,0.45377551020408163,0.36481632653061224,0.36636734693877554,0.04773964131106995,0.08269511440940014,0.10951886209029071,33,49,0.6073335266583292,0.8310204081632647,72.26829268292683,82,66
1708,1708.0,0.5003529411764706,0.28232352941176464,0.25541176470588234,0.5030576923076924,0.2803269230769231,0.24057692307692308,0.00872887543252595,0.007592983564013841,0.010509242214532874,0.009501823594674556,0.007182412352071007,0.013485936390532546,0.44365384615384607,0.35634615384615387,0.3714807692307693,0.05669909502262449,0.07402262443438923,0.11606900452488694,34,52,0.6043215094342123,0.8367307692307688,72.63953488372093,86,60
1709,1709.0,0.49353125000000003,0.2789375,0.254125,0.50292,0.2822,0.23926000000000003,0.0088716865234375,0.007475871093749999,0.009236421875000001,0.0096593936,0.007276479999999999,0.0133502724,0.44604,0.36416000000000004,0.36424000000000006,0.04749125000000004,0.08522250000000003,0.11011500000000007,32,50,0.5932698952932339,0.8713999999999996,71.95121951219512,82,57
1710,1710.0,0.48712500000000003,0.278125,0.2511875,0.50292,0.2822,0.23926000000000003,0.007934171875,0.007606734375,0.008987652343750001,0.0096593936,0.007276479999999999,0.0133502724,0.44604,0.36416000000000004,0.36424000000000006,0.04108500000000004,0.08603500000000003,0.11305250000000006,32,50,0.5837869606907169,0.8673999999999995,72.5609756097561,82,58
1711,1711.0,0.47425,0.28221875,0.25196874999999996,0.4965686274509804,0.28137254901960784,0.2425098039215686,0.009033375,0.0076012333984375,0.008703155273437499,0.009681696270665128,0.0068191749327181864,0.013480445982314496,0.447,0.3596470588235294,0.3617058823529412,0.027249999999999996,0.07742830882352936,0.10973713235294125,32,51,0.5441502479735725,0.8725490196078426,72.07228915662651,83,59
1712,1712.0,0.4680625,0.27075,0.25840625,0.49276470588235294,0.281078431372549,0.2406470588235294,0.0074389335937500006,0.006729249999999999,0.0088938662109375,0.00935821914648212,0.005589170319108034,0.013389561707035756,0.4466274509803922,0.36,0.3480980392156862,0.0214350490196078,0.08925,0.08969178921568621,32,51,0.5657434378440771,0.8650980392156858,71.5421686746988,83,59
1713,1713.0,0.46278125000000003,0.27037500000000003,0.25687499999999996,0.49276470588235294,0.281078431372549,0.2406470588235294,0.0080507333984375,0.006732671875,0.008578859375000001,0.00935821914648212,0.005589170319108034,0.013389561707035756,0.4466274509803922,0.36,0.3480980392156862,0.01615379901960784,0.08962499999999995,0.09122303921568625,32,51,0.5436618424462862,0.8505882352941171,72.39759036144578,83,61
1714,1714.0,0.46166666666666667,0.2748333333333333,0.2540666666666667,0.49629411764705883,0.27992156862745105,0.24596078431372553,0.008236222222222223,0.006679738888888889,0.008837328888888888,0.008796835063437139,0.005665523260284505,0.01367858669742407,0.4529803921568628,0.35345098039215694,0.36652941176470577,0.00868627450980386,0.07861764705882363,0.11246274509803905,30,51,0.482188627943941,0.879803921568627,72.04938271604938,81,61
1715,1715.0,0.46166666666666667,0.2748333333333333,0.2540666666666667,0.4926792452830188,0.27803773584905667,0.2486037735849057,0.008236222222222223,0.006679738888888889,0.008837328888888888,0.009171689569241723,0.00563282876468494,0.013342956212175152,0.4443018867924529,0.35205660377358494,0.3624339622641508,0.017364779874213754,0.07722327044025162,0.10836729559748409,30,53,0.43670774844647275,0.8609433962264145,72.13253012048193,83,63
1716,1716.0,0.46085714285714285,0.2682142857142857,0.2573214285714286,0.4926792452830188,0.27803773584905667,0.2486037735849057,0.008812122448979592,0.0064752397959183675,0.008934218112244898,0.009171689569241723,0.00563282876468494,0.013342956212175152,0.4443018867924529,0.35205660377358494,0.3624339622641508,0.01655525606468994,0.08384231805929926,0.10511253369272222,28,53,0.430386049521719,0.8775471698113202,72.88888888888889,81,64
1717,1717.0,0.46085714285714285,0.2682142857142857,0.2573214285714286,0.4918518518518518,0.27637037037037043,0.247462962962963,0.008812122448979592,0.0064752397959183675,0.008934218112244898,0.009038126200274348,0.005675862825788751,0.01316484122085048,0.43666666666666676,0.34692592592592597,0.3557222222222221,0.024190476190476096,0.07871164021164029,0.09840079365079352,28,54,0.4086402594743691,0.8803703703703698,72.98780487804878,82,64
1718,1718.0,0.4604827586206896,0.2593103448275862,0.2769310344827586,0.4870363636363636,0.2744545454545455,0.2484,0.008059146254458976,0.0052133174791914386,0.009696064209274673,0.01017239867768595,0.005370684297520661,0.012577258181818183,0.4298545454545456,0.34138181818181823,0.3709454545454544,0.030628213166144003,0.08207147335423204,0.09401442006269584,29,55,0.45835998679785633,0.8201818181818173,70.95238095238095,84,62
1719,1719.0,0.45606896551724135,0.2590689655172414,0.28465517241379307,0.486574074074074,0.2753333333333334,0.2503518518518518,0.007840891795481572,0.005211719381688467,0.009482984542211652,0.010349022290809326,0.005427666666666669,0.012600635459533608,0.4257037037037038,0.33974074074074073,0.3769259259259259,0.030365261813537547,0.08067177522349933,0.09227075351213282,29,54,0.49953379983028,0.8549999999999994,71.07228915662651,83,56
1720,1720.0,0.45182142857142865,0.2525,0.2871785714285714,0.4824509803921568,0.27468627450980393,0.24674509803921568,0.008022003826530611,0.005232178571428571,0.009673432397959186,0.010549031910803535,0.005678803537101113,0.012271444828911958,0.4178235294117648,0.3478235294117647,0.36,0.033997899159663836,0.0953235294117647,0.07282142857142859,28,51,0.46902912070924574,0.8766666666666663,70.27848101265823,79,54
1721,1721.0,0.4576296296296296,0.24814814814814812,0.28677777777777774,0.47453191489361696,0.2744893617021277,0.2514468085106383,0.007374529492455418,0.004895681755829905,0.01002720987654321,0.010500334087822543,0.005793058397464915,0.012432247170665458,0.40400000000000014,0.34010638297872336,0.36880851063829795,0.05362962962962947,0.09195823483057525,0.0820307328605202,27,47,0.48835447004913074,0.9317021276595737,70.54054054054055,74,53
1722,1722.0,0.4599,0.25166666666666665,0.28319999999999995,0.4783404255319148,0.27595744680851064,0.25551063829787235,0.007257756666666667,0.004754955555555555,0.01055616,0.010973075599818924,0.005365189678587596,0.01325331371661385,0.4207872340425533,0.3374893617021277,0.3899148936170213,0.03911276595744667,0.08582269503546103,0.10671489361702136,30,47,0.5409701407367492,0.8831914893617017,70.01298701298701,77,51
1723,1723.0,0.45319999999999994,0.24933333333333332,0.2765666666666667,0.474375,0.2771041666666667,0.25802083333333337,0.007712426666666667,0.004214088888888888,0.010194445555555555,0.010995401041666667,0.005343718315972222,0.012400228732638888,0.41739583333333335,0.34437500000000004,0.40177083333333335,0.03580416666666658,0.09504166666666672,0.12520416666666667,30,48,0.560304101126879,0.8554166666666662,71.48717948717949,78,52
1724,1724.0,0.45933333333333337,0.257030303030303,0.2800909090909091,0.47708,0.27684000000000003,0.26182,0.009212828282828281,0.005726938475665748,0.010484931129476583,0.0113881536,0.005502694400000001,0.012030787600000002,0.4123199999999999,0.3326200000000001,0.42872,0.04701333333333346,0.07558969696969708,0.14862909090909088,33,50,0.6087246216033976,0.7723999999999994,66.92771084337349,83,50
1725,1725.0,0.45705714285714283,0.25854285714285713,0.2838285714285715,0.47877551020408166,0.2750612244897959,0.261265306122449,0.008825025306122447,0.005463848163265307,0.011462713469387755,0.011470092461474384,0.005779486047480217,0.01210207246980425,0.4241020408163266,0.3306530612244898,0.4178367346938776,0.03295510204081625,0.07211020408163266,0.13400816326530612,35,49,0.589084477034248,0.7687755102040811,67.76190476190476,84,51
1726,1726.0,0.45252941176470585,0.2575882352941176,0.27914705882352947,0.478921568627451,0.2728627450980392,0.25749019607843143,0.008367072664359862,0.005592653979238755,0.011032772491349482,0.011032817377931563,0.005680079200307574,0.012036289119569398,0.421843137254902,0.32558823529411757,0.4031960784313726,0.030686274509803824,0.06799999999999995,0.12404901960784315,34,51,0.5446650554358278,0.7747058823529407,68.03529411764706,85,52
1727,1727.0,0.4537428571428571,0.2557428571428571,0.2843142857142858,0.48394230769230767,0.27548076923076925,0.25975000000000004,0.008178076734693878,0.0055486481632653056,0.011625358367346938,0.011579785133136095,0.005652711168639053,0.012345072115384615,0.42611538461538473,0.32355769230769227,0.4147115384615384,0.027627472527472385,0.06781483516483516,0.1303972527472526,35,52,0.5185658046184334,0.7711538461538457,68.183908045977,87,52
1728,1728.0,0.4512647058823529,0.25608823529411767,0.2814411764705883,0.4897884615384615,0.2794807692307692,0.2613653846153846,0.007608076989619376,0.005413256920415226,0.010987658304498271,0.01128043602071006,0.005724365014792899,0.012392654955621306,0.4326346153846154,0.3334615384615385,0.3970961538461539,0.018630090497737506,0.0773733031674208,0.11565497737556557,34,52,0.4978592808239552,0.7721153846153842,67.51162790697674,86,49
1729,1729.0,0.4512647058823529,0.25608823529411767,0.2814411764705883,0.4897884615384615,0.2794807692307692,0.2613653846153846,0.007608076989619376,0.005413256920415226,0.010987658304498271,0.01128043602071006,0.005724365014792899,0.012392654955621306,0.4326346153846154,0.3334615384615385,0.3970961538461539,0.018630090497737506,0.0773733031674208,0.11565497737556557,34,52,0.4605429796290352,0.8186538461538457,68.51162790697674,86,47
1730,1730.0,0.4591388888888889,0.25769444444444445,0.2893888888888889,0.4888333333333333,0.2794074074074074,0.26007407407407407,0.005915452932098764,0.005189101080246914,0.010632404320987656,0.01088873148148148,0.005517389574759945,0.0121881426611797,0.4334444444444444,0.3357037037037037,0.3874444444444445,0.025694444444444464,0.07800925925925928,0.09805555555555556,36,54,0.46418711316901917,0.7720370370370365,67.62222222222222,90,47
1731,1731.0,0.4607428571428572,0.26085714285714284,0.2852571428571429,0.4866181818181818,0.2774181818181818,0.25899999999999995,0.005991848163265306,0.004977265306122448,0.010321619591836736,0.010534999669421485,0.005533734214876032,0.012853563636363636,0.43649090909090904,0.3392363636363636,0.38338181818181816,0.024251948051948136,0.07837922077922077,0.09812467532467528,35,55,0.4297368539725351,0.7789090909090902,67.54444444444445,90,48
1732,1732.0,0.45724999999999993,0.2636666666666667,0.2765833333333333,0.48310526315789465,0.2775614035087719,0.2593157894736842,0.0062647430555555555,0.004795277777777778,0.01047090972222222,0.010779532779316712,0.005584772545398583,0.012423865189289012,0.4355789473684211,0.33689473684210525,0.38878947368421046,0.021671052631578813,0.07322807017543853,0.11220614035087717,36,57,0.4119386952669552,0.7638596491228065,67.26881720430107,93,47
1733,1733.0,0.4589714285714286,0.2639714285714286,0.27722857142857144,0.48310526315789465,0.2775614035087719,0.2593157894736842,0.006337056326530611,0.004928942040816326,0.010755090612244897,0.010779532779316712,0.005584772545398583,0.012423865189289012,0.4355789473684211,0.33689473684210525,0.38878947368421046,0.023392481203007465,0.07292330827067667,0.11156090225563903,35,57,0.38502990211228305,0.802807017543859,68.19565217391305,92,45
1734,1734.0,0.45702941176470585,0.268,0.27717647058823536,0.48261403508771933,0.28240350877192977,0.26147368421052636,0.006316793252595155,0.005992470588235294,0.011194851211072667,0.010696868574946136,0.005972310864881502,0.011656108956602032,0.4366491228070176,0.34710526315789475,0.39112280701754387,0.02038028895768823,0.07910526315789473,0.11394633642930851,34,57,0.4209996755130826,0.7936842105263151,66.93406593406593,91,44
1735,1735.0,0.45077777777777783,0.2720833333333334,0.2774166666666667,0.48501724137931035,0.2853275862068965,0.26046551724137934,0.006666395061728394,0.006219131944444445,0.010952020833333333,0.010841637633769323,0.006356703032104637,0.011513076397146254,0.4392758620689655,0.35570689655172416,0.3849310344827586,0.011501915708812316,0.08362356321839076,0.10751436781609192,36,58,0.43862987216123084,0.7536206896551718,68.03191489361703,94,44
1736,1736.0,0.44884375,0.27228125000000003,0.26056250000000003,0.48250877192982455,0.28745614035087724,0.257140350877193,0.007150819335937498,0.006608139648437499,0.01000055859375,0.010666881502000616,0.006205441058787319,0.011073769775315484,0.4329649122807017,0.36194736842105263,0.374140350877193,0.015878837719298267,0.0896661184210526,0.11357785087719297,32,57,0.5021847120479274,0.7175438596491222,67.74157303370787,89,47
1737,1737.0,0.44393548387096776,0.27203225806451614,0.25419354838709673,0.47990909090909084,0.2892363636363637,0.2586545454545454,0.006610576482830385,0.006819321540062435,0.009025123829344433,0.010717828099173557,0.0061334895867768595,0.010998662479338846,0.43363636363636365,0.3650181818181819,0.3674,0.010299120234604109,0.09298592375366577,0.11320645161290327,31,55,0.48187032206670577,0.7234545454545447,68.30232558139535,86,49
1738,1738.0,0.4491379310344828,0.27582758620689657,0.25624137931034485,0.47990909090909084,0.2892363636363637,0.2586545454545454,0.006522394768133174,0.007019728894173601,0.00935452794292509,0.010717828099173557,0.0061334895867768595,0.010998662479338846,0.43363636363636365,0.3650181818181819,0.3674,0.015501567398119143,0.08919059561128534,0.11115862068965515,29,55,0.5318957564355616,0.7379999999999992,69.39285714285714,84,47
1739,1739.0,0.44913333333333333,0.2778333333333334,0.26313333333333333,0.47732142857142856,0.28655357142857146,0.2600892857142857,0.006304982222222221,0.006902405555555557,0.010420182222222222,0.010963218112244896,0.005982675701530612,0.01165358131377551,0.42341071428571425,0.3618035714285714,0.3769464285714286,0.025722619047619077,0.08397023809523801,0.1138130952380953,30,56,0.560640099066074,0.730714285714285,69.32558139534883,86,44
1740,1740.0,0.44913333333333333,0.2778333333333334,0.26313333333333333,0.4783928571428571,0.28683928571428574,0.2695,0.006304982222222221,0.006902405555555557,0.010420182222222222,0.010947667091836736,0.006019634885204081,0.012386285714285714,0.4214642857142858,0.35344642857142855,0.40885714285714286,0.027669047619047538,0.07561309523809517,0.14572380952380953,30,56,0.5152961457527842,0.7405357142857135,69.5813953488372,86,46
1741,1741.0,0.44820689655172413,0.27648275862068966,0.2557931034482759,0.4740555555555556,0.28455555555555556,0.2667407407407407,0.006496646848989298,0.007085697978596908,0.009163129607609987,0.010759496913580248,0.0059946913580246905,0.012616155006858712,0.42707407407407405,0.35862962962962963,0.3883703703703703,0.02113282247765008,0.08214687100893997,0.13257726692209443,29,54,0.4914572860911122,0.8253703703703699,69.78313253012048,83,40
1742,1742.0,0.44755555555555554,0.28259259259259256,0.2581851851851852,0.4761481481481482,0.28907407407407404,0.26955555555555555,0.0068703209876543195,0.007054759945130313,0.009752224965706447,0.011175496570644717,0.00639399451303155,0.011973543209876545,0.42592592592592593,0.36666666666666653,0.3877777777777778,0.02162962962962961,0.08407407407407397,0.1295925925925926,27,54,0.5157560335853004,0.828703703703703,69.58024691358025,81,37
1743,1743.0,0.45296296296296296,0.28855555555555557,0.25462962962962965,0.47545283018867923,0.291188679245283,0.26711320754716983,0.007786776406035666,0.008055654320987655,0.010437788751714678,0.011360247775008903,0.006273171947312211,0.0118773456746173,0.4251132075471698,0.3672830188679245,0.3783207547169811,0.027849755415793154,0.07872746331236896,0.12369112508735147,27,53,0.5362985336581418,0.8599999999999993,69.0625,80,33
1744,1744.0,0.45899999999999996,0.30496,0.24592,0.4652115384615385,0.2938653846153846,0.2670192307692308,0.009629119999999998,0.0100449184,0.0122125536,0.011615666789940828,0.006505539571005916,0.011256595784023668,0.41259615384615383,0.3815192307692307,0.33328846153846153,0.04640384615384613,0.07655923076923071,0.08736846153846153,25,52,0.5335755550316437,0.8259615384615379,66.58441558441558,77,35
1745,1745.0,0.45899999999999996,0.30496,0.24592,0.4652115384615385,0.2938653846153846,0.2670192307692308,0.009629119999999998,0.0100449184,0.0122125536,0.011615666789940828,0.006505539571005916,0.011256595784023668,0.41259615384615383,0.3815192307692307,0.33328846153846153,0.04640384615384613,0.07655923076923071,0.08736846153846153,25,52,0.4812285061895006,0.8436538461538454,67.58441558441558,77,37
1746,1746.0,0.4714,0.31056000000000006,0.24552,0.46311538461538465,0.2967115384615385,0.2584807692307693,0.011583359999999997,0.010798006400000002,0.0122595296,0.013215102071005921,0.006924205251479291,0.011655865014792897,0.4084423076923077,0.3839807692307693,0.32213461538461535,0.06295769230769227,0.07342076923076923,0.07661461538461536,25,52,0.44539036920010366,0.844038461538461,66.32467532467533,77,36
1747,1747.0,0.47196,0.3046,0.26192,0.46376470588235297,0.29676470588235293,0.25986274509803925,0.011740518399999997,0.009535440000000001,0.014958313600000002,0.01345229757785467,0.007059826989619379,0.011785098808150712,0.40584313725490195,0.3835686274509804,0.3260196078431372,0.06611686274509804,0.07896862745098043,0.06409960784313723,25,51,0.4417865964195203,0.8943137254901954,65.64473684210526,76,32
1748,1748.0,0.47046153846153843,0.3061923076923077,0.2647307692307692,0.45777999999999996,0.28914,0.25922,0.01134509467455621,0.009232078402366865,0.014580504437869825,0.013164051600000002,0.006666080400000001,0.0121034116,0.3961,0.36488,0.33818,0.07436153846153842,0.058687692307692274,0.07344923076923077,26,50,0.4337541095075509,0.8475999999999995,64.82894736842105,76,35
1749,1749.0,0.4815,0.30979166666666663,0.27641666666666664,0.45777999999999996,0.28914,0.25922,0.010173166666666665,0.009802914930555556,0.014019243055555556,0.013164051600000002,0.006666080400000001,0.0121034116,0.3961,0.36488,0.33818,0.08539999999999998,0.05508833333333335,0.06176333333333334,24,50,0.4336832810128781,0.8575999999999994,66.22972972972973,74,37
1750,1750.0,0.4764545454545454,0.30709090909090914,0.281,0.45777999999999996,0.28914,0.25922,0.010267429752066114,0.008436537190082645,0.014997636363636362,0.013164051600000002,0.006666080400000001,0.0121034116,0.3961,0.36488,0.33818,0.0803545454545454,0.057789090909090846,0.05717999999999995,22,50,0.43834026058192843,0.8775999999999994,66.76388888888889,72,37
1751,1751.0,0.4847619047619047,0.3116666666666667,0.2916666666666667,0.4550384615384615,0.2937692307692308,0.2595192307692308,0.010417514739229024,0.00841193650793651,0.01646584126984127,0.013332421597633138,0.007449677514792899,0.011812788091715978,0.4018461538461538,0.3662115384615384,0.33063461538461536,0.08291575091575093,0.05454487179487172,0.038967948717948675,21,52,0.5147679591617904,0.84576923076923,66.45205479452055,73,36
1752,1752.0,0.49145454545454553,0.3144545454545455,0.2741363636363637,0.4550384615384615,0.2937692307692308,0.2595192307692308,0.010182611570247932,0.009662793388429751,0.015597663223140495,0.013332421597633138,0.007449677514792899,0.011812788091715978,0.4018461538461538,0.3662115384615384,0.33063461538461536,0.08960839160839174,0.051756993006992935,0.05649825174825168,22,52,0.5046176097479639,0.8557692307692302,67.47297297297297,74,36
1753,1753.0,0.49145454545454553,0.3144545454545455,0.2741363636363637,0.45294444444444437,0.2927777777777778,0.25479629629629624,0.010182611570247932,0.009662793388429751,0.015597663223140495,0.01330471913580247,0.007215654320987656,0.011968606652949245,0.3946481481481481,0.364037037037037,0.3259259259259259,0.09680639730639745,0.049582491582491506,0.05178956228956222,22,54,0.4377770941794903,0.8837037037037031,67.5657894736842,76,34
1754,1754.0,0.49759090909090914,0.3144545454545455,0.2828636363636364,0.4526603773584906,0.2929245283018868,0.25396226415094336,0.009507332644628096,0.009662793388429751,0.015885663223140497,0.013551394090423639,0.007350635813456747,0.012156866500533998,0.3997547169811321,0.3615283018867924,0.32833962264150945,0.09783619210977706,0.04707375643224693,0.04547598627787308,22,53,0.5093002029100743,0.866603773584905,67.09333333333333,75,34
1755,1755.0,0.49060869565217397,0.31421739130434784,0.27417391304347827,0.4521153846153846,0.29492307692307695,0.2512307692307692,0.010166499054820413,0.009243909262759925,0.016856230623818528,0.013796255917159762,0.007280301775147929,0.01199521597633136,0.3992692307692307,0.36396153846153845,0.3159423076923077,0.09133946488294326,0.04974414715719061,0.04176839464882942,23,52,0.5100065677334893,0.8515384615384609,67.69333333333333,75,36
1756,1756.0,0.49040909090909096,0.31972727272727275,0.26572727272727276,0.45641818181818183,0.29500000000000004,0.24738181818181815,0.010627696280991736,0.008965834710743803,0.015981471074380166,0.014218206942148762,0.007303527272727273,0.011664672396694215,0.4049818181818181,0.3673818181818181,0.30512727272727275,0.08542727272727285,0.04765454545454534,0.03939999999999999,22,55,0.4579093448822039,0.8754545454545447,67.92207792207792,77,33
1757,1757.0,0.4964782608695653,0.31734782608695655,0.2743913043478261,0.45847169811320754,0.296,0.24349056603773583,0.010975988657844988,0.008700574669187146,0.016938064272211725,0.01444855108579566,0.007466490566037738,0.011667608401566392,0.41215094339622643,0.3694716981132074,0.29918867924528303,0.08432731747333888,0.05212387202625085,0.024797374897456925,23,53,0.5045353725100215,0.8981132075471692,67.14473684210526,76,28
1758,1758.0,0.49504761904761907,0.30914285714285716,0.2855238095238095,0.4570185185185185,0.2980555555555555,0.24653703703703703,0.010521569160997732,0.007302408163265306,0.01665263038548753,0.014292907064471881,0.0075521635802469145,0.01194343381344307,0.41175925925925927,0.3707407407407406,0.29838888888888887,0.0832883597883598,0.06159788359788343,0.012865079365079357,21,54,0.5376457033558208,0.9098148148148143,67.77333333333333,75,27
1759,1759.0,0.4882857142857143,0.30757142857142855,0.28485714285714286,0.4523035714285714,0.29103571428571434,0.24769642857142854,0.012234585034013604,0.0075251020408163265,0.016758217687074833,0.01354496141581633,0.007156034438775512,0.011842068558673468,0.40125,0.35344642857142855,0.31012500000000004,0.08703571428571433,0.045875,0.025267857142857175,21,56,0.4979444416543282,0.8666071428571421,67.27272727272727,77,29
1760,1760.0,0.4652727272727273,0.30218181818181816,0.2620909090909091,0.45349122807017545,0.2911052631578948,0.25121052631578944,0.013590016528925615,0.007325694214876033,0.013978082644628102,0.013386320098491847,0.0070307608494921525,0.012325850415512467,0.40142105263157896,0.3499298245614035,0.3222280701754386,0.06385167464114833,0.04774800637958532,0.06013716108452949,22,57,0.48370908944841157,0.798947368421052,68.48101265822785,79,36
1761,1761.0,0.4484090909090908,0.29377272727272724,0.26113636363636367,0.45248275862068965,0.28975862068965524,0.25017241379310345,0.0116963326446281,0.006656539256198347,0.014117390495867771,0.013213491082045186,0.007012907253269918,0.012174763376932225,0.4051724137931034,0.35022413793103446,0.31825862068965516,0.04323667711598739,0.05645141065830722,0.05712225705329149,22,58,0.5577776268335285,0.7932758620689647,68.2625,80,33
1762,1762.0,0.4465714285714285,0.30104761904761906,0.2594761904761905,0.45705084745762714,0.2886440677966101,0.25030508474576274,0.012179006802721088,0.00580918820861678,0.014729011337868483,0.012303912668773344,0.006989924159724217,0.01263044929617926,0.4117796610169492,0.3425762711864407,0.3251864406779661,0.034791767554479325,0.04152865213882162,0.06571025020177557,21,59,0.4913764335341487,0.7796610169491518,67.3375,80,37
1763,1763.0,0.4465714285714285,0.30104761904761906,0.2594761904761905,0.45705084745762714,0.2886440677966101,0.25030508474576274,0.012179006802721088,0.00580918820861678,0.014729011337868483,0.012303912668773344,0.006989924159724217,0.01263044929617926,0.4117796610169492,0.3425762711864407,0.3251864406779661,0.034791767554479325,0.04152865213882162,0.06571025020177557,21,59,0.43917119937360993,0.798983050847457,68.3375,80,38
1764,1764.0,0.4465714285714285,0.30104761904761906,0.2594761904761905,0.45475,0.2886333333333333,0.24883333333333335,0.012179006802721088,0.00580918820861678,0.014729011337868483,0.0124111875,0.006873432222222223,0.012547738888888887,0.41048333333333337,0.341,0.3231833333333333,0.03608809523809514,0.03995238095238096,0.0637071428571428,21,60,0.42744215568926147,0.7904999999999993,69.48148148148148,81,39
1765,1765.0,0.4424999999999999,0.27735,0.26225,0.4484827586206896,0.28886206896551725,0.25039655172413794,0.01183945,0.0049061275,0.0138318875,0.01252176694411415,0.006822394768133176,0.01287917033293698,0.39679310344827584,0.33134482758620687,0.31882758620689655,0.04570689655172405,0.053994827586206884,0.05657758620689657,20,58,0.449660978439263,0.8187931034482752,68.82051282051282,78,38
1766,1766.0,0.434142857142857,0.27785714285714286,0.2595714285714286,0.44401724137931037,0.2918448275862069,0.24713793103448273,0.012672503401360544,0.0046776462585034016,0.013316721088435375,0.012501672116527944,0.006668165576694411,0.013402291319857313,0.38956896551724135,0.3291034482758621,0.30337931034482757,0.04457389162561565,0.05124630541871922,0.04380788177339895,21,58,0.42881503767099055,0.8474137931034477,69.64556962025317,79,36
1767,1767.0,0.43130000000000007,0.28095000000000003,0.26030000000000003,0.4366271186440678,0.2911864406779661,0.252,0.010995809999999998,0.0051663475,0.01040741,0.011742403332375756,0.006269304222924447,0.013448372881355935,0.3775084745762712,0.32198305084745765,0.30616949152542366,0.05379152542372889,0.04103305084745762,0.045869491525423634,20,59,0.4437499339930665,0.8240677966101688,71.16455696202532,79,37
1768,1768.0,0.42322727272727273,0.2898181818181818,0.2603181818181818,0.43581355932203397,0.29277966101694913,0.25372881355932203,0.01073744834710744,0.005471603305785123,0.009569489669421487,0.011734626256822754,0.006138714162596955,0.01345575696638897,0.37866101694915255,0.3291355932203389,0.30889830508474575,0.04456625577812018,0.03931741140215711,0.04858012326656397,22,59,0.49282445214000786,0.7854237288135587,70.85185185185185,81,39
1769,1769.0,0.43666666666666676,0.28223809523809523,0.26852380952380944,0.4367068965517241,0.2918275862068965,0.2540172413793103,0.013273269841269843,0.005908086167800453,0.010338154195011339,0.011889862366230675,0.006191073721759811,0.013682844530321049,0.3811724137931035,0.32917241379310347,0.3113275862068966,0.05549425287356324,0.046934318555008236,0.04280377668308716,21,58,0.525654727954743,0.7608620689655166,70.48101265822785,79,42
1770,1770.0,0.4400454545454546,0.2857272727272727,0.26413636363636356,0.4369298245614035,0.2917017543859649,0.25591228070175437,0.012909679752066118,0.005895198347107438,0.010272481404958678,0.01209557402277624,0.0062987706986765155,0.013714606340412435,0.38503508771929823,0.3259298245614035,0.314719298245614,0.05501036682615634,0.040202551834130795,0.05058293460925045,22,57,0.5522039006020494,0.7880701754385958,70.54430379746836,79,38
1771,1771.0,0.4569999999999999,0.2982173913043479,0.25982608695652165,0.4364827586206897,0.2920862068965517,0.2536551724137931,0.012449130434782607,0.006700952741020794,0.0102408393194707,0.011898422116527942,0.0061985960166468495,0.013768536266349584,0.38748275862068965,0.3263620689655172,0.3115689655172414,0.06951724137931026,0.02814467766116935,0.05174287856071974,23,58,0.534157889068103,0.7462068965517233,70.46913580246914,81,42
1772,1772.0,0.45613636363636356,0.29550000000000004,0.25786363636363635,0.4419310344827586,0.2930172413793104,0.25762068965517243,0.012997845041322315,0.006835704545454546,0.010617754132231405,0.011227995243757434,0.006833361771700355,0.013151373365041616,0.3988793103448276,0.33496551724137935,0.31401724137931036,0.057257053291535964,0.03946551724137931,0.05615360501567401,22,58,0.529500779502279,0.7486206896551717,70.075,80,40
1773,1773.0,0.44836363636363624,0.2869090909090909,0.2589090909090909,0.44621428571428573,0.295,0.25675,0.013413685950413222,0.007620991735537191,0.010448628099173556,0.01101466836734694,0.006845321428571429,0.013502508928571428,0.40158928571428565,0.33905357142857145,0.3174642857142857,0.04677435064935059,0.05214448051948056,0.05855519480519478,22,56,0.5325343320869943,0.7671428571428562,71.06410256410257,78,42
1774,1774.0,0.4446086956521738,0.28843478260869565,0.26804347826086955,0.4452777777777779,0.2919074074074074,0.2563333333333333,0.013140672967863896,0.007340854442344045,0.01182995463137996,0.01110797839506173,0.006757713648834018,0.013905148148148147,0.39846296296296296,0.3283888888888889,0.32277777777777783,0.04614573268921085,0.03995410628019325,0.05473429951690828,23,54,0.5552196747539184,0.7994444444444437,70.59740259740259,77,40
1775,1775.0,0.4583333333333333,0.2907619047619048,0.27809523809523806,0.4489629629629632,0.2936666666666667,0.2613148148148148,0.01221336507936508,0.007931609977324264,0.01166780045351474,0.012076294924554186,0.006520962962962964,0.014529586076817558,0.40312962962962967,0.34268518518518526,0.31955555555555565,0.055203703703703644,0.05192328042328048,0.041460317460317586,21,54,0.5705342560313362,0.8455555555555547,70.25333333333333,75,38
1776,1776.0,0.4479583333333334,0.293,0.2694583333333333,0.4508727272727274,0.29480000000000006,0.2597636363636363,0.011613039930555555,0.008049083333333333,0.011292831597222225,0.012053674710743803,0.006471759999999999,0.014395344132231404,0.40785454545454547,0.35054545454545455,0.3156181818181819,0.04010378787878793,0.057545454545454566,0.04615984848484861,24,55,0.5345578131341534,0.8009090909090902,68.87341772151899,79,41
1777,1777.0,0.4479583333333334,0.293,0.2694583333333333,0.45331578947368417,0.29163157894736835,0.26542105263157895,0.011613039930555555,0.008049083333333333,0.011292831597222225,0.011842251154201294,0.006427144967682364,0.014887471837488458,0.4173508771929824,0.3452280701754386,0.3371052631578948,0.030607456140350986,0.05222807017543862,0.0676469298245615,24,57,0.4843904603593067,0.792105263157894,68.61728395061728,81,41
1778,1778.0,0.4479583333333334,0.293,0.2694583333333333,0.4502758620689655,0.2922241379310345,0.2627413793103448,0.011613039930555555,0.008049083333333333,0.011292831597222225,0.01217654458977408,0.006431311831153389,0.014703260701545779,0.414051724137931,0.3450172413793103,0.3368103448275862,0.03390660919540239,0.0520172413793103,0.0673520114942529,24,58,0.4613064409177932,0.797241379310344,68.9390243902439,82,40
1779,1779.0,0.44092000000000003,0.28864,0.26195999999999997,0.44804918032786883,0.29142622950819674,0.26011475409836066,0.012337433599999998,0.0081833504,0.0121905184,0.011849161515721579,0.006531818328406343,0.01440419994625101,0.41147540983606556,0.33947540983606556,0.3273606557377049,0.02944459016393447,0.05083540983606555,0.06540065573770493,25,61,0.42269352461722853,0.7650819672131142,68.9186046511628,86,41
1780,1780.0,0.44092000000000003,0.28864,0.26195999999999997,0.45147457627118637,0.2892542372881356,0.25713559322033896,0.012337433599999998,0.0081833504,0.0121905184,0.011712317150244183,0.006564189600689456,0.014546896868715888,0.4206949152542373,0.3385762711864407,0.32959322033898303,0.020225084745762734,0.04993627118644067,0.06763322033898306,25,59,0.41066208751996564,0.7893220338983044,68.94047619047619,84,41
1781,1781.0,0.44572,0.28324,0.27044,0.4552950819672131,0.29022950819672133,0.2551803278688524,0.013563161599999998,0.008123302399999999,0.0123906464,0.011814011287288366,0.006380307981725342,0.014226410104810532,0.422344262295082,0.33777049180327867,0.3220655737704918,0.02337573770491802,0.05453049180327868,0.05162557377049176,25,61,0.41593089075447814,0.7509836065573765,69.82558139534883,86,43
1782,1782.0,0.43976,0.29196,0.2722,0.45204918032786895,0.29240983606557375,0.24537704918032788,0.0148653024,0.0071013184,0.012470479999999999,0.011299981187852729,0.0062992254770223065,0.013642169309325452,0.4086885245901639,0.3462622950819672,0.2893606557377049,0.03107147540983607,0.05430229508196721,0.017160655737704922,25,61,0.41986577251537716,0.7581967213114748,70.0813953488372,86,40
1783,1783.0,0.44388000000000005,0.2914,0.28015999999999996,0.45417741935483874,0.29003225806451616,0.2455,0.014088105599999998,0.0070628800000000005,0.0131123744,0.011038016909469305,0.006122676378772113,0.013370217741935484,0.40959677419354845,0.33977419354838706,0.30030645161290315,0.0342832258064516,0.04837419354838707,0.020146451612903182,25,62,0.44566157878176804,0.7635483870967736,69.97701149425288,87,36
1784,1784.0,0.4512500000000001,0.29154166666666664,0.28325,0.4476833333333333,0.28673333333333334,0.2428,0.0133171875,0.007356664930555556,0.013420020833333332,0.010087783055555554,0.005852862222222223,0.013279493333333333,0.4045,0.3340666666666667,0.29595,0.04675000000000007,0.042525000000000035,0.012699999999999989,24,60,0.4526728477145581,0.8049999999999995,70.36904761904762,84,33
1785,1785.0,0.4459583333333333,0.2884583333333333,0.2803333333333334,0.4476833333333333,0.28673333333333334,0.2428,0.013487623263888887,0.007800664930555555,0.01303963888888889,0.010087783055555554,0.005852862222222223,0.013279493333333333,0.4045,0.3340666666666667,0.29595,0.041458333333333264,0.04560833333333336,0.015616666666666612,24,60,0.4506588902830109,0.7949999999999993,72.23809523809524,84,35
1786,1786.0,0.44336,0.2838,0.28476,0.44877192982456143,0.28596491228070176,0.2395087719298246,0.0131101504,0.00800944,0.012988342399999998,0.010462035703293321,0.006073998768851954,0.013283337642351492,0.4078771929824561,0.33784210526315794,0.28640350877192977,0.03548280701754386,0.05404210526315795,0.001643508771929758,25,57,0.4644336319281785,0.7952631578947362,70.85365853658537,82,31
1787,1787.0,0.43120833333333336,0.2788333333333333,0.2820416666666667,0.4531071428571429,0.29112499999999997,0.2400535714285714,0.01262074826388889,0.008368555555555556,0.01228937326388889,0.011116595663265307,0.006832466517857141,0.013501050701530614,0.4081428571428572,0.34483928571428574,0.2903928571428572,0.023065476190476164,0.06600595238095242,0.008351190476190484,24,56,0.45392926039163656,0.7896428571428563,70.725,80,34
1788,1788.0,0.4178695652173913,0.2708695652173913,0.28791304347826085,0.4557090909090909,0.2882727272727273,0.23881818181818182,0.01272020037807183,0.007263504725897922,0.011491122873345935,0.011170969917355375,0.007397689256198349,0.013714294214876034,0.41840000000000005,0.3479636363636364,0.29340000000000005,0.0005304347826087241,0.07709407114624511,0.005486956521739195,23,55,0.4889510120243463,0.8230909090909085,70.3076923076923,78,32
1789,1789.0,0.41388,0.28012,0.276,0.4557090909090909,0.2882727272727273,0.23881818181818182,0.012359945600000002,0.0077001056,0.012618639999999999,0.011170969917355375,0.007397689256198349,0.013714294214876034,0.41840000000000005,0.3479636363636364,0.29340000000000005,0.004520000000000024,0.06784363636363644,0.017400000000000027,25,55,0.49820549347087445,0.8030909090909083,70.6625,80,33
1790,1790.0,0.4130833333333333,0.277375,0.2735416666666667,0.45730909090909094,0.28749090909090913,0.23976363636363635,0.01285907638888889,0.007832567708333333,0.012993331597222222,0.010878140826446284,0.007504613553719008,0.013481162314049586,0.42449090909090903,0.34554545454545454,0.2956545454545455,0.011407575757575728,0.06817045454545456,0.02211287878787882,24,55,0.4806745340421353,0.7819999999999991,71.12658227848101,79,36
1791,1791.0,0.4130833333333333,0.277375,0.2735416666666667,0.4599074074074075,0.2812962962962963,0.24624074074074076,0.01285907638888889,0.007832567708333333,0.012993331597222222,0.010721750685871057,0.006745356652949245,0.014546367969821674,0.41916666666666663,0.3451481481481481,0.31557407407407406,0.0060833333333333295,0.06777314814814811,0.04203240740740738,24,54,0.4435908453892468,0.7618518518518511,71.3974358974359,78,40
1792,1792.0,0.4082692307692307,0.27265384615384614,0.2623846153846154,0.4599074074074075,0.2812962962962963,0.24624074074074076,0.012429581360946747,0.007667457100591716,0.013676082840236685,0.010721750685871057,0.006745356652949245,0.014546367969821674,0.41916666666666663,0.3451481481481481,0.31557407407407406,0.010897435897435914,0.07249430199430196,0.05318945868945868,26,54,0.4733142985258692,0.76074074074074,71.4375,80,38
1793,1793.0,0.4121153846153846,0.2680384615384615,0.27303846153846156,0.4599074074074075,0.2812962962962963,0.24624074074074076,0.012712717455621303,0.007181421597633137,0.013586344674556213,0.010721750685871057,0.006745356652949245,0.014546367969821674,0.41916666666666663,0.3451481481481481,0.31557407407407406,0.007051282051282026,0.07710968660968659,0.0425356125356125,26,54,0.5073427361256297,0.7911111111111103,73.05,80,34
1794,1794.0,0.40504000000000007,0.2646,0.27576,0.46305769230769234,0.28265384615384614,0.24163461538461542,0.0126764384,0.00572192,0.013577702399999997,0.010759515902366866,0.006745841715976331,0.013992501109467453,0.4238653846153845,0.3453269230769231,0.3017307692307692,0.01882538461538441,0.08072692307692308,0.025970769230769186,25,52,0.48639992147537403,0.790192307692307,72.05194805194805,77,37
1795,1795.0,0.41559999999999997,0.26496,0.28632,0.46161538461538465,0.2853461538461538,0.23848076923076922,0.013979120000000001,0.005643238399999998,0.014421657600000002,0.010721544378698229,0.0071443032544378695,0.013576557322485206,0.42951923076923065,0.35244230769230767,0.2995961538461538,0.013919230769230684,0.08748230769230769,0.013276153846153771,25,52,0.4575301554082449,0.8144230769230763,72.96103896103897,77,37
1796,1796.0,0.4193461538461538,0.2663076923076923,0.2886153846153846,0.46161538461538465,0.2853461538461538,0.23848076923076922,0.013792303254437867,0.005471597633136095,0.013998698224852068,0.010721544378698229,0.0071443032544378695,0.013576557322485206,0.42951923076923065,0.35244230769230767,0.2995961538461538,0.01017307692307684,0.08613461538461537,0.010980769230769183,26,52,0.436377580216847,0.8378846153846147,73.92307692307692,78,36
1797,1797.0,0.41469230769230775,0.26111538461538464,0.2705769230769231,0.4642075471698113,0.28015094339622637,0.23332075471698113,0.01486752071005917,0.005567255917159764,0.01562562869822485,0.010446843716625135,0.007098052687789248,0.01312938768244927,0.4268867924528301,0.3460754716981132,0.2922830188679245,0.012194484760522373,0.08496008708272856,0.021706095791001412,26,53,0.4011464562269237,0.8358490566037728,74.16455696202532,79,36
1798,1798.0,0.41469230769230775,0.26111538461538464,0.2705769230769231,0.46162745098039215,0.2792156862745098,0.23507843137254902,0.01486752071005917,0.005567255917159764,0.01562562869822485,0.010667410226835834,0.007346600538254517,0.013530542868127646,0.4206470588235295,0.3435098039215686,0.299921568627451,0.005954751131221736,0.08239441930618396,0.029344645550527904,26,51,0.4458078093095754,0.862745098039215,74.22077922077922,77,32
1799,1799.0,0.419925925925926,0.2591111111111111,0.27970370370370373,0.46045283018867916,0.2766603773584906,0.23984905660377362,0.015029031550068588,0.005465506172839506,0.01721265294924554,0.010693644001423993,0.007258526165895339,0.013384128159487361,0.41398113207547177,0.33686792452830194,0.32888679245283015,0.005944793850454211,0.07775681341719082,0.049183088749126413,27,53,0.46304437859992237,0.8154716981132071,75.1125,80,33
1800,1800.0,0.4298148148148148,0.2558888888888889,0.29270370370370374,0.45812962962962955,0.27375925925925926,0.23731481481481487,0.015951262002743487,0.0053559506172839505,0.019040356652949245,0.010759075788751715,0.00730888648834019,0.013597326817558297,0.4094814814814815,0.33249999999999996,0.323537037037037,0.020333333333333314,0.07661111111111107,0.030833333333333268,27,54,0.48356268476826714,0.7912962962962957,75.28395061728395,81,34
1801,1801.0,0.4307307692307693,0.25676923076923075,0.2971538461538462,0.45812962962962955,0.27375925925925926,0.23731481481481487,0.01654211982248521,0.005541023668639053,0.019237976331360946,0.010759075788751715,0.00730888648834019,0.013597326817558297,0.4094814814814815,0.33249999999999996,0.323537037037037,0.021249287749287804,0.07573076923076921,0.0263831908831908,26,54,0.4348340148491809,0.7975925925925921,75.7625,80,37
1802,1802.0,0.43707999999999997,0.25968,0.30576000000000003,0.46030909090909083,0.2726,0.24125454545454553,0.016155673599999996,0.005542377599999999,0.018081782400000003,0.010819959008264464,0.007248567272727273,0.014188262479338846,0.41810909090909093,0.32645454545454544,0.3356363636363637,0.01897090909090904,0.06677454545454542,0.029876363636363645,25,55,0.4332019190966341,0.773818181818181,76.5875,80,40
1803,1803.0,0.431,0.25784615384615384,0.29873076923076924,0.4632830188679245,0.2733207547169811,0.24203773584905666,0.016458461538461536,0.005413284023668637,0.018621581360946746,0.010332504805980774,0.007415349946600212,0.013885809896760417,0.42235849056603775,0.32384905660377356,0.32450943396226417,0.008641509433962247,0.06600290275761972,0.025778664731494927,26,53,0.4509801319375951,0.7773584905660367,77.17721518987342,79,41
1804,1804.0,0.43560869565217397,0.2595217391304348,0.3107826086956522,0.46528301886792456,0.27622641509433965,0.24207547169811325,0.017587629489603022,0.005119293005671077,0.01769043100189036,0.009645410466358136,0.007867458170167317,0.01415259807760769,0.421188679245283,0.3255849056603773,0.3244150943396227,0.014420016406890945,0.06606316652994249,0.01363248564397046,23,53,0.44308454676101366,0.7509433962264144,76.86842105263158,76,44
1805,1805.0,0.4441481481481481,0.2554074074074074,0.31062962962962964,0.4640961538461539,0.2755961538461538,0.2436346153846154,0.015521311385459534,0.004702093278463649,0.016066603566529492,0.009756240754437871,0.007997702292899407,0.01429592418639053,0.42017307692307687,0.3261730769230769,0.3296153846153847,0.023975071225071254,0.07076566951566948,0.018985754985755054,27,52,0.4552170311189006,0.7401923076923069,76.44303797468355,79,42
1806,1806.0,0.4414642857142857,0.2552857142857143,0.30735714285714283,0.4644117647058824,0.2773137254901961,0.2447450980392157,0.015161463010204082,0.004534561224489795,0.01578194387755102,0.009942359861591695,0.00800111726259131,0.014512111495578623,0.4277843137254902,0.3310980392156862,0.33607843137254906,0.013679971988795503,0.07581232492997192,0.02872128851540623,28,51,0.4850079572494378,0.7886274509803916,76.60759493670886,79,37
1807,1807.0,0.4451538461538461,0.25469230769230766,0.3125,0.46738775510204084,0.2757551020408163,0.24842857142857147,0.015313130177514792,0.004878443786982248,0.014619326923076924,0.010034074135776762,0.007749164514785505,0.014561306122448978,0.42700000000000005,0.3293469387755102,0.3488163265306123,0.018153846153846076,0.07465463108320253,0.036316326530612286,26,49,0.48819194009952993,0.8193877551020399,77.42666666666666,75,37
1808,1808.0,0.4585357142857142,0.25292857142857145,0.3202857142857143,0.469108695652174,0.27597826086956523,0.24743478260869572,0.017342320153061228,0.004570494897959183,0.01446898979591837,0.009996618620037808,0.008004412570888469,0.013985506616257092,0.42769565217391303,0.32169565217391305,0.34682608695652173,0.03084006211180118,0.0687670807453416,0.026540372670807444,28,46,0.47265046766227964,0.8143478260869558,76.1891891891892,74,40
1809,1809.0,0.4800416666666667,0.25404166666666667,0.3485416666666667,0.469108695652174,0.27597826086956523,0.24743478260869572,0.016093706597222222,0.0038604565972222226,0.009998831597222223,0.009996618620037808,0.008004412570888469,0.013985506616257092,0.42769565217391303,0.32169565217391305,0.34682608695652173,0.05234601449275367,0.06765398550724638,0.0017155797101449655,24,46,0.49135337166866827,0.8286956521739124,77.32857142857142,70,43
1810,1810.0,0.4800416666666667,0.25404166666666667,0.3485416666666667,0.47271111111111125,0.2725111111111111,0.2448888888888889,0.016093706597222222,0.0038604565972222226,0.009998831597222223,0.009656116543209877,0.00799744987654321,0.014334143209876546,0.44166666666666665,0.31982222222222223,0.3454888888888889,0.03837500000000005,0.06578055555555556,0.003052777777777793,24,45,0.47364309498516616,0.8064444444444437,77.4927536231884,69,45
1811,1811.0,0.48756521739130426,0.2513913043478261,0.34821739130434787,0.4757906976744188,0.27634883720930237,0.25039534883720926,0.015586941398865784,0.003849281663516068,0.009982344045368621,0.009863932936722554,0.008036878312601407,0.014164843699296915,0.4534418604651163,0.3296046511627907,0.35367441860465115,0.03412335692618795,0.07821334681496461,0.005457027300303285,23,43,0.45368766006829847,0.8760465116279064,76.0909090909091,66,43
1812,1812.0,0.4674736842105263,0.2573684210526316,0.3288421052631579,0.4786136363636366,0.2769545454545455,0.25559090909090904,0.015457828254847646,0.003337495844875347,0.008917817174515235,0.009982418904958679,0.007869997933884296,0.01500365082644628,0.4565000000000001,0.3273181818181818,0.3654318181818182,0.010973684210526247,0.0699497607655502,0.03658971291866031,19,44,0.4771873147164942,0.9068181818181812,76.17460317460318,63,41
1813,1813.0,0.4674736842105263,0.2573684210526316,0.3288421052631579,0.4782666666666669,0.2773333333333334,0.25382222222222217,0.015457828254847646,0.003337495844875347,0.008917817174515235,0.009765884444444444,0.007701422222222222,0.014807879506172843,0.4591111111111112,0.32542222222222217,0.36077777777777775,0.008362573099415127,0.06805380116959059,0.03193567251461987,19,45,0.4428729009177253,0.9064444444444438,76.265625,64,43
1814,1814.0,0.4673999999999999,0.2549,0.31809999999999994,0.48045454545454563,0.27854545454545454,0.25545454545454543,0.01468504,0.00328639,0.010664390000000001,0.009772429752066117,0.007810338842975206,0.015024520661157025,0.46827272727272734,0.33174999999999993,0.3682045454545454,0.0008727272727274138,0.07684999999999992,0.05010454545454546,20,44,0.4056305627630086,0.9190909090909084,76.640625,64,45
1815,1815.0,0.4673999999999999,0.2549,0.31809999999999994,0.4860232558139536,0.28179069767441867,0.257953488372093,0.01468504,0.00328639,0.010664390000000001,0.00944788318009735,0.007739886425094647,0.015075160627366142,0.468139534883721,0.3375581395348837,0.37211627906976746,0.0007395348837210824,0.08265813953488371,0.054016279069767525,20,43,0.3955089776959305,0.9655813953488366,75.82539682539682,63,41
1816,1816.0,0.4669,0.24710000000000001,0.31655,0.48516666666666675,0.2828809523809524,0.257047619047619,0.014644189999999998,0.00373879,0.0106235475,0.009641281746031745,0.007873057256235825,0.015398807256235828,0.46864285714285714,0.33685714285714285,0.3571666666666667,0.001742857142857157,0.08975714285714284,0.04061666666666669,20,42,0.4291407194991046,0.9673809523809515,75.61290322580645,62,44
1817,1817.0,0.4669,0.24710000000000001,0.31655,0.4845476190476191,0.28307142857142853,0.25109523809523815,0.014644189999999998,0.00373879,0.0106235475,0.009655962018140589,0.007868113945578232,0.015340133786848073,0.4722142857142857,0.3343571428571429,0.3387380952380952,0.005314285714285716,0.0872571428571429,0.02218809523809523,20,42,0.3940960880771285,0.9621428571428564,75.83870967741936,62,47
1818,1818.0,0.47454545454545455,0.2531818181818182,0.30922727272727274,0.48616666666666675,0.28704761904761905,0.24514285714285713,0.01399052066115703,0.003786603305785124,0.010963448347107439,0.009729281746031746,0.008428283446712018,0.014091551020408164,0.47961904761904756,0.34302380952380956,0.3209047619047619,0.005073593073593008,0.08984199134199139,0.011677489177489175,22,42,0.3900467787774113,0.9754761904761897,75.3125,64,45
1819,1819.0,0.47454545454545455,0.2531818181818182,0.30922727272727274,0.4862682926829269,0.28539024390243906,0.24046341463414633,0.01399052066115703,0.003786603305785124,0.010963448347107439,0.009966147531231411,0.008518481856038073,0.013515565734681736,0.47675609756097564,0.3398292682926829,0.30858536585365853,0.0022106430155210965,0.08664745011086472,0.0006419068736142064,22,41,0.3828593488039181,0.9480487804878039,75.74603174603175,63,48
1820,1820.0,0.4668333333333334,0.256625,0.30670833333333336,0.48819999999999997,0.29395,0.2434,0.014780972222222221,0.0036841510416666667,0.011729706597222223,0.00983351,0.007865797499999999,0.01332939,0.485,0.345425,0.31665,0.01816666666666661,0.08879999999999999,0.009941666666666626,24,40,0.4381159255945561,0.8884999999999991,74.890625,64,47
1821,1821.0,0.47082608695652167,0.2581739130434783,0.3076086956521739,0.4853684210526317,0.2911578947368421,0.24239473684210527,0.015041013232514173,0.0037867523629489604,0.012220238185255196,0.009954443213296396,0.008106817174515234,0.013967975761772854,0.483578947368421,0.3489473684210526,0.3078947368421052,0.012752860411899325,0.09077345537757431,0.00028604118993130756,23,38,0.4246915052783413,0.8868421052631569,74.60655737704919,61,53
1822,1822.0,0.46472727272727266,0.2594090909090909,0.2974090909090909,0.48841666666666683,0.28625,0.24238888888888888,0.014869198347107437,0.003923787190082645,0.010382969008264463,0.009747243055555556,0.007624187500000001,0.014740848765432095,0.4881388888888888,0.33786111111111117,0.3160277777777777,0.023411616161616133,0.07845202020202025,0.018618686868686785,22,36,0.45936563648764983,0.9441666666666657,74.84482758620689,58,52
1823,1823.0,0.466952380952381,0.2593333333333333,0.2854285714285715,0.48841666666666683,0.28625,0.24238888888888888,0.01062261678004535,0.00387584126984127,0.011403292517006804,0.009747243055555556,0.007624187500000001,0.014740848765432095,0.4881388888888888,0.33786111111111117,0.3160277777777777,0.02118650793650778,0.07852777777777786,0.03059920634920621,21,36,0.46122505283176746,0.9263888888888877,74.52631578947368,57,56
1824,1824.0,0.46590476190476193,0.26638095238095233,0.28680952380952385,0.4889189189189191,0.2830810810810811,0.24767567567567567,0.010543895691609975,0.004399378684807257,0.011362916099773242,0.009492885317750182,0.007779642074506938,0.015348651570489407,0.48629729729729726,0.33329729729729735,0.33432432432432424,0.020392535392535327,0.06691634491634502,0.04751480051480039,21,37,0.5074617578303042,0.8881081081081071,75.91379310344827,58,58
1825,1825.0,0.46590476190476193,0.26638095238095233,0.28680952380952385,0.4895526315789476,0.28321052631578947,0.2541578947368421,0.010543895691609975,0.004399378684807257,0.011362916099773242,0.009257931440443212,0.007575534626038782,0.016499448753462608,0.4875,0.35084210526315796,0.3255263157894736,0.021595238095238056,0.08446115288220563,0.03871679197994976,21,38,0.4717135404142856,0.8955263157894727,77.1864406779661,59,60
1826,1826.0,0.46590476190476193,0.26638095238095233,0.28680952380952385,0.4903684210526317,0.2825263157894737,0.25563157894736843,0.010543895691609975,0.004399378684807257,0.011362916099773242,0.009227811634349032,0.007621880886426594,0.016184390581717452,0.4806315789473684,0.3481842105263158,0.32921052631578945,0.014726817042606477,0.08180325814536349,0.042401002506265606,21,38,0.4835843706173144,0.9186842105263151,77.9322033898305,59,58
1827,1827.0,0.45985000000000004,0.26209999999999994,0.28054999999999997,0.4901249999999999,0.2774,0.253225,0.0103012275,0.0042344900000000005,0.011108247500000003,0.008885159375000002,0.00785529,0.016444324374999996,0.478775,0.33730000000000004,0.325175,0.01892499999999997,0.0752000000000001,0.044625000000000026,20,40,0.46411086987744066,0.9297499999999992,77.83333333333333,60,57
1828,1828.0,0.45985000000000004,0.26209999999999994,0.28054999999999997,0.4876341463414634,0.2767317073170732,0.25107317073170726,0.0103012275,0.0042344900000000005,0.011108247500000003,0.008916622248661512,0.007681562165377752,0.01622845806067817,0.4804390243902439,0.3355365853658537,0.3190487804878049,0.02058902439024385,0.07343658536585373,0.03849878048780492,20,41,0.42937412643839307,0.9448780487804869,78.26229508196721,61,58
1829,1829.0,0.46255000000000007,0.25889999999999996,0.27849999999999997,0.485975,0.27474999999999994,0.25294999999999995,0.009414547499999999,0.0035528900000000004,0.011198550000000002,0.009026674375,0.007712587499999998,0.0164897475,0.475875,0.32455,0.32444999999999996,0.01332499999999992,0.06565000000000004,0.04594999999999999,20,40,0.5394425619067779,0.9292499999999991,78.66666666666667,60,57
1830,1830.0,0.46555,0.2583,0.2633,0.48505000000000004,0.273875,0.24770000000000003,0.009966247499999997,0.00360401,0.01061791,0.008997097499999999,0.0077070093750000014,0.015516660000000002,0.474775,0.3271,0.3078,0.009224999999999983,0.06880000000000003,0.04450000000000004,20,40,0.5302898868807574,0.9467499999999991,76.75,60,56
1831,1831.0,0.4602380952380953,0.24933333333333332,0.27399999999999997,0.48371428571428576,0.27459523809523806,0.25173809523809526,0.009519990929705215,0.003870412698412699,0.012112952380952382,0.010586061224489796,0.00754543140589569,0.015761336167800455,0.47728571428571426,0.3163333333333333,0.3225714285714286,0.017047619047618978,0.06699999999999998,0.048571428571428654,21,42,0.5322440203284009,0.8849999999999992,77.38095238095238,63,59
1832,1832.0,0.46313636363636357,0.25245454545454543,0.2918636363636364,0.48737209302325574,0.2661627906976744,0.25302325581395346,0.00972784504132231,0.0038990661157024802,0.013548208677685948,0.011018326663061113,0.0074532525689561925,0.01599216224986479,0.4826279069767443,0.29941860465116277,0.3366511627906977,0.019491543340380724,0.046964059196617336,0.0447875264270613,22,43,0.5325325747093566,0.8530232558139527,77.04615384615384,65,59
1833,1833.0,0.4742608695652173,0.2523913043478261,0.2982173913043478,0.49123809523809525,0.26804761904761903,0.25442857142857145,0.012027497164461245,0.0037296294896030256,0.01384730056710775,0.010637990929705214,0.007477950113378684,0.016288006802721085,0.48590476190476195,0.30471428571428577,0.33949999999999997,0.01164389233954466,0.05232298136645969,0.041282608695652145,23,42,0.4897687060588356,0.8692857142857134,77.38461538461539,65,60
1834,1834.0,0.4742608695652173,0.2523913043478261,0.2982173913043478,0.49517073170731707,0.2700975609756098,0.252390243902439,0.012027497164461245,0.0037296294896030256,0.01384730056710775,0.010999068411659728,0.007400429506246282,0.016354676977989292,0.5005609756097562,0.30168292682926834,0.33902439024390246,0.026300106044538918,0.049291622481442254,0.04080699893955464,23,41,0.4306988407434644,0.8612195121951212,77.390625,64,63
1835,1835.0,0.4896190476190475,0.24890476190476188,0.30952380952380953,0.49764285714285716,0.27302380952380956,0.2567857142857143,0.010161759637188208,0.0038146575963718824,0.013547392290249436,0.010987753401360547,0.0075753089569160995,0.016757406462585035,0.5054285714285714,0.29750000000000004,0.3491190476190476,0.01580952380952394,0.048595238095238164,0.03959523809523807,21,42,0.4584530460582678,0.8190476190476184,78.07936507936508,63,67
1836,1836.0,0.49609090909090897,0.25136363636363634,0.3192272727272727,0.4978809523809524,0.27209523809523806,0.255547619047619,0.010579446280991733,0.0037682314049586785,0.014908902892561988,0.010983581065759638,0.007384133786848072,0.016837057256235827,0.4880238095238094,0.2944047619047619,0.35304761904761905,0.008067099567099556,0.04304112554112555,0.03382034632034636,22,42,0.48034642367427693,0.7880952380952373,76.734375,64,69
1837,1837.0,0.4751,0.2584,0.3121999999999999,0.4978809523809524,0.27209523809523806,0.255547619047619,0.012969289999999998,0.003499940000000001,0.013635159999999999,0.010983581065759638,0.007384133786848072,0.016837057256235827,0.4880238095238094,0.2944047619047619,0.35304761904761905,0.012923809523809393,0.03600476190476187,0.04084761904761913,20,42,0.5076384446384922,0.8219047619047611,78.09677419354838,62,67
1838,1838.0,0.47059090909090917,0.258,0.3052272727272727,0.49892682926829274,0.27168292682926826,0.2557317073170732,0.011993605371900827,0.0032314545454545456,0.013259993801652896,0.011205531231409877,0.007557094586555624,0.017246293872694825,0.4927317073170731,0.29482926829268297,0.35799999999999993,0.022140798226163938,0.03682926829268296,0.05277272727272725,22,41,0.47720189004471325,0.8497560975609748,78.80952380952381,63,66
1839,1839.0,0.47400000000000003,0.2613636363636363,0.3056363636363636,0.5001463414634146,0.2749512195121951,0.26546341463414636,0.010931363636363637,0.0031595950413223143,0.013114413223140496,0.011277393218322426,0.007175900059488398,0.01932698036882808,0.48929268292682926,0.3135609756097561,0.35626829268292687,0.015292682926829226,0.0521973392461198,0.05063192904656327,22,41,0.47270164243474305,0.8697560975609746,77.47619047619048,63,67
1840,1840.0,0.47365,0.25954999999999995,0.30515,0.4957750000000001,0.272025,0.2683,0.0096669275,0.0031313475,0.0138830275,0.010775874375,0.007004224375000001,0.01948026,0.485325,0.30085,0.36255,0.011674999999999991,0.04130000000000006,0.05740000000000001,20,40,0.48834183954290245,0.880749999999999,78.41666666666667,60,70
1841,1841.0,0.48500000000000004,0.2604285714285714,0.3100952380952381,0.4961315789473685,0.2737894736842105,0.26002631578947366,0.011783047619047618,0.0029976734693877545,0.013711038548752835,0.011283166897506924,0.007466903047091411,0.018960025623268695,0.4978947368421051,0.317,0.3278684210526316,0.01289473684210507,0.056571428571428606,0.017773182957393496,21,38,0.4887757791908966,0.8697368421052624,77.01694915254237,59,74
1842,1842.0,0.48500000000000004,0.2604285714285714,0.3100952380952381,0.49739024390243897,0.27151219512195124,0.25970731707317074,0.011783047619047618,0.0029976734693877545,0.013711038548752835,0.01202214039262344,0.007352883997620465,0.01870298750743605,0.4859512195121952,0.3034390243902439,0.33117073170731703,0.0009512195121951783,0.043010452961672496,0.021075493612078944,21,41,0.41449561959088,0.8287804878048772,76.20967741935483,62,78
1843,1843.0,0.48500000000000004,0.2604285714285714,0.3100952380952381,0.4963414634146341,0.27124390243902435,0.26339024390243904,0.011783047619047618,0.0029976734693877545,0.013711038548752835,0.012069054134443783,0.007369452706722189,0.018444823319452706,0.4918292682926829,0.3051951219512195,0.33168292682926825,0.006829268292682877,0.04476655052264811,0.021587688734030164,21,41,0.3783106980861015,0.7765853658536579,76.61290322580645,62,83
1844,1844.0,0.48795454545454553,0.26386363636363636,0.3040454545454545,0.4927894736842105,0.2680263157894737,0.2667368421052631,0.011430770661157025,0.0031092086776859508,0.013856407024793389,0.011775324099722992,0.006907499307479223,0.0174816675900277,0.4910789473684211,0.2774736842105264,0.3472631578947369,0.003124401913875585,0.013610047846890017,0.04321770334928238,22,38,0.3879382412821721,0.8128947368421046,77.11666666666666,60,84
1845,1845.0,0.4881666666666667,0.26311111111111113,0.2929999999999999,0.49329729729729727,0.2720810810810811,0.2702972972972973,0.012965916666666666,0.0031332098765432096,0.01371766666666667,0.012083776479181886,0.0064694258582907215,0.01747242512783053,0.4871351351351352,0.27548648648648655,0.35454054054054057,0.0010315315315315154,0.01237537537537542,0.061540540540540645,18,37,0.4512643029041231,0.8794594594594589,77.74545454545455,55,82
1846,1846.0,0.4873157894736842,0.26715789473684215,0.28863157894736835,0.4972702702702702,0.270972972972973,0.2676486486486487,0.012296531855955677,0.0032630803324099726,0.01333918005540166,0.012808575602629655,0.006478350620891161,0.016539957633308986,0.49675675675675685,0.24954054054054056,0.3815675675675676,0.009440967283072643,0.017617354196301588,0.09293598862019925,19,37,0.48539811329814136,0.8891891891891885,76.32142857142857,56,81
1847,1847.0,0.48183333333333334,0.27033333333333337,0.29699999999999993,0.4971142857142856,0.26585714285714285,0.27134285714285716,0.012408583333333332,0.003252777777777778,0.012749666666666666,0.012675529795918366,0.005345951020408163,0.017228968163265305,0.4936000000000001,0.23454285714285714,0.3930571428571429,0.011766666666666759,0.035790476190476234,0.09605714285714295,18,35,0.45926596992323954,0.8925714285714278,76.66037735849056,53,85
1848,1848.0,0.48961111111111105,0.2682777777777778,0.2983333333333333,0.4937428571428571,0.2623999999999999,0.26317142857142856,0.012910682098765431,0.0032519783950617285,0.012817222222222223,0.011956933877551023,0.005149782857142856,0.016579456326530614,0.4826285714285714,0.24228571428571424,0.36522857142857146,0.006982539682539646,0.02599206349206354,0.06689523809523817,18,35,0.462076340957447,0.8805714285714279,75.0754716981132,53,88
1849,1849.0,0.48961111111111105,0.2682777777777778,0.2983333333333333,0.4905142857142857,0.2656,0.25185714285714284,0.012910682098765431,0.0032519783950617285,0.012817222222222223,0.011657506938775507,0.005053782857142857,0.016681608163265305,0.4731428571428571,0.2493428571428571,0.34245714285714285,0.016468253968253965,0.018934920634920693,0.044123809523809565,18,35,0.4286368355295088,0.8771428571428566,74.30188679245283,53,92
1850,1850.0,0.4909473684210526,0.2634736842105263,0.2907894736842105,0.4924411764705882,0.26338235294117646,0.25829411764705884,0.01226331301939058,0.003496249307479225,0.013167008310249306,0.011491893598615917,0.004182883217993079,0.015664678200692037,0.47461764705882353,0.2375294117647059,0.35335294117647065,0.016329721362229044,0.0259442724458204,0.06256346749226016,19,34,0.43755536535938266,0.8991176470588228,73.58490566037736,53,91
1851,1851.0,0.4909473684210526,0.2634736842105263,0.2907894736842105,0.4863243243243242,0.2551891891891892,0.25716216216216214,0.01226331301939058,0.003496249307479225,0.013167008310249306,0.012934381300219136,0.004730045288531775,0.01523618991964938,0.4695135135135136,0.2428918918918919,0.33691891891891895,0.021433854907538963,0.020581792318634412,0.046129445234708466,19,37,0.387385100256919,0.8410810810810805,73.83928571428571,56,95
1852,1852.0,0.48394117647058826,0.2641176470588235,0.2718235294117647,0.4863243243243242,0.2551891891891892,0.25716216216216214,0.00989946712802768,0.0038978685121107276,0.011275792387543252,0.012934381300219136,0.004730045288531775,0.01523618991964938,0.4695135135135136,0.2428918918918919,0.33691891891891895,0.01442766295707465,0.02122575516693162,0.06509538950715427,17,37,0.3421994199011288,0.8281081081081073,74.03703703703704,54,100
1853,1853.0,0.48506249999999995,0.267625,0.2816875,0.4901944444444444,0.2521388888888889,0.25538888888888883,0.01049680859375,0.0039323593750000005,0.010326464843750001,0.011828378858024692,0.004546064043209876,0.015245015432098767,0.4692222222222223,0.23991666666666664,0.32513888888888887,0.015840277777777634,0.027708333333333363,0.04345138888888889,16,36,0.374546656759827,0.8291666666666662,71.84615384615384,52,99
1854,1854.0,0.47706666666666664,0.2673333333333333,0.28546666666666665,0.4901944444444444,0.2521388888888889,0.25538888888888883,0.008910195555555556,0.0042747555555555546,0.01454851555555556,0.011828378858024692,0.004546064043209876,0.015245015432098767,0.4692222222222223,0.23991666666666664,0.32513888888888887,0.00784444444444432,0.027416666666666673,0.03967222222222222,15,36,0.40195335203397253,0.8058333333333327,70.13725490196079,51,101
1855,1855.0,0.4807142857142857,0.2666428571428571,0.2844285714285714,0.4901944444444444,0.2521388888888889,0.25538888888888883,0.009347061224489795,0.00457294387755102,0.015571530612244902,0.011828378858024692,0.004546064043209876,0.015245015432098767,0.4692222222222223,0.23991666666666664,0.32513888888888887,0.011492063492063387,0.026726190476190487,0.04071031746031745,14,36,0.447978784437007,0.7936111111111106,70.74,50,105
1856,1856.0,0.4904285714285714,0.2652857142857143,0.2687857142857143,0.4889428571428571,0.25282857142857146,0.25279999999999997,0.008636530612244899,0.004853775510204082,0.015418454081632654,0.012109939591836733,0.004658827755102041,0.015439302857142855,0.4662000000000001,0.24317142857142854,0.32948571428571427,0.024228571428571266,0.022114285714285753,0.060699999999999976,14,35,0.5561869955592852,0.8554285714285708,71.06122448979592,49,103
1857,1857.0,0.4883125,0.2748125,0.27225,0.4897941176470589,0.25220588235294117,0.2562941176470588,0.007631089843750001,0.0055394023437499995,0.0135754375,0.012440751730103805,0.004782281141868512,0.015466089965397925,0.4643529411764706,0.24291176470588235,0.3349411764705883,0.023959558823529403,0.03190073529411766,0.0626911764705883,16,34,0.5906450749481197,0.8558823529411759,69.18,50,104
1858,1858.0,0.4883125,0.2748125,0.27225,0.4867142857142857,0.25934285714285715,0.25485714285714284,0.007631089843750001,0.0055394023437499995,0.0135754375,0.012252718367346935,0.005515311020408163,0.015083608163265306,0.4653714285714286,0.24297142857142862,0.3239428571428572,0.02294107142857138,0.0318410714285714,0.05169285714285721,16,35,0.5192339977980801,0.8191428571428565,68.84313725490196,51,109
1859,1859.0,0.48164705882352943,0.2754117647058823,0.2709411764705883,0.48575675675675684,0.2554054054054054,0.25013513513513513,0.009747051903114187,0.005145301038062283,0.013930173010380624,0.012577048940832723,0.005496943754565376,0.014663360116873633,0.4579459459459459,0.24375675675675681,0.31075675675675685,0.02370111287758353,0.031655007949125485,0.03981558028616855,17,37,0.48650885127945215,0.8154054054054047,68.38888888888889,54,109
1860,1860.0,0.48225000000000007,0.27137500000000003,0.27475,0.48575675675675684,0.2554054054054054,0.25013513513513513,0.0103500625,0.005189859375,0.014554187500000003,0.012577048940832723,0.005496943754565376,0.014663360116873633,0.4579459459459459,0.24375675675675681,0.31075675675675685,0.02430405405405417,0.027618243243243218,0.03600675675675685,16,37,0.5568583718148754,0.8394594594594588,70.24528301886792,53,109
1861,1861.0,0.47773333333333334,0.2670666666666667,0.2812666666666667,0.48575675675675684,0.2554054054054054,0.25013513513513513,0.010713662222222222,0.005238862222222222,0.014844995555555561,0.012577048940832723,0.005496943754565376,0.014663360116873633,0.4579459459459459,0.24375675675675681,0.31075675675675685,0.019787387387387445,0.02330990990990986,0.029490090090090126,15,37,0.5383511422902901,0.8535135135135129,70.38461538461539,52,113
1862,1862.0,0.4925625,0.273,0.2989375,0.48483783783783785,0.25813513513513514,0.25216216216216214,0.01334262109375,0.005439499999999999,0.018601058593749997,0.0125991088385683,0.005280927684441197,0.014436946676406139,0.4622972972972973,0.24402702702702703,0.3151891891891892,0.03026520270270272,0.028972972972972993,0.016251689189189178,16,37,0.5429325220834024,0.782432432432432,66.84905660377359,53,116
1863,1863.0,0.5000588235294119,0.2771176470588235,0.30158823529411766,0.4828461538461538,0.26264102564102565,0.25369230769230766,0.013075349480968857,0.005161397923875432,0.01906965397923875,0.01211684812623274,0.005858332675871137,0.013769443786982248,0.4733589743589744,0.25961538461538464,0.3212820512820513,0.026699849170437495,0.017502262443438887,0.019693815987933627,17,39,0.7034667466430834,0.7274358974358969,66.05357142857143,56,114
1864,1864.0,0.5000588235294119,0.2771176470588235,0.30158823529411766,0.4801621621621621,0.2656486486486487,0.25121621621621615,0.013075349480968857,0.005161397923875432,0.01906965397923875,0.010979433162892622,0.005798606281957633,0.013454710007304601,0.49308108108108106,0.2740540540540541,0.30905405405405406,0.006977742448330826,0.003063593004769438,0.0074658187599364045,17,37,0.6414663843935207,0.798648648648648,66.68518518518519,54,115
1865,1865.0,0.50825,0.259875,0.309875,0.4719736842105264,0.26431578947368417,0.23978947368421047,0.012013937499999999,0.005016734375,0.020529234375,0.010830551939058172,0.005962847645429361,0.014002060941828251,0.49984210526315787,0.2710526315789474,0.28910526315789475,0.008407894736842114,0.011177631578947356,0.020769736842105258,16,38,0.7053787772622435,0.8165789473684205,66.57407407407408,54,111
1866,1866.0,0.50825,0.259875,0.309875,0.4691025641025641,0.26469230769230767,0.23797435897435895,0.012013937499999999,0.005016734375,0.020529234375,0.010866092044707428,0.005815341222879684,0.013768230111768571,0.4991538461538461,0.27361538461538465,0.2841794871794872,0.009096153846153865,0.013740384615384627,0.0256955128205128,16,39,0.7149616705685963,0.8758974358974354,68.0,55,107
1867,1867.0,0.50825,0.259875,0.309875,0.4691025641025641,0.26469230769230767,0.23797435897435895,0.012013937499999999,0.005016734375,0.020529234375,0.010866092044707428,0.005815341222879684,0.013768230111768571,0.4991538461538461,0.27361538461538465,0.2841794871794872,0.009096153846153865,0.013740384615384627,0.0256955128205128,16,39,0.6929663296563228,0.9256410256410254,69.0,55,107
1868,1868.0,0.5135294117647059,0.2705294117647059,0.32111764705882356,0.4691025641025641,0.26469230769230767,0.23797435897435895,0.011753190311418683,0.006537896193771625,0.021343986159169548,0.010866092044707428,0.005815341222879684,0.013768230111768571,0.4991538461538461,0.27361538461538465,0.2841794871794872,0.014375565610859786,0.003085972850678742,0.03693815987933635,17,39,0.7076655028666435,0.9702564102564094,69.5,56,104
1869,1869.0,0.5134375,0.27637500000000004,0.3315,0.46455,0.265625,0.236275,0.01248762109375,0.006365609374999999,0.020845499999999996,0.011402747500000001,0.005703884374999999,0.013536649374999998,0.500275,0.27135,0.277075,0.013162499999999966,0.005025000000000057,0.054425,16,40,0.7159512230928375,0.9607499999999994,69.69642857142857,56,105
1870,1870.0,0.5100588235294117,0.27735294117647064,0.32029411764705884,0.46455,0.265625,0.236275,0.011935702422145327,0.006006463667820068,0.021628442906574397,0.011402747500000001,0.005703884374999999,0.013536649374999998,0.500275,0.27135,0.277075,0.00978382352941165,0.006002941176470655,0.043219117647058825,17,40,0.697429099049841,0.9782499999999994,70.57894736842105,57,105
1871,1871.0,0.5171666666666667,0.27588888888888896,0.3188333333333333,0.4611860465116279,0.26820930232558143,0.23532558139534887,0.012131472222222222,0.005709209876543209,0.02046313888888889,0.01152563980530016,0.005502398053001622,0.01266421957815035,0.5000930232558141,0.2698372093023256,0.2768604651162791,0.0170736434108526,0.0060516795865633854,0.041972868217054204,18,43,0.708676034427765,0.9483720930232553,70.45901639344262,61,102
1872,1872.0,0.5171666666666667,0.27588888888888896,0.3188333333333333,0.46614285714285714,0.2692380952380952,0.2358095238095238,0.012131472222222222,0.005709209876543209,0.02046313888888889,0.010743551020408162,0.0055878956916099775,0.012955678004535147,0.5087380952380952,0.2717380952380953,0.27721428571428575,0.008428571428571452,0.004150793650793683,0.041619047619047556,18,42,0.7139512791515842,0.9654761904761899,70.73333333333333,60,102
1873,1873.0,0.5136315789473683,0.2762105263157895,0.31057894736842107,0.46693023255813954,0.2694186046511628,0.23655813953488372,0.011717916897506925,0.005410587257617729,0.020612559556786703,0.010519739318550566,0.005459313142239047,0.012677921038399136,0.5159302325581396,0.2744883720930233,0.27076744186046514,0.0022986536107713063,0.0017221542227662257,0.039811505507955924,19,43,0.7892672331451193,0.9144186046511623,71.3225806451613,62,102
1874,1874.0,0.5074090909090908,0.27445454545454556,0.2937727272727273,0.46323913043478265,0.2763478260869565,0.2317826086956522,0.01145505991735537,0.005062520661157025,0.019603811983471074,0.010804138468809073,0.005481487712665406,0.01206938752362949,0.5134782608695653,0.2782826086956522,0.25419565217391304,0.006069169960474463,0.0038280632411066273,0.03957707509881425,22,46,0.7518148844214008,0.8484782608695648,68.20588235294117,68,99
1875,1875.0,0.5071363636363636,0.2717272727272728,0.3067272727272727,0.4617954545454546,0.2778181818181818,0.22663636363636358,0.011445390495867768,0.00536301652892562,0.018237107438016525,0.010801799070247935,0.005611785123966943,0.011839731404958677,0.5136136363636363,0.28047727272727274,0.24263636363636365,0.00647727272727272,0.008749999999999925,0.06409090909090903,22,44,0.720433900292949,0.8620454545454542,66.68181818181819,66,97
1876,1876.0,0.5032857142857142,0.2727142857142858,0.30538095238095236,0.46326190476190476,0.2840952380952381,0.23226190476190478,0.011664204081632651,0.005596965986394558,0.01906566439909297,0.01133247902494331,0.0048957052154195,0.011405669501133787,0.5104761904761904,0.2824285714285714,0.24573809523809528,0.007190476190476192,0.00971428571428562,0.05964285714285708,21,42,0.6286658941885804,0.868333333333333,65.4920634920635,63,98
1877,1877.0,0.5008999999999999,0.27295,0.31265,0.465906976744186,0.2822325581395349,0.23532558139534887,0.012127889999999999,0.005875647499999999,0.018909327499999996,0.011362782044348296,0.0049275738236884805,0.011534638182801515,0.5178837209302325,0.27813953488372095,0.2618372093023256,0.016983720930232593,0.005189534883720925,0.05081279069767436,20,43,0.6485986744105123,0.8569767441860461,66.95238095238095,63,100
1878,1878.0,0.5022857142857143,0.27685714285714286,0.3213809523809523,0.47104444444444443,0.2831111111111111,0.23724444444444448,0.012005918367346938,0.005383074829931973,0.017040140589569163,0.012418575802469132,0.004752943209876543,0.01172525135802469,0.5217111111111111,0.2746888888888889,0.26993333333333336,0.01942539682539679,0.0021682539682539304,0.051447619047618964,21,45,0.6326821639651845,0.8006666666666662,66.65151515151516,66,103
1879,1879.0,0.5022857142857143,0.27685714285714286,0.3213809523809523,0.4736739130434782,0.28156521739130436,0.23967391304347832,0.012005918367346938,0.005383074829931973,0.017040140589569163,0.012459741493383742,0.004757158790170132,0.01173595888468809,0.5202391304347826,0.2749130434782609,0.279,0.017953416149068313,0.0019440993788819583,0.0423809523809523,21,46,0.5960016622886399,0.8510869565217386,67.71641791044776,67,100
1880,1880.0,0.5022857142857143,0.27685714285714286,0.3213809523809523,0.4748936170212766,0.2831702127659575,0.24208510638297875,0.012005918367346938,0.005383074829931973,0.017040140589569163,0.01305413761883205,0.004739205070167496,0.012892077863286553,0.5155744680851063,0.26678723404255317,0.2884255319148936,0.013288753799391984,0.01006990881458969,0.032955420466058705,21,47,0.5759878272787619,0.852765957446808,67.73529411764706,68,100
1881,1881.0,0.5059523809523809,0.27266666666666667,0.33114285714285707,0.47489130434782606,0.28250000000000003,0.24369565217391306,0.011891378684807255,0.0056911746031746025,0.015834312925170065,0.013337922967863895,0.0048211195652173916,0.01305042911153119,0.5096739130434783,0.26367391304347826,0.2941739130434783,0.0037215320910973793,0.00899275362318841,0.03696894409937879,21,46,0.6754423265603873,0.9136956521739125,68.65671641791045,67,94
1882,1882.0,0.5167142857142858,0.2688571428571429,0.3379047619047619,0.47485416666666663,0.27839583333333334,0.24370833333333333,0.010937156462585033,0.005879836734693877,0.014055609977324267,0.013075207899305554,0.0049972391493055554,0.012600706597222225,0.5126875,0.25222916666666667,0.3074791666666667,0.00402678571428583,0.016627976190476235,0.030425595238095182,21,48,0.6494856411066804,0.8693749999999993,67.21739130434783,69,95
1883,1883.0,0.5084090909090909,0.2711363636363637,0.3327272727272727,0.47729787234042553,0.27838297872340423,0.24529787234042558,0.011888514462809916,0.005721663223140495,0.01397965289256198,0.013066762335898595,0.005103555454956994,0.012747528293345406,0.513531914893617,0.24970212765957447,0.3119574468085106,0.005122823984526126,0.0214342359767892,0.020769825918762086,22,47,0.6687544336523511,0.8434042553191483,67.01449275362319,69,97
1884,1884.0,0.5064166666666666,0.2744166666666667,0.3352916666666667,0.4756458333333334,0.27720833333333333,0.24602083333333336,0.011106493055555553,0.005688743055555556,0.015338039930555556,0.01292281206597222,0.005062081597222222,0.012506520399305556,0.5121666666666668,0.2483958333333333,0.30795833333333333,0.005750000000000144,0.02602083333333341,0.027333333333333376,24,48,0.6369054293173501,0.8439583333333327,66.90277777777777,72,96
1885,1885.0,0.5064166666666666,0.2744166666666667,0.3352916666666667,0.4756458333333334,0.27720833333333333,0.24602083333333336,0.011106493055555553,0.005688743055555556,0.015338039930555556,0.01292281206597222,0.005062081597222222,0.012506520399305556,0.5121666666666668,0.2483958333333333,0.30795833333333333,0.005750000000000144,0.02602083333333341,0.027333333333333376,24,48,0.6458858781806504,0.8664583333333327,67.90277777777777,72,95
1886,1886.0,0.5069999999999999,0.27415384615384614,0.33557692307692305,0.4756458333333334,0.27720833333333333,0.24602083333333336,0.010677461538461535,0.005259668639053254,0.014321936390532546,0.01292281206597222,0.005062081597222222,0.012506520399305556,0.5121666666666668,0.2483958333333333,0.30795833333333333,0.005166666666666875,0.02575801282051285,0.027618589743589717,26,48,0.6198766095790312,0.859791666666666,68.94594594594595,74,96
1887,1887.0,0.5052307692307693,0.2711923076923077,0.34457692307692306,0.4799183673469388,0.2791224489795919,0.2525510204081633,0.010936177514792896,0.0053673091715976335,0.012844551775147928,0.013535299458558936,0.005134638067471886,0.014298165764264889,0.514061224489796,0.24565306122448977,0.31514285714285717,0.008830455259026704,0.02553924646781791,0.02943406593406589,26,49,0.6459928159608969,0.8326530612244891,69.53333333333333,75,97
1888,1888.0,0.5057777777777778,0.2657777777777777,0.3464814814814815,0.480734693877551,0.2842244897959183,0.25165306122448977,0.010747506172839505,0.005614913580246915,0.011781360768175585,0.013601705122865473,0.0052196026655560186,0.014440226572261555,0.521,0.2573877551020408,0.31279591836734694,0.015222222222222248,0.008390022675736908,0.033685563114134565,27,49,0.6173980159078802,0.799183673469387,68.01315789473684,76,100
1889,1889.0,0.5027142857142857,0.26439285714285715,0.34253571428571433,0.4829791666666667,0.28270833333333334,0.25156249999999997,0.01061706122448979,0.005466167091836735,0.01178096301020408,0.01363822873263889,0.005215706597222223,0.014740662760416664,0.5285208333333333,0.26004166666666667,0.3147708333333334,0.02580654761904766,0.004351190476190481,0.027764880952380944,28,48,0.5865939845701524,0.8397916666666659,68.34210526315789,76,97
1890,1890.0,0.5019999999999999,0.2672222222222222,0.3407777777777778,0.4841875,0.2831666666666667,0.2538125,0.010995999999999997,0.0054444691358024695,0.012130765432098766,0.013583652343749997,0.005266180555555555,0.014566569010416664,0.5342708333333334,0.2551041666666667,0.33241666666666664,0.03227083333333347,0.012118055555555507,0.008361111111111152,27,48,0.5863821996501313,0.8264583333333327,69.21333333333334,75,99
1891,1891.0,0.49248275862068963,0.2667241379310345,0.3466206896551724,0.48426086956521724,0.2756304347826087,0.25469565217391305,0.014043215219976219,0.00526606183115339,0.012295200951248513,0.013813323251417771,0.005623493856332703,0.01494742911153119,0.5287608695652173,0.24149999999999996,0.33545652173913043,0.03627811094452765,0.025224137931034535,0.011164167916041967,29,46,0.5935080587863834,0.8171739130434778,67.76,75,97
1892,1892.0,0.5047586206896552,0.2717586206896552,0.35379310344827586,0.48160869565217374,0.2769347826086957,0.2501086956521739,0.015893907253269914,0.005223355529131985,0.011288095124851369,0.01411002079395085,0.005633191398865783,0.015423575141776936,0.5306086956521738,0.23793478260869566,0.3197173913043478,0.025850074962518677,0.03382383808095951,0.03407571214392807,29,46,0.6122610345110052,0.8389130434782605,68.77333333333333,75,94
1893,1893.0,0.51003125,0.27431249999999996,0.35384375,0.48297826086956536,0.2748695652173913,0.2581739130434783,0.0157299677734375,0.00511496484375,0.012526631835937501,0.014968195179584119,0.00572750472589792,0.0149668393194707,0.5404130434782608,0.2347173913043478,0.33252173913043476,0.030381793478260755,0.039595108695652165,0.021322010869565255,32,46,0.568168336231835,0.7893478260869561,65.25641025641026,78,95
1894,1894.0,0.5065,0.27699999999999997,0.34908823529411764,0.4783695652173914,0.2762826086956522,0.26030434782608697,0.015429191176470585,0.004930588235294118,0.012837727508650518,0.01481771124763705,0.0055322896975425325,0.014744255198487712,0.5386086956521738,0.2321086956521739,0.33217391304347826,0.03210869565217389,0.044891304347826066,0.01691432225063938,34,46,0.5650466554102221,0.7710869565217388,65.5,80,95
1895,1895.0,0.5058787878787878,0.2795151515151515,0.3485454545454545,0.47851111111111116,0.2767333333333334,0.26135555555555556,0.015883621671258036,0.0048649164370982555,0.013216732782369147,0.015146072098765435,0.005645884444444444,0.015021073580246912,0.5433777777777778,0.2318444444444444,0.33295555555555556,0.03749898989899003,0.047670707070707086,0.015589898989898932,33,45,0.5434780424767229,0.781333333333333,66.94871794871794,78,99
1896,1896.0,0.5035625,0.2818125,0.350875,0.47460869565217395,0.27808695652173915,0.26315217391304346,0.01620293359375,0.00484277734375,0.013450671875,0.015502107750472591,0.0056056011342155,0.014839781190926276,0.5389782608695654,0.2322173913043478,0.3299347826086957,0.03541576086956533,0.04959510869565223,0.020940217391304305,32,46,0.548818285291454,0.7936956521739124,67.8974358974359,78,98
1897,1897.0,0.5033666666666667,0.2813333333333333,0.35079999999999995,0.47346666666666676,0.2776,0.26495555555555556,0.016987698888888885,0.005109688888888891,0.014115226666666668,0.015786604444444442,0.0057192622222222225,0.015019953580246912,0.5375555555555555,0.23131111111111108,0.3360666666666667,0.03418888888888871,0.050022222222222246,0.014733333333333265,30,45,0.5233286195597113,0.8124444444444437,67.66666666666667,75,98
1898,1898.0,0.5110333333333333,0.2844333333333333,0.3619,0.4744693877551021,0.27424489795918366,0.2741428571428571,0.01772063222222222,0.005181712222222222,0.014162956666666667,0.016076657226155772,0.005590797167846729,0.015695265306122447,0.5323673469387755,0.2199387755102041,0.35291836734693877,0.02133401360544218,0.06449455782312921,0.008981632653061233,30,49,0.4900215881157608,0.8093877551020402,67.31645569620254,79,95
1899,1899.0,0.5209333333333334,0.29006666666666664,0.3616333333333333,0.47564,0.27452000000000004,0.28212,0.01600166222222222,0.004821395555555556,0.014088298888888889,0.0158935504,0.0053044896,0.015486345599999996,0.54432,0.21047999999999997,0.38358000000000003,0.023386666666666667,0.07958666666666667,0.021946666666666725,30,50,0.48674734023857397,0.7801999999999996,66.575,80,96
1900,1900.0,0.5395714285714286,0.2993214285714286,0.3728214285714285,0.47564,0.27452000000000004,0.28212,0.01403238775510204,0.004338646683673469,0.014600360969387756,0.0158935504,0.0053044896,0.015486345599999996,0.54432,0.21047999999999997,0.38358000000000003,0.004748571428571435,0.08884142857142865,0.010758571428571506,28,50,0.531063965612697,0.8139999999999995,66.62820512820512,78,90
1901,1901.0,0.5447241379310345,0.3007931034482759,0.3771724137931034,0.47274509803921566,0.276,0.27776470588235297,0.014291923900118905,0.004249681331747919,0.014626970273483949,0.01600093502499039,0.00531,0.016131121107266434,0.5463333333333333,0.20998039215686273,0.3766078431372549,0.0016091954022988686,0.09081271129141319,0.0005645706558484731,29,51,0.5307431713032746,0.8068627450980388,67.8625,80,89
1902,1902.0,0.5605714285714286,0.30310714285714285,0.3881785714285714,0.4723877551020408,0.27561224489795916,0.2800408163265306,0.011759673469387753,0.0043256670918367345,0.015637289540816328,0.01663680882965431,0.005519951686797168,0.016571059558517284,0.5402244897959183,0.20565306122448979,0.3887959183673469,0.020346938775510304,0.09745408163265307,0.0006173469387755204,28,49,0.5366737754598198,0.8557142857142851,67.28571428571429,77,89
1903,1903.0,0.5605714285714286,0.30310714285714285,0.3881785714285714,0.482433962264151,0.27658490566037736,0.29339622641509433,0.011759673469387753,0.0043256670918367345,0.015637289540816328,0.017553717337130653,0.005703261658953362,0.01803405055179779,0.552622641509434,0.20343396226415092,0.4093018867924528,0.007948787061994644,0.09967318059299193,0.0211233153638814,28,53,0.48440829965965715,0.8220754716981128,67.69135802469135,81,89
1904,1904.0,0.5605714285714286,0.30310714285714285,0.3881785714285714,0.47901923076923086,0.27715384615384614,0.2914230769230769,0.011759673469387753,0.0043256670918367345,0.015637289540816328,0.01727328809171598,0.005795784023668639,0.018174513313609468,0.5461730769230769,0.20657692307692305,0.3979423076923077,0.014398351648351682,0.0965302197802198,0.009763736263736333,28,52,0.5186142906965777,0.8792307692307689,68.2375,80,83
1905,1905.0,0.5576785714285715,0.30103571428571424,0.39157142857142846,0.48042307692307695,0.2767307692307692,0.2975961538461538,0.010878075255102043,0.0042969630102040815,0.015919744897959182,0.01754782100591716,0.005688273668639053,0.01838427921597633,0.5382307692307692,0.19798076923076918,0.40855769230769234,0.01944780219780229,0.10305494505494506,0.016986263736263885,28,52,0.538765709067692,0.9157692307692303,68.7,80,79
1906,1906.0,0.5576785714285715,0.30103571428571424,0.39157142857142846,0.48042307692307695,0.2767307692307692,0.2975961538461538,0.010878075255102043,0.0042969630102040815,0.015919744897959182,0.01754782100591716,0.005688273668639053,0.01838427921597633,0.5382307692307692,0.19798076923076918,0.40855769230769234,0.01944780219780229,0.10305494505494506,0.016986263736263885,28,52,0.5729994347572724,0.9430769230769224,69.7,80,75
1907,1907.0,0.5629629629629629,0.29999999999999993,0.4014074074074074,0.4783076923076924,0.2763269230769231,0.29824999999999996,0.010499072702331962,0.0044260740740740745,0.01380046364883402,0.01763821301775148,0.005697989275147929,0.018315072115384613,0.537923076923077,0.19894230769230764,0.40661538461538466,0.02503988603988594,0.10105769230769229,0.005207977207977277,27,52,0.6246278867405273,0.9348076923076918,70.46835443037975,79,73
1908,1908.0,0.5636,0.29823333333333324,0.3966,0.4835094339622642,0.27426415094339623,0.3078113207547169,0.01055724,0.004535578888888889,0.014123973333333338,0.01746379708081168,0.005855892488430046,0.01860147383410466,0.5569056603773586,0.1992264150943396,0.43249056603773584,0.006694339622641432,0.09900691823899363,0.03589056603773583,30,53,0.6058128240659936,0.8660377358490559,70.81927710843374,83,75
1909,1909.0,0.5686666666666668,0.29796666666666666,0.3943333333333333,0.4801923076923077,0.27540384615384617,0.3065576923076923,0.009360155555555555,0.004540432222222222,0.01501008888888889,0.01721646301775148,0.005899663831360947,0.018875900517751478,0.5520769230769231,0.20292307692307693,0.4228461538461538,0.016589743589743633,0.09504358974358973,0.028512820512820503,30,52,0.5916883080651781,0.8886538461538456,71.13414634146342,82,75
1910,1910.0,0.56225,0.298125,0.37146875,0.48921568627450984,0.2740980392156863,0.3160392156862746,0.009447187499999999,0.004176671875,0.020448499023437504,0.016901071126489815,0.00591883352556709,0.01840866512879662,0.5617450980392157,0.20058823529411762,0.44588235294117645,0.000504901960784343,0.09753676470588235,0.07441360294117644,32,51,0.5683845200774928,0.7984313725490192,70.13253012048193,83,80
1911,1911.0,0.56225,0.298125,0.37146875,0.48921568627450984,0.2740980392156863,0.3160392156862746,0.009447187499999999,0.004176671875,0.020448499023437504,0.016901071126489815,0.00591883352556709,0.01840866512879662,0.5617450980392157,0.20058823529411762,0.44588235294117645,0.000504901960784343,0.09753676470588235,0.07441360294117644,32,51,0.5446998129206246,0.8270588235294111,71.13253012048193,83,79
1912,1912.0,0.56225,0.298125,0.37146875,0.49004,0.27446,0.31736000000000003,0.009447187499999999,0.004176671875,0.020448499023437504,0.0172044384,0.0060305284,0.0186878704,0.5623400000000001,0.19982,0.44961999999999996,9.00000000000345e-05,0.09830499999999998,0.07815124999999995,32,50,0.5202644418293632,0.8699999999999993,71.52439024390245,82,76
1913,1913.0,0.5594333333333332,0.2931666666666667,0.3641,0.4915294117647058,0.27631372549019606,0.3192156862745098,0.009947245555555557,0.003748938888888889,0.020918890000000006,0.01697801384083045,0.006084097654748173,0.018493620146097654,0.5678039215686275,0.19727450980392155,0.4601372549019608,0.00837058823529424,0.09589215686274513,0.0960372549019608,30,51,0.5777168434461496,0.8656862745098032,71.81481481481481,81,74
1914,1914.0,0.5547333333333332,0.28823333333333334,0.35660000000000003,0.49198113207547167,0.2754528301886793,0.31632075471698107,0.009548528888888887,0.003982778888888888,0.020136639999999997,0.0185759807760769,0.005900889284442862,0.018433991456034176,0.5633584905660377,0.19598113207547171,0.47215094339622643,0.008625157232704517,0.09225220125786163,0.1155509433962264,30,53,0.5657145637677171,0.8050943396226409,71.3132530120482,83,78
1915,1915.0,0.5540645161290322,0.28945161290322585,0.34896774193548386,0.4954444444444445,0.2806296296296297,0.3180555555555556,0.011305544224765868,0.004464763787721124,0.02002170863683663,0.016994543209876544,0.005753899862825789,0.01976427469135802,0.5610185185185185,0.1938148148148148,0.47251851851851856,0.006954002389486291,0.09563679808841105,0.1235507765830347,31,54,0.5960839582148029,0.7844444444444441,72.11764705882354,85,74
1916,1916.0,0.55625,0.2864375,0.35290625,0.4962280701754386,0.28624561403508775,0.3169122807017543,0.0111003125,0.004606871093749999,0.0198768974609375,0.01701519359803017,0.005773834410587873,0.020061658971991376,0.5557017543859648,0.19335087719298247,0.48119298245614034,0.0005482456140352143,0.09308662280701754,0.12828673245614036,32,57,0.5433987884920624,0.756666666666666,72.30337078651685,89,75
1917,1917.0,0.54371875,0.27965625,0.336375,0.4962280701754386,0.28624561403508775,0.3169122807017543,0.0114623271484375,0.0047792880859375,0.019792671875,0.01701519359803017,0.005773834410587873,0.020061658971991376,0.5557017543859648,0.19335087719298247,0.48119298245614034,0.01198300438596478,0.08630537280701753,0.14481798245614036,32,57,0.5511160430642135,0.7798245614035082,73.01123595505618,89,72
1918,1918.0,0.54371875,0.27965625,0.336375,0.49596428571428575,0.2879821428571429,0.31683928571428577,0.0114623271484375,0.0047792880859375,0.019792671875,0.017315070153061225,0.005705053252551021,0.020419599170918366,0.5495,0.19412499999999996,0.47278571428571425,0.00578124999999996,0.08553125000000003,0.13641071428571427,32,56,0.5125804023764405,0.8412499999999994,73.5909090909091,88,67
1919,1919.0,0.5375624999999999,0.27559374999999997,0.32546875,0.4976727272727273,0.2894727272727272,0.31652727272727266,0.012116746093749999,0.004720991210937499,0.018953124023437497,0.017466438347107437,0.005684358347107437,0.02078541289256198,0.556690909090909,0.19543636363636366,0.47700000000000004,0.01912840909090907,0.08015738636363631,0.15153125000000006,32,55,0.5044472339992262,0.8572727272727265,72.83908045977012,87,66
1920,1920.0,0.538878787878788,0.2805151515151515,0.3393030303030303,0.5046346153846154,0.286576923076923,0.324576923076923,0.011881258034894397,0.005146795224977043,0.01908572635445363,0.01749103957100592,0.005522167159763313,0.02079339792899408,0.5607307692307691,0.19261538461538466,0.4948461538461539,0.021851981351981187,0.08789976689976683,0.1555431235431236,33,52,0.48008515072239344,0.8380769230769224,70.67058823529412,85,68
1921,1921.0,0.52609375,0.2826875,0.32978125,0.5103584905660378,0.29056603773584905,0.32958490566037735,0.012659959960937498,0.0049097148437499995,0.0192787333984375,0.01843268280526878,0.00575639658241367,0.021245110715557142,0.5642830188679244,0.19009433962264152,0.5004716981132076,0.0381892688679244,0.09259316037735846,0.17069044811320755,32,53,0.4849745098153675,0.8513207547169805,69.63529411764706,85,64
1922,1922.0,0.5354193548387096,0.2802258064516129,0.340741935483871,0.5103584905660378,0.29056603773584905,0.32958490566037735,0.010936759625390216,0.004873658688865764,0.019518449531737772,0.01843268280526878,0.00575639658241367,0.021245110715557142,0.5642830188679244,0.19009433962264152,0.5004716981132076,0.02886366402921481,0.09013146682897136,0.15972976262933658,31,53,0.5413475820890663,0.8320754716981127,69.58333333333333,84,64
1923,1923.0,0.5332812499999999,0.2940625,0.35034375000000006,0.5097407407407408,0.28687037037037033,0.3289814814814815,0.011064577148437501,0.006591183593749999,0.0226751630859375,0.018111562414266116,0.006373668381344308,0.02087098113854595,0.5634259259259259,0.18874074074074076,0.4947592592592593,0.030144675925925957,0.10532175925925924,0.14441550925925922,32,54,0.5968540687817308,0.8631481481481477,69.09302325581395,86,53
1924,1924.0,0.5291515151515153,0.2906666666666667,0.347060606060606,0.5063454545454547,0.2868181818181818,0.3261818181818182,0.011702310376492194,0.006723191919191919,0.022859935720844816,0.018404771570247933,0.006257930578512396,0.02091476694214876,0.5553818181818181,0.18930909090909095,0.49138181818181825,0.026230303030302826,0.10135757575757573,0.14432121212121224,33,55,0.5647353819113694,0.8679999999999992,69.3409090909091,88,51
1925,1925.0,0.53428125,0.289875,0.35275,0.5073148148148149,0.2874259259259259,0.32583333333333336,0.011199639648437499,0.006912609375,0.022506125000000005,0.018693919410150892,0.0063535037722908085,0.021295398148148143,0.5520185185185185,0.18662962962962973,0.497425925925926,0.017737268518518423,0.10324537037037027,0.14467592592592599,32,54,0.5267063998891686,0.9357407407407401,70.30232558139535,86,48
1926,1926.0,0.53428125,0.289875,0.35275,0.5076111111111111,0.287962962962963,0.3280740740740741,0.011199639648437499,0.006912609375,0.022506125000000005,0.018748756172839505,0.006287776406035664,0.021665327846364883,0.5565555555555556,0.18212962962962967,0.49925925925925935,0.02227430555555554,0.10774537037037032,0.14650925925925934,32,54,0.46771315116701734,0.9359259259259254,70.46511627906976,86,49
1927,1927.0,0.529029411764706,0.2939411764705882,0.3391176470588236,0.5013018867924529,0.2883962264150943,0.32369811320754716,0.011054205017301037,0.006889643598615916,0.024346809688581314,0.0192919466002136,0.006226692061231755,0.021394625845496625,0.5386981132075472,0.18547169811320754,0.4816603773584906,0.009668701442841265,0.10846947835738066,0.14254273029966702,34,53,0.4699716728892856,0.8811320754716974,70.0,87,51
1928,1928.0,0.525235294117647,0.2924411764705882,0.3343529411764706,0.4931372549019608,0.29374509803921567,0.31800000000000006,0.01106659169550173,0.006876717128027681,0.02522099307958478,0.01945490272971934,0.006121523260284505,0.02337466666666666,0.5200588235294118,0.18919607843137254,0.44362745098039225,0.005176470588235227,0.10324509803921567,0.10927450980392167,34,51,0.5069154681331824,0.8921568627450975,69.07058823529412,85,44
1929,1929.0,0.5299090909090909,0.29303030303030303,0.3401818181818182,0.49072000000000005,0.29175999999999996,0.31492,0.010659234159779615,0.007073302112029384,0.024830088154269972,0.0195460016,0.0060429824,0.0233583536,0.5225000000000001,0.18721999999999997,0.44086000000000003,0.00740909090909081,0.10581030303030306,0.10067818181818183,33,50,0.48312680589830087,0.9093999999999994,69.4578313253012,83,45
1930,1930.0,0.523,0.29393749999999996,0.33265625,0.49072000000000005,0.29175999999999996,0.31492,0.0110878125,0.00736705859375,0.0265178505859375,0.0195460016,0.0060429824,0.0233583536,0.5225000000000001,0.18721999999999997,0.44086000000000003,0.0004999999999999449,0.10671749999999999,0.10820375000000004,32,50,0.4672112597525128,0.9153999999999992,69.6829268292683,82,45
1931,1931.0,0.5139677419354839,0.2958709677419355,0.32448387096774195,0.49408163265306126,0.29097959183673466,0.3146938775510204,0.013678482830385015,0.007117402705515089,0.02617708844953174,0.01938627905039567,0.006024428154935445,0.023900743023740106,0.5294897959183673,0.19251020408163266,0.43787755102040815,0.015522053982883421,0.10336076366030283,0.1133936800526662,31,49,0.5270301266433784,0.9073469387755093,70.1125,80,42
1932,1932.0,0.5103000000000001,0.2993,0.3194666666666667,0.5035625,0.287375,0.31397916666666664,0.013717409999999998,0.006990143333333334,0.026269315555555554,0.020609079427083333,0.0057724010416666666,0.02079231206597222,0.535875,0.17422916666666666,0.4652083333333333,0.025574999999999903,0.12507083333333335,0.1457416666666666,30,48,0.5305684848590831,0.8685416666666658,68.78205128205128,78,44
1933,1933.0,0.49349999999999994,0.3011,0.3196666666666667,0.5007608695652174,0.2861521739130435,0.31376086956521737,0.014215383333333333,0.006308956666666667,0.02783522222222222,0.020161573251417774,0.005923042060491493,0.02143066020793951,0.5416086956521741,0.17602173913043478,0.462804347826087,0.04810869565217413,0.1250782608695652,0.14313768115942027,30,46,0.5452796729970669,0.8199999999999994,68.32894736842105,76,50
1934,1934.0,0.49083870967741927,0.30332258064516127,0.31432258064516133,0.5035744680851064,0.28608510638297874,0.31648936170212766,0.013969296566077004,0.006253637877211237,0.02779408949011446,0.020096755092802173,0.005797226799456767,0.021317143503847894,0.5511063829787235,0.17419148936170212,0.4742340425531915,0.060267673301304225,0.12913109128345915,0.15991146190803018,31,47,0.5258683011769093,0.8048936170212759,69.44871794871794,78,51
1935,1935.0,0.49665625,0.3020625,0.319875,0.5120425531914894,0.28682978723404257,0.3231276595744681,0.014581913085937502,0.00610743359375,0.027881234374999998,0.021675062019013133,0.005850907197827072,0.022249047532820282,0.5586595744680851,0.17606382978723406,0.48519148936170214,0.0620033244680851,0.12599867021276595,0.16531648936170212,32,47,0.5216863568871182,0.805744680851063,69.35443037974683,79,50
1936,1936.0,0.5004516129032258,0.3042903225806451,0.32025806451612904,0.50975,0.28583333333333333,0.32197916666666665,0.014591344432882415,0.006145625390218522,0.028775933402705515,0.021470520833333336,0.005775680555555556,0.021847520399305553,0.5532499999999999,0.17352083333333335,0.4777708333333333,0.05279838709677409,0.13076948924731174,0.15751276881720427,31,48,0.5110464539545532,0.8154166666666658,70.30379746835443,79,50
1937,1937.0,0.49706666666666666,0.30673333333333325,0.31210000000000004,0.5053469387755103,0.2866530612244898,0.32002040816326527,0.014797728888888891,0.005466395555555556,0.028374290000000007,0.02196292044981258,0.0056900633069554354,0.021585815910037488,0.5490204081632652,0.17500000000000002,0.4718979591836735,0.05195374149659859,0.13173333333333323,0.15979795918367345,30,49,0.4776215176445414,0.7891836734693871,69.50632911392405,79,52
1938,1938.0,0.49696551724137933,0.299448275862069,0.3250689655172414,0.5055306122448979,0.2861020408163265,0.32316326530612244,0.015071826397146252,0.005737350772889418,0.026326340071343636,0.02191335110370679,0.005722989587671803,0.021041524364847984,0.5401836734693878,0.1752857142857143,0.47500000000000003,0.04321815622800845,0.12416256157635472,0.14993103448275863,29,49,0.5112963450481482,0.7914285714285707,69.35897435897436,78,50
1939,1939.0,0.4907142857142857,0.3013571428571429,0.32128571428571423,0.5051020408163265,0.28632653061224494,0.32218367346938775,0.014368775510204088,0.006069729591836734,0.025914061224489797,0.022014336526447312,0.005696628071636818,0.021172149937526034,0.5333265306122449,0.17575510204081632,0.4777346938775511,0.04261224489795917,0.12560204081632656,0.15644897959183685,28,49,0.49341554521969816,0.7738775510204075,69.33766233766234,77,52
1940,1940.0,0.4907142857142857,0.3013571428571429,0.32128571428571423,0.5004897959183674,0.2861632653061225,0.3205918367346939,0.014368775510204088,0.006069729591836734,0.025914061224489797,0.022741188671386928,0.005690830487296961,0.02197885381091212,0.5383877551020408,0.17338775510204082,0.47187755102040824,0.04767346938775513,0.12796938775510205,0.150591836734694,28,49,0.4702811635730744,0.8169387755102033,69.11688311688312,77,50
1941,1941.0,0.48953571428571435,0.30242857142857144,0.32164285714285706,0.5010833333333333,0.28558333333333336,0.3198541666666666,0.014014320153061225,0.00612995918367347,0.026053729591836734,0.022185743055555558,0.005769159722222222,0.02173887456597222,0.5413125,0.17700000000000002,0.46741666666666665,0.05177678571428562,0.12542857142857142,0.14577380952380958,28,48,0.4381609219542791,0.8349999999999991,69.53947368421052,76,53
1942,1942.0,0.4982592592592593,0.30162962962962964,0.3244444444444444,0.4955,0.2884583333333333,0.31204166666666666,0.012402562414266119,0.006339122085048011,0.026798913580246914,0.021573625000000003,0.005815039930555555,0.02113599826388889,0.52625,0.18112499999999998,0.45147916666666665,0.027990740740740705,0.12050462962962966,0.12703472222222223,27,48,0.4210076433111497,0.820416666666666,68.86666666666666,75,56
1943,1943.0,0.5128148148148148,0.29974074074074075,0.33259259259259255,0.4955,0.2884583333333333,0.31204166666666666,0.010829484224965706,0.00631715500685871,0.027295648834019207,0.021573625000000003,0.005815039930555555,0.02113599826388889,0.52625,0.18112499999999998,0.45147916666666665,0.013435185185185161,0.11861574074074077,0.1188865740740741,27,48,0.4505952682391485,0.7970833333333326,69.21333333333334,75,58
1944,1944.0,0.51876,0.29835999999999996,0.3512799999999999,0.49330434782608695,0.2882391304347827,0.30582608695652164,0.0112018624,0.0065276703999999994,0.0244863616,0.02051486389413989,0.00568661672967864,0.02077557844990548,0.5319782608695653,0.17871739130434783,0.44784782608695656,0.013218260869565346,0.11964260869565213,0.09656782608695663,25,46,0.4700498977719033,0.8491304347826079,68.83098591549296,71,57
1945,1945.0,0.5318636363636363,0.30377272727272725,0.3654090909090909,0.4987708333333334,0.29285416666666664,0.31802083333333336,0.009126026859504133,0.006956448347107438,0.024577787190082648,0.020816218315972225,0.0055532078993055555,0.023628728732638885,0.5520625,0.18235416666666668,0.4698333333333333,0.020198863636363695,0.12141856060606057,0.10442424242424242,22,48,0.4957680530313709,0.8097916666666659,67.42857142857143,70,57
1946,1946.0,0.5501818181818182,0.3145454545454545,0.3782727272727273,0.4987708333333334,0.29285416666666664,0.31802083333333336,0.009399966942148761,0.006877611570247933,0.026086925619834708,0.020816218315972225,0.0055532078993055555,0.023628728732638885,0.5520625,0.18235416666666668,0.4698333333333333,0.0018806818181817953,0.13219128787878784,0.09156060606060601,22,48,0.49783228306117827,0.8281249999999992,68.14285714285714,70,57
1947,1947.0,0.5549565217391305,0.3147391304347826,0.38330434782608697,0.4966382978723403,0.29072340425531923,0.31548936170212766,0.009492824196597355,0.006579410207939508,0.025509689981096408,0.021040826618379357,0.005453434133091896,0.023823866908103217,0.5488085106382978,0.18355319148936172,0.4635957446808511,0.006148011100832629,0.13118593894542085,0.08029139685476411,23,47,0.5626850307710162,0.816170212765957,68.4,70,57
1948,1948.0,0.5571666666666667,0.30979166666666663,0.3875416666666667,0.4970217391304346,0.28895652173913045,0.31856521739130433,0.00920963888888889,0.006868248263888888,0.024859748263888887,0.02149132561436673,0.005425258979206049,0.023897115311909266,0.5504565217391304,0.1811304347826087,0.4736739130434783,0.006710144927536299,0.12866123188405792,0.0861322463768116,24,46,0.6232473627553801,0.8630434782608687,69.11428571428571,70,49
1949,1949.0,0.56004,0.30604,0.39116,0.5032666666666666,0.2928888888888889,0.33482222222222224,0.009039398399999999,0.0069313184,0.0241795744,0.02161277333333334,0.006109343209876544,0.025920812839506174,0.556911111111111,0.18124444444444443,0.4927555555555556,0.0031288888888889588,0.12479555555555555,0.1015955555555556,25,45,0.5873464637859119,0.832666666666666,68.72857142857143,70,54
1950,1950.0,0.56225,0.3016666666666667,0.384625,0.505125,0.29360416666666667,0.33889583333333334,0.0092939375,0.006741972222222222,0.024119401041666665,0.020839567708333336,0.005758905815972222,0.025031968315972222,0.5499999999999999,0.18254166666666669,0.4974166666666666,0.012250000000000094,0.11912500000000001,0.11279166666666662,24,48,0.5679390725670369,0.8149999999999994,67.94444444444444,72,54
1951,1951.0,0.5616666666666666,0.2994583333333333,0.38391666666666663,0.506127659574468,0.2907659574468085,0.336595744680851,0.009229722222222222,0.006662748263888889,0.023936326388888887,0.020200664554096876,0.0057381792666364876,0.02515479402444545,0.5376170212765957,0.1764468085106383,0.4833404255319149,0.02404964539007093,0.12301152482269503,0.09942375886524829,24,47,0.5329901142628785,0.8153191489361696,67.02816901408451,71,52
1952,1952.0,0.561695652173913,0.29586956521739133,0.37521739130434784,0.506127659574468,0.2907659574468085,0.336595744680851,0.009630994328922494,0.006643330812854442,0.02316077882797732,0.020200664554096876,0.0057381792666364876,0.02515479402444545,0.5376170212765957,0.1764468085106383,0.4833404255319149,0.02407863089731732,0.11942275670675304,0.10812303422756708,23,47,0.5225733964568533,0.8285106382978719,68.31428571428572,70,54
1953,1953.0,0.5545833333333333,0.30112500000000003,0.3741666666666667,0.506127659574468,0.2907659574468085,0.336595744680851,0.009701076388888891,0.006593276041666665,0.023858305555555553,0.020200664554096876,0.0057381792666364876,0.02515479402444545,0.5376170212765957,0.1764468085106383,0.4833404255319149,0.016966312056737598,0.12467819148936174,0.10917375886524822,24,47,0.5467542471792524,0.8402127659574461,67.12676056338029,71,52
1954,1954.0,0.5502307692307692,0.29334615384615387,0.3686923076923077,0.5051333333333333,0.28879999999999995,0.3391333333333333,0.009477869822485208,0.007477534023668639,0.022978366863905326,0.020294960000000004,0.005897937777777778,0.024316915555555558,0.5368222222222221,0.1784888888888889,0.47922222222222227,0.0134085470085471,0.11485726495726498,0.11052991452991456,26,45,0.5078365009352825,0.8051111111111102,66.22535211267606,71,58
1955,1955.0,0.5552142857142857,0.29150000000000004,0.3713214285714286,0.5103863636363636,0.28590909090909095,0.34495454545454546,0.010523739795918367,0.00824175,0.022551932397959187,0.019439373450413227,0.006036991735537191,0.024786725206611567,0.5515227272727272,0.18470454545454548,0.47688636363636366,0.00369155844155844,0.10679545454545455,0.10556493506493508,28,44,0.5492934862786398,0.7568181818181814,64.875,72,57
1956,1956.0,0.5456666666666666,0.28985185185185186,0.3718888888888889,0.5079555555555555,0.2855777777777778,0.3430888888888889,0.010567333333333331,0.008757533607681755,0.021665580246913584,0.01926737580246914,0.005907666172839508,0.024389058765432094,0.5434888888888889,0.18455555555555558,0.47102222222222223,0.002177777777777723,0.10529629629629628,0.09913333333333335,27,45,0.552921391070429,0.7442222222222217,63.263888888888886,72,57
1957,1957.0,0.5543461538461538,0.2876923076923077,0.3784999999999999,0.5079555555555555,0.2855777777777778,0.3430888888888889,0.009338534023668639,0.009888136094674555,0.021115711538461538,0.01926737580246914,0.005907666172839508,0.024389058765432094,0.5434888888888889,0.18455555555555558,0.47102222222222223,0.010857264957264912,0.10313675213675211,0.09252222222222234,26,45,0.5320046249790893,0.7442222222222218,63.46478873239437,71,59
1958,1958.0,0.5543461538461538,0.2876923076923077,0.3784999999999999,0.5079555555555555,0.2855777777777778,0.3430888888888889,0.009338534023668639,0.009888136094674555,0.021115711538461538,0.01926737580246914,0.005907666172839508,0.024389058765432094,0.5434888888888889,0.18455555555555558,0.47102222222222223,0.010857264957264912,0.10313675213675211,0.09252222222222234,26,45,0.5156098779586805,0.8264444444444439,64.46478873239437,71,54
1959,1959.0,0.553076923076923,0.29407692307692307,0.39211538461538464,0.5031111111111112,0.28940000000000005,0.3453333333333333,0.008707455621301775,0.010610994082840237,0.02257679437869823,0.018584632098765434,0.007203484444444445,0.025611333333333333,0.5406000000000001,0.18795555555555557,0.47279999999999994,0.012476923076922941,0.1061213675213675,0.0806846153846153,26,45,0.5620540146411911,0.8548888888888883,62.40845070422535,71,50
1960,1960.0,0.5452173913043478,0.2876521739130435,0.39365217391304347,0.5076590909090909,0.29177272727272724,0.34602272727272726,0.007722344045368621,0.011202400756143666,0.018877444234404538,0.018076224690082646,0.0071138574380165305,0.026172022210743804,0.5467500000000002,0.19004545454545455,0.4786136363636363,0.0015326086956524154,0.09760671936758894,0.08496146245059283,23,44,0.5345677450687539,0.895454545454545,61.80597014925373,67,50
1961,1961.0,0.5402,0.29096000000000005,0.38976,0.5076590909090909,0.29177272727272724,0.34602272727272726,0.00869456,0.0105731584,0.0194883424,0.018076224690082646,0.0071138574380165305,0.026172022210743804,0.5467500000000002,0.19004545454545455,0.4786136363636363,0.006550000000000167,0.1009145454545455,0.0888536363636363,25,44,0.557336730542019,0.8918181818181812,62.333333333333336,69,49
1962,1962.0,0.5524,0.28696,0.40116,0.5062954545454544,0.29070454545454544,0.3351818181818182,0.009114240000000001,0.010324838400000001,0.017232054400000002,0.019694889979338846,0.006945117252066116,0.026339966942148765,0.5363636363636363,0.18504545454545457,0.47693181818181807,0.016036363636363737,0.10191454545454542,0.07577181818181805,25,44,0.5162368976463069,0.8672727272727269,58.927536231884055,69,48
1963,1963.0,0.5551153846153846,0.28423076923076923,0.4051153846153846,0.5041333333333332,0.28988888888888886,0.33457777777777775,0.008948025147928994,0.010113946745562128,0.016960409763313613,0.019462915555555557,0.006820054320987654,0.025770688395061737,0.5326888888888888,0.18640000000000004,0.4686888888888888,0.0224264957264958,0.0978307692307692,0.06357350427350422,26,45,0.4838766894192077,0.8411111111111108,59.056338028169016,71,51
1964,1964.0,0.5551153846153846,0.28423076923076923,0.4051153846153846,0.5013555555555556,0.29473333333333335,0.3429111111111111,0.008948025147928994,0.010113946745562128,0.016960409763313613,0.018701606913580245,0.0070821066666666675,0.02625341432098765,0.5344444444444444,0.1890444444444444,0.4679333333333333,0.020670940170940177,0.09518632478632483,0.06281794871794871,26,45,0.43650256159442574,0.8477777777777776,58.690140845070424,71,53
1965,1965.0,0.5528799999999999,0.2804,0.39964,0.49879999999999997,0.29448888888888886,0.3452,0.009176025599999998,0.010136960000000002,0.0168593504,0.018213893333333335,0.0070479387654321,0.02715727111111111,0.5207333333333334,0.18988888888888888,0.4630666666666667,0.032146666666666546,0.0905111111111111,0.06342666666666669,25,45,0.47228679757367376,0.8557777777777774,58.785714285714285,70,52
1966,1966.0,0.5523103448275862,0.2908620689655172,0.40527586206896554,0.496125,0.2952916666666667,0.3447291666666667,0.008704351961950059,0.011324670630202142,0.018054406658739593,0.018726859375000002,0.007989456597222224,0.027359530815972227,0.5196458333333333,0.18966666666666665,0.45683333333333337,0.03266451149425298,0.10119540229885055,0.05155747126436783,29,48,0.492533072701446,0.7574999999999995,57.37662337662338,77,53
1967,1967.0,0.5523103448275862,0.2908620689655172,0.40527586206896554,0.49976595744680863,0.29557446808510646,0.34757446808510645,0.008704351961950059,0.011324670630202142,0.018054406658739593,0.018659200543232234,0.00813977636939792,0.027351095518334097,0.5319148936170214,0.19448936170212763,0.45699999999999996,0.020395451210564852,0.09637270726338956,0.05172413793103442,29,47,0.44951790367062505,0.7989361702127656,57.76315789473684,76,53
1968,1968.0,0.5469285714285714,0.30250000000000005,0.4118214285714286,0.5041304347826088,0.2946304347826087,0.3476521739130435,0.008614494897959183,0.01139189285714286,0.02074014668367347,0.01816954820415879,0.00827484168241966,0.027945400756143674,0.5360652173913044,0.1933043478260869,0.4627173913043478,0.010863354037267015,0.10919565217391314,0.05089596273291919,28,46,0.4894077227387895,0.8102173913043474,57.78378378378378,74,51
1969,1969.0,0.5422666666666667,0.2976,0.39740000000000003,0.505125,0.295375,0.3483125,0.008517862222222223,0.011103573333333335,0.02259117333333333,0.017627901041666668,0.008874067708333334,0.027891298177083333,0.5389583333333333,0.18704166666666666,0.472625,0.0033083333333333576,0.11055833333333331,0.07522499999999999,30,48,0.5252768437677833,0.7881249999999995,57.756410256410255,78,47
1970,1970.0,0.5361333333333334,0.30233333333333334,0.3860333333333333,0.5103877551020409,0.29283673469387755,0.3497755102040817,0.00880244888888889,0.010791488888888888,0.024346565555555557,0.018597584339858392,0.009002218242399001,0.027424827155351942,0.546265306122449,0.1852857142857143,0.48138775510204085,0.010131972789115595,0.11704761904761904,0.09535442176870756,30,49,0.5064417801050328,0.7726530612244894,57.734177215189874,79,49
1971,1971.0,0.5325806451612902,0.30116129032258065,0.3830645161290322,0.5078333333333332,0.29304166666666664,0.34785416666666674,0.008897146722164411,0.010484586888657652,0.0238256087408949,0.018665305555555557,0.009187706597222223,0.02781529123263889,0.5370625,0.18727083333333336,0.47058333333333335,0.004481854838709776,0.1138904569892473,0.08751881720430116,31,48,0.49193917496948314,0.7887499999999994,58.075949367088604,79,46
1972,1972.0,0.5388125,0.300125,0.39515625,0.5084893617021279,0.29734042553191486,0.348936170212766,0.00996121484375,0.010465359375,0.0260291943359375,0.019041781801720236,0.008496181982797646,0.028350910819375286,0.5374680851063829,0.18876595744680852,0.47651063829787244,0.0013444148936171407,0.11135904255319146,0.08135438829787245,32,47,0.49913442081332177,0.7989361702127653,58.607594936708864,79,46
1973,1973.0,0.539,0.3032903225806451,0.4014838709677419,0.5084893617021279,0.29734042553191486,0.348936170212766,0.010281419354838712,0.01048233506763788,0.025587604578564002,0.019041781801720236,0.008496181982797646,0.028350910819375286,0.5374680851063829,0.18876595744680852,0.47651063829787244,0.0015319148936171478,0.11452436513383657,0.07502676733013053,31,47,0.47562963353041965,0.8546808510638291,59.717948717948715,78,44
1974,1974.0,0.53915625,0.3116875,0.40928125,0.5118571428571429,0.2940816326530612,0.3484081632653061,0.009960881835937501,0.012340652343750001,0.026672764648437503,0.019868285714285713,0.008399054560599752,0.028508078300708034,0.5446938775510204,0.18608163265306124,0.48381632653061224,0.005537627551020385,0.12560586734693877,0.07453507653061225,32,49,0.4356176603998422,0.8344897959183669,60.641975308641975,81,45
1975,1975.0,0.5343548387096775,0.3052258064516129,0.4071935483870968,0.50886,0.29577999999999993,0.34378,0.009674551508844954,0.013151271592091568,0.02726499479708637,0.0199110804,0.0083724116,0.028987491599999998,0.54352,0.18902000000000002,0.4788,0.009165161290322521,0.11620580645161288,0.07160645161290319,31,50,0.46057461520774745,0.8475999999999995,61.148148148148145,81,42
1976,1976.0,0.5260625000000001,0.30312500000000003,0.39921875,0.5110980392156863,0.2972745098039215,0.3460588235294118,0.01150387109375,0.012877109375000001,0.0283844833984375,0.019771108035371014,0.008319924644367553,0.028678761245674738,0.5456274509803921,0.1865686274509804,0.4836078431372549,0.019564950980392015,0.11655637254901963,0.0843890931372549,32,51,0.4256733141295488,0.8496078431372546,62.01204819277108,83,42
1977,1977.0,0.5270312500000001,0.30721875,0.39656250000000004,0.5033529411764706,0.2953921568627451,0.3355490196078432,0.011381717773437501,0.0124786083984375,0.02913562109375,0.01903881660899654,0.00812165013456363,0.028422404459823147,0.5478627450980392,0.1865686274509804,0.46872549019607845,0.020831495098039166,0.12065012254901958,0.07216299019607841,32,51,0.4351009652606053,0.8484313725490191,63.0722891566265,83,42
1978,1978.0,0.5276969696969698,0.3069393939393939,0.39215151515151514,0.5037400000000001,0.29946,0.33512000000000003,0.011694635445362719,0.011117269054178145,0.02980594674012856,0.0194119524,0.0074401684,0.028981465600000006,0.54838,0.18652000000000002,0.47416,0.020683030303030203,0.12041939393939388,0.08200848484848489,33,50,0.42746026184651364,0.8371999999999996,63.33734939759036,83,43
1979,1979.0,0.5289411764705882,0.314,0.3941470588235294,0.5025490196078432,0.299,0.33903921568627454,0.011635996539792387,0.01063,0.03011183131487889,0.01910224759707805,0.007304862745098041,0.029181214148404463,0.5417843137254902,0.18478431372549023,0.470529411764706,0.012843137254901937,0.12921568627450977,0.07638235294117657,34,51,0.4695010582004735,0.8217647058823525,62.470588235294116,85,39
1980,1980.0,0.5337500000000001,0.31565624999999997,0.40071875,0.50308,0.30025999999999997,0.33872,0.011967875000000001,0.0108723505859375,0.031191577148437503,0.0194699136,0.0073699924000000016,0.0297596416,0.54766,0.18512,0.47536,0.013909999999999978,0.13053624999999996,0.07464124999999999,32,50,0.4426150439325235,0.8031999999999994,63.548780487804876,82,45
1981,1981.0,0.528,0.3103030303030303,0.3807272727272727,0.50308,0.30025999999999997,0.33872,0.013619878787878787,0.009689483930211204,0.031960077134986234,0.0194699136,0.0073699924000000016,0.0297596416,0.54766,0.18512,0.47536,0.01966000000000001,0.1251830303030303,0.09463272727272731,33,50,0.41855960740250686,0.7751999999999994,64.86746987951807,83,49
1982,1982.0,0.5130714285714285,0.31335714285714283,0.3620714285714285,0.49933333333333335,0.301078431372549,0.3364509803921568,0.0133907806122449,0.010852229591836736,0.032980352040816334,0.01979002614379085,0.007258974240676662,0.029433541714725106,0.5437058823529411,0.1857450980392157,0.4703333333333334,0.03063445378151264,0.12761204481792712,0.10826190476190489,28,51,0.48184865535609006,0.75313725490196,66.9620253164557,79,51
1983,1983.0,0.5025357142857143,0.31375000000000003,0.35307142857142854,0.5028039215686274,0.29898039215686273,0.33770588235294113,0.01306003443877551,0.010830187500000001,0.033062637755102035,0.01870325567089581,0.007269587850826606,0.029207462514417533,0.5430392156862744,0.18441176470588239,0.4735490196078432,0.04050350140056014,0.12933823529411764,0.12047759103641464,28,51,0.4713610059236181,0.7813725490196072,66.9493670886076,79,49
1984,1984.0,0.5021428571428571,0.3131071428571429,0.35353571428571423,0.5039807692307693,0.29851923076923076,0.33299999999999996,0.013180122448979592,0.010875738520408166,0.03291610586734694,0.018414211168639057,0.007140634245562131,0.029775192307692315,0.5458076923076922,0.1859038461538462,0.46446153846153854,0.0436648351648351,0.12720329670329672,0.1109258241758243,28,52,0.45644099086233797,0.8030769230769225,66.4375,80,47
1985,1985.0,0.5021428571428571,0.3131071428571429,0.35353571428571423,0.5056037735849057,0.29830188679245284,0.3353962264150943,0.013180122448979592,0.010875738520408166,0.03291610586734694,0.01820374866500534,0.0070083616945532225,0.029511975080099683,0.5429245283018868,0.18618867924528307,0.465245283018868,0.04078167115902964,0.12691846361185985,0.1117095687331538,28,53,0.4326989011759825,0.7892452830188672,67.71604938271605,81,49
1986,1986.0,0.5055,0.3088571428571429,0.34732142857142856,0.5036346153846153,0.30375,0.33551923076923085,0.013584178571428572,0.010106336734693877,0.030112575255102046,0.018441770340236686,0.007194225961538464,0.028820711168639063,0.5447115384615384,0.18825,0.4649038461538462,0.039211538461538464,0.12060714285714288,0.11758241758241766,28,52,0.4702133583217681,0.8453846153846147,67.0125,80,42
1987,1987.0,0.5045357142857142,0.3074642857142858,0.34410714285714283,0.4955399999999999,0.30732000000000004,0.33148000000000005,0.013560105867346938,0.010074748724489793,0.028760738520408165,0.0173458884,0.007074937600000001,0.029538449599999995,0.52914,0.19265999999999997,0.4454600000000001,0.024604285714285856,0.11480428571428583,0.10135285714285724,28,50,0.47730340015964084,0.8739999999999993,66.76923076923077,78,41
1988,1988.0,0.4991,0.3004666666666667,0.3352333333333333,0.4965306122448979,0.307734693877551,0.3346938775510204,0.013070023333333335,0.010090648888888887,0.02798744555555556,0.017650820491461893,0.007210725531028739,0.029624824656393167,0.5312653061224489,0.19408163265306122,0.4458163265306122,0.032165306122448944,0.1063850340136055,0.11058299319727888,30,49,0.4417889324005048,0.8638775510204074,68.82278481012658,79,45
1989,1989.0,0.4956206896551725,0.29786206896551726,0.33624137931034487,0.503531914893617,0.3068936170212766,0.34576595744680855,0.013157545778834724,0.010235084423305589,0.028922045184304402,0.01713952557718425,0.007213116342236307,0.028942392032593932,0.5399148936170213,0.1928723404255319,0.47740425531914904,0.0442942039618488,0.10498972853998537,0.14116287600880417,29,47,0.4039178923090677,0.9404255319148928,68.13157894736842,76,40
1990,1990.0,0.47552000000000005,0.29948,0.33128,0.5065106382978722,0.305,0.3551914893617022,0.0090949696,0.0101056896,0.025422361600000002,0.01670450520597556,0.007104978723404255,0.028716580353100943,0.5365531914893616,0.19157446808510636,0.48221276595744694,0.06103319148936159,0.10790553191489366,0.15093276595744692,25,47,0.4654803654086621,0.9408510638297864,69.04166666666667,72,39
1991,1991.0,0.4876538461538461,0.29811538461538467,0.34211538461538465,0.4982340425531914,0.3082765957446808,0.3546382978723404,0.007641918639053256,0.009752486686390532,0.026026025147928997,0.014105881394296067,0.00706390221819828,0.029380571299230416,0.5216382978723404,0.19836170212765963,0.4729574468085107,0.03398445171849429,0.09975368248772504,0.13084206219312605,26,47,0.4969886087003009,0.9314893617021269,69.43835616438356,73,37
1992,1992.0,0.49151724137931024,0.3043793103448276,0.34137931034482766,0.4979782608695652,0.3100652173913043,0.3562173913043479,0.008084387633769322,0.009856373365041618,0.02736961474435196,0.01440945604914934,0.007067104442344047,0.0299020831758034,0.5164347826086957,0.19456521739130436,0.4832391304347826,0.024917541229385443,0.10981409295352326,0.14185982008995496,29,46,0.5216796778505672,0.8836956521739124,69.8,75,39
1993,1993.0,0.4985666666666667,0.3068666666666667,0.32930000000000004,0.5010625000000001,0.3056666666666667,0.35408333333333336,0.009346178888888886,0.009676848888888888,0.02694127666666667,0.01454122526041667,0.007332472222222223,0.030329076388888893,0.5104166666666666,0.19066666666666668,0.47989583333333335,0.011849999999999916,0.1162,0.15059583333333332,30,48,0.5066738803911659,0.8377083333333325,70.98717948717949,78,41
1994,1994.0,0.49523333333333336,0.29523333333333335,0.31636666666666663,0.5000208333333334,0.3065833333333334,0.35581250000000003,0.009365512222222223,0.007432778888888889,0.02347083222222222,0.014627770399305554,0.007359743055555558,0.030002444010416667,0.509,0.1879375,0.4883125,0.01376666666666665,0.10729583333333334,0.17194583333333335,30,48,0.48827958577243,0.8252083333333324,70.65384615384616,78,42
1995,1995.0,0.49996551724137933,0.3013448275862069,0.3356896551724138,0.50094,0.30506,0.3599,0.009899205707491083,0.007870708680142688,0.026849869203329373,0.0145919364,0.0078339364,0.02931997,0.5078,0.18266000000000002,0.4886,0.007834482758620698,0.11868482758620688,0.1529103448275862,29,50,0.4827420082143945,0.8257999999999993,69.72151898734177,79,40
1996,1996.0,0.5082857142857143,0.3023571428571429,0.3417857142857143,0.5036078431372548,0.3024705882352941,0.3579019607843138,0.008245204081632651,0.008122086734693877,0.02673109693877551,0.014876395232602846,0.008480994232987314,0.029215264898116114,0.511470588235294,0.18245098039215685,0.498156862745098,0.0031848739495796696,0.11990616246498603,0.1563711484593837,28,51,0.5059469343851829,0.8552941176470581,70.45569620253164,79,35
1997,1997.0,0.5082857142857143,0.3023571428571429,0.3417857142857143,0.5036078431372548,0.3024705882352941,0.3579019607843138,0.008245204081632651,0.008122086734693877,0.02673109693877551,0.014876395232602846,0.008480994232987314,0.029215264898116114,0.511470588235294,0.18245098039215685,0.498156862745098,0.0031848739495796696,0.11990616246498603,0.1563711484593837,28,51,0.4877512308012487,0.8484313725490188,71.45569620253164,79,37
1998,1998.0,0.5066551724137931,0.293896551724138,0.33899999999999997,0.507673076923077,0.2999038461538462,0.36275,0.008037950059453031,0.008511127229488703,0.025921103448275865,0.015228912352071007,0.008340394600591718,0.029663610576923072,0.5111923076923077,0.18290384615384614,0.5020576923076923,0.004537135278514626,0.11099270557029184,0.1630576923076923,29,52,0.4752321458760298,0.7803846153846148,70.55555555555556,81,40
1999,1999.0,0.5072857142857143,0.28724999999999995,0.35014285714285714,0.5066153846153847,0.2934038461538462,0.36523076923076925,0.008094918367346939,0.009962544642857143,0.02409790816326531,0.012987582840236685,0.0093710099852071,0.029404677514792903,0.5207692307692308,0.18090384615384617,0.5098076923076923,0.013483516483516422,0.10634615384615378,0.15966483516483515,28,52,0.46219365134345297,0.7526923076923071,69.975,80,44
2000,2000.0,0.5068333333333334,0.2899666666666666,0.3362,0.502173076923077,0.29148076923076927,0.3648653846153846,0.0075685388888888875,0.009402298888888888,0.025269093333333333,0.012212066198224856,0.009558288091715978,0.030191001109467454,0.5158076923076924,0.18503846153846154,0.5045576923076923,0.008974358974359053,0.10492820512820505,0.16835769230769232,30,52,0.4511452380936241,0.7307692307692302,68.98780487804878,82,44
